medicaid_only,POVPIP,PINCP,OCCP_2digit,PERNP,WAGP,INDP_2digit,ESR,ANC1P,WKL,SCHL,RELSHIPP,MSP,WRK,DIS,MAR,DREM,RAC3P,DOUT,NWLK,RAC2P,SSIP,NWLA,NWAB,HIMRKS,WKHP,DPHY,RAC1P,DDRS,RACAIAN,MARHYP,WKWN,RACWHT,POBP,ANC2P,COW,SSP,RETP,OIP,PAP,NWAV,PUMA,MIG,ANC,DEYE,INTP,WAOB,DEAR,NWRE,MIL,HISP
1,0.0,0.0,42,0.0,0.0,69,6.0,999,3.0,16.0,38,4.0,2.0,1,3,1.0,1,1.0,2.0,1000,0.0,2.0,2.0,0,40.0,1.0,1,2.0,0,2009.0,52.0,1,39,999,1.0,0.0,0.0,0.0,0.0,5.0,600,1.0,4,2,0.0,1,2,3.0,4.0,1
0,379.0,3000.0,96,3000.0,3000.0,49,6.0,999,1.0,19.0,38,6.0,1.0,2,5,2.0,1,2.0,3.0,1000,0.0,3.0,3.0,2,30.0,2.0,1,2.0,0,1995.0,12.0,1,27,999,3.0,0.0,0.0,0.0,0.0,5.0,600,1.0,4,2,0.0,1,2,3.0,4.0,1
0,379.0,4100.0,47,5200.0,5200.0,48,1.0,999,1.0,19.0,38,6.0,1.0,2,5,2.0,1,2.0,3.0,1000,0.0,3.0,3.0,2,30.0,2.0,1,2.0,0,1995.0,16.0,1,27,999,1.0,0.0,0.0,0.0,0.0,5.0,600,1.0,4,2,-1100.0,1,2,3.0,4.0,1
0,379.0,5700.0,41,5700.0,3300.0,85,6.0,795,1.0,19.0,38,6.0,1.0,2,5,2.0,10,2.0,3.0,4025,0.0,3.0,3.0,2,7.0,2.0,6,2.0,0,1995.0,17.0,0,6,999,1.0,0.0,0.0,0.0,0.0,5.0,300,1.0,1,2,0.0,1,2,3.0,4.0,1
0,379.0,32000.0,60,32000.0,32000.0,01,6.0,22,1.0,16.0,38,6.0,2.0,2,5,2.0,1,2.0,2.0,1000,0.0,2.0,2.0,2,75.0,2.0,1,2.0,0,1995.0,24.0,1,38,999,1.0,0.0,0.0,0.0,0.0,3.0,300,1.0,1,2,0.0,1,2,3.0,4.0,1
0,379.0,4500.0,39,4500.0,4500.0,85,1.0,999,1.0,16.0,38,6.0,1.0,2,5,2.0,1,2.0,3.0,1000,0.0,3.0,3.0,2,20.0,2.0,1,2.0,0,1995.0,15.0,1,27,999,3.0,0.0,0.0,0.0,0.0,5.0,600,3.0,4,2,0.0,1,2,3.0,4.0,1
0,379.0,21600.0,40,21600.0,21600.0,86,1.0,996,1.0,16.0,38,6.0,1.0,2,5,2.0,16,2.0,3.0,9000,0.0,3.0,2.0,0,84.0,2.0,9,2.0,0,1995.0,52.0,1,12,999,1.0,0.0,0.0,0.0,0.0,5.0,200,3.0,3,2,0.0,1,2,2.0,2.0,5
0,379.0,10000.0,23,10000.0,10000.0,78,1.0,98,1.0,19.0,38,6.0,1.0,2,5,2.0,1,2.0,3.0,1000,0.0,3.0,3.0,0,20.0,2.0,1,2.0,0,1995.0,52.0,1,27,999,4.0,0.0,0.0,0.0,0.0,5.0,500,1.0,1,2,0.0,1,2,3.0,4.0,1
0,379.0,23600.0,25,23600.0,23600.0,78,1.0,541,1.0,19.0,38,6.0,1.0,2,5,2.0,2,2.0,3.0,3000,0.0,3.0,3.0,0,40.0,2.0,2,2.0,0,1995.0,52.0,0,440,999,4.0,0.0,0.0,0.0,0.0,5.0,400,1.0,1,2,0.0,6,2,3.0,4.0,1
1,27.0,4300.0,42,0.0,0.0,69,6.0,999,3.0,16.0,38,6.0,2.0,1,5,2.0,1,1.0,2.0,1000,4300.0,2.0,2.0,0,40.0,1.0,1,1.0,0,1995.0,52.0,1,38,999,1.0,0.0,0.0,0.0,0.0,5.0,300,1.0,4,1,0.0,1,2,3.0,4.0,1
0,379.0,10000.0,39,10000.0,10000.0,85,6.0,999,1.0,19.0,38,6.0,1.0,2,5,2.0,1,2.0,3.0,1000,0.0,3.0,3.0,0,40.0,2.0,1,2.0,0,1995.0,20.0,1,38,999,3.0,0.0,0.0,0.0,0.0,5.0,600,1.0,4,2,0.0,1,2,3.0,3.0,1
0,379.0,15000.0,41,15000.0,15000.0,86,6.0,32,1.0,18.0,38,6.0,2.0,2,5,2.0,1,2.0,2.0,1000,0.0,2.0,2.0,0,20.0,2.0,1,2.0,0,1995.0,40.0,1,38,999,1.0,0.0,0.0,0.0,0.0,5.0,500,3.0,1,2,0.0,1,2,3.0,4.0,1
0,379.0,6000.0,64,6000.0,6000.0,07,1.0,32,1.0,19.0,38,6.0,1.0,2,5,2.0,1,2.0,3.0,1000,0.0,3.0,3.0,0,18.0,2.0,1,2.0,0,1995.0,20.0,1,27,77,1.0,0.0,0.0,0.0,0.0,5.0,600,1.0,2,2,0.0,1,2,3.0,3.0,1
0,379.0,4800.0,46,4800.0,4800.0,92,6.0,999,1.0,19.0,38,6.0,1.0,2,5,2.0,1,2.0,3.0,1000,0.0,3.0,3.0,0,35.0,2.0,1,2.0,0,1995.0,12.0,1,38,999,1.0,0.0,0.0,0.0,0.0,5.0,600,1.0,4,2,0.0,1,2,3.0,4.0,1
0,379.0,5200.0,36,5200.0,5200.0,78,1.0,32,1.0,20.0,38,6.0,1.0,2,5,2.0,1,2.0,3.0,1000,0.0,3.0,3.0,0,15.0,2.0,1,2.0,0,1995.0,52.0,1,38,82,2.0,0.0,0.0,0.0,0.0,5.0,400,1.0,2,2,0.0,1,2,3.0,4.0,1
0,379.0,1500.0,42,1500.0,1500.0,78,6.0,32,1.0,16.0,37,6.0,1.0,2,5,2.0,1,2.0,3.0,1000,0.0,3.0,3.0,0,30.0,2.0,1,2.0,0,1995.0,52.0,1,38,999,3.0,0.0,0.0,0.0,0.0,5.0,300,1.0,1,2,0.0,1,2,3.0,4.0,1
0,379.0,9300.0,42,5300.0,5300.0,77,6.0,32,1.0,19.0,38,6.0,2.0,2,5,2.0,1,2.0,2.0,1000,0.0,2.0,2.0,2,11.0,2.0,1,2.0,0,1995.0,25.0,1,38,999,1.0,0.0,0.0,4000.0,0.0,5.0,100,1.0,1,2,0.0,1,2,3.0,4.0,1
0,501.0,100000.0,00,100000.0,100000.0,30,1.0,999,1.0,21.0,38,2.0,1.0,2,1,2.0,1,2.0,3.0,1000,0.0,3.0,3.0,0,40.0,2.0,1,2.0,0,2013.0,52.0,1,27,999,1.0,0.0,0.0,0.0,0.0,5.0,600,3.0,4,2,0.0,1,2,3.0,4.0,1
0,379.0,7500.0,46,7500.0,7500.0,84,1.0,999,1.0,16.0,38,6.0,1.0,2,5,2.0,1,2.0,3.0,1000,0.0,3.0,3.0,0,30.0,2.0,1,2.0,0,1995.0,40.0,1,501,999,1.0,0.0,0.0,0.0,0.0,5.0,200,3.0,4,2,0.0,8,2,3.0,4.0,1
0,379.0,11000.0,01,11000.0,11000.0,46,6.0,999,1.0,19.0,38,6.0,1.0,2,5,2.0,1,2.0,3.0,1000,0.0,3.0,3.0,2,40.0,2.0,1,2.0,0,1995.0,25.0,1,38,999,1.0,0.0,0.0,0.0,0.0,5.0,400,3.0,4,2,0.0,1,2,3.0,4.0,1
1,379.0,25000.0,62,25000.0,25000.0,07,6.0,920,1.0,16.0,37,6.0,1.0,2,5,2.0,3,2.0,3.0,5025,0.0,3.0,3.0,0,44.0,2.0,5,2.0,1,1995.0,28.0,0,38,999,1.0,0.0,0.0,0.0,0.0,5.0,400,3.0,1,2,0.0,1,2,3.0,4.0,1
0,379.0,8900.0,98,10000.0,10000.0,96,4.0,210,1.0,16.0,38,6.0,1.0,2,5,2.0,15,2.0,3.0,8000,0.0,3.0,3.0,0,84.0,2.0,8,2.0,0,1995.0,15.0,0,48,999,5.0,0.0,0.0,0.0,0.0,5.0,200,3.0,1,2,-1100.0,1,2,3.0,1.0,2
0,379.0,0.0,91,0.0,0.0,86,6.0,22,2.0,19.0,38,6.0,2.0,2,5,2.0,1,2.0,2.0,1000,0.0,2.0,2.0,0,40.0,2.0,1,2.0,0,1995.0,52.0,1,6,999,1.0,0.0,0.0,0.0,0.0,5.0,500,1.0,1,2,0.0,1,2,3.0,4.0,1
1,27.0,4300.0,42,0.0,0.0,69,6.0,999,3.0,16.0,38,4.0,1.0,1,3,1.0,1,1.0,3.0,1000,4300.0,3.0,3.0,0,40.0,1.0,1,1.0,0,2003.0,52.0,1,38,999,1.0,0.0,0.0,0.0,0.0,5.0,500,3.0,4,1,0.0,1,1,3.0,4.0,1
1,9.0,1400.0,42,0.0,0.0,69,6.0,999,3.0,16.0,38,6.0,2.0,1,5,1.0,1,1.0,2.0,1000,0.0,2.0,2.0,0,40.0,2.0,1,1.0,0,1995.0,52.0,1,38,999,1.0,1400.0,0.0,0.0,0.0,5.0,400,3.0,4,2,0.0,1,2,3.0,4.0,1
1,379.0,16800.0,42,0.0,0.0,69,6.0,999,3.0,21.0,37,4.0,1.0,1,3,1.0,1,1.0,3.0,1000,0.0,3.0,3.0,0,40.0,1.0,1,1.0,0,1995.0,52.0,1,36,999,1.0,0.0,16800.0,0.0,0.0,5.0,300,1.0,4,2,0.0,1,2,3.0,4.0,1
0,379.0,4500.0,52,4500.0,3500.0,85,3.0,32,1.0,19.0,38,6.0,2.0,2,5,2.0,1,2.0,1.0,1000,0.0,2.0,2.0,0,40.0,2.0,1,2.0,0,1995.0,12.0,1,27,22,1.0,0.0,0.0,0.0,0.0,1.0,600,3.0,2,2,0.0,1,2,3.0,4.0,1
0,379.0,15600.0,38,15600.0,15600.0,94,1.0,999,1.0,19.0,38,6.0,1.0,2,5,2.0,1,2.0,3.0,1000,0.0,3.0,3.0,0,25.0,2.0,1,2.0,0,1995.0,38.0,1,6,999,4.0,0.0,0.0,0.0,0.0,5.0,500,3.0,4,2,0.0,1,2,3.0,4.0,1
1,379.0,28000.0,62,28000.0,28000.0,07,6.0,999,1.0,17.0,37,5.0,1.0,1,4,1.0,1,2.0,3.0,1000,0.0,3.0,3.0,0,44.0,2.0,1,2.0,0,2021.0,28.0,1,38,999,1.0,0.0,0.0,0.0,0.0,5.0,400,1.0,4,2,0.0,1,2,3.0,4.0,1
0,379.0,8900.0,47,8900.0,8900.0,52,6.0,50,1.0,19.0,38,6.0,2.0,2,5,2.0,1,2.0,2.0,1000,0.0,2.0,2.0,0,25.0,2.0,1,2.0,0,1995.0,40.0,1,6,210,1.0,0.0,0.0,0.0,0.0,5.0,400,3.0,2,2,0.0,1,2,3.0,4.0,2
0,379.0,5500.0,27,5500.0,5500.0,78,1.0,999,1.0,18.0,38,6.0,1.0,2,5,2.0,1,2.0,3.0,1000,0.0,3.0,3.0,2,35.0,2.0,1,2.0,0,1995.0,20.0,1,56,999,4.0,0.0,0.0,0.0,0.0,5.0,300,3.0,4,2,0.0,1,2,3.0,4.0,1
0,379.0,4500.0,39,4500.0,4500.0,85,1.0,32,1.0,19.0,38,6.0,1.0,2,5,2.0,1,2.0,3.0,1000,0.0,3.0,3.0,0,20.0,2.0,1,2.0,0,1995.0,15.0,1,27,999,3.0,0.0,0.0,0.0,0.0,5.0,600,3.0,1,2,0.0,1,2,3.0,4.0,1
0,379.0,10000.0,39,10000.0,10000.0,85,6.0,999,1.0,19.0,38,6.0,1.0,2,5,2.0,1,2.0,3.0,1000,0.0,3.0,3.0,0,40.0,2.0,1,2.0,0,1995.0,20.0,1,38,999,3.0,0.0,0.0,0.0,0.0,5.0,600,1.0,4,2,0.0,1,2,3.0,3.0,1
0,176.0,27500.0,62,27500.0,0.0,01,1.0,3,1.0,14.0,38,2.0,1.0,2,1,2.0,1,2.0,3.0,1000,0.0,3.0,3.0,0,40.0,2.0,1,2.0,0,2015.0,52.0,1,46,32,6.0,0.0,0.0,0.0,0.0,5.0,200,1.0,2,2,0.0,1,2,3.0,4.0,1
0,379.0,6500.0,60,6500.0,6500.0,01,3.0,999,1.0,19.0,38,6.0,1.0,2,5,2.0,1,2.0,3.0,1000,0.0,3.0,3.0,0,40.0,2.0,1,2.0,0,1995.0,26.0,1,27,999,1.0,0.0,0.0,0.0,0.0,5.0,400,3.0,4,2,0.0,1,2,3.0,4.0,1
0,379.0,17000.0,34,17000.0,17000.0,81,6.0,82,1.0,19.0,38,6.0,2.0,2,5,2.0,1,2.0,2.0,1000,0.0,2.0,2.0,0,16.0,2.0,1,2.0,0,1995.0,48.0,1,27,999,1.0,0.0,0.0,0.0,0.0,5.0,500,1.0,1,2,0.0,1,2,3.0,4.0,1
0,379.0,8000.0,41,8000.0,8000.0,86,6.0,999,1.0,19.0,38,6.0,1.0,2,5,2.0,1,2.0,3.0,1000,0.0,3.0,3.0,0,15.0,2.0,1,2.0,0,1995.0,35.0,1,17,999,1.0,0.0,0.0,0.0,0.0,5.0,500,3.0,4,2,0.0,1,2,3.0,4.0,24
0,379.0,8000.0,41,8000.0,8000.0,86,6.0,22,1.0,16.0,38,6.0,2.0,2,5,2.0,29,2.0,2.0,9000,0.0,2.0,2.0,0,15.0,2.0,9,2.0,0,1995.0,35.0,1,301,918,1.0,0.0,0.0,0.0,0.0,5.0,400,2.0,2,2,0.0,7,2,3.0,4.0,1
0,379.0,8000.0,42,8000.0,8000.0,78,1.0,50,1.0,19.0,38,6.0,1.0,2,5,2.0,1,2.0,3.0,1000,0.0,3.0,3.0,0,20.0,2.0,1,2.0,0,1995.0,42.0,1,17,999,4.0,0.0,0.0,0.0,0.0,5.0,500,1.0,1,2,0.0,1,2,3.0,4.0,1
1,379.0,14800.0,55,14800.0,14800.0,61,6.0,111,1.0,18.0,37,6.0,1.0,2,5,2.0,17,2.0,3.0,9000,0.0,3.0,3.0,0,25.0,2.0,9,2.0,1,1995.0,40.0,1,38,148,1.0,0.0,0.0,0.0,0.0,5.0,300,3.0,2,2,0.0,1,2,3.0,4.0,1
0,379.0,4000.0,47,4000.0,4000.0,52,1.0,999,1.0,19.0,38,6.0,1.0,2,5,2.0,1,2.0,3.0,1000,0.0,3.0,3.0,2,20.0,2.0,1,2.0,0,1995.0,44.0,1,38,999,1.0,0.0,0.0,0.0,0.0,5.0,500,3.0,4,2,0.0,1,2,3.0,4.0,1
1,0.0,0.0,42,0.0,0.0,69,6.0,998,3.0,18.0,38,6.0,2.0,2,5,2.0,1,2.0,2.0,1000,0.0,2.0,2.0,0,40.0,2.0,1,2.0,0,1995.0,52.0,1,34,999,1.0,0.0,0.0,0.0,0.0,5.0,500,1.0,1,2,0.0,1,2,3.0,4.0,1
1,379.0,12000.0,41,6000.0,6000.0,86,6.0,920,1.0,16.0,37,5.0,1.0,2,4,2.0,3,2.0,3.0,5013,6000.0,3.0,3.0,0,56.0,2.0,3,2.0,1,2003.0,12.0,0,46,999,1.0,0.0,0.0,0.0,0.0,5.0,300,3.0,1,2,0.0,1,2,3.0,4.0,1
0,379.0,5000.0,36,5000.0,5000.0,82,1.0,999,1.0,19.0,38,6.0,1.0,2,5,2.0,1,2.0,3.0,1000,0.0,3.0,3.0,0,35.0,2.0,1,2.0,0,1995.0,40.0,1,27,999,1.0,0.0,0.0,0.0,0.0,5.0,400,1.0,4,2,0.0,1,2,3.0,4.0,1
1,379.0,30000.0,62,30000.0,30000.0,07,6.0,920,1.0,16.0,37,6.0,1.0,2,5,2.0,3,2.0,3.0,5025,0.0,3.0,3.0,0,44.0,2.0,5,2.0,1,1995.0,28.0,0,38,999,1.0,0.0,0.0,0.0,0.0,5.0,500,3.0,1,2,0.0,1,2,3.0,4.0,1
1,379.0,0.0,42,0.0,0.0,69,6.0,999,3.0,16.0,37,6.0,1.0,2,5,2.0,1,2.0,3.0,1000,0.0,3.0,3.0,0,40.0,2.0,1,2.0,0,1995.0,52.0,1,38,999,1.0,0.0,0.0,0.0,0.0,5.0,400,3.0,4,2,0.0,1,2,3.0,4.0,1
0,379.0,3300.0,99,0.0,0.0,99,3.0,999,3.0,18.0,38,6.0,1.0,2,5,2.0,1,2.0,3.0,1000,0.0,3.0,3.0,0,40.0,2.0,1,2.0,0,1995.0,52.0,1,27,999,9.0,0.0,3300.0,0.0,0.0,5.0,600,3.0,4,2,0.0,1,2,3.0,4.0,1
1,379.0,10000.0,39,10000.0,10000.0,85,6.0,917,1.0,18.0,38,6.0,2.0,2,5,2.0,3,2.0,2.0,5007,0.0,2.0,2.0,0,40.0,2.0,3,2.0,1,1995.0,20.0,0,46,999,3.0,0.0,0.0,0.0,0.0,5.0,300,3.0,1,2,0.0,1,2,3.0,4.0,1
0,379.0,12200.0,41,12200.0,12200.0,86,1.0,32,1.0,19.0,38,6.0,1.0,2,5,2.0,1,2.0,3.0,1000,0.0,3.0,3.0,0,15.0,2.0,1,2.0,0,1995.0,52.0,1,38,999,1.0,0.0,0.0,0.0,0.0,5.0,500,1.0,1,2,0.0,1,2,3.0,4.0,1
0,379.0,48000.0,45,48000.0,48000.0,86,6.0,308,1.0,18.0,37,6.0,1.0,2,5,2.0,2,2.0,3.0,3000,0.0,3.0,3.0,0,30.0,2.0,2,2.0,0,1995.0,52.0,0,12,999,1.0,0.0,0.0,0.0,0.0,5.0,200,3.0,1,2,0.0,1,2,3.0,4.0,1
0,379.0,5110.0,40,5100.0,5100.0,86,1.0,32,1.0,18.0,38,6.0,1.0,2,5,2.0,1,2.0,3.0,1000,0.0,3.0,3.0,0,12.0,2.0,1,2.0,0,1995.0,47.0,1,38,82,1.0,0.0,0.0,0.0,0.0,5.0,600,3.0,2,2,10.0,1,2,3.0,4.0,1
1,379.0,6000.0,60,6000.0,6000.0,01,6.0,999,1.0,16.0,38,6.0,1.0,2,5,2.0,1,2.0,3.0,1000,0.0,3.0,3.0,0,40.0,2.0,1,2.0,0,1995.0,28.0,1,38,999,1.0,0.0,0.0,0.0,0.0,5.0,400,3.0,4,2,0.0,1,2,3.0,4.0,1
0,379.0,0.0,53,0.0,0.0,86,6.0,49,2.0,18.0,38,6.0,2.0,2,5,2.0,1,2.0,2.0,1000,0.0,2.0,2.0,0,40.0,2.0,1,2.0,0,1995.0,52.0,1,26,999,1.0,0.0,0.0,0.0,0.0,5.0,500,3.0,1,2,0.0,1,2,3.0,4.0,1
0,379.0,7600.0,40,7600.0,7600.0,86,1.0,32,1.0,19.0,38,6.0,1.0,2,5,2.0,1,2.0,2.0,1000,0.0,2.0,3.0,0,15.0,2.0,1,2.0,0,1995.0,46.0,1,21,50,1.0,0.0,0.0,0.0,0.0,3.0,300,1.0,2,2,0.0,1,2,2.0,4.0,1
0,379.0,8000.0,15,8000.0,8000.0,72,6.0,999,1.0,18.0,38,6.0,1.0,2,5,2.0,1,2.0,3.0,1000,0.0,3.0,3.0,0,50.0,2.0,1,2.0,0,1995.0,12.0,1,27,999,1.0,0.0,0.0,0.0,0.0,5.0,600,3.0,4,2,0.0,1,2,3.0,4.0,1
0,379.0,7000.0,40,7000.0,7000.0,85,1.0,999,1.0,18.0,38,6.0,1.0,2,5,2.0,1,2.0,3.0,1000,0.0,3.0,3.0,0,20.0,2.0,1,2.0,0,1995.0,52.0,1,38,999,1.0,0.0,0.0,0.0,0.0,5.0,600,3.0,4,2,0.0,1,2,3.0,4.0,1
0,379.0,0.0,42,0.0,0.0,69,6.0,999,3.0,19.0,37,6.0,1.0,2,5,2.0,1,2.0,3.0,1000,0.0,3.0,3.0,1,40.0,2.0,1,2.0,0,1995.0,52.0,1,39,999,1.0,0.0,0.0,0.0,0.0,5.0,500,1.0,4,2,0.0,1,2,3.0,4.0,1
0,379.0,5500.0,27,5500.0,5500.0,78,1.0,999,1.0,18.0,38,6.0,1.0,2,5,2.0,1,2.0,3.0,1000,0.0,3.0,3.0,2,35.0,2.0,1,2.0,0,1995.0,20.0,1,56,999,4.0,0.0,0.0,0.0,0.0,5.0,300,3.0,4,2,0.0,1,2,3.0,4.0,1
0,379.0,0.0,42,0.0,0.0,69,6.0,999,3.0,19.0,38,6.0,1.0,2,5,2.0,1,2.0,3.0,1000,0.0,3.0,3.0,0,40.0,2.0,1,2.0,0,1995.0,52.0,1,27,999,1.0,0.0,0.0,0.0,0.0,5.0,300,1.0,4,2,0.0,1,2,3.0,4.0,1
0,379.0,3000.0,96,3000.0,3000.0,49,6.0,999,1.0,19.0,38,6.0,1.0,2,5,2.0,1,2.0,3.0,1000,0.0,3.0,3.0,2,30.0,2.0,1,2.0,0,1995.0,12.0,1,27,999,3.0,0.0,0.0,0.0,0.0,5.0,600,1.0,4,2,0.0,1,2,3.0,4.0,1
1,379.0,1100.0,20,1100.0,1100.0,94,6.0,82,1.0,19.0,37,4.0,1.0,2,3,2.0,1,2.0,3.0,1000,0.0,3.0,3.0,0,5.0,2.0,1,2.0,0,2009.0,52.0,1,38,999,3.0,0.0,0.0,0.0,0.0,5.0,300,1.0,1,2,0.0,1,2,3.0,4.0,1
0,379.0,50000.0,62,50000.0,50000.0,07,6.0,999,1.0,16.0,37,6.0,1.0,2,5,2.0,1,2.0,3.0,1000,0.0,3.0,3.0,0,40.0,2.0,1,2.0,0,1995.0,52.0,1,38,999,1.0,0.0,0.0,0.0,0.0,5.0,500,3.0,4,2,0.0,1,2,3.0,4.0,1
1,379.0,5400.0,42,0.0,0.0,69,6.0,169,3.0,18.0,37,6.0,1.0,2,5,2.0,10,2.0,3.0,4024,5400.0,3.0,3.0,0,40.0,2.0,6,2.0,0,1995.0,52.0,0,78,999,1.0,0.0,0.0,0.0,0.0,5.0,300,1.0,1,2,0.0,2,2,3.0,4.0,1
0,379.0,6000.0,36,6000.0,6000.0,82,1.0,32,1.0,18.0,38,6.0,1.0,2,5,2.0,1,2.0,3.0,1000,0.0,3.0,3.0,0,25.0,2.0,1,2.0,0,1995.0,26.0,1,27,999,1.0,0.0,0.0,0.0,0.0,5.0,600,3.0,1,2,0.0,1,2,3.0,4.0,1
0,379.0,0.0,42,0.0,0.0,69,6.0,999,3.0,16.0,37,6.0,1.0,2,5,2.0,1,2.0,3.0,1000,0.0,3.0,3.0,0,40.0,2.0,1,2.0,0,1995.0,52.0,1,38,999,1.0,0.0,0.0,0.0,0.0,5.0,600,3.0,4,2,0.0,1,2,3.0,4.0,1
0,379.0,27100.0,38,27100.0,27100.0,96,4.0,235,1.0,16.0,38,6.0,1.0,2,5,2.0,1,2.0,2.0,1000,0.0,3.0,3.0,0,60.0,2.0,1,2.0,0,1995.0,52.0,1,50,51,5.0,0.0,0.0,0.0,0.0,5.0,500,1.0,2,2,0.0,1,2,3.0,1.0,17
0,379.0,10000.0,39,10000.0,10000.0,85,6.0,999,1.0,19.0,38,6.0,1.0,2,5,2.0,1,2.0,3.0,1000,0.0,3.0,3.0,0,40.0,2.0,1,2.0,0,1995.0,20.0,1,38,999,3.0,0.0,0.0,0.0,0.0,5.0,600,1.0,4,2,0.0,1,2,3.0,3.0,1
0,379.0,16500.0,13,16500.0,16500.0,07,6.0,999,1.0,18.0,38,6.0,1.0,2,5,2.0,1,2.0,3.0,1000,0.0,3.0,3.0,0,40.0,2.0,1,2.0,0,1995.0,12.0,1,30,999,1.0,0.0,0.0,0.0,0.0,5.0,200,3.0,4,2,0.0,1,2,3.0,4.0,1
1,379.0,300.0,43,300.0,300.0,93,6.0,917,1.0,17.0,37,6.0,1.0,2,5,2.0,3,2.0,3.0,5013,0.0,3.0,3.0,0,56.0,2.0,3,2.0,1,1995.0,4.0,0,46,999,3.0,0.0,0.0,0.0,0.0,5.0,300,3.0,1,2,0.0,1,2,3.0,4.0,1
0,379.0,2000.0,47,2000.0,2000.0,55,1.0,142,1.0,19.0,38,6.0,1.0,2,5,2.0,1,2.0,3.0,1000,0.0,3.0,3.0,0,25.0,2.0,1,2.0,0,1995.0,20.0,1,38,32,1.0,0.0,0.0,0.0,0.0,5.0,300,1.0,2,2,0.0,1,2,3.0,4.0,1
0,379.0,28000.0,62,28000.0,28000.0,07,6.0,999,1.0,16.0,37,6.0,1.0,2,5,2.0,1,2.0,3.0,1000,0.0,3.0,3.0,0,44.0,2.0,1,2.0,0,1995.0,28.0,1,38,999,1.0,0.0,0.0,0.0,0.0,5.0,600,3.0,4,2,0.0,1,2,3.0,4.0,1
0,379.0,15000.0,60,15000.0,15000.0,01,1.0,32,1.0,18.0,38,6.0,1.0,2,5,2.0,1,2.0,3.0,1000,0.0,3.0,3.0,0,50.0,2.0,1,2.0,0,1995.0,52.0,1,38,148,1.0,0.0,0.0,0.0,0.0,5.0,400,3.0,2,2,0.0,1,2,3.0,4.0,1
1,189.0,28800.0,94,28800.0,28800.0,87,1.0,920,1.0,12.0,38,2.0,1.0,2,1,2.0,3,2.0,3.0,5025,0.0,3.0,3.0,0,40.0,2.0,5,2.0,1,2014.0,28.0,0,38,999,1.0,0.0,0.0,0.0,0.0,5.0,400,3.0,1,2,0.0,1,2,3.0,4.0,1
0,501.0,145000.0,81,145000.0,0.0,01,1.0,3,1.0,13.0,38,6.0,1.0,2,5,2.0,1,2.0,3.0,1000,0.0,3.0,3.0,0,40.0,2.0,1,2.0,0,1995.0,52.0,1,46,32,6.0,0.0,0.0,0.0,0.0,5.0,200,1.0,2,2,0.0,1,2,3.0,4.0,1
0,379.0,17200.0,03,17200.0,17200.0,86,6.0,920,1.0,17.0,37,6.0,1.0,2,5,2.0,3,2.0,3.0,5013,0.0,3.0,3.0,0,60.0,2.0,3,2.0,1,1995.0,8.0,0,38,999,1.0,0.0,0.0,0.0,0.0,5.0,300,3.0,1,2,0.0,1,2,3.0,4.0,1
0,115.0,18000.0,96,18000.0,18000.0,26,1.0,32,1.0,11.0,38,2.0,1.0,2,1,2.0,1,2.0,3.0,1000,0.0,3.0,3.0,0,40.0,2.0,1,2.0,0,1996.0,52.0,1,46,999,8.0,0.0,0.0,0.0,0.0,5.0,200,1.0,1,2,0.0,1,2,3.0,4.0,1
0,379.0,1500.0,41,1500.0,1500.0,86,6.0,51,1.0,18.0,38,6.0,2.0,2,5,2.0,1,2.0,2.0,1000,0.0,2.0,2.0,0,15.0,2.0,1,2.0,0,1995.0,12.0,1,26,999,1.0,0.0,0.0,0.0,0.0,5.0,500,3.0,1,2,0.0,1,2,3.0,4.0,1
1,27.0,4300.0,42,0.0,0.0,69,6.0,999,3.0,16.0,38,6.0,2.0,1,5,2.0,1,1.0,2.0,1000,4300.0,2.0,2.0,0,40.0,1.0,1,1.0,0,1995.0,52.0,1,38,999,1.0,0.0,0.0,0.0,0.0,5.0,300,1.0,4,1,0.0,1,2,3.0,4.0,1
0,379.0,28850.0,15,28500.0,28500.0,30,1.0,999,1.0,19.0,38,6.0,1.0,2,5,2.0,1,2.0,3.0,1000,0.0,3.0,3.0,0,30.0,2.0,1,2.0,0,1995.0,46.0,1,27,999,1.0,0.0,0.0,0.0,0.0,5.0,600,1.0,4,2,350.0,1,2,3.0,4.0,1
1,379.0,0.0,42,0.0,0.0,69,6.0,999,3.0,16.0,37,6.0,1.0,2,5,2.0,2,2.0,3.0,3000,0.0,3.0,3.0,0,40.0,2.0,2,2.0,0,1995.0,52.0,0,12,999,1.0,0.0,0.0,0.0,0.0,5.0,400,1.0,4,2,0.0,1,2,3.0,4.0,1
0,96.0,15000.0,77,15000.0,15000.0,35,1.0,917,1.0,16.0,38,6.0,1.0,2,5,2.0,3,2.0,2.0,5013,0.0,2.0,2.0,0,40.0,2.0,3,2.0,1,1995.0,52.0,0,38,999,1.0,0.0,0.0,0.0,0.0,1.0,100,1.0,1,2,0.0,1,2,3.0,4.0,1
1,0.0,0.0,42,0.0,0.0,69,6.0,998,3.0,16.0,38,6.0,2.0,2,5,2.0,1,2.0,2.0,1000,0.0,2.0,2.0,0,40.0,2.0,1,2.0,0,1995.0,52.0,1,34,999,1.0,0.0,0.0,0.0,0.0,5.0,400,1.0,1,2,0.0,1,2,3.0,4.0,1
0,501.0,145000.0,81,145000.0,0.0,01,1.0,3,1.0,16.0,38,6.0,1.0,2,5,2.0,1,2.0,3.0,1000,0.0,3.0,3.0,0,40.0,2.0,1,2.0,0,1995.0,52.0,1,46,32,6.0,0.0,0.0,0.0,0.0,5.0,200,1.0,2,2,0.0,1,2,3.0,4.0,1
0,379.0,20000.0,41,20000.0,20000.0,86,1.0,82,1.0,19.0,38,6.0,1.0,2,5,2.0,1,2.0,3.0,1000,0.0,3.0,3.0,2,35.0,2.0,1,2.0,0,1995.0,24.0,1,38,999,1.0,0.0,0.0,0.0,0.0,5.0,500,1.0,1,2,0.0,1,2,3.0,4.0,1
0,379.0,15000.0,13,15000.0,15000.0,07,6.0,999,1.0,19.0,38,6.0,1.0,2,5,2.0,1,2.0,3.0,1000,0.0,3.0,3.0,0,40.0,2.0,1,2.0,0,1995.0,12.0,1,30,999,1.0,0.0,0.0,0.0,0.0,5.0,400,3.0,4,2,0.0,1,2,3.0,4.0,1
0,379.0,27000.0,25,27000.0,27000.0,78,1.0,917,1.0,19.0,38,6.0,1.0,2,5,2.0,3,2.0,3.0,5025,0.0,3.0,3.0,0,40.0,2.0,5,2.0,1,1995.0,52.0,0,46,999,4.0,0.0,0.0,0.0,0.0,5.0,300,1.0,1,2,0.0,1,2,3.0,4.0,1
0,379.0,0.0,89,0.0,0.0,29,6.0,902,2.0,17.0,37,6.0,1.0,2,5,2.0,2,2.0,3.0,3000,0.0,3.0,3.0,0,40.0,2.0,2,2.0,0,1995.0,52.0,0,26,999,1.0,0.0,0.0,0.0,0.0,5.0,300,3.0,1,2,0.0,1,2,3.0,4.0,1
1,379.0,3000.0,47,3000.0,3000.0,48,1.0,999,1.0,19.0,38,6.0,1.0,2,5,2.0,10,2.0,3.0,4025,0.0,3.0,3.0,0,18.0,2.0,6,2.0,0,1995.0,28.0,0,30,999,1.0,0.0,0.0,0.0,0.0,5.0,200,3.0,4,2,0.0,1,2,3.0,4.0,1
0,379.0,3000.0,96,3000.0,3000.0,48,1.0,999,1.0,19.0,38,6.0,1.0,1,5,1.0,1,2.0,3.0,1000,0.0,3.0,3.0,2,23.0,2.0,1,2.0,0,1995.0,52.0,1,46,999,1.0,0.0,0.0,0.0,0.0,5.0,300,1.0,4,2,0.0,1,2,3.0,4.0,1
1,54.0,8600.0,42,0.0,0.0,69,6.0,999,3.0,16.0,38,2.0,2.0,1,1,1.0,1,1.0,2.0,1000,8600.0,2.0,2.0,0,40.0,1.0,1,1.0,0,2014.0,52.0,1,38,999,1.0,0.0,0.0,0.0,0.0,5.0,600,1.0,4,2,0.0,1,2,3.0,4.0,1
1,45.0,7200.0,42,0.0,0.0,69,6.0,999,3.0,16.0,38,6.0,1.0,1,5,1.0,1,1.0,3.0,1000,7200.0,3.0,3.0,0,40.0,2.0,1,2.0,0,1995.0,52.0,1,38,999,1.0,0.0,0.0,0.0,0.0,5.0,400,3.0,4,1,0.0,1,2,3.0,4.0,1
1,379.0,26700.0,96,26700.0,26700.0,61,6.0,215,1.0,17.0,37,6.0,2.0,1,5,1.0,3,2.0,2.0,5013,0.0,2.0,2.0,0,60.0,2.0,3,2.0,1,1995.0,8.0,0,6,999,1.0,0.0,0.0,0.0,0.0,5.0,300,3.0,1,2,0.0,1,2,3.0,4.0,2
0,379.0,6100.0,40,6100.0,6100.0,86,6.0,32,1.0,19.0,38,6.0,2.0,2,5,2.0,1,2.0,2.0,1000,0.0,2.0,2.0,2,35.0,2.0,1,2.0,0,1995.0,14.0,1,27,999,1.0,0.0,0.0,0.0,0.0,5.0,500,3.0,1,2,0.0,1,2,3.0,4.0,1
1,379.0,17000.0,42,0.0,0.0,69,6.0,999,3.0,19.0,37,6.0,1.0,1,5,1.0,1,1.0,3.0,1000,8500.0,3.0,3.0,0,40.0,1.0,1,1.0,0,1995.0,52.0,1,38,999,1.0,8500.0,0.0,0.0,0.0,5.0,500,3.0,4,2,0.0,1,2,3.0,4.0,1
0,379.0,8900.0,98,10000.0,10000.0,96,4.0,210,1.0,16.0,38,6.0,1.0,2,5,2.0,15,2.0,3.0,8000,0.0,3.0,3.0,0,84.0,2.0,8,2.0,0,1995.0,15.0,0,48,999,5.0,0.0,0.0,0.0,0.0,5.0,200,3.0,1,2,-1100.0,1,2,3.0,1.0,2
0,379.0,4000.0,41,4000.0,4000.0,86,6.0,999,1.0,18.0,38,6.0,2.0,2,5,2.0,1,2.0,2.0,1000,0.0,2.0,2.0,2,15.0,2.0,1,2.0,0,1995.0,24.0,1,8,999,1.0,0.0,0.0,0.0,0.0,5.0,500,3.0,4,2,0.0,1,2,3.0,4.0,1
0,379.0,24000.0,25,24000.0,24000.0,94,6.0,902,1.0,21.0,37,4.0,1.0,2,3,2.0,2,2.0,2.0,3000,0.0,2.0,2.0,0,40.0,2.0,2,2.0,0,2015.0,52.0,0,1,999,4.0,0.0,0.0,0.0,0.0,5.0,300,1.0,1,2,0.0,1,2,3.0,2.0,1
0,379.0,3000.0,36,3000.0,3000.0,82,6.0,89,1.0,19.0,38,6.0,2.0,2,5,2.0,1,2.0,2.0,1000,0.0,2.0,2.0,0,40.0,2.0,1,2.0,0,1995.0,12.0,1,207,999,1.0,0.0,0.0,0.0,0.0,5.0,400,1.0,1,2,0.0,4,2,3.0,4.0,1
0,379.0,4300.0,42,0.0,0.0,69,6.0,999,3.0,15.0,37,6.0,1.0,1,5,1.0,1,1.0,3.0,1000,4300.0,3.0,3.0,0,40.0,2.0,1,2.0,0,1995.0,52.0,1,38,999,1.0,0.0,0.0,0.0,0.0,5.0,600,1.0,4,2,0.0,1,2,3.0,4.0,1
0,379.0,5100.0,42,5100.0,5100.0,85,3.0,82,1.0,16.0,38,6.0,2.0,2,5,2.0,1,2.0,1.0,1000,0.0,2.0,2.0,0,30.0,2.0,1,2.0,0,1995.0,11.0,1,38,999,1.0,0.0,0.0,0.0,0.0,1.0,300,1.0,1,2,0.0,1,2,3.0,4.0,1
0,379.0,0.0,42,0.0,0.0,69,6.0,999,3.0,19.0,38,6.0,1.0,2,5,2.0,1,2.0,3.0,1000,0.0,3.0,3.0,0,40.0,2.0,1,2.0,0,1995.0,52.0,1,27,999,1.0,0.0,0.0,0.0,0.0,5.0,300,1.0,4,2,0.0,1,2,3.0,4.0,1
0,379.0,6100.0,40,6100.0,6100.0,86,6.0,32,1.0,19.0,38,6.0,2.0,2,5,2.0,1,2.0,2.0,1000,0.0,2.0,2.0,2,35.0,2.0,1,2.0,0,1995.0,14.0,1,27,999,1.0,0.0,0.0,0.0,0.0,5.0,500,3.0,1,2,0.0,1,2,3.0,4.0,1
1,379.0,4300.0,42,0.0,0.0,69,6.0,999,3.0,15.0,37,6.0,1.0,1,5,1.0,1,1.0,3.0,1000,4300.0,3.0,3.0,0,40.0,2.0,1,1.0,0,1995.0,52.0,1,38,999,1.0,0.0,0.0,0.0,0.0,5.0,300,1.0,4,2,0.0,1,2,3.0,4.0,1
0,379.0,5000.0,25,5000.0,5000.0,78,1.0,32,1.0,19.0,38,6.0,1.0,2,5,2.0,1,2.0,3.0,1000,0.0,3.0,3.0,2,30.0,2.0,1,2.0,0,1995.0,40.0,1,8,999,1.0,0.0,0.0,0.0,0.0,5.0,500,1.0,1,2,0.0,1,2,3.0,4.0,1
0,379.0,15000.0,62,15000.0,15000.0,07,6.0,50,1.0,16.0,38,6.0,2.0,2,5,2.0,1,2.0,2.0,1000,0.0,2.0,2.0,0,45.0,2.0,1,2.0,0,1995.0,10.0,1,24,32,1.0,0.0,0.0,0.0,0.0,5.0,600,3.0,2,2,0.0,1,2,3.0,4.0,1
0,379.0,10800.0,03,10800.0,10800.0,86,6.0,21,1.0,20.0,37,6.0,2.0,2,5,2.0,1,2.0,2.0,1000,0.0,2.0,2.0,0,60.0,2.0,1,2.0,0,1995.0,8.0,1,38,50,1.0,0.0,0.0,0.0,0.0,5.0,300,3.0,2,2,0.0,1,2,3.0,4.0,1
0,176.0,27500.0,62,27500.0,0.0,01,1.0,3,1.0,16.0,38,2.0,1.0,2,1,2.0,1,2.0,3.0,1000,0.0,3.0,3.0,0,40.0,2.0,1,2.0,0,2015.0,52.0,1,46,32,6.0,0.0,0.0,0.0,0.0,5.0,400,1.0,2,2,0.0,1,2,3.0,4.0,1
0,379.0,1000.0,72,1000.0,1000.0,87,6.0,999,1.0,19.0,38,6.0,1.0,2,5,2.0,1,2.0,3.0,1000,0.0,3.0,3.0,0,50.0,2.0,1,2.0,0,1995.0,16.0,1,38,999,1.0,0.0,0.0,0.0,0.0,5.0,400,1.0,4,2,0.0,1,2,3.0,4.0,1
0,379.0,1500.0,41,1500.0,1500.0,86,6.0,51,1.0,18.0,38,6.0,2.0,2,5,2.0,1,2.0,2.0,1000,0.0,2.0,2.0,0,15.0,2.0,1,2.0,0,1995.0,12.0,1,26,999,1.0,0.0,0.0,0.0,0.0,5.0,500,3.0,1,2,0.0,1,2,3.0,4.0,1
0,379.0,1000.0,13,1000.0,1000.0,86,6.0,999,1.0,16.0,38,6.0,1.0,2,5,2.0,1,2.0,3.0,1000,0.0,3.0,3.0,2,18.0,2.0,1,2.0,0,1995.0,8.0,1,38,999,1.0,0.0,0.0,0.0,0.0,5.0,400,3.0,4,2,0.0,1,2,3.0,4.0,1
0,379.0,8000.0,91,8000.0,8000.0,07,6.0,234,1.0,18.0,38,6.0,2.0,2,5,2.0,29,2.0,2.0,9000,0.0,2.0,2.0,2,45.0,2.0,9,2.0,0,1995.0,12.0,1,27,98,1.0,0.0,0.0,0.0,0.0,5.0,500,3.0,2,2,0.0,1,2,3.0,4.0,16
0,176.0,27500.0,62,27500.0,0.0,01,1.0,3,1.0,11.0,38,2.0,1.0,2,1,2.0,1,2.0,3.0,1000,0.0,3.0,3.0,0,40.0,2.0,1,2.0,0,2015.0,52.0,1,46,32,6.0,0.0,0.0,0.0,0.0,5.0,500,1.0,2,2,0.0,1,2,3.0,4.0,1
0,379.0,3000.0,52,3000.0,3000.0,53,6.0,999,1.0,16.0,38,6.0,1.0,2,5,2.0,1,2.0,3.0,1000,0.0,3.0,3.0,2,18.0,2.0,1,2.0,0,1995.0,26.0,1,27,999,1.0,0.0,0.0,0.0,0.0,5.0,200,1.0,4,2,0.0,1,2,3.0,4.0,1
0,379.0,3000.0,96,3000.0,3000.0,49,6.0,999,1.0,19.0,38,6.0,1.0,2,5,2.0,1,2.0,3.0,1000,0.0,3.0,3.0,2,30.0,2.0,1,2.0,0,1995.0,12.0,1,27,999,3.0,0.0,0.0,0.0,0.0,5.0,600,1.0,4,2,0.0,1,2,3.0,4.0,1
0,379.0,5500.0,27,5500.0,5500.0,78,1.0,999,1.0,18.0,38,6.0,1.0,2,5,2.0,1,2.0,3.0,1000,0.0,3.0,3.0,2,35.0,2.0,1,2.0,0,1995.0,20.0,1,56,999,4.0,0.0,0.0,0.0,0.0,5.0,300,3.0,4,2,0.0,1,2,3.0,4.0,1
0,379.0,1800.0,46,1800.0,1800.0,91,6.0,195,1.0,18.0,38,6.0,2.0,2,5,2.0,1,2.0,2.0,1000,0.0,2.0,2.0,2,8.0,2.0,1,2.0,0,1995.0,35.0,1,29,999,2.0,0.0,0.0,0.0,0.0,5.0,100,1.0,1,2,0.0,1,2,3.0,4.0,1
0,379.0,500.0,47,500.0,500.0,78,1.0,223,1.0,19.0,38,6.0,1.0,2,5,2.0,29,2.0,3.0,9000,0.0,3.0,3.0,2,14.0,2.0,9,2.0,0,1995.0,3.0,1,314,999,4.0,0.0,0.0,0.0,0.0,5.0,600,1.0,1,2,0.0,3,2,3.0,4.0,11
0,379.0,0.0,42,0.0,0.0,69,6.0,999,3.0,16.0,38,6.0,1.0,2,5,2.0,83,2.0,3.0,9000,0.0,3.0,3.0,0,40.0,2.0,9,2.0,0,1995.0,52.0,1,8,999,1.0,0.0,0.0,0.0,0.0,5.0,300,1.0,4,2,0.0,1,2,3.0,4.0,24
0,379.0,13200.0,40,13200.0,13200.0,86,1.0,82,1.0,16.0,38,6.0,1.0,2,5,2.0,1,2.0,3.0,1000,0.0,3.0,3.0,0,35.0,2.0,1,2.0,0,1995.0,52.0,1,38,999,1.0,0.0,0.0,0.0,0.0,5.0,600,3.0,1,2,0.0,1,2,3.0,4.0,1
1,82.0,13000.0,42,13000.0,13000.0,85,1.0,999,1.0,16.0,38,6.0,1.0,2,5,2.0,1,2.0,3.0,1000,0.0,3.0,3.0,0,40.0,2.0,1,2.0,0,1995.0,28.0,1,27,999,1.0,0.0,0.0,0.0,0.0,5.0,600,3.0,4,2,0.0,1,2,3.0,4.0,1
0,379.0,12000.0,91,12000.0,12000.0,83,6.0,51,1.0,18.0,38,6.0,2.0,2,5,2.0,1,2.0,2.0,1000,0.0,2.0,2.0,0,15.0,2.0,1,2.0,0,1995.0,20.0,1,8,999,1.0,0.0,0.0,0.0,0.0,5.0,500,3.0,1,2,0.0,1,2,3.0,4.0,1
0,379.0,9600.0,81,9600.0,9600.0,88,6.0,32,1.0,16.0,38,6.0,2.0,2,5,2.0,1,2.0,2.0,1000,0.0,2.0,2.0,2,40.0,2.0,1,2.0,0,1995.0,16.0,1,38,999,1.0,0.0,0.0,0.0,0.0,3.0,100,3.0,1,2,0.0,1,2,3.0,4.0,1
0,379.0,21600.0,40,21600.0,21600.0,86,1.0,996,1.0,18.0,38,6.0,1.0,2,5,2.0,16,2.0,3.0,9000,0.0,3.0,2.0,0,84.0,2.0,9,2.0,0,1995.0,52.0,1,12,999,1.0,0.0,0.0,0.0,0.0,5.0,200,3.0,3,2,0.0,1,2,2.0,2.0,5
1,27.0,4300.0,42,0.0,0.0,69,6.0,999,3.0,16.0,38,4.0,1.0,1,3,1.0,1,1.0,3.0,1000,4300.0,3.0,3.0,0,40.0,1.0,1,1.0,0,2003.0,52.0,1,38,999,1.0,0.0,0.0,0.0,0.0,5.0,200,3.0,4,1,0.0,1,1,3.0,4.0,1
1,27.0,4300.0,42,0.0,0.0,69,6.0,999,3.0,16.0,38,6.0,2.0,1,5,2.0,1,1.0,2.0,1000,4300.0,2.0,2.0,0,40.0,1.0,1,1.0,0,1995.0,52.0,1,38,999,1.0,0.0,0.0,0.0,0.0,5.0,300,1.0,4,1,0.0,1,2,3.0,4.0,1
1,379.0,4900.0,40,4900.0,4900.0,86,6.0,999,1.0,17.0,37,6.0,2.0,1,5,1.0,16,2.0,2.0,9000,0.0,2.0,2.0,0,40.0,2.0,9,2.0,0,1995.0,14.0,1,48,999,1.0,0.0,0.0,0.0,0.0,5.0,300,3.0,4,2,0.0,1,2,3.0,4.0,1
0,379.0,50000.0,62,50000.0,50000.0,07,6.0,999,1.0,16.0,37,6.0,1.0,2,5,2.0,1,2.0,3.0,1000,0.0,3.0,3.0,0,40.0,2.0,1,2.0,0,1995.0,52.0,1,38,999,1.0,0.0,0.0,0.0,0.0,5.0,400,3.0,4,2,0.0,1,2,3.0,4.0,1
0,379.0,3300.0,99,0.0,0.0,99,3.0,32,3.0,19.0,38,6.0,2.0,2,5,2.0,1,2.0,1.0,1000,0.0,2.0,2.0,0,40.0,2.0,1,2.0,0,1995.0,52.0,1,20,999,9.0,0.0,3300.0,0.0,0.0,1.0,600,1.0,1,2,0.0,1,2,3.0,4.0,1
0,379.0,3000.0,52,3000.0,3000.0,53,6.0,999,1.0,16.0,38,6.0,1.0,2,5,2.0,1,2.0,3.0,1000,0.0,3.0,3.0,2,18.0,2.0,1,2.0,0,1995.0,26.0,1,27,999,1.0,0.0,0.0,0.0,0.0,5.0,200,1.0,4,2,0.0,1,2,3.0,4.0,1
0,379.0,500.0,40,500.0,500.0,86,6.0,999,1.0,19.0,38,6.0,1.0,2,5,2.0,29,2.0,3.0,9000,0.0,3.0,3.0,0,30.0,2.0,9,2.0,0,1995.0,20.0,1,38,999,1.0,0.0,0.0,0.0,0.0,5.0,600,3.0,4,2,0.0,1,2,3.0,4.0,8
0,379.0,19000.0,98,19000.0,19000.0,96,4.0,22,1.0,21.0,38,6.0,1.0,2,5,2.0,1,2.0,3.0,1000,0.0,3.0,3.0,0,40.0,2.0,1,2.0,0,1995.0,47.0,1,12,32,5.0,0.0,0.0,0.0,0.0,5.0,200,3.0,2,2,0.0,1,2,3.0,1.0,1
0,379.0,1000.0,01,1000.0,1000.0,46,6.0,210,1.0,19.0,38,6.0,2.0,2,5,2.0,15,2.0,2.0,8000,0.0,2.0,2.0,0,5.0,2.0,8,2.0,0,1995.0,13.0,0,4,999,1.0,0.0,0.0,0.0,0.0,5.0,100,1.0,1,2,0.0,1,2,3.0,4.0,2
0,379.0,4000.0,41,4000.0,4000.0,86,6.0,32,1.0,19.0,38,6.0,2.0,2,5,2.0,1,2.0,2.0,1000,0.0,2.0,2.0,0,30.0,2.0,1,2.0,0,1995.0,20.0,1,27,89,1.0,0.0,0.0,0.0,0.0,5.0,500,1.0,2,2,0.0,1,2,3.0,4.0,1
0,379.0,0.0,42,0.0,0.0,69,6.0,917,3.0,14.0,37,3.0,1.0,2,2,2.0,3,2.0,3.0,5013,0.0,3.0,3.0,0,40.0,2.0,3,2.0,1,2009.0,52.0,0,38,999,1.0,0.0,0.0,0.0,0.0,5.0,300,3.0,1,2,0.0,1,2,3.0,4.0,1
0,379.0,19200.0,72,20300.0,20300.0,42,1.0,999,1.0,16.0,38,6.0,1.0,2,5,2.0,1,2.0,3.0,1000,0.0,3.0,3.0,2,40.0,2.0,1,2.0,0,1995.0,52.0,1,27,999,1.0,0.0,0.0,0.0,0.0,5.0,400,3.0,4,2,-1100.0,1,2,3.0,4.0,1
0,379.0,11000.0,60,11000.0,11000.0,01,1.0,32,1.0,19.0,38,6.0,1.0,2,5,2.0,1,2.0,3.0,1000,0.0,3.0,3.0,0,35.0,2.0,1,2.0,0,1995.0,42.0,1,27,50,1.0,0.0,0.0,0.0,0.0,5.0,600,1.0,2,2,0.0,1,2,3.0,4.0,1
0,379.0,20000.0,96,20000.0,20000.0,53,6.0,32,1.0,19.0,38,6.0,2.0,2,5,2.0,1,2.0,2.0,1000,0.0,2.0,2.0,0,40.0,2.0,1,2.0,0,1995.0,24.0,1,38,999,1.0,0.0,0.0,0.0,0.0,5.0,500,3.0,1,2,0.0,1,2,3.0,4.0,1
1,186.0,29000.0,36,18000.0,18000.0,82,1.0,171,1.0,16.0,38,6.0,1.0,2,5,2.0,1,2.0,3.0,1000,0.0,3.0,3.0,0,40.0,2.0,1,2.0,0,1995.0,26.0,1,38,999,1.0,0.0,0.0,11000.0,0.0,5.0,100,3.0,1,2,0.0,1,2,3.0,4.0,1
1,379.0,3000.0,47,3000.0,3000.0,48,1.0,999,1.0,19.0,38,6.0,1.0,2,5,2.0,10,2.0,3.0,4025,0.0,3.0,3.0,0,18.0,2.0,6,2.0,0,1995.0,28.0,0,30,999,1.0,0.0,0.0,0.0,0.0,5.0,200,3.0,4,2,0.0,1,2,3.0,4.0,1
0,379.0,50000.0,42,50000.0,50000.0,77,6.0,82,1.0,16.0,37,6.0,1.0,2,5,2.0,1,2.0,3.0,1000,0.0,3.0,3.0,0,40.0,2.0,1,2.0,0,1995.0,52.0,1,38,999,1.0,0.0,0.0,0.0,0.0,5.0,200,3.0,1,2,0.0,1,2,3.0,4.0,1
1,85.0,13000.0,42,13000.0,13000.0,85,1.0,999,1.0,17.0,38,6.0,1.0,1,5,1.0,1,1.0,3.0,1000,0.0,3.0,3.0,0,40.0,2.0,1,2.0,0,1995.0,28.0,1,12,999,1.0,0.0,0.0,0.0,0.0,5.0,400,3.0,4,2,0.0,1,2,3.0,4.0,1
0,379.0,5000.0,47,5000.0,5000.0,49,6.0,290,1.0,16.0,38,6.0,1.0,2,5,2.0,29,2.0,3.0,9000,0.0,3.0,3.0,0,10.0,2.0,9,2.0,0,1995.0,44.0,1,8,999,1.0,0.0,0.0,0.0,0.0,5.0,300,3.0,1,2,0.0,1,2,3.0,4.0,24
0,379.0,50000.0,62,50000.0,50000.0,07,6.0,999,1.0,16.0,37,6.0,1.0,2,5,2.0,1,2.0,3.0,1000,0.0,3.0,3.0,0,40.0,2.0,1,2.0,0,1995.0,52.0,1,38,999,1.0,0.0,0.0,0.0,0.0,5.0,400,3.0,4,2,0.0,1,2,3.0,4.0,1
0,379.0,7500.0,46,7500.0,7500.0,84,1.0,999,1.0,16.0,38,6.0,1.0,2,5,2.0,1,2.0,3.0,1000,0.0,3.0,3.0,0,30.0,2.0,1,2.0,0,1995.0,40.0,1,501,999,1.0,0.0,0.0,0.0,0.0,5.0,200,3.0,4,2,0.0,8,2,3.0,4.0,1
0,379.0,3300.0,99,0.0,0.0,99,3.0,32,3.0,19.0,38,6.0,2.0,2,5,2.0,1,2.0,1.0,1000,0.0,2.0,2.0,0,40.0,2.0,1,2.0,0,1995.0,52.0,1,20,999,9.0,0.0,3300.0,0.0,0.0,1.0,600,1.0,1,2,0.0,1,2,3.0,4.0,1
1,27.0,4300.0,42,0.0,0.0,69,6.0,999,3.0,16.0,38,4.0,1.0,1,3,1.0,1,1.0,3.0,1000,4300.0,3.0,3.0,0,40.0,1.0,1,1.0,0,2003.0,52.0,1,38,999,1.0,0.0,0.0,0.0,0.0,5.0,500,3.0,4,1,0.0,1,1,3.0,4.0,1
0,379.0,3270.0,62,2900.0,2900.0,07,6.0,999,1.0,16.0,37,6.0,1.0,2,5,2.0,3,2.0,3.0,5025,0.0,3.0,3.0,0,25.0,2.0,5,2.0,1,1995.0,40.0,0,38,999,1.0,0.0,0.0,370.0,0.0,5.0,200,3.0,4,2,0.0,1,2,3.0,4.0,1
1,27.0,4300.0,36,0.0,0.0,81,6.0,999,2.0,16.0,38,6.0,2.0,1,5,1.0,1,1.0,2.0,1000,4300.0,2.0,2.0,0,40.0,1.0,1,1.0,0,1995.0,52.0,1,38,999,1.0,0.0,0.0,0.0,0.0,5.0,300,1.0,4,1,0.0,1,2,3.0,4.0,1
1,186.0,29000.0,36,18000.0,18000.0,82,1.0,171,1.0,19.0,38,6.0,1.0,2,5,2.0,1,2.0,3.0,1000,0.0,3.0,3.0,0,40.0,2.0,1,2.0,0,1995.0,26.0,1,38,999,1.0,0.0,0.0,11000.0,0.0,5.0,500,3.0,1,2,0.0,1,2,3.0,4.0,1
0,379.0,920.0,60,920.0,920.0,01,6.0,32,1.0,19.0,38,6.0,2.0,2,5,2.0,1,2.0,2.0,1000,0.0,2.0,2.0,0,20.0,2.0,1,2.0,0,1995.0,11.0,1,27,22,1.0,0.0,0.0,0.0,0.0,5.0,500,1.0,2,2,0.0,1,2,3.0,4.0,1
0,176.0,27500.0,62,27500.0,0.0,01,1.0,3,1.0,16.0,38,2.0,1.0,2,1,2.0,1,2.0,3.0,1000,0.0,3.0,3.0,0,40.0,2.0,1,2.0,0,2014.0,52.0,1,46,32,6.0,0.0,0.0,0.0,0.0,5.0,300,1.0,2,2,0.0,1,2,3.0,4.0,1
0,379.0,4500.0,40,4500.0,4500.0,86,1.0,32,1.0,19.0,38,6.0,1.0,2,5,2.0,1,2.0,3.0,1000,0.0,3.0,3.0,0,25.0,2.0,1,2.0,0,1995.0,24.0,1,27,148,1.0,0.0,0.0,0.0,0.0,5.0,300,1.0,2,2,0.0,1,2,3.0,4.0,1
0,379.0,3300.0,99,0.0,0.0,99,3.0,999,3.0,18.0,38,6.0,1.0,2,5,2.0,1,2.0,3.0,1000,0.0,3.0,3.0,0,40.0,2.0,1,2.0,0,1995.0,52.0,1,27,999,9.0,0.0,3300.0,0.0,0.0,5.0,600,3.0,4,2,0.0,1,2,3.0,4.0,1
0,379.0,2000.0,47,2000.0,2000.0,48,6.0,999,1.0,18.0,38,6.0,1.0,2,5,2.0,1,2.0,3.0,1000,0.0,3.0,3.0,0,15.0,2.0,1,2.0,0,1995.0,8.0,1,27,999,1.0,0.0,0.0,0.0,0.0,5.0,600,3.0,4,2,0.0,1,2,3.0,4.0,1
1,54.0,8600.0,42,0.0,0.0,69,6.0,999,3.0,16.0,38,2.0,2.0,1,1,1.0,1,1.0,2.0,1000,8600.0,2.0,2.0,0,40.0,1.0,1,1.0,0,2014.0,52.0,1,38,999,1.0,0.0,0.0,0.0,0.0,5.0,600,1.0,4,2,0.0,1,2,3.0,4.0,1
1,27.0,4300.0,42,0.0,0.0,69,6.0,999,3.0,16.0,38,6.0,2.0,1,5,2.0,1,1.0,2.0,1000,4300.0,2.0,2.0,0,40.0,1.0,1,1.0,0,1995.0,52.0,1,38,999,1.0,0.0,0.0,0.0,0.0,5.0,300,1.0,4,1,0.0,1,2,3.0,4.0,1
0,379.0,5000.0,52,5000.0,2000.0,78,1.0,98,1.0,19.0,38,6.0,1.0,2,5,2.0,1,2.0,3.0,1000,0.0,3.0,3.0,0,9.0,2.0,1,2.0,0,1995.0,52.0,1,27,32,4.0,0.0,0.0,0.0,0.0,5.0,600,1.0,2,2,0.0,1,2,3.0,4.0,1
0,379.0,4300.0,42,0.0,0.0,69,6.0,999,3.0,15.0,37,6.0,1.0,1,5,1.0,1,1.0,3.0,1000,4300.0,3.0,3.0,0,40.0,2.0,1,2.0,0,1995.0,52.0,1,38,999,1.0,0.0,0.0,0.0,0.0,5.0,300,1.0,4,2,0.0,1,2,3.0,4.0,1
0,379.0,9000.0,40,9000.0,9000.0,86,1.0,32,1.0,19.0,38,6.0,1.0,2,5,2.0,1,2.0,3.0,1000,0.0,3.0,3.0,0,20.0,2.0,1,2.0,0,1995.0,52.0,1,27,51,1.0,0.0,0.0,0.0,0.0,5.0,500,1.0,2,2,0.0,1,2,3.0,4.0,1
1,379.0,17000.0,42,0.0,0.0,69,6.0,999,3.0,19.0,37,6.0,1.0,1,5,1.0,1,1.0,3.0,1000,8500.0,3.0,3.0,0,40.0,1.0,1,1.0,0,1995.0,52.0,1,38,999,1.0,8500.0,0.0,0.0,0.0,5.0,400,3.0,4,2,0.0,1,2,3.0,4.0,1
0,379.0,11500.0,59,11500.0,11500.0,78,1.0,32,1.0,19.0,38,6.0,1.0,2,5,2.0,1,2.0,3.0,1000,0.0,3.0,3.0,0,12.0,2.0,1,2.0,0,1995.0,52.0,1,27,999,4.0,0.0,0.0,0.0,0.0,5.0,500,1.0,1,2,0.0,1,2,3.0,4.0,1
0,379.0,3000.0,46,3000.0,3000.0,78,1.0,32,1.0,19.0,38,6.0,1.0,2,5,2.0,1,2.0,3.0,1000,0.0,3.0,3.0,2,25.0,2.0,1,2.0,0,1995.0,44.0,1,38,88,4.0,0.0,0.0,0.0,0.0,5.0,500,1.0,2,2,0.0,1,2,3.0,4.0,1
0,379.0,3500.0,41,3500.0,3500.0,85,1.0,999,1.0,19.0,38,6.0,1.0,2,5,2.0,2,2.0,3.0,3000,0.0,3.0,3.0,0,15.0,2.0,2,2.0,0,1995.0,30.0,0,1,999,1.0,0.0,0.0,0.0,0.0,5.0,400,1.0,4,2,0.0,1,2,3.0,4.0,1
1,189.0,28800.0,94,28800.0,28800.0,87,1.0,920,1.0,19.0,38,4.0,1.0,1,3,2.0,3,1.0,3.0,5025,0.0,3.0,3.0,0,40.0,1.0,5,1.0,1,1995.0,28.0,0,38,999,1.0,0.0,0.0,0.0,0.0,5.0,400,3.0,1,2,0.0,1,2,3.0,4.0,1
0,379.0,2000.0,47,2000.0,2000.0,48,6.0,999,1.0,18.0,38,6.0,1.0,2,5,2.0,1,2.0,3.0,1000,0.0,3.0,3.0,0,15.0,2.0,1,2.0,0,1995.0,8.0,1,27,999,1.0,0.0,0.0,0.0,0.0,5.0,600,3.0,4,2,0.0,1,2,3.0,4.0,1
0,379.0,0.0,42,0.0,0.0,69,6.0,999,3.0,18.0,38,6.0,1.0,2,5,2.0,1,2.0,3.0,1000,0.0,3.0,3.0,0,40.0,2.0,1,2.0,0,1995.0,52.0,1,27,999,1.0,0.0,0.0,0.0,0.0,5.0,600,3.0,4,2,0.0,1,2,3.0,4.0,1
1,379.0,4300.0,42,0.0,0.0,69,6.0,999,3.0,15.0,37,6.0,1.0,1,5,1.0,1,1.0,3.0,1000,4300.0,3.0,3.0,0,40.0,2.0,1,1.0,0,1995.0,52.0,1,38,999,1.0,0.0,0.0,0.0,0.0,5.0,600,1.0,4,2,0.0,1,2,3.0,4.0,1
1,379.0,28000.0,62,28000.0,28000.0,07,6.0,999,1.0,12.0,37,3.0,1.0,2,2,2.0,3,2.0,3.0,5013,0.0,3.0,3.0,0,44.0,2.0,3,2.0,1,2020.0,28.0,0,38,999,1.0,0.0,0.0,0.0,0.0,5.0,400,3.0,4,2,0.0,1,2,3.0,4.0,1
0,379.0,32000.0,60,32000.0,32000.0,01,6.0,999,1.0,18.0,38,6.0,1.0,2,5,2.0,1,2.0,3.0,1000,0.0,3.0,3.0,2,75.0,2.0,1,2.0,0,1995.0,24.0,1,38,999,1.0,0.0,0.0,0.0,0.0,5.0,300,3.0,4,2,0.0,1,2,3.0,4.0,1
0,379.0,0.0,40,0.0,0.0,86,6.0,999,2.0,19.0,38,6.0,1.0,2,5,2.0,1,2.0,3.0,1000,0.0,3.0,3.0,0,40.0,2.0,1,2.0,0,1995.0,52.0,1,27,999,1.0,0.0,0.0,0.0,0.0,5.0,600,1.0,4,2,0.0,1,2,3.0,4.0,1
1,27.0,4300.0,42,0.0,0.0,69,6.0,999,3.0,16.0,38,6.0,2.0,1,5,2.0,1,1.0,2.0,1000,4300.0,2.0,2.0,0,40.0,1.0,1,1.0,0,1995.0,52.0,1,38,999,1.0,0.0,0.0,0.0,0.0,5.0,300,1.0,4,1,0.0,1,2,3.0,4.0,1
1,9.0,1400.0,42,0.0,0.0,69,6.0,999,3.0,16.0,38,6.0,2.0,1,5,1.0,1,1.0,2.0,1000,0.0,2.0,2.0,0,40.0,2.0,1,1.0,0,1995.0,52.0,1,38,999,1.0,1400.0,0.0,0.0,0.0,5.0,400,3.0,4,2,0.0,1,2,3.0,4.0,1
1,379.0,13200.0,42,0.0,0.0,69,6.0,917,3.0,15.0,37,6.0,1.0,1,5,1.0,3,1.0,3.0,5013,0.0,3.0,3.0,0,40.0,1.0,3,1.0,1,1995.0,52.0,0,17,999,1.0,13200.0,0.0,0.0,0.0,5.0,300,1.0,1,2,0.0,1,2,3.0,4.0,1
1,183.0,28800.0,94,28800.0,28800.0,87,1.0,920,1.0,16.0,38,2.0,1.0,2,1,2.0,3,2.0,3.0,5013,0.0,3.0,3.0,0,40.0,2.0,3,2.0,1,2022.0,28.0,0,27,999,1.0,0.0,0.0,0.0,0.0,5.0,500,3.0,1,2,0.0,1,2,3.0,4.0,1
1,58.0,9000.0,42,0.0,0.0,94,6.0,32,2.0,17.0,38,6.0,2.0,1,5,1.0,1,1.0,2.0,1000,0.0,2.0,2.0,0,40.0,2.0,1,2.0,0,1995.0,52.0,1,38,999,4.0,9000.0,0.0,0.0,0.0,5.0,300,1.0,1,2,0.0,1,2,3.0,4.0,1
0,379.0,7000.0,96,7000.0,7000.0,49,6.0,22,1.0,16.0,38,6.0,2.0,2,5,2.0,1,2.0,2.0,1000,0.0,2.0,2.0,2,32.0,2.0,1,2.0,0,1995.0,38.0,1,49,32,1.0,0.0,0.0,0.0,0.0,5.0,300,3.0,2,2,0.0,1,2,3.0,4.0,1
0,379.0,600.0,40,600.0,600.0,86,6.0,999,1.0,19.0,38,6.0,1.0,2,5,2.0,1,2.0,3.0,1000,0.0,3.0,3.0,2,30.0,2.0,1,2.0,0,1995.0,20.0,1,38,999,1.0,0.0,0.0,0.0,0.0,5.0,600,1.0,4,2,0.0,1,2,3.0,4.0,1
1,27.0,4300.0,36,0.0,0.0,81,6.0,999,2.0,16.0,38,6.0,2.0,1,5,1.0,1,1.0,2.0,1000,4300.0,2.0,2.0,0,40.0,1.0,1,1.0,0,1995.0,52.0,1,38,999,1.0,0.0,0.0,0.0,0.0,5.0,300,1.0,4,1,0.0,1,2,3.0,4.0,1
1,379.0,4300.0,42,0.0,0.0,69,6.0,999,3.0,15.0,37,6.0,1.0,1,5,1.0,1,1.0,3.0,1000,4300.0,3.0,3.0,0,40.0,2.0,1,1.0,0,1995.0,52.0,1,38,999,1.0,0.0,0.0,0.0,0.0,5.0,600,1.0,4,2,0.0,1,2,3.0,4.0,1
1,379.0,0.0,42,0.0,0.0,69,6.0,999,3.0,16.0,37,6.0,1.0,2,5,2.0,2,2.0,3.0,3000,0.0,3.0,3.0,0,40.0,2.0,2,2.0,0,1995.0,52.0,0,12,999,1.0,0.0,0.0,0.0,0.0,5.0,400,1.0,4,2,0.0,1,2,3.0,4.0,1
0,379.0,26000.0,64,26000.0,26000.0,07,6.0,999,1.0,14.0,37,6.0,1.0,2,5,2.0,1,2.0,3.0,1000,0.0,3.0,3.0,0,40.0,2.0,1,2.0,0,1995.0,52.0,1,38,999,1.0,0.0,0.0,0.0,0.0,5.0,500,3.0,4,2,0.0,1,2,3.0,4.0,1
1,0.0,0.0,42,0.0,0.0,69,6.0,998,3.0,19.0,38,6.0,2.0,2,5,2.0,1,2.0,2.0,1000,0.0,2.0,2.0,0,40.0,2.0,1,2.0,0,1995.0,52.0,1,34,999,1.0,0.0,0.0,0.0,0.0,5.0,300,1.0,1,2,0.0,1,2,3.0,4.0,1
1,27.0,4300.0,42,0.0,0.0,69,6.0,999,3.0,16.0,38,4.0,1.0,1,3,1.0,1,1.0,3.0,1000,4300.0,3.0,3.0,0,40.0,1.0,1,1.0,0,2003.0,52.0,1,38,999,1.0,0.0,0.0,0.0,0.0,5.0,400,3.0,4,1,0.0,1,1,3.0,4.0,1
0,379.0,27100.0,38,27100.0,27100.0,96,4.0,235,1.0,19.0,38,6.0,1.0,2,5,2.0,1,2.0,2.0,1000,0.0,3.0,3.0,0,60.0,2.0,1,2.0,0,1995.0,52.0,1,50,51,5.0,0.0,0.0,0.0,0.0,5.0,200,1.0,2,2,0.0,1,2,3.0,1.0,17
0,379.0,0.0,42,0.0,0.0,69,6.0,999,3.0,19.0,38,6.0,1.0,2,5,2.0,83,2.0,3.0,9000,0.0,3.0,3.0,0,40.0,2.0,9,2.0,0,1995.0,52.0,1,8,999,1.0,0.0,0.0,0.0,0.0,5.0,300,1.0,4,2,0.0,1,2,3.0,4.0,24
0,379.0,0.0,27,0.0,0.0,85,6.0,999,2.0,16.0,38,6.0,1.0,2,5,2.0,1,2.0,3.0,1000,0.0,3.0,3.0,0,40.0,2.0,1,2.0,0,1995.0,52.0,1,38,999,3.0,0.0,0.0,0.0,0.0,5.0,500,3.0,4,2,0.0,1,2,3.0,4.0,1
0,379.0,9500.0,46,9500.0,9500.0,82,1.0,999,1.0,18.0,38,6.0,1.0,2,5,2.0,1,2.0,3.0,1000,0.0,3.0,3.0,0,25.0,2.0,1,2.0,0,1995.0,52.0,1,38,999,1.0,0.0,0.0,0.0,0.0,5.0,600,3.0,4,2,0.0,1,2,3.0,4.0,1
0,379.0,19200.0,72,20300.0,20300.0,42,1.0,82,1.0,16.0,38,6.0,1.0,2,5,2.0,1,2.0,3.0,1000,0.0,3.0,3.0,0,40.0,2.0,1,2.0,0,1995.0,52.0,1,38,32,1.0,0.0,0.0,0.0,0.0,5.0,400,3.0,2,2,-1100.0,1,2,3.0,4.0,1
0,379.0,3000.0,96,3000.0,3000.0,49,6.0,917,1.0,18.0,38,6.0,2.0,2,5,2.0,3,2.0,2.0,5002,0.0,2.0,2.0,0,30.0,2.0,3,2.0,1,1995.0,12.0,0,46,999,3.0,0.0,0.0,0.0,0.0,5.0,300,3.0,1,2,0.0,1,2,3.0,4.0,1
0,379.0,7000.0,96,7000.0,7000.0,49,6.0,22,1.0,16.0,38,6.0,2.0,2,5,2.0,1,2.0,2.0,1000,0.0,2.0,2.0,2,32.0,2.0,1,2.0,0,1995.0,38.0,1,49,32,1.0,0.0,0.0,0.0,0.0,5.0,300,3.0,2,2,0.0,1,2,3.0,4.0,1
0,379.0,7200.0,46,7200.0,7200.0,86,6.0,32,1.0,19.0,38,6.0,2.0,2,5,2.0,1,2.0,2.0,1000,0.0,2.0,2.0,0,40.0,2.0,1,2.0,0,1995.0,12.0,1,27,50,1.0,0.0,0.0,0.0,0.0,5.0,300,3.0,2,2,0.0,1,2,3.0,4.0,1
0,379.0,8100.0,41,8100.0,8100.0,86,1.0,32,1.0,18.0,38,6.0,1.0,2,5,2.0,1,2.0,3.0,1000,0.0,3.0,3.0,0,25.0,2.0,1,2.0,0,1995.0,44.0,1,27,999,1.0,0.0,0.0,0.0,0.0,5.0,500,3.0,1,2,0.0,1,2,3.0,4.0,1
0,379.0,50000.0,62,50000.0,50000.0,07,6.0,226,1.0,16.0,37,2.0,1.0,2,1,2.0,15,2.0,3.0,8000,0.0,3.0,3.0,0,40.0,2.0,8,2.0,0,2017.0,52.0,0,312,999,1.0,0.0,0.0,0.0,0.0,5.0,300,1.0,1,2,0.0,3,2,3.0,4.0,11
0,379.0,12500.0,96,10000.0,10000.0,49,6.0,32,1.0,19.0,38,6.0,2.0,2,5,2.0,1,2.0,2.0,1000,0.0,2.0,2.0,0,33.0,2.0,1,2.0,0,1995.0,26.0,1,27,999,1.0,0.0,0.0,2500.0,0.0,5.0,600,3.0,1,2,0.0,1,2,3.0,4.0,1
0,379.0,2700.0,41,2700.0,2700.0,81,1.0,82,1.0,16.0,38,6.0,1.0,2,5,2.0,1,2.0,3.0,1000,0.0,3.0,3.0,0,20.0,2.0,1,2.0,0,1995.0,16.0,1,38,999,1.0,0.0,0.0,0.0,0.0,5.0,600,3.0,1,2,0.0,1,2,3.0,4.0,1
0,379.0,8000.0,15,8000.0,8000.0,72,6.0,999,1.0,19.0,38,6.0,1.0,2,5,2.0,1,2.0,3.0,1000,0.0,3.0,3.0,0,50.0,2.0,1,2.0,0,1995.0,12.0,1,38,999,1.0,0.0,0.0,0.0,0.0,5.0,600,1.0,4,2,0.0,1,2,3.0,4.0,1
0,379.0,10000.0,23,10000.0,10000.0,39,6.0,32,1.0,19.0,38,6.0,2.0,2,5,2.0,1,2.0,2.0,1000,0.0,2.0,2.0,0,40.0,2.0,1,2.0,0,1995.0,10.0,1,27,999,1.0,0.0,0.0,0.0,0.0,5.0,500,1.0,1,2,0.0,1,2,3.0,4.0,1
0,379.0,8400.0,96,8400.0,8400.0,63,6.0,902,1.0,16.0,37,6.0,2.0,2,5,2.0,2,2.0,2.0,3000,0.0,2.0,2.0,0,20.0,2.0,2,2.0,0,1995.0,27.0,0,454,999,1.0,0.0,0.0,0.0,0.0,5.0,300,3.0,1,2,0.0,6,2,3.0,4.0,1
0,379.0,19200.0,72,20300.0,20300.0,42,1.0,82,1.0,16.0,38,6.0,1.0,2,5,2.0,1,2.0,3.0,1000,0.0,3.0,3.0,0,40.0,2.0,1,2.0,0,1995.0,52.0,1,38,32,1.0,0.0,0.0,0.0,0.0,5.0,400,3.0,2,2,-1100.0,1,2,3.0,4.0,1
0,379.0,5500.0,77,5500.0,5000.0,38,6.0,51,1.0,19.0,38,6.0,2.0,2,5,2.0,1,2.0,2.0,1000,0.0,2.0,2.0,0,30.0,2.0,1,2.0,0,1995.0,13.0,1,27,32,1.0,0.0,0.0,0.0,0.0,5.0,600,1.0,2,2,0.0,1,2,3.0,4.0,1
0,379.0,19000.0,98,19000.0,19000.0,96,4.0,22,1.0,21.0,38,6.0,1.0,2,5,2.0,1,2.0,3.0,1000,0.0,3.0,3.0,0,40.0,2.0,1,2.0,0,1995.0,47.0,1,12,32,5.0,0.0,0.0,0.0,0.0,5.0,200,3.0,2,2,0.0,1,2,3.0,1.0,1
0,379.0,12000.0,91,12000.0,12000.0,83,6.0,51,1.0,18.0,38,6.0,2.0,2,5,2.0,1,2.0,2.0,1000,0.0,2.0,2.0,0,15.0,2.0,1,2.0,0,1995.0,20.0,1,8,999,1.0,0.0,0.0,0.0,0.0,5.0,500,3.0,1,2,0.0,1,2,3.0,4.0,1
0,379.0,3000.0,40,3000.0,3000.0,86,1.0,999,1.0,19.0,38,6.0,1.0,2,5,2.0,1,2.0,3.0,1000,0.0,3.0,3.0,2,28.0,2.0,1,2.0,0,1995.0,16.0,1,4,999,1.0,0.0,0.0,0.0,0.0,5.0,400,1.0,4,2,0.0,1,2,3.0,4.0,1
0,379.0,12000.0,63,12000.0,12000.0,07,6.0,931,1.0,16.0,38,6.0,2.0,2,5,2.0,1,2.0,2.0,1000,0.0,2.0,2.0,0,35.0,2.0,1,2.0,0,1995.0,40.0,1,301,999,1.0,0.0,0.0,0.0,0.0,5.0,500,2.0,1,2,0.0,7,2,3.0,4.0,1
1,27.0,4300.0,42,0.0,0.0,69,6.0,996,3.0,1.0,38,6.0,2.0,2,5,2.0,3,2.0,3.0,5013,4300.0,3.0,3.0,0,40.0,2.0,3,2.0,1,1995.0,52.0,0,27,999,1.0,0.0,0.0,0.0,0.0,5.0,600,3.0,3,2,0.0,1,2,3.0,4.0,1
0,379.0,5900.0,36,7000.0,7000.0,82,1.0,999,1.0,19.0,38,6.0,1.0,2,5,2.0,1,2.0,3.0,1000,0.0,3.0,3.0,2,25.0,2.0,1,2.0,0,1995.0,26.0,1,27,999,1.0,0.0,0.0,0.0,0.0,5.0,600,1.0,4,2,-1100.0,1,2,3.0,4.0,1
1,379.0,4300.0,42,0.0,0.0,69,6.0,999,3.0,15.0,37,6.0,1.0,1,5,1.0,1,1.0,3.0,1000,4300.0,3.0,3.0,0,40.0,2.0,1,1.0,0,1995.0,52.0,1,38,999,1.0,0.0,0.0,0.0,0.0,5.0,300,1.0,4,2,0.0,1,2,3.0,4.0,1
0,379.0,4200.0,42,4200.0,4200.0,93,6.0,902,1.0,16.0,37,6.0,1.0,2,5,2.0,2,2.0,3.0,3000,0.0,3.0,3.0,0,56.0,2.0,2,2.0,0,1995.0,52.0,0,27,999,3.0,0.0,0.0,0.0,0.0,5.0,300,1.0,1,2,0.0,1,2,3.0,4.0,1
0,501.0,145000.0,81,145000.0,0.0,01,1.0,3,1.0,11.0,38,6.0,1.0,2,5,2.0,1,2.0,3.0,1000,0.0,3.0,3.0,0,40.0,2.0,1,2.0,0,1995.0,52.0,1,46,32,6.0,0.0,0.0,0.0,0.0,5.0,400,1.0,2,2,0.0,1,2,3.0,4.0,1
1,186.0,29000.0,36,18000.0,18000.0,82,1.0,171,1.0,19.0,38,6.0,1.0,2,5,2.0,1,2.0,3.0,1000,0.0,3.0,3.0,0,40.0,2.0,1,2.0,0,1995.0,26.0,1,38,999,1.0,0.0,0.0,11000.0,0.0,5.0,100,3.0,1,2,0.0,1,2,3.0,4.0,1
0,379.0,5000.0,36,5000.0,5000.0,82,1.0,999,1.0,19.0,38,6.0,1.0,2,5,2.0,1,2.0,3.0,1000,0.0,3.0,3.0,0,35.0,2.0,1,2.0,0,1995.0,40.0,1,27,999,1.0,0.0,0.0,0.0,0.0,5.0,400,1.0,4,2,0.0,1,2,3.0,4.0,1
0,379.0,5500.0,77,5500.0,5000.0,38,6.0,999,1.0,19.0,38,6.0,1.0,2,5,2.0,1,2.0,3.0,1000,0.0,3.0,3.0,0,30.0,2.0,1,2.0,0,1995.0,13.0,1,20,999,1.0,0.0,0.0,0.0,0.0,5.0,600,1.0,4,2,0.0,1,2,3.0,4.0,1
0,379.0,6000.0,23,6000.0,6000.0,92,1.0,32,1.0,19.0,38,6.0,1.0,2,5,2.0,1,2.0,3.0,1000,0.0,3.0,3.0,0,15.0,2.0,1,2.0,0,1995.0,52.0,1,38,148,1.0,0.0,0.0,0.0,0.0,5.0,300,1.0,2,2,0.0,1,2,3.0,4.0,1
0,379.0,1200.0,36,1200.0,1200.0,81,1.0,32,1.0,19.0,38,6.0,1.0,2,5,2.0,1,2.0,3.0,1000,0.0,3.0,3.0,2,15.0,2.0,1,2.0,0,1995.0,36.0,1,46,999,2.0,0.0,0.0,0.0,0.0,5.0,300,1.0,1,2,0.0,1,2,3.0,4.0,1
1,183.0,28800.0,94,28800.0,28800.0,87,1.0,920,1.0,14.0,38,2.0,1.0,2,1,2.0,3,2.0,3.0,5013,0.0,3.0,3.0,0,40.0,2.0,3,2.0,1,2022.0,28.0,0,27,999,1.0,0.0,0.0,0.0,0.0,5.0,600,3.0,1,2,0.0,1,2,3.0,4.0,1
0,379.0,9000.0,40,9000.0,9000.0,86,1.0,32,1.0,19.0,38,6.0,1.0,2,5,2.0,1,2.0,3.0,1000,0.0,3.0,3.0,0,20.0,2.0,1,2.0,0,1995.0,52.0,1,27,51,1.0,0.0,0.0,0.0,0.0,5.0,500,1.0,2,2,0.0,1,2,3.0,4.0,1
1,9.0,1400.0,42,0.0,0.0,69,6.0,999,3.0,16.0,38,6.0,2.0,1,5,1.0,1,1.0,2.0,1000,0.0,2.0,2.0,0,40.0,2.0,1,1.0,0,1995.0,52.0,1,38,999,1.0,1400.0,0.0,0.0,0.0,5.0,400,3.0,4,2,0.0,1,2,3.0,4.0,1
0,379.0,4500.0,39,4500.0,4500.0,85,1.0,999,1.0,16.0,38,6.0,1.0,2,5,2.0,1,2.0,3.0,1000,0.0,3.0,3.0,2,20.0,2.0,1,2.0,0,1995.0,15.0,1,38,999,3.0,0.0,0.0,0.0,0.0,5.0,600,3.0,4,2,0.0,1,2,3.0,4.0,1
0,379.0,8100.0,41,8100.0,8100.0,86,1.0,32,1.0,18.0,38,6.0,1.0,2,5,2.0,1,2.0,3.0,1000,0.0,3.0,3.0,0,25.0,2.0,1,2.0,0,1995.0,44.0,1,27,999,1.0,0.0,0.0,0.0,0.0,5.0,500,3.0,1,2,0.0,1,2,3.0,4.0,1
0,379.0,6700.0,46,6700.0,0.0,92,6.0,82,1.0,19.0,38,6.0,2.0,2,5,2.0,1,2.0,2.0,1000,0.0,2.0,2.0,0,10.0,2.0,1,2.0,0,1995.0,48.0,1,38,999,6.0,0.0,0.0,0.0,0.0,5.0,500,1.0,1,2,0.0,1,2,3.0,4.0,1
0,379.0,5100.0,40,5100.0,5100.0,94,1.0,82,1.0,19.0,38,6.0,1.0,2,5,2.0,1,2.0,3.0,1000,0.0,3.0,3.0,0,20.0,2.0,1,2.0,0,1995.0,47.0,1,38,999,4.0,0.0,0.0,0.0,0.0,5.0,500,3.0,1,2,0.0,1,2,3.0,4.0,1
0,379.0,11200.0,91,11200.0,11200.0,86,6.0,50,1.0,19.0,38,6.0,2.0,2,5,2.0,1,2.0,2.0,1000,0.0,2.0,2.0,0,30.0,2.0,1,2.0,0,1995.0,32.0,1,6,999,1.0,0.0,0.0,0.0,0.0,5.0,400,1.0,1,2,0.0,1,2,3.0,4.0,1
0,379.0,3000.0,49,3000.0,3000.0,53,6.0,32,1.0,18.0,38,6.0,2.0,2,5,2.0,1,2.0,2.0,1000,0.0,2.0,2.0,0,15.0,2.0,1,2.0,0,1995.0,8.0,1,38,82,1.0,0.0,0.0,0.0,0.0,5.0,600,3.0,2,2,0.0,1,2,3.0,4.0,1
0,379.0,1500.0,41,1500.0,1500.0,86,6.0,51,1.0,18.0,38,6.0,2.0,2,5,2.0,1,2.0,2.0,1000,0.0,2.0,2.0,0,15.0,2.0,1,2.0,0,1995.0,12.0,1,26,999,1.0,0.0,0.0,0.0,0.0,5.0,500,3.0,1,2,0.0,1,2,3.0,4.0,1
1,379.0,0.0,42,0.0,0.0,69,6.0,999,3.0,14.0,37,6.0,1.0,1,5,1.0,1,1.0,3.0,1000,0.0,3.0,3.0,0,40.0,2.0,1,2.0,0,1995.0,52.0,1,38,999,1.0,0.0,0.0,0.0,0.0,5.0,200,3.0,4,2,0.0,1,2,3.0,4.0,1
0,379.0,15000.0,38,15000.0,15000.0,94,1.0,32,1.0,19.0,38,6.0,1.0,2,5,2.0,1,2.0,3.0,1000,0.0,3.0,3.0,0,25.0,2.0,1,2.0,0,1995.0,38.0,1,38,999,4.0,0.0,0.0,0.0,0.0,5.0,400,1.0,1,2,0.0,1,2,3.0,4.0,1
0,379.0,11200.0,91,11200.0,11200.0,86,6.0,50,1.0,19.0,38,6.0,2.0,2,5,2.0,1,2.0,2.0,1000,0.0,2.0,2.0,0,30.0,2.0,1,2.0,0,1995.0,32.0,1,6,999,1.0,0.0,0.0,0.0,0.0,5.0,400,1.0,1,2,0.0,1,2,3.0,4.0,1
0,379.0,12000.0,41,12000.0,10000.0,86,6.0,999,1.0,16.0,38,6.0,1.0,2,5,2.0,1,2.0,3.0,1000,0.0,3.0,3.0,0,10.0,2.0,1,2.0,0,1995.0,36.0,1,38,999,1.0,0.0,0.0,0.0,0.0,5.0,400,3.0,4,2,0.0,1,2,3.0,4.0,1
0,379.0,1500.0,04,1500.0,1500.0,70,6.0,996,1.0,12.0,37,6.0,1.0,2,5,2.0,3,2.0,3.0,5025,0.0,3.0,3.0,0,40.0,2.0,5,2.0,1,1995.0,16.0,0,38,999,1.0,0.0,0.0,0.0,0.0,5.0,600,3.0,3,2,0.0,1,2,3.0,4.0,1
0,379.0,2400.0,42,2400.0,2400.0,76,6.0,999,1.0,16.0,37,6.0,1.0,2,5,2.0,3,2.0,3.0,5013,0.0,3.0,3.0,0,16.0,2.0,3,2.0,1,1995.0,52.0,0,31,999,1.0,0.0,0.0,0.0,0.0,5.0,200,3.0,4,2,0.0,1,2,3.0,4.0,1
0,501.0,145000.0,81,145000.0,0.0,01,1.0,3,1.0,11.0,38,6.0,1.0,2,5,2.0,1,2.0,3.0,1000,0.0,3.0,3.0,0,40.0,2.0,1,2.0,0,1995.0,52.0,1,46,32,6.0,0.0,0.0,0.0,0.0,5.0,400,1.0,2,2,0.0,1,2,3.0,4.0,1
0,147.0,23100.0,96,23100.0,23100.0,26,1.0,32,1.0,11.0,38,2.0,1.0,2,1,2.0,1,2.0,3.0,1000,0.0,3.0,3.0,0,40.0,2.0,1,2.0,0,1996.0,52.0,1,46,999,8.0,0.0,0.0,0.0,0.0,5.0,600,1.0,1,2,0.0,1,2,3.0,4.0,1
0,379.0,1300.0,41,1300.0,1300.0,86,6.0,999,1.0,16.0,38,6.0,1.0,2,5,2.0,1,2.0,3.0,1000,0.0,3.0,3.0,0,22.0,2.0,1,2.0,0,1995.0,36.0,1,38,999,1.0,0.0,0.0,0.0,0.0,5.0,400,3.0,4,2,0.0,1,2,3.0,4.0,1
0,379.0,8000.0,41,8000.0,8000.0,86,6.0,22,1.0,16.0,38,6.0,2.0,2,5,2.0,29,2.0,2.0,9000,0.0,2.0,2.0,0,15.0,2.0,9,2.0,0,1995.0,35.0,1,301,918,1.0,0.0,0.0,0.0,0.0,5.0,400,2.0,2,2,0.0,7,2,3.0,4.0,1
1,379.0,0.0,42,0.0,0.0,69,6.0,999,3.0,14.0,37,6.0,1.0,1,5,1.0,1,1.0,3.0,1000,0.0,3.0,3.0,0,40.0,2.0,1,2.0,0,1995.0,52.0,1,38,999,1.0,0.0,0.0,0.0,0.0,5.0,400,3.0,4,2,0.0,1,2,3.0,4.0,1
0,379.0,7600.0,40,7600.0,7600.0,86,1.0,32,1.0,19.0,38,6.0,1.0,2,5,2.0,1,2.0,2.0,1000,0.0,2.0,3.0,0,15.0,2.0,1,2.0,0,1995.0,46.0,1,21,50,1.0,0.0,0.0,0.0,0.0,3.0,300,1.0,2,2,0.0,1,2,2.0,4.0,1
1,0.0,0.0,42,0.0,0.0,69,6.0,998,3.0,16.0,38,6.0,2.0,2,5,2.0,1,2.0,2.0,1000,0.0,2.0,2.0,0,40.0,2.0,1,2.0,0,1995.0,52.0,1,34,999,1.0,0.0,0.0,0.0,0.0,5.0,400,1.0,1,2,0.0,1,2,3.0,4.0,1
1,61.0,9700.0,42,0.0,0.0,69,6.0,999,3.0,16.0,38,6.0,1.0,1,5,1.0,1,1.0,3.0,1000,0.0,3.0,3.0,0,40.0,1.0,1,1.0,0,1995.0,52.0,1,38,999,1.0,9700.0,0.0,0.0,0.0,5.0,400,1.0,4,2,0.0,1,2,3.0,4.0,1
0,379.0,7000.0,46,7000.0,7000.0,78,1.0,32,1.0,19.0,38,6.0,1.0,2,5,2.0,1,2.0,3.0,1000,0.0,3.0,3.0,0,10.0,2.0,1,2.0,0,1995.0,52.0,1,46,999,4.0,0.0,0.0,0.0,0.0,5.0,300,1.0,1,2,0.0,1,2,3.0,4.0,1
0,379.0,8900.0,98,10000.0,10000.0,96,4.0,210,1.0,16.0,38,6.0,1.0,2,5,2.0,15,2.0,3.0,8000,0.0,3.0,3.0,0,84.0,2.0,8,2.0,0,1995.0,15.0,0,48,999,5.0,0.0,0.0,0.0,0.0,5.0,200,3.0,1,2,-1100.0,1,2,3.0,1.0,2
1,0.0,0.0,42,0.0,0.0,69,6.0,999,3.0,16.0,38,4.0,2.0,1,3,1.0,1,1.0,2.0,1000,0.0,2.0,2.0,0,40.0,1.0,1,2.0,0,2008.0,52.0,1,39,999,1.0,0.0,0.0,0.0,0.0,5.0,500,1.0,4,2,0.0,1,2,3.0,4.0,1
0,379.0,1500.0,20,1500.0,1500.0,83,1.0,999,1.0,19.0,38,6.0,1.0,2,5,2.0,1,2.0,3.0,1000,0.0,3.0,3.0,2,10.0,2.0,1,2.0,0,1995.0,24.0,1,30,999,2.0,0.0,0.0,0.0,0.0,5.0,300,1.0,4,2,0.0,1,2,3.0,4.0,1
0,379.0,1000.0,27,1000.0,1000.0,85,1.0,795,1.0,19.0,38,6.0,1.0,2,5,2.0,10,2.0,3.0,4025,0.0,3.0,3.0,2,10.0,2.0,6,2.0,0,1995.0,2.0,0,32,999,1.0,0.0,0.0,0.0,0.0,5.0,400,3.0,1,2,0.0,1,2,3.0,4.0,1
0,379.0,0.0,96,0.0,0.0,45,6.0,999,2.0,14.0,37,6.0,1.0,2,5,2.0,2,2.0,3.0,3000,0.0,3.0,3.0,0,40.0,2.0,2,2.0,0,1995.0,52.0,0,38,999,1.0,0.0,0.0,0.0,0.0,5.0,600,3.0,4,2,0.0,1,2,3.0,4.0,1
0,379.0,48000.0,45,48000.0,48000.0,86,6.0,308,1.0,17.0,37,6.0,1.0,2,5,2.0,2,2.0,3.0,3000,0.0,3.0,3.0,0,30.0,2.0,2,2.0,0,1995.0,52.0,0,12,999,1.0,0.0,0.0,0.0,0.0,5.0,500,3.0,1,2,0.0,1,2,3.0,4.0,1
0,379.0,4500.0,52,4500.0,3500.0,85,3.0,999,1.0,16.0,38,6.0,1.0,2,5,2.0,1,2.0,3.0,1000,0.0,3.0,3.0,0,40.0,2.0,1,2.0,0,1995.0,12.0,1,6,999,1.0,0.0,0.0,0.0,0.0,5.0,600,3.0,4,2,0.0,1,2,3.0,4.0,1
1,379.0,0.0,42,0.0,0.0,69,6.0,999,3.0,16.0,37,4.0,1.0,1,3,1.0,1,1.0,3.0,1000,0.0,3.0,3.0,0,40.0,1.0,1,2.0,0,2002.0,52.0,1,38,999,1.0,0.0,0.0,0.0,0.0,5.0,400,3.0,4,2,0.0,1,2,3.0,2.0,1
0,379.0,2400.0,42,2400.0,2400.0,76,6.0,999,1.0,17.0,37,6.0,1.0,2,5,2.0,3,2.0,3.0,5013,0.0,3.0,3.0,0,16.0,2.0,3,2.0,1,1995.0,52.0,0,31,999,1.0,0.0,0.0,0.0,0.0,5.0,100,3.0,4,2,0.0,1,2,3.0,4.0,1
1,33.0,5200.0,77,5200.0,5200.0,35,6.0,142,1.0,18.0,38,3.0,2.0,2,2,2.0,1,2.0,2.0,1000,0.0,2.0,3.0,0,20.0,2.0,1,2.0,0,2017.0,52.0,1,47,50,1.0,0.0,0.0,0.0,0.0,5.0,100,3.0,2,2,0.0,1,2,2.0,4.0,1
0,176.0,27500.0,62,27500.0,0.0,01,1.0,3,1.0,16.0,38,2.0,1.0,2,1,2.0,1,2.0,3.0,1000,0.0,3.0,3.0,0,40.0,2.0,1,2.0,0,2015.0,52.0,1,46,32,6.0,0.0,0.0,0.0,0.0,5.0,400,1.0,2,2,0.0,1,2,3.0,4.0,1
0,379.0,1000.0,01,1000.0,1000.0,46,6.0,210,1.0,18.0,38,6.0,2.0,2,5,2.0,15,2.0,2.0,8000,0.0,2.0,2.0,0,5.0,2.0,8,2.0,0,1995.0,13.0,0,4,999,1.0,0.0,0.0,0.0,0.0,5.0,100,1.0,1,2,0.0,1,2,3.0,4.0,2
0,379.0,19200.0,72,20300.0,20300.0,42,1.0,999,1.0,19.0,38,6.0,1.0,2,5,2.0,1,2.0,3.0,1000,0.0,3.0,3.0,2,40.0,2.0,1,2.0,0,1995.0,52.0,1,27,999,1.0,0.0,0.0,0.0,0.0,5.0,400,3.0,4,2,-1100.0,1,2,3.0,4.0,1
0,176.0,27500.0,62,27500.0,0.0,01,1.0,3,1.0,12.0,38,2.0,1.0,2,1,2.0,1,2.0,3.0,1000,0.0,3.0,3.0,0,40.0,2.0,1,2.0,0,2015.0,52.0,1,46,32,6.0,0.0,0.0,0.0,0.0,5.0,400,1.0,2,2,0.0,1,2,3.0,4.0,1
1,379.0,5400.0,42,0.0,0.0,69,6.0,917,3.0,17.0,37,6.0,1.0,1,5,1.0,17,2.0,1.0,9000,5400.0,3.0,3.0,0,40.0,2.0,9,2.0,1,1995.0,52.0,1,38,999,1.0,0.0,0.0,0.0,0.0,1.0,300,3.0,1,2,0.0,1,2,3.0,4.0,1
0,379.0,4300.0,96,4300.0,4300.0,49,6.0,935,1.0,18.0,38,6.0,2.0,2,5,2.0,1,2.0,1.0,1000,0.0,2.0,2.0,2,15.0,2.0,1,2.0,0,1995.0,46.0,1,38,999,1.0,0.0,0.0,0.0,0.0,3.0,300,1.0,1,2,0.0,1,2,3.0,4.0,1
0,379.0,18500.0,64,18500.0,18500.0,07,6.0,999,1.0,16.0,37,6.0,1.0,2,5,2.0,1,2.0,3.0,1000,0.0,3.0,3.0,0,40.0,2.0,1,2.0,0,1995.0,52.0,1,38,999,1.0,0.0,0.0,0.0,0.0,5.0,200,3.0,4,2,0.0,1,2,3.0,4.0,1
0,379.0,3000.0,36,3000.0,3000.0,82,6.0,89,1.0,19.0,38,6.0,2.0,2,5,2.0,1,2.0,2.0,1000,0.0,2.0,2.0,0,40.0,2.0,1,2.0,0,1995.0,12.0,1,207,999,1.0,0.0,0.0,0.0,0.0,5.0,400,1.0,1,2,0.0,4,2,3.0,4.0,1
1,54.0,8600.0,42,0.0,0.0,69,6.0,999,3.0,16.0,38,2.0,2.0,1,1,1.0,1,1.0,2.0,1000,8600.0,2.0,2.0,0,40.0,1.0,1,1.0,0,2014.0,52.0,1,38,999,1.0,0.0,0.0,0.0,0.0,5.0,600,1.0,4,2,0.0,1,2,3.0,4.0,1
1,379.0,16800.0,42,0.0,0.0,69,6.0,999,3.0,21.0,37,4.0,1.0,1,3,1.0,1,1.0,3.0,1000,0.0,3.0,3.0,0,40.0,1.0,1,1.0,0,1995.0,52.0,1,36,999,1.0,0.0,16800.0,0.0,0.0,5.0,300,1.0,4,2,0.0,1,2,3.0,4.0,1
1,379.0,28000.0,62,28000.0,28000.0,07,6.0,917,1.0,13.0,37,6.0,1.0,2,5,2.0,3,2.0,3.0,5013,0.0,3.0,3.0,0,44.0,2.0,3,2.0,1,1995.0,28.0,0,38,999,1.0,0.0,0.0,0.0,0.0,5.0,400,3.0,1,2,0.0,1,2,3.0,4.0,1
1,379.0,16800.0,42,0.0,0.0,69,6.0,999,3.0,21.0,37,4.0,1.0,1,3,1.0,1,1.0,3.0,1000,0.0,3.0,3.0,0,40.0,1.0,1,1.0,0,1995.0,52.0,1,36,999,1.0,0.0,16800.0,0.0,0.0,5.0,300,1.0,4,2,0.0,1,2,3.0,4.0,1
0,379.0,10000.0,47,10000.0,10000.0,53,6.0,999,1.0,18.0,38,6.0,2.0,2,5,2.0,1,2.0,2.0,1000,0.0,2.0,2.0,0,20.0,2.0,1,2.0,0,1995.0,28.0,1,46,999,1.0,0.0,0.0,0.0,0.0,5.0,600,3.0,4,2,0.0,1,2,3.0,4.0,1
0,379.0,8000.0,41,8000.0,8000.0,86,6.0,999,1.0,19.0,38,6.0,1.0,2,5,2.0,1,2.0,3.0,1000,0.0,3.0,3.0,2,15.0,2.0,1,2.0,0,1995.0,35.0,1,38,999,1.0,0.0,0.0,0.0,0.0,5.0,200,1.0,4,2,0.0,1,2,3.0,4.0,1
0,379.0,16400.0,60,16400.0,16400.0,01,1.0,999,1.0,18.0,38,6.0,1.0,2,5,2.0,1,2.0,3.0,1000,0.0,3.0,3.0,2,38.0,2.0,1,2.0,0,1995.0,48.0,1,38,999,1.0,0.0,0.0,0.0,0.0,5.0,300,3.0,4,2,0.0,1,2,3.0,4.0,1
0,379.0,3300.0,99,0.0,0.0,99,3.0,999,3.0,18.0,38,6.0,1.0,2,5,2.0,1,2.0,3.0,1000,0.0,3.0,3.0,0,40.0,2.0,1,2.0,0,1995.0,52.0,1,27,999,9.0,0.0,3300.0,0.0,0.0,5.0,600,3.0,4,2,0.0,1,2,3.0,4.0,1
1,379.0,28000.0,62,28000.0,28000.0,07,6.0,999,1.0,17.0,37,6.0,1.0,2,5,2.0,1,2.0,3.0,1000,0.0,3.0,3.0,0,44.0,2.0,1,2.0,0,1995.0,28.0,1,6,999,1.0,0.0,0.0,0.0,0.0,5.0,400,1.0,4,2,0.0,1,2,3.0,4.0,1
1,379.0,21600.0,42,21600.0,21600.0,78,6.0,999,1.0,17.0,37,6.0,1.0,2,5,2.0,1,2.0,3.0,1000,0.0,3.0,3.0,0,30.0,2.0,1,2.0,0,1995.0,52.0,1,18,999,3.0,0.0,0.0,0.0,0.0,5.0,400,1.0,4,2,0.0,1,2,3.0,4.0,1
0,379.0,7500.0,46,7500.0,7500.0,84,1.0,999,1.0,16.0,38,6.0,1.0,2,5,2.0,1,2.0,3.0,1000,0.0,3.0,3.0,0,30.0,2.0,1,2.0,0,1995.0,40.0,1,501,999,1.0,0.0,0.0,0.0,0.0,5.0,200,3.0,4,2,0.0,8,2,3.0,4.0,1
0,379.0,10000.0,47,10000.0,10000.0,53,6.0,999,1.0,18.0,38,6.0,2.0,2,5,2.0,1,2.0,2.0,1000,0.0,2.0,2.0,0,20.0,2.0,1,2.0,0,1995.0,28.0,1,46,999,1.0,0.0,0.0,0.0,0.0,5.0,600,3.0,4,2,0.0,1,2,3.0,4.0,1
0,379.0,7000.0,46,7000.0,7000.0,78,1.0,32,1.0,19.0,38,6.0,1.0,2,5,2.0,1,2.0,3.0,1000,0.0,3.0,3.0,0,10.0,2.0,1,2.0,0,1995.0,52.0,1,46,999,4.0,0.0,0.0,0.0,0.0,5.0,300,1.0,1,2,0.0,1,2,3.0,4.0,1
0,379.0,9000.0,34,9000.0,9000.0,74,1.0,32,1.0,19.0,38,6.0,1.0,2,5,2.0,1,2.0,3.0,1000,0.0,3.0,3.0,0,15.0,2.0,1,2.0,0,1995.0,52.0,1,38,50,1.0,0.0,0.0,0.0,0.0,5.0,300,1.0,2,2,0.0,1,2,3.0,4.0,1
1,379.0,42000.0,42,42000.0,42000.0,93,6.0,999,1.0,16.0,37,6.0,1.0,2,5,2.0,1,2.0,3.0,1000,0.0,3.0,3.0,0,40.0,2.0,1,2.0,0,1995.0,52.0,1,38,999,3.0,0.0,0.0,0.0,0.0,5.0,300,1.0,4,2,0.0,1,2,3.0,4.0,1
0,379.0,9600.0,81,9600.0,9600.0,88,6.0,32,1.0,16.0,38,6.0,2.0,2,5,2.0,1,2.0,2.0,1000,0.0,2.0,2.0,2,40.0,2.0,1,2.0,0,1995.0,16.0,1,38,999,1.0,0.0,0.0,0.0,0.0,3.0,100,3.0,1,2,0.0,1,2,3.0,4.0,1
0,379.0,400.0,27,400.0,400.0,85,1.0,795,1.0,19.0,38,6.0,1.0,2,5,2.0,10,2.0,3.0,4025,0.0,3.0,3.0,2,10.0,2.0,6,2.0,0,1995.0,2.0,0,32,999,1.0,0.0,0.0,0.0,0.0,5.0,400,3.0,1,2,0.0,1,2,3.0,4.0,1
0,379.0,6000.0,23,6000.0,6000.0,92,1.0,999,1.0,19.0,38,6.0,1.0,2,5,2.0,1,2.0,3.0,1000,0.0,3.0,3.0,0,15.0,2.0,1,2.0,0,1995.0,52.0,1,27,999,1.0,0.0,0.0,0.0,0.0,5.0,600,1.0,4,2,0.0,1,2,3.0,4.0,1
0,379.0,10800.0,03,10800.0,10800.0,86,6.0,920,1.0,13.0,37,6.0,1.0,2,5,2.0,3,2.0,3.0,5013,0.0,3.0,3.0,0,60.0,2.0,3,2.0,1,1995.0,8.0,0,38,999,1.0,0.0,0.0,0.0,0.0,5.0,300,3.0,1,2,0.0,1,2,3.0,4.0,1
0,379.0,5000.0,36,5000.0,5000.0,82,1.0,999,1.0,19.0,38,6.0,1.0,2,5,2.0,1,2.0,3.0,1000,0.0,3.0,3.0,0,35.0,2.0,1,2.0,0,1995.0,40.0,1,27,999,1.0,0.0,0.0,0.0,0.0,5.0,400,1.0,4,2,0.0,1,2,3.0,4.0,1
1,189.0,28800.0,94,28800.0,28800.0,87,1.0,920,1.0,16.0,38,2.0,1.0,2,1,2.0,3,2.0,3.0,5025,0.0,3.0,3.0,0,40.0,2.0,5,2.0,1,2014.0,28.0,0,38,999,1.0,0.0,0.0,0.0,0.0,5.0,200,3.0,1,2,0.0,1,2,3.0,4.0,1
0,379.0,1500.0,42,1500.0,1500.0,78,6.0,32,1.0,16.0,37,6.0,1.0,2,5,2.0,1,2.0,3.0,1000,0.0,3.0,3.0,0,30.0,2.0,1,2.0,0,1995.0,52.0,1,38,999,3.0,0.0,0.0,0.0,0.0,5.0,300,1.0,1,2,0.0,1,2,3.0,4.0,1
0,379.0,15000.0,60,15000.0,15000.0,01,1.0,32,1.0,18.0,38,6.0,1.0,2,5,2.0,1,2.0,3.0,1000,0.0,3.0,3.0,0,50.0,2.0,1,2.0,0,1995.0,52.0,1,38,148,1.0,0.0,0.0,0.0,0.0,5.0,400,3.0,2,2,0.0,1,2,3.0,4.0,1
1,0.0,0.0,42,0.0,0.0,69,6.0,999,3.0,16.0,38,4.0,2.0,1,3,1.0,1,1.0,2.0,1000,0.0,2.0,2.0,0,40.0,1.0,1,2.0,0,2009.0,52.0,1,39,999,1.0,0.0,0.0,0.0,0.0,5.0,600,1.0,4,2,0.0,1,2,3.0,4.0,1
1,103.0,16100.0,42,0.0,0.0,69,6.0,999,3.0,7.0,38,6.0,2.0,1,5,1.0,1,1.0,2.0,1000,16100.0,2.0,2.0,0,40.0,1.0,1,1.0,0,1995.0,52.0,1,38,999,1.0,0.0,0.0,0.0,0.0,5.0,400,1.0,4,2,0.0,1,2,3.0,4.0,1
0,147.0,23100.0,96,23100.0,23100.0,26,1.0,32,1.0,11.0,38,2.0,1.0,2,1,2.0,1,2.0,3.0,1000,0.0,3.0,3.0,0,40.0,2.0,1,2.0,0,1996.0,52.0,1,46,999,8.0,0.0,0.0,0.0,0.0,5.0,100,1.0,1,2,0.0,1,2,3.0,4.0,1
0,379.0,5050.0,35,5050.0,5000.0,78,1.0,82,1.0,19.0,38,6.0,1.0,2,5,2.0,1,2.0,3.0,1000,0.0,3.0,3.0,0,15.0,2.0,1,2.0,0,1995.0,40.0,1,27,999,4.0,0.0,0.0,0.0,0.0,5.0,600,1.0,1,2,0.0,1,2,3.0,4.0,1
1,379.0,3000.0,47,3000.0,3000.0,48,1.0,999,1.0,19.0,38,6.0,1.0,2,5,2.0,10,2.0,3.0,4025,0.0,3.0,3.0,0,18.0,2.0,6,2.0,0,1995.0,28.0,0,30,999,1.0,0.0,0.0,0.0,0.0,5.0,200,3.0,4,2,0.0,1,2,3.0,4.0,1
0,379.0,48000.0,45,48000.0,48000.0,86,6.0,308,1.0,17.0,37,6.0,1.0,2,5,2.0,2,2.0,3.0,3000,0.0,3.0,3.0,0,30.0,2.0,2,2.0,0,1995.0,52.0,0,12,999,1.0,0.0,0.0,0.0,0.0,5.0,500,3.0,1,2,0.0,1,2,3.0,4.0,1
1,379.0,0.0,96,0.0,0.0,53,6.0,917,2.0,16.0,37,6.0,2.0,2,5,2.0,3,2.0,2.0,5013,0.0,2.0,2.0,0,40.0,2.0,3,2.0,1,1995.0,52.0,0,27,999,1.0,0.0,0.0,0.0,0.0,5.0,300,1.0,1,2,0.0,1,2,2.0,4.0,1
0,379.0,10000.0,45,10000.0,10000.0,78,1.0,553,1.0,16.0,38,6.0,1.0,2,5,2.0,2,2.0,2.0,3000,0.0,2.0,2.0,0,20.0,2.0,2,2.0,0,1995.0,52.0,0,440,999,4.0,0.0,0.0,0.0,0.0,5.0,100,2.0,1,2,0.0,6,2,3.0,4.0,1
0,379.0,1000.0,44,1000.0,1000.0,78,1.0,50,1.0,19.0,38,6.0,1.0,2,5,2.0,1,2.0,3.0,1000,0.0,3.0,3.0,0,10.0,2.0,1,2.0,0,1995.0,52.0,1,26,999,2.0,0.0,0.0,0.0,0.0,5.0,300,1.0,1,2,0.0,1,2,3.0,4.0,1
1,379.0,0.0,42,0.0,0.0,69,6.0,999,3.0,14.0,37,6.0,1.0,1,5,1.0,1,1.0,3.0,1000,0.0,3.0,3.0,0,40.0,2.0,1,2.0,0,1995.0,52.0,1,38,999,1.0,0.0,0.0,0.0,0.0,5.0,200,3.0,4,2,0.0,1,2,3.0,4.0,1
1,379.0,0.0,42,0.0,0.0,69,6.0,917,3.0,12.0,37,3.0,1.0,2,2,2.0,3,2.0,3.0,5013,0.0,3.0,3.0,0,40.0,2.0,3,2.0,1,2016.0,52.0,0,38,999,1.0,0.0,0.0,0.0,0.0,5.0,400,3.0,1,2,0.0,1,2,3.0,4.0,1
0,379.0,4500.0,52,4500.0,3500.0,85,3.0,32,1.0,19.0,38,6.0,2.0,2,5,2.0,1,2.0,1.0,1000,0.0,2.0,2.0,0,40.0,2.0,1,2.0,0,1995.0,12.0,1,27,22,1.0,0.0,0.0,0.0,0.0,1.0,600,3.0,2,2,0.0,1,2,3.0,4.0,1
0,379.0,8000.0,46,8000.0,8000.0,85,1.0,32,1.0,18.0,38,6.0,1.0,2,5,2.0,1,2.0,3.0,1000,0.0,3.0,3.0,0,15.0,2.0,1,2.0,0,1995.0,50.0,1,38,999,3.0,0.0,0.0,0.0,0.0,5.0,300,3.0,1,2,0.0,1,2,3.0,4.0,1
0,379.0,10000.0,72,10000.0,7000.0,87,6.0,82,1.0,18.0,38,6.0,2.0,2,5,2.0,1,2.0,2.0,1000,0.0,2.0,2.0,0,20.0,2.0,1,2.0,0,1995.0,40.0,1,27,999,1.0,0.0,0.0,0.0,0.0,5.0,600,3.0,1,2,0.0,1,2,3.0,4.0,1
0,379.0,5000.0,42,0.0,0.0,69,6.0,26,3.0,18.0,38,6.0,2.0,2,5,2.0,1,2.0,2.0,1000,0.0,2.0,2.0,2,40.0,2.0,1,2.0,0,1995.0,52.0,1,301,999,1.0,0.0,0.0,0.0,0.0,5.0,100,2.0,1,2,5000.0,7,2,3.0,4.0,1
0,379.0,15000.0,38,15000.0,15000.0,94,1.0,999,1.0,19.0,38,6.0,1.0,2,5,2.0,2,2.0,3.0,3000,0.0,3.0,3.0,0,16.0,2.0,2,2.0,0,1995.0,52.0,0,1,999,4.0,0.0,0.0,0.0,0.0,5.0,500,3.0,4,2,0.0,1,2,3.0,4.0,1
1,379.0,28000.0,62,28000.0,28000.0,07,6.0,999,1.0,12.0,37,3.0,1.0,2,2,2.0,3,2.0,3.0,5013,0.0,3.0,3.0,0,44.0,2.0,3,2.0,1,2020.0,28.0,0,38,999,1.0,0.0,0.0,0.0,0.0,5.0,400,3.0,4,2,0.0,1,2,3.0,4.0,1
0,379.0,10000.0,19,10000.0,10000.0,78,1.0,32,1.0,19.0,38,6.0,1.0,2,5,2.0,1,2.0,3.0,1000,0.0,3.0,3.0,0,10.0,2.0,1,2.0,0,1995.0,52.0,1,27,999,2.0,0.0,0.0,0.0,0.0,5.0,400,1.0,1,2,0.0,1,2,3.0,4.0,1
0,379.0,1000.0,44,1000.0,1000.0,78,1.0,50,1.0,19.0,38,6.0,1.0,2,5,2.0,1,2.0,3.0,1000,0.0,3.0,3.0,0,10.0,2.0,1,2.0,0,1995.0,52.0,1,26,999,2.0,0.0,0.0,0.0,0.0,5.0,300,1.0,1,2,0.0,1,2,3.0,4.0,1
1,33.0,5200.0,77,5200.0,5200.0,35,6.0,142,1.0,18.0,38,3.0,2.0,2,2,2.0,1,2.0,2.0,1000,0.0,2.0,3.0,0,20.0,2.0,1,2.0,0,2017.0,52.0,1,47,50,1.0,0.0,0.0,0.0,0.0,5.0,200,3.0,2,2,0.0,1,2,2.0,4.0,1
0,379.0,15000.0,38,15000.0,15000.0,94,1.0,999,1.0,19.0,38,6.0,1.0,2,5,2.0,2,2.0,3.0,3000,0.0,3.0,3.0,0,16.0,2.0,2,2.0,0,1995.0,52.0,0,1,999,4.0,0.0,0.0,0.0,0.0,5.0,500,3.0,4,2,0.0,1,2,3.0,4.0,1
1,379.0,15000.0,40,15000.0,15000.0,86,1.0,999,1.0,18.0,38,6.0,1.0,2,5,2.0,1,2.0,3.0,1000,0.0,3.0,3.0,0,30.0,2.0,1,2.0,0,1995.0,52.0,1,38,999,1.0,0.0,0.0,0.0,0.0,5.0,600,3.0,4,2,0.0,1,2,3.0,4.0,1
0,379.0,25000.0,89,13000.0,13000.0,23,1.0,32,1.0,19.0,38,6.0,1.0,2,5,2.0,1,2.0,3.0,1000,0.0,3.0,3.0,0,25.0,2.0,1,2.0,0,1995.0,40.0,1,27,82,1.0,0.0,0.0,0.0,0.0,5.0,600,3.0,2,2,12000.0,1,2,3.0,4.0,1
1,379.0,9600.0,42,0.0,0.0,69,6.0,999,3.0,19.0,37,6.0,1.0,1,5,1.0,1,2.0,3.0,1000,0.0,3.0,3.0,0,40.0,2.0,1,1.0,0,1995.0,52.0,1,38,999,1.0,9600.0,0.0,0.0,0.0,5.0,500,1.0,4,2,0.0,1,2,3.0,2.0,1
1,379.0,28000.0,62,28000.0,28000.0,07,6.0,999,1.0,17.0,37,2.0,1.0,2,1,2.0,1,2.0,3.0,1000,0.0,3.0,3.0,0,44.0,2.0,1,2.0,0,2022.0,28.0,1,38,999,1.0,0.0,0.0,0.0,0.0,5.0,400,1.0,4,2,0.0,1,2,3.0,4.0,1
0,355.0,3000.0,42,3000.0,0.0,76,1.0,32,1.0,18.0,20,1.0,1.0,2,1,2.0,1,2.0,3.0,1000,0.0,3.0,3.0,1,10.0,2.0,1,2.0,0,1987.0,52.0,1,38,82,6.0,0.0,0.0,0.0,0.0,5.0,400,1.0,2,2,0.0,1,2,3.0,4.0,1
0,355.0,68400.0,02,45600.0,0.0,01,1.0,82,1.0,16.0,21,1.0,1.0,2,1,2.0,1,2.0,3.0,1000,0.0,3.0,3.0,1,45.0,2.0,1,2.0,0,1987.0,52.0,1,38,32,6.0,0.0,22800.0,0.0,0.0,5.0,400,1.0,2,2,0.0,1,2,3.0,4.0,1
0,272.0,43000.0,59,43000.0,43000.0,75,1.0,917,1.0,21.0,20,4.0,1.0,2,3,2.0,3,2.0,3.0,5013,0.0,3.0,3.0,0,40.0,2.0,3,2.0,1,1994.0,52.0,0,38,999,1.0,0.0,0.0,0.0,0.0,5.0,300,1.0,1,2,0.0,1,2,3.0,4.0,1
0,501.0,150000.0,11,150000.0,150000.0,73,1.0,82,1.0,22.0,21,1.0,1.0,2,1,2.0,1,2.0,3.0,1000,0.0,3.0,3.0,0,40.0,2.0,1,2.0,0,2009.0,52.0,1,6,999,1.0,0.0,0.0,0.0,0.0,5.0,600,1.0,1,2,0.0,1,2,3.0,4.0,1
1,154.0,13800.0,58,13800.0,13800.0,01,1.0,50,1.0,19.0,20,1.0,1.0,2,1,2.0,1,2.0,3.0,1000,0.0,3.0,3.0,0,16.0,2.0,1,2.0,0,2005.0,52.0,1,41,999,1.0,0.0,0.0,0.0,0.0,5.0,500,1.0,1,2,0.0,1,2,3.0,4.0,1
1,154.0,32000.0,60,32000.0,32000.0,01,3.0,82,1.0,19.0,21,1.0,2.0,2,1,2.0,1,2.0,3.0,1000,0.0,1.0,3.0,0,50.0,2.0,1,2.0,0,2005.0,32.0,1,38,999,1.0,0.0,0.0,0.0,0.0,1.0,500,1.0,1,2,0.0,1,2,1.0,4.0,1
0,501.0,83900.0,04,54500.0,42000.0,63,1.0,32,1.0,21.0,20,1.0,1.0,1,1,2.0,1,2.0,3.0,1000,0.0,3.0,3.0,0,35.0,2.0,1,2.0,0,1991.0,52.0,1,38,999,5.0,0.0,5000.0,14400.0,0.0,5.0,100,1.0,1,2,10000.0,1,1,3.0,2.0,1
0,501.0,58000.0,23,48000.0,48000.0,78,1.0,77,1.0,21.0,21,1.0,1.0,2,1,2.0,1,2.0,3.0,1000,0.0,3.0,3.0,0,40.0,2.0,1,2.0,0,1991.0,52.0,1,27,999,3.0,0.0,0.0,0.0,0.0,5.0,100,1.0,1,2,10000.0,1,2,3.0,4.0,1
0,387.0,68000.0,52,68000.0,68000.0,73,1.0,939,1.0,19.0,20,1.0,1.0,2,1,2.0,1,2.0,3.0,1000,0.0,3.0,3.0,0,40.0,2.0,1,2.0,0,2009.0,52.0,1,38,999,1.0,0.0,0.0,0.0,0.0,5.0,600,1.0,1,2,0.0,1,2,3.0,4.0,1
0,387.0,50000.0,00,50000.0,50000.0,68,1.0,939,1.0,20.0,21,1.0,1.0,2,1,2.0,1,2.0,2.0,1000,0.0,2.0,2.0,0,40.0,2.0,1,2.0,0,2009.0,52.0,1,6,999,1.0,0.0,0.0,0.0,0.0,5.0,600,1.0,1,2,0.0,1,2,2.0,4.0,1
0,455.0,72000.0,77,72000.0,72000.0,31,1.0,999,1.0,16.0,20,6.0,1.0,2,5,2.0,2,2.0,3.0,3000,0.0,3.0,3.0,0,40.0,2.0,2,2.0,0,1995.0,52.0,0,448,999,1.0,0.0,0.0,0.0,0.0,5.0,500,1.0,4,2,0.0,6,2,3.0,4.0,1
1,9.0,1500.0,42,0.0,0.0,76,6.0,999,2.0,16.0,20,6.0,2.0,2,5,2.0,1,2.0,2.0,1000,0.0,2.0,2.0,0,40.0,2.0,1,2.0,0,1995.0,52.0,1,23,999,1.0,0.0,1500.0,0.0,0.0,5.0,500,1.0,4,2,0.0,1,2,3.0,4.0,1
0,297.0,60000.0,48,60000.0,10000.0,69,1.0,32,1.0,19.0,20,6.0,1.0,2,5,2.0,1,2.0,3.0,1000,0.0,3.0,3.0,0,55.0,2.0,1,2.0,0,1995.0,52.0,1,38,999,7.0,0.0,0.0,0.0,0.0,5.0,400,1.0,1,2,0.0,1,2,3.0,4.0,1
0,157.0,24000.0,45,24000.0,0.0,89,1.0,32,1.0,20.0,22,6.0,1.0,2,5,2.0,1,2.0,3.0,1000,0.0,3.0,3.0,2,30.0,2.0,1,2.0,0,1995.0,52.0,1,38,999,6.0,0.0,0.0,0.0,0.0,5.0,400,1.0,1,2,0.0,1,2,3.0,4.0,1
0,439.0,73800.0,04,68000.0,68000.0,69,1.0,32,1.0,20.0,20,1.0,1.0,2,1,2.0,1,2.0,3.0,1000,0.0,3.0,3.0,0,40.0,2.0,1,2.0,0,1979.0,52.0,1,38,50,1.0,0.0,5800.0,0.0,0.0,5.0,600,1.0,2,2,0.0,1,2,3.0,4.0,1
0,439.0,15100.0,02,0.0,0.0,01,6.0,82,2.0,21.0,21,1.0,2.0,1,1,2.0,1,2.0,2.0,1000,0.0,2.0,2.0,0,40.0,2.0,1,2.0,0,1979.0,52.0,1,38,999,1.0,15100.0,0.0,0.0,0.0,5.0,600,1.0,1,2,0.0,1,1,3.0,4.0,1
1,216.0,61200.0,91,54000.0,50000.0,63,1.0,88,1.0,20.0,20,1.0,1.0,1,1,2.0,1,2.0,3.0,1000,0.0,3.0,3.0,0,35.0,2.0,1,2.0,0,2007.0,52.0,1,19,999,1.0,0.0,0.0,0.0,0.0,5.0,400,1.0,1,1,7200.0,1,2,3.0,4.0,1
1,216.0,0.0,42,0.0,0.0,93,6.0,32,2.0,16.0,21,1.0,2.0,2,1,2.0,1,2.0,2.0,1000,0.0,2.0,2.0,0,40.0,2.0,1,2.0,0,2007.0,52.0,1,38,939,3.0,0.0,0.0,0.0,0.0,5.0,400,1.0,2,2,0.0,1,2,3.0,4.0,1
0,408.0,63800.0,42,0.0,0.0,78,6.0,82,2.0,18.0,20,4.0,2.0,1,3,2.0,1,2.0,2.0,1000,11000.0,2.0,2.0,2,40.0,2.0,1,2.0,0,2000.0,52.0,1,30,999,4.0,1200.0,21600.0,30000.0,0.0,3.0,100,1.0,1,2,0.0,1,1,2.0,4.0,1
0,301.0,60150.0,77,60000.0,60000.0,39,1.0,88,1.0,20.0,20,1.0,1.0,2,1,2.0,1,2.0,3.0,1000,0.0,3.0,3.0,0,40.0,2.0,1,2.0,0,1990.0,52.0,1,38,999,1.0,0.0,0.0,0.0,0.0,5.0,400,1.0,1,2,150.0,1,2,3.0,4.0,1
0,301.0,17000.0,47,10000.0,10000.0,52,1.0,32,1.0,20.0,21,1.0,1.0,2,1,2.0,1,2.0,3.0,1000,0.0,3.0,3.0,0,40.0,2.0,1,2.0,0,1990.0,52.0,1,27,21,1.0,0.0,0.0,0.0,0.0,5.0,400,1.0,2,2,7000.0,1,2,3.0,4.0,1
0,301.0,30000.0,51,30000.0,30000.0,68,1.0,999,1.0,20.0,25,6.0,1.0,2,5,2.0,1,2.0,3.0,1000,0.0,3.0,3.0,0,35.0,2.0,1,2.0,0,1995.0,52.0,1,38,999,1.0,0.0,0.0,0.0,0.0,5.0,400,1.0,4,2,0.0,1,2,3.0,4.0,1
0,301.0,7000.0,64,0.0,0.0,07,6.0,999,2.0,20.0,25,6.0,2.0,2,5,2.0,1,2.0,2.0,1000,0.0,2.0,2.0,0,40.0,2.0,1,2.0,0,1995.0,52.0,1,38,999,1.0,0.0,0.0,7000.0,0.0,5.0,400,1.0,4,2,0.0,1,2,3.0,4.0,1
0,501.0,3600.0,60,3600.0,3600.0,01,1.0,939,1.0,16.0,20,1.0,1.0,2,1,2.0,1,2.0,3.0,1000,0.0,3.0,3.0,2,15.0,2.0,1,2.0,0,1981.0,52.0,1,38,999,1.0,0.0,0.0,0.0,0.0,5.0,200,1.0,1,2,0.0,1,2,3.0,4.0,1
0,244.0,27000.0,98,27000.0,27000.0,96,4.0,210,1.0,18.0,20,1.0,1.0,2,1,2.0,29,2.0,3.0,9000,0.0,3.0,3.0,0,41.0,2.0,9,2.0,0,2021.0,52.0,1,48,999,5.0,0.0,0.0,0.0,0.0,5.0,200,1.0,1,2,0.0,1,2,3.0,1.0,2
0,244.0,32000.0,46,32000.0,32000.0,84,1.0,210,1.0,20.0,21,1.0,1.0,2,1,2.0,29,2.0,3.0,9000,0.0,3.0,3.0,0,40.0,2.0,9,2.0,0,2021.0,52.0,1,48,999,5.0,0.0,0.0,0.0,0.0,5.0,200,1.0,1,2,0.0,1,2,3.0,4.0,2
1,72.0,12000.0,68,12000.0,12000.0,04,1.0,22,1.0,20.0,20,1.0,1.0,2,1,2.0,1,2.0,3.0,1000,0.0,2.0,1.0,0,48.0,2.0,1,2.0,0,2022.0,36.0,1,48,924,1.0,0.0,0.0,0.0,0.0,5.0,200,1.0,2,2,0.0,1,2,3.0,4.0,1
1,72.0,5500.0,20,5500.0,5500.0,91,1.0,999,1.0,19.0,21,1.0,1.0,2,1,2.0,1,2.0,2.0,1000,0.0,3.0,3.0,0,25.0,2.0,1,2.0,0,2022.0,19.0,1,39,999,2.0,0.0,0.0,0.0,0.0,5.0,200,1.0,4,2,0.0,1,2,3.0,4.0,1
0,392.0,50000.0,73,50000.0,50000.0,01,1.0,999,1.0,17.0,20,1.0,1.0,1,1,1.0,1,2.0,3.0,1000,0.0,3.0,3.0,0,45.0,2.0,1,2.0,0,2018.0,52.0,1,38,999,2.0,0.0,0.0,0.0,0.0,5.0,200,3.0,4,2,0.0,1,1,3.0,4.0,1
0,392.0,69000.0,47,69000.0,69000.0,49,1.0,999,1.0,16.0,21,1.0,1.0,2,1,2.0,1,2.0,3.0,1000,0.0,3.0,3.0,2,40.0,2.0,1,2.0,0,2018.0,52.0,1,48,999,1.0,0.0,0.0,0.0,0.0,5.0,200,3.0,4,2,0.0,1,2,3.0,4.0,1
1,3.0,520.0,40,520.0,520.0,86,6.0,999,1.0,19.0,36,6.0,2.0,2,5,2.0,1,2.0,2.0,1000,0.0,2.0,2.0,0,8.0,2.0,1,2.0,0,1995.0,5.0,1,1,999,1.0,0.0,0.0,0.0,0.0,5.0,200,1.0,4,2,0.0,1,2,3.0,4.0,1
0,147.0,22400.0,96,22400.0,22400.0,53,1.0,996,1.0,16.0,20,6.0,1.0,2,5,2.0,1,2.0,3.0,1000,0.0,3.0,3.0,0,32.0,2.0,1,2.0,0,1995.0,52.0,1,48,999,2.0,0.0,0.0,0.0,0.0,5.0,500,1.0,3,2,0.0,1,2,3.0,4.0,1
0,446.0,93000.0,02,93000.0,93000.0,78,1.0,148,1.0,22.0,20,6.0,1.0,2,5,2.0,1,2.0,3.0,1000,0.0,3.0,3.0,0,60.0,2.0,1,2.0,0,1995.0,52.0,1,27,144,3.0,0.0,0.0,0.0,0.0,5.0,500,1.0,2,2,0.0,1,2,3.0,4.0,1
0,501.0,95000.0,01,95000.0,70000.0,61,1.0,111,1.0,21.0,22,6.0,1.0,2,5,2.0,1,2.0,3.0,1000,0.0,3.0,3.0,0,40.0,2.0,1,2.0,0,1995.0,52.0,1,38,50,1.0,0.0,0.0,0.0,0.0,5.0,500,1.0,2,2,0.0,1,2,3.0,4.0,1
0,501.0,65000.0,08,65000.0,65000.0,69,1.0,32,1.0,18.0,20,1.0,1.0,2,1,2.0,1,2.0,3.0,1000,0.0,3.0,3.0,2,40.0,2.0,1,2.0,0,2003.0,52.0,1,38,89,1.0,0.0,0.0,0.0,0.0,5.0,600,1.0,2,2,0.0,1,2,3.0,4.0,1
0,501.0,72000.0,57,72000.0,72000.0,44,1.0,32,1.0,18.0,21,1.0,1.0,2,1,2.0,1,2.0,3.0,1000,0.0,3.0,3.0,2,40.0,2.0,1,2.0,0,2003.0,52.0,1,38,82,1.0,0.0,0.0,0.0,0.0,5.0,600,1.0,2,2,0.0,1,2,3.0,4.0,1
0,501.0,100000.0,02,100000.0,0.0,01,1.0,82,1.0,19.0,20,1.0,1.0,2,1,2.0,1,2.0,3.0,1000,0.0,3.0,3.0,2,45.0,2.0,1,2.0,0,1985.0,52.0,1,38,999,6.0,0.0,0.0,0.0,0.0,5.0,600,1.0,1,2,0.0,1,2,3.0,4.0,1
0,501.0,0.0,32,0.0,0.0,81,6.0,32,2.0,20.0,21,1.0,2.0,2,1,2.0,1,2.0,2.0,1000,0.0,2.0,2.0,2,40.0,2.0,1,2.0,0,1985.0,52.0,1,38,148,1.0,0.0,0.0,0.0,0.0,5.0,600,1.0,2,2,0.0,1,2,3.0,4.0,1
0,342.0,100000.0,06,100000.0,100000.0,87,1.0,999,1.0,21.0,20,1.0,1.0,2,1,2.0,1,2.0,3.0,1000,0.0,3.0,3.0,0,45.0,2.0,1,2.0,0,2010.0,52.0,1,27,999,1.0,0.0,0.0,0.0,0.0,5.0,600,3.0,4,2,0.0,1,2,3.0,4.0,1
0,342.0,50000.0,24,50000.0,50000.0,78,1.0,999,1.0,21.0,21,1.0,1.0,1,1,1.0,1,1.0,3.0,1000,0.0,3.0,3.0,0,40.0,2.0,1,2.0,0,2010.0,52.0,1,27,999,3.0,0.0,0.0,0.0,0.0,5.0,600,3.0,4,2,0.0,1,2,3.0,4.0,1
0,60.0,9300.0,10,7800.0,7800.0,73,6.0,32,1.0,22.0,20,6.0,2.0,2,5,2.0,1,2.0,2.0,1000,0.0,2.0,2.0,0,40.0,2.0,1,2.0,0,1995.0,6.0,1,34,21,1.0,0.0,0.0,0.0,0.0,5.0,400,1.0,2,2,1500.0,1,2,3.0,4.0,1
0,271.0,42000.0,40,42000.0,42000.0,86,1.0,999,1.0,18.0,20,6.0,1.0,2,5,2.0,1,2.0,3.0,1000,0.0,3.0,3.0,0,45.0,2.0,1,2.0,0,1995.0,52.0,1,46,999,1.0,0.0,0.0,0.0,0.0,5.0,500,1.0,4,2,0.0,1,2,3.0,4.0,1
0,157.0,57000.0,86,57000.0,57000.0,06,1.0,999,1.0,19.0,20,1.0,1.0,2,1,2.0,16,2.0,3.0,9000,0.0,3.0,3.0,0,40.0,2.0,9,2.0,0,2014.0,52.0,1,53,999,4.0,0.0,0.0,0.0,0.0,5.0,100,1.0,4,2,0.0,1,2,3.0,4.0,1
0,157.0,0.0,38,0.0,0.0,94,6.0,999,2.0,19.0,21,1.0,2.0,1,1,2.0,1,2.0,2.0,1000,0.0,2.0,2.0,0,40.0,2.0,1,2.0,0,2014.0,52.0,1,41,999,3.0,0.0,0.0,0.0,0.0,5.0,100,1.0,4,2,0.0,1,1,3.0,4.0,1
0,468.0,72000.0,02,72000.0,72000.0,01,1.0,82,1.0,16.0,20,6.0,1.0,2,5,2.0,1,2.0,3.0,1000,0.0,3.0,3.0,0,50.0,2.0,1,2.0,0,1995.0,52.0,1,38,32,1.0,0.0,0.0,0.0,0.0,5.0,100,1.0,2,2,0.0,1,2,3.0,4.0,1
0,501.0,80000.0,22,78000.0,74000.0,78,1.0,935,1.0,24.0,20,1.0,1.0,2,1,2.0,1,2.0,3.0,1000,0.0,3.0,3.0,0,30.0,2.0,1,2.0,0,2014.0,42.0,1,36,999,4.0,0.0,0.0,0.0,0.0,5.0,600,1.0,1,2,2000.0,1,2,3.0,4.0,1
0,501.0,32300.0,23,32000.0,30000.0,78,1.0,142,1.0,21.0,21,1.0,1.0,2,1,2.0,1,2.0,3.0,1000,0.0,3.0,3.0,0,30.0,2.0,1,2.0,0,2014.0,48.0,1,38,999,6.0,0.0,0.0,0.0,0.0,5.0,600,1.0,1,2,300.0,1,2,3.0,4.0,1
0,265.0,30000.0,32,30000.0,30000.0,81,1.0,32,1.0,21.0,20,1.0,1.0,2,1,2.0,1,2.0,3.0,1000,0.0,3.0,3.0,0,25.0,2.0,1,2.0,0,2006.0,30.0,1,38,999,5.0,0.0,0.0,0.0,0.0,5.0,400,1.0,1,2,0.0,1,2,3.0,4.0,1
0,265.0,65000.0,48,65000.0,65000.0,69,1.0,999,1.0,21.0,21,1.0,1.0,1,1,2.0,1,2.0,3.0,1000,0.0,3.0,3.0,0,50.0,2.0,1,2.0,0,2006.0,52.0,1,38,999,7.0,0.0,0.0,0.0,0.0,5.0,400,1.0,4,1,0.0,1,2,3.0,4.0,1
0,490.0,80000.0,70,80000.0,80000.0,62,1.0,32,1.0,19.0,20,1.0,1.0,2,1,2.0,1,2.0,3.0,1000,0.0,3.0,3.0,0,50.0,2.0,1,2.0,0,2007.0,52.0,1,46,50,1.0,0.0,0.0,0.0,0.0,5.0,600,1.0,2,2,0.0,1,2,3.0,4.0,1
0,490.0,16000.0,42,16000.0,16000.0,77,6.0,82,1.0,20.0,21,1.0,2.0,2,1,2.0,1,2.0,2.0,1000,0.0,2.0,2.0,0,40.0,2.0,1,2.0,0,2007.0,34.0,1,27,26,3.0,0.0,0.0,0.0,0.0,5.0,600,1.0,2,2,0.0,1,2,3.0,4.0,1
0,412.0,136000.0,04,136000.0,136000.0,04,1.0,88,1.0,18.0,20,1.0,1.0,2,1,2.0,1,2.0,3.0,1000,0.0,3.0,3.0,0,45.0,2.0,1,2.0,0,2013.0,52.0,1,6,26,1.0,0.0,0.0,0.0,0.0,5.0,200,1.0,2,2,0.0,1,2,3.0,4.0,1
0,412.0,12800.0,07,12800.0,12800.0,70,1.0,32,1.0,18.0,21,1.0,1.0,2,1,2.0,1,2.0,3.0,1000,0.0,3.0,3.0,0,32.0,2.0,1,2.0,0,2013.0,38.0,1,42,416,1.0,0.0,0.0,0.0,0.0,5.0,200,1.0,2,2,0.0,1,2,3.0,4.0,1
0,7.0,1100.0,09,0.0,0.0,68,6.0,50,2.0,19.0,20,4.0,2.0,1,3,1.0,1,1.0,2.0,1000,0.0,2.0,2.0,0,40.0,1.0,1,1.0,0,1988.0,52.0,1,36,51,1.0,1100.0,0.0,0.0,0.0,5.0,600,1.0,2,2,0.0,1,2,3.0,2.0,1
0,434.0,27800.0,73,26800.0,26800.0,07,1.0,32,1.0,14.0,21,1.0,1.0,2,1,2.0,1,2.0,3.0,1000,0.0,3.0,3.0,2,30.0,2.0,1,2.0,0,1995.0,52.0,1,38,999,1.0,1000.0,0.0,0.0,0.0,5.0,500,1.0,1,2,0.0,1,2,3.0,4.0,1
0,184.0,55000.0,91,55000.0,55000.0,07,3.0,22,1.0,16.0,20,1.0,2.0,2,1,2.0,1,2.0,3.0,1000,0.0,1.0,3.0,0,64.0,2.0,1,2.0,0,2004.0,32.0,1,17,999,1.0,0.0,0.0,0.0,0.0,1.0,400,1.0,1,2,0.0,1,2,1.0,2.0,1
0,184.0,0.0,42,0.0,0.0,69,6.0,22,3.0,16.0,21,1.0,2.0,2,1,2.0,1,2.0,2.0,1000,0.0,2.0,2.0,0,40.0,2.0,1,2.0,0,2004.0,52.0,1,38,999,1.0,0.0,0.0,0.0,0.0,5.0,400,1.0,1,2,0.0,1,2,3.0,4.0,1
0,501.0,88000.0,01,88000.0,88000.0,07,1.0,82,1.0,21.0,20,1.0,1.0,2,1,2.0,1,2.0,3.0,1000,0.0,3.0,3.0,0,45.0,2.0,1,2.0,0,2011.0,52.0,1,30,32,1.0,0.0,0.0,0.0,0.0,5.0,500,1.0,2,2,0.0,1,2,3.0,4.0,1
0,501.0,177000.0,50,177000.0,177000.0,72,1.0,82,1.0,22.0,21,1.0,1.0,2,1,2.0,1,2.0,3.0,1000,0.0,3.0,3.0,0,45.0,2.0,1,2.0,0,2011.0,52.0,1,38,49,1.0,0.0,0.0,0.0,0.0,5.0,500,1.0,2,2,0.0,1,2,3.0,4.0,1
0,501.0,35000.0,20,35000.0,35000.0,78,1.0,82,1.0,21.0,20,1.0,1.0,1,1,2.0,1,2.0,3.0,1000,0.0,3.0,3.0,0,40.0,2.0,1,2.0,0,1996.0,52.0,1,38,999,4.0,0.0,0.0,0.0,0.0,5.0,200,1.0,1,2,0.0,1,1,3.0,4.0,1
0,501.0,110000.0,00,110000.0,110000.0,49,1.0,82,1.0,21.0,21,1.0,1.0,2,1,2.0,1,2.0,3.0,1000,0.0,3.0,3.0,0,50.0,2.0,1,2.0,0,1996.0,52.0,1,38,999,1.0,0.0,0.0,0.0,0.0,5.0,200,1.0,1,2,0.0,1,2,3.0,4.0,1
0,501.0,4000.0,40,4000.0,4000.0,86,1.0,82,1.0,15.0,25,6.0,1.0,2,5,2.0,1,2.0,3.0,1000,0.0,3.0,3.0,0,20.0,2.0,1,2.0,0,1995.0,20.0,1,38,999,1.0,0.0,0.0,0.0,0.0,5.0,200,1.0,1,2,0.0,1,2,3.0,4.0,1
0,418.0,0.0,20,0.0,0.0,91,6.0,51,2.0,21.0,20,1.0,2.0,2,1,2.0,1,2.0,2.0,1000,0.0,2.0,2.0,0,40.0,2.0,1,2.0,0,1998.0,52.0,1,6,50,2.0,0.0,0.0,0.0,0.0,5.0,600,1.0,2,2,0.0,1,2,3.0,4.0,1
0,418.0,125200.0,47,125000.0,125000.0,53,1.0,171,1.0,19.0,21,1.0,1.0,2,1,2.0,1,2.0,3.0,1000,0.0,3.0,3.0,0,50.0,2.0,1,2.0,0,1998.0,52.0,1,6,82,1.0,0.0,0.0,0.0,0.0,5.0,600,1.0,2,2,200.0,1,2,3.0,4.0,1
0,418.0,12000.0,47,12000.0,12000.0,52,1.0,51,1.0,21.0,25,6.0,1.0,2,5,2.0,1,2.0,2.0,1000,0.0,2.0,2.0,0,35.0,2.0,1,2.0,0,1995.0,52.0,1,6,171,1.0,0.0,0.0,0.0,0.0,5.0,600,1.0,2,2,0.0,1,2,3.0,4.0,1
0,418.0,7000.0,42,7000.0,7000.0,77,1.0,51,1.0,19.0,25,6.0,1.0,2,5,2.0,1,2.0,2.0,1000,0.0,2.0,2.0,0,40.0,2.0,1,2.0,0,1995.0,52.0,1,6,97,1.0,0.0,0.0,0.0,0.0,5.0,600,1.0,2,2,0.0,1,2,3.0,4.0,1
0,418.0,8000.0,40,8000.0,8000.0,86,1.0,50,1.0,18.0,25,6.0,1.0,2,5,2.0,1,2.0,3.0,1000,0.0,3.0,3.0,0,12.0,2.0,1,2.0,0,1995.0,52.0,1,6,51,1.0,0.0,0.0,0.0,0.0,5.0,600,1.0,2,2,0.0,1,2,3.0,4.0,1
0,501.0,48000.0,08,48000.0,48000.0,94,1.0,82,1.0,20.0,20,1.0,1.0,2,1,2.0,1,2.0,3.0,1000,0.0,3.0,3.0,0,40.0,2.0,1,2.0,0,2023.0,52.0,1,27,32,3.0,0.0,0.0,0.0,0.0,5.0,400,3.0,2,2,0.0,1,2,3.0,4.0,1
0,501.0,80000.0,02,80000.0,0.0,01,1.0,999,1.0,20.0,21,1.0,1.0,2,1,2.0,1,2.0,3.0,1000,0.0,3.0,3.0,0,60.0,2.0,1,2.0,0,2023.0,52.0,1,38,999,6.0,0.0,0.0,0.0,0.0,5.0,400,3.0,4,2,0.0,1,2,3.0,4.0,1
0,501.0,147000.0,04,147000.0,147000.0,30,1.0,32,1.0,22.0,20,1.0,1.0,2,1,2.0,1,2.0,3.0,1000,0.0,3.0,3.0,0,40.0,2.0,1,2.0,0,1988.0,52.0,1,46,82,1.0,0.0,0.0,0.0,0.0,5.0,300,1.0,2,2,0.0,1,2,3.0,4.0,1
0,501.0,61000.0,58,61000.0,36000.0,93,1.0,32,1.0,20.0,21,1.0,1.0,2,1,2.0,1,2.0,3.0,1000,0.0,3.0,3.0,0,36.0,2.0,1,2.0,0,1988.0,52.0,1,27,999,4.0,0.0,0.0,0.0,0.0,5.0,300,1.0,1,2,0.0,1,2,3.0,4.0,1
0,296.0,46000.0,56,46000.0,46000.0,68,1.0,82,1.0,19.0,20,4.0,1.0,2,3,2.0,1,2.0,2.0,1000,0.0,2.0,2.0,0,40.0,2.0,1,2.0,0,2014.0,52.0,1,38,32,1.0,0.0,0.0,0.0,0.0,5.0,400,1.0,2,2,0.0,1,2,3.0,4.0,1
0,290.0,45000.0,47,45000.0,45000.0,87,1.0,32,1.0,20.0,36,6.0,1.0,2,5,2.0,1,2.0,2.0,1000,0.0,2.0,3.0,0,40.0,2.0,1,2.0,0,1995.0,52.0,1,38,999,1.0,0.0,0.0,0.0,0.0,1.0,400,1.0,1,2,0.0,1,2,2.0,4.0,1
0,449.0,50000.0,08,50000.0,50000.0,42,1.0,939,1.0,21.0,20,1.0,1.0,2,1,2.0,1,2.0,3.0,1000,0.0,3.0,3.0,0,40.0,2.0,1,2.0,0,2014.0,52.0,1,38,999,1.0,0.0,0.0,0.0,0.0,5.0,600,1.0,1,2,0.0,1,2,3.0,4.0,1
0,449.0,60000.0,37,60000.0,60000.0,94,1.0,939,1.0,23.0,21,1.0,1.0,2,1,2.0,1,2.0,3.0,1000,0.0,3.0,3.0,0,52.0,2.0,1,2.0,0,2014.0,52.0,1,38,999,4.0,0.0,0.0,0.0,0.0,5.0,600,1.0,1,2,0.0,1,2,3.0,4.0,1
1,45.0,7000.0,34,0.0,0.0,82,6.0,999,2.0,16.0,20,6.0,2.0,2,5,2.0,1,2.0,2.0,1000,0.0,2.0,2.0,0,40.0,2.0,1,2.0,0,1995.0,52.0,1,38,999,2.0,0.0,0.0,7000.0,0.0,5.0,300,1.0,4,2,0.0,1,2,3.0,4.0,1
0,428.0,35400.0,57,35400.0,0.0,07,1.0,32,1.0,16.0,21,1.0,1.0,2,1,2.0,1,2.0,2.0,1000,0.0,2.0,2.0,2,30.0,2.0,1,2.0,0,2021.0,36.0,1,38,82,6.0,0.0,0.0,0.0,0.0,5.0,200,1.0,2,2,0.0,1,2,3.0,4.0,1
0,501.0,61000.0,36,61000.0,61000.0,82,1.0,82,1.0,22.0,20,1.0,1.0,2,1,2.0,1,2.0,3.0,1000,0.0,3.0,3.0,0,45.0,2.0,1,2.0,0,1993.0,52.0,1,38,142,1.0,0.0,0.0,0.0,0.0,5.0,500,1.0,2,2,0.0,1,2,3.0,3.0,1
0,501.0,100000.0,72,100000.0,100000.0,87,1.0,32,1.0,20.0,20,5.0,1.0,2,4,2.0,1,2.0,3.0,1000,0.0,3.0,3.0,0,50.0,2.0,1,2.0,0,2019.0,52.0,1,27,999,1.0,0.0,0.0,0.0,0.0,5.0,100,3.0,1,2,0.0,1,2,3.0,4.0,1
0,501.0,105000.0,79,105000.0,105000.0,30,1.0,32,1.0,19.0,20,1.0,1.0,2,1,2.0,1,2.0,3.0,1000,0.0,3.0,3.0,2,52.0,2.0,1,2.0,0,1981.0,52.0,1,38,999,1.0,0.0,0.0,0.0,0.0,5.0,400,1.0,1,2,0.0,1,2,3.0,2.0,1
0,501.0,0.0,42,0.0,0.0,69,6.0,32,3.0,16.0,21,1.0,2.0,1,1,2.0,1,2.0,2.0,1000,0.0,2.0,2.0,0,40.0,1.0,1,2.0,0,1981.0,52.0,1,38,82,1.0,0.0,0.0,0.0,0.0,3.0,400,1.0,2,2,0.0,1,2,3.0,4.0,1
0,501.0,160000.0,02,160000.0,0.0,01,6.0,82,1.0,16.0,20,1.0,2.0,2,1,2.0,1,2.0,2.0,1000,0.0,2.0,2.0,2,60.0,2.0,1,2.0,0,1995.0,52.0,1,38,26,6.0,0.0,0.0,0.0,0.0,5.0,500,1.0,2,2,0.0,1,2,3.0,4.0,1
0,501.0,27600.0,03,27600.0,27600.0,81,1.0,82,1.0,16.0,21,1.0,1.0,2,1,2.0,1,2.0,3.0,1000,0.0,3.0,3.0,0,20.0,2.0,1,2.0,0,1995.0,52.0,1,38,32,1.0,0.0,0.0,0.0,0.0,5.0,500,1.0,2,2,0.0,1,2,3.0,4.0,1
0,501.0,104900.0,25,106000.0,106000.0,78,1.0,999,1.0,18.0,20,6.0,1.0,2,5,2.0,29,2.0,3.0,9000,0.0,3.0,3.0,0,40.0,2.0,9,2.0,0,1995.0,52.0,1,6,999,4.0,0.0,0.0,0.0,0.0,5.0,400,1.0,4,2,-1100.0,1,2,3.0,4.0,24
0,501.0,35930.0,50,35000.0,35000.0,12,1.0,98,1.0,16.0,20,1.0,1.0,2,1,2.0,1,2.0,3.0,1000,0.0,3.0,3.0,0,40.0,2.0,1,2.0,0,2009.0,52.0,1,27,999,1.0,0.0,0.0,0.0,0.0,5.0,500,1.0,1,2,930.0,1,2,3.0,4.0,1
0,501.0,69800.0,62,67000.0,67000.0,01,6.0,82,1.0,16.0,21,1.0,2.0,2,1,2.0,1,2.0,2.0,1000,1400.0,2.0,2.0,0,60.0,2.0,1,2.0,0,2009.0,48.0,1,27,999,1.0,1400.0,0.0,0.0,0.0,5.0,500,1.0,1,2,0.0,1,2,3.0,4.0,1
0,388.0,61000.0,42,50000.0,50000.0,77,1.0,32,1.0,20.0,20,6.0,1.0,2,5,2.0,1,2.0,3.0,1000,0.0,3.0,3.0,0,50.0,2.0,1,2.0,0,1995.0,52.0,1,27,999,1.0,0.0,0.0,11000.0,0.0,5.0,600,1.0,1,2,0.0,1,2,3.0,4.0,1
0,58.0,9000.0,27,9000.0,9000.0,85,1.0,32,1.0,19.0,20,6.0,1.0,2,5,2.0,1,2.0,3.0,1000,0.0,3.0,3.0,0,25.0,2.0,1,2.0,0,1995.0,34.0,1,38,82,3.0,0.0,0.0,0.0,0.0,5.0,600,3.0,2,2,0.0,1,2,3.0,4.0,1
0,64.0,10000.0,27,10000.0,10000.0,85,1.0,82,1.0,19.0,34,6.0,1.0,2,5,2.0,1,2.0,3.0,1000,0.0,3.0,3.0,0,20.0,2.0,1,2.0,0,1995.0,34.0,1,38,32,2.0,0.0,0.0,0.0,0.0,5.0,600,3.0,2,2,0.0,1,2,3.0,4.0,1
0,19.0,3000.0,15,3000.0,3000.0,39,1.0,935,1.0,19.0,34,6.0,1.0,2,5,2.0,1,2.0,3.0,1000,0.0,3.0,3.0,2,20.0,2.0,1,2.0,0,1995.0,15.0,1,38,32,1.0,0.0,0.0,0.0,0.0,5.0,600,3.0,2,2,0.0,1,2,3.0,4.0,1
0,64.0,10000.0,15,10000.0,10000.0,30,1.0,32,1.0,19.0,34,6.0,1.0,2,5,2.0,1,2.0,3.0,1000,0.0,3.0,3.0,0,12.0,2.0,1,2.0,0,1995.0,52.0,1,38,82,1.0,0.0,0.0,0.0,0.0,5.0,600,3.0,2,2,0.0,1,2,3.0,4.0,1
1,99.0,15600.0,42,0.0,0.0,69,6.0,32,3.0,11.0,20,4.0,2.0,1,3,1.0,1,1.0,2.0,1000,7200.0,2.0,2.0,0,40.0,2.0,1,2.0,0,2022.0,52.0,1,41,999,1.0,8400.0,0.0,0.0,0.0,5.0,400,3.0,1,2,0.0,1,2,3.0,4.0,1
0,285.0,57500.0,91,28000.0,28000.0,01,1.0,88,1.0,19.0,20,1.0,1.0,2,1,2.0,1,2.0,3.0,1000,0.0,3.0,3.0,1,70.0,2.0,1,2.0,0,1986.0,32.0,1,38,89,1.0,0.0,2200.0,0.0,0.0,5.0,500,1.0,2,2,27300.0,1,2,3.0,2.0,1
0,285.0,0.0,42,0.0,0.0,69,6.0,32,3.0,21.0,21,1.0,2.0,1,1,2.0,1,1.0,2.0,1000,0.0,2.0,2.0,1,40.0,2.0,1,2.0,0,1986.0,52.0,1,38,26,1.0,0.0,0.0,0.0,0.0,5.0,500,1.0,2,2,0.0,1,2,3.0,4.0,1
0,501.0,90000.0,22,90000.0,90000.0,78,1.0,32,1.0,22.0,20,1.0,1.0,2,1,2.0,1,2.0,3.0,1000,0.0,3.0,3.0,0,40.0,2.0,1,2.0,0,2005.0,52.0,1,30,431,2.0,0.0,0.0,0.0,0.0,5.0,300,1.0,2,2,0.0,1,2,3.0,4.0,1
0,501.0,80000.0,23,80000.0,80000.0,78,1.0,999,1.0,22.0,21,1.0,1.0,2,1,2.0,1,2.0,3.0,1000,0.0,3.0,3.0,0,35.0,2.0,1,2.0,0,2005.0,52.0,1,30,999,2.0,0.0,0.0,0.0,0.0,5.0,300,1.0,4,2,0.0,1,2,3.0,4.0,1
0,334.0,52700.0,45,25300.0,25300.0,89,1.0,32,1.0,19.0,20,3.0,1.0,2,2,2.0,1,2.0,3.0,1000,0.0,3.0,3.0,1,40.0,2.0,1,2.0,0,1984.0,38.0,1,38,999,1.0,3700.0,12700.0,0.0,0.0,5.0,400,1.0,1,2,11000.0,1,2,3.0,4.0,1
0,237.0,37400.0,96,37400.0,37400.0,07,1.0,996,1.0,16.0,20,6.0,1.0,2,5,2.0,1,2.0,3.0,1000,0.0,3.0,3.0,0,40.0,2.0,1,2.0,0,1995.0,52.0,1,4,999,1.0,0.0,0.0,0.0,0.0,5.0,500,3.0,3,2,0.0,1,2,3.0,4.0,1
0,173.0,27300.0,36,27300.0,27300.0,82,1.0,32,1.0,19.0,22,6.0,1.0,2,5,2.0,1,2.0,3.0,1000,0.0,3.0,3.0,0,35.0,2.0,1,2.0,0,1995.0,52.0,1,4,50,1.0,0.0,0.0,0.0,0.0,5.0,500,3.0,2,2,0.0,1,2,3.0,4.0,1
0,245.0,1800.0,48,1800.0,1800.0,63,3.0,89,1.0,20.0,20,1.0,2.0,2,1,2.0,1,2.0,1.0,1000,0.0,2.0,2.0,0,40.0,2.0,1,2.0,0,2001.0,4.0,1,38,82,5.0,0.0,0.0,0.0,0.0,1.0,500,1.0,2,2,0.0,1,2,3.0,4.0,1
0,245.0,47900.0,15,47900.0,47900.0,12,1.0,82,1.0,20.0,21,1.0,1.0,1,1,2.0,1,2.0,3.0,1000,0.0,3.0,3.0,0,40.0,2.0,1,2.0,0,2001.0,52.0,1,27,999,1.0,0.0,0.0,0.0,0.0,5.0,500,1.0,1,2,0.0,1,1,3.0,4.0,1
0,247.0,38400.0,36,38400.0,38400.0,82,1.0,22,1.0,15.0,20,1.0,1.0,2,1,2.0,1,2.0,3.0,1000,0.0,3.0,3.0,0,40.0,2.0,1,2.0,0,1982.0,52.0,1,2,999,1.0,0.0,0.0,0.0,0.0,5.0,300,1.0,1,2,0.0,1,2,3.0,4.0,1
0,247.0,10000.0,42,0.0,0.0,82,6.0,22,2.0,13.0,21,1.0,2.0,2,1,2.0,1,2.0,2.0,1000,0.0,2.0,2.0,0,40.0,2.0,1,2.0,0,1982.0,52.0,1,21,999,1.0,0.0,4000.0,6000.0,0.0,5.0,300,1.0,1,2,0.0,1,2,3.0,2.0,1
0,338.0,60000.0,62,60000.0,60000.0,07,1.0,82,1.0,19.0,20,1.0,1.0,2,1,2.0,1,2.0,3.0,1000,0.0,3.0,3.0,2,40.0,2.0,1,2.0,0,2019.0,52.0,1,38,999,1.0,0.0,0.0,0.0,0.0,5.0,500,1.0,1,2,0.0,1,2,3.0,4.0,1
0,338.0,75000.0,03,75000.0,75000.0,82,1.0,82,1.0,22.0,21,1.0,1.0,2,1,2.0,1,2.0,3.0,1000,0.0,3.0,3.0,0,40.0,2.0,1,2.0,0,2019.0,52.0,1,38,999,1.0,0.0,0.0,0.0,0.0,5.0,500,1.0,1,2,0.0,1,2,3.0,4.0,1
1,200.0,31000.0,77,31000.0,31000.0,23,1.0,195,1.0,16.0,20,6.0,1.0,2,5,2.0,1,2.0,2.0,1000,0.0,2.0,2.0,0,40.0,2.0,1,2.0,0,1995.0,52.0,1,38,939,1.0,0.0,0.0,0.0,0.0,5.0,600,3.0,2,2,0.0,1,2,3.0,4.0,1
0,302.0,46900.0,15,41900.0,41900.0,70,1.0,996,1.0,16.0,22,6.0,1.0,2,5,2.0,1,2.0,3.0,1000,0.0,3.0,3.0,0,40.0,2.0,1,2.0,0,1995.0,52.0,1,38,999,1.0,0.0,5000.0,0.0,0.0,5.0,600,1.0,3,2,0.0,1,2,3.0,4.0,1
0,501.0,58000.0,77,58000.0,58000.0,24,1.0,32,1.0,16.0,20,1.0,1.0,2,1,2.0,1,2.0,3.0,1000,0.0,3.0,3.0,0,45.0,2.0,1,2.0,0,1983.0,52.0,1,38,50,1.0,0.0,0.0,0.0,0.0,5.0,500,1.0,2,2,0.0,1,2,3.0,4.0,1
0,501.0,99000.0,32,99000.0,99000.0,82,1.0,50,1.0,22.0,21,1.0,1.0,2,1,2.0,1,2.0,3.0,1000,0.0,3.0,3.0,0,55.0,2.0,1,2.0,0,1983.0,52.0,1,38,22,2.0,0.0,0.0,0.0,0.0,5.0,500,1.0,2,2,0.0,1,2,3.0,4.0,1
0,381.0,60000.0,32,60000.0,60000.0,82,1.0,32,1.0,20.0,20,4.0,1.0,2,3,2.0,1,2.0,3.0,1000,0.0,3.0,3.0,0,42.0,2.0,1,2.0,0,1980.0,52.0,1,38,999,1.0,0.0,0.0,0.0,0.0,5.0,400,1.0,1,2,0.0,1,2,3.0,4.0,1
0,501.0,75000.0,23,75000.0,75000.0,78,1.0,32,1.0,22.0,20,1.0,1.0,2,1,2.0,1,2.0,3.0,1000,0.0,3.0,3.0,0,40.0,2.0,1,2.0,0,2002.0,52.0,1,38,82,2.0,0.0,0.0,0.0,0.0,5.0,500,1.0,2,2,0.0,1,2,3.0,4.0,1
0,501.0,120000.0,02,120000.0,120000.0,07,1.0,82,1.0,20.0,21,1.0,1.0,2,1,2.0,1,2.0,3.0,1000,0.0,3.0,3.0,0,50.0,2.0,1,2.0,0,2002.0,52.0,1,38,89,1.0,0.0,0.0,0.0,0.0,5.0,500,1.0,2,2,0.0,1,2,3.0,4.0,1
0,501.0,60000.0,76,60000.0,60000.0,41,1.0,32,1.0,19.0,25,6.0,1.0,2,5,2.0,1,2.0,3.0,1000,0.0,3.0,3.0,0,20.0,2.0,1,2.0,0,1995.0,52.0,1,38,82,7.0,0.0,0.0,0.0,0.0,5.0,500,3.0,2,2,0.0,1,2,3.0,4.0,1
0,342.0,25500.0,35,1500.0,1500.0,80,1.0,939,1.0,17.0,25,3.0,1.0,2,2,2.0,1,2.0,3.0,1000,0.0,3.0,3.0,2,40.0,2.0,1,2.0,0,1998.0,12.0,1,38,22,4.0,0.0,24000.0,0.0,0.0,5.0,300,3.0,2,2,0.0,1,2,3.0,4.0,1
1,342.0,24000.0,42,0.0,0.0,69,6.0,939,3.0,16.0,30,6.0,2.0,1,5,1.0,1,1.0,2.0,1000,0.0,2.0,2.0,0,40.0,2.0,1,1.0,0,1995.0,52.0,1,27,22,1.0,0.0,24000.0,0.0,0.0,5.0,300,3.0,2,2,0.0,1,2,3.0,4.0,1
0,158.0,24700.0,42,24700.0,24700.0,83,1.0,32,1.0,16.0,20,4.0,1.0,2,3,2.0,1,2.0,3.0,1000,0.0,3.0,3.0,0,40.0,2.0,1,2.0,0,1999.0,52.0,1,38,82,5.0,0.0,0.0,0.0,0.0,5.0,600,3.0,2,2,0.0,1,2,3.0,4.0,1
0,291.0,45000.0,09,45000.0,45000.0,68,1.0,999,1.0,16.0,20,6.0,1.0,2,5,2.0,20,2.0,3.0,9000,0.0,3.0,3.0,0,40.0,2.0,9,2.0,0,1995.0,52.0,1,27,999,1.0,0.0,0.0,0.0,0.0,5.0,400,1.0,4,2,0.0,1,2,3.0,4.0,1
0,168.0,26000.0,46,26000.0,26000.0,83,1.0,999,1.0,20.0,22,6.0,1.0,2,5,2.0,1,2.0,3.0,1000,0.0,3.0,3.0,0,32.0,2.0,1,2.0,0,1995.0,52.0,1,27,999,2.0,0.0,0.0,0.0,0.0,5.0,400,1.0,4,2,0.0,1,2,3.0,4.0,1
0,297.0,81500.0,57,72000.0,72000.0,44,1.0,82,1.0,18.0,20,1.0,1.0,2,1,2.0,1,2.0,3.0,1000,0.0,3.0,3.0,0,65.0,2.0,1,2.0,0,2011.0,52.0,1,38,999,1.0,0.0,0.0,9500.0,0.0,5.0,500,1.0,1,2,0.0,1,2,3.0,4.0,1
0,297.0,22000.0,62,22000.0,0.0,07,1.0,50,1.0,16.0,21,1.0,1.0,2,1,2.0,1,2.0,3.0,1000,0.0,3.0,3.0,0,65.0,2.0,1,2.0,0,2011.0,52.0,1,38,999,6.0,0.0,0.0,0.0,0.0,5.0,500,1.0,1,2,0.0,1,2,3.0,4.0,1
0,297.0,3500.0,60,3500.0,3500.0,01,2.0,82,1.0,16.0,25,6.0,2.0,2,5,2.0,1,2.0,3.0,1000,0.0,2.0,1.0,0,25.0,2.0,1,2.0,0,1995.0,15.0,1,38,999,8.0,0.0,0.0,0.0,0.0,5.0,500,1.0,1,2,0.0,1,2,3.0,4.0,1
1,297.0,5300.0,91,5200.0,0.0,62,6.0,82,1.0,16.0,33,2.0,2.0,1,1,1.0,1,1.0,2.0,1000,0.0,2.0,2.0,0,32.0,2.0,1,2.0,0,2021.0,15.0,1,55,999,6.0,0.0,0.0,0.0,100.0,5.0,500,3.0,1,2,0.0,1,2,3.0,4.0,1
0,256.0,93300.0,63,93300.0,100000.0,07,1.0,50,1.0,20.0,20,1.0,1.0,2,1,2.0,1,2.0,3.0,1000,0.0,3.0,3.0,0,45.0,2.0,1,2.0,0,2009.0,52.0,1,38,82,1.0,0.0,0.0,0.0,0.0,5.0,300,1.0,2,2,0.0,1,2,3.0,4.0,1
0,256.0,20000.0,40,20000.0,20000.0,82,1.0,32,1.0,19.0,21,1.0,1.0,2,1,2.0,1,2.0,3.0,1000,0.0,3.0,3.0,0,30.0,2.0,1,2.0,0,2009.0,52.0,1,38,148,1.0,0.0,0.0,0.0,0.0,5.0,300,1.0,2,2,0.0,1,2,3.0,4.0,1
1,127.0,20000.0,58,20000.0,20000.0,69,1.0,999,1.0,18.0,20,4.0,1.0,1,3,2.0,1,2.0,3.0,1000,0.0,3.0,3.0,0,43.0,2.0,1,2.0,0,1993.0,52.0,1,6,999,1.0,0.0,0.0,0.0,0.0,5.0,600,1.0,4,2,0.0,1,1,3.0,4.0,1
0,501.0,165000.0,21,165000.0,165000.0,72,1.0,89,1.0,23.0,20,1.0,1.0,2,1,2.0,1,2.0,3.0,1000,0.0,3.0,3.0,0,30.0,2.0,1,2.0,0,1991.0,48.0,1,27,999,1.0,0.0,0.0,0.0,0.0,5.0,600,1.0,1,2,0.0,1,2,3.0,4.0,1
0,501.0,115000.0,30,115000.0,115000.0,50,1.0,142,1.0,21.0,21,1.0,1.0,2,1,2.0,1,2.0,3.0,1000,0.0,3.0,3.0,0,35.0,2.0,1,2.0,0,1991.0,52.0,1,27,999,1.0,0.0,0.0,0.0,0.0,5.0,600,1.0,1,2,0.0,1,2,3.0,4.0,1
0,501.0,103000.0,01,103000.0,103000.0,01,1.0,82,1.0,16.0,20,1.0,1.0,2,1,2.0,1,2.0,3.0,1000,0.0,3.0,3.0,0,50.0,2.0,1,2.0,0,1993.0,52.0,1,38,999,1.0,0.0,0.0,0.0,0.0,5.0,200,1.0,1,2,0.0,1,2,3.0,4.0,1
0,501.0,20000.0,40,20000.0,20000.0,86,1.0,32,1.0,18.0,21,1.0,1.0,2,1,2.0,1,2.0,3.0,1000,0.0,3.0,3.0,0,28.0,2.0,1,2.0,0,1993.0,52.0,1,38,82,1.0,0.0,0.0,0.0,0.0,5.0,200,1.0,2,2,0.0,1,2,3.0,4.0,1
0,342.0,38000.0,42,38000.0,38000.0,82,1.0,999,1.0,13.0,21,1.0,1.0,2,1,2.0,1,2.0,2.0,1000,0.0,2.0,2.0,2,37.0,2.0,1,2.0,0,1978.0,52.0,1,38,999,1.0,0.0,0.0,0.0,0.0,5.0,100,1.0,4,2,0.0,1,2,2.0,4.0,1
0,233.0,0.0,47,0.0,0.0,50,6.0,999,2.0,21.0,20,1.0,2.0,2,1,2.0,1,2.0,2.0,1000,0.0,2.0,2.0,0,40.0,2.0,1,2.0,0,2022.0,52.0,1,36,999,1.0,0.0,0.0,0.0,0.0,5.0,500,3.0,4,2,0.0,1,2,3.0,4.0,1
0,233.0,46000.0,98,46000.0,46000.0,96,4.0,999,1.0,19.0,21,1.0,1.0,2,1,2.0,15,2.0,3.0,8000,0.0,3.0,3.0,0,8.0,2.0,8,2.0,0,2022.0,52.0,0,36,999,5.0,0.0,0.0,0.0,0.0,5.0,500,3.0,4,2,0.0,1,2,3.0,1.0,5
0,501.0,80000.0,33,80000.0,80000.0,81,1.0,32,1.0,21.0,20,1.0,1.0,2,1,2.0,1,2.0,3.0,1000,0.0,3.0,3.0,0,45.0,2.0,1,2.0,0,2017.0,52.0,1,31,999,2.0,0.0,0.0,0.0,0.0,5.0,600,1.0,1,2,0.0,1,2,3.0,4.0,1
0,501.0,55000.0,33,55000.0,55000.0,81,1.0,32,1.0,21.0,21,1.0,1.0,2,1,2.0,1,2.0,3.0,1000,0.0,3.0,3.0,0,40.0,2.0,1,2.0,0,2017.0,52.0,1,38,999,2.0,0.0,0.0,0.0,0.0,5.0,600,1.0,1,2,0.0,1,2,3.0,4.0,1
0,494.0,92000.0,07,67000.0,67000.0,94,1.0,20,1.0,23.0,20,1.0,1.0,2,1,2.0,29,2.0,3.0,9000,0.0,3.0,3.0,0,40.0,2.0,9,2.0,0,2000.0,52.0,1,38,291,4.0,0.0,25000.0,0.0,0.0,5.0,300,1.0,2,2,0.0,1,2,3.0,4.0,24
0,494.0,29000.0,22,29000.0,25000.0,78,1.0,32,1.0,21.0,21,1.0,1.0,2,1,2.0,1,2.0,3.0,1000,0.0,3.0,3.0,0,20.0,2.0,1,2.0,0,2000.0,52.0,1,38,999,4.0,0.0,0.0,0.0,0.0,5.0,300,1.0,1,2,0.0,1,2,3.0,4.0,1
0,501.0,100.0,42,0.0,0.0,69,6.0,924,3.0,17.0,21,1.0,2.0,2,1,2.0,1,2.0,2.0,1000,0.0,2.0,2.0,1,40.0,2.0,1,2.0,0,2005.0,52.0,1,38,999,1.0,0.0,0.0,0.0,0.0,5.0,100,1.0,1,2,100.0,1,2,3.0,4.0,1
0,491.0,76100.0,02,75000.0,0.0,01,1.0,32,1.0,20.0,20,3.0,1.0,2,2,2.0,1,2.0,3.0,1000,0.0,3.0,3.0,0,30.0,2.0,1,2.0,0,2005.0,52.0,1,27,999,6.0,0.0,0.0,0.0,0.0,5.0,400,1.0,1,2,1100.0,1,2,3.0,4.0,1
0,431.0,68000.0,55,68000.0,68000.0,63,1.0,178,1.0,20.0,20,4.0,1.0,2,3,2.0,1,2.0,3.0,1000,0.0,3.0,3.0,0,50.0,2.0,1,2.0,0,2005.0,52.0,1,6,999,5.0,0.0,0.0,0.0,0.0,5.0,500,3.0,1,2,0.0,1,2,3.0,4.0,1
1,104.0,16400.0,41,3700.0,3700.0,86,1.0,82,1.0,16.0,20,6.0,1.0,1,5,1.0,1,1.0,3.0,1000,0.0,3.0,3.0,0,10.0,2.0,1,2.0,0,1995.0,52.0,1,38,999,1.0,12500.0,0.0,0.0,200.0,5.0,500,1.0,1,2,0.0,1,2,3.0,4.0,1
0,435.0,68000.0,50,68000.0,68000.0,91,1.0,32,1.0,21.0,20,6.0,1.0,2,5,2.0,1,2.0,3.0,1000,0.0,3.0,3.0,2,40.0,2.0,1,2.0,0,1995.0,52.0,1,38,82,2.0,0.0,0.0,0.0,0.0,5.0,400,1.0,2,2,0.0,1,2,3.0,4.0,1
0,393.0,62000.0,47,62000.0,62000.0,46,1.0,32,1.0,20.0,20,6.0,1.0,2,5,2.0,1,2.0,3.0,1000,0.0,3.0,3.0,0,40.0,2.0,1,2.0,0,1995.0,52.0,1,27,142,1.0,0.0,0.0,0.0,0.0,5.0,600,1.0,2,2,0.0,1,2,3.0,4.0,1
0,501.0,75000.0,32,75000.0,40000.0,94,6.0,32,1.0,21.0,20,1.0,2.0,2,1,2.0,1,2.0,2.0,1000,0.0,2.0,2.0,0,32.0,2.0,1,2.0,0,1996.0,16.0,1,27,22,3.0,0.0,0.0,0.0,0.0,5.0,400,1.0,2,2,0.0,1,2,3.0,4.0,1
0,501.0,88000.0,07,88000.0,80000.0,05,1.0,32,1.0,20.0,21,1.0,1.0,2,1,2.0,1,2.0,3.0,1000,0.0,3.0,3.0,0,54.0,2.0,1,2.0,0,1996.0,52.0,1,38,148,1.0,0.0,0.0,0.0,0.0,5.0,400,1.0,2,2,0.0,1,2,3.0,4.0,1
0,266.0,24000.0,43,24000.0,24000.0,90,1.0,32,1.0,16.0,21,1.0,1.0,2,1,2.0,1,2.0,3.0,1000,0.0,3.0,3.0,0,40.0,2.0,1,2.0,0,1986.0,52.0,1,38,82,1.0,0.0,0.0,0.0,0.0,5.0,200,1.0,2,2,0.0,1,2,3.0,4.0,1
0,489.0,80880.0,30,74000.0,74000.0,94,1.0,82,1.0,21.0,20,1.0,1.0,2,1,2.0,1,2.0,3.0,1000,0.0,3.0,3.0,0,40.0,2.0,1,2.0,0,1983.0,52.0,1,27,22,3.0,0.0,0.0,6500.0,0.0,5.0,200,1.0,2,2,380.0,1,2,3.0,2.0,1
1,167.0,33400.0,23,1000.0,1000.0,78,6.0,22,1.0,21.0,20,1.0,2.0,1,1,1.0,1,2.0,2.0,1000,0.0,2.0,2.0,0,8.0,2.0,1,2.0,0,2006.0,4.0,1,49,88,3.0,0.0,32400.0,0.0,0.0,5.0,200,1.0,2,2,0.0,1,2,3.0,4.0,1
1,167.0,0.0,36,0.0,0.0,82,6.0,22,2.0,16.0,21,1.0,2.0,1,1,1.0,1,2.0,2.0,1000,0.0,2.0,2.0,0,40.0,2.0,1,2.0,0,2006.0,52.0,1,49,999,2.0,0.0,0.0,0.0,0.0,5.0,200,1.0,1,2,0.0,1,2,3.0,4.0,1
0,367.0,56000.0,63,56000.0,56000.0,07,1.0,82,1.0,16.0,20,6.0,1.0,1,5,2.0,1,1.0,3.0,1000,0.0,3.0,3.0,0,40.0,2.0,1,2.0,0,1995.0,52.0,1,27,999,1.0,0.0,0.0,0.0,0.0,5.0,500,1.0,1,2,0.0,1,2,3.0,2.0,1
0,262.0,40000.0,73,40000.0,40000.0,07,2.0,917,1.0,16.0,36,6.0,1.0,2,5,2.0,3,2.0,3.0,5025,0.0,2.0,1.0,0,50.0,2.0,5,2.0,1,1995.0,50.0,0,38,999,1.0,0.0,0.0,0.0,0.0,5.0,500,1.0,1,2,0.0,1,2,3.0,4.0,1
0,501.0,110000.0,13,110000.0,110000.0,72,1.0,32,1.0,21.0,21,1.0,1.0,2,1,2.0,1,2.0,3.0,1000,0.0,3.0,3.0,0,40.0,2.0,1,2.0,0,2015.0,52.0,1,51,999,1.0,0.0,0.0,0.0,0.0,5.0,100,1.0,1,2,0.0,1,2,3.0,4.0,1
0,501.0,100000.0,52,70000.0,70000.0,66,1.0,22,1.0,18.0,20,4.0,1.0,2,3,2.0,1,2.0,3.0,1000,0.0,3.0,3.0,0,40.0,2.0,1,2.0,0,1982.0,52.0,1,49,50,1.0,0.0,30000.0,0.0,0.0,5.0,200,1.0,2,2,0.0,1,2,3.0,4.0,1
0,331.0,22200.0,25,22200.0,22200.0,78,1.0,996,1.0,18.0,20,1.0,1.0,2,1,2.0,1,2.0,3.0,1000,0.0,3.0,3.0,0,40.0,2.0,1,2.0,0,2002.0,48.0,1,55,999,3.0,0.0,0.0,0.0,0.0,5.0,200,1.0,3,2,0.0,1,2,3.0,4.0,1
0,331.0,55000.0,86,55000.0,55000.0,96,4.0,21,1.0,20.0,21,1.0,1.0,2,1,2.0,1,2.0,3.0,1000,0.0,3.0,3.0,0,45.0,2.0,1,2.0,0,2002.0,52.0,1,55,51,5.0,0.0,0.0,0.0,0.0,5.0,200,1.0,2,2,0.0,1,2,3.0,1.0,1
0,331.0,0.0,42,0.0,0.0,69,6.0,21,3.0,13.0,25,6.0,2.0,2,5,2.0,1,2.0,2.0,1000,0.0,2.0,2.0,0,40.0,2.0,1,2.0,0,1995.0,52.0,1,24,32,1.0,0.0,0.0,0.0,0.0,5.0,200,1.0,2,2,0.0,1,2,3.0,4.0,1
0,365.0,48900.0,44,48900.0,48900.0,85,1.0,917,1.0,17.0,20,4.0,1.0,2,3,2.0,3,2.0,3.0,5013,0.0,3.0,3.0,0,40.0,2.0,3,2.0,1,1982.0,52.0,0,38,50,1.0,0.0,0.0,0.0,0.0,5.0,400,1.0,2,2,0.0,1,2,3.0,4.0,1
1,365.0,0.0,42,0.0,0.0,69,6.0,917,3.0,16.0,25,1.0,2.0,1,1,2.0,3,2.0,2.0,5013,0.0,2.0,2.0,0,40.0,2.0,3,2.0,1,2019.0,52.0,0,38,935,1.0,0.0,0.0,0.0,0.0,5.0,400,3.0,2,2,0.0,1,1,3.0,4.0,1
1,365.0,130800.0,62,130000.0,130000.0,07,3.0,917,1.0,17.0,25,6.0,2.0,2,5,2.0,3,2.0,3.0,5013,0.0,1.0,3.0,0,40.0,2.0,3,2.0,1,1995.0,52.0,0,38,935,1.0,0.0,0.0,0.0,800.0,1.0,400,3.0,2,2,0.0,1,2,1.0,4.0,1
1,365.0,9500.0,42,0.0,0.0,69,6.0,917,3.0,12.0,32,1.0,2.0,1,1,1.0,3,1.0,2.0,5013,9500.0,2.0,2.0,0,40.0,2.0,3,2.0,1,2019.0,52.0,0,38,935,1.0,0.0,0.0,0.0,0.0,5.0,400,3.0,2,2,0.0,1,2,3.0,4.0,1
0,501.0,150000.0,60,150000.0,150000.0,01,1.0,88,1.0,16.0,20,1.0,1.0,2,1,2.0,1,2.0,3.0,1000,0.0,3.0,3.0,2,60.0,2.0,1,2.0,0,2014.0,48.0,1,30,999,7.0,0.0,0.0,0.0,0.0,5.0,100,1.0,1,2,0.0,1,2,3.0,4.0,1
0,501.0,30000.0,60,30000.0,30000.0,01,1.0,50,1.0,17.0,21,1.0,1.0,2,1,2.0,1,2.0,2.0,1000,0.0,3.0,3.0,2,40.0,2.0,1,2.0,0,2014.0,52.0,1,30,999,1.0,0.0,0.0,0.0,0.0,5.0,100,1.0,1,2,0.0,1,2,3.0,4.0,1
0,459.0,70000.0,63,70000.0,70000.0,07,1.0,26,1.0,16.0,20,6.0,1.0,2,5,2.0,1,2.0,3.0,1000,0.0,3.0,3.0,0,40.0,2.0,1,2.0,0,1995.0,52.0,1,38,999,3.0,0.0,0.0,0.0,0.0,5.0,500,1.0,1,2,0.0,1,2,3.0,4.0,1
0,385.0,60000.0,73,60000.0,60000.0,07,1.0,82,1.0,16.0,20,6.0,1.0,2,5,2.0,1,2.0,3.0,1000,0.0,3.0,3.0,0,40.0,2.0,1,2.0,0,1995.0,52.0,1,38,999,1.0,0.0,0.0,0.0,0.0,5.0,600,1.0,1,2,0.0,1,2,3.0,4.0,1
0,96.0,15000.0,40,15000.0,15000.0,86,1.0,24,1.0,21.0,22,6.0,1.0,2,5,2.0,1,2.0,3.0,1000,0.0,3.0,3.0,0,25.0,2.0,1,2.0,0,1995.0,30.0,1,38,999,1.0,0.0,0.0,0.0,0.0,5.0,600,1.0,1,2,0.0,1,2,3.0,4.0,1
0,386.0,40000.0,23,40000.0,40000.0,78,1.0,22,1.0,21.0,20,1.0,1.0,2,1,2.0,1,2.0,3.0,1000,0.0,3.0,3.0,0,40.0,2.0,1,2.0,0,2002.0,52.0,1,27,50,2.0,0.0,0.0,0.0,0.0,5.0,400,1.0,2,2,0.0,1,2,3.0,4.0,1
0,386.0,100000.0,02,100000.0,100000.0,78,1.0,32,1.0,22.0,21,1.0,1.0,2,1,2.0,1,2.0,3.0,1000,0.0,3.0,3.0,0,50.0,2.0,1,2.0,0,2002.0,52.0,1,27,50,2.0,0.0,0.0,0.0,0.0,5.0,400,1.0,2,2,0.0,1,2,3.0,4.0,1
0,501.0,120000.0,13,120000.0,120000.0,20,1.0,32,1.0,21.0,20,1.0,1.0,2,1,2.0,1,2.0,3.0,1000,0.0,3.0,3.0,0,60.0,2.0,1,2.0,0,2016.0,52.0,1,38,999,1.0,0.0,0.0,0.0,0.0,5.0,300,1.0,1,2,0.0,1,2,3.0,4.0,1
0,501.0,20000.0,46,20000.0,20000.0,85,1.0,32,1.0,21.0,21,1.0,1.0,2,1,2.0,1,2.0,3.0,1000,0.0,2.0,3.0,0,35.0,2.0,1,2.0,0,2016.0,52.0,1,38,999,1.0,0.0,0.0,0.0,0.0,5.0,300,1.0,1,2,0.0,1,2,3.0,4.0,1
0,501.0,40000.0,41,40000.0,40000.0,86,1.0,82,1.0,17.0,21,1.0,1.0,2,1,2.0,1,2.0,3.0,1000,0.0,3.0,3.0,0,40.0,2.0,1,2.0,0,2006.0,52.0,1,38,999,1.0,0.0,0.0,0.0,0.0,5.0,600,1.0,1,2,0.0,1,2,3.0,4.0,1
0,327.0,60000.0,81,60000.0,60000.0,88,1.0,999,1.0,16.0,20,1.0,1.0,2,1,2.0,1,2.0,3.0,1000,0.0,3.0,3.0,0,40.0,2.0,1,2.0,0,2020.0,52.0,1,38,999,1.0,0.0,0.0,0.0,0.0,5.0,500,1.0,4,2,0.0,1,2,3.0,4.0,1
0,327.0,40000.0,35,40000.0,40000.0,80,1.0,999,1.0,20.0,21,1.0,1.0,2,1,2.0,1,2.0,3.0,1000,0.0,3.0,3.0,0,45.0,2.0,1,2.0,0,2020.0,52.0,1,38,999,1.0,0.0,0.0,0.0,0.0,5.0,500,1.0,4,2,0.0,1,2,3.0,4.0,1
0,443.0,38000.0,51,38000.0,38000.0,07,1.0,32,1.0,20.0,20,1.0,1.0,2,1,2.0,1,2.0,2.0,1000,0.0,2.0,2.0,1,40.0,2.0,1,2.0,0,1998.0,52.0,1,38,82,7.0,0.0,0.0,0.0,0.0,5.0,600,1.0,2,2,0.0,1,2,3.0,4.0,1
0,443.0,50000.0,63,50000.0,50000.0,07,1.0,50,1.0,16.0,21,1.0,1.0,2,1,2.0,1,2.0,2.0,1000,0.0,2.0,2.0,0,80.0,2.0,1,2.0,0,1998.0,52.0,1,38,32,7.0,0.0,0.0,0.0,0.0,5.0,600,1.0,2,2,0.0,1,2,3.0,4.0,1
0,286.0,45000.0,41,45000.0,45000.0,86,3.0,32,1.0,16.0,20,6.0,2.0,2,5,2.0,1,2.0,1.0,1000,0.0,2.0,2.0,0,40.0,2.0,1,2.0,0,1995.0,52.0,1,36,999,1.0,0.0,0.0,0.0,0.0,1.0,100,3.0,1,2,0.0,1,2,3.0,4.0,1
0,241.0,38000.0,96,38000.0,38000.0,53,1.0,720,1.0,19.0,22,4.0,1.0,2,3,2.0,6,2.0,3.0,4008,0.0,3.0,3.0,0,55.0,2.0,6,2.0,0,2013.0,52.0,0,233,999,1.0,0.0,0.0,0.0,0.0,5.0,100,3.0,1,2,0.0,4,2,3.0,4.0,1
0,312.0,48000.0,12,48000.0,48000.0,81,1.0,32,1.0,21.0,20,6.0,1.0,2,5,2.0,1,2.0,3.0,1000,0.0,3.0,3.0,0,40.0,2.0,1,2.0,0,1995.0,52.0,1,27,171,2.0,0.0,0.0,0.0,0.0,5.0,600,1.0,2,2,0.0,1,2,3.0,4.0,1
0,191.0,40000.0,02,40000.0,40000.0,01,6.0,82,1.0,19.0,20,6.0,2.0,2,5,2.0,1,2.0,2.0,1000,0.0,2.0,2.0,2,60.0,2.0,1,2.0,0,1995.0,52.0,1,38,999,7.0,0.0,0.0,0.0,0.0,5.0,400,1.0,1,2,0.0,1,2,3.0,4.0,1
0,501.0,49500.0,04,24300.0,24300.0,91,1.0,291,1.0,11.0,20,1.0,1.0,1,1,2.0,15,2.0,3.0,8000,0.0,3.0,3.0,0,25.0,2.0,8,2.0,0,1997.0,52.0,0,16,32,2.0,0.0,0.0,0.0,0.0,5.0,100,1.0,2,2,25200.0,1,1,3.0,4.0,24
0,501.0,155000.0,00,155000.0,150000.0,78,1.0,999,1.0,22.0,21,1.0,1.0,2,1,2.0,1,2.0,3.0,1000,0.0,3.0,3.0,0,80.0,2.0,1,2.0,0,1997.0,52.0,1,38,999,4.0,0.0,0.0,0.0,0.0,5.0,100,1.0,4,2,0.0,1,2,3.0,4.0,1
0,501.0,6000.0,60,6000.0,6000.0,02,6.0,999,1.0,18.0,25,6.0,1.0,1,5,1.0,29,2.0,3.0,9000,0.0,3.0,3.0,0,40.0,2.0,9,2.0,0,1995.0,12.0,1,8,999,1.0,0.0,0.0,0.0,0.0,5.0,100,1.0,4,2,0.0,1,2,3.0,4.0,24
0,501.0,36000.0,96,36000.0,36000.0,81,1.0,82,1.0,19.0,20,1.0,1.0,2,1,2.0,1,2.0,2.0,1000,0.0,2.0,2.0,0,40.0,2.0,1,2.0,0,2016.0,52.0,1,8,999,1.0,0.0,0.0,0.0,0.0,5.0,600,1.0,1,2,0.0,1,2,3.0,4.0,1
0,501.0,68000.0,54,68000.0,68000.0,50,1.0,82,1.0,19.0,21,1.0,1.0,2,1,2.0,1,2.0,2.0,1000,0.0,2.0,2.0,0,40.0,2.0,1,2.0,0,2016.0,52.0,1,27,999,1.0,0.0,0.0,0.0,0.0,5.0,600,1.0,1,2,0.0,1,2,3.0,4.0,1
0,501.0,6000.0,23,0.0,0.0,78,6.0,996,2.0,21.0,20,1.0,2.0,2,1,2.0,1,2.0,2.0,1000,0.0,2.0,2.0,0,40.0,2.0,1,2.0,0,2012.0,52.0,1,48,999,3.0,0.0,0.0,6000.0,0.0,5.0,100,1.0,3,2,0.0,1,2,3.0,4.0,1
0,324.0,14700.0,25,14700.0,14700.0,78,1.0,999,1.0,20.0,20,1.0,1.0,2,1,2.0,1,2.0,3.0,1000,0.0,3.0,3.0,0,38.0,2.0,1,2.0,0,2012.0,33.0,1,53,999,3.0,0.0,0.0,0.0,0.0,5.0,100,1.0,4,2,0.0,1,2,3.0,4.0,1
0,324.0,100000.0,13,100000.0,100000.0,07,1.0,999,1.0,22.0,21,1.0,1.0,2,1,2.0,1,2.0,3.0,1000,0.0,3.0,3.0,0,40.0,2.0,1,2.0,0,2012.0,52.0,1,27,999,1.0,0.0,0.0,0.0,0.0,5.0,100,1.0,4,2,0.0,1,2,3.0,4.0,1
1,1.0,200.0,47,0.0,0.0,86,3.0,920,2.0,19.0,20,1.0,2.0,2,1,2.0,3,2.0,1.0,5013,0.0,2.0,2.0,0,40.0,2.0,3,2.0,1,2022.0,52.0,0,38,999,1.0,0.0,0.0,200.0,0.0,1.0,100,3.0,1,2,0.0,1,2,3.0,4.0,1
1,1.0,200.0,40,0.0,0.0,86,6.0,920,2.0,12.0,21,1.0,2.0,2,1,2.0,3,2.0,2.0,5013,0.0,2.0,2.0,0,40.0,2.0,3,2.0,1,2022.0,52.0,0,38,999,1.0,0.0,0.0,200.0,0.0,5.0,100,3.0,1,2,0.0,1,2,3.0,4.0,1
0,225.0,35250.0,02,35000.0,0.0,01,1.0,32,1.0,16.0,20,4.0,1.0,2,3,2.0,1,2.0,3.0,1000,0.0,3.0,3.0,0,50.0,2.0,1,2.0,0,1986.0,52.0,1,38,999,6.0,0.0,0.0,120.0,0.0,5.0,200,1.0,1,2,130.0,1,2,3.0,3.0,1
0,192.0,30010.0,36,30000.0,30000.0,82,1.0,32,1.0,16.0,22,4.0,1.0,2,3,2.0,1,2.0,3.0,1000,0.0,3.0,3.0,0,39.0,2.0,1,2.0,0,1993.0,52.0,1,38,999,1.0,0.0,0.0,0.0,0.0,5.0,200,1.0,1,2,10.0,1,2,3.0,4.0,1
0,449.0,72000.0,08,72000.0,72000.0,85,1.0,82,1.0,21.0,20,1.0,1.0,2,1,2.0,1,2.0,3.0,1000,0.0,3.0,3.0,0,40.0,2.0,1,2.0,0,2001.0,52.0,1,38,999,4.0,0.0,0.0,0.0,0.0,5.0,300,1.0,1,2,0.0,1,2,3.0,4.0,1
0,449.0,80000.0,08,80000.0,80000.0,74,1.0,22,1.0,22.0,21,1.0,1.0,2,1,2.0,1,2.0,3.0,1000,0.0,3.0,3.0,0,45.0,2.0,1,2.0,0,2001.0,52.0,1,30,999,2.0,0.0,0.0,0.0,0.0,5.0,300,1.0,1,2,0.0,1,2,3.0,4.0,1
0,422.0,26500.0,58,26000.0,17000.0,61,1.0,32,1.0,19.0,20,1.0,1.0,2,1,2.0,1,2.0,3.0,1000,0.0,3.0,3.0,1,40.0,2.0,1,2.0,0,1988.0,52.0,1,38,82,7.0,0.0,0.0,0.0,0.0,5.0,400,1.0,2,2,500.0,1,2,3.0,4.0,1
0,422.0,58500.0,91,58000.0,58000.0,61,1.0,32,1.0,19.0,21,1.0,1.0,2,1,2.0,1,2.0,3.0,1000,0.0,3.0,3.0,1,50.0,2.0,1,2.0,0,1988.0,52.0,1,38,82,7.0,0.0,0.0,0.0,0.0,5.0,400,1.0,2,2,500.0,1,2,3.0,3.0,1
0,501.0,93100.0,06,93000.0,93000.0,75,1.0,32,1.0,21.0,20,1.0,1.0,2,1,2.0,1,2.0,3.0,1000,0.0,3.0,3.0,0,50.0,2.0,1,2.0,0,2023.0,52.0,1,27,999,1.0,0.0,0.0,0.0,0.0,5.0,600,1.0,1,2,100.0,1,2,3.0,4.0,1
0,501.0,45100.0,02,45000.0,45000.0,78,1.0,142,1.0,22.0,21,1.0,1.0,2,1,2.0,1,2.0,3.0,1000,0.0,3.0,3.0,0,70.0,2.0,1,2.0,0,2023.0,52.0,1,27,32,4.0,0.0,0.0,0.0,0.0,5.0,600,1.0,2,2,100.0,1,2,3.0,4.0,1
0,258.0,40300.0,40,40000.0,40000.0,82,1.0,999,1.0,16.0,20,4.0,1.0,2,3,2.0,1,2.0,3.0,1000,0.0,3.0,3.0,0,40.0,2.0,1,2.0,0,1979.0,52.0,1,38,999,2.0,0.0,0.0,0.0,0.0,5.0,600,1.0,4,2,300.0,1,2,3.0,4.0,1
0,317.0,105000.0,14,105000.0,105000.0,10,1.0,999,1.0,22.0,20,1.0,1.0,2,1,2.0,1,2.0,3.0,1000,0.0,3.0,3.0,0,42.0,2.0,1,2.0,0,2013.0,52.0,1,129,999,1.0,0.0,0.0,0.0,0.0,5.0,500,1.0,4,2,0.0,5,2,3.0,4.0,1
0,317.0,10000.0,36,10000.0,10000.0,79,6.0,999,1.0,18.0,21,1.0,1.0,2,1,2.0,1,2.0,3.0,1000,0.0,3.0,3.0,0,25.0,2.0,1,2.0,0,2013.0,10.0,1,38,999,1.0,0.0,0.0,0.0,0.0,5.0,500,1.0,4,2,0.0,1,2,3.0,4.0,1
0,501.0,80000.0,11,80000.0,80000.0,74,1.0,999,1.0,21.0,21,1.0,1.0,2,1,2.0,1,2.0,3.0,1000,0.0,3.0,3.0,0,45.0,2.0,1,2.0,0,2019.0,52.0,1,38,999,1.0,0.0,0.0,0.0,0.0,5.0,600,1.0,4,2,0.0,1,2,3.0,4.0,1
0,376.0,49400.0,50,49400.0,49400.0,42,1.0,32,1.0,19.0,20,1.0,1.0,2,1,2.0,1,2.0,3.0,1000,0.0,3.0,3.0,0,45.0,2.0,1,2.0,0,1983.0,52.0,1,38,999,1.0,0.0,0.0,0.0,0.0,5.0,200,1.0,1,2,0.0,1,2,3.0,4.0,1
0,376.0,26550.0,58,26500.0,26500.0,70,1.0,32,1.0,21.0,21,1.0,1.0,2,1,2.0,1,2.0,3.0,1000,0.0,3.0,3.0,0,40.0,2.0,1,2.0,0,1983.0,52.0,1,38,50,1.0,0.0,0.0,0.0,0.0,5.0,200,1.0,2,2,50.0,1,2,3.0,4.0,1
0,426.0,42000.0,23,42000.0,42000.0,78,1.0,50,1.0,21.0,20,1.0,1.0,2,1,2.0,1,2.0,3.0,1000,0.0,3.0,3.0,0,45.0,2.0,1,2.0,0,2016.0,52.0,1,17,22,3.0,0.0,0.0,0.0,0.0,5.0,500,1.0,2,2,0.0,1,2,3.0,4.0,1
0,426.0,42000.0,23,42000.0,42000.0,78,1.0,32,1.0,21.0,21,1.0,1.0,2,1,2.0,1,2.0,3.0,1000,0.0,3.0,3.0,0,45.0,2.0,1,2.0,0,2016.0,52.0,1,48,22,3.0,0.0,0.0,0.0,0.0,5.0,500,1.0,2,2,0.0,1,2,3.0,4.0,1
1,83.0,23000.0,48,23000.0,23000.0,48,1.0,32,1.0,16.0,20,1.0,1.0,2,1,2.0,1,2.0,3.0,1000,0.0,3.0,3.0,0,40.0,2.0,1,2.0,0,2014.0,52.0,1,42,26,1.0,0.0,0.0,0.0,0.0,5.0,400,1.0,2,2,0.0,1,2,3.0,4.0,1
1,83.0,2300.0,62,2200.0,2000.0,07,3.0,999,1.0,16.0,21,1.0,1.0,1,1,2.0,1,1.0,3.0,1000,0.0,3.0,3.0,0,10.0,1.0,1,2.0,0,2014.0,5.0,1,38,999,6.0,0.0,0.0,0.0,100.0,5.0,400,1.0,4,2,0.0,1,2,3.0,4.0,1
0,451.0,70000.0,10,70000.0,70000.0,78,1.0,999,1.0,16.0,20,6.0,1.0,2,5,2.0,1,2.0,3.0,1000,0.0,3.0,3.0,0,45.0,2.0,1,2.0,0,1995.0,52.0,1,38,999,3.0,0.0,0.0,0.0,0.0,5.0,400,1.0,4,2,0.0,1,2,3.0,4.0,1
0,322.0,49900.0,77,49900.0,49900.0,23,1.0,999,1.0,17.0,22,4.0,1.0,2,3,2.0,1,2.0,3.0,1000,0.0,3.0,3.0,0,40.0,2.0,1,2.0,0,2004.0,52.0,1,6,999,1.0,0.0,0.0,0.0,0.0,5.0,400,1.0,4,2,0.0,1,2,3.0,4.0,1
0,375.0,39400.0,39,39400.0,39400.0,76,1.0,996,1.0,16.0,20,1.0,1.0,2,1,2.0,1,2.0,3.0,1000,0.0,3.0,3.0,0,45.0,2.0,1,2.0,0,1989.0,52.0,1,38,999,1.0,0.0,0.0,0.0,0.0,5.0,300,1.0,3,2,0.0,1,2,3.0,4.0,1
0,375.0,36900.0,34,36900.0,36900.0,81,1.0,996,1.0,17.0,21,1.0,1.0,2,1,2.0,1,2.0,3.0,1000,0.0,3.0,3.0,0,40.0,2.0,1,2.0,0,1989.0,52.0,1,38,999,1.0,0.0,0.0,0.0,0.0,5.0,300,1.0,3,2,0.0,1,2,3.0,4.0,1
0,501.0,90000.0,14,90000.0,90000.0,07,1.0,51,1.0,17.0,20,1.0,1.0,2,1,2.0,1,2.0,3.0,1000,0.0,3.0,3.0,0,50.0,2.0,1,2.0,0,2003.0,52.0,1,41,999,1.0,0.0,0.0,0.0,0.0,5.0,100,1.0,1,2,0.0,1,2,3.0,4.0,1
0,501.0,60000.0,58,60000.0,60000.0,07,1.0,32,1.0,16.0,21,1.0,1.0,2,1,2.0,1,2.0,3.0,1000,0.0,3.0,3.0,0,40.0,2.0,1,2.0,0,2003.0,52.0,1,41,999,1.0,0.0,0.0,0.0,0.0,5.0,100,1.0,1,2,0.0,1,2,3.0,4.0,1
0,360.0,51600.0,24,18000.0,18000.0,85,1.0,82,1.0,20.0,20,2.0,1.0,2,1,2.0,1,2.0,3.0,1000,0.0,3.0,3.0,0,35.0,2.0,1,2.0,0,1981.0,14.0,1,27,89,4.0,10800.0,7200.0,0.0,0.0,5.0,400,1.0,2,2,15600.0,1,2,3.0,4.0,1
0,501.0,86400.0,72,72000.0,72000.0,32,1.0,82,1.0,20.0,34,2.0,1.0,2,1,2.0,1,2.0,3.0,1000,0.0,3.0,3.0,0,53.0,2.0,1,2.0,0,1981.0,52.0,1,27,89,1.0,0.0,0.0,0.0,0.0,5.0,400,1.0,2,2,14400.0,1,2,3.0,4.0,1
0,385.0,60004.0,62,60000.0,60000.0,07,1.0,999,1.0,18.0,20,6.0,1.0,2,5,2.0,15,2.0,3.0,8000,0.0,3.0,3.0,0,40.0,2.0,8,2.0,0,1995.0,52.0,0,6,999,1.0,0.0,4.0,0.0,0.0,5.0,600,1.0,4,2,0.0,1,2,3.0,2.0,1
0,257.0,39390.0,63,39000.0,39000.0,07,6.0,82,1.0,16.0,20,3.0,2.0,2,2,2.0,1,2.0,2.0,1000,0.0,2.0,2.0,1,30.0,2.0,1,2.0,0,1991.0,36.0,1,38,999,1.0,0.0,0.0,0.0,0.0,5.0,500,1.0,1,2,390.0,1,2,3.0,4.0,1
0,231.0,104000.0,08,104000.0,104000.0,07,1.0,939,1.0,21.0,20,1.0,1.0,2,1,2.0,15,2.0,3.0,8000,0.0,3.0,3.0,0,46.0,2.0,8,2.0,0,2013.0,52.0,0,38,999,1.0,0.0,0.0,0.0,0.0,5.0,500,1.0,1,2,0.0,1,2,3.0,4.0,1
0,231.0,0.0,42,0.0,0.0,69,6.0,939,3.0,24.0,21,1.0,2.0,2,1,2.0,15,2.0,2.0,8000,0.0,2.0,2.0,0,40.0,2.0,8,2.0,0,2013.0,52.0,0,139,999,1.0,0.0,0.0,0.0,0.0,5.0,500,1.0,1,2,0.0,5,2,3.0,4.0,1
0,90.0,14000.0,49,14000.0,14000.0,70,1.0,939,1.0,20.0,20,6.0,1.0,2,5,2.0,1,2.0,3.0,1000,0.0,3.0,3.0,2,40.0,2.0,1,2.0,0,1995.0,52.0,1,27,999,1.0,0.0,0.0,0.0,0.0,5.0,500,1.0,1,2,0.0,1,2,3.0,4.0,1
1,127.0,19800.0,42,19800.0,19800.0,76,1.0,211,1.0,16.0,34,6.0,1.0,2,5,2.0,15,2.0,3.0,8000,0.0,3.0,3.0,0,50.0,2.0,8,2.0,0,1995.0,52.0,0,27,999,1.0,0.0,0.0,0.0,0.0,5.0,500,1.0,1,2,0.0,1,2,3.0,4.0,2
0,307.0,48000.0,32,48000.0,48000.0,81,1.0,599,1.0,20.0,20,4.0,1.0,2,3,2.0,2,2.0,3.0,3000,0.0,3.0,3.0,0,40.0,2.0,2,2.0,0,2017.0,52.0,0,427,999,1.0,0.0,0.0,0.0,0.0,5.0,600,1.0,1,2,0.0,6,2,3.0,4.0,1
0,360.0,55600.0,32,55000.0,55000.0,81,1.0,82,1.0,21.0,20,6.0,1.0,2,5,2.0,1,2.0,3.0,1000,0.0,3.0,3.0,0,40.0,2.0,1,2.0,0,1995.0,52.0,1,38,999,1.0,0.0,600.0,0.0,0.0,5.0,600,1.0,1,2,0.0,1,2,3.0,4.0,1
0,501.0,60000.0,04,60000.0,60000.0,77,1.0,82,1.0,20.0,20,1.0,1.0,2,1,2.0,1,2.0,3.0,1000,0.0,3.0,3.0,0,70.0,2.0,1,2.0,0,1991.0,52.0,1,38,999,7.0,0.0,0.0,0.0,0.0,5.0,400,1.0,1,2,0.0,1,2,3.0,4.0,1
0,501.0,112000.0,55,112000.0,100000.0,63,1.0,32,1.0,20.0,21,1.0,1.0,2,1,2.0,1,2.0,3.0,1000,0.0,3.0,3.0,0,46.0,2.0,1,2.0,0,1991.0,52.0,1,38,999,5.0,0.0,0.0,0.0,0.0,5.0,400,1.0,1,2,0.0,1,2,3.0,4.0,1
0,501.0,70000.0,60,70000.0,70000.0,01,1.0,82,1.0,15.0,25,6.0,1.0,2,5,2.0,1,2.0,3.0,1000,0.0,3.0,3.0,0,45.0,2.0,1,2.0,0,1995.0,52.0,1,38,32,1.0,0.0,0.0,0.0,0.0,5.0,400,1.0,2,2,0.0,1,2,3.0,4.0,1
0,353.0,98000.0,02,21000.0,0.0,01,1.0,999,1.0,21.0,20,1.0,1.0,2,1,2.0,1,2.0,3.0,1000,0.0,3.0,3.0,2,70.0,2.0,1,2.0,0,2005.0,52.0,1,38,999,6.0,0.0,0.0,0.0,0.0,5.0,400,1.0,4,2,77000.0,1,2,3.0,4.0,1
0,353.0,7010.0,02,7000.0,0.0,01,1.0,999,1.0,20.0,21,1.0,1.0,2,1,2.0,1,2.0,2.0,1000,0.0,2.0,2.0,2,14.0,2.0,1,2.0,0,2005.0,52.0,1,38,999,6.0,0.0,0.0,0.0,0.0,5.0,400,1.0,4,2,10.0,1,2,3.0,4.0,1
0,173.0,35400.0,51,35400.0,35400.0,68,1.0,94,1.0,16.0,20,5.0,1.0,2,4,2.0,1,2.0,3.0,1000,0.0,3.0,3.0,0,40.0,2.0,1,2.0,0,2013.0,52.0,1,51,98,1.0,0.0,0.0,0.0,0.0,5.0,100,3.0,2,2,0.0,1,2,3.0,4.0,1
0,229.0,35000.0,40,35000.0,35000.0,86,1.0,32,1.0,14.0,20,6.0,1.0,2,5,2.0,1,2.0,3.0,1000,0.0,3.0,3.0,0,52.0,2.0,1,2.0,0,1995.0,48.0,1,38,999,1.0,0.0,0.0,0.0,0.0,5.0,500,1.0,1,2,0.0,1,2,3.0,4.0,1
0,218.0,50000.0,02,50000.0,0.0,01,1.0,32,1.0,21.0,20,1.0,1.0,2,1,2.0,1,2.0,2.0,1000,0.0,2.0,2.0,2,80.0,2.0,1,2.0,0,2016.0,52.0,1,38,999,6.0,0.0,0.0,0.0,0.0,3.0,400,1.0,1,2,0.0,1,2,3.0,4.0,1
0,218.0,36000.0,23,36000.0,36000.0,78,1.0,32,1.0,21.0,21,1.0,1.0,2,1,2.0,1,2.0,3.0,1000,0.0,3.0,3.0,0,40.0,2.0,1,2.0,0,2016.0,52.0,1,38,999,4.0,0.0,0.0,0.0,0.0,5.0,400,1.0,1,2,0.0,1,2,3.0,4.0,1
0,376.0,56000.0,98,56000.0,56000.0,96,4.0,32,1.0,19.0,20,1.0,1.0,2,1,2.0,1,2.0,3.0,1000,0.0,3.0,3.0,0,60.0,2.0,1,2.0,0,2023.0,52.0,1,55,190,5.0,0.0,0.0,0.0,0.0,5.0,200,1.0,2,2,0.0,1,2,3.0,1.0,1
0,376.0,20000.0,25,20000.0,20000.0,75,1.0,32,1.0,21.0,21,1.0,1.0,2,1,2.0,1,2.0,3.0,1000,0.0,3.0,3.0,0,30.0,2.0,1,2.0,0,2023.0,52.0,1,55,82,1.0,0.0,0.0,0.0,0.0,5.0,200,1.0,2,2,0.0,1,2,3.0,4.0,1
0,70.0,31200.0,52,28000.0,28000.0,93,1.0,917,1.0,20.0,20,4.0,1.0,2,3,2.0,3,2.0,3.0,5013,0.0,3.0,3.0,0,40.0,2.0,3,2.0,1,1981.0,52.0,0,38,999,3.0,0.0,0.0,0.0,3200.0,5.0,100,1.0,1,2,0.0,1,2,3.0,4.0,1
1,70.0,9600.0,45,0.0,0.0,89,3.0,917,2.0,16.0,25,6.0,2.0,2,5,2.0,3,2.0,1.0,5013,9600.0,2.0,2.0,0,40.0,2.0,3,2.0,1,1995.0,52.0,0,38,999,2.0,0.0,0.0,0.0,0.0,1.0,100,1.0,1,2,0.0,1,2,3.0,4.0,1
0,427.0,28000.0,58,28000.0,28000.0,69,1.0,82,1.0,21.0,20,1.0,1.0,2,1,2.0,1,2.0,3.0,1000,0.0,3.0,3.0,0,40.0,2.0,1,2.0,0,2000.0,52.0,1,38,999,1.0,0.0,0.0,0.0,0.0,5.0,400,1.0,1,2,0.0,1,2,3.0,4.0,1
0,427.0,100000.0,23,100000.0,100000.0,30,1.0,32,1.0,21.0,21,1.0,1.0,2,1,2.0,1,2.0,3.0,1000,0.0,3.0,3.0,0,40.0,2.0,1,2.0,0,2000.0,52.0,1,38,999,1.0,0.0,0.0,0.0,0.0,5.0,400,1.0,1,2,0.0,1,2,3.0,4.0,1
0,427.0,6000.0,52,6000.0,6000.0,48,1.0,32,1.0,19.0,25,6.0,1.0,2,5,2.0,1,2.0,3.0,1000,0.0,3.0,3.0,0,32.0,2.0,1,2.0,0,1995.0,25.0,1,38,999,1.0,0.0,0.0,0.0,0.0,5.0,400,1.0,1,2,0.0,1,2,3.0,4.0,1
0,501.0,135000.0,67,135000.0,135000.0,04,1.0,24,1.0,16.0,20,4.0,1.0,2,3,2.0,3,2.0,3.0,5013,0.0,3.0,3.0,0,65.0,2.0,3,2.0,1,1985.0,52.0,0,27,920,1.0,0.0,0.0,0.0,0.0,5.0,100,1.0,2,2,0.0,1,2,3.0,4.0,1
0,501.0,700.0,68,700.0,700.0,04,3.0,32,1.0,14.0,25,2.0,2.0,2,1,2.0,1,2.0,1.0,1000,0.0,2.0,2.0,0,50.0,2.0,1,2.0,0,2022.0,1.0,1,27,89,1.0,0.0,0.0,0.0,0.0,1.0,100,1.0,2,2,0.0,1,2,3.0,4.0,1
0,501.0,87500.0,22,70000.0,70000.0,78,1.0,917,1.0,24.0,20,3.0,1.0,2,2,2.0,3,2.0,3.0,5025,0.0,3.0,3.0,0,40.0,2.0,5,2.0,1,1979.0,52.0,0,301,999,1.0,17500.0,0.0,0.0,0.0,5.0,400,1.0,1,2,0.0,7,2,3.0,4.0,1
0,501.0,51700.0,54,42100.0,42100.0,81,1.0,917,1.0,19.0,25,3.0,1.0,2,2,2.0,3,2.0,3.0,5013,9600.0,3.0,3.0,0,40.0,2.0,3,2.0,1,2014.0,52.0,0,38,999,1.0,0.0,0.0,0.0,0.0,5.0,400,1.0,1,2,0.0,1,2,3.0,4.0,1
0,501.0,0.0,36,0.0,0.0,82,6.0,917,2.0,18.0,30,6.0,2.0,2,5,2.0,3,2.0,2.0,5013,0.0,2.0,2.0,0,40.0,2.0,3,2.0,1,1995.0,52.0,0,38,999,1.0,0.0,0.0,0.0,0.0,5.0,400,1.0,1,2,0.0,1,2,3.0,4.0,1
1,501.0,42600.0,63,35000.0,35000.0,07,3.0,920,1.0,15.0,33,6.0,1.0,1,5,2.0,3,1.0,3.0,5013,0.0,3.0,3.0,0,80.0,1.0,3,1.0,1,1995.0,24.0,0,38,999,1.0,0.0,0.0,7600.0,0.0,5.0,400,1.0,1,2,0.0,1,2,3.0,4.0,1
0,356.0,32700.0,47,32700.0,32700.0,51,1.0,924,1.0,16.0,20,1.0,1.0,2,1,2.0,1,2.0,3.0,1000,0.0,3.0,3.0,0,40.0,2.0,1,2.0,0,2016.0,52.0,1,38,32,1.0,0.0,0.0,0.0,0.0,5.0,200,1.0,2,2,0.0,1,2,3.0,4.0,1
0,356.0,76000.0,72,76000.0,76000.0,87,1.0,924,1.0,17.0,21,1.0,1.0,2,1,2.0,1,2.0,3.0,1000,0.0,3.0,3.0,0,40.0,2.0,1,2.0,0,2016.0,52.0,1,301,22,1.0,0.0,0.0,0.0,0.0,5.0,200,1.0,2,2,0.0,7,2,3.0,4.0,1
0,501.0,19200.0,70,0.0,0.0,87,6.0,82,2.0,19.0,20,1.0,2.0,1,1,2.0,1,2.0,2.0,1000,0.0,2.0,2.0,0,40.0,2.0,1,2.0,0,2018.0,52.0,1,27,50,1.0,19200.0,0.0,0.0,0.0,5.0,600,1.0,2,2,0.0,1,1,3.0,2.0,1
0,501.0,135000.0,11,135000.0,135000.0,72,1.0,615,1.0,22.0,21,1.0,1.0,2,1,2.0,4,2.0,3.0,4015,0.0,3.0,3.0,0,40.0,2.0,6,2.0,0,2018.0,52.0,0,235,999,1.0,0.0,0.0,0.0,0.0,5.0,600,1.0,1,2,0.0,4,2,3.0,4.0,1
0,208.0,50000.0,08,50000.0,0.0,72,1.0,32,1.0,21.0,20,4.0,1.0,2,3,2.0,1,2.0,3.0,1000,0.0,3.0,3.0,2,40.0,2.0,1,2.0,0,2000.0,52.0,1,38,82,6.0,0.0,0.0,0.0,0.0,5.0,600,1.0,2,2,0.0,1,2,3.0,4.0,1
0,451.0,70000.0,70,70000.0,70000.0,66,1.0,996,1.0,20.0,22,6.0,1.0,2,5,2.0,1,2.0,3.0,1000,0.0,3.0,3.0,0,45.0,2.0,1,2.0,0,1995.0,52.0,1,27,999,1.0,0.0,0.0,0.0,0.0,5.0,600,3.0,3,2,0.0,1,2,3.0,4.0,1
0,501.0,55000.0,23,55000.0,55000.0,78,1.0,82,1.0,21.0,20,1.0,1.0,2,1,2.0,1,2.0,3.0,1000,0.0,3.0,3.0,0,50.0,2.0,1,2.0,0,1995.0,36.0,1,38,32,3.0,0.0,0.0,0.0,0.0,5.0,200,1.0,2,2,0.0,1,2,3.0,4.0,1
0,501.0,81000.0,23,72000.0,58000.0,78,1.0,50,1.0,21.0,21,1.0,1.0,2,1,2.0,1,2.0,3.0,1000,0.0,3.0,3.0,0,20.0,2.0,1,2.0,0,1995.0,36.0,1,38,32,3.0,0.0,9000.0,0.0,0.0,5.0,200,1.0,2,2,0.0,1,2,3.0,4.0,1
0,501.0,60000.0,22,60000.0,60000.0,78,1.0,32,1.0,22.0,21,1.0,1.0,2,1,2.0,1,2.0,3.0,1000,0.0,3.0,3.0,0,40.0,2.0,1,2.0,0,2006.0,52.0,1,48,22,4.0,0.0,0.0,0.0,0.0,5.0,100,1.0,2,2,0.0,1,2,3.0,4.0,1
0,177.0,28000.0,60,28000.0,28000.0,01,1.0,999,1.0,20.0,20,6.0,1.0,2,5,2.0,3,2.0,3.0,5025,0.0,3.0,3.0,2,40.0,2.0,5,2.0,1,1995.0,12.0,0,38,999,3.0,0.0,0.0,0.0,0.0,5.0,200,1.0,4,2,0.0,1,2,3.0,4.0,1
0,238.0,25000.0,02,25000.0,0.0,01,1.0,32,1.0,19.0,25,4.0,1.0,2,3,2.0,1,2.0,2.0,1000,0.0,2.0,2.0,2,40.0,2.0,1,2.0,0,1988.0,52.0,1,38,999,6.0,0.0,0.0,0.0,0.0,5.0,500,1.0,1,2,0.0,1,2,3.0,4.0,1
0,501.0,140000.0,62,140000.0,140000.0,07,1.0,82,1.0,21.0,20,6.0,1.0,2,5,2.0,1,2.0,3.0,1000,0.0,3.0,3.0,0,40.0,2.0,1,2.0,0,1995.0,52.0,1,38,999,5.0,0.0,0.0,0.0,0.0,5.0,300,3.0,1,2,0.0,1,2,3.0,4.0,1
0,501.0,64000.0,60,64000.0,64000.0,01,1.0,924,1.0,16.0,20,1.0,1.0,2,1,2.0,1,2.0,3.0,1000,0.0,3.0,3.0,0,55.0,2.0,1,2.0,0,1982.0,52.0,1,38,142,7.0,0.0,0.0,0.0,0.0,5.0,500,1.0,2,2,0.0,1,2,3.0,4.0,1
0,501.0,24000.0,57,24000.0,24000.0,78,1.0,924,1.0,19.0,21,1.0,1.0,2,1,2.0,1,2.0,3.0,1000,0.0,3.0,3.0,0,40.0,2.0,1,2.0,0,1982.0,48.0,1,38,82,4.0,0.0,0.0,0.0,0.0,5.0,500,1.0,2,2,0.0,1,2,3.0,4.0,1
0,501.0,38000.0,47,38000.0,38000.0,51,1.0,924,1.0,19.0,25,6.0,1.0,2,5,2.0,1,2.0,3.0,1000,0.0,3.0,3.0,0,40.0,2.0,1,2.0,0,1995.0,52.0,1,38,142,1.0,0.0,0.0,0.0,0.0,5.0,500,3.0,2,2,0.0,1,2,3.0,4.0,1
0,140.0,34000.0,05,34000.0,34000.0,93,1.0,917,1.0,18.0,20,4.0,1.0,2,3,2.0,3,2.0,3.0,5013,0.0,3.0,3.0,0,40.0,2.0,3,2.0,1,2010.0,52.0,0,38,999,3.0,0.0,0.0,0.0,0.0,5.0,100,1.0,1,2,0.0,1,2,3.0,2.0,1
0,319.0,50000.0,73,50000.0,50000.0,85,1.0,917,1.0,20.0,22,4.0,1.0,2,3,2.0,3,2.0,3.0,5013,0.0,3.0,3.0,0,40.0,2.0,3,2.0,1,2007.0,52.0,0,38,999,1.0,0.0,0.0,0.0,0.0,5.0,100,3.0,1,2,0.0,1,2,3.0,4.0,1
1,140.0,0.0,45,0.0,0.0,85,6.0,917,2.0,13.0,28,4.0,2.0,2,3,2.0,3,2.0,2.0,5013,0.0,2.0,2.0,0,40.0,2.0,3,2.0,1,2010.0,52.0,0,38,999,1.0,0.0,0.0,0.0,0.0,5.0,100,1.0,1,2,0.0,1,2,3.0,4.0,1
0,378.0,92300.0,11,90000.0,90000.0,73,1.0,32,1.0,19.0,20,6.0,1.0,2,5,2.0,26,2.0,3.0,9000,0.0,3.0,3.0,0,40.0,2.0,9,2.0,0,1995.0,52.0,1,6,822,1.0,0.0,0.0,2300.0,0.0,5.0,100,3.0,2,2,0.0,1,2,3.0,4.0,1
0,317.0,50000.0,07,50000.0,0.0,73,1.0,50,1.0,16.0,22,6.0,1.0,2,5,2.0,1,2.0,3.0,1000,0.0,3.0,3.0,0,40.0,2.0,1,2.0,0,1995.0,52.0,1,6,919,6.0,0.0,0.0,0.0,0.0,5.0,100,3.0,2,2,0.0,1,2,3.0,4.0,1
0,361.0,55000.0,01,55000.0,55000.0,62,1.0,142,1.0,19.0,20,2.0,1.0,1,1,1.0,1,2.0,3.0,1000,0.0,3.0,3.0,0,45.0,2.0,1,2.0,0,2022.0,52.0,1,27,89,1.0,0.0,0.0,0.0,0.0,5.0,500,1.0,2,2,0.0,1,2,3.0,4.0,1
0,295.0,46000.0,08,46000.0,46000.0,69,1.0,32,1.0,16.0,20,3.0,1.0,2,2,2.0,1,2.0,3.0,1000,0.0,3.0,3.0,0,40.0,2.0,1,2.0,0,1978.0,52.0,1,38,148,1.0,0.0,0.0,0.0,0.0,5.0,400,1.0,2,2,0.0,1,2,3.0,4.0,1
0,418.0,64600.0,07,26400.0,26400.0,93,1.0,920,1.0,19.0,20,3.0,1.0,2,2,2.0,3,2.0,1.0,5014,17600.0,1.0,3.0,0,40.0,2.0,5,2.0,1,1995.0,52.0,0,38,999,5.0,0.0,1000.0,5600.0,0.0,3.0,200,3.0,1,2,14000.0,1,2,2.0,4.0,1
0,501.0,5000.0,32,5000.0,5000.0,81,1.0,999,1.0,20.0,20,1.0,1.0,2,1,2.0,1,2.0,3.0,1000,0.0,3.0,3.0,0,15.0,2.0,1,2.0,0,2011.0,3.0,1,17,999,5.0,0.0,0.0,0.0,0.0,5.0,600,1.0,4,2,0.0,1,2,3.0,4.0,1
0,247.0,85000.0,68,85000.0,85000.0,03,1.0,920,1.0,15.0,20,6.0,1.0,2,5,2.0,3,2.0,3.0,5006,0.0,3.0,3.0,0,40.0,2.0,3,2.0,1,1995.0,52.0,0,35,999,2.0,0.0,0.0,0.0,0.0,5.0,100,1.0,1,2,0.0,1,2,3.0,4.0,1
1,160.0,24400.0,42,24400.0,24400.0,86,2.0,920,1.0,18.0,22,6.0,2.0,2,5,2.0,3,2.0,3.0,5006,0.0,2.0,1.0,0,30.0,2.0,3,2.0,1,1995.0,52.0,0,35,999,2.0,0.0,0.0,0.0,0.0,5.0,100,1.0,1,2,0.0,1,2,3.0,4.0,1
1,167.0,9900.0,42,0.0,0.0,69,6.0,290,3.0,16.0,20,1.0,2.0,2,1,2.0,1,2.0,2.0,1000,9900.0,2.0,2.0,0,40.0,2.0,1,2.0,0,2015.0,52.0,1,6,999,1.0,0.0,0.0,0.0,0.0,5.0,400,1.0,1,2,0.0,1,2,3.0,4.0,7
0,167.0,50000.0,02,50000.0,0.0,01,1.0,290,1.0,1.0,21,1.0,1.0,2,1,2.0,1,2.0,3.0,1000,0.0,3.0,3.0,0,60.0,2.0,1,2.0,0,2015.0,52.0,1,313,999,6.0,0.0,0.0,0.0,0.0,5.0,400,1.0,1,2,0.0,3,2,3.0,4.0,7
0,501.0,85000.0,73,85000.0,85000.0,10,1.0,996,1.0,19.0,20,6.0,1.0,2,5,2.0,1,2.0,3.0,1000,0.0,3.0,3.0,0,40.0,2.0,1,2.0,0,1995.0,52.0,1,38,999,1.0,0.0,0.0,0.0,0.0,5.0,500,1.0,3,2,0.0,1,2,3.0,4.0,1
0,327.0,49900.0,06,49900.0,49900.0,94,1.0,51,1.0,20.0,22,6.0,1.0,2,5,2.0,1,2.0,3.0,1000,0.0,3.0,3.0,0,40.0,2.0,1,2.0,0,1995.0,52.0,1,27,32,4.0,0.0,0.0,0.0,0.0,5.0,500,1.0,2,2,0.0,1,2,3.0,4.0,1
0,125.0,30000.0,48,30000.0,30000.0,45,1.0,999,1.0,21.0,20,6.0,1.0,2,5,2.0,29,2.0,3.0,9000,0.0,3.0,3.0,0,40.0,2.0,9,2.0,0,1995.0,52.0,1,38,999,1.0,0.0,0.0,0.0,0.0,5.0,600,1.0,4,2,0.0,1,2,3.0,4.0,1
0,289.0,80000.0,60,80000.0,80000.0,01,1.0,999,1.0,19.0,20,1.0,1.0,2,1,2.0,1,2.0,3.0,1000,0.0,3.0,3.0,0,50.0,2.0,1,2.0,0,2009.0,52.0,1,27,999,1.0,0.0,0.0,0.0,0.0,5.0,400,1.0,4,2,0.0,1,2,3.0,4.0,1
0,289.0,25000.0,46,25000.0,25000.0,84,1.0,999,1.0,20.0,21,1.0,1.0,2,1,2.0,1,2.0,3.0,1000,0.0,3.0,3.0,2,40.0,2.0,1,2.0,0,2009.0,52.0,1,38,999,7.0,0.0,0.0,0.0,0.0,5.0,400,1.0,4,2,0.0,1,2,3.0,4.0,1
1,83.0,19900.0,42,0.0,0.0,69,6.0,919,3.0,18.0,20,6.0,2.0,1,5,2.0,41,2.0,2.0,9000,11000.0,2.0,2.0,0,40.0,2.0,9,2.0,1,1995.0,52.0,0,6,211,1.0,0.0,0.0,8900.0,0.0,5.0,200,1.0,2,2,0.0,1,1,3.0,4.0,2
0,256.0,48000.0,51,48000.0,48000.0,68,1.0,32,1.0,21.0,20,1.0,1.0,2,1,2.0,1,2.0,3.0,1000,0.0,3.0,3.0,0,30.0,2.0,1,2.0,0,2012.0,52.0,1,46,999,1.0,0.0,0.0,0.0,0.0,5.0,400,3.0,1,2,0.0,1,2,3.0,4.0,1
0,256.0,30000.0,26,30000.0,30000.0,73,1.0,999,1.0,21.0,21,1.0,1.0,2,1,2.0,1,2.0,3.0,1000,0.0,3.0,3.0,0,50.0,2.0,1,2.0,0,2012.0,52.0,1,46,999,1.0,0.0,0.0,0.0,0.0,5.0,400,3.0,4,2,0.0,1,2,3.0,4.0,1
0,259.0,40900.0,03,40900.0,35900.0,86,1.0,22,1.0,22.0,20,4.0,1.0,1,3,1.0,1,2.0,2.0,1000,0.0,2.0,2.0,0,50.0,2.0,1,2.0,0,2016.0,52.0,1,13,999,1.0,0.0,0.0,0.0,0.0,5.0,200,1.0,1,2,0.0,1,2,3.0,4.0,1
0,348.0,55000.0,91,55000.0,55000.0,40,1.0,82,1.0,13.0,22,4.0,1.0,2,3,2.0,1,2.0,3.0,1000,0.0,3.0,3.0,0,50.0,2.0,1,2.0,0,2000.0,52.0,1,38,999,1.0,0.0,0.0,0.0,0.0,5.0,200,1.0,1,2,0.0,1,2,3.0,4.0,1
0,501.0,55000.0,20,55000.0,55000.0,91,1.0,98,1.0,22.0,20,1.0,1.0,2,1,2.0,1,2.0,3.0,1000,0.0,3.0,3.0,0,50.0,2.0,1,2.0,0,2001.0,52.0,1,38,999,2.0,0.0,0.0,0.0,0.0,5.0,100,1.0,1,2,0.0,1,2,3.0,4.0,1
0,501.0,155000.0,00,155000.0,150000.0,78,1.0,98,1.0,24.0,21,1.0,1.0,2,1,2.0,1,2.0,3.0,1000,0.0,3.0,3.0,0,80.0,2.0,1,2.0,0,2001.0,52.0,1,38,999,4.0,0.0,0.0,0.0,0.0,5.0,100,1.0,1,2,0.0,1,2,3.0,4.0,1
0,501.0,109000.0,04,109000.0,109000.0,78,1.0,995,1.0,22.0,20,1.0,1.0,2,1,2.0,1,2.0,3.0,1000,0.0,3.0,3.0,0,40.0,2.0,1,2.0,0,2009.0,52.0,1,27,999,4.0,0.0,0.0,0.0,0.0,5.0,400,1.0,3,2,0.0,1,2,3.0,4.0,1
0,501.0,90000.0,91,90000.0,90000.0,61,1.0,999,1.0,16.0,21,1.0,1.0,2,1,2.0,1,2.0,3.0,1000,0.0,3.0,3.0,0,50.0,2.0,1,2.0,0,2009.0,52.0,1,27,999,1.0,0.0,0.0,0.0,0.0,5.0,400,1.0,4,2,0.0,1,2,3.0,4.0,1
0,8.0,1400.0,30,1400.0,0.0,50,1.0,32,1.0,21.0,20,6.0,1.0,2,5,2.0,1,2.0,2.0,1000,0.0,2.0,2.0,0,10.0,2.0,1,2.0,0,1995.0,52.0,1,46,999,6.0,0.0,0.0,0.0,0.0,5.0,600,1.0,1,2,0.0,1,2,3.0,4.0,1
0,189.0,30000.0,42,30000.0,0.0,77,1.0,32,1.0,19.0,34,6.0,1.0,2,5,2.0,1,2.0,3.0,1000,0.0,3.0,3.0,0,40.0,2.0,1,2.0,0,1995.0,52.0,1,27,999,6.0,0.0,0.0,0.0,0.0,5.0,600,1.0,1,2,0.0,1,2,3.0,4.0,1
0,0.0,8.0,13,8.0,4.0,01,1.0,32,1.0,19.0,20,1.0,1.0,2,1,2.0,1,2.0,3.0,1000,0.0,3.0,3.0,2,10.0,2.0,1,2.0,0,2003.0,52.0,1,38,999,6.0,0.0,0.0,0.0,0.0,5.0,200,1.0,1,2,0.0,1,2,3.0,4.0,1
0,0.0,8.0,02,8.0,4.0,01,1.0,82,1.0,19.0,21,1.0,1.0,2,1,2.0,1,2.0,3.0,1000,0.0,3.0,3.0,2,6.0,2.0,1,2.0,0,2003.0,52.0,1,27,26,6.0,0.0,0.0,0.0,0.0,5.0,200,1.0,2,2,0.0,1,2,3.0,4.0,1
0,397.0,60000.0,23,60000.0,60000.0,78,1.0,26,1.0,22.0,20,1.0,1.0,2,1,2.0,1,2.0,3.0,1000,0.0,3.0,3.0,0,40.0,2.0,1,2.0,0,2002.0,52.0,1,38,32,3.0,0.0,0.0,0.0,0.0,5.0,600,1.0,2,2,0.0,1,2,3.0,4.0,1
0,397.0,80000.0,23,80000.0,80000.0,78,1.0,82,1.0,22.0,21,1.0,1.0,2,1,2.0,1,2.0,3.0,1000,0.0,3.0,3.0,0,40.0,2.0,1,2.0,0,2002.0,52.0,1,38,999,3.0,0.0,0.0,0.0,0.0,5.0,600,1.0,1,2,0.0,1,2,3.0,4.0,1
0,327.0,32000.0,32,32000.0,32000.0,96,4.0,210,1.0,20.0,20,1.0,1.0,2,1,2.0,15,2.0,3.0,8000,0.0,3.0,3.0,0,40.0,2.0,8,2.0,0,2006.0,52.0,0,48,999,5.0,0.0,0.0,0.0,0.0,5.0,500,1.0,1,2,0.0,1,2,3.0,1.0,2
0,327.0,67000.0,42,0.0,0.0,69,6.0,924,3.0,16.0,21,1.0,2.0,2,1,2.0,1,2.0,2.0,1000,0.0,2.0,2.0,0,40.0,2.0,1,2.0,0,2006.0,52.0,1,12,999,1.0,13000.0,0.0,54000.0,0.0,5.0,500,1.0,1,2,0.0,1,2,3.0,2.0,1
0,501.0,101000.0,00,101000.0,100000.0,76,1.0,82,1.0,20.0,20,1.0,1.0,2,1,2.0,1,2.0,3.0,1000,0.0,3.0,3.0,0,55.0,2.0,1,2.0,0,2002.0,52.0,1,27,32,1.0,0.0,0.0,0.0,0.0,5.0,600,3.0,2,2,0.0,1,2,3.0,4.0,1
0,501.0,4000.0,36,0.0,0.0,70,6.0,22,2.0,21.0,21,1.0,2.0,2,1,2.0,1,2.0,2.0,1000,0.0,2.0,2.0,0,40.0,2.0,1,2.0,0,2002.0,52.0,1,27,32,7.0,0.0,0.0,4000.0,0.0,5.0,600,3.0,2,2,0.0,1,2,3.0,4.0,1
0,501.0,14000.0,82,14000.0,14000.0,16,1.0,32,1.0,21.0,25,6.0,1.0,2,5,2.0,1,2.0,3.0,1000,0.0,3.0,3.0,2,40.0,2.0,1,2.0,0,1995.0,50.0,1,27,50,5.0,0.0,0.0,0.0,0.0,5.0,600,3.0,2,2,0.0,1,2,3.0,4.0,1
0,160.0,25000.0,27,25000.0,25000.0,85,2.0,50,1.0,19.0,36,6.0,1.0,1,5,1.0,1,2.0,3.0,1000,0.0,2.0,1.0,0,50.0,2.0,1,2.0,0,1995.0,52.0,1,27,111,2.0,0.0,0.0,0.0,0.0,5.0,600,3.0,2,2,0.0,1,2,3.0,4.0,1
0,249.0,38000.0,23,38000.0,38000.0,94,1.0,995,1.0,22.0,20,1.0,1.0,2,1,2.0,29,2.0,3.0,9000,0.0,3.0,3.0,0,25.0,2.0,9,2.0,0,2006.0,30.0,1,32,999,4.0,0.0,0.0,0.0,0.0,5.0,400,1.0,3,2,0.0,1,2,3.0,4.0,1
0,249.0,50000.0,38,50000.0,50000.0,94,1.0,82,1.0,21.0,21,1.0,1.0,2,1,2.0,29,2.0,3.0,9000,0.0,3.0,3.0,0,40.0,2.0,9,2.0,0,2006.0,52.0,1,38,32,4.0,0.0,0.0,0.0,0.0,5.0,400,1.0,2,2,0.0,1,2,3.0,4.0,1
1,501.0,100000.0,02,100000.0,0.0,01,1.0,999,1.0,20.0,20,6.0,1.0,2,5,2.0,1,2.0,3.0,1000,0.0,3.0,3.0,0,40.0,2.0,1,2.0,0,1995.0,52.0,1,38,999,6.0,0.0,0.0,0.0,0.0,5.0,400,1.0,4,2,0.0,1,2,3.0,4.0,1
0,501.0,35000.0,23,35000.0,35000.0,78,1.0,924,1.0,21.0,25,6.0,1.0,2,5,2.0,1,2.0,2.0,1000,0.0,2.0,2.0,0,50.0,2.0,1,2.0,0,1995.0,52.0,1,38,999,3.0,0.0,0.0,0.0,0.0,5.0,600,1.0,1,2,0.0,1,2,3.0,4.0,1
0,501.0,5000.0,46,5000.0,5000.0,85,1.0,82,1.0,21.0,21,1.0,1.0,2,1,2.0,1,2.0,3.0,1000,0.0,3.0,3.0,2,15.0,2.0,1,2.0,0,2001.0,52.0,1,38,999,2.0,0.0,0.0,0.0,0.0,5.0,600,1.0,1,2,0.0,1,2,3.0,4.0,1
0,501.0,12000.0,40,12000.0,12000.0,86,1.0,51,1.0,16.0,25,6.0,1.0,2,5,2.0,1,2.0,3.0,1000,0.0,3.0,3.0,2,25.0,2.0,1,2.0,0,1995.0,52.0,1,38,82,1.0,0.0,0.0,0.0,0.0,5.0,600,1.0,2,2,0.0,1,2,3.0,4.0,1
0,402.0,0.0,54,0.0,0.0,80,6.0,82,2.0,1.0,20,1.0,2.0,2,1,2.0,1,2.0,2.0,1000,0.0,2.0,2.0,0,40.0,2.0,1,2.0,0,2007.0,52.0,1,27,999,1.0,0.0,0.0,0.0,0.0,5.0,600,1.0,1,2,0.0,1,2,3.0,4.0,1
0,402.0,80000.0,77,80000.0,80000.0,07,1.0,920,1.0,17.0,21,1.0,1.0,2,1,2.0,3,2.0,3.0,5013,0.0,3.0,3.0,0,40.0,2.0,3,2.0,1,2007.0,52.0,0,27,999,1.0,0.0,0.0,0.0,0.0,5.0,600,1.0,1,2,0.0,1,2,3.0,4.0,1
0,501.0,3090.0,02,3000.0,0.0,01,1.0,82,1.0,21.0,25,6.0,1.0,2,5,2.0,1,2.0,3.0,1000,0.0,3.0,3.0,2,50.0,2.0,1,2.0,0,1995.0,52.0,1,38,32,6.0,0.0,0.0,0.0,0.0,5.0,600,1.0,2,2,90.0,1,2,3.0,4.0,1
0,501.0,72000.0,32,72000.0,72000.0,81,1.0,32,1.0,21.0,25,6.0,1.0,1,5,2.0,1,1.0,3.0,1000,0.0,3.0,3.0,0,36.0,2.0,1,2.0,0,1995.0,52.0,1,38,82,2.0,0.0,0.0,0.0,0.0,5.0,600,3.0,2,2,0.0,1,2,3.0,4.0,1
0,331.0,52000.0,48,52000.0,52000.0,41,1.0,82,1.0,21.0,20,6.0,1.0,2,5,2.0,1,2.0,3.0,1000,0.0,3.0,3.0,2,40.0,2.0,1,2.0,0,1995.0,52.0,1,38,89,7.0,0.0,0.0,0.0,0.0,5.0,600,1.0,2,2,0.0,1,2,3.0,3.0,1
0,124.0,19400.0,04,19400.0,19400.0,85,1.0,111,1.0,22.0,20,6.0,1.0,2,5,2.0,1,2.0,3.0,1000,0.0,3.0,3.0,1,40.0,2.0,1,2.0,0,1995.0,52.0,1,38,32,2.0,0.0,0.0,0.0,0.0,5.0,400,1.0,2,2,0.0,1,2,3.0,4.0,1
0,501.0,120000.0,71,120000.0,120000.0,72,1.0,88,1.0,20.0,20,6.0,1.0,2,5,2.0,1,2.0,3.0,1000,0.0,3.0,3.0,0,40.0,2.0,1,2.0,0,1995.0,52.0,1,1,999,1.0,0.0,0.0,0.0,0.0,5.0,500,1.0,1,2,0.0,1,2,3.0,2.0,1
0,319.0,50000.0,35,50000.0,50000.0,81,1.0,82,1.0,19.0,20,3.0,1.0,2,2,2.0,1,2.0,3.0,1000,0.0,3.0,3.0,0,40.0,2.0,1,2.0,0,1982.0,52.0,1,38,999,1.0,0.0,0.0,0.0,0.0,5.0,200,1.0,1,2,0.0,1,2,3.0,4.0,1
0,45.0,7000.0,62,7000.0,7000.0,70,1.0,82,1.0,18.0,20,6.0,1.0,2,5,2.0,1,2.0,3.0,1000,0.0,3.0,3.0,2,60.0,2.0,1,2.0,0,1995.0,52.0,1,38,142,8.0,0.0,0.0,0.0,0.0,5.0,500,1.0,2,2,0.0,1,2,3.0,4.0,1
0,296.0,48000.0,16,48000.0,48000.0,81,1.0,999,1.0,20.0,20,1.0,1.0,2,1,2.0,2,2.0,3.0,3000,0.0,3.0,3.0,0,40.0,2.0,2,2.0,0,2010.0,52.0,0,421,999,1.0,0.0,0.0,0.0,0.0,5.0,400,3.0,4,2,0.0,6,2,3.0,4.0,1
0,296.0,24000.0,91,24000.0,24000.0,63,1.0,999,1.0,16.0,21,1.0,1.0,2,1,2.0,2,2.0,3.0,3000,0.0,3.0,3.0,0,30.0,2.0,2,2.0,0,2010.0,52.0,0,421,999,1.0,0.0,0.0,0.0,0.0,5.0,400,3.0,4,2,0.0,6,2,3.0,4.0,1
0,501.0,76430.0,07,76000.0,76000.0,91,1.0,82,1.0,16.0,20,1.0,1.0,2,1,2.0,1,2.0,3.0,1000,0.0,3.0,3.0,0,43.0,2.0,1,2.0,0,1981.0,52.0,1,38,89,2.0,0.0,0.0,0.0,0.0,5.0,300,1.0,2,2,430.0,1,2,3.0,4.0,1
0,501.0,105000.0,32,105000.0,100000.0,81,1.0,999,1.0,17.0,25,6.0,1.0,2,5,2.0,1,2.0,3.0,1000,0.0,3.0,3.0,0,40.0,2.0,1,2.0,0,1995.0,52.0,1,38,999,1.0,0.0,0.0,0.0,0.0,5.0,300,1.0,4,2,0.0,1,2,3.0,4.0,1
0,501.0,100000.0,01,100000.0,100000.0,93,1.0,935,1.0,18.0,20,1.0,1.0,2,1,2.0,1,2.0,3.0,1000,0.0,3.0,3.0,0,40.0,2.0,1,2.0,0,1983.0,52.0,1,55,32,3.0,0.0,0.0,0.0,0.0,5.0,200,1.0,2,2,0.0,1,2,3.0,2.0,1
0,501.0,53000.0,58,53000.0,53000.0,95,1.0,32,1.0,19.0,21,1.0,1.0,2,1,2.0,1,2.0,3.0,1000,0.0,3.0,3.0,0,40.0,2.0,1,2.0,0,1983.0,52.0,1,38,148,3.0,0.0,0.0,0.0,0.0,5.0,200,1.0,2,2,0.0,1,2,3.0,4.0,1
0,322.0,50000.0,81,50000.0,50000.0,26,1.0,50,1.0,18.0,20,6.0,1.0,2,5,2.0,1,2.0,2.0,1000,0.0,2.0,2.0,0,50.0,2.0,1,2.0,0,1995.0,52.0,1,38,999,1.0,0.0,0.0,0.0,0.0,5.0,600,1.0,1,2,0.0,1,2,3.0,4.0,1
0,339.0,75000.0,47,75000.0,75000.0,56,1.0,999,1.0,21.0,20,1.0,1.0,2,1,2.0,1,2.0,3.0,1000,0.0,3.0,3.0,0,40.0,2.0,1,2.0,0,2010.0,52.0,1,51,999,1.0,0.0,0.0,0.0,0.0,5.0,400,1.0,4,2,0.0,1,2,3.0,2.0,1
0,339.0,30000.0,36,30000.0,0.0,89,1.0,999,1.0,1.0,21,1.0,1.0,2,1,2.0,1,2.0,3.0,1000,0.0,3.0,3.0,0,30.0,2.0,1,2.0,0,2010.0,52.0,1,51,999,6.0,0.0,0.0,0.0,0.0,5.0,400,1.0,4,2,0.0,1,2,3.0,4.0,1
0,339.0,0.0,42,0.0,0.0,69,6.0,999,3.0,16.0,25,6.0,1.0,2,5,2.0,1,2.0,3.0,1000,0.0,3.0,3.0,0,40.0,2.0,1,2.0,0,1995.0,52.0,1,38,999,1.0,0.0,0.0,0.0,0.0,5.0,400,1.0,4,2,0.0,1,2,3.0,4.0,1
0,307.0,92000.0,08,60000.0,60000.0,68,1.0,32,1.0,21.0,20,4.0,1.0,2,3,2.0,1,2.0,3.0,1000,0.0,3.0,3.0,0,40.0,2.0,1,2.0,0,2011.0,52.0,1,38,82,1.0,0.0,0.0,20000.0,12000.0,5.0,200,1.0,2,2,0.0,1,2,3.0,4.0,1
1,501.0,169100.0,42,0.0,0.0,69,6.0,939,3.0,12.0,20,6.0,2.0,1,5,1.0,1,1.0,2.0,1000,9100.0,3.0,3.0,0,40.0,1.0,1,2.0,0,1995.0,52.0,1,38,999,1.0,0.0,160000.0,0.0,0.0,3.0,300,3.0,1,1,0.0,1,2,3.0,4.0,1
0,501.0,109000.0,06,109000.0,109000.0,05,1.0,940,1.0,22.0,20,1.0,1.0,1,1,2.0,1,2.0,3.0,1000,0.0,3.0,3.0,2,50.0,2.0,1,2.0,0,2009.0,52.0,1,38,999,1.0,0.0,0.0,0.0,0.0,5.0,200,1.0,1,1,0.0,1,2,3.0,4.0,1
0,501.0,120000.0,10,120000.0,120000.0,05,1.0,195,1.0,21.0,21,1.0,1.0,1,1,2.0,1,2.0,3.0,1000,0.0,3.0,3.0,2,40.0,2.0,1,2.0,0,2009.0,52.0,1,29,999,1.0,0.0,0.0,0.0,0.0,5.0,200,1.0,1,1,0.0,1,2,3.0,4.0,1
0,501.0,115000.0,32,115000.0,115000.0,81,1.0,32,1.0,21.0,21,1.0,1.0,2,1,2.0,1,2.0,3.0,1000,0.0,3.0,3.0,0,40.0,2.0,1,2.0,0,2012.0,52.0,1,49,111,1.0,0.0,0.0,0.0,0.0,5.0,300,1.0,2,2,0.0,1,2,3.0,4.0,1
0,241.0,30000.0,91,30000.0,25000.0,82,1.0,32,1.0,18.0,20,1.0,1.0,1,1,2.0,1,2.0,3.0,1000,0.0,3.0,3.0,0,32.0,2.0,1,2.0,0,1996.0,52.0,1,39,999,4.0,0.0,0.0,0.0,0.0,5.0,400,1.0,1,2,0.0,1,1,3.0,4.0,1
0,241.0,18000.0,02,18000.0,18000.0,01,1.0,32,1.0,18.0,21,1.0,1.0,2,1,2.0,1,2.0,3.0,1000,0.0,3.0,3.0,0,40.0,2.0,1,2.0,0,1996.0,52.0,1,26,999,2.0,0.0,0.0,0.0,0.0,5.0,400,1.0,1,2,0.0,1,2,3.0,4.0,1
0,501.0,116900.0,47,115000.0,65000.0,49,1.0,32,1.0,21.0,20,1.0,1.0,2,1,2.0,1,2.0,3.0,1000,0.0,3.0,3.0,0,40.0,2.0,1,2.0,0,1991.0,52.0,1,38,82,7.0,0.0,0.0,0.0,0.0,5.0,100,1.0,2,2,1900.0,1,2,3.0,4.0,1
0,501.0,170000.0,78,170000.0,120000.0,11,1.0,32,1.0,20.0,21,1.0,1.0,2,1,2.0,1,2.0,3.0,1000,0.0,3.0,3.0,0,60.0,2.0,1,2.0,0,1991.0,52.0,1,38,999,7.0,0.0,0.0,0.0,0.0,5.0,100,1.0,1,2,0.0,1,2,3.0,4.0,1
0,501.0,45000.0,20,45000.0,45000.0,78,1.0,32,1.0,22.0,20,1.0,1.0,2,1,2.0,1,2.0,3.0,1000,0.0,3.0,3.0,0,40.0,2.0,1,2.0,0,2021.0,52.0,1,27,82,2.0,0.0,0.0,0.0,0.0,5.0,400,1.0,2,2,0.0,1,2,3.0,4.0,1
0,501.0,60000.0,02,60000.0,60000.0,78,1.0,999,1.0,21.0,21,1.0,1.0,2,1,2.0,1,2.0,3.0,1000,0.0,3.0,3.0,0,40.0,2.0,1,2.0,0,2021.0,52.0,1,38,999,2.0,0.0,0.0,0.0,0.0,5.0,400,1.0,4,2,0.0,1,2,3.0,4.0,1
0,352.0,50000.0,01,50000.0,0.0,69,1.0,82,1.0,18.0,20,1.0,1.0,2,1,2.0,1,2.0,2.0,1000,0.0,2.0,2.0,0,40.0,2.0,1,2.0,0,2001.0,52.0,1,6,999,6.0,0.0,0.0,0.0,0.0,5.0,200,1.0,1,2,0.0,1,2,3.0,4.0,1
0,352.0,50000.0,42,0.0,0.0,69,6.0,82,3.0,16.0,21,1.0,2.0,2,1,2.0,17,2.0,2.0,9000,0.0,2.0,2.0,0,40.0,2.0,9,2.0,1,2001.0,52.0,1,38,920,1.0,0.0,0.0,0.0,0.0,5.0,200,1.0,2,2,50000.0,1,2,3.0,4.0,1
0,352.0,10000.0,41,10000.0,10000.0,86,1.0,82,1.0,19.0,25,6.0,1.0,2,5,2.0,17,2.0,3.0,9000,0.0,3.0,3.0,2,30.0,2.0,9,2.0,1,1995.0,52.0,1,38,920,1.0,0.0,0.0,0.0,0.0,5.0,200,1.0,2,2,0.0,1,2,3.0,4.0,1
0,352.0,0.0,41,0.0,0.0,86,6.0,82,2.0,19.0,25,6.0,2.0,2,5,2.0,17,2.0,2.0,9000,0.0,2.0,2.0,2,40.0,2.0,9,2.0,1,1995.0,52.0,1,38,920,1.0,0.0,0.0,0.0,0.0,5.0,200,1.0,2,2,0.0,1,2,3.0,4.0,1
0,322.0,65000.0,10,65000.0,65000.0,69,1.0,32,1.0,19.0,20,1.0,1.0,2,1,2.0,1,2.0,3.0,1000,0.0,3.0,3.0,0,40.0,2.0,1,2.0,0,2020.0,52.0,1,27,20,1.0,0.0,0.0,0.0,0.0,5.0,600,1.0,2,2,0.0,1,2,3.0,4.0,1
0,322.0,0.0,05,0.0,0.0,69,6.0,32,2.0,19.0,21,1.0,2.0,2,1,2.0,1,2.0,2.0,1000,0.0,2.0,2.0,0,40.0,2.0,1,2.0,0,2020.0,52.0,1,27,82,1.0,0.0,0.0,0.0,0.0,5.0,600,1.0,2,2,0.0,1,2,3.0,4.0,1
0,496.0,119800.0,20,117000.0,117000.0,81,1.0,920,1.0,21.0,20,6.0,1.0,2,5,2.0,3,2.0,3.0,5013,0.0,3.0,3.0,0,45.0,2.0,3,2.0,1,1995.0,52.0,0,38,999,5.0,0.0,1400.0,0.0,0.0,5.0,100,1.0,1,2,1400.0,1,2,3.0,4.0,1
0,501.0,90000.0,19,90000.0,90000.0,01,1.0,999,1.0,20.0,20,6.0,1.0,2,5,2.0,1,2.0,2.0,1000,0.0,2.0,2.0,0,60.0,2.0,1,2.0,0,1995.0,52.0,1,38,999,1.0,0.0,0.0,0.0,0.0,5.0,400,1.0,4,2,0.0,1,2,2.0,4.0,1
0,319.0,50000.0,52,50000.0,50000.0,30,1.0,32,1.0,18.0,20,4.0,1.0,2,3,2.0,1,2.0,3.0,1000,0.0,3.0,3.0,0,40.0,2.0,1,2.0,0,2011.0,52.0,1,38,82,1.0,0.0,0.0,0.0,0.0,5.0,400,3.0,2,2,0.0,1,2,3.0,4.0,1
0,501.0,100000.0,48,0.0,0.0,01,6.0,32,2.0,16.0,22,4.0,2.0,2,3,2.0,1,2.0,2.0,1000,0.0,2.0,2.0,2,40.0,2.0,1,2.0,0,1985.0,52.0,1,38,999,1.0,0.0,0.0,0.0,0.0,5.0,400,1.0,1,2,100000.0,1,2,3.0,4.0,1
0,501.0,22000.0,96,22000.0,22000.0,53,1.0,999,1.0,20.0,20,1.0,1.0,2,1,2.0,1,2.0,3.0,1000,0.0,3.0,3.0,0,24.0,2.0,1,2.0,0,2020.0,52.0,1,27,999,1.0,0.0,0.0,0.0,0.0,5.0,600,1.0,4,2,0.0,1,2,3.0,4.0,1
0,501.0,110000.0,11,110000.0,110000.0,73,1.0,999,1.0,21.0,21,1.0,1.0,2,1,2.0,1,2.0,3.0,1000,0.0,3.0,3.0,0,40.0,2.0,1,2.0,0,2020.0,52.0,1,49,999,1.0,0.0,0.0,0.0,0.0,5.0,600,1.0,4,2,0.0,1,2,3.0,4.0,1
0,332.0,52000.0,48,52000.0,52000.0,66,1.0,999,1.0,21.0,20,6.0,1.0,2,5,2.0,1,2.0,3.0,1000,0.0,3.0,3.0,0,40.0,2.0,1,2.0,0,1995.0,52.0,1,38,999,1.0,0.0,0.0,0.0,0.0,5.0,600,1.0,4,2,0.0,1,2,3.0,4.0,1
0,226.0,35420.0,10,35300.0,35300.0,49,1.0,50,1.0,21.0,34,6.0,1.0,2,5,2.0,1,2.0,3.0,1000,0.0,3.0,3.0,0,40.0,2.0,1,2.0,0,1995.0,52.0,1,27,32,1.0,0.0,0.0,0.0,0.0,5.0,600,3.0,2,2,120.0,1,2,3.0,4.0,1
0,211.0,33000.0,60,11000.0,11000.0,01,6.0,8,1.0,20.0,20,4.0,2.0,1,3,2.0,1,2.0,2.0,1000,0.0,2.0,2.0,0,60.0,2.0,1,2.0,0,2002.0,20.0,1,17,32,1.0,0.0,22000.0,0.0,0.0,5.0,500,1.0,2,2,0.0,1,1,3.0,2.0,1
0,468.0,141000.0,00,141000.0,141000.0,94,1.0,128,1.0,22.0,20,4.0,1.0,2,3,2.0,1,2.0,3.0,1000,0.0,3.0,3.0,0,50.0,2.0,1,2.0,0,2007.0,52.0,1,12,32,4.0,0.0,0.0,0.0,0.0,5.0,300,3.0,2,2,0.0,1,2,3.0,4.0,1
0,72.0,10800.0,96,10800.0,10800.0,49,1.0,82,1.0,16.0,20,1.0,1.0,2,1,2.0,1,2.0,3.0,1000,0.0,3.0,3.0,0,42.0,2.0,1,2.0,0,2007.0,51.0,1,38,999,1.0,0.0,0.0,0.0,0.0,5.0,600,1.0,1,2,0.0,1,2,3.0,4.0,1
0,72.0,10800.0,50,10800.0,10800.0,75,1.0,924,1.0,16.0,21,1.0,1.0,2,1,2.0,17,2.0,3.0,9000,0.0,3.0,3.0,0,40.0,2.0,9,2.0,1,2007.0,52.0,1,301,917,1.0,0.0,0.0,0.0,0.0,5.0,600,1.0,2,2,0.0,7,2,3.0,4.0,1
0,501.0,110000.0,63,110000.0,0.0,07,1.0,20,1.0,20.0,20,1.0,1.0,2,1,2.0,1,2.0,3.0,1000,0.0,3.0,3.0,0,40.0,2.0,1,2.0,0,1983.0,44.0,1,38,32,6.0,0.0,0.0,0.0,0.0,5.0,600,1.0,2,2,0.0,1,2,3.0,4.0,1
0,501.0,40000.0,57,40000.0,40000.0,78,1.0,32,1.0,19.0,21,1.0,1.0,2,1,2.0,1,2.0,3.0,1000,0.0,3.0,3.0,0,10.0,2.0,1,2.0,0,1983.0,52.0,1,6,148,3.0,0.0,0.0,0.0,0.0,5.0,600,1.0,2,2,0.0,1,2,3.0,4.0,1
0,63.0,0.0,42,0.0,0.0,69,6.0,917,3.0,17.0,20,4.0,2.0,2,3,2.0,3,2.0,2.0,5013,0.0,2.0,2.0,0,40.0,2.0,3,2.0,1,2019.0,52.0,0,38,999,1.0,0.0,0.0,0.0,0.0,5.0,100,1.0,1,2,0.0,1,2,3.0,4.0,1
1,63.0,3800.0,42,0.0,0.0,69,6.0,917,3.0,17.0,25,6.0,2.0,1,5,1.0,3,1.0,2.0,5013,0.0,2.0,2.0,0,40.0,1.0,3,1.0,1,1995.0,52.0,0,38,999,1.0,0.0,3000.0,0.0,800.0,5.0,100,1.0,1,2,0.0,1,2,3.0,4.0,1
1,63.0,28900.0,91,24000.0,24000.0,63,1.0,917,1.0,17.0,25,6.0,1.0,2,5,2.0,3,2.0,3.0,5013,0.0,3.0,3.0,0,30.0,2.0,3,2.0,1,1995.0,52.0,0,38,999,1.0,0.0,0.0,3000.0,1900.0,5.0,100,1.0,1,2,0.0,1,2,3.0,4.0,1
0,501.0,72000.0,47,72000.0,72000.0,46,1.0,82,1.0,16.0,20,4.0,1.0,2,3,2.0,1,2.0,3.0,1000,0.0,3.0,3.0,0,58.0,2.0,1,2.0,0,1987.0,52.0,1,38,32,1.0,0.0,0.0,0.0,0.0,5.0,200,1.0,2,2,0.0,1,2,3.0,4.0,1
0,395.0,65000.0,38,65000.0,65000.0,94,1.0,226,1.0,18.0,20,1.0,1.0,2,1,2.0,15,2.0,3.0,8000,0.0,3.0,3.0,2,40.0,2.0,8,2.0,0,2021.0,52.0,0,312,999,3.0,0.0,0.0,0.0,0.0,5.0,400,1.0,1,2,0.0,3,2,3.0,4.0,11
0,395.0,29000.0,45,29000.0,29000.0,89,1.0,999,1.0,18.0,21,1.0,1.0,2,1,2.0,15,2.0,3.0,8000,0.0,3.0,3.0,1,40.0,2.0,8,2.0,0,2021.0,52.0,0,312,999,1.0,0.0,0.0,0.0,0.0,5.0,400,1.0,4,2,0.0,3,2,3.0,4.0,11
0,274.0,42000.0,26,42000.0,42000.0,32,1.0,32,1.0,20.0,20,6.0,1.0,2,5,2.0,1,2.0,3.0,1000,0.0,3.0,3.0,0,42.0,2.0,1,2.0,0,1995.0,52.0,1,31,89,1.0,0.0,0.0,0.0,0.0,5.0,500,1.0,2,2,0.0,1,2,3.0,4.0,1
0,501.0,105000.0,73,105000.0,105000.0,88,1.0,22,1.0,20.0,20,6.0,1.0,2,5,2.0,1,2.0,3.0,1000,0.0,3.0,3.0,0,50.0,2.0,1,2.0,0,1995.0,52.0,1,53,32,1.0,0.0,0.0,0.0,0.0,5.0,100,1.0,2,2,0.0,1,2,3.0,4.0,1
0,371.0,75000.0,04,75000.0,75000.0,31,1.0,82,1.0,16.0,20,4.0,1.0,2,3,2.0,1,2.0,3.0,1000,0.0,3.0,3.0,0,55.0,2.0,1,2.0,0,1995.0,52.0,1,30,32,2.0,0.0,0.0,0.0,0.0,5.0,400,1.0,2,2,0.0,1,2,3.0,4.0,1
1,67.0,10300.0,42,0.0,0.0,69,6.0,82,3.0,16.0,22,6.0,2.0,2,5,2.0,1,2.0,2.0,1000,10300.0,2.0,2.0,0,40.0,2.0,1,2.0,0,1995.0,52.0,1,38,32,1.0,0.0,0.0,0.0,0.0,5.0,400,1.0,2,2,0.0,1,2,3.0,4.0,1
0,359.0,65000.0,96,65000.0,65000.0,03,1.0,999,1.0,19.0,20,1.0,1.0,1,1,2.0,1,2.0,3.0,1000,0.0,3.0,3.0,0,55.0,2.0,1,2.0,0,2018.0,52.0,1,27,999,1.0,0.0,0.0,0.0,0.0,5.0,400,1.0,4,1,0.0,1,2,3.0,4.0,1
0,359.0,65000.0,23,65000.0,65000.0,78,1.0,999,1.0,20.0,21,1.0,1.0,2,1,2.0,1,2.0,3.0,1000,0.0,3.0,3.0,0,40.0,2.0,1,2.0,0,2018.0,52.0,1,27,999,1.0,0.0,0.0,0.0,0.0,5.0,400,1.0,4,2,0.0,1,2,3.0,4.0,1
0,501.0,44000.0,40,44000.0,44000.0,78,1.0,32,1.0,17.0,21,1.0,1.0,2,1,2.0,1,2.0,3.0,1000,0.0,3.0,3.0,0,35.0,2.0,1,2.0,0,1976.0,52.0,1,46,999,4.0,0.0,0.0,0.0,0.0,5.0,100,1.0,1,2,0.0,1,2,3.0,4.0,1
1,187.0,29000.0,40,29000.0,29000.0,86,1.0,32,1.0,20.0,20,6.0,1.0,2,5,2.0,17,2.0,3.0,9000,0.0,3.0,3.0,0,32.0,2.0,9,2.0,1,1995.0,52.0,1,38,89,1.0,0.0,0.0,0.0,0.0,5.0,500,1.0,2,2,0.0,1,2,3.0,4.0,1
1,103.0,16000.0,40,16000.0,16000.0,86,3.0,50,1.0,16.0,22,6.0,2.0,2,5,2.0,1,2.0,1.0,1000,0.0,2.0,2.0,0,15.0,2.0,1,2.0,0,1995.0,26.0,1,27,82,1.0,0.0,0.0,0.0,0.0,1.0,500,1.0,2,2,0.0,1,2,3.0,4.0,1
0,350.0,55000.0,73,55000.0,45000.0,01,1.0,82,1.0,20.0,20,6.0,1.0,2,5,2.0,1,2.0,3.0,1000,0.0,3.0,3.0,2,80.0,2.0,1,2.0,0,1995.0,52.0,1,38,999,1.0,0.0,0.0,0.0,0.0,5.0,100,3.0,1,2,0.0,1,2,3.0,4.0,1
0,501.0,105000.0,50,105000.0,105000.0,95,1.0,999,1.0,22.0,20,1.0,1.0,2,1,2.0,1,2.0,3.0,1000,0.0,3.0,3.0,0,40.0,2.0,1,2.0,0,2001.0,52.0,1,16,999,5.0,0.0,0.0,0.0,0.0,5.0,200,3.0,4,2,0.0,1,2,3.0,4.0,1
0,501.0,75000.0,90,75000.0,75000.0,96,4.0,999,1.0,22.0,21,1.0,1.0,2,1,2.0,1,2.0,3.0,1000,0.0,3.0,3.0,0,40.0,2.0,1,2.0,0,2001.0,52.0,1,13,999,5.0,0.0,0.0,0.0,0.0,5.0,200,3.0,4,2,0.0,1,2,3.0,1.0,1
0,501.0,119700.0,91,115000.0,115000.0,04,1.0,32,1.0,16.0,20,6.0,1.0,2,5,2.0,1,2.0,3.0,1000,0.0,3.0,3.0,2,65.0,2.0,1,2.0,0,1995.0,52.0,1,38,999,1.0,0.0,0.0,0.0,0.0,5.0,400,1.0,1,2,4700.0,1,2,3.0,4.0,1
0,501.0,100000.0,70,0.0,0.0,87,6.0,82,2.0,18.0,25,4.0,1.0,2,3,2.0,1,2.0,2.0,1000,0.0,3.0,3.0,2,40.0,2.0,1,2.0,0,2012.0,52.0,1,27,87,1.0,0.0,0.0,0.0,0.0,5.0,200,1.0,2,2,100000.0,1,2,3.0,4.0,1
0,478.0,97100.0,10,94000.0,94000.0,66,1.0,302,1.0,21.0,20,1.0,1.0,1,1,1.0,82,2.0,2.0,9000,0.0,2.0,2.0,2,40.0,1.0,9,2.0,1,1988.0,52.0,1,310,999,1.0,0.0,1600.0,1500.0,0.0,5.0,100,1.0,1,2,0.0,3,2,3.0,2.0,1
0,478.0,0.0,36,0.0,0.0,82,6.0,302,2.0,19.0,21,1.0,2.0,2,1,2.0,82,2.0,2.0,9000,0.0,2.0,2.0,2,40.0,2.0,9,2.0,1,1988.0,52.0,1,310,999,1.0,0.0,0.0,0.0,0.0,5.0,100,1.0,1,2,0.0,3,2,3.0,4.0,2
0,501.0,88000.0,04,88000.0,88000.0,93,1.0,999,1.0,19.0,20,3.0,1.0,2,2,2.0,1,2.0,3.0,1000,0.0,3.0,3.0,1,36.0,2.0,1,2.0,0,1992.0,52.0,1,301,999,3.0,0.0,0.0,0.0,0.0,5.0,200,1.0,4,2,0.0,7,2,3.0,4.0,1
0,164.0,25000.0,89,25000.0,25000.0,25,1.0,999,1.0,19.0,22,4.0,1.0,2,3,2.0,1,2.0,3.0,1000,0.0,3.0,3.0,0,40.0,2.0,1,2.0,0,1992.0,52.0,1,6,999,1.0,0.0,0.0,0.0,0.0,5.0,200,3.0,4,2,0.0,1,2,3.0,4.0,1
0,75.0,12000.0,42,0.0,0.0,82,6.0,32,2.0,11.0,20,4.0,2.0,2,3,2.0,1,2.0,2.0,1000,0.0,2.0,2.0,0,40.0,2.0,1,2.0,0,1989.0,52.0,1,38,999,1.0,12000.0,0.0,0.0,0.0,3.0,200,1.0,1,2,0.0,1,2,3.0,4.0,1
0,501.0,34000.0,23,0.0,0.0,78,6.0,32,2.0,21.0,20,1.0,2.0,2,1,2.0,1,2.0,2.0,1000,0.0,2.0,2.0,2,40.0,2.0,1,2.0,0,1984.0,52.0,1,27,82,3.0,0.0,34000.0,0.0,0.0,5.0,600,1.0,2,2,0.0,1,2,3.0,4.0,1
0,212.0,15600.0,91,0.0,0.0,01,3.0,999,2.0,16.0,20,1.0,1.0,2,1,2.0,1,2.0,3.0,1000,0.0,3.0,3.0,2,40.0,2.0,1,2.0,0,2018.0,52.0,1,8,999,1.0,0.0,15600.0,0.0,0.0,5.0,400,1.0,4,2,0.0,1,2,3.0,4.0,1
0,212.0,40000.0,04,40000.0,20000.0,76,1.0,999,1.0,19.0,21,1.0,1.0,2,1,2.0,1,2.0,3.0,1000,0.0,3.0,3.0,0,20.0,2.0,1,2.0,0,2018.0,26.0,1,38,999,1.0,0.0,0.0,0.0,0.0,5.0,400,1.0,4,2,0.0,1,2,3.0,4.0,1
0,501.0,0.0,10,0.0,0.0,68,6.0,50,2.0,18.0,21,1.0,2.0,2,1,2.0,1,2.0,2.0,1000,0.0,2.0,2.0,2,40.0,2.0,1,2.0,0,2021.0,52.0,1,6,999,1.0,0.0,0.0,0.0,0.0,5.0,500,1.0,1,2,0.0,1,2,3.0,4.0,1
0,501.0,119000.0,60,0.0,0.0,01,6.0,50,2.0,20.0,20,1.0,2.0,2,1,2.0,1,2.0,2.0,1000,0.0,2.0,2.0,1,40.0,2.0,1,2.0,0,1980.0,52.0,1,38,999,1.0,0.0,0.0,0.0,0.0,5.0,300,1.0,1,2,119000.0,1,2,3.0,4.0,1
1,88.0,14000.0,42,0.0,0.0,69,6.0,271,3.0,17.0,20,6.0,2.0,1,5,1.0,29,1.0,2.0,9000,6000.0,2.0,2.0,0,40.0,1.0,9,1.0,0,1995.0,52.0,1,327,999,1.0,5200.0,0.0,0.0,2800.0,5.0,400,3.0,1,2,0.0,3,2,3.0,4.0,4
1,109.0,23000.0,36,23000.0,23000.0,82,1.0,32,1.0,18.0,20,6.0,1.0,2,5,2.0,1,2.0,3.0,1000,0.0,3.0,3.0,0,24.0,2.0,1,2.0,0,1995.0,52.0,1,38,82,1.0,0.0,0.0,0.0,0.0,5.0,400,1.0,2,2,0.0,1,2,3.0,4.0,1
0,501.0,94000.0,62,94000.0,94000.0,07,3.0,51,1.0,16.0,22,4.0,2.0,2,3,2.0,1,2.0,1.0,1000,0.0,2.0,2.0,0,55.0,2.0,1,2.0,0,2009.0,52.0,1,22,26,1.0,0.0,0.0,0.0,0.0,1.0,400,1.0,2,2,0.0,1,2,3.0,4.0,1
1,65.0,10000.0,42,0.0,0.0,69,6.0,917,3.0,16.0,20,6.0,2.0,2,5,2.0,3,2.0,2.0,5013,10000.0,2.0,2.0,0,40.0,2.0,3,2.0,1,1995.0,52.0,0,38,999,1.0,0.0,0.0,0.0,0.0,5.0,300,1.0,1,2,0.0,1,2,3.0,4.0,1
0,501.0,86000.0,25,20000.0,20000.0,78,1.0,82,1.0,22.0,20,1.0,1.0,2,1,2.0,1,2.0,3.0,1000,0.0,3.0,3.0,0,35.0,2.0,1,2.0,0,1986.0,40.0,1,38,999,3.0,0.0,53000.0,0.0,0.0,5.0,200,1.0,1,2,13000.0,1,2,3.0,4.0,1
0,501.0,89600.0,09,80000.0,80000.0,70,1.0,82,1.0,16.0,21,1.0,1.0,2,1,2.0,1,2.0,3.0,1000,0.0,3.0,3.0,0,40.0,2.0,1,2.0,0,1986.0,52.0,1,38,999,1.0,0.0,0.0,0.0,0.0,5.0,200,1.0,1,2,9600.0,1,2,3.0,4.0,1
0,501.0,50000.0,42,50000.0,50000.0,78,1.0,82,1.0,16.0,25,6.0,1.0,2,5,2.0,1,2.0,3.0,1000,0.0,3.0,3.0,0,40.0,2.0,1,2.0,0,1995.0,52.0,1,38,999,3.0,0.0,0.0,0.0,0.0,5.0,200,1.0,1,2,0.0,1,2,3.0,4.0,1
0,501.0,85000.0,18,85000.0,85000.0,78,1.0,82,1.0,23.0,20,6.0,1.0,2,5,2.0,1,2.0,3.0,1000,0.0,3.0,3.0,0,40.0,2.0,1,2.0,0,1995.0,40.0,1,38,32,2.0,0.0,0.0,0.0,0.0,5.0,100,1.0,2,2,0.0,1,2,3.0,4.0,1
1,192.0,30000.0,42,30000.0,30000.0,76,1.0,32,1.0,11.0,20,2.0,1.0,1,1,1.0,1,2.0,1.0,1000,0.0,2.0,3.0,0,35.0,2.0,1,2.0,0,1999.0,52.0,1,38,112,1.0,0.0,0.0,0.0,0.0,1.0,500,1.0,2,2,0.0,1,2,2.0,4.0,1
0,352.0,125000.0,02,120000.0,0.0,01,1.0,82,1.0,20.0,20,4.0,1.0,2,3,2.0,1,2.0,3.0,1000,0.0,3.0,3.0,2,30.0,2.0,1,2.0,0,2005.0,52.0,1,38,999,6.0,0.0,0.0,0.0,0.0,5.0,200,1.0,1,2,5000.0,1,2,3.0,4.0,1
0,352.0,2500.0,46,2500.0,2500.0,84,6.0,82,1.0,14.0,25,6.0,2.0,2,5,2.0,1,2.0,2.0,1000,0.0,2.0,2.0,2,10.0,2.0,1,2.0,0,1995.0,8.0,1,38,999,2.0,0.0,0.0,0.0,0.0,5.0,200,1.0,1,2,0.0,1,2,3.0,4.0,1
0,454.0,62000.0,10,62000.0,62000.0,78,1.0,98,1.0,21.0,20,1.0,1.0,2,1,2.0,1,2.0,3.0,1000,0.0,3.0,3.0,0,40.0,2.0,1,2.0,0,2012.0,52.0,1,30,32,4.0,0.0,0.0,0.0,0.0,5.0,500,1.0,2,2,0.0,1,2,3.0,4.0,1
0,454.0,45000.0,03,45000.0,45000.0,81,1.0,999,1.0,16.0,21,1.0,1.0,2,1,2.0,1,2.0,3.0,1000,0.0,3.0,3.0,0,40.0,2.0,1,2.0,0,2012.0,52.0,1,38,999,2.0,0.0,0.0,0.0,0.0,5.0,500,1.0,4,2,0.0,1,2,3.0,4.0,1
0,367.0,60000.0,23,60000.0,60000.0,78,1.0,98,1.0,21.0,20,1.0,1.0,2,1,2.0,1,2.0,3.0,1000,0.0,3.0,3.0,0,40.0,2.0,1,2.0,0,1993.0,52.0,1,46,32,4.0,0.0,0.0,0.0,0.0,5.0,400,1.0,2,2,0.0,1,2,3.0,4.0,1
0,367.0,54000.0,23,54000.0,0.0,78,1.0,32,1.0,21.0,21,1.0,1.0,2,1,2.0,1,2.0,3.0,1000,0.0,3.0,3.0,0,60.0,2.0,1,2.0,0,1993.0,52.0,1,38,999,6.0,0.0,0.0,0.0,0.0,5.0,400,1.0,1,2,0.0,1,2,3.0,4.0,1
0,367.0,1500.0,39,1500.0,1500.0,85,1.0,98,1.0,16.0,25,6.0,1.0,2,5,2.0,1,2.0,3.0,1000,0.0,3.0,3.0,0,30.0,2.0,1,2.0,0,1995.0,7.0,1,38,32,3.0,0.0,0.0,0.0,0.0,5.0,400,1.0,2,2,0.0,1,2,3.0,4.0,1
0,144.0,20700.0,78,9600.0,9600.0,86,1.0,32,1.0,19.0,20,6.0,1.0,2,5,2.0,1,2.0,2.0,1000,0.0,2.0,2.0,0,15.0,2.0,1,2.0,0,1995.0,52.0,1,38,125,1.0,11100.0,0.0,0.0,0.0,5.0,300,1.0,2,2,0.0,1,2,3.0,4.0,1
0,501.0,180000.0,14,160000.0,160000.0,35,1.0,32,1.0,22.0,20,1.0,1.0,2,1,2.0,1,2.0,3.0,1000,0.0,3.0,3.0,0,40.0,2.0,1,2.0,0,2007.0,52.0,1,38,999,1.0,0.0,0.0,0.0,0.0,5.0,300,1.0,1,2,20000.0,1,2,3.0,4.0,1
0,501.0,70000.0,23,70000.0,70000.0,78,1.0,98,1.0,22.0,21,1.0,1.0,2,1,2.0,1,2.0,3.0,1000,0.0,3.0,3.0,0,50.0,2.0,1,2.0,0,2007.0,49.0,1,38,999,3.0,0.0,0.0,0.0,0.0,5.0,300,1.0,1,2,0.0,1,2,3.0,4.0,1
0,396.0,50000.0,02,50000.0,0.0,01,1.0,82,1.0,20.0,20,1.0,1.0,2,1,2.0,1,2.0,2.0,1000,0.0,2.0,2.0,2,40.0,2.0,1,2.0,0,1986.0,52.0,1,38,32,6.0,0.0,0.0,0.0,0.0,5.0,400,1.0,2,2,0.0,1,2,3.0,4.0,1
0,396.0,30000.0,36,30000.0,30000.0,79,1.0,82,1.0,21.0,21,1.0,1.0,2,1,2.0,1,2.0,3.0,1000,0.0,3.0,3.0,0,24.0,2.0,1,2.0,0,1986.0,52.0,1,27,142,1.0,0.0,0.0,0.0,0.0,5.0,400,1.0,2,2,0.0,1,2,3.0,4.0,1
0,334.0,52000.0,47,52000.0,52000.0,48,1.0,32,1.0,20.0,20,6.0,1.0,2,5,2.0,1,2.0,3.0,1000,0.0,3.0,3.0,2,35.0,2.0,1,2.0,0,1995.0,52.0,1,27,98,1.0,0.0,0.0,0.0,0.0,5.0,600,1.0,2,2,0.0,1,2,3.0,4.0,1
0,297.0,55500.0,42,30000.0,30000.0,77,1.0,82,1.0,16.0,20,1.0,1.0,2,1,2.0,1,2.0,2.0,1000,0.0,2.0,2.0,2,25.0,2.0,1,2.0,0,1980.0,52.0,1,38,999,2.0,13000.0,10000.0,0.0,0.0,5.0,200,1.0,1,2,2500.0,1,2,3.0,4.0,1
0,297.0,5000.0,42,5000.0,5000.0,76,6.0,82,1.0,12.0,21,1.0,2.0,2,1,2.0,1,2.0,2.0,1000,0.0,2.0,2.0,2,30.0,2.0,1,2.0,0,1980.0,20.0,1,38,999,2.0,0.0,0.0,0.0,0.0,5.0,200,1.0,1,2,0.0,1,2,3.0,4.0,1
0,501.0,90000.0,47,90000.0,90000.0,44,1.0,32,1.0,21.0,20,6.0,1.0,2,5,2.0,1,2.0,3.0,1000,0.0,3.0,3.0,0,40.0,2.0,1,2.0,0,1995.0,52.0,1,38,999,1.0,0.0,0.0,0.0,0.0,5.0,600,1.0,1,2,0.0,1,2,3.0,4.0,1
0,329.0,53800.0,96,52000.0,52000.0,48,1.0,98,1.0,19.0,20,4.0,1.0,2,3,2.0,1,2.0,3.0,1000,0.0,3.0,3.0,0,42.0,2.0,1,2.0,0,2000.0,52.0,1,38,142,1.0,0.0,0.0,1800.0,0.0,5.0,500,1.0,2,2,0.0,1,2,3.0,2.0,1
0,329.0,11000.0,42,0.0,0.0,69,6.0,50,3.0,16.0,26,6.0,1.0,2,5,2.0,1,2.0,3.0,1000,11000.0,3.0,3.0,2,40.0,2.0,1,2.0,0,1995.0,52.0,1,38,999,1.0,0.0,0.0,0.0,0.0,5.0,500,3.0,1,2,0.0,1,2,3.0,4.0,1
0,118.0,24300.0,44,11200.0,11200.0,85,1.0,82,1.0,18.0,20,5.0,1.0,1,4,1.0,1,1.0,3.0,1000,10800.0,3.0,3.0,0,10.0,1.0,1,2.0,0,2009.0,52.0,1,27,999,4.0,0.0,0.0,2300.0,0.0,5.0,400,1.0,1,2,0.0,1,2,3.0,4.0,1
0,501.0,31800.0,42,11800.0,10000.0,76,1.0,82,1.0,19.0,20,1.0,1.0,2,1,2.0,1,2.0,3.0,1000,0.0,3.0,3.0,0,8.0,2.0,1,2.0,0,2019.0,52.0,1,38,999,6.0,0.0,0.0,20000.0,0.0,5.0,200,1.0,1,2,0.0,1,2,3.0,4.0,1
0,501.0,90000.0,03,90000.0,70000.0,86,1.0,210,1.0,21.0,21,1.0,1.0,2,1,2.0,15,2.0,3.0,8000,0.0,3.0,3.0,0,60.0,2.0,8,2.0,0,2019.0,52.0,0,303,999,1.0,0.0,0.0,0.0,0.0,5.0,200,1.0,1,2,0.0,3,2,3.0,4.0,2
0,501.0,45000.0,23,45000.0,45000.0,78,1.0,32,1.0,21.0,21,1.0,1.0,2,1,2.0,1,2.0,3.0,1000,0.0,3.0,3.0,0,50.0,2.0,1,2.0,0,1991.0,40.0,1,27,82,2.0,0.0,0.0,0.0,0.0,5.0,600,1.0,2,2,0.0,1,2,3.0,4.0,1
0,501.0,20000.0,36,20000.0,20000.0,80,1.0,24,1.0,21.0,25,6.0,1.0,2,5,2.0,1,2.0,3.0,1000,0.0,3.0,3.0,0,40.0,2.0,1,2.0,0,1995.0,35.0,1,38,89,2.0,0.0,0.0,0.0,0.0,5.0,600,1.0,2,2,0.0,1,2,3.0,4.0,1
0,377.0,102000.0,62,78000.0,78000.0,07,6.0,82,1.0,20.0,20,1.0,2.0,2,1,2.0,1,2.0,2.0,1000,0.0,2.0,2.0,0,70.0,2.0,1,2.0,0,2013.0,11.0,1,38,999,5.0,0.0,0.0,0.0,0.0,5.0,100,1.0,1,2,24000.0,1,2,3.0,4.0,1
0,377.0,11000.0,40,11000.0,9000.0,78,1.0,51,1.0,16.0,21,1.0,1.0,2,1,2.0,1,2.0,3.0,1000,0.0,3.0,3.0,0,40.0,2.0,1,2.0,0,2013.0,12.0,1,2,32,3.0,0.0,0.0,0.0,0.0,5.0,100,1.0,2,2,0.0,1,2,3.0,4.0,1
0,501.0,150000.0,60,150000.0,150000.0,01,1.0,996,1.0,16.0,20,1.0,1.0,2,1,2.0,1,2.0,3.0,1000,0.0,3.0,3.0,0,60.0,2.0,1,2.0,0,2014.0,48.0,1,38,999,7.0,0.0,0.0,0.0,0.0,5.0,500,3.0,3,2,0.0,1,2,3.0,4.0,1
0,501.0,94000.0,23,94000.0,90000.0,78,1.0,999,1.0,21.0,21,1.0,1.0,1,1,1.0,1,2.0,3.0,1000,0.0,3.0,3.0,0,40.0,2.0,1,2.0,0,2014.0,52.0,1,38,999,3.0,0.0,0.0,0.0,0.0,5.0,500,3.0,4,2,0.0,1,2,3.0,4.0,1
0,501.0,109000.0,10,109000.0,109000.0,05,1.0,82,1.0,20.0,20,1.0,1.0,2,1,2.0,1,2.0,3.0,1000,0.0,3.0,3.0,2,40.0,2.0,1,2.0,0,2009.0,52.0,1,38,999,2.0,0.0,0.0,0.0,0.0,5.0,300,1.0,1,2,0.0,1,2,3.0,4.0,1
0,501.0,55000.0,53,55000.0,55000.0,94,1.0,82,1.0,19.0,21,1.0,1.0,2,1,2.0,1,2.0,3.0,1000,0.0,3.0,3.0,2,40.0,2.0,1,2.0,0,2009.0,52.0,1,38,999,3.0,0.0,0.0,0.0,0.0,5.0,300,1.0,1,2,0.0,1,2,3.0,4.0,1
0,228.0,36000.0,20,36000.0,36000.0,83,1.0,82,1.0,21.0,20,4.0,1.0,1,3,2.0,1,2.0,3.0,1000,0.0,3.0,3.0,0,55.0,1.0,1,2.0,0,1995.0,52.0,1,38,999,1.0,0.0,0.0,0.0,0.0,5.0,400,1.0,1,2,0.0,1,2,3.0,4.0,1
0,191.0,30000.0,42,30000.0,30000.0,82,1.0,587,1.0,1.0,20,5.0,1.0,2,4,2.0,2,2.0,3.0,3000,0.0,3.0,3.0,0,40.0,2.0,2,2.0,0,2013.0,52.0,0,425,999,1.0,0.0,0.0,0.0,0.0,5.0,600,1.0,1,2,0.0,6,2,3.0,4.0,1
0,396.0,17000.0,42,12000.0,12000.0,92,1.0,50,1.0,16.0,20,1.0,1.0,2,1,2.0,1,2.0,3.0,1000,0.0,3.0,3.0,0,12.0,2.0,1,2.0,0,1976.0,52.0,1,27,32,4.0,0.0,0.0,0.0,0.0,5.0,400,1.0,2,2,5000.0,1,2,3.0,4.0,1
0,383.0,57000.0,47,51000.0,0.0,57,1.0,32,1.0,19.0,20,1.0,1.0,2,1,2.0,1,2.0,3.0,1000,0.0,3.0,3.0,0,30.0,2.0,1,2.0,0,1992.0,50.0,1,38,50,6.0,0.0,0.0,0.0,0.0,5.0,200,1.0,2,2,6000.0,1,2,3.0,4.0,1
0,383.0,33000.0,00,30000.0,30000.0,74,1.0,50,1.0,13.0,21,1.0,1.0,2,1,2.0,1,2.0,3.0,1000,0.0,3.0,3.0,0,30.0,2.0,1,2.0,0,1992.0,50.0,1,29,999,1.0,0.0,0.0,0.0,0.0,5.0,200,1.0,1,2,3000.0,1,2,3.0,4.0,1
1,383.0,30000.0,42,30000.0,30000.0,78,1.0,32,1.0,16.0,25,2.0,1.0,2,1,2.0,1,2.0,3.0,1000,0.0,3.0,3.0,0,30.0,2.0,1,2.0,0,2019.0,52.0,1,37,50,2.0,0.0,0.0,0.0,0.0,5.0,200,1.0,2,2,0.0,1,2,3.0,4.0,1
0,388.0,61100.0,96,25200.0,25200.0,52,1.0,32,1.0,21.0,20,3.0,1.0,2,2,2.0,1,2.0,3.0,1000,0.0,3.0,3.0,1,35.0,2.0,1,2.0,0,1981.0,52.0,1,38,999,1.0,0.0,0.0,0.0,0.0,5.0,600,1.0,1,2,35900.0,1,2,3.0,4.0,1
0,163.0,27000.0,90,27000.0,27000.0,96,4.0,200,1.0,21.0,20,1.0,1.0,2,1,2.0,29,2.0,3.0,9000,0.0,3.0,3.0,0,40.0,2.0,9,2.0,0,2022.0,52.0,1,72,999,5.0,0.0,0.0,0.0,0.0,5.0,400,1.0,1,2,0.0,2,2,3.0,1.0,3
0,163.0,12000.0,23,0.0,0.0,78,6.0,261,2.0,21.0,21,1.0,2.0,2,1,2.0,29,2.0,1.0,9000,0.0,2.0,2.0,0,40.0,2.0,9,2.0,0,2022.0,52.0,1,72,999,3.0,0.0,0.0,0.0,12000.0,3.0,400,1.0,1,2,0.0,2,2,3.0,4.0,3
0,501.0,10000.0,46,10000.0,0.0,90,1.0,89,1.0,22.0,20,1.0,1.0,2,1,2.0,1,2.0,3.0,1000,0.0,3.0,3.0,0,10.0,2.0,1,2.0,0,2009.0,52.0,1,27,82,6.0,0.0,0.0,0.0,0.0,5.0,600,1.0,2,2,0.0,1,2,3.0,4.0,1
0,462.0,60000.0,60,60000.0,60000.0,01,1.0,22,1.0,21.0,20,1.0,1.0,2,1,2.0,1,2.0,3.0,1000,0.0,3.0,3.0,2,50.0,2.0,1,2.0,0,2008.0,52.0,1,38,999,1.0,0.0,0.0,0.0,0.0,5.0,100,1.0,1,2,0.0,1,2,3.0,4.0,1
0,462.0,50000.0,23,50000.0,50000.0,78,1.0,22,1.0,21.0,21,1.0,1.0,2,1,2.0,1,2.0,3.0,1000,0.0,3.0,3.0,1,46.0,2.0,1,2.0,0,2008.0,52.0,1,38,999,3.0,0.0,0.0,0.0,0.0,5.0,100,1.0,1,2,0.0,1,2,3.0,4.0,1
0,501.0,120000.0,04,120000.0,120000.0,65,1.0,82,1.0,21.0,20,6.0,1.0,2,5,2.0,1,2.0,3.0,1000,0.0,3.0,3.0,0,45.0,2.0,1,2.0,0,1995.0,52.0,1,27,89,2.0,0.0,0.0,0.0,0.0,5.0,600,1.0,2,2,0.0,1,2,3.0,4.0,1
1,376.0,60000.0,56,60000.0,60000.0,35,1.0,935,1.0,21.0,20,1.0,1.0,2,1,2.0,1,2.0,3.0,1000,0.0,3.0,3.0,0,40.0,2.0,1,2.0,0,2001.0,52.0,1,38,50,1.0,0.0,0.0,0.0,0.0,5.0,300,1.0,2,2,0.0,1,2,3.0,4.0,1
0,376.0,45800.0,07,44000.0,44000.0,83,1.0,999,1.0,21.0,21,1.0,1.0,1,1,2.0,1,2.0,3.0,1000,0.0,3.0,3.0,2,44.0,2.0,1,2.0,0,2001.0,52.0,1,38,999,1.0,0.0,0.0,1800.0,0.0,5.0,300,1.0,4,2,0.0,1,1,3.0,2.0,1
0,347.0,54030.0,81,54000.0,54000.0,30,1.0,32,1.0,16.0,20,4.0,1.0,2,3,2.0,1,2.0,3.0,1000,0.0,3.0,3.0,0,40.0,2.0,1,2.0,0,1994.0,52.0,1,38,999,1.0,0.0,0.0,0.0,0.0,5.0,600,1.0,1,2,30.0,1,2,3.0,4.0,1
0,501.0,12000.0,52,12000.0,12000.0,50,1.0,999,1.0,16.0,21,1.0,1.0,2,1,2.0,1,2.0,3.0,1000,0.0,3.0,3.0,2,36.0,2.0,1,2.0,0,1997.0,52.0,1,38,999,1.0,0.0,0.0,0.0,0.0,5.0,400,1.0,4,2,0.0,1,2,3.0,4.0,1
0,501.0,132000.0,04,132000.0,132000.0,91,1.0,32,1.0,21.0,20,1.0,1.0,2,1,2.0,1,2.0,3.0,1000,0.0,3.0,3.0,0,40.0,2.0,1,2.0,0,2012.0,52.0,1,38,89,2.0,0.0,0.0,0.0,0.0,5.0,500,1.0,2,2,0.0,1,2,3.0,4.0,1
0,501.0,65000.0,31,65000.0,65000.0,81,1.0,82,1.0,24.0,21,1.0,1.0,2,1,2.0,1,2.0,3.0,1000,0.0,3.0,3.0,0,32.0,2.0,1,2.0,0,2012.0,52.0,1,27,999,2.0,0.0,0.0,0.0,0.0,5.0,500,1.0,1,2,0.0,1,2,3.0,4.0,1
0,361.0,55300.0,96,55000.0,55000.0,30,1.0,82,1.0,20.0,20,6.0,1.0,2,5,2.0,1,2.0,3.0,1000,0.0,3.0,3.0,2,40.0,2.0,1,2.0,0,1995.0,46.0,1,27,999,1.0,0.0,0.0,0.0,0.0,5.0,400,1.0,1,2,300.0,1,2,3.0,2.0,1
0,268.0,41000.0,78,32800.0,32800.0,49,1.0,148,1.0,18.0,20,4.0,1.0,2,3,2.0,1,2.0,2.0,1000,0.0,2.0,2.0,1,40.0,2.0,1,2.0,0,1994.0,52.0,1,38,999,1.0,0.0,0.0,0.0,0.0,5.0,400,1.0,1,2,8200.0,1,2,3.0,4.0,1
1,499.0,76400.0,42,76400.0,11400.0,21,1.0,82,1.0,16.0,22,4.0,1.0,2,3,2.0,1,2.0,3.0,1000,0.0,3.0,3.0,0,55.0,2.0,1,2.0,0,2000.0,52.0,1,46,999,1.0,0.0,0.0,0.0,0.0,5.0,400,1.0,1,2,0.0,1,2,3.0,4.0,1
0,414.0,48000.0,11,48000.0,48000.0,85,1.0,32,1.0,21.0,20,1.0,1.0,2,1,2.0,1,2.0,3.0,1000,0.0,3.0,3.0,0,40.0,2.0,1,2.0,0,2000.0,52.0,1,38,82,4.0,0.0,0.0,0.0,0.0,5.0,300,1.0,2,2,0.0,1,2,3.0,4.0,1
0,414.0,75000.0,64,75000.0,75000.0,07,1.0,32,1.0,20.0,21,1.0,1.0,2,1,2.0,1,2.0,3.0,1000,0.0,3.0,3.0,0,40.0,2.0,1,2.0,0,2000.0,52.0,1,38,82,7.0,0.0,0.0,0.0,0.0,5.0,300,1.0,2,2,0.0,1,2,3.0,4.0,1
0,166.0,15600.0,42,0.0,0.0,69,6.0,82,3.0,16.0,20,1.0,2.0,1,1,2.0,17,2.0,2.0,9000,0.0,2.0,2.0,0,40.0,1.0,9,2.0,1,1992.0,52.0,1,6,26,1.0,0.0,15600.0,0.0,0.0,5.0,600,1.0,2,2,0.0,1,2,3.0,4.0,1
1,166.0,18000.0,39,0.0,0.0,86,6.0,26,2.0,18.0,21,1.0,2.0,1,1,2.0,17,2.0,2.0,9000,0.0,2.0,2.0,0,40.0,2.0,9,2.0,1,1992.0,52.0,1,6,50,1.0,0.0,18000.0,0.0,0.0,5.0,600,1.0,2,2,0.0,1,1,3.0,2.0,1
0,262.0,30000.0,25,30000.0,30000.0,78,1.0,999,1.0,20.0,20,1.0,1.0,2,1,2.0,1,2.0,2.0,1000,0.0,2.0,2.0,0,33.0,2.0,1,2.0,0,2013.0,52.0,1,38,999,1.0,0.0,0.0,0.0,0.0,5.0,100,3.0,4,2,0.0,1,2,3.0,4.0,1
0,262.0,22500.0,19,22500.0,22500.0,01,1.0,999,1.0,16.0,21,1.0,1.0,2,1,2.0,1,2.0,2.0,1000,0.0,2.0,2.0,0,12.0,2.0,1,2.0,0,2013.0,52.0,1,48,999,7.0,0.0,0.0,0.0,0.0,5.0,100,1.0,4,2,0.0,1,2,3.0,4.0,1
0,501.0,170000.0,38,102000.0,102000.0,95,1.0,50,1.0,19.0,20,1.0,1.0,2,1,2.0,1,2.0,3.0,1000,0.0,3.0,3.0,0,40.0,2.0,1,2.0,0,2013.0,52.0,1,39,22,5.0,0.0,24000.0,44000.0,0.0,5.0,200,3.0,2,2,0.0,1,2,3.0,2.0,1
0,501.0,98000.0,38,98000.0,98000.0,95,1.0,50,1.0,21.0,21,1.0,1.0,2,1,2.0,1,2.0,3.0,1000,0.0,3.0,3.0,0,40.0,2.0,1,2.0,0,2013.0,52.0,1,49,22,5.0,0.0,0.0,0.0,0.0,5.0,200,3.0,2,2,0.0,1,2,3.0,4.0,1
0,501.0,35000.0,23,35000.0,35000.0,78,1.0,32,1.0,21.0,20,1.0,1.0,2,1,2.0,1,2.0,3.0,1000,0.0,3.0,3.0,0,60.0,2.0,1,2.0,0,2000.0,52.0,1,38,999,3.0,0.0,0.0,0.0,0.0,5.0,100,1.0,1,2,0.0,1,2,3.0,4.0,1
0,501.0,120000.0,72,120000.0,120000.0,87,1.0,142,1.0,19.0,21,1.0,1.0,2,1,2.0,1,2.0,3.0,1000,0.0,3.0,3.0,2,50.0,2.0,1,2.0,0,2000.0,52.0,1,38,999,7.0,0.0,0.0,0.0,0.0,5.0,100,1.0,1,2,0.0,1,2,3.0,4.0,1
0,452.0,16600.0,46,7000.0,0.0,84,1.0,49,1.0,17.0,20,1.0,1.0,2,1,2.0,1,2.0,3.0,1000,0.0,3.0,3.0,0,12.0,2.0,1,2.0,0,1983.0,50.0,1,30,82,6.0,0.0,9600.0,0.0,0.0,5.0,500,1.0,2,2,0.0,1,2,3.0,4.0,1
0,452.0,73600.0,73,64000.0,54000.0,82,1.0,32,1.0,20.0,21,1.0,1.0,2,1,2.0,1,2.0,3.0,1000,0.0,3.0,3.0,0,40.0,2.0,1,2.0,0,1983.0,52.0,1,38,999,1.0,0.0,9600.0,0.0,0.0,5.0,500,1.0,1,2,0.0,1,2,3.0,4.0,1
0,145.0,44000.0,40,20000.0,20000.0,86,1.0,98,1.0,20.0,20,4.0,1.0,2,3,2.0,1,2.0,3.0,1000,0.0,3.0,3.0,0,36.0,2.0,1,2.0,0,2006.0,52.0,1,38,999,1.0,0.0,0.0,24000.0,0.0,5.0,300,1.0,1,2,0.0,1,2,3.0,4.0,1
0,145.0,1400.0,44,1400.0,1400.0,86,6.0,98,1.0,16.0,25,6.0,2.0,1,5,1.0,1,2.0,1.0,1000,0.0,2.0,2.0,0,16.0,2.0,1,2.0,0,1995.0,10.0,1,27,999,1.0,0.0,0.0,0.0,0.0,3.0,300,1.0,1,2,0.0,1,2,3.0,4.0,1
0,145.0,0.0,42,0.0,0.0,69,6.0,98,3.0,14.0,25,6.0,2.0,2,5,2.0,1,2.0,2.0,1000,0.0,2.0,2.0,0,40.0,2.0,1,2.0,0,1995.0,52.0,1,27,999,1.0,0.0,0.0,0.0,0.0,5.0,300,1.0,1,2,0.0,1,2,3.0,4.0,1
0,349.0,25000.0,58,25000.0,25000.0,69,1.0,32,1.0,14.0,20,1.0,1.0,2,1,2.0,1,2.0,3.0,1000,0.0,3.0,3.0,0,40.0,2.0,1,2.0,0,2021.0,52.0,1,53,148,1.0,0.0,0.0,0.0,0.0,5.0,200,1.0,2,2,0.0,1,2,3.0,4.0,1
0,349.0,80500.0,86,80000.0,80000.0,06,1.0,740,1.0,16.0,21,1.0,1.0,2,1,2.0,7,2.0,3.0,4002,0.0,3.0,3.0,0,80.0,2.0,6,2.0,0,2021.0,52.0,0,6,50,1.0,0.0,500.0,0.0,0.0,5.0,200,1.0,2,2,0.0,1,2,3.0,4.0,1
0,153.0,24000.0,96,24000.0,24000.0,53,1.0,902,1.0,16.0,20,6.0,1.0,2,5,2.0,2,2.0,3.0,3000,0.0,3.0,3.0,0,33.0,2.0,2,2.0,0,1995.0,52.0,0,42,999,1.0,0.0,0.0,0.0,0.0,5.0,600,1.0,1,2,0.0,1,2,3.0,4.0,1
0,501.0,170000.0,04,170000.0,170000.0,72,1.0,32,1.0,16.0,20,1.0,1.0,2,1,2.0,1,2.0,3.0,1000,0.0,3.0,3.0,0,50.0,2.0,1,2.0,0,2002.0,52.0,1,38,999,1.0,0.0,0.0,0.0,0.0,5.0,100,1.0,1,2,0.0,1,2,3.0,2.0,1
0,501.0,51000.0,23,51000.0,51000.0,78,1.0,82,1.0,21.0,21,1.0,1.0,2,1,2.0,1,2.0,3.0,1000,0.0,3.0,3.0,0,40.0,2.0,1,2.0,0,2002.0,52.0,1,17,999,3.0,0.0,0.0,0.0,0.0,5.0,100,1.0,1,2,0.0,1,2,3.0,4.0,1
0,501.0,150000.0,10,145000.0,145000.0,73,1.0,171,1.0,21.0,20,1.0,1.0,2,1,2.0,1,2.0,3.0,1000,0.0,3.0,3.0,0,50.0,2.0,1,2.0,0,2009.0,52.0,1,164,999,1.0,0.0,0.0,0.0,0.0,5.0,600,1.0,1,2,5000.0,5,2,3.0,4.0,1
0,501.0,90000.0,00,85000.0,85000.0,69,1.0,939,1.0,22.0,21,1.0,1.0,2,1,2.0,1,2.0,3.0,1000,0.0,3.0,3.0,0,50.0,2.0,1,2.0,0,2009.0,52.0,1,53,999,1.0,0.0,0.0,0.0,0.0,5.0,600,1.0,1,2,5000.0,1,2,3.0,4.0,1
0,422.0,66200.0,06,60000.0,60000.0,91,1.0,32,1.0,22.0,20,6.0,1.0,2,5,2.0,1,2.0,3.0,1000,0.0,3.0,3.0,0,40.0,2.0,1,2.0,0,1995.0,42.0,1,27,82,2.0,0.0,0.0,6200.0,0.0,5.0,600,1.0,2,2,0.0,1,2,3.0,4.0,1
0,501.0,73020.0,02,73000.0,73000.0,78,6.0,32,1.0,22.0,20,1.0,2.0,2,1,2.0,1,2.0,2.0,1000,0.0,2.0,2.0,0,50.0,2.0,1,2.0,0,2005.0,43.0,1,38,82,3.0,0.0,0.0,0.0,0.0,5.0,400,1.0,2,2,20.0,1,2,3.0,4.0,1
0,501.0,177500.0,02,175000.0,150000.0,01,1.0,32,1.0,19.0,21,1.0,1.0,2,1,2.0,1,2.0,3.0,1000,0.0,3.0,3.0,0,60.0,2.0,1,2.0,0,2005.0,52.0,1,38,89,6.0,0.0,0.0,0.0,0.0,5.0,400,1.0,2,2,2500.0,1,2,3.0,4.0,1
1,501.0,45000.0,23,45000.0,45000.0,78,1.0,917,1.0,22.0,20,1.0,1.0,2,1,2.0,17,2.0,3.0,9000,0.0,3.0,3.0,0,32.0,2.0,9,2.0,1,2012.0,52.0,1,30,195,1.0,0.0,0.0,0.0,0.0,5.0,200,1.0,2,2,0.0,1,2,3.0,4.0,1
1,501.0,151100.0,05,1100.0,1100.0,46,6.0,917,1.0,20.0,21,1.0,2.0,2,1,2.0,3,2.0,2.0,5013,0.0,2.0,2.0,0,5.0,2.0,3,2.0,1,2012.0,10.0,0,38,999,1.0,0.0,0.0,0.0,0.0,5.0,200,1.0,1,2,150000.0,1,2,3.0,2.0,1
1,501.0,1200.0,62,1200.0,1200.0,07,6.0,917,1.0,16.0,25,6.0,2.0,2,5,2.0,3,2.0,2.0,5013,0.0,2.0,2.0,0,15.0,2.0,3,2.0,1,1995.0,12.0,0,38,999,1.0,0.0,0.0,0.0,0.0,5.0,200,1.0,1,2,0.0,1,2,3.0,4.0,1
0,6.0,1100.0,42,0.0,0.0,69,6.0,32,3.0,18.0,20,4.0,2.0,2,3,2.0,1,2.0,2.0,1000,0.0,2.0,2.0,1,40.0,2.0,1,2.0,0,1990.0,52.0,1,38,82,1.0,1100.0,0.0,0.0,0.0,5.0,400,1.0,2,2,0.0,1,2,3.0,4.0,1
0,501.0,85000.0,12,85000.0,85000.0,69,1.0,32,1.0,22.0,20,1.0,1.0,2,1,2.0,1,2.0,3.0,1000,0.0,3.0,3.0,0,40.0,2.0,1,2.0,0,2006.0,52.0,1,38,999,1.0,0.0,0.0,0.0,0.0,5.0,600,1.0,1,2,0.0,1,2,3.0,4.0,1
0,501.0,88000.0,73,88000.0,88000.0,88,1.0,32,1.0,20.0,21,1.0,1.0,2,1,2.0,1,2.0,3.0,1000,0.0,3.0,3.0,0,40.0,2.0,1,2.0,0,2006.0,52.0,1,38,999,1.0,0.0,0.0,0.0,0.0,5.0,600,1.0,1,2,0.0,1,2,3.0,4.0,1
0,206.0,62600.0,91,60000.0,60000.0,07,1.0,32,1.0,19.0,20,6.0,1.0,2,5,2.0,1,2.0,3.0,1000,0.0,3.0,3.0,0,45.0,2.0,1,2.0,0,1995.0,40.0,1,38,999,1.0,0.0,0.0,2600.0,0.0,5.0,200,1.0,1,2,0.0,1,2,3.0,2.0,1
1,69.0,11000.0,47,11000.0,11000.0,50,1.0,999,1.0,18.0,36,6.0,1.0,2,5,2.0,1,2.0,3.0,1000,0.0,3.0,3.0,0,25.0,2.0,1,2.0,0,1995.0,45.0,1,38,999,1.0,0.0,0.0,0.0,0.0,5.0,100,1.0,4,2,0.0,1,2,3.0,4.0,1
1,139.0,22000.0,06,0.0,0.0,07,6.0,999,2.0,12.0,20,6.0,1.0,2,5,2.0,1,2.0,3.0,1000,0.0,3.0,3.0,0,40.0,2.0,1,2.0,0,1995.0,52.0,1,38,999,1.0,22000.0,0.0,0.0,0.0,5.0,300,3.0,4,2,0.0,1,2,3.0,4.0,1
0,356.0,55000.0,04,55000.0,55000.0,91,1.0,50,1.0,21.0,20,3.0,1.0,1,2,2.0,1,2.0,1.0,1000,0.0,1.0,2.0,0,40.0,1.0,1,2.0,0,2001.0,52.0,1,6,32,2.0,0.0,0.0,0.0,0.0,1.0,500,1.0,2,2,0.0,1,2,3.0,4.0,1
0,482.0,37000.0,23,37000.0,37000.0,75,1.0,82,1.0,19.0,20,1.0,1.0,2,1,2.0,1,2.0,3.0,1000,0.0,3.0,3.0,0,40.0,2.0,1,2.0,0,1991.0,52.0,1,38,50,1.0,0.0,0.0,0.0,0.0,5.0,400,1.0,2,2,0.0,1,2,3.0,4.0,1
0,482.0,58000.0,60,58000.0,58000.0,01,1.0,82,1.0,19.0,21,1.0,1.0,2,1,2.0,1,2.0,3.0,1000,0.0,3.0,3.0,0,60.0,2.0,1,2.0,0,1991.0,52.0,1,6,999,1.0,0.0,0.0,0.0,0.0,5.0,400,1.0,1,2,0.0,1,2,3.0,4.0,1
0,501.0,72000.0,04,72000.0,72000.0,80,1.0,24,1.0,21.0,21,1.0,1.0,2,1,2.0,1,2.0,3.0,1000,0.0,3.0,3.0,0,45.0,2.0,1,2.0,0,1988.0,52.0,1,27,999,4.0,0.0,0.0,0.0,0.0,5.0,500,1.0,1,2,0.0,1,2,3.0,4.0,1
0,99.0,20000.0,42,0.0,0.0,69,6.0,82,3.0,19.0,20,2.0,2.0,2,1,2.0,1,2.0,2.0,1000,20000.0,2.0,2.0,0,40.0,2.0,1,2.0,0,1990.0,52.0,1,53,50,1.0,0.0,0.0,0.0,0.0,5.0,400,1.0,2,2,0.0,1,2,3.0,4.0,1
0,328.0,50000.0,07,50000.0,50000.0,48,1.0,24,1.0,20.0,36,2.0,1.0,2,1,2.0,1,2.0,3.0,1000,0.0,3.0,3.0,0,50.0,2.0,1,2.0,0,1990.0,52.0,1,27,999,1.0,0.0,0.0,0.0,0.0,5.0,400,1.0,1,2,0.0,1,2,3.0,4.0,1
0,501.0,96000.0,72,96000.0,0.0,87,1.0,32,1.0,20.0,20,1.0,1.0,1,1,2.0,1,2.0,3.0,1000,0.0,3.0,3.0,2,60.0,2.0,1,2.0,0,2011.0,52.0,1,38,999,6.0,0.0,0.0,0.0,0.0,5.0,600,1.0,1,2,0.0,1,1,3.0,4.0,1
0,501.0,45000.0,58,45000.0,45000.0,87,1.0,82,1.0,20.0,21,1.0,1.0,2,1,2.0,3,2.0,3.0,5013,0.0,3.0,3.0,2,40.0,2.0,3,2.0,1,2011.0,52.0,0,38,917,1.0,0.0,0.0,0.0,0.0,5.0,600,1.0,2,2,0.0,1,2,3.0,4.0,1
0,204.0,22000.0,71,22000.0,22000.0,96,4.0,22,1.0,19.0,20,1.0,1.0,2,1,2.0,17,2.0,3.0,9000,0.0,3.0,3.0,0,40.0,2.0,9,2.0,1,2022.0,52.0,1,17,917,5.0,0.0,0.0,0.0,0.0,5.0,500,3.0,2,2,0.0,1,2,3.0,1.0,1
0,204.0,18000.0,01,18000.0,18000.0,68,1.0,22,1.0,19.0,21,1.0,1.0,2,1,2.0,1,2.0,3.0,1000,0.0,3.0,3.0,0,40.0,2.0,1,2.0,0,2022.0,52.0,1,17,999,1.0,0.0,0.0,0.0,0.0,5.0,500,3.0,1,2,0.0,1,2,3.0,4.0,1
0,56.0,17500.0,02,13000.0,0.0,01,1.0,939,1.0,21.0,20,1.0,1.0,2,1,2.0,1,2.0,2.0,1000,0.0,2.0,2.0,2,3.0,2.0,1,2.0,0,2017.0,52.0,1,38,999,6.0,0.0,0.0,4500.0,0.0,5.0,400,1.0,1,2,0.0,1,2,3.0,3.0,1
0,56.0,30.0,51,0.0,0.0,70,6.0,939,2.0,20.0,21,1.0,2.0,1,1,2.0,1,2.0,2.0,1000,0.0,2.0,2.0,1,40.0,2.0,1,2.0,0,2017.0,52.0,1,46,999,1.0,0.0,0.0,0.0,0.0,5.0,400,1.0,1,1,30.0,1,2,3.0,4.0,1
0,56.0,0.0,42,0.0,0.0,69,6.0,939,3.0,21.0,26,6.0,2.0,2,5,2.0,1,2.0,2.0,1000,0.0,2.0,2.0,1,40.0,2.0,1,2.0,0,1995.0,52.0,1,46,999,1.0,0.0,0.0,0.0,0.0,5.0,400,1.0,1,2,0.0,1,2,3.0,4.0,1
0,499.0,60000.0,08,60000.0,60000.0,68,1.0,999,1.0,15.0,25,6.0,1.0,2,5,2.0,1,2.0,3.0,1000,0.0,3.0,3.0,2,52.0,2.0,1,2.0,0,1995.0,52.0,1,34,999,1.0,0.0,0.0,0.0,0.0,5.0,500,1.0,4,2,0.0,1,2,3.0,2.0,1
0,501.0,61000.0,42,61000.0,61000.0,78,1.0,82,1.0,16.0,20,1.0,1.0,2,1,2.0,1,2.0,3.0,1000,0.0,2.0,3.0,0,40.0,2.0,1,2.0,0,1989.0,50.0,1,38,999,2.0,0.0,0.0,0.0,0.0,5.0,400,1.0,1,2,0.0,1,2,3.0,2.0,1
0,501.0,60000.0,23,60000.0,60000.0,78,1.0,999,1.0,21.0,21,1.0,1.0,2,1,2.0,1,2.0,3.0,1000,0.0,3.0,3.0,0,40.0,2.0,1,2.0,0,1989.0,52.0,1,38,999,2.0,0.0,0.0,0.0,0.0,5.0,400,1.0,4,2,0.0,1,2,3.0,4.0,1
0,241.0,72000.0,11,72000.0,72000.0,05,1.0,32,1.0,20.0,20,1.0,1.0,2,1,2.0,1,2.0,3.0,1000,0.0,3.0,3.0,0,40.0,2.0,1,2.0,0,2017.0,52.0,1,38,999,2.0,0.0,0.0,0.0,0.0,5.0,200,1.0,1,2,0.0,1,2,3.0,4.0,1
0,241.0,0.0,56,0.0,0.0,79,6.0,82,2.0,21.0,21,1.0,2.0,2,1,2.0,1,2.0,2.0,1000,0.0,2.0,2.0,0,40.0,2.0,1,2.0,0,2017.0,52.0,1,38,999,1.0,0.0,0.0,0.0,0.0,5.0,200,1.0,1,2,0.0,1,2,3.0,4.0,1
0,354.0,54000.0,08,54000.0,54000.0,93,1.0,32,1.0,21.0,20,6.0,1.0,2,5,2.0,1,2.0,3.0,1000,0.0,3.0,3.0,0,40.0,2.0,1,2.0,0,1995.0,52.0,1,38,171,4.0,0.0,0.0,0.0,0.0,5.0,300,1.0,2,2,0.0,1,2,3.0,4.0,1
0,472.0,48500.0,91,38000.0,38000.0,61,1.0,939,1.0,16.0,30,6.0,1.0,2,5,2.0,1,2.0,3.0,1000,0.0,3.0,3.0,0,50.0,2.0,1,2.0,0,1995.0,52.0,1,38,999,1.0,10500.0,0.0,0.0,0.0,5.0,400,1.0,1,2,0.0,1,2,3.0,4.0,1
0,501.0,95000.0,91,95000.0,95000.0,44,1.0,939,1.0,16.0,20,1.0,1.0,2,1,2.0,1,2.0,3.0,1000,0.0,3.0,3.0,0,60.0,2.0,1,2.0,0,1986.0,52.0,1,38,999,1.0,0.0,0.0,0.0,0.0,5.0,400,1.0,1,2,0.0,1,2,3.0,3.0,1
0,501.0,50000.0,36,50000.0,50000.0,83,1.0,939,1.0,18.0,21,1.0,1.0,2,1,2.0,1,2.0,3.0,1000,0.0,3.0,3.0,0,45.0,2.0,1,2.0,0,1986.0,52.0,1,38,999,2.0,0.0,0.0,0.0,0.0,5.0,400,1.0,1,2,0.0,1,2,3.0,4.0,1
0,407.0,57100.0,03,0.0,0.0,86,6.0,50,2.0,21.0,20,3.0,2.0,1,2,2.0,1,2.0,2.0,1000,0.0,2.0,2.0,0,40.0,1.0,1,2.0,0,1991.0,52.0,1,30,142,6.0,0.0,19100.0,0.0,0.0,5.0,100,1.0,2,2,38000.0,1,1,3.0,4.0,1
0,413.0,115500.0,98,115000.0,115000.0,96,4.0,89,1.0,22.0,20,1.0,1.0,2,1,2.0,1,2.0,3.0,1000,0.0,3.0,3.0,0,40.0,2.0,1,2.0,0,2011.0,52.0,1,41,999,5.0,0.0,0.0,0.0,0.0,5.0,200,1.0,1,2,500.0,1,2,3.0,1.0,1
0,413.0,10000.0,32,10000.0,10000.0,81,6.0,32,1.0,21.0,21,1.0,2.0,2,1,2.0,1,2.0,2.0,1000,0.0,2.0,2.0,0,20.0,2.0,1,2.0,0,2011.0,26.0,1,53,999,1.0,0.0,0.0,0.0,0.0,5.0,200,1.0,1,2,0.0,1,2,3.0,4.0,1
0,116.0,28000.0,38,28000.0,28000.0,94,1.0,996,1.0,18.0,20,1.0,1.0,2,1,2.0,1,2.0,2.0,1000,0.0,2.0,2.0,0,48.0,2.0,1,2.0,0,2021.0,52.0,1,49,999,5.0,0.0,0.0,0.0,0.0,5.0,200,1.0,3,2,0.0,1,2,3.0,2.0,1
0,116.0,0.0,46,0.0,0.0,84,6.0,32,2.0,16.0,21,1.0,2.0,2,1,2.0,29,2.0,2.0,9000,0.0,2.0,2.0,0,40.0,2.0,9,2.0,0,2021.0,52.0,1,49,200,2.0,0.0,0.0,0.0,0.0,5.0,200,1.0,2,2,0.0,1,2,3.0,4.0,23
0,317.0,50000.0,91,50000.0,50000.0,07,1.0,50,1.0,17.0,20,6.0,1.0,2,5,2.0,1,2.0,3.0,1000,0.0,1.0,3.0,0,60.0,2.0,1,2.0,0,1995.0,52.0,1,38,82,1.0,0.0,0.0,0.0,0.0,1.0,200,1.0,2,2,0.0,1,2,1.0,4.0,1
0,0.0,0.0,93,0.0,0.0,87,3.0,902,2.0,16.0,34,6.0,2.0,2,5,2.0,35,2.0,1.0,9000,0.0,2.0,2.0,0,40.0,2.0,9,2.0,0,1995.0,52.0,0,38,750,1.0,0.0,0.0,0.0,0.0,1.0,200,1.0,2,2,0.0,1,2,3.0,4.0,1
0,501.0,52000.0,40,52000.0,52000.0,86,1.0,97,1.0,19.0,20,6.0,1.0,2,5,2.0,1,2.0,3.0,1000,0.0,3.0,3.0,0,45.0,2.0,1,2.0,0,1995.0,52.0,1,38,50,1.0,0.0,0.0,0.0,0.0,5.0,500,1.0,2,2,0.0,1,2,3.0,4.0,1
0,501.0,65000.0,35,65000.0,65000.0,82,1.0,97,1.0,21.0,28,6.0,1.0,2,5,2.0,1,2.0,3.0,1000,0.0,3.0,3.0,0,50.0,2.0,1,2.0,0,1995.0,52.0,1,38,50,1.0,0.0,0.0,0.0,0.0,5.0,500,1.0,2,2,0.0,1,2,3.0,4.0,1
0,395.0,20000.0,23,20000.0,20000.0,84,1.0,32,1.0,21.0,20,1.0,1.0,2,1,2.0,1,2.0,3.0,1000,0.0,3.0,3.0,0,35.0,2.0,1,2.0,0,2010.0,40.0,1,38,999,1.0,0.0,0.0,0.0,0.0,5.0,300,3.0,1,2,0.0,1,2,3.0,4.0,1
0,395.0,105000.0,32,105000.0,105000.0,81,1.0,32,1.0,21.0,21,1.0,1.0,2,1,2.0,1,2.0,3.0,1000,0.0,3.0,3.0,0,55.0,2.0,1,2.0,0,2010.0,48.0,1,38,999,1.0,0.0,0.0,0.0,0.0,5.0,300,3.0,1,2,0.0,1,2,3.0,4.0,1
0,395.0,20800.0,47,20800.0,20800.0,48,1.0,999,1.0,19.0,33,6.0,1.0,2,5,2.0,1,2.0,3.0,1000,0.0,3.0,3.0,0,40.0,2.0,1,2.0,0,1995.0,52.0,1,2,999,1.0,0.0,0.0,0.0,0.0,5.0,300,3.0,4,2,0.0,1,2,3.0,4.0,1
0,79.0,12500.0,42,12500.0,12500.0,77,1.0,999,1.0,16.0,36,6.0,1.0,2,5,2.0,1,2.0,3.0,1000,0.0,3.0,3.0,0,45.0,2.0,1,2.0,0,1995.0,52.0,1,38,999,1.0,0.0,0.0,0.0,0.0,5.0,300,3.0,4,2,0.0,1,2,3.0,4.0,1
0,194.0,30000.0,69,30000.0,30000.0,04,1.0,21,1.0,21.0,20,6.0,1.0,2,5,2.0,16,2.0,3.0,9000,0.0,3.0,3.0,0,45.0,2.0,9,2.0,0,1995.0,52.0,1,449,999,1.0,0.0,0.0,0.0,0.0,5.0,400,2.0,1,2,0.0,6,2,3.0,4.0,1
1,76.0,12000.0,42,0.0,0.0,69,6.0,32,3.0,18.0,20,4.0,2.0,1,3,1.0,1,2.0,2.0,1000,0.0,2.0,2.0,0,40.0,1.0,1,1.0,0,1990.0,52.0,1,38,26,1.0,12000.0,0.0,0.0,0.0,5.0,100,1.0,2,1,0.0,1,2,3.0,4.0,1
0,501.0,123930.0,74,123000.0,123000.0,05,1.0,50,1.0,20.0,20,1.0,1.0,2,1,2.0,1,2.0,3.0,1000,0.0,2.0,3.0,0,40.0,2.0,1,2.0,0,1992.0,52.0,1,38,82,1.0,0.0,0.0,0.0,0.0,5.0,200,1.0,2,2,930.0,1,2,3.0,4.0,1
0,501.0,58000.0,20,58000.0,58000.0,94,1.0,32,1.0,21.0,21,1.0,1.0,2,1,2.0,1,2.0,3.0,1000,0.0,3.0,3.0,0,40.0,2.0,1,2.0,0,1992.0,52.0,1,38,999,4.0,0.0,0.0,0.0,0.0,5.0,200,1.0,1,2,0.0,1,2,3.0,4.0,1
0,311.0,56200.0,46,56200.0,52000.0,84,1.0,996,1.0,19.0,20,1.0,1.0,2,1,2.0,1,2.0,3.0,1000,0.0,3.0,3.0,0,60.0,2.0,1,2.0,0,2005.0,52.0,1,30,999,6.0,0.0,0.0,0.0,0.0,5.0,100,1.0,3,2,0.0,1,2,3.0,4.0,1
0,311.0,35000.0,62,35000.0,35000.0,07,1.0,924,1.0,17.0,21,1.0,1.0,1,1,2.0,1,2.0,3.0,1000,0.0,3.0,3.0,0,40.0,2.0,1,2.0,0,2005.0,52.0,1,30,999,1.0,0.0,0.0,0.0,0.0,5.0,100,1.0,1,2,0.0,1,1,3.0,4.0,1
0,501.0,132000.0,94,130000.0,130000.0,60,1.0,995,1.0,18.0,20,4.0,1.0,2,3,2.0,1,2.0,3.0,1000,0.0,3.0,3.0,0,80.0,2.0,1,2.0,0,2017.0,52.0,1,30,999,1.0,0.0,0.0,2000.0,0.0,5.0,200,1.0,3,2,0.0,1,2,3.0,4.0,1
0,501.0,100000.0,68,100000.0,100000.0,04,1.0,995,1.0,16.0,22,6.0,1.0,2,5,2.0,1,2.0,3.0,1000,0.0,3.0,3.0,0,80.0,2.0,1,2.0,0,1995.0,52.0,1,38,999,1.0,0.0,0.0,0.0,0.0,5.0,200,1.0,3,2,0.0,1,2,3.0,4.0,1
1,90.0,14100.0,41,4500.0,4500.0,86,1.0,32,1.0,16.0,20,2.0,1.0,2,1,2.0,1,2.0,2.0,1000,0.0,2.0,2.0,0,4.0,2.0,1,2.0,0,1998.0,52.0,1,38,89,1.0,0.0,9600.0,0.0,0.0,5.0,500,1.0,2,2,0.0,1,2,2.0,4.0,1
0,501.0,86500.0,47,80000.0,80000.0,48,1.0,999,1.0,20.0,20,4.0,1.0,2,3,2.0,1,2.0,3.0,1000,0.0,3.0,3.0,0,45.0,2.0,1,2.0,0,2017.0,52.0,1,8,999,1.0,0.0,0.0,0.0,0.0,5.0,600,1.0,4,2,6500.0,1,2,3.0,2.0,1
0,454.0,97500.0,52,90000.0,90000.0,42,1.0,32,1.0,21.0,20,1.0,1.0,2,1,2.0,1,2.0,3.0,1000,0.0,3.0,3.0,0,40.0,2.0,1,2.0,0,2011.0,52.0,1,38,999,1.0,0.0,7500.0,0.0,0.0,5.0,400,1.0,1,2,0.0,1,2,3.0,4.0,1
0,454.0,61000.0,02,61000.0,46000.0,01,1.0,32,1.0,19.0,21,1.0,1.0,2,1,2.0,1,2.0,3.0,1000,0.0,3.0,3.0,0,40.0,2.0,1,2.0,0,2011.0,52.0,1,46,999,6.0,0.0,0.0,0.0,0.0,5.0,400,1.0,1,2,0.0,1,2,3.0,4.0,1
0,78.0,3200.0,42,0.0,0.0,69,6.0,999,3.0,21.0,21,1.0,2.0,2,1,2.0,1,2.0,2.0,1000,0.0,2.0,2.0,2,40.0,2.0,1,2.0,0,2002.0,52.0,1,38,999,1.0,0.0,3200.0,0.0,0.0,5.0,500,1.0,4,2,0.0,1,2,3.0,4.0,1
0,501.0,87000.0,10,87000.0,87000.0,78,1.0,94,1.0,20.0,20,6.0,1.0,1,5,2.0,1,2.0,3.0,1000,0.0,3.0,3.0,0,40.0,2.0,1,2.0,0,1995.0,52.0,1,38,22,4.0,0.0,0.0,0.0,0.0,5.0,600,1.0,2,1,0.0,1,2,3.0,4.0,1
0,142.0,10000.0,01,10000.0,10000.0,73,1.0,49,1.0,21.0,20,1.0,1.0,2,1,2.0,1,2.0,3.0,1000,0.0,3.0,3.0,0,50.0,2.0,1,2.0,0,1998.0,52.0,1,38,999,1.0,0.0,0.0,0.0,0.0,5.0,600,1.0,1,2,0.0,1,2,3.0,4.0,1
0,142.0,18300.0,71,18300.0,25000.0,07,1.0,82,1.0,19.0,21,1.0,1.0,2,1,2.0,1,2.0,3.0,1000,0.0,3.0,3.0,0,50.0,2.0,1,2.0,0,1998.0,52.0,1,27,999,1.0,0.0,0.0,0.0,0.0,5.0,600,1.0,1,2,0.0,1,2,3.0,4.0,1
1,77.0,12000.0,42,0.0,0.0,69,6.0,999,3.0,16.0,20,4.0,2.0,1,3,2.0,1,2.0,2.0,1000,12000.0,2.0,2.0,0,40.0,1.0,1,2.0,0,1991.0,52.0,1,38,999,1.0,0.0,0.0,0.0,0.0,5.0,400,3.0,4,2,0.0,1,2,3.0,4.0,1
0,342.0,600.0,04,400.0,0.0,39,2.0,22,1.0,21.0,20,1.0,1.0,2,1,2.0,1,2.0,3.0,1000,0.0,2.0,1.0,0,50.0,2.0,1,2.0,0,2005.0,52.0,1,26,999,6.0,0.0,0.0,0.0,0.0,5.0,600,3.0,1,2,200.0,1,2,3.0,4.0,1
0,342.0,80000.0,02,80000.0,80000.0,78,1.0,740,1.0,22.0,21,1.0,1.0,2,1,2.0,7,2.0,3.0,4002,0.0,3.0,3.0,0,70.0,2.0,6,2.0,0,2005.0,52.0,0,215,999,4.0,0.0,0.0,0.0,0.0,5.0,600,3.0,1,2,0.0,4,2,3.0,4.0,1
0,501.0,39460.0,24,38700.0,38700.0,78,1.0,171,1.0,22.0,20,1.0,1.0,2,1,2.0,1,2.0,3.0,1000,0.0,3.0,3.0,0,45.0,2.0,1,2.0,0,1991.0,52.0,1,34,32,4.0,0.0,0.0,0.0,0.0,5.0,500,1.0,2,2,760.0,1,2,3.0,4.0,1
0,501.0,16150.0,19,15800.0,15800.0,72,1.0,142,1.0,21.0,25,6.0,1.0,2,5,2.0,1,2.0,3.0,1000,0.0,3.0,3.0,0,45.0,2.0,1,2.0,0,1995.0,40.0,1,38,171,1.0,0.0,0.0,0.0,0.0,5.0,500,1.0,2,2,350.0,1,2,3.0,4.0,1
0,277.0,42800.0,81,42800.0,28800.0,88,1.0,999,1.0,19.0,20,6.0,1.0,2,5,2.0,1,2.0,3.0,1000,0.0,3.0,3.0,0,32.0,2.0,1,2.0,0,1995.0,52.0,1,38,999,6.0,0.0,0.0,0.0,0.0,5.0,500,1.0,4,2,0.0,1,2,3.0,4.0,1
0,236.0,43000.0,46,43000.0,0.0,84,1.0,999,1.0,16.0,20,1.0,1.0,2,1,2.0,1,2.0,3.0,1000,0.0,3.0,3.0,0,50.0,2.0,1,2.0,0,2008.0,52.0,1,38,999,6.0,0.0,0.0,0.0,0.0,5.0,600,1.0,4,2,0.0,1,2,3.0,4.0,1
0,236.0,45000.0,93,45000.0,45000.0,87,1.0,999,1.0,17.0,21,1.0,1.0,2,1,2.0,1,2.0,3.0,1000,0.0,3.0,3.0,0,50.0,2.0,1,2.0,0,2008.0,52.0,1,32,999,1.0,0.0,0.0,0.0,0.0,5.0,600,1.0,4,2,0.0,1,2,3.0,4.0,1
0,177.0,22000.0,78,22000.0,22000.0,86,1.0,999,1.0,16.0,20,1.0,1.0,2,1,2.0,1,2.0,3.0,1000,0.0,3.0,3.0,1,40.0,2.0,1,2.0,0,1988.0,52.0,1,37,999,1.0,0.0,0.0,0.0,0.0,5.0,200,1.0,4,2,0.0,1,2,3.0,4.0,1
0,177.0,13600.0,91,13600.0,13600.0,78,1.0,999,1.0,16.0,21,1.0,1.0,2,1,2.0,1,2.0,3.0,1000,0.0,3.0,3.0,1,20.0,2.0,1,2.0,0,1988.0,16.0,1,38,999,3.0,0.0,0.0,0.0,0.0,5.0,200,1.0,4,2,0.0,1,2,3.0,4.0,1
0,297.0,0.0,42,0.0,0.0,69,6.0,82,3.0,19.0,20,1.0,2.0,2,1,2.0,1,2.0,2.0,1000,0.0,2.0,2.0,0,40.0,2.0,1,2.0,0,2013.0,52.0,1,38,999,1.0,0.0,0.0,0.0,0.0,5.0,200,1.0,1,2,0.0,1,2,3.0,4.0,1
0,297.0,60000.0,96,60000.0,60000.0,60,1.0,32,1.0,19.0,21,1.0,1.0,2,1,2.0,1,2.0,3.0,1000,0.0,3.0,3.0,0,45.0,2.0,1,2.0,0,2013.0,52.0,1,39,50,1.0,0.0,0.0,0.0,0.0,5.0,200,1.0,2,2,0.0,1,2,3.0,2.0,1
0,325.0,48000.0,23,48000.0,48000.0,78,1.0,187,1.0,22.0,20,1.0,1.0,2,1,2.0,1,2.0,2.0,1000,0.0,2.0,2.0,0,40.0,2.0,1,2.0,0,2002.0,52.0,1,27,999,3.0,0.0,0.0,0.0,0.0,5.0,600,1.0,1,2,0.0,1,2,3.0,4.0,1
0,325.0,80000.0,47,80000.0,80000.0,48,1.0,187,1.0,21.0,21,1.0,1.0,2,1,2.0,1,2.0,3.0,1000,0.0,3.0,3.0,0,55.0,2.0,1,2.0,0,2002.0,52.0,1,38,999,1.0,0.0,0.0,0.0,0.0,5.0,600,1.0,1,2,0.0,1,2,3.0,4.0,1
0,0.0,0.0,60,0.0,0.0,01,3.0,996,2.0,18.0,20,2.0,2.0,2,1,2.0,1,2.0,1.0,1000,0.0,2.0,2.0,0,40.0,2.0,1,2.0,0,2005.0,52.0,1,21,999,8.0,0.0,0.0,0.0,0.0,1.0,100,1.0,3,2,0.0,1,2,3.0,4.0,1
1,0.0,0.0,42,0.0,0.0,76,6.0,82,2.0,12.0,20,4.0,2.0,1,3,2.0,1,2.0,2.0,1000,0.0,2.0,2.0,0,40.0,1.0,1,2.0,0,2015.0,52.0,1,38,32,1.0,0.0,0.0,0.0,0.0,5.0,200,1.0,2,2,0.0,1,2,3.0,4.0,1
0,463.0,44000.0,04,44000.0,44000.0,07,1.0,32,1.0,20.0,20,2.0,1.0,2,1,2.0,1,2.0,3.0,1000,0.0,3.0,3.0,0,40.0,2.0,1,2.0,0,1997.0,52.0,1,27,142,3.0,0.0,0.0,0.0,0.0,5.0,400,1.0,2,2,0.0,1,2,3.0,4.0,1
0,463.0,68000.0,77,68000.0,68000.0,30,1.0,32,1.0,19.0,25,6.0,1.0,2,5,2.0,1,2.0,3.0,1000,0.0,3.0,3.0,0,40.0,2.0,1,2.0,0,1995.0,52.0,1,38,98,1.0,0.0,0.0,0.0,0.0,5.0,400,1.0,2,2,0.0,1,2,3.0,4.0,1
0,101.0,20000.0,89,20000.0,20000.0,38,1.0,776,1.0,16.0,20,6.0,1.0,2,5,2.0,10,2.0,3.0,4013,0.0,3.0,3.0,0,40.0,2.0,6,2.0,0,1995.0,10.0,0,27,999,1.0,0.0,0.0,0.0,0.0,5.0,500,1.0,1,2,0.0,1,2,3.0,4.0,1
0,101.0,0.0,47,0.0,0.0,49,6.0,776,2.0,16.0,28,6.0,2.0,1,5,2.0,10,2.0,1.0,4013,0.0,2.0,2.0,0,40.0,1.0,6,2.0,0,1995.0,52.0,0,27,999,1.0,0.0,0.0,0.0,0.0,3.0,500,1.0,1,1,0.0,1,2,3.0,4.0,1
0,196.0,30000.0,41,30000.0,30000.0,86,1.0,26,1.0,19.0,20,6.0,1.0,2,5,2.0,1,2.0,3.0,1000,0.0,3.0,3.0,0,30.0,2.0,1,2.0,0,1995.0,45.0,1,48,32,1.0,0.0,0.0,0.0,0.0,5.0,600,3.0,2,2,0.0,1,2,3.0,4.0,1
1,116.0,18000.0,42,0.0,0.0,69,6.0,5,3.0,16.0,20,4.0,2.0,1,3,2.0,1,2.0,2.0,1000,17000.0,2.0,2.0,0,40.0,1.0,1,1.0,0,1983.0,52.0,1,56,82,1.0,0.0,0.0,1000.0,0.0,3.0,200,3.0,2,2,0.0,1,2,3.0,4.0,1
0,115.0,18000.0,42,0.0,0.0,69,6.0,32,3.0,21.0,20,6.0,2.0,2,5,2.0,1,2.0,2.0,1000,0.0,2.0,2.0,2,40.0,2.0,1,2.0,0,1995.0,52.0,1,38,999,1.0,0.0,0.0,0.0,0.0,2.0,400,3.0,1,2,18000.0,1,2,2.0,3.0,1
0,501.0,54000.0,52,54000.0,54000.0,68,1.0,82,1.0,18.0,20,1.0,1.0,2,1,2.0,1,2.0,3.0,1000,0.0,3.0,3.0,0,40.0,2.0,1,2.0,0,2006.0,52.0,1,38,999,1.0,0.0,0.0,0.0,0.0,5.0,200,1.0,1,2,0.0,1,2,3.0,4.0,1
0,501.0,100000.0,78,36000.0,36000.0,49,1.0,82,1.0,18.0,21,1.0,1.0,2,1,2.0,1,2.0,3.0,1000,0.0,3.0,3.0,0,32.0,2.0,1,2.0,0,2006.0,52.0,1,38,999,1.0,0.0,0.0,0.0,0.0,5.0,200,1.0,1,2,64000.0,1,2,3.0,4.0,1
0,379.0,400.0,32,400.0,400.0,81,1.0,21,1.0,21.0,20,1.0,1.0,2,1,2.0,1,2.0,3.0,1000,0.0,3.0,3.0,0,12.0,2.0,1,2.0,0,2010.0,1.0,1,46,999,1.0,0.0,0.0,0.0,0.0,5.0,100,1.0,1,2,0.0,1,2,3.0,4.0,1
0,379.0,150000.0,14,150000.0,150000.0,62,1.0,26,1.0,21.0,21,1.0,1.0,2,1,2.0,1,2.0,3.0,1000,0.0,3.0,3.0,0,40.0,2.0,1,2.0,0,2010.0,52.0,1,48,999,1.0,0.0,0.0,0.0,0.0,5.0,100,1.0,1,2,0.0,1,2,3.0,4.0,1
0,197.0,21000.0,02,21000.0,1000.0,01,1.0,999,1.0,21.0,20,1.0,1.0,2,1,2.0,1,2.0,3.0,1000,0.0,3.0,3.0,0,60.0,2.0,1,2.0,0,1997.0,52.0,1,38,999,6.0,0.0,0.0,0.0,0.0,5.0,400,1.0,4,2,0.0,1,2,3.0,4.0,1
0,197.0,26100.0,23,26100.0,26100.0,78,1.0,999,1.0,22.0,21,1.0,1.0,2,1,2.0,1,2.0,3.0,1000,0.0,3.0,3.0,0,65.0,2.0,1,2.0,0,1997.0,42.0,1,38,999,2.0,0.0,0.0,0.0,0.0,5.0,400,1.0,4,2,0.0,1,2,3.0,4.0,1
0,501.0,150000.0,05,150000.0,150000.0,69,1.0,122,1.0,21.0,20,1.0,1.0,2,1,2.0,1,2.0,3.0,1000,0.0,3.0,3.0,0,43.0,2.0,1,2.0,0,2000.0,52.0,1,38,999,2.0,0.0,0.0,0.0,0.0,5.0,600,1.0,1,2,0.0,1,2,3.0,4.0,1
0,307.0,48000.0,62,48000.0,48000.0,07,1.0,32,1.0,16.0,20,6.0,1.0,1,5,1.0,1,2.0,3.0,1000,0.0,3.0,3.0,0,50.0,2.0,1,2.0,0,1995.0,52.0,1,38,148,1.0,0.0,0.0,0.0,0.0,5.0,600,1.0,2,1,0.0,1,2,3.0,4.0,1
0,172.0,27000.0,41,27000.0,27000.0,86,3.0,32,1.0,16.0,34,6.0,2.0,2,5,2.0,1,2.0,1.0,1000,0.0,2.0,2.0,0,32.0,2.0,1,2.0,0,1995.0,48.0,1,27,50,1.0,0.0,0.0,0.0,0.0,2.0,600,1.0,2,2,0.0,1,2,3.0,4.0,1
0,0.0,0.0,42,0.0,0.0,69,6.0,50,3.0,21.0,20,1.0,2.0,2,1,2.0,1,2.0,2.0,1000,0.0,2.0,2.0,2,40.0,2.0,1,2.0,0,1987.0,52.0,1,41,999,1.0,0.0,0.0,0.0,0.0,5.0,500,1.0,1,2,0.0,1,2,3.0,4.0,1
0,0.0,0.0,42,0.0,0.0,69,6.0,32,3.0,20.0,21,1.0,2.0,2,1,2.0,1,2.0,2.0,1000,0.0,2.0,2.0,2,40.0,2.0,1,2.0,0,1987.0,52.0,1,53,999,1.0,0.0,0.0,0.0,0.0,5.0,500,1.0,1,2,0.0,1,2,3.0,3.0,1
1,157.0,19500.0,40,12500.0,12500.0,90,1.0,51,1.0,15.0,20,1.0,1.0,2,1,2.0,1,2.0,3.0,1000,0.0,3.0,3.0,0,16.0,2.0,1,2.0,0,1982.0,12.0,1,42,88,1.0,7000.0,0.0,0.0,0.0,5.0,500,1.0,2,2,0.0,1,2,3.0,4.0,1
0,157.0,12100.0,40,12100.0,12000.0,78,3.0,51,1.0,18.0,21,1.0,2.0,1,1,2.0,1,2.0,1.0,1000,0.0,2.0,2.0,0,35.0,1.0,1,2.0,0,1982.0,40.0,1,42,32,3.0,0.0,0.0,0.0,0.0,1.0,500,1.0,2,2,0.0,1,1,3.0,4.0,1
0,501.0,128000.0,87,128000.0,128000.0,04,1.0,999,1.0,20.0,20,4.0,1.0,2,3,2.0,1,2.0,3.0,1000,0.0,3.0,3.0,0,40.0,2.0,1,2.0,0,2014.0,52.0,1,47,999,1.0,0.0,0.0,0.0,0.0,5.0,200,1.0,4,2,0.0,1,2,3.0,4.0,1
0,232.0,16800.0,35,0.0,0.0,80,6.0,112,2.0,20.0,21,1.0,2.0,1,1,1.0,1,2.0,2.0,1000,0.0,2.0,2.0,0,40.0,2.0,1,2.0,0,1980.0,52.0,1,19,999,1.0,16800.0,0.0,0.0,0.0,5.0,600,1.0,1,2,0.0,1,2,3.0,4.0,1
0,232.0,5000.0,96,5000.0,5000.0,50,1.0,112,1.0,16.0,25,4.0,1.0,2,3,2.0,1,2.0,3.0,1000,0.0,3.0,3.0,0,50.0,2.0,1,2.0,0,2004.0,52.0,1,38,32,1.0,0.0,0.0,0.0,0.0,5.0,600,1.0,2,2,0.0,1,2,3.0,4.0,1
0,501.0,70000.0,57,70000.0,70000.0,48,1.0,89,1.0,18.0,20,4.0,1.0,2,3,2.0,16,2.0,3.0,9000,0.0,3.0,3.0,0,55.0,2.0,9,2.0,0,1999.0,52.0,1,27,154,1.0,0.0,0.0,0.0,0.0,5.0,600,1.0,2,2,0.0,1,2,3.0,4.0,1
0,501.0,100000.0,32,100000.0,100000.0,81,1.0,89,1.0,21.0,28,5.0,1.0,2,4,2.0,1,2.0,3.0,1000,0.0,3.0,3.0,0,40.0,2.0,1,2.0,0,2008.0,52.0,1,27,154,5.0,0.0,0.0,0.0,0.0,5.0,600,3.0,2,2,0.0,1,2,3.0,4.0,1
0,159.0,25000.0,36,25000.0,25000.0,82,1.0,902,1.0,19.0,20,6.0,1.0,2,5,2.0,2,2.0,3.0,3000,0.0,3.0,3.0,0,25.0,2.0,2,2.0,0,1995.0,52.0,0,6,999,1.0,0.0,0.0,0.0,0.0,5.0,600,3.0,1,2,0.0,1,2,3.0,4.0,1
0,191.0,30000.0,91,30000.0,30000.0,42,1.0,194,1.0,19.0,22,6.0,1.0,2,5,2.0,1,2.0,3.0,1000,0.0,3.0,3.0,0,45.0,2.0,1,2.0,0,1995.0,52.0,1,27,195,1.0,0.0,0.0,0.0,0.0,5.0,600,3.0,2,2,0.0,1,2,3.0,4.0,1
0,256.0,29000.0,47,29000.0,29000.0,53,2.0,999,1.0,16.0,20,1.0,1.0,2,1,2.0,1,2.0,2.0,1000,0.0,2.0,1.0,0,40.0,2.0,1,2.0,0,2022.0,52.0,1,38,999,1.0,0.0,0.0,0.0,0.0,5.0,100,1.0,4,2,0.0,1,2,1.0,4.0,1
0,256.0,50000.0,91,50000.0,50000.0,61,1.0,999,1.0,16.0,21,1.0,1.0,2,1,2.0,1,2.0,2.0,1000,0.0,2.0,2.0,2,40.0,2.0,1,2.0,0,2022.0,52.0,1,38,999,7.0,0.0,0.0,0.0,0.0,5.0,100,1.0,4,2,0.0,1,2,3.0,4.0,1
0,320.0,50000.0,89,50000.0,50000.0,04,1.0,939,1.0,14.0,20,1.0,1.0,2,1,2.0,1,2.0,3.0,1000,0.0,3.0,3.0,0,12.0,2.0,1,2.0,0,2023.0,45.0,1,6,999,1.0,0.0,0.0,0.0,0.0,5.0,100,3.0,1,2,0.0,1,2,3.0,4.0,2
0,320.0,4000.0,58,4000.0,4000.0,78,6.0,924,1.0,18.0,21,1.0,2.0,2,1,2.0,1,2.0,2.0,1000,0.0,2.0,2.0,0,4.0,2.0,1,2.0,0,2023.0,25.0,1,6,999,1.0,0.0,0.0,0.0,0.0,5.0,100,3.0,1,2,0.0,1,2,3.0,4.0,1
0,320.0,20000.0,89,20000.0,20000.0,04,1.0,939,1.0,15.0,28,6.0,1.0,2,5,2.0,1,2.0,3.0,1000,0.0,3.0,3.0,0,40.0,2.0,1,2.0,0,1995.0,10.0,1,6,999,1.0,0.0,0.0,0.0,0.0,5.0,100,3.0,1,2,0.0,1,2,3.0,4.0,2
0,411.0,19000.0,81,19000.0,19000.0,88,1.0,20,1.0,17.0,20,1.0,1.0,2,1,2.0,1,2.0,3.0,1000,0.0,3.0,3.0,1,20.0,2.0,1,2.0,0,2009.0,49.0,1,56,22,1.0,0.0,0.0,0.0,0.0,5.0,200,1.0,2,2,0.0,1,2,3.0,4.0,1
0,411.0,78000.0,81,45000.0,45000.0,88,1.0,26,1.0,16.0,21,1.0,1.0,2,1,2.0,1,2.0,3.0,1000,0.0,3.0,3.0,1,40.0,2.0,1,2.0,0,2009.0,52.0,1,56,22,7.0,0.0,0.0,0.0,0.0,5.0,200,1.0,2,2,33000.0,1,2,3.0,4.0,1
1,501.0,19000.0,42,0.0,0.0,69,6.0,142,3.0,21.0,25,6.0,2.0,2,5,2.0,1,2.0,2.0,1000,0.0,2.0,2.0,0,40.0,2.0,1,2.0,0,1995.0,52.0,1,38,88,1.0,19000.0,0.0,0.0,0.0,3.0,500,1.0,2,2,0.0,1,2,2.0,4.0,1
0,501.0,115000.0,42,115000.0,115000.0,22,1.0,999,1.0,21.0,20,1.0,1.0,2,1,2.0,1,2.0,3.0,1000,0.0,3.0,3.0,0,40.0,2.0,1,2.0,0,2023.0,52.0,1,38,999,1.0,0.0,0.0,0.0,0.0,5.0,500,1.0,4,2,0.0,1,2,3.0,3.0,1
0,501.0,30000.0,35,30000.0,30000.0,80,1.0,999,1.0,20.0,21,1.0,1.0,2,1,2.0,1,2.0,3.0,1000,0.0,3.0,3.0,0,40.0,2.0,1,2.0,0,2023.0,52.0,1,27,999,1.0,0.0,0.0,0.0,0.0,5.0,500,1.0,4,2,0.0,1,2,3.0,4.0,1
0,179.0,28000.0,36,28000.0,28000.0,82,1.0,901,1.0,22.0,20,6.0,1.0,1,5,1.0,60,1.0,3.0,9000,0.0,3.0,3.0,0,40.0,2.0,9,2.0,1,1995.0,52.0,1,21,98,1.0,0.0,0.0,0.0,0.0,5.0,600,1.0,2,2,0.0,1,2,3.0,4.0,1
0,192.0,26000.0,47,26000.0,26000.0,69,1.0,82,1.0,21.0,20,6.0,1.0,2,5,2.0,1,2.0,3.0,1000,0.0,3.0,3.0,0,40.0,2.0,1,2.0,0,1995.0,52.0,1,38,50,1.0,0.0,0.0,0.0,0.0,5.0,500,3.0,2,2,0.0,1,2,3.0,4.0,1
0,192.0,12000.0,52,12000.0,12000.0,48,1.0,82,1.0,19.0,28,6.0,1.0,2,5,2.0,1,2.0,3.0,1000,0.0,3.0,3.0,0,20.0,2.0,1,2.0,0,1995.0,20.0,1,38,999,1.0,0.0,0.0,0.0,0.0,5.0,500,3.0,1,2,0.0,1,2,3.0,4.0,1
0,49.0,7600.0,25,7600.0,7600.0,78,1.0,935,1.0,16.0,34,6.0,1.0,2,5,2.0,1,2.0,3.0,1000,0.0,3.0,3.0,0,40.0,2.0,1,2.0,0,1995.0,36.0,1,38,999,3.0,0.0,0.0,0.0,0.0,5.0,500,3.0,1,2,0.0,1,2,3.0,4.0,1
0,410.0,75000.0,77,75000.0,75000.0,23,1.0,32,1.0,21.0,20,1.0,1.0,2,1,2.0,1,2.0,3.0,1000,0.0,3.0,3.0,0,50.0,2.0,1,2.0,0,2020.0,52.0,1,38,50,1.0,0.0,0.0,0.0,0.0,5.0,500,1.0,2,2,0.0,1,2,3.0,4.0,1
0,410.0,48000.0,23,48000.0,48000.0,78,1.0,32,1.0,22.0,21,1.0,1.0,2,1,2.0,1,2.0,3.0,1000,0.0,3.0,3.0,0,50.0,2.0,1,2.0,0,2020.0,52.0,1,38,999,3.0,0.0,0.0,0.0,0.0,5.0,500,1.0,1,2,0.0,1,2,3.0,4.0,1
0,501.0,180000.0,63,180000.0,100000.0,69,1.0,32,1.0,20.0,20,1.0,1.0,2,1,2.0,1,2.0,2.0,1000,0.0,2.0,2.0,2,40.0,2.0,1,2.0,0,2012.0,52.0,1,27,50,7.0,0.0,0.0,0.0,0.0,5.0,400,1.0,2,2,0.0,1,2,3.0,4.0,1
0,501.0,30000.0,32,30000.0,30000.0,80,1.0,32,1.0,20.0,21,1.0,1.0,2,1,2.0,1,2.0,2.0,1000,0.0,2.0,2.0,2,38.0,2.0,1,2.0,0,2012.0,52.0,1,27,50,2.0,0.0,0.0,0.0,0.0,5.0,400,1.0,2,2,0.0,1,2,3.0,4.0,1
0,176.0,36000.0,40,30500.0,30500.0,86,1.0,142,1.0,16.0,20,4.0,1.0,1,3,2.0,1,1.0,1.0,1000,0.0,2.0,2.0,0,40.0,2.0,1,2.0,0,2016.0,48.0,1,38,999,1.0,0.0,0.0,5500.0,0.0,1.0,400,1.0,1,2,0.0,1,2,2.0,4.0,1
0,186.0,28800.0,96,28800.0,28800.0,46,1.0,999,1.0,11.0,22,6.0,1.0,2,5,2.0,1,2.0,2.0,1000,0.0,2.0,2.0,0,40.0,2.0,1,2.0,0,1995.0,52.0,1,29,999,1.0,0.0,0.0,0.0,0.0,5.0,400,1.0,4,2,0.0,1,2,2.0,4.0,1
0,390.0,76000.0,42,0.0,0.0,69,6.0,32,3.0,18.0,20,1.0,2.0,2,1,2.0,1,2.0,2.0,1000,0.0,2.0,2.0,1,40.0,2.0,1,2.0,0,2003.0,52.0,1,6,148,1.0,0.0,0.0,76000.0,0.0,5.0,100,1.0,2,2,0.0,1,2,3.0,4.0,1
0,390.0,2300.0,42,0.0,0.0,69,6.0,32,3.0,19.0,21,1.0,2.0,2,1,2.0,1,2.0,2.0,1000,0.0,2.0,2.0,1,40.0,2.0,1,2.0,0,2003.0,52.0,1,38,148,1.0,0.0,2300.0,0.0,0.0,5.0,100,1.0,2,2,0.0,1,2,3.0,4.0,1
0,152.0,20000.0,22,20000.0,20000.0,78,1.0,603,1.0,21.0,20,1.0,1.0,2,1,2.0,10,2.0,3.0,4016,0.0,3.0,3.0,1,20.0,2.0,6,2.0,0,2021.0,52.0,0,202,999,4.0,0.0,0.0,0.0,0.0,5.0,500,2.0,1,2,0.0,4,2,3.0,4.0,1
0,152.0,10500.0,25,10500.0,10500.0,78,1.0,603,1.0,21.0,21,1.0,1.0,2,1,2.0,10,2.0,3.0,4016,0.0,3.0,3.0,1,20.0,2.0,6,2.0,0,2021.0,52.0,0,202,999,4.0,0.0,0.0,0.0,0.0,5.0,500,2.0,1,2,0.0,4,2,3.0,4.0,1
0,160.0,24490.0,22,24000.0,24000.0,78,1.0,82,1.0,21.0,20,6.0,1.0,2,5,2.0,1,2.0,2.0,1000,0.0,2.0,2.0,2,50.0,2.0,1,2.0,0,1995.0,52.0,1,27,999,4.0,0.0,0.0,490.0,0.0,5.0,600,1.0,1,2,0.0,1,2,3.0,4.0,1
0,501.0,124000.0,02,124000.0,0.0,01,1.0,82,1.0,16.0,20,1.0,1.0,2,1,2.0,1,2.0,2.0,1000,0.0,2.0,2.0,2,45.0,2.0,1,2.0,0,1990.0,52.0,1,38,999,6.0,0.0,0.0,0.0,0.0,5.0,500,1.0,1,2,0.0,1,2,3.0,4.0,1
0,501.0,36000.0,57,36000.0,36000.0,78,1.0,98,1.0,18.0,21,1.0,1.0,2,1,2.0,1,2.0,3.0,1000,0.0,3.0,3.0,0,40.0,2.0,1,2.0,0,1990.0,52.0,1,38,999,4.0,0.0,0.0,0.0,0.0,5.0,500,1.0,1,2,0.0,1,2,3.0,4.0,1
0,501.0,96000.0,20,56000.0,56000.0,78,1.0,82,1.0,22.0,20,1.0,1.0,2,1,2.0,1,2.0,3.0,1000,0.0,3.0,3.0,0,40.0,2.0,1,2.0,0,2013.0,52.0,1,38,50,3.0,0.0,0.0,40000.0,0.0,5.0,500,1.0,2,2,0.0,1,2,3.0,2.0,1
0,501.0,110000.0,32,110000.0,110000.0,95,1.0,82,1.0,23.0,21,1.0,1.0,2,1,2.0,1,2.0,3.0,1000,0.0,3.0,3.0,0,45.0,2.0,1,2.0,0,2013.0,52.0,1,38,88,5.0,0.0,0.0,0.0,0.0,5.0,500,1.0,2,2,0.0,1,2,3.0,4.0,1
0,38.0,5600.0,41,2000.0,2000.0,86,1.0,32,1.0,16.0,20,4.0,1.0,2,3,2.0,1,2.0,3.0,1000,0.0,3.0,3.0,0,12.0,2.0,1,2.0,0,2005.0,52.0,1,38,999,1.0,3600.0,0.0,0.0,0.0,5.0,400,1.0,1,2,0.0,1,2,3.0,4.0,1
0,355.0,55600.0,08,48000.0,48000.0,93,1.0,82,1.0,21.0,20,4.0,1.0,2,3,2.0,1,2.0,3.0,1000,0.0,3.0,3.0,0,45.0,2.0,1,2.0,0,1984.0,52.0,1,38,89,3.0,0.0,0.0,7600.0,0.0,5.0,500,1.0,2,2,0.0,1,2,3.0,4.0,1
0,239.0,20000.0,20,20000.0,20000.0,91,6.0,32,1.0,22.0,20,1.0,2.0,1,1,2.0,1,2.0,2.0,1000,0.0,2.0,2.0,0,40.0,1.0,1,2.0,0,2004.0,26.0,1,38,999,2.0,0.0,0.0,0.0,0.0,5.0,400,3.0,1,2,0.0,1,2,3.0,4.0,1
0,239.0,68700.0,72,64000.0,64000.0,61,1.0,32,1.0,18.0,21,1.0,1.0,1,1,2.0,1,2.0,3.0,1000,0.0,3.0,3.0,0,40.0,1.0,1,2.0,0,2004.0,52.0,1,55,999,1.0,0.0,3500.0,1200.0,0.0,5.0,400,1.0,1,2,0.0,1,1,3.0,2.0,1
0,239.0,0.0,42,0.0,0.0,69,6.0,32,3.0,14.0,25,6.0,2.0,2,5,2.0,1,2.0,2.0,1000,0.0,2.0,2.0,0,40.0,2.0,1,2.0,0,1995.0,52.0,1,38,999,1.0,0.0,0.0,0.0,0.0,5.0,400,1.0,1,2,0.0,1,2,3.0,4.0,1
0,234.0,35000.0,34,35000.0,35000.0,50,1.0,82,1.0,20.0,20,1.0,1.0,2,1,2.0,1,2.0,3.0,1000,0.0,3.0,3.0,2,34.0,2.0,1,2.0,0,2011.0,52.0,1,38,999,1.0,0.0,0.0,0.0,0.0,5.0,400,1.0,1,2,0.0,1,2,3.0,4.0,1
0,234.0,50000.0,02,50000.0,0.0,01,1.0,82,1.0,15.0,21,1.0,1.0,2,1,2.0,1,2.0,3.0,1000,0.0,3.0,3.0,2,45.0,2.0,1,2.0,0,2011.0,52.0,1,38,999,6.0,0.0,0.0,0.0,0.0,5.0,400,1.0,1,2,0.0,1,2,3.0,4.0,1
0,501.0,150500.0,00,117000.0,117000.0,50,1.0,931,1.0,13.0,20,6.0,1.0,2,5,2.0,1,2.0,3.0,1000,0.0,3.0,3.0,0,40.0,2.0,1,2.0,0,1995.0,52.0,1,38,999,1.0,0.0,32500.0,0.0,0.0,5.0,100,1.0,1,2,1000.0,1,2,3.0,4.0,1
1,384.0,60000.0,91,60000.0,60000.0,86,1.0,939,1.0,18.0,22,4.0,1.0,2,3,2.0,1,2.0,3.0,1000,0.0,3.0,3.0,0,40.0,2.0,1,2.0,0,2007.0,52.0,1,38,999,1.0,0.0,0.0,0.0,0.0,5.0,100,1.0,1,2,0.0,1,2,3.0,4.0,1
0,501.0,132000.0,10,130000.0,130000.0,73,1.0,999,1.0,21.0,20,1.0,1.0,2,1,2.0,1,2.0,3.0,1000,0.0,3.0,3.0,0,40.0,2.0,1,2.0,0,2011.0,52.0,1,38,999,1.0,0.0,0.0,0.0,0.0,5.0,300,1.0,4,2,2000.0,1,2,3.0,4.0,1
0,501.0,60000.0,17,60000.0,60000.0,94,1.0,999,1.0,21.0,21,1.0,1.0,2,1,2.0,1,2.0,3.0,1000,0.0,3.0,3.0,0,40.0,2.0,1,2.0,0,2011.0,52.0,1,38,999,4.0,0.0,0.0,0.0,0.0,5.0,300,1.0,4,2,0.0,1,2,3.0,4.0,1
0,501.0,86000.0,13,86000.0,86000.0,72,1.0,32,1.0,22.0,20,6.0,1.0,1,5,2.0,1,2.0,3.0,1000,0.0,3.0,3.0,0,45.0,2.0,1,2.0,0,1995.0,52.0,1,38,50,1.0,0.0,0.0,0.0,0.0,5.0,600,1.0,2,2,0.0,1,1,3.0,4.0,1
0,221.0,34000.0,30,34000.0,34000.0,79,1.0,999,1.0,23.0,20,6.0,1.0,2,5,2.0,1,2.0,2.0,1000,0.0,2.0,2.0,0,40.0,2.0,1,2.0,0,1995.0,52.0,1,27,999,2.0,0.0,0.0,0.0,0.0,5.0,600,1.0,4,2,0.0,1,2,3.0,4.0,1
0,501.0,180000.0,14,180000.0,180000.0,30,1.0,999,1.0,21.0,20,1.0,1.0,2,1,2.0,1,2.0,3.0,1000,0.0,3.0,3.0,0,40.0,2.0,1,2.0,0,2000.0,52.0,1,38,999,1.0,0.0,0.0,0.0,0.0,5.0,600,1.0,4,2,0.0,1,2,3.0,4.0,1
0,501.0,90000.0,08,90000.0,90000.0,68,1.0,999,1.0,21.0,21,1.0,1.0,2,1,2.0,1,2.0,3.0,1000,0.0,3.0,3.0,0,40.0,2.0,1,2.0,0,2000.0,52.0,1,38,999,1.0,0.0,0.0,0.0,0.0,5.0,600,1.0,4,2,0.0,1,2,3.0,4.0,1
0,244.0,25000.0,25,25000.0,25000.0,78,1.0,924,1.0,16.0,20,1.0,1.0,2,1,2.0,1,2.0,3.0,1000,0.0,3.0,3.0,0,32.0,2.0,1,2.0,0,2011.0,52.0,1,38,32,3.0,0.0,0.0,0.0,0.0,5.0,500,1.0,2,2,0.0,1,2,3.0,4.0,1
0,244.0,50000.0,72,50000.0,50000.0,46,1.0,924,1.0,16.0,21,1.0,1.0,2,1,2.0,1,2.0,3.0,1000,0.0,3.0,3.0,0,60.0,2.0,1,2.0,0,2011.0,52.0,1,38,999,1.0,0.0,0.0,0.0,0.0,5.0,500,1.0,1,2,0.0,1,2,3.0,4.0,1
0,501.0,50000.0,23,50000.0,50000.0,78,1.0,195,1.0,22.0,20,1.0,1.0,2,1,2.0,1,2.0,3.0,1000,0.0,3.0,3.0,0,50.0,2.0,1,2.0,0,2003.0,42.0,1,38,999,2.0,0.0,0.0,0.0,0.0,5.0,600,1.0,1,2,0.0,1,2,3.0,4.0,1
0,501.0,115000.0,10,115000.0,115000.0,48,1.0,98,1.0,19.0,21,1.0,1.0,2,1,2.0,1,2.0,3.0,1000,0.0,3.0,3.0,0,40.0,2.0,1,2.0,0,2003.0,52.0,1,27,999,1.0,0.0,0.0,0.0,0.0,5.0,600,1.0,1,2,0.0,1,2,3.0,4.0,1
0,501.0,150000.0,07,150000.0,150000.0,73,1.0,50,1.0,19.0,20,1.0,1.0,2,1,2.0,1,2.0,3.0,1000,0.0,3.0,3.0,0,50.0,2.0,1,2.0,0,1988.0,52.0,1,38,89,7.0,0.0,0.0,0.0,0.0,5.0,300,1.0,2,2,0.0,1,2,3.0,4.0,1
0,501.0,60000.0,40,60000.0,60000.0,73,1.0,50,1.0,16.0,21,1.0,1.0,2,1,2.0,1,2.0,3.0,1000,0.0,3.0,3.0,0,50.0,2.0,1,2.0,0,1988.0,52.0,1,21,999,1.0,0.0,0.0,0.0,0.0,5.0,300,1.0,1,2,0.0,1,2,3.0,4.0,1
0,431.0,38000.0,36,38000.0,38000.0,79,1.0,122,1.0,20.0,20,1.0,1.0,2,1,2.0,1,2.0,3.0,1000,0.0,3.0,3.0,1,48.0,2.0,1,2.0,0,1994.0,52.0,1,38,999,1.0,0.0,0.0,0.0,0.0,5.0,600,1.0,1,2,0.0,1,2,3.0,4.0,1
0,431.0,48000.0,40,48000.0,48000.0,78,1.0,999,1.0,20.0,21,1.0,1.0,2,1,2.0,1,2.0,3.0,1000,0.0,3.0,3.0,1,40.0,2.0,1,2.0,0,1994.0,52.0,1,38,999,4.0,0.0,0.0,0.0,0.0,5.0,600,1.0,4,2,0.0,1,2,3.0,4.0,1
0,501.0,40500.0,42,0.0,0.0,69,6.0,924,3.0,18.0,21,1.0,1.0,2,1,2.0,29,2.0,2.0,9000,0.0,2.0,2.0,2,40.0,2.0,9,2.0,0,1983.0,52.0,1,38,999,1.0,0.0,0.0,40000.0,0.0,3.0,400,1.0,1,2,500.0,1,2,2.0,4.0,1
0,501.0,160000.0,00,0.0,0.0,52,6.0,32,2.0,21.0,20,1.0,2.0,2,1,2.0,1,2.0,2.0,1000,0.0,2.0,2.0,0,40.0,2.0,1,2.0,0,1993.0,52.0,1,38,999,1.0,0.0,160000.0,0.0,0.0,5.0,600,1.0,1,2,0.0,1,2,3.0,3.0,1
0,501.0,0.0,42,0.0,0.0,69,6.0,32,3.0,21.0,21,1.0,2.0,2,1,2.0,1,2.0,2.0,1000,0.0,2.0,2.0,0,40.0,2.0,1,2.0,0,1993.0,52.0,1,38,999,1.0,0.0,0.0,0.0,0.0,5.0,600,1.0,1,2,0.0,1,2,3.0,4.0,1
0,501.0,38400.0,47,38400.0,38400.0,52,1.0,32,1.0,21.0,25,6.0,1.0,2,5,2.0,1,2.0,3.0,1000,0.0,3.0,3.0,0,45.0,2.0,1,2.0,0,1995.0,52.0,1,38,999,1.0,0.0,0.0,0.0,0.0,5.0,600,1.0,1,2,0.0,1,2,3.0,4.0,1
0,60.0,0.0,42,0.0,0.0,69,6.0,32,3.0,1.0,25,6.0,2.0,2,5,2.0,1,2.0,2.0,1000,0.0,2.0,2.0,0,40.0,2.0,1,2.0,0,1995.0,52.0,1,47,21,1.0,0.0,0.0,0.0,0.0,5.0,400,1.0,2,2,0.0,1,2,3.0,4.0,1
0,395.0,80000.0,68,80000.0,80000.0,04,1.0,291,1.0,15.0,20,1.0,1.0,2,1,2.0,15,2.0,3.0,8000,0.0,3.0,3.0,0,40.0,2.0,8,2.0,0,2002.0,52.0,0,23,999,1.0,0.0,0.0,0.0,0.0,5.0,200,2.0,1,2,0.0,1,2,3.0,4.0,2
0,395.0,0.0,42,0.0,0.0,69,6.0,252,3.0,19.0,21,1.0,2.0,2,1,2.0,15,2.0,2.0,8000,0.0,2.0,2.0,2,40.0,2.0,8,2.0,0,2002.0,52.0,0,23,999,1.0,0.0,0.0,0.0,0.0,5.0,200,2.0,1,2,0.0,1,2,3.0,4.0,2
0,359.0,56300.0,48,56300.0,33600.0,76,1.0,49,1.0,21.0,20,6.0,1.0,2,5,2.0,1,2.0,3.0,1000,0.0,3.0,3.0,0,40.0,2.0,1,2.0,0,1995.0,52.0,1,38,32,1.0,0.0,0.0,0.0,0.0,5.0,600,1.0,2,2,0.0,1,2,3.0,4.0,1
0,501.0,70000.0,16,70000.0,70000.0,95,1.0,32,1.0,21.0,25,6.0,1.0,2,5,2.0,1,2.0,3.0,1000,0.0,3.0,3.0,0,40.0,2.0,1,2.0,0,1995.0,52.0,1,38,148,5.0,0.0,0.0,0.0,0.0,5.0,300,1.0,2,2,0.0,1,2,3.0,4.0,1
0,345.0,54000.0,23,54000.0,54000.0,78,1.0,720,1.0,22.0,20,6.0,1.0,2,5,2.0,6,2.0,2.0,4008,0.0,2.0,2.0,0,35.0,2.0,6,2.0,0,1995.0,52.0,0,233,999,3.0,0.0,0.0,0.0,0.0,5.0,600,3.0,1,2,0.0,4,2,3.0,4.0,1
0,497.0,68000.0,22,68000.0,68000.0,78,1.0,50,1.0,22.0,20,1.0,1.0,2,1,2.0,1,2.0,3.0,1000,0.0,3.0,3.0,0,50.0,2.0,1,2.0,0,1990.0,52.0,1,31,999,4.0,0.0,0.0,0.0,0.0,5.0,500,1.0,1,2,0.0,1,2,3.0,4.0,1
0,497.0,32000.0,57,32000.0,32000.0,78,1.0,22,1.0,20.0,21,1.0,1.0,2,1,2.0,1,2.0,3.0,1000,0.0,3.0,3.0,0,40.0,2.0,1,2.0,0,1990.0,52.0,1,30,999,4.0,0.0,0.0,0.0,0.0,5.0,500,1.0,1,2,0.0,1,2,3.0,4.0,1
0,282.0,65000.0,32,65000.0,65000.0,81,1.0,999,1.0,22.0,20,1.0,1.0,2,1,2.0,15,2.0,3.0,8000,0.0,3.0,3.0,0,40.0,2.0,8,2.0,0,2014.0,52.0,0,38,999,1.0,0.0,0.0,0.0,0.0,5.0,100,1.0,4,2,0.0,1,2,3.0,4.0,1
0,282.0,20000.0,47,20000.0,20000.0,85,1.0,999,1.0,21.0,21,1.0,1.0,2,1,2.0,15,2.0,3.0,8000,0.0,3.0,3.0,0,40.0,2.0,8,2.0,0,2014.0,52.0,0,30,999,1.0,0.0,0.0,0.0,0.0,5.0,100,1.0,4,2,0.0,1,2,3.0,4.0,1
0,180.0,28200.0,03,28200.0,28200.0,86,1.0,82,1.0,19.0,20,6.0,1.0,2,5,2.0,1,2.0,3.0,1000,0.0,3.0,3.0,0,33.0,2.0,1,2.0,0,1995.0,52.0,1,38,995,1.0,0.0,0.0,0.0,0.0,5.0,200,1.0,1,2,0.0,1,2,3.0,4.0,1
0,223.0,35000.0,71,35000.0,35000.0,96,4.0,924,1.0,16.0,22,6.0,1.0,2,5,2.0,1,2.0,3.0,1000,0.0,3.0,3.0,0,45.0,2.0,1,2.0,0,1995.0,52.0,1,42,999,5.0,0.0,0.0,0.0,0.0,5.0,200,1.0,1,2,0.0,1,2,3.0,1.0,1
0,501.0,62000.0,49,62000.0,62000.0,82,1.0,50,1.0,21.0,21,1.0,1.0,2,1,2.0,1,2.0,3.0,1000,0.0,3.0,3.0,0,40.0,2.0,1,2.0,0,1999.0,52.0,1,39,999,1.0,0.0,0.0,0.0,0.0,5.0,200,1.0,1,2,0.0,1,2,3.0,4.0,1
0,447.0,42000.0,20,42000.0,42000.0,83,1.0,142,1.0,19.0,20,1.0,1.0,2,1,2.0,1,2.0,3.0,1000,0.0,3.0,3.0,0,40.0,2.0,1,2.0,0,2010.0,52.0,1,38,999,4.0,0.0,0.0,0.0,0.0,5.0,500,1.0,1,2,0.0,1,2,3.0,4.0,1
0,447.0,48000.0,91,48000.0,48000.0,44,1.0,142,1.0,15.0,21,1.0,1.0,2,1,2.0,1,2.0,3.0,1000,0.0,3.0,3.0,0,42.0,2.0,1,2.0,0,2010.0,52.0,1,38,26,1.0,0.0,0.0,0.0,0.0,5.0,500,1.0,2,2,0.0,1,2,3.0,4.0,1
0,260.0,40000.0,00,40000.0,40000.0,67,1.0,51,1.0,21.0,20,6.0,1.0,2,5,2.0,1,2.0,3.0,1000,0.0,3.0,3.0,0,40.0,2.0,1,2.0,0,1995.0,52.0,1,38,32,2.0,0.0,0.0,0.0,0.0,5.0,300,3.0,2,2,0.0,1,2,3.0,4.0,1
0,501.0,107500.0,92,100000.0,100000.0,60,1.0,32,1.0,21.0,20,1.0,1.0,2,1,2.0,1,2.0,3.0,1000,0.0,3.0,3.0,0,60.0,2.0,1,2.0,0,1993.0,52.0,1,38,999,1.0,0.0,0.0,0.0,0.0,5.0,300,1.0,1,2,7500.0,1,2,3.0,4.0,1
0,501.0,0.0,42,0.0,0.0,69,6.0,32,3.0,16.0,21,1.0,2.0,2,1,2.0,1,2.0,2.0,1000,0.0,2.0,2.0,0,40.0,2.0,1,2.0,0,1993.0,52.0,1,26,999,1.0,0.0,0.0,0.0,0.0,5.0,300,1.0,1,2,0.0,1,2,3.0,4.0,1
0,274.0,38500.0,96,38500.0,38500.0,63,1.0,999,1.0,16.0,20,4.0,1.0,1,3,1.0,1,2.0,2.0,1000,0.0,3.0,3.0,0,38.0,2.0,1,2.0,0,2000.0,52.0,1,38,999,1.0,0.0,0.0,0.0,0.0,5.0,300,1.0,4,2,0.0,1,2,3.0,4.0,1
1,205.0,4600.0,47,0.0,0.0,53,6.0,32,2.0,16.0,20,1.0,2.0,2,1,2.0,1,2.0,2.0,1000,0.0,2.0,2.0,0,40.0,2.0,1,2.0,0,1978.0,52.0,1,55,88,1.0,4600.0,0.0,0.0,0.0,5.0,200,3.0,2,2,0.0,1,2,3.0,4.0,1
0,205.0,35700.0,47,3000.0,3000.0,48,1.0,935,1.0,21.0,21,1.0,1.0,2,1,2.0,1,2.0,2.0,1000,0.0,2.0,2.0,0,20.0,2.0,1,2.0,0,1978.0,52.0,1,6,999,1.0,13000.0,0.0,19700.0,0.0,3.0,200,3.0,1,2,0.0,1,2,3.0,2.0,1
0,365.0,57000.0,16,53000.0,53000.0,78,1.0,26,1.0,24.0,20,6.0,1.0,2,5,2.0,1,2.0,3.0,1000,0.0,3.0,3.0,0,40.0,2.0,1,2.0,0,1995.0,52.0,1,109,999,4.0,0.0,0.0,0.0,0.0,5.0,500,1.0,1,2,4000.0,5,2,3.0,4.0,1
0,310.0,49000.0,36,45000.0,45000.0,92,1.0,22,1.0,21.0,20,6.0,1.0,2,5,2.0,1,2.0,1.0,1000,0.0,1.0,3.0,0,50.0,2.0,1,2.0,0,1995.0,52.0,1,38,999,1.0,0.0,0.0,0.0,0.0,2.0,400,1.0,1,2,4000.0,1,2,2.0,4.0,1
0,265.0,22000.0,06,0.0,0.0,07,6.0,32,2.0,15.0,20,1.0,2.0,2,1,2.0,1,2.0,2.0,1000,0.0,2.0,2.0,1,40.0,2.0,1,2.0,0,1994.0,52.0,1,38,999,1.0,22000.0,0.0,0.0,0.0,5.0,600,1.0,1,2,0.0,1,2,3.0,4.0,1
0,131.0,15000.0,40,15000.0,15000.0,86,1.0,51,1.0,18.0,20,1.0,1.0,2,1,2.0,1,2.0,3.0,1000,0.0,3.0,3.0,0,20.0,2.0,1,2.0,0,2019.0,52.0,1,36,999,1.0,0.0,0.0,0.0,0.0,5.0,100,1.0,1,2,0.0,1,2,3.0,4.0,1
0,131.0,25000.0,80,25000.0,25000.0,01,1.0,51,1.0,19.0,21,1.0,1.0,2,1,2.0,1,2.0,3.0,1000,0.0,3.0,3.0,0,40.0,2.0,1,2.0,0,2019.0,52.0,1,36,999,1.0,0.0,0.0,0.0,0.0,5.0,100,1.0,1,2,0.0,1,2,3.0,2.0,1
0,207.0,32500.0,53,32000.0,32000.0,81,1.0,32,1.0,19.0,20,6.0,1.0,2,5,2.0,1,2.0,3.0,1000,0.0,3.0,3.0,0,37.0,2.0,1,2.0,0,1995.0,52.0,1,38,82,2.0,0.0,0.0,0.0,0.0,5.0,400,3.0,2,2,500.0,1,2,3.0,4.0,1
0,5.0,860.0,42,0.0,0.0,69,6.0,32,3.0,1.0,20,4.0,2.0,1,3,2.0,1,2.0,2.0,1000,0.0,2.0,2.0,0,40.0,1.0,1,1.0,0,1987.0,52.0,1,38,939,1.0,0.0,860.0,0.0,0.0,5.0,200,1.0,2,2,0.0,1,2,2.0,4.0,1
0,358.0,60000.0,32,60000.0,60000.0,79,1.0,22,1.0,21.0,20,1.0,1.0,2,1,2.0,1,2.0,3.0,1000,0.0,3.0,3.0,0,40.0,2.0,1,2.0,0,2003.0,52.0,1,2,999,4.0,0.0,0.0,0.0,0.0,5.0,300,1.0,1,2,0.0,1,2,3.0,4.0,1
0,358.0,80000.0,02,80000.0,80000.0,07,1.0,22,1.0,19.0,21,1.0,1.0,2,1,2.0,1,2.0,3.0,1000,0.0,3.0,3.0,0,40.0,2.0,1,2.0,0,2003.0,52.0,1,56,999,1.0,0.0,0.0,0.0,0.0,5.0,300,1.0,1,2,0.0,1,2,3.0,4.0,1
0,433.0,43000.0,23,43000.0,43000.0,78,1.0,32,1.0,21.0,20,1.0,1.0,2,1,2.0,1,2.0,3.0,1000,0.0,3.0,3.0,0,50.0,2.0,1,2.0,0,2013.0,52.0,1,38,148,3.0,0.0,0.0,0.0,0.0,5.0,200,1.0,2,2,0.0,1,2,3.0,4.0,1
0,433.0,60000.0,23,55000.0,55000.0,78,1.0,32,1.0,21.0,21,1.0,1.0,2,1,2.0,1,2.0,3.0,1000,0.0,3.0,3.0,0,50.0,2.0,1,2.0,0,2013.0,52.0,1,38,148,4.0,0.0,0.0,5000.0,0.0,5.0,200,1.0,2,2,0.0,1,2,3.0,4.0,1
0,347.0,100500.0,02,100000.0,0.0,01,1.0,32,1.0,20.0,20,1.0,1.0,2,1,2.0,1,2.0,3.0,1000,0.0,3.0,3.0,1,60.0,2.0,1,2.0,0,2016.0,52.0,1,38,148,6.0,0.0,0.0,0.0,0.0,5.0,400,1.0,2,2,500.0,1,2,3.0,4.0,1
0,347.0,25000.0,57,25000.0,25000.0,69,1.0,32,1.0,21.0,21,1.0,1.0,2,1,2.0,1,2.0,3.0,1000,0.0,3.0,3.0,1,25.0,2.0,1,2.0,0,2016.0,52.0,1,38,148,5.0,0.0,0.0,0.0,0.0,5.0,400,1.0,2,2,0.0,1,2,3.0,4.0,1
0,501.0,0.0,88,0.0,0.0,55,6.0,82,2.0,19.0,21,1.0,2.0,2,1,2.0,1,2.0,2.0,1000,0.0,2.0,2.0,0,40.0,2.0,1,2.0,0,1982.0,52.0,1,27,999,1.0,0.0,0.0,0.0,0.0,5.0,400,1.0,1,2,0.0,1,2,3.0,4.0,1
0,501.0,43600.0,58,42600.0,7600.0,55,1.0,32,1.0,20.0,25,6.0,1.0,1,5,2.0,1,1.0,3.0,1000,0.0,3.0,3.0,0,20.0,2.0,1,2.0,0,1995.0,52.0,1,38,82,1.0,0.0,0.0,0.0,0.0,5.0,400,1.0,2,2,1000.0,1,2,3.0,4.0,1
1,501.0,8600.0,42,0.0,0.0,69,6.0,32,3.0,17.0,25,6.0,2.0,1,5,1.0,1,1.0,2.0,1000,8600.0,2.0,2.0,0,40.0,1.0,1,1.0,0,1995.0,52.0,1,38,999,1.0,0.0,0.0,0.0,0.0,5.0,200,1.0,1,2,0.0,1,2,3.0,4.0,1
0,418.0,85000.0,70,85000.0,85000.0,66,1.0,996,1.0,20.0,20,1.0,1.0,2,1,2.0,1,2.0,2.0,1000,0.0,2.0,2.0,0,45.0,2.0,1,2.0,0,2003.0,52.0,1,27,999,1.0,0.0,0.0,0.0,0.0,5.0,300,1.0,3,2,0.0,1,2,2.0,4.0,1
0,418.0,40000.0,57,20000.0,20000.0,88,1.0,32,1.0,20.0,21,1.0,1.0,2,1,2.0,1,2.0,3.0,1000,0.0,2.0,2.0,0,40.0,2.0,1,2.0,0,2003.0,45.0,1,38,999,7.0,0.0,20000.0,0.0,0.0,5.0,300,1.0,1,2,0.0,1,2,2.0,4.0,1
0,319.0,50000.0,96,50000.0,50000.0,49,1.0,82,1.0,16.0,20,4.0,1.0,2,3,2.0,1,2.0,3.0,1000,0.0,3.0,3.0,0,50.0,2.0,1,2.0,0,1993.0,52.0,1,38,999,1.0,0.0,0.0,0.0,0.0,5.0,300,1.0,1,2,0.0,1,2,3.0,4.0,1
0,35.0,5500.0,57,5500.0,5500.0,81,1.0,21,1.0,15.0,20,4.0,1.0,2,3,2.0,1,2.0,3.0,1000,0.0,3.0,3.0,0,32.0,2.0,1,2.0,0,1978.0,19.0,1,301,32,2.0,0.0,0.0,0.0,0.0,5.0,400,3.0,2,2,0.0,7,2,3.0,4.0,1
0,501.0,12000.0,40,12000.0,12000.0,86,1.0,78,1.0,20.0,21,1.0,1.0,2,1,2.0,1,2.0,2.0,1000,0.0,2.0,2.0,2,30.0,2.0,1,2.0,0,1985.0,50.0,1,30,999,1.0,0.0,0.0,0.0,0.0,5.0,300,1.0,1,2,0.0,1,2,2.0,4.0,1
0,452.0,54000.0,20,51500.0,49500.0,78,1.0,82,1.0,22.0,20,1.0,1.0,1,1,2.0,1,1.0,3.0,1000,0.0,3.0,3.0,0,40.0,1.0,1,2.0,0,2007.0,52.0,1,38,50,3.0,0.0,0.0,0.0,0.0,5.0,400,1.0,2,2,2500.0,1,2,3.0,4.0,1
0,452.0,35000.0,42,35000.0,35000.0,53,1.0,32,1.0,16.0,21,1.0,1.0,1,1,2.0,1,2.0,3.0,1000,0.0,3.0,3.0,0,40.0,1.0,1,2.0,0,2007.0,52.0,1,38,50,1.0,0.0,0.0,0.0,0.0,5.0,400,1.0,2,2,0.0,1,2,3.0,4.0,1
0,501.0,75000.0,86,35000.0,35000.0,20,6.0,32,1.0,20.0,20,1.0,2.0,2,1,2.0,1,2.0,2.0,1000,0.0,2.0,2.0,0,44.0,2.0,1,2.0,0,2002.0,13.0,1,38,999,1.0,0.0,40000.0,0.0,0.0,5.0,200,1.0,1,2,0.0,1,2,3.0,4.0,1
0,501.0,98000.0,32,98000.0,98000.0,81,1.0,88,1.0,21.0,21,1.0,1.0,2,1,2.0,1,2.0,3.0,1000,0.0,3.0,3.0,0,42.0,2.0,1,2.0,0,2002.0,52.0,1,301,931,2.0,0.0,0.0,0.0,0.0,5.0,200,1.0,2,2,0.0,7,2,3.0,4.0,1
0,501.0,2600.0,41,2600.0,2600.0,86,6.0,32,1.0,14.0,25,6.0,2.0,2,5,2.0,1,2.0,2.0,1000,0.0,2.0,2.0,0,12.0,2.0,1,2.0,0,1995.0,20.0,1,38,88,1.0,0.0,0.0,0.0,0.0,5.0,200,1.0,2,2,0.0,1,2,3.0,4.0,1
0,262.0,53300.0,04,53300.0,60000.0,69,1.0,32,1.0,21.0,20,1.0,1.0,2,1,2.0,1,2.0,3.0,1000,0.0,3.0,3.0,0,48.0,2.0,1,2.0,0,2003.0,52.0,1,38,148,1.0,0.0,0.0,0.0,0.0,5.0,100,1.0,2,2,0.0,1,2,3.0,4.0,1
0,262.0,38000.0,23,38000.0,38000.0,84,1.0,32,1.0,20.0,21,1.0,1.0,1,1,2.0,1,2.0,3.0,1000,0.0,3.0,3.0,0,38.0,2.0,1,2.0,0,2003.0,39.0,1,38,82,5.0,0.0,0.0,0.0,0.0,5.0,100,1.0,2,2,0.0,1,1,3.0,4.0,1
0,373.0,64000.0,16,64000.0,64000.0,94,1.0,32,1.0,22.0,20,1.0,1.0,2,1,2.0,1,2.0,3.0,1000,0.0,3.0,3.0,0,40.0,2.0,1,2.0,0,2019.0,52.0,1,27,999,4.0,0.0,0.0,0.0,0.0,5.0,500,1.0,1,2,0.0,1,2,3.0,4.0,1
0,373.0,50000.0,31,50000.0,50000.0,80,1.0,82,1.0,21.0,21,1.0,1.0,2,1,2.0,1,2.0,3.0,1000,0.0,3.0,3.0,0,40.0,2.0,1,2.0,0,2019.0,52.0,1,27,999,1.0,0.0,0.0,0.0,0.0,5.0,500,1.0,1,2,0.0,1,2,3.0,4.0,1
0,501.0,113000.0,86,113000.0,113000.0,05,1.0,32,1.0,20.0,20,1.0,1.0,2,1,2.0,1,2.0,2.0,1000,0.0,2.0,2.0,0,40.0,2.0,1,2.0,0,2015.0,52.0,1,38,999,1.0,0.0,0.0,0.0,0.0,5.0,200,1.0,1,2,0.0,1,2,2.0,4.0,1
0,501.0,96000.0,36,96000.0,96000.0,81,1.0,32,1.0,22.0,21,1.0,1.0,2,1,2.0,1,2.0,2.0,1000,0.0,2.0,2.0,0,40.0,2.0,1,2.0,0,2015.0,52.0,1,38,82,1.0,0.0,0.0,0.0,0.0,5.0,200,1.0,2,2,0.0,1,2,3.0,4.0,1
0,430.0,66100.0,57,38700.0,38700.0,94,1.0,32,1.0,19.0,20,3.0,1.0,2,2,2.0,1,2.0,2.0,1000,0.0,2.0,2.0,1,40.0,2.0,1,2.0,0,1981.0,52.0,1,38,82,4.0,3700.0,12700.0,0.0,0.0,5.0,200,1.0,2,2,11000.0,1,2,2.0,4.0,1
0,370.0,65000.0,32,65000.0,65000.0,81,1.0,26,1.0,21.0,21,1.0,1.0,1,1,2.0,1,2.0,3.0,1000,0.0,3.0,3.0,0,36.0,1.0,1,2.0,0,1980.0,52.0,1,27,999,1.0,0.0,0.0,0.0,0.0,5.0,200,1.0,1,2,0.0,1,2,3.0,4.0,1
0,188.0,45500.0,39,45500.0,45500.0,85,1.0,917,1.0,12.0,20,4.0,1.0,2,3,2.0,3,2.0,3.0,5013,0.0,3.0,3.0,0,40.0,2.0,3,2.0,1,1981.0,52.0,0,38,999,1.0,0.0,0.0,0.0,0.0,5.0,400,1.0,1,2,0.0,1,2,3.0,4.0,1
0,501.0,75000.0,14,75000.0,75000.0,05,1.0,122,1.0,21.0,20,1.0,1.0,2,1,2.0,1,2.0,3.0,1000,0.0,3.0,3.0,0,40.0,2.0,1,2.0,0,2021.0,52.0,1,38,999,1.0,0.0,0.0,0.0,0.0,5.0,300,1.0,1,2,0.0,1,2,3.0,3.0,1
0,501.0,43000.0,26,43000.0,43000.0,07,1.0,50,1.0,22.0,21,1.0,1.0,2,1,2.0,1,2.0,3.0,1000,0.0,3.0,3.0,0,30.0,2.0,1,2.0,0,2021.0,40.0,1,30,32,1.0,0.0,0.0,0.0,0.0,5.0,300,1.0,2,2,0.0,1,2,3.0,4.0,1
0,501.0,31700.0,01,27500.0,27500.0,07,1.0,50,1.0,14.0,25,6.0,1.0,2,5,2.0,1,2.0,3.0,1000,0.0,3.0,3.0,0,45.0,2.0,1,2.0,0,1995.0,32.0,1,27,82,1.0,0.0,0.0,0.0,4200.0,5.0,400,1.0,2,2,0.0,1,2,3.0,4.0,1
0,501.0,19950.0,40,19950.0,19100.0,86,1.0,32,1.0,19.0,21,1.0,1.0,2,1,2.0,1,2.0,3.0,1000,0.0,3.0,3.0,0,18.0,2.0,1,2.0,0,1988.0,52.0,1,38,999,1.0,0.0,0.0,0.0,0.0,5.0,300,1.0,1,2,0.0,1,2,3.0,4.0,1
0,501.0,45100.0,11,45100.0,45100.0,48,1.0,32,1.0,21.0,25,6.0,1.0,2,5,2.0,1,2.0,3.0,1000,0.0,3.0,3.0,0,40.0,2.0,1,2.0,0,1995.0,52.0,1,38,999,1.0,0.0,0.0,0.0,0.0,5.0,300,3.0,1,2,0.0,1,2,3.0,4.0,1
0,443.0,102000.0,04,102000.0,102000.0,73,1.0,82,1.0,22.0,20,1.0,1.0,2,1,2.0,1,2.0,3.0,1000,0.0,3.0,3.0,0,45.0,2.0,1,2.0,0,2015.0,52.0,1,38,999,1.0,0.0,0.0,0.0,0.0,5.0,600,1.0,1,2,0.0,1,2,3.0,4.0,1
0,443.0,57000.0,30,57000.0,57000.0,81,1.0,89,1.0,23.0,21,1.0,1.0,2,1,2.0,1,2.0,3.0,1000,0.0,3.0,3.0,0,45.0,2.0,1,2.0,0,2015.0,52.0,1,46,999,4.0,0.0,0.0,0.0,0.0,5.0,600,1.0,1,2,0.0,1,2,3.0,4.0,1
0,348.0,55000.0,91,55000.0,55000.0,01,1.0,32,1.0,11.0,20,6.0,1.0,2,5,2.0,1,2.0,3.0,1000,0.0,3.0,3.0,2,55.0,2.0,1,2.0,0,1995.0,52.0,1,38,999,1.0,0.0,0.0,0.0,0.0,5.0,200,1.0,1,2,0.0,1,2,3.0,4.0,1
1,45.0,7200.0,55,0.0,0.0,63,6.0,999,2.0,14.0,22,4.0,2.0,1,3,2.0,1,2.0,2.0,1000,7200.0,2.0,2.0,0,40.0,1.0,1,1.0,0,1992.0,52.0,1,38,999,5.0,0.0,0.0,0.0,0.0,5.0,200,1.0,4,2,0.0,1,2,3.0,4.0,1
0,382.0,66000.0,23,66000.0,66000.0,78,1.0,82,1.0,21.0,20,1.0,1.0,2,1,2.0,1,2.0,3.0,1000,0.0,3.0,3.0,0,40.0,2.0,1,2.0,0,2014.0,52.0,1,6,32,1.0,0.0,0.0,0.0,0.0,5.0,500,1.0,2,2,0.0,1,2,3.0,4.0,1
0,382.0,27000.0,64,27000.0,27000.0,07,1.0,918,1.0,16.0,21,1.0,1.0,2,1,2.0,29,2.0,3.0,9000,0.0,3.0,3.0,0,40.0,2.0,9,2.0,0,2014.0,52.0,1,26,26,1.0,0.0,0.0,0.0,0.0,5.0,500,1.0,2,2,0.0,1,2,3.0,4.0,1
0,437.0,67000.0,42,55000.0,55000.0,82,1.0,82,1.0,20.0,20,4.0,1.0,2,3,2.0,1,2.0,3.0,1000,0.0,3.0,3.0,0,42.0,2.0,1,2.0,0,1989.0,52.0,1,38,32,2.0,0.0,0.0,0.0,0.0,5.0,500,1.0,2,2,12000.0,1,2,3.0,4.0,1
0,501.0,76000.0,65,76000.0,76000.0,07,1.0,32,1.0,16.0,25,4.0,1.0,2,3,2.0,1,2.0,3.0,1000,0.0,3.0,3.0,0,50.0,2.0,1,2.0,0,2013.0,52.0,1,38,20,1.0,0.0,0.0,0.0,0.0,5.0,300,1.0,2,2,0.0,1,2,3.0,4.0,1
0,501.0,92000.0,20,92000.0,80000.0,91,1.0,939,1.0,24.0,20,1.0,1.0,2,1,2.0,1,2.0,3.0,1000,0.0,3.0,3.0,0,70.0,2.0,1,2.0,0,1991.0,52.0,1,38,999,2.0,0.0,0.0,0.0,0.0,5.0,100,1.0,1,2,0.0,1,2,3.0,3.0,1
0,501.0,60000.0,20,60000.0,60000.0,91,1.0,32,1.0,22.0,21,1.0,1.0,2,1,2.0,1,2.0,3.0,1000,0.0,3.0,3.0,2,60.0,2.0,1,2.0,0,1991.0,52.0,1,38,148,2.0,0.0,0.0,0.0,0.0,5.0,100,1.0,2,2,0.0,1,2,3.0,4.0,1
0,342.0,29500.0,91,29500.0,29500.0,07,1.0,917,1.0,11.0,20,1.0,1.0,2,1,2.0,3,2.0,3.0,5013,0.0,3.0,3.0,0,50.0,2.0,3,2.0,1,1996.0,28.0,0,38,999,1.0,0.0,0.0,0.0,0.0,5.0,400,1.0,1,2,0.0,1,2,3.0,4.0,1
0,342.0,75600.0,36,60000.0,60000.0,82,1.0,917,1.0,17.0,21,1.0,1.0,2,1,2.0,3,2.0,3.0,5013,0.0,3.0,3.0,0,40.0,2.0,3,2.0,1,1996.0,52.0,0,38,999,1.0,15600.0,0.0,0.0,0.0,5.0,400,1.0,1,2,0.0,1,2,3.0,4.0,1
0,329.0,68000.0,73,62000.0,62000.0,07,1.0,88,1.0,19.0,20,4.0,1.0,1,3,1.0,1,2.0,3.0,1000,0.0,3.0,3.0,0,45.0,2.0,1,2.0,0,2007.0,52.0,1,134,32,1.0,0.0,0.0,6000.0,0.0,5.0,600,1.0,2,2,0.0,5,1,3.0,2.0,1
0,200.0,31200.0,42,26000.0,26000.0,76,1.0,94,1.0,16.0,22,6.0,1.0,2,5,2.0,1,2.0,2.0,1000,0.0,2.0,2.0,0,35.0,2.0,1,2.0,0,1995.0,52.0,1,38,32,1.0,0.0,0.0,5200.0,0.0,5.0,600,1.0,2,2,0.0,1,2,3.0,4.0,1
0,501.0,95000.0,06,95000.0,95000.0,81,1.0,32,1.0,21.0,20,1.0,1.0,2,1,2.0,1,2.0,3.0,1000,0.0,3.0,3.0,0,40.0,2.0,1,2.0,0,2018.0,52.0,1,38,82,1.0,0.0,0.0,0.0,0.0,5.0,500,1.0,2,2,0.0,1,2,3.0,4.0,1
0,501.0,75000.0,30,75000.0,75000.0,50,1.0,32,1.0,24.0,21,1.0,1.0,2,1,2.0,1,2.0,3.0,1000,0.0,3.0,3.0,0,40.0,2.0,1,2.0,0,2018.0,52.0,1,38,22,1.0,0.0,0.0,0.0,0.0,5.0,500,1.0,2,2,0.0,1,2,3.0,4.0,1
0,501.0,70000.0,42,0.0,0.0,69,6.0,20,3.0,19.0,21,1.0,2.0,2,1,2.0,1,2.0,2.0,1000,0.0,2.0,2.0,0,40.0,2.0,1,2.0,0,1985.0,52.0,1,27,999,1.0,0.0,70000.0,0.0,0.0,5.0,600,1.0,1,2,0.0,1,2,3.0,4.0,1
0,153.0,0.0,47,0.0,0.0,49,6.0,999,2.0,16.0,20,1.0,2.0,2,1,2.0,1,2.0,2.0,1000,0.0,2.0,2.0,2,40.0,2.0,1,2.0,0,2009.0,52.0,1,38,999,1.0,0.0,0.0,0.0,0.0,1.0,400,1.0,4,2,0.0,1,2,2.0,4.0,1
0,153.0,55000.0,23,55000.0,55000.0,78,1.0,999,1.0,21.0,21,1.0,1.0,2,1,2.0,1,2.0,2.0,1000,0.0,3.0,3.0,2,40.0,2.0,1,2.0,0,2009.0,42.0,1,32,999,3.0,0.0,0.0,0.0,0.0,5.0,400,1.0,4,2,0.0,1,2,3.0,4.0,1
0,490.0,76000.0,02,75000.0,0.0,01,1.0,82,1.0,21.0,20,1.0,1.0,2,1,2.0,1,2.0,3.0,1000,0.0,3.0,3.0,2,40.0,2.0,1,2.0,0,2021.0,52.0,1,38,89,6.0,0.0,0.0,0.0,0.0,5.0,400,1.0,2,2,1000.0,1,2,3.0,4.0,1
0,490.0,40000.0,23,40000.0,40000.0,78,1.0,82,1.0,22.0,21,1.0,1.0,2,1,2.0,1,2.0,3.0,1000,0.0,3.0,3.0,0,40.0,2.0,1,2.0,0,2021.0,40.0,1,27,89,3.0,0.0,0.0,0.0,0.0,5.0,400,1.0,2,2,0.0,1,2,3.0,4.0,1
0,457.0,40000.0,77,40000.0,40000.0,30,1.0,82,1.0,16.0,20,1.0,1.0,2,1,2.0,1,2.0,3.0,1000,0.0,3.0,3.0,0,40.0,2.0,1,2.0,0,2019.0,52.0,1,38,999,1.0,0.0,0.0,0.0,0.0,5.0,400,1.0,1,2,0.0,1,2,3.0,2.0,1
0,457.0,53000.0,47,53000.0,53000.0,49,1.0,32,1.0,20.0,21,1.0,1.0,2,1,2.0,1,2.0,3.0,1000,0.0,3.0,3.0,0,45.0,2.0,1,2.0,0,2019.0,52.0,1,38,999,1.0,0.0,0.0,0.0,0.0,5.0,400,1.0,1,2,0.0,1,2,3.0,4.0,1
0,501.0,96000.0,32,96000.0,96000.0,81,1.0,32,1.0,22.0,20,1.0,1.0,2,1,2.0,1,2.0,3.0,1000,0.0,3.0,3.0,0,36.0,2.0,1,2.0,0,1999.0,52.0,1,38,82,2.0,0.0,0.0,0.0,0.0,5.0,600,1.0,2,2,0.0,1,2,3.0,4.0,1
0,501.0,100000.0,23,100000.0,100000.0,78,1.0,32,1.0,22.0,21,1.0,1.0,2,1,2.0,1,2.0,3.0,1000,0.0,3.0,3.0,0,40.0,2.0,1,2.0,0,1999.0,52.0,1,38,999,3.0,0.0,0.0,0.0,0.0,5.0,600,1.0,1,2,0.0,1,2,3.0,4.0,1
0,501.0,120000.0,00,120000.0,120000.0,85,1.0,32,1.0,22.0,20,4.0,1.0,2,3,2.0,1,2.0,3.0,1000,0.0,3.0,3.0,2,50.0,2.0,1,2.0,0,2009.0,52.0,1,38,82,1.0,0.0,0.0,0.0,0.0,5.0,500,3.0,2,2,0.0,1,2,3.0,4.0,1
0,309.0,2400.0,42,0.0,0.0,69,6.0,98,3.0,21.0,20,1.0,2.0,1,1,1.0,1,2.0,2.0,1000,0.0,2.0,2.0,0,40.0,2.0,1,2.0,0,2000.0,52.0,1,13,999,1.0,2400.0,0.0,0.0,0.0,5.0,500,1.0,1,2,0.0,1,2,3.0,4.0,1
0,309.0,59000.0,60,59000.0,59000.0,01,1.0,32,1.0,16.0,21,1.0,1.0,2,1,2.0,1,2.0,3.0,1000,0.0,3.0,3.0,0,40.0,2.0,1,2.0,0,2000.0,52.0,1,27,999,1.0,0.0,0.0,0.0,0.0,5.0,500,1.0,1,2,0.0,1,2,3.0,4.0,1
0,23.0,3600.0,45,3600.0,0.0,89,6.0,939,1.0,19.0,20,2.0,2.0,2,1,2.0,1,2.0,2.0,1000,0.0,1.0,3.0,0,40.0,2.0,1,2.0,0,1982.0,12.0,1,38,999,6.0,0.0,0.0,0.0,0.0,5.0,400,3.0,1,2,0.0,1,2,2.0,4.0,1
0,498.0,78600.0,42,0.0,0.0,69,6.0,32,3.0,16.0,20,6.0,2.0,2,5,2.0,1,2.0,2.0,1000,0.0,2.0,3.0,2,40.0,2.0,1,2.0,0,1995.0,52.0,1,38,999,1.0,0.0,0.0,76000.0,0.0,5.0,100,1.0,1,2,2600.0,1,2,2.0,4.0,1
0,446.0,50000.0,02,50000.0,0.0,07,1.0,32,1.0,18.0,20,1.0,1.0,2,1,2.0,1,2.0,3.0,1000,0.0,3.0,3.0,2,50.0,2.0,1,2.0,0,1987.0,52.0,1,27,999,6.0,0.0,0.0,0.0,0.0,5.0,400,1.0,1,2,0.0,1,2,3.0,4.0,1
0,446.0,40000.0,26,40000.0,0.0,85,1.0,32,1.0,21.0,21,1.0,1.0,2,1,2.0,1,2.0,3.0,1000,0.0,3.0,3.0,0,45.0,2.0,1,2.0,0,1987.0,45.0,1,38,999,6.0,0.0,0.0,0.0,0.0,5.0,400,1.0,1,2,0.0,1,2,3.0,4.0,1
0,501.0,86100.0,31,80000.0,80000.0,80,1.0,615,1.0,22.0,21,1.0,1.0,2,1,2.0,4,2.0,3.0,4015,0.0,3.0,3.0,0,45.0,2.0,6,2.0,0,2006.0,52.0,0,210,999,2.0,0.0,0.0,0.0,0.0,5.0,600,1.0,1,2,6100.0,4,2,3.0,4.0,1
0,501.0,19010.0,47,19000.0,0.0,54,1.0,32,1.0,19.0,20,1.0,1.0,2,1,2.0,1,2.0,2.0,1000,0.0,2.0,2.0,0,50.0,2.0,1,2.0,0,1984.0,52.0,1,38,148,6.0,0.0,0.0,0.0,0.0,5.0,500,1.0,2,2,10.0,1,2,3.0,4.0,1
0,501.0,107090.0,35,107000.0,107000.0,94,1.0,32,1.0,20.0,21,1.0,1.0,1,1,2.0,1,2.0,2.0,1000,0.0,1.0,3.0,0,50.0,1.0,1,2.0,0,1984.0,52.0,1,38,939,4.0,0.0,0.0,0.0,0.0,5.0,500,1.0,2,2,90.0,1,2,2.0,4.0,1
0,501.0,46390.0,75,46300.0,46300.0,85,1.0,32,1.0,20.0,25,6.0,1.0,2,5,2.0,1,2.0,3.0,1000,0.0,3.0,3.0,0,20.0,2.0,1,2.0,0,1995.0,52.0,1,38,939,1.0,0.0,0.0,0.0,0.0,5.0,500,1.0,2,2,90.0,1,2,3.0,4.0,1
0,501.0,80000.0,23,80000.0,80000.0,78,2.0,32,1.0,22.0,20,6.0,1.0,2,5,2.0,1,2.0,3.0,1000,0.0,2.0,1.0,0,48.0,2.0,1,2.0,0,1995.0,52.0,1,38,87,1.0,0.0,0.0,0.0,0.0,5.0,200,1.0,2,2,0.0,1,2,3.0,4.0,1
1,0.0,0.0,47,0.0,0.0,50,6.0,917,2.0,16.0,20,6.0,2.0,2,5,2.0,3,2.0,2.0,5013,0.0,2.0,2.0,0,40.0,2.0,3,2.0,1,1995.0,52.0,0,38,999,1.0,0.0,0.0,0.0,0.0,5.0,400,1.0,1,2,0.0,1,2,3.0,4.0,1
0,362.0,44000.0,13,44000.0,44000.0,96,4.0,21,1.0,20.0,20,1.0,1.0,1,1,1.0,1,2.0,3.0,1000,0.0,3.0,3.0,0,50.0,2.0,1,2.0,0,2020.0,52.0,1,48,22,5.0,0.0,0.0,0.0,0.0,5.0,200,1.0,2,2,0.0,1,1,3.0,1.0,1
0,362.0,28000.0,07,28000.0,28000.0,95,1.0,51,1.0,18.0,21,1.0,1.0,2,1,2.0,1,2.0,3.0,1000,0.0,3.0,3.0,0,50.0,2.0,1,2.0,0,2020.0,52.0,1,38,924,5.0,0.0,0.0,0.0,0.0,5.0,200,1.0,2,2,0.0,1,2,3.0,2.0,1
0,348.0,34000.0,58,34000.0,34000.0,81,1.0,32,1.0,16.0,20,1.0,1.0,2,1,2.0,1,2.0,3.0,1000,0.0,3.0,3.0,0,40.0,2.0,1,2.0,0,2017.0,52.0,1,38,999,1.0,0.0,0.0,0.0,0.0,5.0,200,1.0,1,2,0.0,1,2,3.0,4.0,1
0,348.0,50000.0,91,50000.0,50000.0,04,1.0,32,1.0,16.0,21,1.0,1.0,2,1,2.0,1,2.0,3.0,1000,0.0,3.0,3.0,0,45.0,2.0,1,2.0,0,2017.0,52.0,1,30,999,1.0,0.0,0.0,0.0,0.0,5.0,200,1.0,1,2,0.0,1,2,3.0,4.0,1
0,501.0,70000.0,22,70000.0,70000.0,78,1.0,996,1.0,20.0,20,1.0,1.0,1,1,2.0,1,2.0,3.0,1000,0.0,3.0,3.0,0,60.0,2.0,1,2.0,0,1991.0,52.0,1,27,999,4.0,0.0,0.0,0.0,0.0,5.0,400,1.0,3,2,0.0,1,1,3.0,3.0,1
0,501.0,40000.0,32,40000.0,40000.0,81,1.0,996,1.0,20.0,21,1.0,1.0,2,1,2.0,1,2.0,3.0,1000,0.0,3.0,3.0,0,40.0,2.0,1,2.0,0,1991.0,52.0,1,27,999,1.0,0.0,0.0,0.0,0.0,5.0,400,1.0,3,2,0.0,1,2,3.0,4.0,1
0,501.0,70000.0,55,70000.0,70000.0,62,1.0,999,1.0,20.0,25,6.0,1.0,2,5,2.0,1,2.0,3.0,1000,0.0,3.0,3.0,2,48.0,2.0,1,2.0,0,1995.0,52.0,1,27,999,1.0,0.0,0.0,0.0,0.0,5.0,400,1.0,4,2,0.0,1,2,3.0,4.0,1
0,501.0,75000.0,81,75000.0,75000.0,30,1.0,32,1.0,16.0,25,6.0,1.0,2,5,2.0,1,2.0,3.0,1000,0.0,3.0,3.0,0,50.0,2.0,1,2.0,0,1995.0,52.0,1,38,999,1.0,0.0,0.0,0.0,0.0,5.0,400,1.0,1,2,0.0,1,2,3.0,4.0,1
0,83.0,13000.0,77,13000.0,13000.0,30,1.0,21,1.0,18.0,36,6.0,1.0,2,5,2.0,1,2.0,3.0,1000,0.0,3.0,3.0,0,60.0,2.0,1,2.0,0,1995.0,52.0,1,5,24,1.0,0.0,0.0,0.0,0.0,5.0,400,3.0,2,2,0.0,1,2,3.0,4.0,1
0,467.0,78000.0,02,78000.0,78000.0,07,1.0,32,1.0,21.0,20,1.0,1.0,2,1,2.0,1,2.0,3.0,1000,0.0,3.0,3.0,0,50.0,2.0,1,2.0,0,2018.0,52.0,1,27,999,1.0,0.0,0.0,0.0,0.0,5.0,600,1.0,1,2,0.0,1,2,3.0,4.0,1
0,467.0,35000.0,21,35000.0,35000.0,72,1.0,924,1.0,19.0,21,1.0,1.0,2,1,2.0,1,2.0,3.0,1000,0.0,3.0,3.0,0,40.0,2.0,1,2.0,0,2018.0,52.0,1,27,999,1.0,0.0,0.0,0.0,0.0,5.0,600,1.0,1,2,0.0,1,2,3.0,4.0,1
0,318.0,49000.0,91,15000.0,15000.0,78,1.0,996,1.0,21.0,20,4.0,1.0,1,3,2.0,3,1.0,2.0,5013,0.0,2.0,2.0,0,20.0,1.0,3,2.0,1,2012.0,52.0,0,38,999,2.0,16000.0,0.0,18000.0,0.0,5.0,400,1.0,3,2,0.0,1,2,2.0,2.0,1
0,162.0,25000.0,04,25000.0,25000.0,83,1.0,917,1.0,21.0,24,6.0,1.0,2,5,2.0,3,2.0,3.0,5013,0.0,3.0,3.0,0,4.0,2.0,3,2.0,1,1995.0,52.0,0,38,999,3.0,0.0,0.0,0.0,0.0,5.0,400,1.0,1,2,0.0,1,2,3.0,2.0,1
0,501.0,79000.0,47,76000.0,76000.0,86,1.0,32,1.0,18.0,20,1.0,1.0,2,1,2.0,1,2.0,3.0,1000,0.0,3.0,3.0,2,45.0,2.0,1,2.0,0,1986.0,52.0,1,38,999,1.0,0.0,0.0,0.0,0.0,5.0,600,1.0,1,2,3000.0,1,2,3.0,4.0,1
0,501.0,80000.0,32,80000.0,80000.0,81,1.0,82,1.0,22.0,21,1.0,1.0,2,1,2.0,1,2.0,3.0,1000,0.0,3.0,3.0,0,45.0,2.0,1,2.0,0,1986.0,52.0,1,27,32,1.0,0.0,0.0,0.0,0.0,5.0,600,1.0,2,2,0.0,1,2,3.0,4.0,1
0,258.0,39600.0,19,39600.0,39600.0,74,1.0,999,1.0,17.0,22,4.0,1.0,2,3,2.0,1,2.0,2.0,1000,0.0,2.0,2.0,0,40.0,2.0,1,2.0,0,1995.0,51.0,1,30,999,1.0,0.0,0.0,0.0,0.0,5.0,600,1.0,4,2,0.0,1,2,3.0,4.0,1
1,332.0,60000.0,42,60000.0,60000.0,03,1.0,999,1.0,20.0,20,5.0,1.0,2,4,2.0,1,2.0,3.0,1000,0.0,3.0,3.0,0,55.0,2.0,1,2.0,0,2009.0,52.0,1,41,999,1.0,0.0,0.0,0.0,0.0,5.0,200,3.0,4,2,0.0,1,2,3.0,4.0,1
0,482.0,75000.0,91,75000.0,75000.0,07,1.0,999,1.0,12.0,22,5.0,1.0,2,4,2.0,1,2.0,3.0,1000,0.0,3.0,3.0,0,68.0,2.0,1,2.0,0,1994.0,52.0,1,48,999,1.0,0.0,0.0,0.0,0.0,5.0,200,1.0,4,2,0.0,1,2,3.0,4.0,1
1,332.0,16000.0,42,0.0,0.0,69,6.0,999,3.0,13.0,29,2.0,2.0,1,1,1.0,1,1.0,2.0,1000,4000.0,2.0,2.0,0,40.0,1.0,1,1.0,0,2019.0,52.0,1,37,999,1.0,12000.0,0.0,0.0,0.0,5.0,200,3.0,4,2,0.0,1,2,3.0,4.0,1
1,332.0,28000.0,42,0.0,0.0,69,6.0,999,3.0,14.0,33,4.0,2.0,1,3,1.0,1,1.0,2.0,1000,4000.0,2.0,2.0,0,40.0,1.0,1,1.0,0,2011.0,52.0,1,48,999,1.0,24000.0,0.0,0.0,0.0,5.0,200,3.0,4,2,0.0,1,2,3.0,4.0,1
0,380.0,60000.0,38,60000.0,60000.0,94,1.0,32,1.0,21.0,20,6.0,1.0,2,5,2.0,1,2.0,3.0,1000,0.0,3.0,3.0,0,40.0,2.0,1,2.0,0,1995.0,52.0,1,46,82,4.0,0.0,0.0,0.0,0.0,5.0,600,1.0,2,2,0.0,1,2,3.0,4.0,1
0,266.0,42000.0,43,42000.0,42000.0,90,1.0,142,1.0,19.0,22,6.0,1.0,2,5,2.0,1,2.0,3.0,1000,0.0,3.0,3.0,0,45.0,2.0,1,2.0,0,1995.0,35.0,1,27,999,1.0,0.0,0.0,0.0,0.0,5.0,600,1.0,1,2,0.0,1,2,3.0,4.0,1
0,253.0,0.0,42,0.0,0.0,69,6.0,999,3.0,20.0,21,1.0,2.0,1,1,2.0,1,2.0,2.0,1000,0.0,2.0,2.0,2,40.0,1.0,1,2.0,0,1985.0,52.0,1,30,999,1.0,0.0,0.0,0.0,0.0,5.0,100,1.0,4,2,0.0,1,2,3.0,4.0,1
0,229.0,10000.0,73,10000.0,10000.0,87,1.0,999,1.0,17.0,20,1.0,1.0,2,1,2.0,1,2.0,3.0,1000,0.0,3.0,3.0,0,12.0,2.0,1,2.0,0,2002.0,52.0,1,303,999,1.0,0.0,0.0,0.0,0.0,5.0,200,1.0,4,2,0.0,3,2,3.0,4.0,2
1,229.0,60000.0,10,60000.0,60000.0,73,1.0,999,1.0,18.0,21,1.0,1.0,2,1,2.0,1,2.0,3.0,1000,0.0,3.0,3.0,0,96.0,2.0,1,2.0,0,2002.0,48.0,1,303,999,1.0,0.0,0.0,0.0,0.0,5.0,200,1.0,4,2,0.0,3,2,3.0,4.0,2
0,229.0,2500.0,77,2500.0,2500.0,30,1.0,999,1.0,18.0,25,6.0,1.0,2,5,2.0,1,2.0,3.0,1000,0.0,3.0,3.0,0,20.0,2.0,1,2.0,0,1995.0,30.0,1,303,999,1.0,0.0,0.0,0.0,0.0,5.0,200,1.0,4,2,0.0,3,2,3.0,4.0,2
0,390.0,30100.0,78,30100.0,30100.0,53,1.0,32,1.0,17.0,20,1.0,1.0,1,1,2.0,1,2.0,3.0,1000,0.0,3.0,3.0,0,40.0,1.0,1,2.0,0,1989.0,41.0,1,41,22,1.0,0.0,0.0,0.0,0.0,5.0,200,1.0,2,2,0.0,1,2,3.0,4.0,1
0,390.0,30100.0,40,26500.0,26500.0,86,1.0,50,1.0,17.0,21,1.0,1.0,2,1,2.0,1,2.0,3.0,1000,0.0,3.0,3.0,0,40.0,2.0,1,2.0,0,1989.0,33.0,1,48,22,1.0,0.0,0.0,3600.0,0.0,5.0,200,1.0,2,2,0.0,1,2,3.0,4.0,1
0,390.0,33300.0,42,33300.0,33300.0,53,1.0,50,1.0,16.0,26,6.0,1.0,2,5,2.0,1,2.0,3.0,1000,0.0,3.0,3.0,0,40.0,2.0,1,2.0,0,1995.0,52.0,1,27,22,1.0,0.0,0.0,0.0,0.0,5.0,200,1.0,2,2,0.0,1,2,3.0,4.0,1
0,390.0,27700.0,23,27700.0,27700.0,86,1.0,32,1.0,16.0,26,6.0,1.0,1,5,2.0,1,2.0,3.0,1000,0.0,3.0,3.0,0,40.0,2.0,1,2.0,0,1995.0,52.0,1,41,22,1.0,0.0,0.0,0.0,0.0,5.0,200,1.0,2,1,0.0,1,2,3.0,4.0,1
0,306.0,54000.0,02,54000.0,0.0,01,1.0,82,1.0,21.0,20,4.0,1.0,1,3,1.0,1,2.0,3.0,1000,0.0,3.0,3.0,1,42.0,2.0,1,2.0,0,1995.0,52.0,1,38,91,6.0,0.0,0.0,0.0,0.0,5.0,400,1.0,2,2,0.0,1,1,3.0,4.0,1
0,306.0,6000.0,60,6000.0,6000.0,02,6.0,82,1.0,20.0,25,6.0,2.0,2,5,2.0,1,2.0,2.0,1000,0.0,2.0,2.0,1,40.0,2.0,1,2.0,0,1995.0,12.0,1,38,91,1.0,0.0,0.0,0.0,0.0,5.0,400,1.0,2,2,0.0,1,2,3.0,4.0,1
0,362.0,57000.0,74,0.0,0.0,05,6.0,32,2.0,19.0,20,4.0,2.0,2,3,2.0,1,2.0,2.0,1000,0.0,2.0,2.0,0,40.0,2.0,1,2.0,0,1990.0,52.0,1,38,999,1.0,25000.0,20000.0,12000.0,0.0,5.0,200,1.0,1,2,0.0,1,2,3.0,4.0,1
0,455.0,102000.0,10,102000.0,98000.0,81,1.0,996,1.0,21.0,20,4.0,1.0,2,3,2.0,29,2.0,3.0,9000,0.0,3.0,3.0,0,50.0,2.0,9,2.0,0,2003.0,52.0,1,31,999,2.0,0.0,0.0,0.0,0.0,5.0,200,1.0,3,2,0.0,1,2,3.0,4.0,1
0,417.0,65000.0,63,65000.0,65000.0,48,1.0,32,1.0,19.0,22,6.0,1.0,2,5,2.0,1,2.0,3.0,1000,0.0,3.0,3.0,0,43.0,2.0,1,2.0,0,1995.0,51.0,1,38,82,1.0,0.0,0.0,0.0,0.0,5.0,200,1.0,2,2,0.0,1,2,3.0,4.0,1
0,239.0,60000.0,49,60000.0,60000.0,70,1.0,939,1.0,18.0,20,1.0,1.0,2,1,2.0,1,2.0,1.0,1000,0.0,2.0,2.0,0,40.0,2.0,1,2.0,0,2013.0,52.0,1,38,999,1.0,0.0,0.0,0.0,0.0,1.0,200,1.0,1,2,0.0,1,2,3.0,2.0,1
0,239.0,35300.0,52,33000.0,33000.0,68,1.0,996,1.0,19.0,21,1.0,1.0,2,1,2.0,1,2.0,3.0,1000,0.0,3.0,3.0,0,35.0,2.0,1,2.0,0,2013.0,52.0,1,38,999,1.0,0.0,0.0,2300.0,0.0,5.0,200,1.0,3,2,0.0,1,2,3.0,4.0,1
0,501.0,106000.0,37,106000.0,106000.0,94,1.0,82,1.0,21.0,20,1.0,1.0,2,1,2.0,1,2.0,3.0,1000,0.0,3.0,3.0,0,40.0,2.0,1,2.0,0,1987.0,52.0,1,27,89,4.0,0.0,0.0,0.0,0.0,5.0,600,1.0,2,2,0.0,1,2,3.0,4.0,1
0,501.0,106000.0,47,80000.0,80000.0,48,1.0,32,1.0,19.0,21,1.0,1.0,2,1,2.0,1,2.0,3.0,1000,0.0,3.0,3.0,0,40.0,2.0,1,2.0,0,1987.0,52.0,1,38,999,1.0,0.0,26000.0,0.0,0.0,5.0,600,1.0,1,2,0.0,1,2,3.0,4.0,1
1,99.0,15600.0,91,0.0,0.0,01,3.0,82,2.0,16.0,20,6.0,2.0,1,5,2.0,1,2.0,1.0,1000,0.0,2.0,2.0,0,40.0,2.0,1,2.0,0,1995.0,52.0,1,38,999,1.0,0.0,15600.0,0.0,0.0,1.0,500,1.0,1,2,0.0,1,1,3.0,2.0,1
0,223.0,35000.0,62,35000.0,35000.0,07,1.0,32,1.0,16.0,20,4.0,1.0,2,3,2.0,1,2.0,3.0,1000,0.0,3.0,3.0,0,75.0,2.0,1,2.0,0,2006.0,40.0,1,27,999,3.0,0.0,0.0,0.0,0.0,5.0,400,1.0,1,2,0.0,1,2,3.0,4.0,1
0,316.0,13900.0,42,0.0,0.0,69,6.0,996,3.0,16.0,20,1.0,2.0,1,1,2.0,1,1.0,2.0,1000,13900.0,2.0,2.0,0,40.0,2.0,1,2.0,0,2013.0,52.0,1,1,999,1.0,0.0,0.0,0.0,0.0,5.0,400,1.0,3,2,0.0,1,1,3.0,4.0,1
0,316.0,48700.0,42,0.0,0.0,69,6.0,939,3.0,16.0,21,1.0,2.0,2,1,2.0,29,2.0,2.0,9000,0.0,2.0,2.0,0,40.0,2.0,9,2.0,0,2013.0,52.0,1,36,999,1.0,24700.0,0.0,24000.0,0.0,5.0,400,1.0,1,2,0.0,1,2,3.0,2.0,1
0,106.0,34000.0,42,0.0,0.0,69,6.0,32,3.0,16.0,20,5.0,2.0,1,4,1.0,1,1.0,2.0,1000,17300.0,2.0,2.0,0,40.0,1.0,1,1.0,0,1986.0,52.0,1,6,50,1.0,0.0,0.0,16700.0,0.0,5.0,100,1.0,2,2,0.0,1,2,3.0,2.0,1
1,106.0,3700.0,47,3700.0,0.0,49,1.0,50,1.0,16.0,25,4.0,1.0,2,3,2.0,1,2.0,3.0,1000,0.0,3.0,3.0,0,30.0,2.0,1,2.0,0,2009.0,36.0,1,6,32,6.0,0.0,0.0,0.0,0.0,5.0,100,1.0,2,2,0.0,1,2,3.0,2.0,1
0,354.0,70000.0,36,65000.0,65000.0,79,1.0,32,1.0,20.0,20,4.0,1.0,2,3,2.0,1,2.0,3.0,1000,0.0,3.0,3.0,0,40.0,2.0,1,2.0,0,2008.0,52.0,1,38,82,1.0,0.0,5000.0,0.0,0.0,5.0,600,1.0,2,2,0.0,1,2,3.0,4.0,1
0,501.0,80500.0,86,80000.0,80000.0,06,1.0,21,1.0,21.0,22,6.0,1.0,2,5,2.0,1,2.0,3.0,1000,0.0,3.0,3.0,0,80.0,2.0,1,2.0,0,1995.0,52.0,1,46,32,1.0,0.0,500.0,0.0,0.0,5.0,600,1.0,2,2,0.0,1,2,3.0,4.0,1
0,309.0,47300.0,89,47300.0,47300.0,10,1.0,50,1.0,16.0,20,6.0,1.0,2,5,2.0,1,2.0,3.0,1000,0.0,3.0,3.0,0,40.0,2.0,1,2.0,0,1995.0,45.0,1,18,999,1.0,0.0,0.0,0.0,0.0,5.0,500,1.0,1,2,0.0,1,2,3.0,4.0,1
0,223.0,45000.0,60,45000.0,45000.0,01,1.0,999,1.0,19.0,20,1.0,1.0,2,1,2.0,38,2.0,3.0,9000,0.0,3.0,3.0,0,50.0,2.0,9,2.0,0,2017.0,38.0,0,425,999,1.0,0.0,0.0,0.0,0.0,5.0,600,1.0,4,2,0.0,6,2,3.0,4.0,1
0,223.0,0.0,42,0.0,0.0,69,6.0,999,3.0,19.0,21,1.0,1.0,2,1,2.0,2,2.0,3.0,3000,0.0,3.0,3.0,0,40.0,2.0,2,2.0,0,2017.0,52.0,0,425,999,1.0,0.0,0.0,0.0,0.0,5.0,600,1.0,4,2,0.0,6,2,3.0,4.0,1
0,88.0,13900.0,47,13900.0,13900.0,51,3.0,32,1.0,15.0,20,6.0,2.0,1,5,1.0,1,1.0,1.0,1000,0.0,2.0,2.0,0,37.0,2.0,1,2.0,0,1995.0,52.0,1,30,88,1.0,0.0,0.0,0.0,0.0,1.0,100,3.0,2,1,0.0,1,1,3.0,4.0,1
0,19.0,3000.0,62,3000.0,3000.0,07,1.0,51,1.0,13.0,22,6.0,1.0,1,5,1.0,1,1.0,3.0,1000,0.0,3.0,3.0,0,48.0,2.0,1,2.0,0,1995.0,16.0,1,38,32,1.0,0.0,0.0,0.0,0.0,5.0,100,3.0,2,1,0.0,1,2,3.0,4.0,1
0,501.0,125000.0,70,125000.0,125000.0,30,1.0,187,1.0,21.0,20,1.0,1.0,2,1,2.0,1,2.0,3.0,1000,0.0,3.0,3.0,0,50.0,2.0,1,2.0,0,2001.0,52.0,1,27,999,1.0,0.0,0.0,0.0,0.0,5.0,400,1.0,1,2,0.0,1,2,3.0,4.0,1
0,501.0,75000.0,56,75000.0,75000.0,30,1.0,187,1.0,21.0,21,1.0,1.0,2,1,2.0,1,2.0,3.0,1000,0.0,3.0,3.0,0,50.0,2.0,1,2.0,0,2001.0,52.0,1,38,999,1.0,0.0,0.0,0.0,0.0,5.0,400,1.0,1,2,0.0,1,2,3.0,4.0,1
0,160.0,14900.0,42,0.0,0.0,69,6.0,999,3.0,15.0,21,1.0,1.0,1,1,2.0,1,2.0,3.0,1000,0.0,3.0,3.0,0,40.0,2.0,1,2.0,0,1999.0,52.0,1,6,999,1.0,14900.0,0.0,0.0,0.0,5.0,400,1.0,4,2,0.0,1,1,3.0,4.0,1
1,160.0,9600.0,42,0.0,0.0,91,6.0,999,2.0,13.0,25,4.0,2.0,2,3,2.0,1,2.0,2.0,1000,0.0,3.0,3.0,0,40.0,2.0,1,2.0,0,2006.0,52.0,1,38,999,2.0,0.0,0.0,9600.0,0.0,5.0,400,1.0,4,2,0.0,1,2,3.0,4.0,1
0,317.0,50000.0,57,50000.0,50000.0,78,1.0,32,1.0,21.0,20,6.0,1.0,2,5,2.0,1,2.0,3.0,1000,0.0,3.0,3.0,0,40.0,2.0,1,2.0,0,1995.0,52.0,1,38,82,4.0,0.0,0.0,0.0,0.0,5.0,600,1.0,2,2,0.0,1,2,3.0,4.0,1
0,190.0,30000.0,47,30000.0,30000.0,44,1.0,111,1.0,22.0,20,4.0,1.0,2,3,2.0,1,2.0,3.0,1000,0.0,3.0,3.0,2,40.0,2.0,1,2.0,0,2000.0,52.0,1,46,20,1.0,0.0,0.0,0.0,0.0,5.0,100,1.0,2,2,0.0,1,2,3.0,4.0,1
0,103.0,15900.0,60,8000.0,8000.0,01,6.0,82,1.0,16.0,20,6.0,2.0,2,5,2.0,1,2.0,2.0,1000,0.0,2.0,2.0,1,99.0,2.0,1,2.0,0,1995.0,4.0,1,38,999,1.0,2900.0,0.0,0.0,0.0,5.0,400,1.0,1,2,5000.0,1,2,3.0,4.0,1
0,394.0,19800.0,57,19800.0,19800.0,01,1.0,82,1.0,21.0,20,1.0,1.0,2,1,2.0,1,2.0,3.0,1000,0.0,3.0,3.0,2,50.0,2.0,1,2.0,0,1989.0,52.0,1,38,89,8.0,0.0,0.0,0.0,0.0,5.0,200,1.0,2,2,0.0,1,2,3.0,4.0,1
0,293.0,27300.0,34,16800.0,16800.0,78,1.0,32,1.0,16.0,20,1.0,1.0,1,1,2.0,1,2.0,3.0,1000,0.0,3.0,3.0,0,35.0,2.0,1,2.0,0,1978.0,26.0,1,38,89,3.0,10500.0,0.0,0.0,0.0,5.0,200,1.0,2,2,0.0,1,1,3.0,4.0,1
0,172.0,2000.0,42,2000.0,0.0,49,1.0,999,1.0,21.0,20,1.0,1.0,2,1,2.0,1,2.0,3.0,1000,0.0,3.0,3.0,0,30.0,2.0,1,2.0,0,2013.0,52.0,1,38,999,6.0,0.0,0.0,0.0,0.0,5.0,300,1.0,4,2,0.0,1,2,3.0,4.0,1
0,172.0,50000.0,06,50000.0,50000.0,07,1.0,999,1.0,21.0,21,1.0,1.0,2,1,2.0,1,2.0,3.0,1000,0.0,3.0,3.0,2,48.0,2.0,1,2.0,0,2013.0,52.0,1,38,999,1.0,0.0,0.0,0.0,0.0,5.0,300,1.0,4,2,0.0,1,2,3.0,4.0,1
0,501.0,100000.0,38,100000.0,100000.0,94,1.0,996,1.0,21.0,20,1.0,1.0,2,1,2.0,1,2.0,3.0,1000,0.0,3.0,3.0,0,40.0,2.0,1,2.0,0,2001.0,52.0,1,55,999,3.0,0.0,0.0,0.0,0.0,5.0,100,1.0,3,2,0.0,1,2,3.0,4.0,1
0,501.0,50000.0,57,50000.0,50000.0,79,1.0,999,1.0,19.0,21,1.0,1.0,2,1,2.0,1,2.0,3.0,1000,0.0,3.0,3.0,0,35.0,2.0,1,2.0,0,2001.0,52.0,1,55,999,1.0,0.0,0.0,0.0,0.0,5.0,100,1.0,4,2,0.0,1,2,3.0,4.0,1
1,40.0,0.0,49,0.0,0.0,75,3.0,32,2.0,19.0,20,1.0,2.0,1,1,1.0,1,2.0,1.0,1000,0.0,2.0,2.0,0,40.0,1.0,1,2.0,0,2019.0,52.0,1,38,171,1.0,0.0,0.0,0.0,0.0,1.0,500,1.0,2,2,0.0,1,1,3.0,4.0,1
1,40.0,10000.0,96,10000.0,10000.0,10,1.0,32,1.0,17.0,21,1.0,1.0,2,1,2.0,17,2.0,1.0,9000,0.0,2.0,2.0,0,60.0,2.0,9,2.0,1,2019.0,52.0,1,6,917,1.0,0.0,0.0,0.0,0.0,1.0,500,1.0,2,2,0.0,1,2,3.0,4.0,1
0,287.0,45000.0,20,45000.0,45000.0,83,1.0,32,1.0,22.0,20,6.0,1.0,2,5,2.0,1,2.0,3.0,1000,0.0,3.0,3.0,0,40.0,2.0,1,2.0,0,1995.0,52.0,1,38,171,1.0,0.0,0.0,0.0,0.0,5.0,200,1.0,2,2,0.0,1,2,3.0,4.0,1
0,319.0,50000.0,02,50000.0,50000.0,07,1.0,50,1.0,19.0,22,4.0,1.0,2,3,2.0,1,2.0,3.0,1000,0.0,3.0,3.0,0,60.0,2.0,1,2.0,0,2009.0,52.0,1,27,32,7.0,0.0,0.0,0.0,0.0,5.0,200,1.0,2,2,0.0,1,2,3.0,4.0,1
0,208.0,32600.0,96,32600.0,32600.0,61,1.0,210,1.0,18.0,20,4.0,1.0,2,3,2.0,29,2.0,3.0,9000,0.0,3.0,3.0,0,41.0,2.0,9,2.0,0,2012.0,52.0,1,27,32,1.0,0.0,0.0,0.0,0.0,5.0,500,1.0,2,2,0.0,1,2,3.0,2.0,2
0,213.0,52000.0,58,52000.0,52000.0,83,1.0,917,1.0,20.0,20,6.0,1.0,2,5,2.0,3,2.0,3.0,5013,0.0,3.0,3.0,0,40.0,2.0,3,2.0,1,1995.0,52.0,0,38,999,5.0,0.0,0.0,0.0,0.0,5.0,400,1.0,1,2,0.0,1,2,3.0,4.0,1
0,0.0,0.0,71,0.0,0.0,96,6.0,924,2.0,16.0,20,2.0,2.0,2,1,2.0,1,2.0,2.0,1000,0.0,2.0,2.0,0,40.0,2.0,1,2.0,0,2016.0,52.0,1,13,210,5.0,0.0,0.0,0.0,0.0,5.0,500,1.0,2,2,0.0,1,2,3.0,2.0,2
0,91.0,13000.0,62,0.0,0.0,07,6.0,26,2.0,17.0,20,3.0,2.0,2,2,2.0,1,2.0,2.0,1000,0.0,2.0,2.0,0,40.0,2.0,1,2.0,0,1980.0,52.0,1,23,999,1.0,13000.0,0.0,0.0,0.0,5.0,200,1.0,1,2,0.0,1,2,3.0,2.0,1
0,446.0,30000.0,32,30000.0,30000.0,83,1.0,999,1.0,22.0,20,1.0,1.0,2,1,2.0,1,2.0,3.0,1000,0.0,3.0,3.0,0,43.0,2.0,1,2.0,0,2017.0,52.0,1,48,999,1.0,0.0,0.0,0.0,0.0,5.0,200,3.0,4,2,0.0,1,2,3.0,4.0,1
0,446.0,60000.0,98,60000.0,60000.0,96,4.0,999,1.0,21.0,21,1.0,1.0,2,1,2.0,1,2.0,3.0,1000,0.0,3.0,3.0,0,50.0,2.0,1,2.0,0,2017.0,52.0,1,24,999,5.0,0.0,0.0,0.0,0.0,5.0,200,3.0,4,2,0.0,1,2,3.0,1.0,2
1,0.0,0.0,47,0.0,0.0,49,6.0,999,2.0,20.0,20,6.0,2.0,2,5,2.0,3,2.0,2.0,5013,0.0,2.0,2.0,0,40.0,2.0,3,2.0,1,1995.0,52.0,0,38,999,1.0,0.0,0.0,0.0,0.0,5.0,300,1.0,4,2,0.0,1,2,3.0,4.0,1
0,273.0,28000.0,04,28000.0,0.0,65,2.0,32,1.0,21.0,20,1.0,1.0,2,1,2.0,1,2.0,3.0,1000,0.0,2.0,1.0,2,60.0,2.0,1,2.0,0,2015.0,52.0,1,31,3,6.0,0.0,0.0,0.0,0.0,5.0,600,3.0,2,2,0.0,1,2,3.0,4.0,1
0,273.0,27000.0,04,27000.0,0.0,85,2.0,24,1.0,19.0,21,1.0,1.0,2,1,2.0,1,2.0,3.0,1000,0.0,2.0,1.0,1,60.0,2.0,1,2.0,0,2015.0,52.0,1,27,999,6.0,0.0,0.0,0.0,0.0,5.0,600,3.0,1,2,0.0,1,2,3.0,4.0,1
0,380.0,60000.0,91,60000.0,60000.0,61,1.0,32,1.0,16.0,20,6.0,1.0,2,5,2.0,1,2.0,3.0,1000,0.0,3.0,3.0,2,99.0,2.0,1,2.0,0,1995.0,52.0,1,38,82,1.0,0.0,0.0,0.0,0.0,5.0,100,1.0,2,2,0.0,1,2,3.0,4.0,1
0,501.0,91600.0,51,86000.0,86000.0,74,1.0,32,1.0,21.0,20,1.0,1.0,2,1,2.0,1,2.0,3.0,1000,0.0,3.0,3.0,0,32.0,2.0,1,2.0,0,1993.0,52.0,1,38,999,7.0,0.0,0.0,0.0,0.0,5.0,200,1.0,1,2,5600.0,1,2,3.0,4.0,1
0,501.0,110600.0,16,105000.0,105000.0,74,1.0,82,1.0,22.0,21,1.0,1.0,2,1,2.0,1,2.0,3.0,1000,0.0,3.0,3.0,0,50.0,2.0,1,2.0,0,1993.0,52.0,1,38,999,7.0,0.0,0.0,0.0,0.0,5.0,200,1.0,1,2,5600.0,1,2,3.0,4.0,1
0,501.0,150000.0,02,150000.0,100000.0,01,6.0,996,1.0,18.0,20,1.0,2.0,2,1,2.0,1,2.0,2.0,1000,0.0,2.0,2.0,0,40.0,2.0,1,2.0,0,2004.0,40.0,1,38,999,6.0,0.0,0.0,0.0,0.0,5.0,500,1.0,3,2,0.0,1,2,3.0,4.0,1
0,501.0,83000.0,10,83000.0,83000.0,81,1.0,22,1.0,21.0,21,1.0,1.0,2,1,2.0,1,2.0,3.0,1000,0.0,3.0,3.0,0,40.0,2.0,1,2.0,0,2004.0,52.0,1,25,999,2.0,0.0,0.0,0.0,0.0,5.0,500,1.0,1,2,0.0,1,2,3.0,4.0,1
0,501.0,79180.0,60,79000.0,42000.0,01,1.0,32,1.0,18.0,20,1.0,1.0,2,1,2.0,1,2.0,3.0,1000,0.0,3.0,3.0,2,55.0,2.0,1,2.0,0,2015.0,52.0,1,38,999,1.0,0.0,0.0,0.0,0.0,5.0,300,1.0,1,2,180.0,1,2,3.0,4.0,1
0,501.0,86000.0,31,86000.0,86000.0,80,1.0,82,1.0,24.0,21,1.0,1.0,2,1,2.0,1,2.0,2.0,1000,0.0,3.0,3.0,0,40.0,2.0,1,2.0,0,2015.0,52.0,1,38,999,1.0,0.0,0.0,0.0,0.0,5.0,300,1.0,1,2,0.0,1,2,3.0,4.0,1
0,395.0,54200.0,77,0.0,0.0,35,6.0,89,2.0,16.0,20,1.0,2.0,2,1,2.0,1,2.0,2.0,1000,0.0,2.0,2.0,0,40.0,2.0,1,2.0,0,1976.0,52.0,1,27,999,1.0,24200.0,30000.0,0.0,0.0,5.0,600,1.0,1,2,0.0,1,2,3.0,4.0,1
0,395.0,16500.0,51,12000.0,12000.0,68,1.0,89,1.0,16.0,21,1.0,1.0,2,1,2.0,1,2.0,2.0,1000,0.0,2.0,2.0,2,40.0,2.0,1,2.0,0,1976.0,52.0,1,27,999,1.0,4500.0,0.0,0.0,0.0,5.0,600,1.0,1,2,0.0,1,2,3.0,4.0,1
0,389.0,100000.0,14,100000.0,100000.0,31,1.0,32,1.0,22.0,20,1.0,1.0,2,1,2.0,1,2.0,3.0,1000,0.0,3.0,3.0,0,50.0,2.0,1,2.0,0,2023.0,52.0,1,27,999,1.0,0.0,0.0,0.0,0.0,5.0,500,1.0,1,2,0.0,1,2,3.0,4.0,1
0,389.0,40000.0,36,40000.0,40000.0,82,1.0,720,1.0,21.0,21,1.0,1.0,2,1,2.0,6,2.0,3.0,4008,0.0,3.0,3.0,0,40.0,2.0,6,2.0,0,2023.0,28.0,0,233,999,1.0,0.0,0.0,0.0,0.0,5.0,500,1.0,1,2,0.0,4,2,3.0,4.0,1
0,128.0,44000.0,02,44000.0,24000.0,01,1.0,939,1.0,15.0,20,1.0,1.0,2,1,2.0,1,2.0,3.0,1000,0.0,3.0,3.0,0,99.0,2.0,1,2.0,0,2005.0,52.0,1,38,999,6.0,0.0,0.0,0.0,0.0,5.0,500,1.0,1,2,0.0,1,2,3.0,4.0,1
0,128.0,2000.0,02,2000.0,0.0,01,1.0,939,1.0,17.0,21,1.0,1.0,2,1,2.0,1,2.0,3.0,1000,0.0,3.0,3.0,0,99.0,2.0,1,2.0,0,2005.0,52.0,1,38,999,6.0,0.0,0.0,0.0,0.0,5.0,500,1.0,1,2,0.0,1,2,3.0,4.0,1
0,390.0,37000.0,07,37000.0,0.0,57,1.0,32,1.0,21.0,20,1.0,1.0,2,1,2.0,1,2.0,3.0,1000,0.0,3.0,3.0,0,30.0,2.0,1,2.0,0,1998.0,52.0,1,38,999,6.0,0.0,0.0,0.0,0.0,5.0,400,1.0,1,2,0.0,1,2,3.0,4.0,1
0,390.0,106000.0,14,106000.0,106000.0,35,1.0,32,1.0,22.0,21,1.0,1.0,2,1,2.0,1,2.0,3.0,1000,0.0,3.0,3.0,0,40.0,2.0,1,2.0,0,1998.0,52.0,1,38,999,1.0,0.0,0.0,0.0,0.0,5.0,400,1.0,1,2,0.0,1,2,3.0,2.0,1
0,390.0,0.0,99,0.0,0.0,99,3.0,32,3.0,16.0,25,6.0,2.0,2,5,2.0,1,2.0,1.0,1000,0.0,2.0,2.0,0,40.0,2.0,1,2.0,0,1995.0,52.0,1,38,999,9.0,0.0,0.0,0.0,0.0,1.0,400,1.0,1,2,0.0,1,2,3.0,4.0,1
0,399.0,20500.0,18,20000.0,20000.0,79,1.0,996,1.0,21.0,20,1.0,1.0,2,1,2.0,1,2.0,3.0,1000,0.0,3.0,3.0,0,40.0,2.0,1,2.0,0,2013.0,32.0,1,28,999,1.0,0.0,0.0,0.0,0.0,5.0,500,2.0,3,2,500.0,1,2,3.0,4.0,1
0,399.0,60000.0,00,60000.0,60000.0,96,4.0,999,1.0,21.0,21,1.0,1.0,2,1,2.0,1,2.0,3.0,1000,0.0,3.0,3.0,0,40.0,2.0,1,2.0,0,2013.0,52.0,1,28,999,5.0,0.0,0.0,0.0,0.0,5.0,500,2.0,4,2,0.0,1,2,3.0,1.0,1
0,501.0,145300.0,40,101000.0,51000.0,86,1.0,89,1.0,18.0,20,1.0,1.0,2,1,2.0,1,2.0,3.0,1000,0.0,3.0,3.0,0,24.0,2.0,1,2.0,0,1986.0,51.0,1,27,24,6.0,0.0,26600.0,17300.0,0.0,5.0,400,1.0,2,2,400.0,1,2,3.0,2.0,1
0,501.0,21400.0,96,21400.0,21400.0,54,1.0,32,1.0,16.0,21,1.0,1.0,2,1,2.0,1,2.0,3.0,1000,0.0,3.0,3.0,0,28.0,2.0,1,2.0,0,1986.0,51.0,1,38,999,2.0,0.0,0.0,0.0,0.0,5.0,400,1.0,1,2,0.0,1,2,3.0,4.0,1
0,392.0,140000.0,02,140000.0,140000.0,62,1.0,50,1.0,19.0,20,1.0,1.0,2,1,2.0,1,2.0,3.0,1000,0.0,3.0,3.0,0,40.0,2.0,1,2.0,0,2011.0,52.0,1,49,22,1.0,0.0,0.0,0.0,0.0,5.0,300,1.0,2,2,0.0,1,2,3.0,4.0,1
0,392.0,1000.0,46,0.0,0.0,85,6.0,210,2.0,16.0,21,1.0,2.0,2,1,2.0,41,2.0,2.0,9000,0.0,2.0,2.0,0,40.0,2.0,9,2.0,1,2011.0,52.0,0,303,84,1.0,0.0,0.0,1000.0,0.0,5.0,300,1.0,2,2,0.0,3,2,3.0,4.0,2
0,290.0,90000.0,91,90000.0,90000.0,22,1.0,82,1.0,13.0,20,4.0,1.0,2,3,2.0,1,2.0,3.0,1000,0.0,3.0,3.0,0,60.0,2.0,1,2.0,0,1998.0,52.0,1,27,999,1.0,0.0,0.0,0.0,0.0,5.0,100,1.0,1,2,0.0,1,2,3.0,4.0,1
0,501.0,154000.0,83,30000.0,30000.0,16,1.0,924,1.0,19.0,22,4.0,1.0,2,3,2.0,1,2.0,3.0,1000,0.0,3.0,3.0,2,40.0,2.0,1,2.0,0,2000.0,52.0,1,66,999,1.0,0.0,0.0,0.0,0.0,5.0,100,1.0,1,2,124000.0,2,2,3.0,3.0,1
0,290.0,6000.0,41,6000.0,6000.0,86,2.0,999,1.0,17.0,33,4.0,1.0,2,3,2.0,1,2.0,3.0,1000,0.0,3.0,3.0,0,25.0,2.0,1,2.0,0,2000.0,44.0,1,66,999,1.0,0.0,0.0,0.0,0.0,5.0,100,1.0,4,2,0.0,2,2,3.0,3.0,1
0,290.0,38000.0,81,38000.0,38000.0,30,1.0,999,1.0,20.0,33,4.0,1.0,2,3,2.0,1,2.0,3.0,1000,0.0,3.0,3.0,0,40.0,2.0,1,2.0,0,1998.0,52.0,1,66,999,1.0,0.0,0.0,0.0,0.0,5.0,100,1.0,4,2,0.0,2,2,3.0,4.0,1
0,501.0,18200.0,40,18200.0,18200.0,86,1.0,32,1.0,17.0,20,1.0,1.0,2,1,2.0,1,2.0,3.0,1000,0.0,3.0,3.0,0,30.0,2.0,1,2.0,0,1995.0,24.0,1,55,935,1.0,0.0,0.0,0.0,0.0,5.0,200,1.0,2,2,0.0,1,2,3.0,4.0,1
0,501.0,47700.0,77,47700.0,47700.0,28,1.0,32,1.0,13.0,21,1.0,1.0,2,1,2.0,17,2.0,3.0,9000,0.0,3.0,3.0,0,50.0,2.0,9,2.0,1,1995.0,52.0,1,18,917,1.0,0.0,0.0,0.0,0.0,5.0,200,1.0,2,2,0.0,1,2,3.0,4.0,1
0,501.0,67000.0,62,67000.0,67000.0,07,1.0,32,1.0,16.0,25,6.0,1.0,2,5,2.0,17,2.0,3.0,9000,0.0,3.0,3.0,0,40.0,2.0,9,2.0,1,1995.0,52.0,1,38,935,1.0,0.0,0.0,0.0,0.0,5.0,200,1.0,2,2,0.0,1,2,3.0,4.0,1
0,501.0,14700.0,39,14700.0,14700.0,78,1.0,171,1.0,18.0,21,1.0,1.0,2,1,2.0,1,2.0,3.0,1000,0.0,3.0,3.0,0,28.0,2.0,1,2.0,0,2011.0,35.0,1,27,50,3.0,0.0,0.0,0.0,0.0,5.0,500,1.0,2,2,0.0,1,2,3.0,4.0,1
0,501.0,75000.0,08,75000.0,75000.0,70,1.0,82,1.0,21.0,20,1.0,1.0,2,1,2.0,1,2.0,3.0,1000,0.0,3.0,3.0,0,45.0,2.0,1,2.0,0,1993.0,51.0,1,38,114,7.0,0.0,0.0,0.0,0.0,5.0,600,1.0,2,2,0.0,1,2,3.0,2.0,1
0,501.0,120000.0,48,120000.0,100000.0,43,1.0,89,1.0,21.0,21,1.0,1.0,2,1,2.0,1,2.0,3.0,1000,0.0,3.0,3.0,0,40.0,2.0,1,2.0,0,1993.0,30.0,1,27,50,1.0,0.0,0.0,0.0,0.0,5.0,600,1.0,2,2,0.0,1,2,3.0,2.0,1
0,219.0,34500.0,26,0.0,0.0,64,6.0,82,2.0,16.0,20,6.0,2.0,1,5,1.0,1,2.0,2.0,1000,11000.0,2.0,2.0,2,40.0,2.0,1,2.0,0,1995.0,52.0,1,38,999,3.0,23500.0,0.0,0.0,0.0,5.0,400,1.0,1,2,0.0,1,2,3.0,4.0,1
0,501.0,18000.0,25,18000.0,18000.0,78,1.0,999,1.0,16.0,21,1.0,1.0,2,1,2.0,1,2.0,3.0,1000,0.0,3.0,3.0,0,35.0,2.0,1,2.0,0,2007.0,40.0,1,38,999,1.0,0.0,0.0,0.0,0.0,5.0,400,1.0,4,2,0.0,1,2,3.0,4.0,1
0,475.0,50000.0,32,50000.0,50000.0,81,1.0,32,1.0,20.0,21,1.0,1.0,2,1,2.0,1,2.0,3.0,1000,0.0,3.0,3.0,0,32.0,2.0,1,2.0,0,2015.0,52.0,1,4,999,1.0,0.0,0.0,0.0,0.0,5.0,500,1.0,1,2,0.0,1,2,3.0,4.0,1
0,358.0,85000.0,91,85000.0,65000.0,45,1.0,939,1.0,16.0,20,1.0,1.0,2,1,2.0,1,2.0,3.0,1000,0.0,3.0,3.0,0,50.0,2.0,1,2.0,0,2009.0,52.0,1,38,999,1.0,0.0,0.0,0.0,0.0,5.0,500,1.0,1,2,0.0,1,2,3.0,4.0,1
0,358.0,59000.0,52,59000.0,59000.0,66,1.0,32,1.0,21.0,21,1.0,1.0,2,1,2.0,1,2.0,3.0,1000,0.0,3.0,3.0,0,40.0,2.0,1,2.0,0,2009.0,52.0,1,38,111,1.0,0.0,0.0,0.0,0.0,5.0,500,1.0,2,2,0.0,1,2,3.0,4.0,1
0,319.0,50000.0,73,50000.0,50000.0,85,1.0,920,1.0,16.0,20,6.0,1.0,2,5,2.0,3,2.0,3.0,5013,0.0,3.0,3.0,0,40.0,2.0,3,2.0,1,1995.0,52.0,0,38,999,1.0,0.0,0.0,0.0,0.0,5.0,100,1.0,1,2,0.0,1,2,3.0,4.0,1
0,336.0,60000.0,36,60000.0,60000.0,80,1.0,999,1.0,20.0,20,1.0,1.0,2,1,2.0,1,2.0,3.0,1000,0.0,3.0,3.0,0,32.0,2.0,1,2.0,0,2017.0,52.0,1,38,999,2.0,0.0,0.0,0.0,0.0,5.0,500,1.0,4,2,0.0,1,2,3.0,4.0,1
0,336.0,60000.0,02,60000.0,60000.0,07,1.0,999,1.0,19.0,21,1.0,1.0,2,1,2.0,1,2.0,3.0,1000,0.0,3.0,3.0,0,60.0,2.0,1,2.0,0,2017.0,52.0,1,38,999,2.0,0.0,0.0,0.0,0.0,5.0,500,1.0,4,2,0.0,1,2,3.0,4.0,1
1,50.0,15000.0,36,15000.0,15000.0,82,1.0,999,1.0,15.0,20,6.0,1.0,2,5,2.0,3,2.0,3.0,5013,0.0,3.0,3.0,0,20.0,2.0,3,2.0,1,1995.0,52.0,0,38,999,3.0,0.0,0.0,0.0,0.0,5.0,400,1.0,4,2,0.0,1,2,3.0,4.0,1
0,501.0,96000.0,33,96000.0,96000.0,81,1.0,999,1.0,21.0,20,1.0,1.0,2,1,2.0,1,2.0,2.0,1000,0.0,2.0,2.0,0,40.0,2.0,1,2.0,0,1987.0,52.0,1,38,999,2.0,0.0,0.0,0.0,0.0,5.0,200,1.0,4,2,0.0,1,2,3.0,4.0,1
0,501.0,110000.0,32,110000.0,110000.0,81,1.0,999,1.0,21.0,21,1.0,1.0,2,1,2.0,1,2.0,3.0,1000,0.0,2.0,2.0,0,40.0,2.0,1,2.0,0,1987.0,52.0,1,38,999,2.0,0.0,0.0,0.0,0.0,5.0,200,1.0,4,2,0.0,1,2,3.0,4.0,1
0,299.0,45800.0,60,45800.0,45800.0,72,1.0,999,1.0,24.0,20,4.0,1.0,2,3,2.0,1,2.0,3.0,1000,0.0,3.0,3.0,0,47.0,2.0,1,2.0,0,1999.0,52.0,1,301,999,1.0,0.0,0.0,0.0,0.0,5.0,200,3.0,4,2,0.0,7,2,3.0,4.0,1
0,208.0,31800.0,07,31800.0,31800.0,81,1.0,599,1.0,22.0,20,4.0,1.0,2,3,2.0,2,2.0,3.0,3000,0.0,3.0,3.0,0,36.0,2.0,2,2.0,0,2013.0,52.0,0,429,999,2.0,0.0,0.0,0.0,0.0,5.0,600,3.0,1,2,0.0,6,2,3.0,4.0,1
0,482.0,65000.0,86,65000.0,65000.0,01,1.0,82,1.0,18.0,20,1.0,1.0,2,1,2.0,1,2.0,3.0,1000,0.0,3.0,3.0,0,52.0,2.0,1,2.0,0,1986.0,52.0,1,38,999,1.0,0.0,0.0,0.0,0.0,5.0,500,1.0,1,2,0.0,1,2,3.0,4.0,1
0,482.0,47000.0,23,47000.0,47000.0,78,1.0,89,1.0,21.0,21,1.0,1.0,2,1,2.0,1,2.0,3.0,1000,0.0,3.0,3.0,0,40.0,2.0,1,2.0,0,1986.0,42.0,1,26,999,3.0,0.0,0.0,0.0,0.0,5.0,500,1.0,1,2,0.0,1,2,3.0,4.0,1
1,482.0,2400.0,42,2400.0,0.0,76,1.0,82,1.0,21.0,25,6.0,1.0,1,5,2.0,1,1.0,3.0,1000,0.0,3.0,3.0,0,3.0,2.0,1,2.0,0,1995.0,52.0,1,38,89,6.0,0.0,0.0,0.0,0.0,5.0,500,1.0,2,2,0.0,1,2,3.0,4.0,1
0,123.0,25000.0,82,25000.0,25000.0,32,1.0,98,1.0,19.0,20,4.0,1.0,1,3,1.0,1,2.0,3.0,1000,0.0,3.0,3.0,0,40.0,2.0,1,2.0,0,2004.0,35.0,1,27,999,1.0,0.0,0.0,0.0,0.0,5.0,400,1.0,1,2,0.0,1,2,3.0,4.0,1
0,326.0,50000.0,08,50000.0,50000.0,01,1.0,187,1.0,22.0,22,4.0,1.0,1,3,2.0,1,2.0,3.0,1000,0.0,3.0,3.0,0,40.0,1.0,1,2.0,0,2015.0,52.0,1,39,999,1.0,0.0,0.0,0.0,0.0,5.0,400,1.0,1,2,0.0,1,2,3.0,4.0,1
0,429.0,80000.0,63,72000.0,42000.0,07,6.0,32,1.0,16.0,21,1.0,2.0,1,1,2.0,1,2.0,2.0,1000,8000.0,2.0,2.0,2,40.0,1.0,1,2.0,0,1977.0,34.0,1,38,999,7.0,0.0,0.0,0.0,0.0,5.0,200,1.0,1,2,0.0,1,2,3.0,4.0,1
0,501.0,98000.0,31,98000.0,98000.0,80,1.0,32,1.0,21.0,20,1.0,1.0,2,1,2.0,1,2.0,3.0,1000,0.0,3.0,3.0,0,32.0,2.0,1,2.0,0,2006.0,52.0,1,38,999,1.0,0.0,0.0,0.0,0.0,5.0,600,1.0,1,2,0.0,1,2,3.0,4.0,1
0,501.0,133000.0,86,133000.0,133000.0,05,2.0,999,1.0,16.0,21,1.0,1.0,2,1,2.0,1,2.0,3.0,1000,0.0,3.0,3.0,0,48.0,2.0,1,2.0,0,2006.0,52.0,1,18,999,1.0,0.0,0.0,0.0,0.0,5.0,600,1.0,4,2,0.0,1,2,3.0,4.0,1
0,480.0,75500.0,62,75000.0,75000.0,07,1.0,82,1.0,19.0,20,6.0,1.0,2,5,2.0,1,2.0,3.0,1000,0.0,3.0,3.0,2,45.0,2.0,1,2.0,0,1995.0,52.0,1,38,142,7.0,0.0,500.0,0.0,0.0,5.0,500,3.0,2,2,0.0,1,2,3.0,4.0,1
0,173.0,27300.0,36,27300.0,27300.0,82,1.0,999,1.0,19.0,22,6.0,1.0,2,5,2.0,1,2.0,3.0,1000,0.0,3.0,3.0,2,35.0,2.0,1,2.0,0,1995.0,52.0,1,38,999,1.0,0.0,0.0,0.0,0.0,5.0,500,3.0,4,2,0.0,1,2,3.0,4.0,1
0,501.0,65000.0,48,65000.0,65000.0,69,1.0,32,1.0,16.0,20,1.0,1.0,2,1,2.0,1,2.0,3.0,1000,0.0,3.0,3.0,0,40.0,2.0,1,2.0,0,1981.0,52.0,1,38,999,1.0,0.0,0.0,0.0,0.0,5.0,500,1.0,1,2,0.0,1,2,3.0,4.0,1
0,284.0,45000.0,05,45000.0,45000.0,95,1.0,996,1.0,19.0,20,6.0,1.0,2,5,2.0,1,2.0,3.0,1000,0.0,3.0,3.0,0,55.0,2.0,1,2.0,0,1995.0,52.0,1,38,999,4.0,0.0,0.0,0.0,0.0,5.0,100,1.0,3,2,0.0,1,2,3.0,4.0,1
0,501.0,97100.0,10,94000.0,94000.0,66,1.0,996,1.0,21.0,20,6.0,1.0,1,5,2.0,1,2.0,3.0,1000,0.0,3.0,3.0,1,40.0,1.0,1,2.0,0,1995.0,52.0,1,27,999,1.0,0.0,1600.0,1500.0,0.0,5.0,100,1.0,3,2,0.0,1,2,3.0,4.0,1
0,457.0,70000.0,96,70000.0,70000.0,60,1.0,50,1.0,16.0,20,6.0,1.0,2,5,2.0,1,2.0,3.0,1000,0.0,3.0,3.0,0,40.0,2.0,1,2.0,0,1995.0,52.0,1,38,82,1.0,0.0,0.0,0.0,0.0,5.0,400,1.0,2,2,0.0,1,2,3.0,4.0,1
0,184.0,24000.0,42,24000.0,0.0,76,1.0,999,1.0,16.0,20,1.0,1.0,1,1,2.0,1,2.0,3.0,1000,0.0,3.0,3.0,0,45.0,1.0,1,2.0,0,2007.0,52.0,1,38,999,6.0,0.0,0.0,0.0,0.0,5.0,100,1.0,4,2,0.0,1,2,3.0,4.0,1
0,184.0,50000.0,67,50000.0,50000.0,07,1.0,999,1.0,16.0,21,1.0,1.0,2,1,2.0,1,2.0,3.0,1000,0.0,3.0,3.0,1,60.0,2.0,1,2.0,0,2007.0,52.0,1,38,999,3.0,0.0,0.0,0.0,0.0,5.0,100,1.0,4,2,0.0,1,2,3.0,4.0,1
0,123.0,30000.0,91,30000.0,30000.0,70,1.0,3,1.0,18.0,20,4.0,1.0,2,3,2.0,1,2.0,3.0,1000,0.0,3.0,3.0,0,40.0,2.0,1,2.0,0,2015.0,52.0,1,38,82,1.0,0.0,0.0,0.0,0.0,5.0,200,1.0,2,2,0.0,1,2,3.0,4.0,1
0,403.0,79000.0,69,79000.0,79000.0,04,1.0,32,1.0,16.0,20,1.0,1.0,2,1,2.0,1,2.0,3.0,1000,0.0,3.0,3.0,0,80.0,2.0,1,2.0,0,1988.0,52.0,1,38,999,1.0,0.0,0.0,0.0,0.0,5.0,100,1.0,1,2,0.0,1,2,3.0,4.0,1
0,403.0,0.0,42,0.0,0.0,69,6.0,32,3.0,16.0,21,1.0,2.0,2,1,2.0,1,2.0,2.0,1000,0.0,2.0,2.0,0,40.0,2.0,1,2.0,0,1988.0,52.0,1,46,999,1.0,0.0,0.0,0.0,0.0,5.0,100,1.0,1,2,0.0,1,2,3.0,4.0,1
0,501.0,110330.0,10,110000.0,110000.0,30,1.0,32,1.0,21.0,20,1.0,1.0,2,1,2.0,1,2.0,3.0,1000,0.0,3.0,3.0,0,45.0,2.0,1,2.0,0,2022.0,52.0,1,38,51,1.0,0.0,0.0,0.0,0.0,5.0,600,1.0,2,2,330.0,1,2,3.0,3.0,1
0,501.0,65000.0,08,65000.0,65000.0,68,1.0,111,1.0,21.0,21,1.0,1.0,2,1,2.0,1,2.0,3.0,1000,0.0,3.0,3.0,0,40.0,2.0,1,2.0,0,2022.0,52.0,1,38,142,1.0,0.0,0.0,0.0,0.0,5.0,600,3.0,2,2,0.0,1,2,3.0,4.0,1
0,399.0,51000.0,23,51000.0,51000.0,78,1.0,32,1.0,21.0,20,1.0,1.0,2,1,2.0,1,2.0,3.0,1000,0.0,3.0,3.0,0,36.0,2.0,1,2.0,0,2020.0,52.0,1,53,22,3.0,0.0,0.0,0.0,0.0,5.0,200,1.0,2,2,0.0,1,2,3.0,4.0,1
0,399.0,30000.0,25,30000.0,30000.0,78,1.0,32,1.0,19.0,21,1.0,1.0,2,1,2.0,1,2.0,3.0,1000,0.0,3.0,3.0,0,36.0,2.0,1,2.0,0,2020.0,44.0,1,38,111,3.0,0.0,0.0,0.0,0.0,5.0,200,1.0,2,2,0.0,1,2,3.0,2.0,1
0,501.0,100000.0,16,100000.0,100000.0,95,1.0,999,1.0,21.0,20,1.0,1.0,1,1,2.0,8,2.0,3.0,4003,0.0,3.0,3.0,0,40.0,2.0,6,2.0,0,2005.0,52.0,0,217,999,5.0,0.0,0.0,0.0,0.0,5.0,600,1.0,4,1,0.0,4,2,3.0,4.0,1
0,501.0,40000.0,02,40000.0,40000.0,78,1.0,999,1.0,21.0,21,1.0,1.0,2,1,2.0,8,2.0,3.0,4003,0.0,3.0,3.0,0,40.0,2.0,6,2.0,0,2005.0,52.0,0,217,999,1.0,0.0,0.0,0.0,0.0,5.0,600,1.0,4,2,0.0,4,2,3.0,4.0,1
0,154.0,60000.0,02,60000.0,0.0,01,1.0,82,1.0,21.0,20,1.0,1.0,1,1,1.0,1,2.0,2.0,1000,0.0,2.0,2.0,2,75.0,2.0,1,2.0,0,2014.0,52.0,1,38,999,6.0,0.0,0.0,0.0,0.0,5.0,200,1.0,1,2,0.0,1,2,3.0,4.0,1
0,154.0,200.0,42,0.0,0.0,69,6.0,82,3.0,21.0,21,1.0,2.0,2,1,2.0,1,2.0,2.0,1000,0.0,2.0,2.0,2,40.0,2.0,1,2.0,0,2014.0,52.0,1,38,999,1.0,0.0,0.0,0.0,0.0,5.0,200,1.0,1,2,200.0,1,2,3.0,4.0,1
1,31.0,5000.0,40,5000.0,3000.0,86,1.0,32,1.0,20.0,20,6.0,1.0,2,5,2.0,1,2.0,3.0,1000,0.0,3.0,3.0,0,25.0,2.0,1,2.0,0,1995.0,52.0,1,38,999,1.0,0.0,0.0,0.0,0.0,5.0,300,3.0,1,2,0.0,1,2,3.0,4.0,1
0,0.0,0.0,42,0.0,0.0,69,6.0,995,3.0,20.0,20,1.0,2.0,2,1,2.0,16,2.0,3.0,9000,0.0,3.0,3.0,0,40.0,2.0,9,2.0,0,2020.0,52.0,1,55,999,1.0,0.0,0.0,0.0,0.0,5.0,500,3.0,3,2,0.0,1,2,3.0,4.0,1
0,0.0,0.0,42,0.0,0.0,69,6.0,924,3.0,21.0,21,1.0,2.0,2,1,2.0,1,2.0,2.0,1000,0.0,2.0,2.0,2,40.0,2.0,1,2.0,0,2020.0,52.0,1,8,999,1.0,0.0,0.0,0.0,0.0,5.0,500,3.0,1,2,0.0,1,2,2.0,4.0,1
0,269.0,56000.0,77,56000.0,56000.0,35,1.0,917,1.0,18.0,20,6.0,1.0,2,5,2.0,3,2.0,3.0,5014,0.0,3.0,3.0,0,40.0,2.0,5,2.0,1,1995.0,52.0,0,38,999,1.0,0.0,0.0,0.0,0.0,5.0,500,1.0,1,2,0.0,1,2,3.0,4.0,1
0,427.0,65000.0,20,65000.0,65000.0,78,1.0,82,1.0,22.0,20,4.0,1.0,2,3,2.0,1,2.0,3.0,1000,0.0,3.0,3.0,2,40.0,2.0,1,2.0,0,1994.0,52.0,1,38,32,2.0,0.0,0.0,0.0,0.0,5.0,200,1.0,2,2,0.0,1,2,3.0,4.0,1
1,147.0,30200.0,47,30200.0,30200.0,53,1.0,996,1.0,16.0,20,4.0,1.0,2,3,2.0,1,2.0,3.0,1000,0.0,3.0,3.0,0,35.0,2.0,1,2.0,0,1999.0,52.0,1,38,999,1.0,0.0,0.0,0.0,0.0,5.0,500,1.0,3,2,0.0,1,2,3.0,4.0,1
1,501.0,80000.0,72,80000.0,80000.0,46,6.0,996,1.0,16.0,22,6.0,2.0,2,5,2.0,1,2.0,2.0,1000,0.0,2.0,2.0,0,40.0,2.0,1,2.0,0,1995.0,52.0,1,27,999,1.0,0.0,0.0,0.0,0.0,5.0,500,1.0,3,2,0.0,1,2,3.0,4.0,1
0,470.0,0.0,57,0.0,0.0,07,6.0,51,2.0,21.0,20,1.0,2.0,2,1,2.0,1,2.0,2.0,1000,0.0,2.0,2.0,0,40.0,2.0,1,2.0,0,2023.0,52.0,1,27,50,7.0,0.0,0.0,0.0,0.0,5.0,600,1.0,2,2,0.0,1,2,3.0,4.0,1
0,470.0,115000.0,47,115000.0,115000.0,46,1.0,82,1.0,18.0,21,1.0,1.0,2,1,2.0,1,2.0,3.0,1000,0.0,3.0,3.0,0,50.0,2.0,1,2.0,0,2023.0,52.0,1,27,50,1.0,0.0,0.0,0.0,0.0,5.0,600,1.0,2,2,0.0,1,2,3.0,4.0,1
0,0.0,0.0,42,0.0,0.0,69,6.0,999,3.0,1.0,20,6.0,2.0,2,5,2.0,1,2.0,2.0,1000,0.0,2.0,2.0,0,40.0,2.0,1,2.0,0,1995.0,52.0,1,38,999,1.0,0.0,0.0,0.0,0.0,5.0,400,3.0,4,2,0.0,1,2,3.0,4.0,1
0,412.0,82000.0,02,82000.0,70000.0,01,1.0,82,1.0,21.0,20,1.0,1.0,2,1,2.0,1,2.0,3.0,1000,0.0,3.0,3.0,1,60.0,2.0,1,2.0,0,2018.0,52.0,1,38,111,1.0,0.0,0.0,0.0,0.0,5.0,500,1.0,2,2,0.0,1,2,3.0,4.0,1
0,412.0,0.0,35,0.0,0.0,83,6.0,142,2.0,22.0,21,1.0,2.0,2,1,2.0,1,2.0,2.0,1000,0.0,2.0,2.0,1,40.0,2.0,1,2.0,0,2018.0,52.0,1,27,26,1.0,0.0,0.0,0.0,0.0,5.0,500,1.0,2,2,0.0,1,2,3.0,4.0,1
0,501.0,55300.0,52,55300.0,50000.0,69,1.0,32,1.0,20.0,20,1.0,1.0,2,1,2.0,1,2.0,3.0,1000,0.0,3.0,3.0,0,40.0,2.0,1,2.0,0,2005.0,52.0,1,38,82,1.0,0.0,0.0,0.0,0.0,5.0,200,1.0,2,2,0.0,1,2,3.0,4.0,1
0,501.0,50000.0,20,50000.0,50000.0,91,1.0,32,1.0,16.0,21,1.0,1.0,2,1,2.0,1,2.0,3.0,1000,0.0,3.0,3.0,0,40.0,2.0,1,2.0,0,2005.0,52.0,1,38,50,2.0,0.0,0.0,0.0,0.0,5.0,200,1.0,2,2,0.0,1,2,3.0,4.0,1
0,501.0,0.0,42,0.0,0.0,69,6.0,22,3.0,19.0,20,1.0,2.0,1,1,2.0,1,2.0,2.0,1000,0.0,2.0,2.0,0,40.0,2.0,1,2.0,0,1982.0,52.0,1,6,50,1.0,0.0,0.0,0.0,0.0,5.0,600,1.0,2,2,0.0,1,1,3.0,4.0,1
0,222.0,45000.0,42,45000.0,45000.0,76,1.0,999,1.0,1.0,20,6.0,1.0,2,5,2.0,1,2.0,3.0,1000,0.0,3.0,3.0,0,40.0,2.0,1,2.0,0,1995.0,52.0,1,301,999,1.0,0.0,0.0,0.0,0.0,5.0,600,3.0,4,2,0.0,7,2,3.0,4.0,1
0,430.0,45000.0,20,45000.0,45000.0,83,1.0,32,1.0,20.0,20,1.0,1.0,2,1,2.0,1,2.0,3.0,1000,0.0,3.0,3.0,0,40.0,2.0,1,2.0,0,2018.0,52.0,1,38,82,2.0,0.0,0.0,0.0,0.0,5.0,200,1.0,2,2,0.0,1,2,3.0,4.0,1
0,430.0,60000.0,73,60000.0,60000.0,07,2.0,32,1.0,16.0,21,1.0,2.0,2,1,2.0,1,2.0,3.0,1000,0.0,2.0,1.0,0,45.0,2.0,1,2.0,0,2018.0,41.0,1,38,148,1.0,0.0,0.0,0.0,0.0,5.0,200,1.0,2,2,0.0,1,2,3.0,4.0,1
0,501.0,96000.0,21,96000.0,96000.0,94,1.0,939,1.0,23.0,20,1.0,1.0,2,1,2.0,1,2.0,3.0,1000,0.0,3.0,3.0,0,60.0,2.0,1,2.0,0,2016.0,52.0,1,38,999,3.0,0.0,0.0,0.0,0.0,5.0,300,1.0,1,2,0.0,1,2,3.0,2.0,1
0,501.0,73000.0,00,73000.0,73000.0,72,1.0,82,1.0,21.0,21,1.0,1.0,2,1,2.0,1,2.0,3.0,1000,0.0,3.0,3.0,0,40.0,2.0,1,2.0,0,2016.0,51.0,1,38,32,1.0,0.0,0.0,0.0,0.0,5.0,300,1.0,2,2,0.0,1,2,3.0,4.0,1
0,418.0,42200.0,42,42200.0,42200.0,78,1.0,917,1.0,19.0,20,4.0,1.0,1,3,2.0,3,2.0,3.0,5013,0.0,1.0,3.0,0,40.0,2.0,3,2.0,1,2002.0,52.0,0,38,999,3.0,0.0,0.0,0.0,0.0,1.0,400,1.0,1,1,0.0,1,2,1.0,4.0,1
0,418.0,17900.0,42,17900.0,17900.0,93,1.0,917,1.0,14.0,25,6.0,1.0,1,5,1.0,3,2.0,3.0,5013,0.0,3.0,3.0,0,32.0,2.0,3,2.0,1,1995.0,52.0,0,38,999,3.0,0.0,0.0,0.0,0.0,5.0,400,1.0,1,2,0.0,1,2,3.0,4.0,1
0,501.0,0.0,29,0.0,0.0,78,3.0,32,2.0,18.0,25,6.0,2.0,2,5,2.0,1,2.0,1.0,1000,0.0,2.0,2.0,0,40.0,2.0,1,2.0,0,1995.0,52.0,1,38,82,4.0,0.0,0.0,0.0,0.0,2.0,300,1.0,2,2,0.0,1,2,3.0,4.0,1
1,174.0,20000.0,00,20000.0,20000.0,85,3.0,935,1.0,20.0,20,4.0,2.0,2,3,2.0,1,2.0,3.0,1000,0.0,1.0,3.0,0,50.0,2.0,1,2.0,0,1980.0,22.0,1,38,999,2.0,0.0,0.0,0.0,0.0,1.0,200,1.0,1,2,0.0,1,2,1.0,3.0,1
0,174.0,15400.0,42,0.0,0.0,69,6.0,999,3.0,18.0,28,6.0,2.0,1,5,2.0,1,1.0,2.0,1000,15400.0,2.0,2.0,0,40.0,1.0,1,1.0,0,1995.0,52.0,1,6,999,1.0,0.0,0.0,0.0,0.0,5.0,200,1.0,4,2,0.0,1,2,3.0,4.0,1
0,383.0,60630.0,23,58630.0,58000.0,78,1.0,82,1.0,22.0,20,6.0,1.0,2,5,2.0,1,2.0,3.0,1000,0.0,3.0,3.0,0,45.0,2.0,1,2.0,0,1995.0,52.0,1,16,89,3.0,0.0,0.0,0.0,0.0,5.0,200,3.0,2,2,2000.0,1,2,3.0,4.0,1
0,501.0,90000.0,00,90000.0,90000.0,83,1.0,82,1.0,21.0,20,1.0,1.0,2,1,2.0,1,2.0,3.0,1000,0.0,3.0,3.0,0,45.0,2.0,1,2.0,0,2002.0,52.0,1,48,999,2.0,0.0,0.0,0.0,0.0,5.0,500,1.0,1,2,0.0,1,2,3.0,4.0,1
0,501.0,85150.0,01,85000.0,85000.0,82,1.0,290,1.0,21.0,21,1.0,1.0,2,1,2.0,29,2.0,3.0,9000,0.0,3.0,3.0,0,50.0,2.0,9,2.0,0,2002.0,52.0,1,53,22,1.0,0.0,0.0,0.0,0.0,5.0,500,1.0,2,2,150.0,1,2,3.0,4.0,2
0,501.0,5000.0,36,5000.0,5000.0,83,1.0,82,1.0,19.0,25,6.0,1.0,2,5,2.0,29,2.0,3.0,9000,0.0,3.0,3.0,0,15.0,2.0,9,2.0,0,1995.0,48.0,1,49,290,2.0,0.0,0.0,0.0,0.0,5.0,500,1.0,2,2,0.0,1,2,3.0,4.0,2
0,501.0,125000.0,96,55000.0,55000.0,30,1.0,82,1.0,16.0,20,6.0,1.0,1,5,2.0,1,2.0,1.0,1000,0.0,2.0,1.0,2,40.0,1.0,1,2.0,0,1995.0,48.0,1,27,999,1.0,0.0,0.0,0.0,0.0,1.0,600,1.0,1,2,70000.0,1,2,2.0,4.0,1
0,209.0,32950.0,04,17200.0,17200.0,94,6.0,82,1.0,21.0,22,6.0,2.0,2,5,2.0,1,2.0,2.0,1000,0.0,2.0,2.0,2,40.0,2.0,1,2.0,0,1995.0,17.0,1,19,50,3.0,0.0,15600.0,0.0,0.0,5.0,200,1.0,2,2,150.0,1,2,2.0,4.0,1
0,159.0,25000.0,36,25000.0,0.0,89,1.0,924,1.0,16.0,20,6.0,1.0,2,5,2.0,1,2.0,3.0,1000,0.0,3.0,3.0,2,25.0,2.0,1,2.0,0,1995.0,52.0,1,38,999,6.0,0.0,0.0,0.0,0.0,5.0,500,1.0,1,2,0.0,1,2,3.0,4.0,1
0,159.0,25000.0,42,25000.0,25000.0,85,1.0,924,1.0,22.0,22,6.0,1.0,2,5,2.0,1,2.0,3.0,1000,0.0,3.0,3.0,0,40.0,2.0,1,2.0,0,1995.0,52.0,1,38,142,1.0,0.0,0.0,0.0,0.0,5.0,500,3.0,2,2,0.0,1,2,3.0,4.0,1
0,3.0,800.0,47,800.0,800.0,55,1.0,32,1.0,16.0,20,4.0,1.0,2,3,2.0,1,2.0,3.0,1000,0.0,3.0,3.0,0,8.0,2.0,1,2.0,0,2020.0,28.0,1,38,82,1.0,0.0,0.0,0.0,0.0,5.0,100,3.0,2,2,0.0,1,2,3.0,4.0,1
0,278.0,44000.0,23,44000.0,44000.0,78,1.0,32,1.0,22.0,20,6.0,1.0,2,5,2.0,1,2.0,3.0,1000,0.0,3.0,3.0,0,40.0,2.0,1,2.0,0,1995.0,52.0,1,38,999,3.0,0.0,0.0,0.0,0.0,5.0,500,3.0,1,2,0.0,1,2,3.0,4.0,1
0,501.0,15600.0,42,0.0,0.0,69,6.0,171,3.0,17.0,25,6.0,2.0,1,5,1.0,1,1.0,2.0,1000,0.0,2.0,2.0,0,40.0,2.0,1,1.0,0,1995.0,52.0,1,38,32,1.0,15600.0,0.0,0.0,0.0,5.0,300,1.0,2,2,0.0,1,2,3.0,4.0,1
0,372.0,70000.0,54,70000.0,70000.0,05,1.0,82,1.0,16.0,20,1.0,1.0,2,1,2.0,1,2.0,2.0,1000,0.0,3.0,3.0,0,40.0,2.0,1,2.0,0,1992.0,52.0,1,11,32,1.0,0.0,0.0,0.0,0.0,3.0,200,1.0,2,2,0.0,1,2,3.0,4.0,1
0,372.0,5000.0,88,5000.0,0.0,87,1.0,50,1.0,16.0,21,1.0,1.0,2,1,2.0,1,2.0,2.0,1000,0.0,2.0,2.0,0,40.0,2.0,1,2.0,0,1992.0,52.0,1,38,999,6.0,0.0,0.0,0.0,0.0,3.0,200,1.0,1,2,0.0,1,2,2.0,4.0,1
0,372.0,11200.0,27,11200.0,11200.0,78,6.0,999,1.0,16.0,25,6.0,2.0,2,5,2.0,1,2.0,2.0,1000,0.0,2.0,2.0,0,40.0,2.0,1,2.0,0,1995.0,20.0,1,38,999,1.0,0.0,0.0,0.0,0.0,5.0,200,1.0,4,2,0.0,1,2,3.0,4.0,1
0,501.0,65000.0,20,65000.0,65000.0,94,1.0,22,1.0,21.0,20,1.0,1.0,2,1,2.0,1,2.0,3.0,1000,0.0,3.0,3.0,0,45.0,2.0,1,2.0,0,2010.0,52.0,1,38,171,3.0,0.0,0.0,0.0,0.0,5.0,200,1.0,2,2,0.0,1,2,3.0,4.0,1
0,501.0,78000.0,73,78000.0,78000.0,20,1.0,32,1.0,18.0,21,1.0,1.0,2,1,2.0,1,2.0,3.0,1000,0.0,3.0,3.0,0,48.0,2.0,1,2.0,0,2010.0,52.0,1,38,82,1.0,0.0,0.0,0.0,0.0,5.0,200,1.0,2,2,0.0,1,2,3.0,2.0,1
0,235.0,85000.0,89,85000.0,85000.0,22,1.0,82,1.0,16.0,20,1.0,1.0,2,1,2.0,1,2.0,3.0,1000,0.0,3.0,3.0,0,55.0,2.0,1,2.0,0,2019.0,52.0,1,38,999,1.0,0.0,0.0,0.0,0.0,5.0,400,3.0,1,2,0.0,1,2,3.0,4.0,1
0,235.0,0.0,47,0.0,0.0,86,6.0,32,2.0,17.0,21,1.0,2.0,2,1,2.0,1,2.0,2.0,1000,0.0,2.0,2.0,0,40.0,2.0,1,2.0,0,2019.0,52.0,1,26,999,1.0,0.0,0.0,0.0,0.0,5.0,400,3.0,1,2,0.0,1,2,3.0,4.0,1
0,501.0,75000.0,96,75000.0,75000.0,30,1.0,32,1.0,19.0,20,1.0,1.0,2,1,2.0,1,2.0,3.0,1000,0.0,3.0,3.0,0,56.0,2.0,1,2.0,0,2016.0,52.0,1,46,999,1.0,0.0,0.0,0.0,0.0,5.0,400,1.0,1,2,0.0,1,2,3.0,4.0,1
0,501.0,85000.0,72,85000.0,85000.0,30,1.0,32,1.0,20.0,21,1.0,1.0,2,1,2.0,1,2.0,2.0,1000,0.0,2.0,2.0,0,56.0,2.0,1,2.0,0,2016.0,52.0,1,38,999,1.0,0.0,0.0,0.0,0.0,5.0,400,1.0,1,2,0.0,1,2,3.0,4.0,1
0,297.0,120000.0,15,120000.0,120000.0,95,1.0,999,1.0,22.0,20,1.0,1.0,2,1,2.0,1,2.0,3.0,1000,0.0,3.0,3.0,0,45.0,2.0,1,2.0,0,2008.0,52.0,1,38,999,4.0,0.0,0.0,0.0,0.0,5.0,300,1.0,4,2,0.0,1,2,3.0,4.0,1
0,297.0,0.0,42,0.0,0.0,69,6.0,999,3.0,16.0,21,1.0,1.0,1,1,1.0,1,2.0,3.0,1000,0.0,3.0,3.0,0,40.0,2.0,1,2.0,0,2008.0,52.0,1,38,999,1.0,0.0,0.0,0.0,0.0,5.0,300,1.0,4,2,0.0,1,2,3.0,4.0,1
0,486.0,52000.0,53,52000.0,52000.0,93,1.0,917,1.0,20.0,20,1.0,1.0,2,1,2.0,3,2.0,3.0,5013,0.0,3.0,3.0,0,40.0,2.0,3,2.0,1,1984.0,52.0,0,38,999,3.0,0.0,0.0,0.0,0.0,5.0,600,1.0,1,2,0.0,1,2,3.0,4.0,1
0,486.0,45000.0,72,45000.0,0.0,87,1.0,32,1.0,16.0,21,1.0,1.0,2,1,2.0,1,2.0,3.0,1000,0.0,3.0,3.0,2,45.0,2.0,1,2.0,0,1984.0,52.0,1,38,999,6.0,0.0,0.0,0.0,0.0,5.0,600,1.0,1,2,0.0,1,2,3.0,4.0,1
0,249.0,39400.0,40,0.0,0.0,50,6.0,425,2.0,21.0,20,4.0,2.0,1,3,1.0,1,2.0,2.0,1000,0.0,2.0,2.0,2,40.0,2.0,1,2.0,0,1987.0,52.0,1,27,32,1.0,0.0,14400.0,0.0,0.0,5.0,600,1.0,2,2,25000.0,1,2,3.0,4.0,1
0,272.0,33800.0,42,0.0,0.0,69,6.0,32,3.0,16.0,20,1.0,2.0,2,1,2.0,1,2.0,2.0,1000,0.0,2.0,2.0,2,40.0,2.0,1,2.0,0,2011.0,52.0,1,38,999,1.0,24600.0,9200.0,0.0,0.0,5.0,300,1.0,1,2,0.0,1,2,3.0,4.0,1
0,501.0,80000.0,02,80000.0,0.0,01,1.0,82,1.0,20.0,20,1.0,1.0,2,1,2.0,1,2.0,3.0,1000,0.0,3.0,3.0,0,65.0,2.0,1,2.0,0,1984.0,52.0,1,38,999,6.0,0.0,0.0,0.0,0.0,5.0,400,3.0,1,2,0.0,1,2,3.0,4.0,1
0,501.0,50000.0,48,50000.0,50000.0,69,1.0,82,1.0,20.0,21,1.0,1.0,2,1,2.0,1,2.0,2.0,1000,0.0,2.0,2.0,0,40.0,2.0,1,2.0,0,1984.0,50.0,1,38,999,1.0,0.0,0.0,0.0,0.0,5.0,400,3.0,1,2,0.0,1,2,3.0,4.0,1
0,160.0,10500.0,57,0.0,0.0,07,6.0,82,2.0,16.0,20,1.0,2.0,2,1,2.0,1,2.0,2.0,1000,0.0,2.0,2.0,2,40.0,2.0,1,2.0,0,2006.0,52.0,1,38,89,1.0,10500.0,0.0,0.0,0.0,5.0,400,1.0,2,2,0.0,1,2,3.0,4.0,1
0,501.0,12000.0,40,12000.0,12000.0,78,1.0,32,1.0,23.0,21,1.0,1.0,2,1,2.0,1,2.0,3.0,1000,0.0,3.0,3.0,0,50.0,2.0,1,2.0,0,1984.0,52.0,1,38,999,3.0,0.0,0.0,0.0,0.0,5.0,100,1.0,1,2,0.0,1,2,3.0,4.0,1
0,501.0,80000.0,10,80000.0,80000.0,93,1.0,32,1.0,21.0,20,6.0,1.0,2,5,2.0,1,2.0,3.0,1000,0.0,3.0,3.0,0,40.0,2.0,1,2.0,0,1995.0,52.0,1,38,999,4.0,0.0,0.0,0.0,0.0,5.0,300,1.0,1,2,0.0,1,2,3.0,2.0,1
0,348.0,55000.0,89,55000.0,55000.0,35,1.0,999,1.0,15.0,34,4.0,1.0,1,3,1.0,15,1.0,3.0,8000,0.0,3.0,3.0,0,48.0,1.0,8,1.0,0,2001.0,52.0,0,27,999,1.0,0.0,0.0,0.0,0.0,5.0,300,1.0,4,2,0.0,1,2,3.0,4.0,2
0,170.0,27000.0,60,27000.0,27000.0,01,1.0,999,1.0,1.0,34,6.0,1.0,2,5,2.0,15,2.0,3.0,8000,0.0,3.0,3.0,0,45.0,2.0,8,2.0,0,1995.0,32.0,0,72,999,1.0,0.0,0.0,0.0,0.0,5.0,300,1.0,4,2,0.0,2,2,3.0,2.0,2
0,316.0,50000.0,77,50000.0,50000.0,30,1.0,999,1.0,16.0,34,6.0,1.0,2,5,2.0,15,2.0,3.0,8000,0.0,3.0,3.0,0,45.0,2.0,8,2.0,0,1995.0,52.0,0,72,999,1.0,0.0,0.0,0.0,0.0,5.0,300,1.0,4,2,0.0,2,2,3.0,4.0,2
0,170.0,27000.0,60,27000.0,27000.0,01,1.0,999,1.0,16.0,34,6.0,1.0,2,5,2.0,15,2.0,3.0,8000,0.0,3.0,3.0,0,45.0,2.0,8,2.0,0,1995.0,32.0,0,8,999,1.0,0.0,0.0,0.0,0.0,5.0,300,1.0,4,2,0.0,1,2,3.0,4.0,2
0,501.0,80000.0,03,80000.0,80000.0,80,1.0,996,1.0,22.0,21,1.0,1.0,2,1,2.0,1,2.0,3.0,1000,0.0,3.0,3.0,0,40.0,2.0,1,2.0,0,1998.0,52.0,1,38,999,1.0,0.0,0.0,0.0,0.0,5.0,200,1.0,3,2,0.0,1,2,3.0,4.0,1
0,501.0,24000.0,91,24000.0,19000.0,78,1.0,89,1.0,18.0,20,4.0,1.0,2,3,2.0,1,2.0,3.0,1000,0.0,3.0,3.0,2,15.0,2.0,1,2.0,0,1991.0,36.0,1,38,82,4.0,0.0,0.0,0.0,0.0,5.0,400,1.0,2,2,0.0,1,2,3.0,2.0,1
0,501.0,107300.0,42,107300.0,98000.0,76,1.0,82,1.0,16.0,25,6.0,1.0,2,5,2.0,1,2.0,3.0,1000,0.0,3.0,3.0,2,36.0,2.0,1,2.0,0,1995.0,52.0,1,38,89,7.0,0.0,0.0,0.0,0.0,5.0,400,1.0,2,2,0.0,1,2,3.0,4.0,1
0,372.0,114000.0,77,114000.0,114000.0,35,1.0,22,1.0,20.0,20,4.0,1.0,2,3,2.0,1,2.0,3.0,1000,0.0,3.0,3.0,0,50.0,2.0,1,2.0,0,2006.0,52.0,1,48,87,1.0,0.0,0.0,0.0,0.0,5.0,500,1.0,2,2,0.0,1,2,3.0,2.0,1
0,501.0,148000.0,07,148000.0,148000.0,35,1.0,22,1.0,22.0,22,4.0,1.0,1,3,2.0,1,2.0,3.0,1000,0.0,3.0,3.0,0,40.0,2.0,1,2.0,0,2001.0,52.0,1,39,999,1.0,0.0,0.0,0.0,0.0,5.0,500,3.0,1,1,0.0,1,2,3.0,2.0,1
0,501.0,98400.0,86,78000.0,78000.0,03,1.0,924,1.0,21.0,20,1.0,1.0,2,1,2.0,1,2.0,3.0,1000,0.0,3.0,3.0,0,40.0,2.0,1,2.0,0,1989.0,30.0,1,46,999,1.0,0.0,20400.0,0.0,0.0,5.0,100,1.0,1,2,0.0,1,2,3.0,4.0,1
0,501.0,55000.0,08,55000.0,55000.0,91,1.0,924,1.0,21.0,21,1.0,1.0,2,1,2.0,1,2.0,3.0,1000,0.0,3.0,3.0,0,40.0,2.0,1,2.0,0,1989.0,52.0,1,6,999,2.0,0.0,0.0,0.0,0.0,5.0,100,1.0,1,2,0.0,1,2,3.0,4.0,1
0,501.0,42000.0,41,42000.0,42000.0,86,1.0,924,1.0,20.0,25,6.0,1.0,2,5,2.0,1,2.0,3.0,1000,0.0,3.0,3.0,0,40.0,2.0,1,2.0,0,1995.0,52.0,1,46,999,1.0,0.0,0.0,0.0,0.0,5.0,100,1.0,1,2,0.0,1,2,3.0,4.0,1
0,501.0,52000.0,07,52000.0,52000.0,78,1.0,89,1.0,21.0,20,1.0,1.0,1,1,1.0,1,2.0,3.0,1000,0.0,3.0,3.0,0,32.0,2.0,1,2.0,0,2006.0,40.0,1,20,26,4.0,0.0,0.0,0.0,0.0,5.0,600,1.0,2,2,0.0,1,2,3.0,4.0,1
0,501.0,65000.0,00,65000.0,65000.0,71,1.0,142,1.0,19.0,21,1.0,1.0,2,1,2.0,1,2.0,3.0,1000,0.0,3.0,3.0,0,50.0,2.0,1,2.0,0,2006.0,52.0,1,27,32,1.0,0.0,0.0,0.0,0.0,5.0,600,1.0,2,2,0.0,1,2,3.0,4.0,1
0,106.0,16400.0,63,11000.0,11000.0,87,1.0,32,1.0,19.0,20,6.0,1.0,1,5,2.0,1,1.0,3.0,1000,0.0,3.0,3.0,0,40.0,2.0,1,2.0,0,1995.0,52.0,1,38,148,1.0,0.0,0.0,5400.0,0.0,5.0,400,1.0,2,2,0.0,1,2,3.0,2.0,1
0,257.0,4800.0,86,4800.0,4800.0,06,1.0,46,1.0,19.0,20,1.0,1.0,2,1,2.0,1,2.0,3.0,1000,0.0,3.0,3.0,0,40.0,2.0,1,2.0,0,2021.0,52.0,1,45,999,2.0,0.0,0.0,0.0,0.0,5.0,400,1.0,1,2,0.0,1,2,3.0,4.0,1
0,257.0,72000.0,48,69000.0,69000.0,69,1.0,32,1.0,16.0,21,1.0,1.0,2,1,2.0,1,2.0,3.0,1000,0.0,3.0,3.0,0,40.0,2.0,1,2.0,0,2021.0,52.0,1,38,999,2.0,0.0,3000.0,0.0,0.0,5.0,400,1.0,1,2,0.0,1,2,3.0,4.0,1
0,501.0,37500.0,47,37500.0,37500.0,53,1.0,22,1.0,19.0,25,6.0,1.0,2,5,2.0,1,2.0,3.0,1000,0.0,3.0,3.0,0,40.0,2.0,1,2.0,0,1995.0,52.0,1,27,82,1.0,0.0,0.0,0.0,0.0,5.0,600,1.0,2,2,0.0,1,2,3.0,4.0,1
0,369.0,72000.0,02,70000.0,20000.0,01,1.0,924,1.0,21.0,20,1.0,1.0,2,1,2.0,1,2.0,3.0,1000,0.0,3.0,3.0,0,50.0,2.0,1,2.0,0,2012.0,52.0,1,38,999,7.0,0.0,0.0,0.0,0.0,5.0,400,1.0,1,2,2000.0,1,2,3.0,4.0,1
0,369.0,60000.0,06,60000.0,60000.0,68,1.0,924,1.0,21.0,21,1.0,1.0,2,1,2.0,1,2.0,3.0,1000,0.0,3.0,3.0,0,40.0,2.0,1,2.0,0,2012.0,52.0,1,38,999,1.0,0.0,0.0,0.0,0.0,5.0,400,1.0,1,2,0.0,1,2,3.0,4.0,1
0,501.0,34000.0,42,32000.0,32000.0,70,1.0,82,1.0,16.0,21,1.0,1.0,1,1,2.0,1,2.0,3.0,1000,0.0,3.0,3.0,0,40.0,1.0,1,2.0,0,1999.0,52.0,1,46,999,1.0,2000.0,0.0,0.0,0.0,5.0,600,1.0,1,2,0.0,1,2,3.0,4.0,1
0,501.0,58000.0,04,58000.0,58000.0,93,1.0,32,1.0,20.0,20,1.0,1.0,2,1,2.0,1,2.0,3.0,1000,0.0,3.0,3.0,0,40.0,2.0,1,2.0,0,1994.0,52.0,1,38,999,4.0,0.0,0.0,0.0,0.0,5.0,300,1.0,1,2,0.0,1,2,3.0,4.0,1
0,501.0,47000.0,42,47000.0,47000.0,86,1.0,32,1.0,18.0,21,1.0,1.0,2,1,2.0,1,2.0,3.0,1000,0.0,3.0,3.0,0,40.0,2.0,1,2.0,0,1994.0,52.0,1,38,999,1.0,0.0,0.0,0.0,0.0,5.0,300,1.0,1,2,0.0,1,2,3.0,4.0,1
0,501.0,5000.0,45,5000.0,5000.0,90,2.0,32,1.0,20.0,21,1.0,2.0,2,1,2.0,1,2.0,3.0,1000,0.0,2.0,1.0,0,8.0,2.0,1,2.0,0,2020.0,36.0,1,29,50,1.0,0.0,0.0,0.0,0.0,5.0,600,1.0,2,2,0.0,1,2,3.0,4.0,1
0,277.0,45000.0,96,45000.0,45000.0,24,1.0,999,1.0,16.0,20,1.0,1.0,2,1,2.0,1,2.0,3.0,1000,0.0,3.0,3.0,0,36.0,2.0,1,2.0,0,2016.0,4.0,1,38,999,1.0,0.0,0.0,0.0,0.0,5.0,500,1.0,4,2,0.0,1,2,3.0,4.0,1
0,277.0,40000.0,23,40000.0,40000.0,84,1.0,999,1.0,16.0,21,1.0,1.0,2,1,2.0,1,2.0,3.0,1000,0.0,3.0,3.0,0,36.0,2.0,1,2.0,0,2016.0,52.0,1,38,999,1.0,0.0,0.0,0.0,0.0,5.0,500,1.0,4,2,0.0,1,2,3.0,4.0,1
0,372.0,35000.0,62,35000.0,35000.0,07,1.0,32,1.0,16.0,20,1.0,1.0,1,1,2.0,1,2.0,3.0,1000,0.0,3.0,3.0,0,45.0,2.0,1,2.0,0,1985.0,52.0,1,38,89,1.0,0.0,0.0,0.0,0.0,5.0,600,1.0,2,2,0.0,1,1,3.0,4.0,1
0,372.0,40000.0,34,40000.0,40000.0,81,1.0,32,1.0,16.0,21,1.0,1.0,2,1,2.0,1,2.0,3.0,1000,0.0,3.0,3.0,0,40.0,2.0,1,2.0,0,1985.0,52.0,1,38,999,2.0,0.0,0.0,0.0,0.0,5.0,600,1.0,1,2,0.0,1,2,3.0,4.0,1
0,153.0,47000.0,17,47000.0,47000.0,78,1.0,416,1.0,24.0,20,1.0,1.0,2,1,2.0,1,2.0,3.0,1000,0.0,3.0,3.0,0,40.0,2.0,1,2.0,0,2015.0,52.0,1,213,999,1.0,0.0,0.0,0.0,0.0,5.0,600,1.0,1,2,0.0,4,2,3.0,4.0,1
0,153.0,0.0,42,0.0,0.0,69,6.0,416,3.0,22.0,21,1.0,2.0,2,1,2.0,1,2.0,2.0,1000,0.0,2.0,2.0,0,40.0,2.0,1,2.0,0,2015.0,52.0,1,212,999,1.0,0.0,0.0,0.0,0.0,5.0,600,1.0,1,2,0.0,4,2,3.0,4.0,1
0,359.0,49000.0,42,0.0,0.0,69,6.0,148,3.0,16.0,20,1.0,2.0,2,1,2.0,1,2.0,2.0,1000,0.0,2.0,2.0,0,40.0,2.0,1,2.0,0,1979.0,52.0,1,38,32,1.0,24000.0,0.0,0.0,0.0,5.0,500,1.0,2,2,25000.0,1,2,3.0,4.0,1
0,359.0,34000.0,42,0.0,0.0,69,6.0,82,3.0,16.0,21,1.0,2.0,2,1,2.0,1,2.0,2.0,1000,0.0,2.0,2.0,0,40.0,2.0,1,2.0,0,1979.0,52.0,1,38,112,1.0,14000.0,0.0,0.0,0.0,5.0,500,1.0,2,2,20000.0,1,2,3.0,4.0,1
1,359.0,0.0,44,0.0,0.0,85,6.0,148,2.0,16.0,30,6.0,2.0,2,5,2.0,1,2.0,2.0,1000,0.0,2.0,2.0,0,40.0,2.0,1,2.0,0,1995.0,52.0,1,38,32,1.0,0.0,0.0,0.0,0.0,5.0,500,1.0,2,2,0.0,1,2,3.0,4.0,1
0,46.0,0.0,42,0.0,0.0,69,6.0,171,3.0,19.0,20,1.0,2.0,2,1,2.0,1,2.0,2.0,1000,0.0,2.0,2.0,0,40.0,2.0,1,2.0,0,1982.0,52.0,1,164,999,1.0,0.0,0.0,0.0,0.0,5.0,200,3.0,1,2,0.0,5,2,3.0,4.0,1
0,46.0,0.0,42,0.0,0.0,69,6.0,171,3.0,20.0,25,6.0,2.0,2,5,2.0,1,2.0,2.0,1000,0.0,2.0,2.0,0,40.0,2.0,1,2.0,0,1995.0,52.0,1,53,999,1.0,0.0,0.0,0.0,0.0,5.0,200,3.0,1,2,0.0,1,2,3.0,4.0,1
0,284.0,0.0,23,0.0,0.0,78,6.0,26,2.0,21.0,20,1.0,2.0,2,1,2.0,1,2.0,2.0,1000,0.0,2.0,2.0,0,40.0,2.0,1,2.0,0,2012.0,52.0,1,27,82,3.0,0.0,0.0,0.0,0.0,5.0,500,1.0,2,2,0.0,1,2,3.0,4.0,1
0,284.0,115000.0,63,115000.0,115000.0,10,1.0,91,1.0,20.0,21,1.0,1.0,2,1,2.0,1,2.0,3.0,1000,0.0,3.0,3.0,0,45.0,2.0,1,2.0,0,2012.0,52.0,1,38,82,1.0,0.0,0.0,0.0,0.0,5.0,500,1.0,2,2,0.0,1,2,3.0,2.0,1
0,482.0,75000.0,91,69000.0,69000.0,63,1.0,32,1.0,16.0,20,6.0,1.0,2,5,2.0,1,2.0,3.0,1000,0.0,3.0,3.0,0,45.0,2.0,1,2.0,0,1995.0,52.0,1,20,999,1.0,0.0,6000.0,0.0,0.0,5.0,300,3.0,1,2,0.0,1,2,3.0,4.0,1
1,115.0,18000.0,15,0.0,0.0,49,6.0,917,2.0,20.0,20,4.0,2.0,2,3,2.0,3,2.0,2.0,5006,0.0,2.0,2.0,0,40.0,2.0,3,2.0,1,2000.0,52.0,0,35,999,1.0,18000.0,0.0,0.0,0.0,5.0,400,1.0,1,2,0.0,1,2,3.0,4.0,1
0,501.0,56000.0,41,56000.0,56000.0,82,1.0,32,1.0,18.0,20,1.0,1.0,2,1,2.0,1,2.0,3.0,1000,0.0,3.0,3.0,0,50.0,2.0,1,2.0,0,2005.0,52.0,1,46,114,2.0,0.0,0.0,0.0,0.0,5.0,400,1.0,2,2,0.0,1,2,3.0,4.0,1
0,501.0,80000.0,62,80000.0,80000.0,44,1.0,82,1.0,16.0,21,1.0,1.0,2,1,2.0,1,2.0,3.0,1000,0.0,3.0,3.0,0,55.0,2.0,1,2.0,0,2005.0,52.0,1,27,32,1.0,0.0,0.0,0.0,0.0,5.0,400,1.0,2,2,0.0,1,2,3.0,4.0,1
0,229.0,35000.0,00,35000.0,35000.0,74,1.0,221,1.0,21.0,20,6.0,1.0,1,5,2.0,29,1.0,3.0,9000,0.0,3.0,3.0,0,40.0,2.0,9,2.0,0,1995.0,50.0,1,42,271,1.0,0.0,0.0,0.0,0.0,5.0,400,1.0,2,2,0.0,1,2,3.0,4.0,6
0,466.0,71000.0,15,71000.0,71000.0,10,1.0,917,1.0,21.0,24,6.0,1.0,2,5,2.0,11,2.0,3.0,7500,0.0,3.0,3.0,0,40.0,2.0,7,2.0,0,1995.0,52.0,0,27,999,1.0,0.0,0.0,0.0,0.0,5.0,400,1.0,1,2,0.0,1,2,3.0,4.0,1
0,501.0,0.0,32,0.0,0.0,80,6.0,142,2.0,22.0,21,1.0,2.0,2,1,2.0,1,2.0,2.0,1000,0.0,2.0,2.0,0,40.0,2.0,1,2.0,0,1997.0,52.0,1,38,22,1.0,0.0,0.0,0.0,0.0,5.0,500,1.0,2,2,0.0,1,2,3.0,4.0,1
1,25.0,4000.0,47,4000.0,4000.0,49,1.0,917,1.0,16.0,20,6.0,1.0,1,5,1.0,1,1.0,3.0,1000,0.0,3.0,3.0,0,21.0,2.0,1,2.0,0,1995.0,40.0,1,47,999,1.0,0.0,0.0,0.0,0.0,5.0,200,3.0,1,2,0.0,1,2,3.0,4.0,1
0,448.0,64400.0,23,62000.0,62000.0,78,2.0,920,1.0,21.0,20,6.0,1.0,2,5,2.0,3,2.0,3.0,5024,0.0,2.0,1.0,0,40.0,2.0,3,2.0,1,1995.0,52.0,0,38,999,3.0,0.0,0.0,0.0,0.0,5.0,100,1.0,1,2,2400.0,1,2,3.0,4.0,1
0,275.0,42200.0,62,38000.0,38000.0,07,1.0,996,1.0,16.0,20,6.0,1.0,2,5,2.0,1,2.0,3.0,1000,0.0,1.0,3.0,0,60.0,2.0,1,2.0,0,1995.0,52.0,1,38,999,1.0,0.0,4200.0,0.0,0.0,1.0,200,1.0,3,2,0.0,1,2,1.0,4.0,1
0,245.0,79000.0,86,79000.0,79000.0,22,1.0,32,1.0,16.0,20,1.0,1.0,2,1,2.0,1,2.0,3.0,1000,0.0,3.0,3.0,0,45.0,2.0,1,2.0,0,2004.0,52.0,1,38,999,1.0,0.0,0.0,0.0,0.0,5.0,200,1.0,1,2,0.0,1,2,3.0,4.0,1
0,245.0,20000.0,36,20000.0,20000.0,81,1.0,917,1.0,17.0,21,1.0,1.0,2,1,2.0,17,2.0,2.0,9000,0.0,3.0,3.0,0,36.0,2.0,9,2.0,1,2004.0,52.0,1,38,924,1.0,0.0,0.0,0.0,0.0,5.0,200,1.0,2,2,0.0,1,2,3.0,4.0,1
0,374.0,58000.0,70,58000.0,58000.0,66,1.0,32,1.0,20.0,20,6.0,1.0,2,5,2.0,1,2.0,3.0,1000,0.0,3.0,3.0,0,42.0,2.0,1,2.0,0,1995.0,50.0,1,38,50,7.0,0.0,0.0,0.0,0.0,5.0,500,3.0,2,2,0.0,1,2,3.0,4.0,1
0,322.0,50000.0,35,50000.0,50000.0,80,1.0,114,1.0,21.0,22,6.0,1.0,2,5,2.0,1,2.0,3.0,1000,0.0,3.0,3.0,2,40.0,2.0,1,2.0,0,1995.0,52.0,1,38,82,7.0,0.0,0.0,0.0,0.0,5.0,500,1.0,2,2,0.0,1,2,3.0,4.0,1
0,501.0,86000.0,00,86000.0,86000.0,07,1.0,999,1.0,18.0,20,1.0,1.0,2,1,2.0,1,2.0,3.0,1000,0.0,3.0,3.0,0,40.0,2.0,1,2.0,0,2010.0,52.0,1,38,999,1.0,0.0,0.0,0.0,0.0,5.0,500,1.0,4,2,0.0,1,2,3.0,4.0,1
0,501.0,68000.0,50,68000.0,68000.0,68,1.0,142,1.0,18.0,21,1.0,1.0,2,1,2.0,1,2.0,3.0,1000,0.0,3.0,3.0,0,40.0,2.0,1,2.0,0,2010.0,52.0,1,38,999,1.0,0.0,0.0,0.0,0.0,5.0,500,1.0,1,2,0.0,1,2,3.0,4.0,1
0,501.0,92000.0,55,92000.0,92000.0,94,1.0,109,1.0,21.0,20,1.0,1.0,2,1,2.0,1,2.0,3.0,1000,0.0,3.0,3.0,0,65.0,2.0,1,2.0,0,1988.0,52.0,1,53,87,3.0,0.0,0.0,0.0,0.0,5.0,100,1.0,2,2,0.0,1,2,3.0,4.0,1
0,501.0,42000.0,47,42000.0,42000.0,49,1.0,50,1.0,16.0,21,1.0,1.0,2,1,2.0,1,2.0,3.0,1000,0.0,3.0,3.0,0,40.0,2.0,1,2.0,0,1988.0,52.0,1,1,999,1.0,0.0,0.0,0.0,0.0,5.0,100,1.0,1,2,0.0,1,2,3.0,2.0,1
0,501.0,65000.0,01,65000.0,65000.0,68,1.0,999,1.0,20.0,20,1.0,1.0,2,1,2.0,1,2.0,3.0,1000,0.0,3.0,3.0,0,50.0,2.0,1,2.0,0,2017.0,52.0,1,38,999,1.0,0.0,0.0,0.0,0.0,5.0,400,1.0,4,2,0.0,1,2,3.0,4.0,1
0,501.0,89000.0,73,89000.0,82000.0,22,1.0,999,1.0,16.0,21,1.0,1.0,2,1,2.0,1,2.0,3.0,1000,0.0,3.0,3.0,0,45.0,2.0,1,2.0,0,2017.0,52.0,1,27,999,1.0,0.0,0.0,0.0,0.0,5.0,400,1.0,4,2,0.0,1,2,3.0,4.0,1
0,501.0,25000.0,56,25000.0,25000.0,75,1.0,50,1.0,19.0,20,1.0,1.0,1,1,2.0,1,1.0,3.0,1000,0.0,3.0,3.0,0,40.0,1.0,1,2.0,0,2016.0,36.0,1,30,999,1.0,0.0,0.0,0.0,0.0,5.0,100,1.0,1,2,0.0,1,2,3.0,4.0,1
0,501.0,98000.0,62,98000.0,98000.0,04,1.0,750,1.0,20.0,21,1.0,1.0,2,1,2.0,8,2.0,2.0,4003,0.0,2.0,2.0,0,70.0,2.0,6,2.0,0,2016.0,52.0,0,217,999,1.0,0.0,0.0,0.0,0.0,5.0,100,1.0,1,2,0.0,4,2,3.0,4.0,1
0,501.0,91000.0,34,0.0,0.0,81,6.0,82,2.0,20.0,20,1.0,2.0,1,1,2.0,17,2.0,2.0,9000,0.0,2.0,2.0,0,40.0,2.0,9,2.0,1,1992.0,52.0,1,38,22,2.0,24000.0,67000.0,0.0,0.0,5.0,500,1.0,2,1,0.0,1,2,3.0,4.0,1
0,501.0,154000.0,38,150000.0,150000.0,94,1.0,50,1.0,18.0,20,1.0,1.0,2,1,2.0,1,2.0,3.0,1000,0.0,3.0,3.0,0,40.0,2.0,1,2.0,0,2002.0,52.0,1,301,82,5.0,0.0,0.0,0.0,0.0,5.0,200,1.0,2,2,4000.0,7,2,3.0,4.0,1
0,501.0,25000.0,20,25000.0,25000.0,78,1.0,8,1.0,21.0,21,1.0,1.0,2,1,2.0,1,2.0,3.0,1000,0.0,3.0,3.0,0,30.0,2.0,1,2.0,0,2002.0,52.0,1,301,999,3.0,0.0,0.0,0.0,0.0,5.0,200,1.0,1,2,0.0,7,2,3.0,4.0,1
0,501.0,50000.0,57,50000.0,50000.0,78,1.0,32,1.0,19.0,20,1.0,1.0,2,1,2.0,1,2.0,3.0,1000,0.0,3.0,3.0,0,40.0,2.0,1,2.0,0,1981.0,52.0,1,38,999,1.0,0.0,0.0,0.0,0.0,5.0,200,1.0,1,2,0.0,1,2,3.0,4.0,1
0,501.0,72000.0,62,0.0,0.0,07,6.0,82,2.0,16.0,21,1.0,2.0,2,1,2.0,1,2.0,2.0,1000,0.0,2.0,2.0,0,40.0,2.0,1,2.0,0,1981.0,52.0,1,38,999,3.0,24000.0,48000.0,0.0,0.0,5.0,200,1.0,1,2,0.0,1,2,3.0,4.0,1
0,501.0,80000.0,96,80000.0,80000.0,62,1.0,82,1.0,23.0,25,6.0,1.0,2,5,2.0,1,2.0,3.0,1000,0.0,3.0,3.0,0,84.0,2.0,1,2.0,0,1995.0,52.0,1,38,32,1.0,0.0,0.0,0.0,0.0,5.0,200,1.0,2,2,0.0,1,2,3.0,4.0,1
0,322.0,50000.0,15,50000.0,50000.0,26,1.0,82,1.0,21.0,20,6.0,1.0,2,5,2.0,1,2.0,3.0,1000,0.0,3.0,3.0,0,45.0,2.0,1,2.0,0,1995.0,52.0,1,27,190,1.0,0.0,0.0,0.0,0.0,5.0,600,1.0,2,2,0.0,1,2,3.0,4.0,1
0,96.0,15000.0,52,15000.0,15000.0,68,1.0,50,1.0,15.0,22,6.0,1.0,2,5,2.0,1,2.0,3.0,1000,0.0,3.0,3.0,0,20.0,2.0,1,2.0,0,1995.0,40.0,1,41,22,1.0,0.0,0.0,0.0,0.0,5.0,600,1.0,2,2,0.0,1,2,3.0,4.0,1
0,501.0,160000.0,48,160000.0,160000.0,43,1.0,50,1.0,22.0,20,1.0,1.0,2,1,2.0,1,2.0,3.0,1000,0.0,3.0,3.0,0,40.0,2.0,1,2.0,0,1991.0,52.0,1,27,999,1.0,0.0,0.0,0.0,0.0,5.0,600,1.0,1,2,0.0,1,2,3.0,4.0,1
0,501.0,58000.0,08,58000.0,58000.0,85,1.0,22,1.0,21.0,21,1.0,1.0,2,1,2.0,1,2.0,3.0,1000,0.0,3.0,3.0,0,30.0,2.0,1,2.0,0,1991.0,52.0,1,38,32,3.0,0.0,0.0,0.0,0.0,5.0,600,1.0,2,2,0.0,1,2,3.0,4.0,1
0,501.0,65000.0,05,65000.0,65000.0,38,1.0,50,1.0,21.0,25,6.0,1.0,2,5,2.0,1,2.0,3.0,1000,0.0,3.0,3.0,0,40.0,2.0,1,2.0,0,1995.0,52.0,1,38,22,1.0,0.0,0.0,0.0,0.0,5.0,600,1.0,2,2,0.0,1,2,3.0,4.0,1
1,124.0,19000.0,68,10000.0,0.0,04,6.0,996,1.0,16.0,20,4.0,2.0,1,3,2.0,1,2.0,3.0,1000,9000.0,2.0,2.0,0,6.0,2.0,1,2.0,0,1980.0,10.0,1,6,999,6.0,0.0,0.0,0.0,0.0,5.0,100,1.0,3,2,0.0,1,1,2.0,4.0,1
0,428.0,75000.0,48,75000.0,75000.0,42,1.0,996,1.0,16.0,20,1.0,1.0,2,1,2.0,1,2.0,2.0,1000,0.0,2.0,2.0,0,50.0,2.0,1,2.0,0,2008.0,52.0,1,38,999,1.0,0.0,0.0,0.0,0.0,5.0,400,1.0,3,2,0.0,1,2,3.0,4.0,1
0,428.0,52000.0,23,52000.0,52000.0,78,1.0,996,1.0,22.0,21,1.0,1.0,2,1,2.0,1,2.0,3.0,1000,0.0,3.0,3.0,0,40.0,2.0,1,2.0,0,2008.0,36.0,1,38,999,1.0,0.0,0.0,0.0,0.0,5.0,400,1.0,3,2,0.0,1,2,3.0,4.0,1
0,338.0,53000.0,60,53000.0,53000.0,01,1.0,82,1.0,20.0,20,6.0,1.0,2,5,2.0,1,2.0,2.0,1000,0.0,2.0,2.0,2,70.0,2.0,1,2.0,0,1995.0,50.0,1,38,32,1.0,0.0,0.0,0.0,0.0,5.0,500,1.0,2,2,0.0,1,2,3.0,4.0,1
1,429.0,13100.0,48,0.0,0.0,01,6.0,996,2.0,16.0,20,1.0,2.0,2,1,2.0,1,2.0,2.0,1000,0.0,2.0,2.0,0,40.0,2.0,1,2.0,0,1983.0,52.0,1,18,999,1.0,0.0,1100.0,12000.0,0.0,5.0,600,1.0,3,2,0.0,1,2,3.0,2.0,1
0,429.0,68000.0,05,0.0,0.0,69,6.0,996,2.0,16.0,21,1.0,2.0,2,1,2.0,1,2.0,2.0,1000,0.0,2.0,2.0,0,40.0,2.0,1,2.0,0,1983.0,52.0,1,48,999,2.0,25000.0,21000.0,22000.0,0.0,5.0,600,1.0,3,2,0.0,1,2,3.0,2.0,1
0,335.0,52800.0,42,0.0,0.0,69,6.0,50,3.0,19.0,20,6.0,2.0,2,5,2.0,1,2.0,2.0,1000,0.0,2.0,2.0,2,40.0,2.0,1,2.0,0,1995.0,52.0,1,38,999,1.0,16000.0,0.0,0.0,1800.0,5.0,400,1.0,1,2,35000.0,1,2,3.0,4.0,1
0,132.0,21000.0,25,21000.0,21000.0,78,1.0,210,1.0,21.0,20,6.0,1.0,1,5,1.0,1,2.0,3.0,1000,0.0,3.0,3.0,0,40.0,2.0,1,2.0,0,1995.0,52.0,1,6,148,3.0,0.0,0.0,0.0,0.0,5.0,600,1.0,2,2,0.0,1,2,3.0,4.0,2
0,500.0,62000.0,12,62000.0,62000.0,75,1.0,231,1.0,22.0,20,1.0,1.0,2,1,2.0,1,2.0,3.0,1000,0.0,3.0,3.0,0,40.0,2.0,1,2.0,0,2022.0,52.0,1,36,32,1.0,0.0,0.0,0.0,0.0,5.0,500,1.0,2,2,0.0,1,2,3.0,4.0,13
0,500.0,36000.0,45,36000.0,0.0,89,1.0,82,1.0,18.0,21,1.0,1.0,2,1,2.0,1,2.0,3.0,1000,0.0,3.0,3.0,0,45.0,2.0,1,2.0,0,2022.0,52.0,1,38,190,6.0,0.0,0.0,0.0,0.0,5.0,500,1.0,2,2,0.0,1,2,3.0,4.0,1
0,446.0,37000.0,36,37000.0,0.0,89,1.0,82,1.0,19.0,20,1.0,1.0,2,1,2.0,1,2.0,3.0,1000,0.0,3.0,3.0,0,40.0,2.0,1,2.0,0,2020.0,52.0,1,38,999,6.0,0.0,0.0,0.0,0.0,5.0,400,1.0,1,2,0.0,1,2,3.0,4.0,1
0,446.0,52000.0,34,52000.0,52000.0,81,1.0,88,1.0,20.0,21,1.0,1.0,2,1,2.0,1,2.0,3.0,1000,0.0,3.0,3.0,0,40.0,2.0,1,2.0,0,2020.0,52.0,1,38,999,1.0,0.0,0.0,0.0,0.0,5.0,400,1.0,1,2,0.0,1,2,3.0,4.0,1
0,281.0,22000.0,23,22000.0,22000.0,78,1.0,32,1.0,20.0,20,1.0,1.0,2,1,2.0,1,2.0,3.0,1000,0.0,3.0,3.0,0,30.0,2.0,1,2.0,0,2021.0,36.0,1,38,999,3.0,0.0,0.0,0.0,0.0,5.0,200,1.0,1,2,0.0,1,2,3.0,4.0,1
0,281.0,45000.0,49,45000.0,45000.0,93,1.0,999,1.0,16.0,21,1.0,1.0,2,1,2.0,1,2.0,3.0,1000,0.0,3.0,3.0,0,50.0,2.0,1,2.0,0,2021.0,52.0,1,38,999,3.0,0.0,0.0,0.0,0.0,5.0,200,1.0,4,2,0.0,1,2,3.0,4.0,1
0,501.0,50000.0,23,50000.0,50000.0,78,1.0,82,1.0,22.0,21,1.0,1.0,2,1,2.0,1,2.0,3.0,1000,0.0,3.0,3.0,2,40.0,2.0,1,2.0,0,2007.0,52.0,1,38,999,1.0,0.0,0.0,0.0,0.0,5.0,200,1.0,1,2,0.0,1,2,3.0,4.0,1
0,501.0,40300.0,39,40300.0,40300.0,39,1.0,999,1.0,20.0,20,1.0,1.0,2,1,2.0,1,2.0,2.0,1000,0.0,2.0,2.0,0,40.0,2.0,1,2.0,0,2014.0,52.0,1,38,999,1.0,0.0,0.0,0.0,0.0,5.0,400,3.0,4,2,0.0,1,2,3.0,4.0,1
0,501.0,114000.0,32,114000.0,114000.0,81,1.0,999,1.0,24.0,21,1.0,1.0,2,1,2.0,1,2.0,2.0,1000,0.0,2.0,1.0,0,40.0,2.0,1,2.0,0,2014.0,52.0,1,38,999,5.0,0.0,0.0,0.0,0.0,5.0,400,3.0,4,2,0.0,1,2,3.0,4.0,1
0,501.0,1000.0,47,1000.0,1000.0,85,6.0,999,1.0,17.0,25,6.0,2.0,1,5,1.0,1,1.0,2.0,1000,0.0,2.0,2.0,2,20.0,2.0,1,2.0,0,1995.0,12.0,1,38,999,1.0,0.0,0.0,0.0,0.0,2.0,400,1.0,4,2,0.0,1,2,2.0,4.0,1
0,501.0,93000.0,32,69000.0,69000.0,94,1.0,999,1.0,20.0,27,6.0,1.0,2,5,2.0,1,2.0,3.0,1000,0.0,3.0,3.0,0,24.0,2.0,1,2.0,0,1995.0,52.0,1,38,999,4.0,0.0,0.0,24000.0,0.0,5.0,400,1.0,4,2,0.0,1,2,3.0,4.0,1
0,501.0,43200.0,44,43200.0,43200.0,85,1.0,999,1.0,20.0,33,4.0,1.0,2,3,2.0,1,2.0,2.0,1000,0.0,2.0,2.0,0,40.0,2.0,1,2.0,0,2019.0,52.0,1,38,999,1.0,0.0,0.0,0.0,0.0,5.0,400,1.0,4,2,0.0,1,2,2.0,4.0,1
0,80.0,12300.0,62,12300.0,12300.0,07,6.0,999,1.0,19.0,36,4.0,1.0,2,3,2.0,1,2.0,3.0,1000,0.0,3.0,3.0,0,30.0,2.0,1,2.0,0,2013.0,40.0,1,38,999,1.0,0.0,0.0,0.0,0.0,5.0,400,1.0,4,2,0.0,1,2,3.0,2.0,1
0,262.0,0.0,51,0.0,0.0,68,6.0,32,2.0,18.0,20,1.0,2.0,1,1,1.0,1,1.0,2.0,1000,0.0,2.0,2.0,0,40.0,2.0,1,2.0,0,2004.0,52.0,1,38,82,1.0,0.0,0.0,0.0,0.0,5.0,200,1.0,2,2,0.0,1,2,3.0,4.0,1
0,262.0,52000.0,67,52000.0,52000.0,07,1.0,924,1.0,16.0,21,1.0,1.0,2,1,2.0,1,2.0,3.0,1000,0.0,3.0,3.0,0,40.0,2.0,1,2.0,0,2004.0,52.0,1,38,32,4.0,0.0,0.0,0.0,0.0,5.0,200,1.0,2,2,0.0,1,2,3.0,4.0,1
0,374.0,58000.0,47,58000.0,40000.0,48,1.0,995,1.0,19.0,20,4.0,1.0,2,3,2.0,1,2.0,2.0,1000,0.0,2.0,2.0,0,45.0,2.0,1,2.0,0,1998.0,52.0,1,38,999,1.0,0.0,0.0,0.0,0.0,5.0,500,1.0,3,2,0.0,1,2,3.0,4.0,1
0,328.0,55000.0,88,48500.0,48500.0,30,2.0,999,1.0,17.0,20,1.0,1.0,2,1,2.0,1,2.0,3.0,1000,0.0,2.0,1.0,2,40.0,2.0,1,2.0,0,2022.0,52.0,1,38,999,1.0,0.0,6500.0,0.0,0.0,5.0,400,1.0,4,2,0.0,1,2,3.0,4.0,1
0,328.0,45000.0,77,45000.0,45000.0,30,2.0,999,1.0,16.0,21,1.0,1.0,2,1,2.0,1,2.0,3.0,1000,0.0,2.0,1.0,0,40.0,2.0,1,2.0,0,2022.0,52.0,1,38,999,1.0,0.0,0.0,0.0,0.0,5.0,400,1.0,4,2,0.0,1,2,3.0,4.0,1
0,501.0,69000.0,13,69000.0,69000.0,07,1.0,999,1.0,21.0,20,1.0,1.0,2,1,2.0,1,2.0,3.0,1000,0.0,3.0,3.0,0,50.0,2.0,1,2.0,0,2022.0,52.0,1,27,999,5.0,0.0,0.0,0.0,0.0,5.0,600,1.0,4,2,0.0,1,2,3.0,4.0,1
0,501.0,45000.0,42,45000.0,45000.0,76,1.0,999,1.0,19.0,21,1.0,1.0,2,1,2.0,1,2.0,3.0,1000,0.0,3.0,3.0,0,40.0,2.0,1,2.0,0,2022.0,52.0,1,27,999,1.0,0.0,0.0,0.0,0.0,5.0,600,1.0,4,2,0.0,1,2,3.0,4.0,1
0,501.0,85000.0,49,85000.0,85000.0,30,1.0,89,1.0,22.0,20,1.0,1.0,2,1,2.0,1,2.0,3.0,1000,0.0,3.0,3.0,0,40.0,2.0,1,2.0,0,2003.0,52.0,1,38,20,1.0,0.0,0.0,0.0,0.0,5.0,600,1.0,2,2,0.0,1,2,3.0,4.0,1
0,501.0,100000.0,48,100000.0,100000.0,01,1.0,32,1.0,21.0,21,1.0,1.0,2,1,2.0,1,2.0,3.0,1000,0.0,3.0,3.0,0,40.0,2.0,1,2.0,0,2003.0,52.0,1,38,999,1.0,0.0,0.0,0.0,0.0,5.0,600,1.0,1,2,0.0,1,2,3.0,4.0,1
0,111.0,17000.0,23,17000.0,17000.0,78,1.0,32,1.0,21.0,20,6.0,1.0,2,5,2.0,1,2.0,3.0,1000,0.0,3.0,3.0,0,40.0,2.0,1,2.0,0,1995.0,28.0,1,27,999,2.0,0.0,0.0,0.0,0.0,5.0,600,3.0,1,2,0.0,1,2,3.0,4.0,1
0,255.0,40000.0,96,40000.0,40000.0,24,1.0,32,1.0,17.0,20,6.0,1.0,2,5,2.0,1,2.0,3.0,1000,0.0,3.0,3.0,0,20.0,2.0,1,2.0,0,1995.0,52.0,1,38,82,1.0,0.0,0.0,0.0,0.0,5.0,300,3.0,2,2,0.0,1,2,3.0,4.0,1
0,255.0,0.0,42,0.0,0.0,69,6.0,24,3.0,19.0,20,1.0,2.0,2,1,2.0,1,2.0,2.0,1000,0.0,2.0,2.0,0,40.0,2.0,1,2.0,0,2001.0,52.0,1,38,32,1.0,0.0,0.0,0.0,0.0,5.0,200,1.0,2,2,0.0,1,2,3.0,4.0,1
0,255.0,85500.0,00,85000.0,85000.0,03,1.0,22,1.0,19.0,21,1.0,1.0,2,1,2.0,1,2.0,3.0,1000,0.0,3.0,3.0,0,40.0,2.0,1,2.0,0,2001.0,52.0,1,49,999,1.0,0.0,0.0,0.0,0.0,5.0,200,1.0,1,2,500.0,1,2,3.0,4.0,1
0,255.0,5000.0,47,5000.0,5000.0,49,1.0,32,1.0,14.0,25,6.0,1.0,2,5,2.0,1,2.0,3.0,1000,0.0,3.0,3.0,0,16.0,2.0,1,2.0,0,1995.0,45.0,1,38,22,1.0,0.0,0.0,0.0,0.0,5.0,200,1.0,2,2,0.0,1,2,3.0,4.0,1
0,255.0,5000.0,47,5000.0,5000.0,49,1.0,32,1.0,14.0,25,6.0,1.0,2,5,2.0,1,2.0,3.0,1000,0.0,3.0,3.0,0,16.0,2.0,1,2.0,0,1995.0,52.0,1,38,22,1.0,0.0,0.0,0.0,0.0,5.0,200,1.0,2,2,0.0,1,2,3.0,4.0,1
0,114.0,18000.0,42,18000.0,18000.0,86,1.0,32,1.0,16.0,20,6.0,1.0,2,5,2.0,1,2.0,3.0,1000,0.0,3.0,3.0,0,30.0,2.0,1,2.0,0,1995.0,52.0,1,55,999,2.0,0.0,0.0,0.0,0.0,5.0,500,3.0,1,2,0.0,1,2,3.0,4.0,1
0,101.0,16000.0,96,16000.0,16000.0,63,1.0,22,1.0,19.0,22,6.0,1.0,2,5,2.0,1,2.0,3.0,1000,0.0,3.0,3.0,0,22.0,2.0,1,2.0,0,1995.0,52.0,1,6,999,1.0,0.0,0.0,0.0,0.0,5.0,500,3.0,1,2,0.0,1,2,3.0,4.0,1
0,114.0,25000.0,36,25000.0,25000.0,82,1.0,82,1.0,19.0,20,1.0,1.0,2,1,2.0,1,2.0,3.0,1000,0.0,3.0,3.0,0,32.0,2.0,1,2.0,0,1995.0,52.0,1,38,999,1.0,0.0,0.0,0.0,0.0,5.0,400,1.0,1,2,0.0,1,2,3.0,4.0,1
0,114.0,1900.0,91,1900.0,0.0,01,1.0,20,1.0,16.0,21,1.0,1.0,2,1,2.0,1,2.0,3.0,1000,0.0,3.0,3.0,0,50.0,2.0,1,2.0,0,1995.0,52.0,1,38,999,6.0,0.0,0.0,0.0,0.0,5.0,400,1.0,1,2,0.0,1,2,3.0,4.0,1
0,114.0,0.0,42,0.0,0.0,69,6.0,82,3.0,16.0,25,6.0,2.0,2,5,2.0,1,2.0,2.0,1000,0.0,2.0,2.0,0,40.0,2.0,1,2.0,0,1995.0,52.0,1,38,999,1.0,0.0,0.0,0.0,0.0,5.0,400,1.0,1,2,0.0,1,2,3.0,4.0,1
0,226.0,35000.0,32,35000.0,35000.0,81,1.0,22,1.0,20.0,20,6.0,1.0,2,5,2.0,1,2.0,3.0,1000,0.0,3.0,3.0,0,36.0,2.0,1,2.0,0,1995.0,52.0,1,27,26,2.0,0.0,0.0,0.0,0.0,5.0,500,3.0,2,2,0.0,1,2,3.0,4.0,1
0,84.0,13000.0,36,13000.0,13000.0,81,1.0,32,1.0,19.0,34,6.0,1.0,2,5,2.0,1,2.0,3.0,1000,0.0,3.0,3.0,0,20.0,2.0,1,2.0,0,1995.0,48.0,1,38,21,1.0,0.0,0.0,0.0,0.0,5.0,500,3.0,2,2,0.0,1,2,3.0,4.0,1
0,501.0,12000.0,25,0.0,0.0,78,6.0,50,2.0,16.0,21,1.0,2.0,2,1,2.0,1,2.0,2.0,1000,0.0,2.0,2.0,2,40.0,2.0,1,2.0,0,1978.0,52.0,1,38,999,2.0,12000.0,0.0,0.0,0.0,5.0,500,1.0,1,2,0.0,1,2,2.0,4.0,1
1,206.0,120000.0,87,120000.0,0.0,44,1.0,999,1.0,19.0,20,1.0,1.0,2,1,2.0,1,2.0,3.0,1000,0.0,3.0,3.0,0,60.0,2.0,1,2.0,0,1998.0,50.0,1,27,999,6.0,0.0,0.0,0.0,0.0,5.0,200,1.0,4,2,0.0,1,2,3.0,4.0,1
1,206.0,0.0,42,0.0,0.0,69,6.0,999,3.0,18.0,21,1.0,2.0,1,1,2.0,1,2.0,2.0,1000,0.0,2.0,2.0,0,40.0,2.0,1,2.0,0,1998.0,52.0,1,27,999,1.0,0.0,0.0,0.0,0.0,5.0,200,1.0,4,2,0.0,1,1,3.0,4.0,1
1,9.0,1500.0,91,0.0,0.0,61,6.0,32,2.0,17.0,20,4.0,2.0,1,3,1.0,17,2.0,2.0,9000,1500.0,2.0,2.0,0,40.0,1.0,9,2.0,1,2002.0,52.0,1,38,919,1.0,0.0,0.0,0.0,0.0,5.0,200,1.0,2,2,0.0,1,1,3.0,4.0,1
0,478.0,75000.0,32,75000.0,75000.0,80,1.0,32,1.0,21.0,20,4.0,1.0,2,3,2.0,1,2.0,3.0,1000,0.0,3.0,3.0,0,36.0,2.0,1,2.0,0,2009.0,52.0,1,38,112,1.0,0.0,0.0,0.0,0.0,5.0,300,1.0,2,2,0.0,1,2,3.0,4.0,1
0,408.0,79000.0,47,79000.0,79000.0,49,1.0,32,1.0,18.0,20,1.0,1.0,2,1,2.0,1,2.0,3.0,1000,0.0,3.0,3.0,2,50.0,2.0,1,2.0,0,1999.0,52.0,1,38,999,1.0,0.0,0.0,0.0,0.0,5.0,600,1.0,1,2,0.0,1,2,3.0,4.0,1
0,408.0,1500.0,42,1500.0,1500.0,77,1.0,32,1.0,19.0,21,1.0,1.0,2,1,2.0,1,2.0,3.0,1000,0.0,3.0,3.0,0,40.0,2.0,1,2.0,0,1999.0,52.0,1,38,999,8.0,0.0,0.0,0.0,0.0,5.0,600,1.0,1,2,0.0,1,2,3.0,4.0,1
1,69.0,10900.0,42,0.0,0.0,69,6.0,924,3.0,16.0,20,6.0,2.0,1,5,2.0,1,1.0,2.0,1000,3600.0,2.0,2.0,0,40.0,2.0,1,2.0,0,1995.0,52.0,1,38,999,1.0,7300.0,0.0,0.0,0.0,5.0,400,1.0,1,2,0.0,1,2,3.0,4.0,1
0,454.0,45200.0,36,45000.0,45000.0,82,1.0,32,1.0,19.0,21,1.0,1.0,2,1,2.0,1,2.0,2.0,1000,0.0,2.0,2.0,0,40.0,2.0,1,2.0,0,1982.0,52.0,1,27,999,2.0,0.0,0.0,0.0,0.0,5.0,400,1.0,1,2,200.0,1,2,3.0,4.0,1
0,229.0,45000.0,15,45000.0,45000.0,07,1.0,939,1.0,18.0,20,1.0,1.0,2,1,2.0,1,2.0,3.0,1000,0.0,3.0,3.0,0,50.0,2.0,1,2.0,0,2011.0,52.0,1,30,999,4.0,0.0,0.0,0.0,0.0,5.0,400,1.0,1,2,0.0,1,2,3.0,4.0,1
0,229.0,25000.0,23,25000.0,25000.0,78,1.0,939,1.0,20.0,21,1.0,1.0,2,1,2.0,1,2.0,2.0,1000,0.0,2.0,2.0,0,40.0,2.0,1,2.0,0,2011.0,52.0,1,38,999,3.0,0.0,0.0,0.0,0.0,5.0,400,1.0,1,2,0.0,1,2,3.0,4.0,1
0,501.0,125000.0,30,125000.0,125000.0,79,1.0,82,1.0,23.0,20,1.0,1.0,2,1,2.0,1,2.0,3.0,1000,0.0,3.0,3.0,0,32.0,2.0,1,2.0,0,2009.0,52.0,1,2,51,1.0,0.0,0.0,0.0,0.0,5.0,500,1.0,2,2,0.0,1,2,3.0,4.0,1
0,501.0,154500.0,30,150000.0,0.0,79,1.0,82,1.0,23.0,21,1.0,1.0,2,1,2.0,1,2.0,3.0,1000,0.0,3.0,3.0,0,32.0,2.0,1,2.0,0,2009.0,52.0,1,38,999,6.0,0.0,0.0,0.0,0.0,5.0,500,1.0,1,2,4500.0,1,2,3.0,4.0,1
0,501.0,80000.0,07,80000.0,80000.0,66,1.0,996,1.0,21.0,20,1.0,1.0,2,1,2.0,1,2.0,3.0,1000,0.0,3.0,3.0,0,40.0,2.0,1,2.0,0,2010.0,52.0,1,38,999,1.0,0.0,0.0,0.0,0.0,5.0,100,1.0,3,2,0.0,1,2,3.0,4.0,1
0,501.0,130000.0,00,130000.0,130000.0,68,1.0,32,1.0,21.0,21,1.0,1.0,2,1,2.0,1,2.0,3.0,1000,0.0,3.0,3.0,0,40.0,2.0,1,2.0,0,2010.0,52.0,1,38,999,1.0,0.0,0.0,0.0,0.0,5.0,100,1.0,1,2,0.0,1,2,3.0,4.0,1
0,501.0,30000.0,42,30000.0,30000.0,82,1.0,32,1.0,19.0,20,1.0,1.0,2,1,2.0,1,2.0,3.0,1000,0.0,3.0,3.0,0,40.0,2.0,1,2.0,0,1982.0,52.0,1,27,999,1.0,0.0,0.0,0.0,0.0,5.0,400,1.0,1,2,0.0,1,2,3.0,4.0,1
0,501.0,38100.0,50,38100.0,38100.0,80,1.0,122,1.0,21.0,20,1.0,1.0,2,1,2.0,1,2.0,3.0,1000,0.0,3.0,3.0,0,28.0,2.0,1,2.0,0,1989.0,50.0,1,38,3,2.0,0.0,0.0,0.0,0.0,5.0,100,1.0,2,2,0.0,1,2,3.0,4.0,1
0,501.0,98000.0,00,98000.0,78000.0,91,1.0,32,1.0,21.0,21,1.0,1.0,2,1,2.0,1,2.0,3.0,1000,0.0,3.0,3.0,0,45.0,2.0,1,2.0,0,1989.0,52.0,1,27,3,2.0,0.0,0.0,0.0,0.0,5.0,100,1.0,2,2,0.0,1,2,3.0,4.0,1
0,501.0,0.0,42,0.0,0.0,69,6.0,999,3.0,1.0,20,1.0,2.0,2,1,2.0,17,2.0,2.0,9000,0.0,2.0,2.0,0,40.0,2.0,9,2.0,1,2012.0,52.0,1,26,999,1.0,0.0,0.0,0.0,0.0,5.0,500,1.0,4,2,0.0,1,2,3.0,4.0,1
0,501.0,105000.0,47,105000.0,105000.0,49,1.0,999,1.0,1.0,21,1.0,1.0,2,1,2.0,17,2.0,3.0,9000,0.0,3.0,3.0,0,40.0,2.0,9,2.0,1,2012.0,52.0,1,6,999,1.0,0.0,0.0,0.0,0.0,5.0,500,1.0,4,2,0.0,1,2,3.0,4.0,1
0,501.0,80000.0,62,80000.0,80000.0,07,1.0,999,1.0,19.0,20,6.0,1.0,2,5,2.0,22,2.0,3.0,9000,0.0,3.0,3.0,0,70.0,2.0,9,2.0,0,1995.0,52.0,1,233,999,1.0,0.0,0.0,0.0,0.0,5.0,400,3.0,4,2,0.0,4,2,3.0,4.0,1
0,401.0,62000.0,50,62000.0,62000.0,69,1.0,999,1.0,20.0,22,6.0,1.0,2,5,2.0,1,2.0,3.0,1000,0.0,3.0,3.0,0,40.0,2.0,1,2.0,0,1995.0,52.0,1,31,999,1.0,0.0,0.0,0.0,0.0,5.0,400,1.0,4,2,0.0,1,2,3.0,4.0,1
0,250.0,39100.0,50,38000.0,38000.0,91,1.0,32,1.0,21.0,20,6.0,1.0,2,5,2.0,1,2.0,3.0,1000,0.0,3.0,3.0,0,40.0,2.0,1,2.0,0,1995.0,52.0,1,38,82,2.0,0.0,1100.0,0.0,0.0,5.0,300,3.0,2,2,0.0,1,2,3.0,4.0,1
0,426.0,13200.0,23,0.0,0.0,78,6.0,82,2.0,21.0,20,1.0,2.0,1,1,2.0,1,2.0,2.0,1000,0.0,2.0,2.0,0,40.0,1.0,1,2.0,0,2002.0,52.0,1,27,32,1.0,13200.0,0.0,0.0,0.0,5.0,600,1.0,2,2,0.0,1,2,3.0,4.0,1
0,426.0,90000.0,56,90000.0,90000.0,30,1.0,22,1.0,18.0,21,1.0,1.0,1,1,2.0,1,2.0,3.0,1000,0.0,3.0,3.0,0,40.0,2.0,1,2.0,0,2002.0,52.0,1,17,88,1.0,0.0,0.0,0.0,0.0,5.0,600,1.0,2,2,0.0,1,1,3.0,4.0,1
0,58.0,9000.0,58,9000.0,9000.0,42,1.0,999,1.0,16.0,22,6.0,1.0,1,5,2.0,1,2.0,3.0,1000,0.0,3.0,3.0,0,20.0,1.0,1,2.0,0,1995.0,52.0,1,16,999,1.0,0.0,0.0,0.0,0.0,5.0,100,1.0,4,2,0.0,1,2,3.0,4.0,1
1,151.0,32500.0,72,32500.0,0.0,87,1.0,32,1.0,19.0,20,1.0,1.0,2,1,2.0,1,2.0,3.0,1000,0.0,3.0,3.0,0,60.0,2.0,1,2.0,0,1995.0,52.0,1,27,999,6.0,0.0,0.0,0.0,0.0,5.0,200,1.0,1,2,0.0,1,2,3.0,4.0,1
0,151.0,13500.0,25,13500.0,13500.0,78,1.0,999,1.0,21.0,21,1.0,1.0,2,1,2.0,1,2.0,3.0,1000,0.0,3.0,3.0,2,25.0,2.0,1,2.0,0,1995.0,40.0,1,27,999,1.0,0.0,0.0,0.0,0.0,5.0,200,1.0,4,2,0.0,1,2,3.0,4.0,1
0,11.0,1800.0,48,1800.0,1800.0,63,3.0,999,1.0,20.0,20,4.0,1.0,2,3,2.0,1,2.0,3.0,1000,0.0,3.0,3.0,0,40.0,2.0,1,2.0,0,2003.0,4.0,1,38,999,5.0,0.0,0.0,0.0,0.0,5.0,500,1.0,4,2,0.0,1,2,3.0,4.0,1
0,457.0,70000.0,32,70000.0,70000.0,94,1.0,32,1.0,20.0,20,4.0,1.0,2,3,2.0,1,2.0,3.0,1000,0.0,3.0,3.0,0,40.0,2.0,1,2.0,0,2020.0,52.0,1,38,148,4.0,0.0,0.0,0.0,0.0,5.0,400,1.0,2,2,0.0,1,2,3.0,4.0,1
0,324.0,38500.0,40,38500.0,38500.0,86,1.0,32,1.0,19.0,20,1.0,1.0,2,1,2.0,1,2.0,3.0,1000,0.0,3.0,3.0,0,55.0,2.0,1,2.0,0,2014.0,52.0,1,30,21,1.0,0.0,0.0,0.0,0.0,5.0,100,1.0,2,2,0.0,1,2,3.0,4.0,1
0,324.0,38500.0,73,38500.0,38500.0,86,1.0,82,1.0,14.0,21,1.0,1.0,2,1,2.0,17,2.0,3.0,9000,0.0,3.0,3.0,0,40.0,2.0,9,2.0,1,2014.0,52.0,1,38,935,1.0,0.0,0.0,0.0,0.0,5.0,100,1.0,2,2,0.0,1,2,3.0,4.0,1
0,324.0,0.0,47,0.0,0.0,49,6.0,21,2.0,13.0,28,6.0,2.0,2,5,2.0,17,2.0,2.0,9000,0.0,2.0,2.0,0,40.0,2.0,9,2.0,1,1995.0,52.0,1,38,935,1.0,0.0,0.0,0.0,0.0,5.0,100,3.0,2,2,0.0,1,2,3.0,4.0,1
0,501.0,130000.0,08,130000.0,130000.0,69,1.0,750,1.0,23.0,20,4.0,1.0,2,3,2.0,8,2.0,2.0,4003,0.0,2.0,2.0,0,40.0,2.0,6,2.0,0,2010.0,52.0,0,217,999,1.0,0.0,0.0,0.0,0.0,5.0,600,1.0,1,2,0.0,4,2,2.0,4.0,1
0,159.0,25000.0,25,25000.0,25000.0,78,6.0,82,1.0,17.0,22,4.0,2.0,2,3,2.0,1,2.0,2.0,1000,0.0,2.0,2.0,0,35.0,2.0,1,2.0,0,2010.0,20.0,1,38,999,3.0,0.0,0.0,0.0,0.0,5.0,600,1.0,1,2,0.0,1,2,2.0,4.0,1
0,501.0,25020.0,42,0.0,0.0,69,6.0,999,3.0,19.0,20,1.0,1.0,2,1,2.0,1,2.0,3.0,1000,0.0,3.0,3.0,2,40.0,2.0,1,2.0,0,1982.0,52.0,1,38,999,1.0,18000.0,7000.0,0.0,0.0,5.0,400,1.0,4,2,20.0,1,2,3.0,4.0,1
0,501.0,71000.0,62,71000.0,71000.0,07,1.0,999,1.0,21.0,21,1.0,1.0,2,1,2.0,1,2.0,3.0,1000,0.0,3.0,3.0,2,40.0,2.0,1,2.0,0,1982.0,52.0,1,38,999,3.0,0.0,0.0,0.0,0.0,5.0,400,1.0,4,2,0.0,1,2,3.0,4.0,1
0,501.0,26000.0,96,26000.0,26000.0,49,1.0,999,1.0,21.0,25,6.0,1.0,2,5,2.0,1,2.0,3.0,1000,0.0,3.0,3.0,2,40.0,2.0,1,2.0,0,1995.0,52.0,1,38,999,1.0,0.0,0.0,0.0,0.0,5.0,400,1.0,4,2,0.0,1,2,3.0,4.0,1
0,195.0,30000.0,44,30000.0,30000.0,82,1.0,82,1.0,16.0,20,4.0,1.0,2,3,2.0,1,2.0,3.0,1000,0.0,3.0,3.0,0,40.0,2.0,1,2.0,0,1994.0,52.0,1,38,999,2.0,0.0,0.0,0.0,0.0,5.0,500,1.0,1,2,0.0,1,2,3.0,4.0,1
0,387.0,60000.0,57,48000.0,48000.0,95,1.0,32,1.0,20.0,20,4.0,1.0,2,3,2.0,1,2.0,3.0,1000,0.0,3.0,3.0,0,40.0,2.0,1,2.0,0,1991.0,52.0,1,38,999,5.0,0.0,0.0,12000.0,0.0,5.0,300,1.0,1,2,0.0,1,2,3.0,3.0,1
0,501.0,40000.0,15,40000.0,40000.0,07,1.0,996,1.0,20.0,20,1.0,1.0,2,1,2.0,1,2.0,3.0,1000,0.0,3.0,3.0,2,40.0,2.0,1,2.0,0,2020.0,52.0,1,38,999,1.0,0.0,0.0,0.0,0.0,5.0,300,1.0,3,2,0.0,1,2,3.0,4.0,1
0,501.0,60000.0,72,60000.0,60000.0,87,1.0,924,1.0,20.0,21,1.0,1.0,1,1,1.0,1,1.0,3.0,1000,0.0,3.0,3.0,2,60.0,2.0,1,2.0,0,2020.0,52.0,1,38,999,1.0,0.0,0.0,0.0,0.0,5.0,300,1.0,1,2,0.0,1,1,3.0,4.0,1
0,501.0,65000.0,01,65000.0,65000.0,69,1.0,82,1.0,18.0,20,1.0,1.0,2,1,2.0,1,2.0,3.0,1000,0.0,3.0,3.0,2,42.0,2.0,1,2.0,0,2014.0,52.0,1,38,32,1.0,0.0,0.0,0.0,0.0,5.0,200,1.0,2,2,0.0,1,2,3.0,4.0,1
0,501.0,98000.0,11,98000.0,98000.0,60,1.0,87,1.0,19.0,21,1.0,1.0,2,1,2.0,1,2.0,3.0,1000,0.0,3.0,3.0,2,42.0,2.0,1,2.0,0,2014.0,52.0,1,6,999,1.0,0.0,0.0,0.0,0.0,5.0,200,1.0,1,2,0.0,1,2,3.0,4.0,1
0,295.0,45000.0,92,45000.0,45000.0,60,1.0,419,1.0,19.0,20,6.0,1.0,2,5,2.0,1,2.0,3.0,1000,0.0,3.0,3.0,2,40.0,2.0,1,2.0,0,1995.0,52.0,1,6,999,1.0,0.0,0.0,0.0,0.0,5.0,200,1.0,1,2,0.0,1,2,3.0,2.0,1
0,131.0,20000.0,59,20000.0,20000.0,63,1.0,82,1.0,16.0,22,6.0,1.0,2,5,2.0,1,2.0,3.0,1000,0.0,3.0,3.0,2,40.0,2.0,1,2.0,0,1995.0,52.0,1,38,999,1.0,0.0,0.0,0.0,0.0,5.0,200,1.0,1,2,0.0,1,2,3.0,4.0,1
0,501.0,102120.0,53,0.0,0.0,95,6.0,82,2.0,18.0,20,3.0,2.0,2,2,2.0,1,2.0,2.0,1000,0.0,2.0,2.0,0,40.0,2.0,1,2.0,0,1977.0,52.0,1,27,999,5.0,8300.0,17600.0,76000.0,0.0,5.0,400,1.0,1,2,220.0,1,2,3.0,4.0,1
0,492.0,75000.0,48,75000.0,75000.0,01,1.0,999,1.0,20.0,22,4.0,1.0,2,3,2.0,1,2.0,3.0,1000,0.0,3.0,3.0,0,50.0,2.0,1,2.0,0,2002.0,52.0,1,38,999,1.0,0.0,0.0,0.0,0.0,5.0,400,1.0,4,2,0.0,1,2,3.0,4.0,1
0,501.0,65000.0,51,65000.0,65000.0,42,1.0,999,1.0,19.0,20,1.0,1.0,2,1,2.0,1,2.0,3.0,1000,0.0,3.0,3.0,0,40.0,2.0,1,2.0,0,2003.0,52.0,1,27,999,1.0,0.0,0.0,0.0,0.0,5.0,600,1.0,4,2,0.0,1,2,3.0,4.0,1
0,431.0,26000.0,60,26000.0,26000.0,01,1.0,999,1.0,19.0,20,1.0,1.0,2,1,2.0,1,2.0,2.0,1000,0.0,3.0,3.0,2,20.0,2.0,1,2.0,0,1981.0,52.0,1,38,999,1.0,0.0,0.0,0.0,0.0,5.0,600,1.0,4,2,0.0,1,2,3.0,2.0,1
0,431.0,59000.0,57,59000.0,59000.0,78,1.0,999,1.0,19.0,21,1.0,1.0,2,1,2.0,1,2.0,3.0,1000,0.0,3.0,3.0,0,40.0,2.0,1,2.0,0,1981.0,52.0,1,38,999,3.0,0.0,0.0,0.0,0.0,5.0,600,1.0,4,2,0.0,1,2,3.0,4.0,1
0,501.0,88000.0,07,88000.0,88000.0,95,1.0,32,1.0,22.0,20,1.0,1.0,2,1,2.0,1,2.0,3.0,1000,0.0,3.0,3.0,0,40.0,2.0,1,2.0,0,2021.0,52.0,1,12,999,5.0,0.0,0.0,0.0,0.0,5.0,200,3.0,1,2,0.0,1,2,3.0,4.0,1
0,501.0,30000.0,04,30000.0,30000.0,90,1.0,32,1.0,19.0,21,1.0,1.0,2,1,2.0,1,2.0,3.0,1000,0.0,3.0,3.0,0,60.0,2.0,1,2.0,0,2021.0,52.0,1,53,999,7.0,0.0,0.0,0.0,0.0,5.0,200,3.0,1,2,0.0,1,2,3.0,4.0,1
0,485.0,140000.0,14,140000.0,140000.0,35,1.0,32,1.0,19.0,20,1.0,1.0,2,1,2.0,1,2.0,3.0,1000,0.0,3.0,3.0,0,45.0,2.0,1,2.0,0,1996.0,52.0,1,38,999,1.0,0.0,0.0,0.0,0.0,5.0,600,1.0,1,2,0.0,1,2,3.0,4.0,1
0,485.0,55000.0,47,55000.0,55000.0,42,1.0,999,1.0,20.0,21,1.0,1.0,1,1,2.0,1,2.0,3.0,1000,0.0,3.0,3.0,0,40.0,2.0,1,2.0,0,1996.0,52.0,1,38,999,1.0,0.0,0.0,0.0,0.0,5.0,600,1.0,4,1,0.0,1,1,3.0,4.0,1
0,317.0,50000.0,73,50000.0,50000.0,01,1.0,999,1.0,14.0,20,6.0,1.0,2,5,2.0,1,2.0,3.0,1000,0.0,3.0,3.0,0,45.0,2.0,1,2.0,0,1995.0,52.0,1,38,999,2.0,0.0,0.0,0.0,0.0,5.0,200,1.0,4,2,0.0,1,2,3.0,4.0,1
0,281.0,42800.0,54,40000.0,40000.0,94,1.0,89,1.0,16.0,20,6.0,1.0,2,5,2.0,17,2.0,3.0,9000,0.0,3.0,3.0,0,40.0,2.0,9,2.0,1,1995.0,52.0,1,27,917,4.0,0.0,2800.0,0.0,0.0,5.0,600,3.0,2,2,0.0,1,2,3.0,4.0,1
0,44.0,7000.0,57,7000.0,7000.0,01,1.0,999,1.0,21.0,22,4.0,1.0,1,3,2.0,1,2.0,2.0,1000,0.0,2.0,2.0,1,45.0,1.0,1,2.0,0,1999.0,52.0,1,38,999,8.0,0.0,0.0,0.0,0.0,5.0,100,1.0,4,2,0.0,1,2,3.0,4.0,1
0,501.0,10000.0,47,10000.0,10000.0,54,1.0,22,1.0,19.0,21,1.0,1.0,2,1,2.0,1,2.0,3.0,1000,0.0,3.0,3.0,0,12.0,2.0,1,2.0,0,1990.0,52.0,1,49,32,2.0,0.0,0.0,0.0,0.0,5.0,600,1.0,2,2,0.0,1,2,3.0,4.0,1
0,165.0,8000.0,47,8000.0,8000.0,85,1.0,939,1.0,17.0,20,1.0,1.0,2,1,2.0,17,2.0,3.0,9000,0.0,3.0,3.0,0,20.0,2.0,9,2.0,1,2019.0,52.0,1,38,999,1.0,0.0,0.0,0.0,0.0,5.0,200,1.0,1,2,0.0,1,2,3.0,4.0,1
0,165.0,43000.0,39,43000.0,43000.0,76,1.0,917,1.0,18.0,21,1.0,1.0,2,1,2.0,17,2.0,3.0,9000,0.0,3.0,3.0,0,40.0,2.0,9,2.0,1,2019.0,52.0,1,38,87,1.0,0.0,0.0,0.0,0.0,5.0,200,1.0,2,2,0.0,1,2,3.0,4.0,1
0,480.0,98000.0,31,98000.0,98000.0,80,1.0,98,1.0,22.0,20,1.0,1.0,2,1,2.0,1,2.0,3.0,1000,0.0,3.0,3.0,0,32.0,2.0,1,2.0,0,2003.0,52.0,1,303,218,1.0,0.0,0.0,0.0,0.0,5.0,600,1.0,2,2,0.0,3,2,3.0,4.0,1
0,480.0,90000.0,37,90000.0,90000.0,94,1.0,50,1.0,21.0,21,1.0,1.0,2,1,2.0,1,2.0,3.0,1000,0.0,3.0,3.0,0,40.0,2.0,1,2.0,0,2003.0,52.0,1,38,98,3.0,0.0,0.0,0.0,0.0,5.0,600,1.0,2,2,0.0,1,2,3.0,4.0,1
0,501.0,61000.0,58,61000.0,61000.0,69,1.0,22,1.0,18.0,20,1.0,1.0,2,1,2.0,1,2.0,3.0,1000,0.0,3.0,3.0,0,40.0,2.0,1,2.0,0,2008.0,52.0,1,27,82,1.0,0.0,0.0,0.0,0.0,5.0,500,1.0,2,2,0.0,1,2,3.0,4.0,1
0,501.0,81000.0,87,81000.0,81000.0,72,1.0,82,1.0,16.0,21,1.0,1.0,2,1,2.0,1,2.0,3.0,1000,0.0,3.0,3.0,0,40.0,2.0,1,2.0,0,2008.0,52.0,1,27,22,1.0,0.0,0.0,0.0,0.0,5.0,500,1.0,2,2,0.0,1,2,3.0,4.0,1
0,466.0,42000.0,32,42000.0,42000.0,80,1.0,82,1.0,20.0,20,1.0,1.0,2,1,2.0,1,2.0,3.0,1000,0.0,3.0,3.0,0,42.0,2.0,1,2.0,0,2006.0,52.0,1,38,50,5.0,0.0,0.0,0.0,0.0,5.0,100,1.0,2,2,0.0,1,2,3.0,4.0,1
0,466.0,100000.0,00,100000.0,100000.0,61,1.0,32,1.0,16.0,21,1.0,1.0,2,1,2.0,1,2.0,3.0,1000,0.0,3.0,3.0,0,50.0,2.0,1,2.0,0,2006.0,52.0,1,30,82,1.0,0.0,0.0,0.0,0.0,5.0,100,1.0,2,2,0.0,1,2,3.0,4.0,1
0,322.0,39000.0,51,39000.0,39000.0,72,1.0,148,1.0,20.0,20,1.0,1.0,1,1,2.0,1,2.0,3.0,1000,0.0,3.0,3.0,0,30.0,2.0,1,2.0,0,1981.0,52.0,1,17,88,7.0,0.0,0.0,0.0,0.0,5.0,500,1.0,2,1,0.0,1,2,3.0,4.0,1
0,292.0,45000.0,77,45000.0,45000.0,22,1.0,32,1.0,18.0,20,6.0,1.0,2,5,2.0,1,2.0,3.0,1000,0.0,3.0,3.0,0,43.0,2.0,1,2.0,0,1995.0,52.0,1,38,999,1.0,0.0,0.0,0.0,0.0,5.0,600,1.0,1,2,0.0,1,2,3.0,4.0,1
0,501.0,75000.0,91,75000.0,75000.0,01,1.0,32,1.0,16.0,20,1.0,1.0,2,1,2.0,29,2.0,3.0,9000,0.0,3.0,3.0,2,70.0,2.0,9,2.0,0,2004.0,52.0,1,38,21,1.0,0.0,0.0,0.0,0.0,5.0,400,1.0,2,2,0.0,1,2,3.0,4.0,1
0,501.0,109200.0,36,108000.0,108000.0,83,1.0,32,1.0,21.0,21,1.0,1.0,2,1,2.0,1,2.0,3.0,1000,0.0,3.0,3.0,2,99.0,2.0,1,2.0,0,2004.0,52.0,1,38,89,2.0,0.0,1200.0,0.0,0.0,5.0,400,1.0,2,2,0.0,1,2,3.0,4.0,1
0,25.0,4000.0,02,4000.0,0.0,01,1.0,82,1.0,21.0,20,6.0,1.0,2,5,2.0,1,2.0,3.0,1000,0.0,3.0,3.0,2,40.0,2.0,1,2.0,0,1995.0,52.0,1,38,999,6.0,0.0,0.0,0.0,0.0,5.0,500,1.0,1,2,0.0,1,2,3.0,4.0,1
0,501.0,140000.0,02,140000.0,0.0,01,1.0,999,1.0,18.0,20,1.0,1.0,2,1,2.0,1,2.0,3.0,1000,0.0,3.0,3.0,0,40.0,2.0,1,2.0,0,2014.0,52.0,1,38,999,6.0,0.0,0.0,0.0,0.0,5.0,200,1.0,4,2,0.0,1,2,3.0,2.0,1
0,501.0,20900.0,46,20900.0,20900.0,78,6.0,32,1.0,19.0,21,1.0,2.0,2,1,2.0,1,2.0,2.0,1000,0.0,2.0,2.0,0,40.0,2.0,1,2.0,0,2014.0,52.0,1,38,999,3.0,0.0,0.0,0.0,0.0,5.0,200,1.0,1,2,0.0,1,2,3.0,4.0,1
0,352.0,55000.0,82,55000.0,55000.0,23,1.0,999,1.0,19.0,20,6.0,1.0,2,5,2.0,2,2.0,3.0,3000,0.0,3.0,3.0,0,40.0,2.0,2,2.0,0,1995.0,52.0,0,417,999,1.0,0.0,0.0,0.0,0.0,5.0,600,1.0,4,2,0.0,6,2,3.0,4.0,1
0,92.0,14300.0,01,14300.0,14300.0,48,1.0,32,1.0,21.0,20,6.0,1.0,2,5,2.0,1,2.0,3.0,1000,0.0,3.0,3.0,0,15.0,2.0,1,2.0,0,1995.0,52.0,1,38,999,1.0,0.0,0.0,0.0,0.0,5.0,400,3.0,1,2,0.0,1,2,3.0,3.0,1
0,467.0,73000.0,96,70000.0,15000.0,44,1.0,999,1.0,19.0,20,6.0,1.0,2,5,2.0,1,2.0,3.0,1000,0.0,3.0,3.0,2,20.0,2.0,1,2.0,0,1995.0,52.0,1,27,999,2.0,0.0,0.0,0.0,0.0,5.0,400,1.0,4,2,3000.0,1,2,3.0,4.0,1
0,128.0,20000.0,72,20000.0,20000.0,96,4.0,290,1.0,16.0,20,6.0,1.0,2,5,2.0,1,2.0,2.0,1000,0.0,2.0,2.0,2,12.0,2.0,1,2.0,0,1995.0,52.0,1,48,999,5.0,0.0,0.0,0.0,0.0,5.0,200,3.0,1,2,0.0,1,2,3.0,1.0,2
0,224.0,35000.0,73,35000.0,35000.0,96,4.0,32,1.0,18.0,34,6.0,1.0,2,5,2.0,1,2.0,3.0,1000,0.0,3.0,3.0,0,45.0,2.0,1,2.0,0,1995.0,52.0,1,5,999,5.0,0.0,0.0,0.0,0.0,5.0,200,3.0,1,2,0.0,1,2,3.0,1.0,1
1,11.0,1800.0,48,1800.0,1800.0,63,3.0,22,1.0,20.0,20,4.0,2.0,1,3,2.0,1,1.0,1.0,1000,0.0,1.0,3.0,0,40.0,2.0,1,2.0,0,2003.0,4.0,1,38,32,5.0,0.0,0.0,0.0,0.0,1.0,500,1.0,2,2,0.0,1,2,2.0,4.0,1
0,260.0,40000.0,62,40000.0,40000.0,07,1.0,999,1.0,19.0,22,4.0,1.0,2,3,2.0,17,2.0,3.0,9000,0.0,3.0,3.0,0,10.0,2.0,9,2.0,1,1988.0,52.0,1,38,999,1.0,0.0,0.0,0.0,0.0,5.0,500,2.0,4,2,0.0,1,2,3.0,4.0,1
0,64.0,10000.0,40,10000.0,10000.0,86,1.0,999,1.0,21.0,20,6.0,1.0,2,5,2.0,1,2.0,3.0,1000,0.0,3.0,3.0,2,36.0,2.0,1,2.0,0,1995.0,26.0,1,24,999,1.0,0.0,0.0,0.0,0.0,5.0,500,3.0,4,2,0.0,1,2,3.0,4.0,1
0,339.0,33600.0,05,33600.0,33600.0,78,1.0,22,1.0,20.0,21,1.0,1.0,2,1,2.0,1,2.0,3.0,1000,0.0,3.0,3.0,0,40.0,2.0,1,2.0,0,1992.0,52.0,1,27,32,3.0,0.0,0.0,0.0,0.0,5.0,600,1.0,2,2,0.0,1,2,3.0,2.0,1
0,473.0,64000.0,20,60000.0,60000.0,94,1.0,32,1.0,21.0,20,3.0,1.0,2,2,2.0,1,2.0,3.0,1000,0.0,3.0,3.0,0,40.0,2.0,1,2.0,0,1992.0,52.0,1,38,999,3.0,0.0,4000.0,0.0,0.0,5.0,300,3.0,1,2,0.0,1,2,3.0,4.0,1
0,473.0,30000.0,96,30000.0,30000.0,87,1.0,32,1.0,17.0,25,6.0,1.0,2,5,2.0,1,2.0,3.0,1000,0.0,3.0,3.0,0,30.0,2.0,1,2.0,0,1995.0,52.0,1,38,999,1.0,0.0,0.0,0.0,0.0,5.0,300,3.0,1,2,0.0,1,2,3.0,4.0,1
0,501.0,90000.0,63,0.0,0.0,07,6.0,32,2.0,16.0,20,1.0,2.0,2,1,2.0,1,2.0,2.0,1000,0.0,2.0,2.0,0,40.0,2.0,1,2.0,0,1991.0,52.0,1,38,999,1.0,25000.0,65000.0,0.0,0.0,5.0,200,1.0,1,2,0.0,1,2,3.0,4.0,1
0,501.0,53000.0,23,8000.0,8000.0,78,1.0,32,1.0,21.0,21,1.0,1.0,1,1,2.0,1,2.0,3.0,1000,0.0,3.0,3.0,0,8.0,2.0,1,2.0,0,1991.0,20.0,1,38,82,1.0,0.0,45000.0,0.0,0.0,5.0,200,1.0,2,1,0.0,1,2,3.0,4.0,1
0,501.0,140100.0,06,140000.0,140000.0,53,1.0,32,1.0,21.0,20,1.0,1.0,2,1,2.0,1,2.0,3.0,1000,0.0,3.0,3.0,0,40.0,2.0,1,2.0,0,2007.0,52.0,1,38,111,1.0,0.0,0.0,0.0,0.0,5.0,500,1.0,2,2,100.0,1,2,3.0,4.0,1
0,501.0,136000.0,06,136000.0,136000.0,07,1.0,32,1.0,21.0,21,1.0,1.0,2,1,2.0,1,2.0,3.0,1000,0.0,3.0,3.0,0,50.0,2.0,1,2.0,0,2007.0,52.0,1,27,142,1.0,0.0,0.0,0.0,0.0,5.0,500,1.0,2,2,0.0,1,2,3.0,4.0,1
0,323.0,30000.0,02,30000.0,0.0,01,1.0,32,1.0,19.0,20,1.0,1.0,2,1,2.0,1,2.0,3.0,1000,0.0,3.0,3.0,0,70.0,2.0,1,2.0,0,2021.0,52.0,1,38,50,6.0,0.0,0.0,0.0,0.0,5.0,100,3.0,2,2,0.0,1,2,3.0,4.0,1
0,323.0,48000.0,19,48000.0,48000.0,95,1.0,22,1.0,21.0,21,1.0,1.0,2,1,2.0,1,2.0,3.0,1000,0.0,3.0,3.0,0,40.0,2.0,1,2.0,0,2021.0,52.0,1,27,32,5.0,0.0,0.0,0.0,0.0,5.0,100,3.0,2,2,0.0,1,2,3.0,4.0,1
0,419.0,75000.0,63,75000.0,75000.0,34,1.0,32,1.0,20.0,20,1.0,1.0,2,1,2.0,1,2.0,3.0,1000,0.0,3.0,3.0,0,50.0,2.0,1,2.0,0,2018.0,52.0,1,38,999,1.0,0.0,0.0,0.0,0.0,5.0,100,1.0,1,2,0.0,1,2,3.0,4.0,1
0,419.0,50000.0,33,50000.0,50000.0,79,1.0,32,1.0,20.0,21,1.0,1.0,2,1,2.0,1,2.0,3.0,1000,0.0,3.0,3.0,0,35.0,2.0,1,2.0,0,2018.0,30.0,1,38,148,1.0,0.0,0.0,0.0,0.0,5.0,100,1.0,2,2,0.0,1,2,3.0,4.0,1
0,207.0,23700.0,25,21800.0,21800.0,78,1.0,996,1.0,19.0,20,1.0,1.0,2,1,2.0,15,2.0,3.0,8000,0.0,3.0,3.0,0,30.0,2.0,8,2.0,0,2016.0,39.0,0,53,999,3.0,0.0,0.0,0.0,1900.0,5.0,100,1.0,3,2,0.0,1,2,3.0,4.0,1
0,207.0,60000.0,79,60000.0,60000.0,28,2.0,999,1.0,16.0,21,1.0,1.0,2,1,2.0,15,2.0,3.0,8000,0.0,3.0,3.0,0,60.0,2.0,8,2.0,0,2016.0,52.0,0,314,999,1.0,0.0,0.0,0.0,0.0,5.0,100,1.0,4,2,0.0,3,2,3.0,4.0,8
0,501.0,120000.0,62,120000.0,120000.0,03,1.0,82,1.0,16.0,25,6.0,1.0,2,5,2.0,1,2.0,3.0,1000,0.0,3.0,3.0,0,40.0,2.0,1,2.0,0,1995.0,52.0,1,38,89,1.0,0.0,0.0,0.0,0.0,5.0,200,1.0,2,2,0.0,1,2,3.0,4.0,1
0,219.0,41000.0,48,41000.0,41000.0,40,1.0,32,1.0,20.0,20,1.0,1.0,2,1,2.0,1,2.0,3.0,1000,0.0,3.0,3.0,0,42.0,2.0,1,2.0,0,2014.0,52.0,1,38,999,1.0,0.0,0.0,0.0,0.0,5.0,200,3.0,1,2,0.0,1,2,3.0,4.0,1
0,219.0,2000.0,27,2000.0,2000.0,91,6.0,32,1.0,16.0,21,1.0,2.0,2,1,2.0,1,2.0,2.0,1000,0.0,2.0,2.0,2,3.0,2.0,1,2.0,0,2014.0,26.0,1,6,999,2.0,0.0,0.0,0.0,0.0,5.0,200,3.0,1,2,0.0,1,2,3.0,4.0,1
1,0.0,0.0,42,0.0,0.0,69,6.0,995,3.0,22.0,20,6.0,2.0,2,5,2.0,30,2.0,2.0,9000,0.0,2.0,2.0,0,40.0,2.0,9,2.0,1,1995.0,52.0,0,51,999,1.0,0.0,0.0,0.0,0.0,5.0,100,1.0,3,2,0.0,1,2,3.0,4.0,2
0,501.0,150000.0,49,150000.0,150000.0,70,1.0,82,1.0,21.0,20,1.0,1.0,2,1,2.0,1,2.0,3.0,1000,0.0,3.0,3.0,2,50.0,2.0,1,2.0,0,1992.0,52.0,1,38,999,7.0,0.0,0.0,0.0,0.0,5.0,600,1.0,1,2,0.0,1,2,3.0,4.0,1
0,501.0,0.0,42,0.0,0.0,69,6.0,32,3.0,16.0,21,1.0,2.0,2,1,2.0,1,2.0,2.0,1000,0.0,2.0,2.0,2,40.0,2.0,1,2.0,0,1992.0,52.0,1,27,999,1.0,0.0,0.0,0.0,0.0,5.0,600,1.0,1,2,0.0,1,2,3.0,4.0,1
0,501.0,105000.0,69,105000.0,100000.0,04,1.0,98,1.0,20.0,20,1.0,1.0,2,1,2.0,1,2.0,3.0,1000,0.0,3.0,3.0,0,41.0,2.0,1,2.0,0,1987.0,52.0,1,38,999,1.0,0.0,0.0,0.0,0.0,5.0,200,1.0,1,2,0.0,1,2,3.0,4.0,1
0,501.0,0.0,42,0.0,0.0,69,6.0,98,3.0,21.0,21,1.0,2.0,2,1,2.0,1,2.0,2.0,1000,0.0,2.0,2.0,0,40.0,2.0,1,2.0,0,1987.0,52.0,1,38,999,1.0,0.0,0.0,0.0,0.0,5.0,200,1.0,1,2,0.0,1,2,3.0,4.0,1
1,204.0,0.0,42,0.0,0.0,69,6.0,32,3.0,16.0,20,1.0,2.0,2,1,2.0,1,2.0,2.0,1000,0.0,2.0,2.0,0,40.0,2.0,1,2.0,0,1985.0,52.0,1,27,999,1.0,0.0,0.0,0.0,0.0,5.0,100,1.0,1,2,0.0,1,2,3.0,4.0,1
1,204.0,41500.0,48,40000.0,0.0,61,1.0,32,1.0,16.0,21,1.0,1.0,2,1,2.0,1,2.0,3.0,1000,0.0,3.0,3.0,0,30.0,2.0,1,2.0,0,1985.0,15.0,1,27,999,6.0,0.0,0.0,0.0,0.0,5.0,100,1.0,1,2,1500.0,1,2,3.0,4.0,1
0,184.0,10000.0,46,10000.0,0.0,92,1.0,32,1.0,16.0,20,1.0,1.0,2,1,2.0,1,2.0,3.0,1000,0.0,3.0,3.0,0,45.0,2.0,1,2.0,0,1995.0,52.0,1,38,999,6.0,0.0,0.0,0.0,0.0,5.0,400,1.0,1,2,0.0,1,2,3.0,4.0,1
0,184.0,35000.0,42,35000.0,35000.0,78,1.0,32,1.0,16.0,21,1.0,1.0,2,1,2.0,1,2.0,3.0,1000,0.0,3.0,3.0,0,45.0,2.0,1,2.0,0,1995.0,52.0,1,38,89,4.0,0.0,0.0,0.0,0.0,5.0,400,1.0,2,2,0.0,1,2,3.0,4.0,1
1,98.0,15470.0,96,8000.0,8000.0,44,6.0,89,1.0,17.0,20,4.0,2.0,2,3,2.0,1,2.0,2.0,1000,6900.0,2.0,2.0,0,65.0,2.0,1,2.0,0,1994.0,7.0,1,55,82,1.0,570.0,0.0,0.0,0.0,5.0,200,1.0,2,2,0.0,1,2,3.0,4.0,1
0,394.0,62000.0,89,62000.0,62000.0,63,1.0,82,1.0,21.0,20,4.0,1.0,2,3,2.0,1,2.0,3.0,1000,0.0,3.0,3.0,0,40.0,2.0,1,2.0,0,2008.0,52.0,1,38,32,5.0,0.0,0.0,0.0,0.0,5.0,600,1.0,2,2,0.0,1,2,3.0,4.0,1
0,299.0,46200.0,47,46200.0,46200.0,53,1.0,22,1.0,21.0,20,6.0,1.0,2,5,2.0,1,2.0,3.0,1000,0.0,3.0,3.0,0,40.0,2.0,1,2.0,0,1995.0,52.0,1,38,94,1.0,0.0,0.0,0.0,0.0,5.0,300,1.0,2,2,0.0,1,2,3.0,4.0,1
0,501.0,100000.0,06,100000.0,100000.0,87,1.0,82,1.0,21.0,20,1.0,1.0,2,1,2.0,1,2.0,3.0,1000,0.0,3.0,3.0,0,45.0,2.0,1,2.0,0,2013.0,52.0,1,27,999,1.0,0.0,0.0,0.0,0.0,5.0,600,1.0,1,2,0.0,1,2,3.0,4.0,1
0,501.0,55000.0,47,55000.0,55000.0,42,1.0,32,1.0,20.0,21,1.0,1.0,2,1,2.0,1,2.0,3.0,1000,0.0,3.0,3.0,0,40.0,2.0,1,2.0,0,2013.0,52.0,1,38,999,1.0,0.0,0.0,0.0,0.0,5.0,600,1.0,1,2,0.0,1,2,3.0,4.0,1
0,176.0,27140.0,42,0.0,0.0,69,6.0,26,3.0,19.0,20,4.0,2.0,1,3,1.0,21,2.0,2.0,9000,0.0,2.0,2.0,0,40.0,2.0,9,2.0,0,1995.0,52.0,1,6,32,1.0,0.0,26700.0,0.0,0.0,5.0,500,1.0,2,2,440.0,1,2,3.0,2.0,1
0,106.0,35000.0,62,35000.0,35000.0,07,1.0,999,1.0,16.0,20,1.0,1.0,2,1,2.0,1,2.0,3.0,1000,0.0,3.0,3.0,0,40.0,2.0,1,2.0,0,2010.0,52.0,1,38,999,1.0,0.0,0.0,0.0,0.0,5.0,100,1.0,4,2,0.0,1,2,3.0,4.0,1
0,501.0,130000.0,47,130000.0,130000.0,46,1.0,999,1.0,21.0,20,1.0,1.0,2,1,2.0,1,2.0,3.0,1000,0.0,3.0,3.0,0,60.0,2.0,1,2.0,0,2023.0,52.0,1,27,999,1.0,0.0,0.0,0.0,0.0,5.0,400,3.0,4,2,0.0,1,2,3.0,4.0,1
0,501.0,42000.0,24,42000.0,42000.0,67,1.0,999,1.0,21.0,21,1.0,1.0,2,1,2.0,1,2.0,3.0,1000,0.0,3.0,3.0,0,45.0,2.0,1,2.0,0,2023.0,48.0,1,38,999,3.0,0.0,0.0,0.0,0.0,5.0,400,3.0,4,2,0.0,1,2,3.0,4.0,1
0,187.0,2000.0,32,2000.0,2000.0,81,1.0,553,1.0,21.0,20,1.0,1.0,2,1,2.0,2,2.0,3.0,3000,0.0,3.0,3.0,2,16.0,2.0,2,2.0,0,2016.0,44.0,0,440,999,1.0,0.0,0.0,0.0,0.0,5.0,600,1.0,1,2,0.0,6,2,3.0,4.0,1
0,187.0,35000.0,36,35000.0,35000.0,94,1.0,553,1.0,20.0,21,1.0,1.0,2,1,2.0,2,2.0,3.0,3000,0.0,3.0,3.0,2,30.0,2.0,2,2.0,0,2016.0,30.0,0,440,999,4.0,0.0,0.0,0.0,0.0,5.0,600,1.0,1,2,0.0,6,2,3.0,4.0,1
0,356.0,24000.0,09,0.0,0.0,68,6.0,32,2.0,20.0,21,1.0,2.0,2,1,2.0,1,2.0,2.0,1000,0.0,2.0,2.0,0,40.0,2.0,1,2.0,0,1985.0,52.0,1,38,148,5.0,0.0,24000.0,0.0,0.0,5.0,100,1.0,2,2,0.0,1,2,3.0,4.0,1
0,501.0,22000.0,02,22000.0,12000.0,01,1.0,82,1.0,20.0,21,1.0,1.0,2,1,2.0,1,2.0,3.0,1000,0.0,3.0,3.0,0,45.0,2.0,1,2.0,0,1994.0,52.0,1,38,22,6.0,0.0,0.0,0.0,0.0,5.0,100,1.0,2,2,0.0,1,2,3.0,4.0,1
0,501.0,134900.0,02,18900.0,18900.0,01,1.0,999,1.0,21.0,25,4.0,1.0,2,3,2.0,1,2.0,2.0,1000,0.0,2.0,2.0,0,36.0,2.0,1,2.0,0,1998.0,52.0,1,27,999,1.0,30000.0,0.0,76000.0,0.0,5.0,500,1.0,4,2,10000.0,1,2,3.0,4.0,1
0,501.0,95000.0,91,95000.0,95000.0,61,1.0,32,1.0,16.0,20,1.0,1.0,2,1,2.0,1,2.0,3.0,1000,0.0,3.0,3.0,0,40.0,2.0,1,2.0,0,2015.0,52.0,1,27,999,3.0,0.0,0.0,0.0,0.0,5.0,500,1.0,1,2,0.0,1,2,3.0,4.0,1
0,501.0,41900.0,91,41900.0,41900.0,61,1.0,22,1.0,19.0,21,1.0,1.0,2,1,2.0,1,2.0,3.0,1000,0.0,3.0,3.0,0,35.0,2.0,1,2.0,0,2015.0,52.0,1,27,999,3.0,0.0,0.0,0.0,0.0,5.0,500,1.0,1,2,0.0,1,2,3.0,4.0,1
0,437.0,76000.0,98,65000.0,65000.0,96,4.0,290,1.0,20.0,20,1.0,1.0,2,1,2.0,1,2.0,3.0,1000,0.0,3.0,3.0,0,45.0,2.0,1,2.0,0,2021.0,52.0,1,12,999,5.0,0.0,0.0,11000.0,0.0,5.0,200,3.0,1,2,0.0,1,2,3.0,1.0,4
0,437.0,10500.0,36,10500.0,10500.0,81,1.0,706,1.0,18.0,21,1.0,1.0,2,1,2.0,5,2.0,1.0,4000,0.0,2.0,2.0,0,40.0,2.0,6,2.0,0,2021.0,52.0,0,12,999,1.0,0.0,0.0,0.0,0.0,1.0,200,3.0,1,2,0.0,1,2,3.0,4.0,1
1,167.0,25900.0,04,25900.0,25900.0,07,6.0,22,1.0,19.0,20,4.0,2.0,1,3,1.0,1,1.0,2.0,1000,0.0,2.0,2.0,0,40.0,1.0,1,2.0,0,2002.0,24.0,1,41,50,3.0,0.0,0.0,0.0,0.0,5.0,100,3.0,2,1,0.0,1,2,3.0,4.0,1
1,456.0,114000.0,77,114000.0,114000.0,35,1.0,999,1.0,20.0,20,1.0,1.0,2,1,2.0,1,2.0,3.0,1000,0.0,3.0,3.0,0,50.0,2.0,1,2.0,0,2003.0,52.0,1,51,999,1.0,0.0,0.0,0.0,0.0,5.0,500,3.0,4,2,0.0,1,2,3.0,4.0,1
1,456.0,22000.0,57,22000.0,22000.0,78,1.0,999,1.0,20.0,21,1.0,1.0,2,1,2.0,1,2.0,3.0,1000,0.0,3.0,3.0,0,35.0,2.0,1,2.0,0,2003.0,52.0,1,12,999,3.0,0.0,0.0,0.0,0.0,5.0,500,3.0,4,2,0.0,1,2,3.0,4.0,1
0,295.0,60000.0,23,55000.0,55000.0,78,1.0,999,1.0,21.0,20,1.0,1.0,2,1,2.0,21,2.0,3.0,9000,0.0,3.0,3.0,2,40.0,2.0,9,2.0,0,2010.0,52.0,1,46,999,3.0,0.0,0.0,0.0,0.0,5.0,200,1.0,4,2,5000.0,1,2,3.0,4.0,1
0,295.0,45100.0,23,45000.0,45000.0,78,1.0,999,1.0,21.0,21,1.0,1.0,2,1,2.0,1,2.0,3.0,1000,0.0,3.0,3.0,2,40.0,2.0,1,2.0,0,2010.0,52.0,1,38,999,3.0,0.0,0.0,0.0,0.0,5.0,200,1.0,4,2,100.0,1,2,3.0,4.0,1
0,255.0,40000.0,07,40000.0,40000.0,73,1.0,999,1.0,21.0,22,4.0,1.0,2,3,2.0,1,2.0,3.0,1000,0.0,3.0,3.0,0,40.0,2.0,1,2.0,0,2019.0,52.0,1,27,999,1.0,0.0,0.0,0.0,0.0,5.0,600,1.0,4,2,0.0,1,2,3.0,4.0,1
1,0.0,0.0,42,0.0,0.0,69,6.0,82,3.0,20.0,20,3.0,2.0,1,2,2.0,1,2.0,2.0,1000,0.0,3.0,3.0,0,40.0,1.0,1,2.0,0,2014.0,52.0,1,38,999,1.0,0.0,0.0,0.0,0.0,2.0,300,3.0,1,2,0.0,1,2,3.0,4.0,1
0,371.0,70000.0,21,70000.0,70000.0,72,1.0,999,1.0,20.0,20,1.0,1.0,2,1,2.0,1,2.0,3.0,1000,0.0,3.0,3.0,0,40.0,2.0,1,2.0,0,2007.0,52.0,1,38,999,1.0,0.0,0.0,0.0,0.0,5.0,100,1.0,4,2,0.0,1,2,3.0,4.0,1
0,371.0,43000.0,08,43000.0,43000.0,68,1.0,999,1.0,20.0,21,1.0,1.0,2,1,2.0,1,2.0,3.0,1000,0.0,3.0,3.0,0,40.0,2.0,1,2.0,0,2007.0,52.0,1,38,999,1.0,0.0,0.0,0.0,0.0,5.0,100,1.0,4,2,0.0,1,2,3.0,4.0,1
0,501.0,90000.0,38,90000.0,90000.0,94,1.0,995,1.0,21.0,20,1.0,1.0,2,1,2.0,1,2.0,2.0,1000,0.0,2.0,2.0,0,40.0,2.0,1,2.0,0,2008.0,52.0,1,47,999,4.0,0.0,0.0,0.0,0.0,5.0,400,1.0,3,2,0.0,1,2,3.0,4.0,1
0,501.0,108000.0,51,108000.0,108000.0,81,1.0,82,1.0,21.0,21,1.0,1.0,2,1,2.0,1,2.0,3.0,1000,0.0,3.0,3.0,0,40.0,2.0,1,2.0,0,2008.0,52.0,1,38,999,2.0,0.0,0.0,0.0,0.0,5.0,400,1.0,1,2,0.0,1,2,3.0,4.0,1
0,423.0,88000.0,96,88000.0,88000.0,52,1.0,939,1.0,20.0,20,4.0,1.0,2,3,2.0,15,2.0,3.0,8000,0.0,3.0,3.0,0,42.0,2.0,8,2.0,0,2000.0,52.0,0,27,999,1.0,0.0,0.0,0.0,0.0,5.0,200,1.0,1,2,0.0,1,2,3.0,4.0,1
1,0.0,0.0,83,0.0,0.0,16,6.0,939,2.0,16.0,22,4.0,2.0,2,3,2.0,15,2.0,2.0,8000,0.0,2.0,2.0,0,40.0,2.0,8,2.0,0,2010.0,52.0,0,38,999,6.0,0.0,0.0,0.0,0.0,5.0,200,1.0,1,2,0.0,1,2,3.0,4.0,1
0,32.0,5000.0,41,5000.0,5000.0,86,1.0,82,1.0,19.0,20,6.0,1.0,2,5,2.0,1,2.0,3.0,1000,0.0,3.0,3.0,2,20.0,2.0,1,2.0,0,1995.0,40.0,1,38,999,1.0,0.0,0.0,0.0,0.0,5.0,600,1.0,1,2,0.0,1,2,3.0,4.0,1
1,134.0,20000.0,47,20000.0,0.0,51,1.0,51,1.0,19.0,20,1.0,1.0,2,1,2.0,1,2.0,3.0,1000,0.0,3.0,3.0,0,30.0,2.0,1,2.0,0,2004.0,52.0,1,12,171,6.0,0.0,0.0,0.0,0.0,5.0,400,1.0,2,2,0.0,1,2,3.0,4.0,1
1,134.0,20000.0,62,20000.0,0.0,07,2.0,291,1.0,19.0,21,1.0,2.0,2,1,2.0,29,2.0,3.0,9000,0.0,2.0,1.0,0,40.0,2.0,9,2.0,0,2004.0,26.0,1,327,999,6.0,0.0,0.0,0.0,0.0,5.0,400,1.0,1,2,0.0,3,2,3.0,4.0,4
0,489.0,119800.0,20,117000.0,117000.0,81,1.0,999,1.0,22.0,20,4.0,1.0,2,3,2.0,3,2.0,3.0,5013,0.0,3.0,3.0,2,45.0,2.0,3,2.0,1,2011.0,52.0,0,29,999,5.0,0.0,1400.0,0.0,0.0,5.0,200,1.0,4,2,1400.0,1,2,3.0,4.0,1
0,501.0,80000.0,32,80000.0,80000.0,74,1.0,195,1.0,23.0,20,1.0,1.0,1,1,2.0,1,2.0,3.0,1000,0.0,3.0,3.0,0,41.0,2.0,1,2.0,0,2020.0,52.0,1,39,999,1.0,0.0,0.0,0.0,0.0,5.0,500,1.0,1,2,0.0,1,1,3.0,4.0,1
0,501.0,78000.0,32,78000.0,78000.0,74,1.0,195,1.0,23.0,21,1.0,1.0,2,1,2.0,1,2.0,3.0,1000,0.0,3.0,3.0,0,45.0,2.0,1,2.0,0,2020.0,52.0,1,38,148,1.0,0.0,0.0,0.0,0.0,5.0,500,1.0,2,2,0.0,1,2,3.0,4.0,1
0,255.0,25300.0,96,0.0,0.0,10,6.0,32,2.0,16.0,20,1.0,2.0,2,1,2.0,1,2.0,2.0,1000,0.0,2.0,2.0,0,40.0,2.0,1,2.0,0,1979.0,52.0,1,38,999,1.0,25000.0,0.0,0.0,0.0,5.0,100,1.0,1,2,300.0,1,2,3.0,4.0,1
0,255.0,19900.0,36,2900.0,2900.0,83,6.0,111,1.0,17.0,21,1.0,2.0,2,1,2.0,1,2.0,2.0,1000,0.0,2.0,2.0,0,1.0,2.0,1,2.0,0,1979.0,3.0,1,38,999,1.0,0.0,0.0,0.0,0.0,5.0,100,1.0,1,2,17000.0,1,2,3.0,4.0,1
0,495.0,91000.0,14,90000.0,90000.0,30,1.0,82,1.0,21.0,20,1.0,1.0,2,1,2.0,1,2.0,2.0,1000,0.0,2.0,2.0,0,50.0,2.0,1,2.0,0,1997.0,52.0,1,27,999,1.0,0.0,0.0,0.0,0.0,1.0,600,1.0,1,2,1000.0,1,2,2.0,4.0,1
0,495.0,0.0,42,0.0,0.0,69,6.0,32,3.0,21.0,21,1.0,2.0,2,1,2.0,1,2.0,2.0,1000,0.0,2.0,2.0,0,40.0,2.0,1,2.0,0,1997.0,52.0,1,19,999,1.0,0.0,0.0,0.0,0.0,5.0,600,1.0,1,2,0.0,1,2,3.0,4.0,1
0,86.0,6000.0,42,0.0,0.0,69,6.0,999,3.0,16.0,20,1.0,1.0,1,1,2.0,1,2.0,3.0,1000,0.0,3.0,3.0,0,40.0,2.0,1,2.0,0,1975.0,52.0,1,38,999,1.0,6000.0,0.0,0.0,0.0,5.0,200,1.0,4,2,0.0,1,1,3.0,4.0,1
0,398.0,0.0,42,0.0,0.0,69,6.0,995,3.0,16.0,20,1.0,2.0,1,1,1.0,29,2.0,2.0,9000,0.0,2.0,2.0,0,40.0,2.0,9,2.0,0,2016.0,52.0,1,41,999,1.0,0.0,0.0,0.0,0.0,5.0,200,1.0,3,2,0.0,1,2,2.0,4.0,1
0,398.0,120000.0,69,120000.0,120000.0,04,1.0,999,1.0,16.0,21,1.0,1.0,2,1,2.0,29,2.0,3.0,9000,0.0,3.0,3.0,0,44.0,2.0,9,2.0,0,2016.0,52.0,1,39,999,1.0,0.0,0.0,0.0,0.0,5.0,200,1.0,4,2,0.0,1,2,3.0,4.0,1
0,319.0,38000.0,58,38000.0,38000.0,69,1.0,32,1.0,20.0,20,1.0,1.0,2,1,2.0,1,2.0,3.0,1000,0.0,3.0,3.0,0,40.0,2.0,1,2.0,0,2016.0,52.0,1,38,999,5.0,0.0,0.0,0.0,0.0,5.0,600,1.0,1,2,0.0,1,2,3.0,4.0,1
0,319.0,60000.0,62,60000.0,60000.0,07,1.0,32,1.0,18.0,21,1.0,1.0,2,1,2.0,1,2.0,3.0,1000,0.0,3.0,3.0,0,60.0,2.0,1,2.0,0,2016.0,52.0,1,27,51,1.0,0.0,0.0,0.0,0.0,5.0,600,1.0,2,2,0.0,1,2,3.0,4.0,1
0,453.0,70000.0,10,70000.0,70000.0,93,1.0,32,1.0,21.0,22,6.0,1.0,2,5,2.0,1,2.0,2.0,1000,0.0,2.0,2.0,0,50.0,2.0,1,2.0,0,1995.0,52.0,1,38,999,4.0,0.0,0.0,0.0,0.0,5.0,300,1.0,1,2,0.0,1,2,3.0,4.0,1
0,169.0,26400.0,64,26400.0,26400.0,07,1.0,32,1.0,16.0,20,6.0,1.0,2,5,2.0,1,2.0,3.0,1000,0.0,3.0,3.0,0,40.0,2.0,1,2.0,0,1995.0,52.0,1,27,82,1.0,0.0,0.0,0.0,0.0,5.0,400,3.0,2,2,0.0,1,2,3.0,4.0,1
0,501.0,20000.0,48,20000.0,0.0,74,1.0,50,1.0,21.0,20,1.0,1.0,2,1,2.0,1,2.0,3.0,1000,0.0,3.0,3.0,0,40.0,2.0,1,2.0,0,2022.0,52.0,1,38,32,6.0,0.0,0.0,0.0,0.0,5.0,200,1.0,2,2,0.0,1,2,3.0,4.0,1
0,501.0,90000.0,06,90000.0,90000.0,01,1.0,51,1.0,21.0,21,1.0,1.0,2,1,2.0,1,2.0,3.0,1000,0.0,3.0,3.0,0,40.0,2.0,1,2.0,0,2022.0,52.0,1,301,32,1.0,0.0,0.0,0.0,0.0,5.0,200,1.0,2,2,0.0,7,2,3.0,4.0,1
0,332.0,100000.0,90,100000.0,100000.0,96,4.0,11,1.0,21.0,20,1.0,1.0,2,1,2.0,1,2.0,3.0,1000,0.0,3.0,3.0,0,40.0,2.0,1,2.0,0,2011.0,52.0,1,138,999,5.0,0.0,0.0,0.0,0.0,5.0,500,3.0,1,2,0.0,5,2,3.0,1.0,1
0,332.0,0.0,06,0.0,0.0,77,6.0,11,2.0,21.0,21,1.0,2.0,2,1,2.0,1,2.0,2.0,1000,0.0,2.0,2.0,0,40.0,2.0,1,2.0,0,2011.0,52.0,1,138,999,1.0,0.0,0.0,0.0,0.0,5.0,500,3.0,1,2,0.0,5,2,3.0,4.0,1
0,192.0,46000.0,98,46000.0,46000.0,96,4.0,999,1.0,21.0,20,3.0,1.0,2,2,2.0,1,2.0,3.0,1000,0.0,3.0,3.0,0,40.0,2.0,1,2.0,0,2016.0,52.0,1,46,999,5.0,0.0,0.0,0.0,0.0,5.0,600,1.0,4,2,0.0,1,2,3.0,1.0,1
0,337.0,68000.0,01,68000.0,68000.0,30,1.0,999,1.0,21.0,20,1.0,1.0,2,1,2.0,1,2.0,3.0,1000,0.0,3.0,3.0,0,50.0,2.0,1,2.0,0,2004.0,52.0,1,38,999,1.0,0.0,0.0,0.0,0.0,5.0,300,1.0,4,2,0.0,1,2,3.0,4.0,1
0,337.0,45000.0,36,45000.0,45000.0,82,1.0,999,1.0,20.0,21,1.0,1.0,2,1,2.0,1,2.0,3.0,1000,0.0,3.0,3.0,0,45.0,2.0,1,2.0,0,2004.0,52.0,1,38,999,1.0,0.0,0.0,0.0,0.0,5.0,300,1.0,4,2,0.0,1,2,3.0,4.0,1
0,338.0,52000.0,47,52000.0,52000.0,53,6.0,32,1.0,19.0,20,6.0,2.0,2,5,2.0,1,2.0,2.0,1000,0.0,2.0,2.0,0,35.0,2.0,1,2.0,0,1995.0,52.0,1,27,999,1.0,0.0,0.0,0.0,0.0,5.0,500,1.0,1,2,0.0,1,2,3.0,4.0,1
0,32.0,5000.0,01,5000.0,5000.0,78,2.0,98,1.0,19.0,20,6.0,1.0,2,5,2.0,1,2.0,3.0,1000,0.0,2.0,1.0,0,15.0,2.0,1,2.0,0,1995.0,52.0,1,41,999,4.0,0.0,0.0,0.0,0.0,5.0,500,3.0,1,2,0.0,1,2,3.0,4.0,1
0,295.0,45000.0,41,45000.0,45000.0,86,6.0,82,1.0,16.0,34,6.0,2.0,2,5,2.0,1,2.0,3.0,1000,0.0,2.0,1.0,0,40.0,2.0,1,2.0,0,1995.0,52.0,1,27,995,1.0,0.0,0.0,0.0,0.0,5.0,500,3.0,1,2,0.0,1,2,3.0,4.0,1
0,321.0,50000.0,72,50000.0,50000.0,35,1.0,32,1.0,18.0,20,4.0,1.0,2,3,2.0,1,2.0,3.0,1000,0.0,3.0,3.0,0,40.0,2.0,1,2.0,0,1993.0,52.0,1,36,999,1.0,0.0,0.0,0.0,0.0,5.0,500,1.0,1,2,0.0,1,2,3.0,4.0,1
0,236.0,36700.0,77,35000.0,35000.0,35,1.0,114,1.0,17.0,22,4.0,1.0,2,3,2.0,1,2.0,2.0,1000,0.0,2.0,2.0,0,40.0,2.0,1,2.0,0,2006.0,52.0,1,38,999,1.0,0.0,0.0,0.0,0.0,5.0,500,1.0,1,2,1700.0,1,2,2.0,4.0,1
0,290.0,45000.0,60,45000.0,45000.0,01,1.0,82,1.0,16.0,20,6.0,1.0,2,5,2.0,1,2.0,3.0,1000,0.0,3.0,3.0,0,40.0,2.0,1,2.0,0,1995.0,52.0,1,27,999,1.0,0.0,0.0,0.0,0.0,5.0,500,1.0,1,2,0.0,1,2,3.0,4.0,1
0,144.0,34000.0,20,34000.0,34000.0,91,1.0,924,1.0,21.0,20,1.0,1.0,2,1,2.0,1,2.0,3.0,1000,0.0,3.0,3.0,1,40.0,2.0,1,2.0,0,2008.0,52.0,1,53,999,2.0,0.0,0.0,0.0,0.0,5.0,400,1.0,1,2,0.0,1,2,3.0,4.0,1
0,144.0,18000.0,27,18000.0,18000.0,65,1.0,996,1.0,22.0,21,1.0,1.0,2,1,2.0,1,2.0,3.0,1000,0.0,3.0,3.0,1,30.0,2.0,1,2.0,0,2008.0,52.0,1,17,999,2.0,0.0,0.0,0.0,0.0,5.0,400,1.0,3,2,0.0,1,2,3.0,4.0,1
1,290.0,0.0,42,0.0,0.0,69,6.0,24,3.0,16.0,25,6.0,2.0,2,5,2.0,1,2.0,2.0,1000,0.0,2.0,2.0,0,40.0,2.0,1,2.0,0,1995.0,52.0,1,27,32,1.0,0.0,0.0,0.0,0.0,5.0,400,1.0,2,2,0.0,1,2,3.0,4.0,1
0,277.0,82000.0,04,82000.0,82000.0,95,1.0,32,1.0,19.0,20,1.0,1.0,2,1,2.0,1,2.0,3.0,1000,0.0,3.0,3.0,0,40.0,2.0,1,2.0,0,2004.0,52.0,1,38,999,5.0,0.0,0.0,0.0,0.0,5.0,300,1.0,1,2,0.0,1,2,3.0,2.0,1
0,277.0,18500.0,40,18500.0,18500.0,78,1.0,32,1.0,16.0,21,1.0,1.0,2,1,2.0,1,2.0,3.0,1000,0.0,3.0,3.0,0,25.0,2.0,1,2.0,0,2004.0,52.0,1,38,22,4.0,0.0,0.0,0.0,0.0,5.0,300,1.0,2,2,0.0,1,2,3.0,4.0,1
1,0.0,0.0,42,0.0,0.0,69,6.0,32,3.0,16.0,20,1.0,2.0,2,1,2.0,1,2.0,3.0,1000,0.0,3.0,3.0,0,40.0,2.0,1,2.0,0,1999.0,52.0,1,38,999,1.0,0.0,0.0,0.0,0.0,5.0,400,1.0,1,2,0.0,1,2,3.0,4.0,1
0,0.0,0.0,42,0.0,0.0,69,6.0,920,3.0,17.0,21,1.0,1.0,2,1,2.0,3,2.0,3.0,5023,0.0,3.0,3.0,0,40.0,2.0,4,2.0,1,1999.0,52.0,0,2,999,1.0,0.0,0.0,0.0,0.0,5.0,400,1.0,1,2,0.0,1,2,3.0,4.0,1
0,501.0,130000.0,02,120000.0,0.0,01,1.0,999,1.0,1.0,25,6.0,1.0,2,5,2.0,1,2.0,3.0,1000,0.0,3.0,3.0,0,70.0,2.0,1,2.0,0,1995.0,52.0,1,42,999,6.0,0.0,0.0,0.0,0.0,5.0,100,1.0,4,2,10000.0,1,2,3.0,4.0,1
0,501.0,38000.0,81,38000.0,38000.0,30,1.0,999,1.0,21.0,25,6.0,1.0,2,5,2.0,1,2.0,3.0,1000,0.0,3.0,3.0,0,40.0,2.0,1,2.0,0,1995.0,52.0,1,42,999,1.0,0.0,0.0,0.0,0.0,5.0,100,1.0,4,2,0.0,1,2,3.0,2.0,1
0,136.0,1000.0,42,0.0,0.0,69,6.0,32,3.0,16.0,20,1.0,2.0,2,1,2.0,1,2.0,2.0,1000,0.0,2.0,2.0,0,40.0,2.0,1,2.0,0,2004.0,52.0,1,8,999,1.0,0.0,0.0,0.0,0.0,5.0,200,1.0,1,2,1000.0,1,2,3.0,4.0,1
0,136.0,48000.0,62,48000.0,48000.0,07,1.0,22,1.0,19.0,21,1.0,1.0,2,1,2.0,1,2.0,3.0,1000,0.0,3.0,3.0,0,40.0,2.0,1,2.0,0,2004.0,52.0,1,16,999,7.0,0.0,0.0,0.0,0.0,5.0,200,1.0,1,2,0.0,1,2,3.0,4.0,1
0,118.0,18100.0,51,3500.0,3500.0,91,1.0,32,1.0,19.0,20,3.0,1.0,2,2,2.0,1,2.0,3.0,1000,0.0,3.0,3.0,0,20.0,2.0,1,2.0,0,1979.0,52.0,1,38,999,2.0,9600.0,5000.0,0.0,0.0,5.0,400,1.0,1,2,0.0,1,2,3.0,4.0,1
0,404.0,63000.0,47,58000.0,58000.0,44,1.0,22,1.0,16.0,20,4.0,1.0,1,3,2.0,1,2.0,3.0,1000,0.0,3.0,3.0,0,50.0,1.0,1,1.0,0,2004.0,52.0,1,27,26,1.0,0.0,5000.0,0.0,0.0,5.0,500,1.0,2,1,0.0,1,1,3.0,4.0,1
0,501.0,82000.0,73,82000.0,82000.0,24,1.0,50,1.0,21.0,20,1.0,1.0,2,1,2.0,1,2.0,3.0,1000,0.0,3.0,3.0,0,45.0,2.0,1,2.0,0,1991.0,52.0,1,26,999,1.0,0.0,0.0,0.0,0.0,5.0,600,1.0,1,2,0.0,1,2,3.0,4.0,1
0,501.0,40000.0,57,40000.0,40000.0,78,1.0,999,1.0,20.0,21,1.0,1.0,2,1,2.0,1,2.0,3.0,1000,0.0,3.0,3.0,0,10.0,2.0,1,2.0,0,1991.0,52.0,1,26,999,3.0,0.0,0.0,0.0,0.0,5.0,600,1.0,4,2,0.0,1,2,3.0,4.0,1
0,501.0,38400.0,47,38400.0,38400.0,52,1.0,999,1.0,21.0,25,6.0,1.0,2,5,2.0,1,2.0,3.0,1000,0.0,3.0,3.0,0,45.0,2.0,1,2.0,0,1995.0,52.0,1,24,999,1.0,0.0,0.0,0.0,0.0,5.0,600,1.0,4,2,0.0,1,2,3.0,4.0,1
0,501.0,18500.0,06,18000.0,18000.0,85,1.0,999,1.0,21.0,25,6.0,1.0,2,5,2.0,1,2.0,3.0,1000,0.0,3.0,3.0,0,40.0,2.0,1,2.0,0,1995.0,35.0,1,24,999,3.0,0.0,0.0,0.0,0.0,5.0,600,1.0,4,2,500.0,1,2,3.0,4.0,1
0,501.0,45000.0,31,45000.0,45000.0,80,1.0,98,1.0,22.0,21,1.0,1.0,2,1,2.0,1,2.0,3.0,1000,0.0,3.0,3.0,0,36.0,2.0,1,2.0,0,2018.0,40.0,1,38,999,1.0,0.0,0.0,0.0,0.0,5.0,600,1.0,1,2,0.0,1,2,3.0,4.0,1
0,295.0,73000.0,47,73000.0,73000.0,40,1.0,999,1.0,19.0,20,4.0,1.0,1,3,2.0,1,2.0,3.0,1000,0.0,3.0,3.0,0,51.0,1.0,1,1.0,0,2019.0,52.0,1,38,999,1.0,0.0,0.0,0.0,0.0,5.0,300,1.0,4,2,0.0,1,2,3.0,4.0,1
1,501.0,80000.0,72,80000.0,80000.0,46,1.0,999,1.0,14.0,22,4.0,1.0,2,3,2.0,1,2.0,3.0,1000,0.0,3.0,3.0,0,51.0,2.0,1,2.0,0,2006.0,52.0,1,39,999,1.0,0.0,0.0,0.0,0.0,5.0,300,1.0,4,2,0.0,1,2,3.0,4.0,1
0,501.0,43400.0,23,0.0,0.0,78,6.0,32,2.0,21.0,21,1.0,2.0,2,1,2.0,1,2.0,2.0,1000,0.0,2.0,2.0,2,40.0,2.0,1,2.0,0,1981.0,52.0,1,38,148,3.0,0.0,12900.0,30500.0,0.0,1.0,600,1.0,2,2,0.0,1,2,3.0,4.0,1
0,114.0,0.0,42,0.0,0.0,69,6.0,82,3.0,19.0,20,1.0,2.0,2,1,2.0,1,2.0,2.0,1000,0.0,2.0,2.0,1,40.0,2.0,1,2.0,0,1985.0,52.0,1,38,89,1.0,0.0,0.0,0.0,0.0,1.0,400,1.0,2,2,0.0,1,2,3.0,4.0,1
0,114.0,22800.0,02,22800.0,0.0,01,1.0,82,1.0,20.0,21,1.0,1.0,2,1,2.0,1,2.0,2.0,1000,0.0,2.0,2.0,1,80.0,2.0,1,2.0,0,1985.0,52.0,1,38,11,6.0,0.0,0.0,0.0,0.0,5.0,400,1.0,2,2,0.0,1,2,3.0,4.0,1
0,185.0,65000.0,20,65000.0,65000.0,91,1.0,999,1.0,21.0,20,1.0,1.0,2,1,2.0,1,2.0,3.0,1000,0.0,3.0,3.0,1,50.0,2.0,1,2.0,0,2012.0,52.0,1,38,999,2.0,0.0,0.0,0.0,0.0,5.0,600,1.0,4,2,0.0,1,2,3.0,4.0,1
0,185.0,0.0,42,0.0,0.0,69,6.0,999,3.0,19.0,21,1.0,2.0,2,1,2.0,1,2.0,2.0,1000,0.0,2.0,2.0,1,40.0,2.0,1,2.0,0,2012.0,52.0,1,38,999,1.0,0.0,0.0,0.0,0.0,5.0,600,1.0,4,2,0.0,1,2,3.0,4.0,1
0,448.0,55000.0,04,55000.0,55000.0,91,1.0,999,1.0,21.0,20,1.0,1.0,2,1,2.0,1,2.0,3.0,1000,0.0,3.0,3.0,0,40.0,2.0,1,2.0,0,1994.0,52.0,1,34,999,2.0,0.0,0.0,0.0,0.0,5.0,100,1.0,4,2,0.0,1,2,3.0,4.0,1
0,448.0,35700.0,47,3000.0,3000.0,48,1.0,999,1.0,21.0,21,1.0,1.0,2,1,2.0,1,2.0,3.0,1000,0.0,3.0,3.0,0,20.0,2.0,1,2.0,0,1994.0,52.0,1,34,999,1.0,13000.0,0.0,19700.0,0.0,5.0,100,1.0,4,2,0.0,1,2,3.0,4.0,1
0,501.0,83000.0,01,83000.0,83000.0,31,1.0,32,1.0,16.0,20,1.0,1.0,2,1,2.0,1,2.0,3.0,1000,0.0,3.0,3.0,0,50.0,2.0,1,2.0,0,1991.0,52.0,1,38,999,1.0,0.0,0.0,0.0,0.0,5.0,400,1.0,1,2,0.0,1,2,3.0,4.0,1
0,501.0,20000.0,40,20000.0,20000.0,78,2.0,32,1.0,14.0,21,1.0,1.0,2,1,2.0,1,2.0,3.0,1000,0.0,2.0,1.0,0,40.0,2.0,1,2.0,0,1991.0,52.0,1,46,999,3.0,0.0,0.0,0.0,0.0,5.0,400,1.0,1,2,0.0,1,2,3.0,4.0,1
0,501.0,78000.0,02,78000.0,78000.0,07,1.0,50,1.0,19.0,20,6.0,1.0,2,5,2.0,1,2.0,2.0,1000,0.0,2.0,2.0,0,10.0,2.0,1,2.0,0,1995.0,52.0,1,6,999,1.0,0.0,0.0,0.0,0.0,5.0,400,3.0,1,2,0.0,1,2,3.0,4.0,1
0,488.0,76000.0,55,76000.0,51000.0,63,1.0,999,1.0,17.0,22,6.0,1.0,2,5,2.0,1,2.0,3.0,1000,0.0,3.0,3.0,0,30.0,2.0,1,2.0,0,1995.0,52.0,1,6,999,1.0,0.0,0.0,0.0,0.0,5.0,400,3.0,4,2,0.0,1,2,3.0,4.0,1
0,480.0,74200.0,04,74000.0,74000.0,38,1.0,114,1.0,20.0,20,6.0,1.0,2,5,2.0,1,2.0,3.0,1000,0.0,3.0,3.0,0,40.0,2.0,1,2.0,0,1995.0,52.0,1,38,999,1.0,0.0,0.0,0.0,0.0,5.0,100,1.0,1,2,200.0,1,2,3.0,4.0,1
0,170.0,14500.0,42,0.0,0.0,69,6.0,939,3.0,16.0,21,1.0,1.0,2,1,2.0,1,2.0,2.0,1000,0.0,2.0,2.0,0,40.0,2.0,1,2.0,0,1981.0,52.0,1,38,999,1.0,14500.0,0.0,0.0,0.0,5.0,200,1.0,1,2,0.0,1,2,2.0,4.0,1
0,255.0,40000.0,91,40000.0,40000.0,63,1.0,996,1.0,17.0,20,6.0,1.0,2,5,2.0,1,2.0,3.0,1000,0.0,3.0,3.0,0,65.0,2.0,1,2.0,0,1995.0,52.0,1,48,999,1.0,0.0,0.0,0.0,0.0,5.0,600,1.0,3,2,0.0,1,2,3.0,4.0,1
0,325.0,51000.0,02,51000.0,51000.0,01,1.0,82,1.0,18.0,20,6.0,1.0,2,5,2.0,1,2.0,3.0,1000,0.0,3.0,3.0,0,40.0,2.0,1,2.0,0,1995.0,48.0,1,27,50,7.0,0.0,0.0,0.0,0.0,5.0,100,3.0,2,2,0.0,1,2,3.0,4.0,1
0,127.0,20000.0,98,20000.0,20000.0,97,4.0,999,1.0,17.0,34,6.0,1.0,2,5,2.0,64,2.0,3.0,9000,0.0,3.0,3.0,0,40.0,2.0,9,2.0,1,1995.0,35.0,1,6,999,5.0,0.0,0.0,0.0,0.0,5.0,100,3.0,4,2,0.0,1,2,3.0,1.0,24
0,191.0,30000.0,03,30000.0,30000.0,86,1.0,999,1.0,16.0,34,6.0,1.0,2,5,2.0,1,2.0,3.0,1000,0.0,3.0,3.0,0,40.0,2.0,1,2.0,0,1995.0,52.0,1,27,999,1.0,0.0,0.0,0.0,0.0,5.0,100,3.0,4,2,0.0,1,2,3.0,4.0,1
0,255.0,40000.0,47,40000.0,40000.0,53,1.0,999,1.0,18.0,36,6.0,1.0,2,5,2.0,15,2.0,3.0,8000,0.0,3.0,3.0,0,42.0,2.0,8,2.0,0,1995.0,52.0,0,38,999,1.0,0.0,0.0,0.0,0.0,5.0,100,1.0,4,2,0.0,1,2,3.0,4.0,2
0,41.0,6300.0,02,6300.0,6300.0,01,6.0,999,1.0,20.0,20,4.0,2.0,2,3,2.0,1,2.0,2.0,1000,0.0,2.0,2.0,0,16.0,2.0,1,2.0,0,2015.0,15.0,1,46,999,1.0,0.0,0.0,0.0,0.0,5.0,400,1.0,4,2,0.0,1,2,3.0,2.0,1
0,289.0,57000.0,91,55000.0,55000.0,45,1.0,999,1.0,20.0,20,1.0,1.0,2,1,2.0,1,2.0,3.0,1000,0.0,3.0,3.0,0,45.0,2.0,1,2.0,0,1989.0,52.0,1,38,999,1.0,0.0,0.0,0.0,0.0,5.0,500,1.0,4,2,2000.0,1,2,3.0,4.0,1
0,289.0,0.0,42,0.0,0.0,69,6.0,999,3.0,20.0,21,1.0,1.0,2,1,2.0,1,2.0,3.0,1000,0.0,3.0,3.0,0,40.0,2.0,1,2.0,0,1989.0,52.0,1,38,999,1.0,0.0,0.0,0.0,0.0,5.0,500,1.0,4,2,0.0,1,2,3.0,4.0,1
0,449.0,82000.0,47,82000.0,82000.0,69,1.0,32,1.0,21.0,20,1.0,1.0,2,1,2.0,1,2.0,3.0,1000,0.0,3.0,3.0,0,45.0,2.0,1,2.0,0,2012.0,52.0,1,38,999,1.0,0.0,0.0,0.0,0.0,5.0,600,1.0,1,2,0.0,1,2,3.0,4.0,1
0,449.0,52000.0,37,52000.0,52000.0,94,1.0,999,1.0,18.0,21,1.0,1.0,2,1,2.0,1,2.0,3.0,1000,0.0,3.0,3.0,2,42.0,2.0,1,2.0,0,2012.0,12.0,1,38,999,3.0,0.0,0.0,0.0,0.0,5.0,600,1.0,4,2,0.0,1,2,3.0,4.0,1
0,387.0,60100.0,26,60000.0,60000.0,47,1.0,32,1.0,21.0,20,6.0,1.0,2,5,2.0,1,2.0,3.0,1000,0.0,3.0,3.0,0,40.0,2.0,1,2.0,0,1995.0,52.0,1,25,50,1.0,0.0,0.0,0.0,0.0,5.0,200,1.0,2,2,100.0,1,2,3.0,4.0,1
0,480.0,10000.0,02,10000.0,0.0,01,1.0,195,1.0,21.0,20,1.0,1.0,2,1,2.0,1,2.0,3.0,1000,0.0,3.0,3.0,0,40.0,2.0,1,2.0,0,2009.0,52.0,1,38,999,6.0,0.0,0.0,0.0,0.0,5.0,200,1.0,1,2,0.0,1,2,3.0,4.0,1
0,480.0,160000.0,30,160000.0,160000.0,50,1.0,924,1.0,24.0,21,1.0,1.0,2,1,2.0,1,2.0,3.0,1000,0.0,3.0,3.0,0,40.0,2.0,1,2.0,0,2009.0,52.0,1,38,999,1.0,0.0,0.0,0.0,0.0,5.0,200,1.0,1,2,0.0,1,2,3.0,4.0,1
0,501.0,45000.0,23,45000.0,45000.0,78,1.0,82,1.0,21.0,21,1.0,1.0,2,1,2.0,1,2.0,3.0,1000,0.0,3.0,3.0,0,50.0,2.0,1,2.0,0,2001.0,36.0,1,27,89,3.0,0.0,0.0,0.0,0.0,5.0,200,1.0,2,2,0.0,1,2,3.0,4.0,1
0,190.0,30000.0,98,30000.0,30000.0,96,4.0,22,1.0,21.0,20,6.0,1.0,2,5,2.0,1,2.0,3.0,1000,0.0,3.0,3.0,0,40.0,2.0,1,2.0,0,1995.0,52.0,1,6,50,5.0,0.0,0.0,0.0,0.0,5.0,200,3.0,2,2,0.0,1,2,3.0,1.0,1
0,428.0,66600.0,25,55000.0,55000.0,78,6.0,996,1.0,21.0,20,4.0,2.0,2,3,2.0,1,2.0,2.0,1000,0.0,2.0,2.0,0,12.0,2.0,1,2.0,0,2001.0,40.0,1,38,999,3.0,9800.0,0.0,0.0,0.0,5.0,300,1.0,3,2,1800.0,1,2,3.0,4.0,1
0,164.0,25020.0,40,24800.0,24800.0,86,1.0,32,1.0,20.0,20,6.0,1.0,2,5,2.0,1,2.0,3.0,1000,0.0,3.0,3.0,2,40.0,2.0,1,2.0,0,1995.0,52.0,1,38,50,1.0,0.0,220.0,0.0,0.0,5.0,600,1.0,2,2,0.0,1,2,3.0,4.0,1
0,501.0,115000.0,00,115000.0,115000.0,78,1.0,999,1.0,21.0,21,1.0,1.0,2,1,2.0,1,2.0,3.0,1000,0.0,3.0,3.0,0,40.0,2.0,1,2.0,0,2013.0,52.0,1,31,999,4.0,0.0,0.0,0.0,0.0,5.0,600,1.0,4,2,0.0,1,2,3.0,4.0,1
0,491.0,97200.0,03,60000.0,60000.0,81,1.0,50,1.0,21.0,20,3.0,1.0,2,2,2.0,1,2.0,3.0,1000,0.0,3.0,3.0,0,40.0,2.0,1,2.0,0,1991.0,52.0,1,46,32,2.0,0.0,36000.0,0.0,0.0,5.0,600,1.0,2,2,1200.0,1,2,3.0,4.0,1
1,491.0,0.0,43,0.0,0.0,85,6.0,50,2.0,21.0,25,6.0,2.0,2,5,2.0,1,2.0,2.0,1000,0.0,2.0,2.0,0,40.0,2.0,1,2.0,0,1995.0,52.0,1,38,32,2.0,0.0,0.0,0.0,0.0,5.0,600,3.0,2,2,0.0,1,2,3.0,4.0,1
0,501.0,90000.0,11,85000.0,85000.0,30,1.0,32,1.0,21.0,20,1.0,1.0,2,1,2.0,1,2.0,3.0,1000,0.0,3.0,3.0,0,42.0,2.0,1,2.0,0,2019.0,52.0,1,46,999,1.0,0.0,5000.0,0.0,0.0,5.0,400,1.0,1,2,0.0,1,2,3.0,4.0,1
0,501.0,40000.0,23,40000.0,40000.0,78,1.0,22,1.0,21.0,21,1.0,1.0,2,1,2.0,1,2.0,3.0,1000,0.0,3.0,3.0,2,40.0,2.0,1,2.0,0,2019.0,32.0,1,38,999,1.0,0.0,0.0,0.0,0.0,5.0,400,1.0,1,2,0.0,1,2,3.0,4.0,1
0,192.0,30000.0,73,30000.0,30000.0,07,1.0,82,1.0,14.0,20,6.0,1.0,2,5,2.0,1,2.0,3.0,1000,0.0,3.0,3.0,0,40.0,2.0,1,2.0,0,1995.0,52.0,1,6,917,1.0,0.0,0.0,0.0,0.0,5.0,600,1.0,2,2,0.0,1,2,3.0,4.0,1
0,501.0,47100.0,91,47100.0,0.0,61,1.0,32,1.0,20.0,21,1.0,1.0,2,1,2.0,1,2.0,3.0,1000,0.0,3.0,3.0,2,45.0,2.0,1,2.0,0,1987.0,7.0,1,49,999,6.0,0.0,0.0,0.0,0.0,5.0,100,1.0,1,2,0.0,1,2,3.0,4.0,1
0,501.0,14400.0,02,14400.0,0.0,01,1.0,32,1.0,19.0,20,1.0,1.0,2,1,2.0,1,2.0,3.0,1000,0.0,3.0,3.0,1,75.0,2.0,1,2.0,0,1998.0,52.0,1,38,125,6.0,0.0,0.0,0.0,0.0,5.0,100,1.0,2,2,0.0,1,2,3.0,4.0,1
0,501.0,175000.0,02,175000.0,0.0,01,1.0,32,1.0,19.0,21,1.0,1.0,2,1,2.0,1,2.0,3.0,1000,0.0,3.0,3.0,1,75.0,2.0,1,2.0,0,1998.0,52.0,1,38,999,6.0,0.0,0.0,0.0,0.0,5.0,100,1.0,1,2,0.0,1,2,3.0,4.0,1
0,291.0,46000.0,15,0.0,0.0,95,6.0,82,2.0,18.0,20,2.0,2.0,2,1,2.0,17,2.0,2.0,9000,0.0,2.0,2.0,0,40.0,2.0,9,2.0,1,1985.0,52.0,1,38,999,5.0,23000.0,23000.0,0.0,0.0,5.0,600,1.0,1,2,0.0,1,2,3.0,2.0,1
0,71.0,0.0,42,0.0,0.0,69,6.0,82,3.0,17.0,26,6.0,2.0,1,5,1.0,17,2.0,2.0,9000,0.0,2.0,2.0,0,40.0,2.0,9,2.0,1,1995.0,52.0,1,38,26,1.0,0.0,0.0,0.0,0.0,5.0,400,1.0,2,2,0.0,1,2,3.0,4.0,1
0,249.0,26500.0,02,25000.0,0.0,01,1.0,32,1.0,21.0,25,2.0,1.0,2,1,2.0,1,2.0,2.0,1000,0.0,2.0,2.0,2,40.0,2.0,1,2.0,0,1981.0,52.0,1,38,999,6.0,0.0,0.0,0.0,0.0,5.0,400,2.0,1,2,1500.0,1,2,2.0,4.0,1
0,380.0,31000.0,25,31000.0,31000.0,78,1.0,82,1.0,16.0,30,2.0,1.0,2,1,2.0,1,2.0,3.0,1000,0.0,3.0,3.0,0,40.0,2.0,1,2.0,0,2022.0,52.0,1,38,999,3.0,0.0,0.0,0.0,0.0,5.0,400,1.0,1,2,0.0,1,2,3.0,4.0,1
0,190.0,30000.0,07,30000.0,30000.0,73,1.0,999,1.0,18.0,36,5.0,1.0,2,4,2.0,1,2.0,3.0,1000,0.0,3.0,3.0,0,60.0,2.0,1,2.0,0,2023.0,52.0,1,38,999,1.0,0.0,0.0,0.0,0.0,5.0,400,1.0,4,2,0.0,1,2,3.0,4.0,1
0,433.0,55000.0,23,55000.0,55000.0,78,1.0,999,1.0,21.0,20,1.0,1.0,2,1,2.0,1,2.0,3.0,1000,0.0,3.0,3.0,0,40.0,2.0,1,2.0,0,2014.0,52.0,1,38,999,3.0,0.0,0.0,0.0,0.0,5.0,500,1.0,4,2,0.0,1,2,3.0,4.0,1
0,433.0,75000.0,91,75000.0,75000.0,01,1.0,999,1.0,19.0,21,1.0,1.0,2,1,2.0,1,2.0,3.0,1000,0.0,3.0,3.0,0,50.0,2.0,1,2.0,0,2014.0,52.0,1,38,999,1.0,0.0,0.0,0.0,0.0,5.0,500,1.0,4,2,0.0,1,2,3.0,4.0,1
0,319.0,50000.0,35,50000.0,50000.0,82,1.0,82,1.0,20.0,20,6.0,1.0,2,5,2.0,1,2.0,3.0,1000,0.0,3.0,3.0,0,40.0,2.0,1,2.0,0,1995.0,52.0,1,38,999,1.0,0.0,0.0,0.0,0.0,5.0,400,1.0,1,2,0.0,1,2,3.0,4.0,1
0,287.0,104000.0,01,104000.0,104000.0,93,1.0,22,1.0,21.0,20,1.0,1.0,2,1,2.0,1,2.0,3.0,1000,0.0,3.0,3.0,0,45.0,2.0,1,2.0,0,2016.0,52.0,1,38,32,3.0,0.0,0.0,0.0,0.0,5.0,100,1.0,2,2,0.0,1,2,3.0,4.0,1
0,287.0,0.0,42,0.0,0.0,69,6.0,22,3.0,21.0,21,1.0,2.0,2,1,2.0,1,2.0,2.0,1000,0.0,2.0,2.0,0,40.0,2.0,1,2.0,0,2016.0,52.0,1,18,98,1.0,0.0,0.0,0.0,0.0,5.0,100,1.0,2,2,0.0,1,2,3.0,4.0,1
0,382.0,67000.0,09,67000.0,67000.0,68,1.0,32,1.0,21.0,20,1.0,1.0,2,1,2.0,1,2.0,3.0,1000,0.0,3.0,3.0,0,45.0,2.0,1,2.0,0,1992.0,52.0,1,38,999,1.0,0.0,0.0,0.0,0.0,5.0,600,1.0,1,2,0.0,1,2,3.0,4.0,1
0,382.0,53000.0,23,53000.0,53000.0,78,1.0,32,1.0,22.0,21,1.0,1.0,2,1,2.0,1,2.0,3.0,1000,0.0,3.0,3.0,0,48.0,2.0,1,2.0,0,1992.0,40.0,1,38,999,3.0,0.0,0.0,0.0,0.0,5.0,600,1.0,1,2,0.0,1,2,3.0,4.0,1
0,382.0,20800.0,96,20800.0,20800.0,53,1.0,32,1.0,19.0,25,6.0,1.0,2,5,2.0,1,2.0,3.0,1000,0.0,3.0,3.0,0,30.0,2.0,1,2.0,0,1995.0,52.0,1,38,999,1.0,0.0,0.0,0.0,0.0,5.0,600,1.0,1,2,0.0,1,2,3.0,4.0,1
0,382.0,2100.0,60,2100.0,2100.0,01,6.0,32,1.0,15.0,25,6.0,2.0,2,5,2.0,1,2.0,2.0,1000,0.0,2.0,2.0,0,40.0,2.0,1,2.0,0,1995.0,12.0,1,38,999,4.0,0.0,0.0,0.0,0.0,5.0,600,1.0,1,2,0.0,1,2,3.0,4.0,1
0,501.0,40000.0,07,40000.0,40000.0,73,1.0,996,1.0,17.0,20,1.0,1.0,2,1,2.0,1,2.0,3.0,1000,0.0,3.0,3.0,0,40.0,2.0,1,2.0,0,2004.0,52.0,1,49,999,1.0,0.0,0.0,0.0,0.0,5.0,600,1.0,3,2,0.0,1,2,3.0,4.0,1
0,501.0,80000.0,04,80000.0,80000.0,73,1.0,996,1.0,20.0,21,1.0,1.0,2,1,2.0,1,2.0,3.0,1000,0.0,3.0,3.0,0,40.0,2.0,1,2.0,0,2004.0,52.0,1,6,999,1.0,0.0,0.0,0.0,0.0,5.0,600,1.0,3,2,0.0,1,2,3.0,4.0,1
0,501.0,30000.0,91,30000.0,30000.0,73,1.0,996,1.0,16.0,25,6.0,1.0,2,5,2.0,1,2.0,3.0,1000,0.0,3.0,3.0,0,50.0,2.0,1,2.0,0,1995.0,52.0,1,49,999,1.0,0.0,0.0,0.0,0.0,5.0,600,3.0,3,2,0.0,1,2,3.0,4.0,1
0,501.0,100000.0,02,100000.0,0.0,01,1.0,32,1.0,19.0,20,1.0,1.0,2,1,2.0,1,2.0,2.0,1000,0.0,2.0,2.0,0,60.0,2.0,1,2.0,0,2001.0,52.0,1,38,148,6.0,0.0,0.0,0.0,0.0,5.0,400,1.0,2,2,0.0,1,2,2.0,4.0,1
0,501.0,100000.0,02,100000.0,100000.0,78,1.0,82,1.0,22.0,21,1.0,1.0,2,1,2.0,1,2.0,2.0,1000,0.0,2.0,2.0,0,65.0,2.0,1,2.0,0,2001.0,52.0,1,38,999,4.0,0.0,0.0,0.0,0.0,5.0,400,1.0,1,2,0.0,1,2,2.0,4.0,1
0,501.0,0.0,42,0.0,0.0,69,6.0,32,3.0,16.0,25,6.0,2.0,2,5,2.0,1,2.0,2.0,1000,0.0,2.0,2.0,0,40.0,2.0,1,2.0,0,1995.0,52.0,1,38,148,1.0,0.0,0.0,0.0,0.0,5.0,400,1.0,2,2,0.0,1,2,3.0,4.0,1
0,493.0,40000.0,42,0.0,0.0,69,6.0,26,3.0,21.0,20,1.0,2.0,2,1,2.0,1,2.0,2.0,1000,0.0,2.0,2.0,0,40.0,2.0,1,2.0,0,1979.0,52.0,1,38,82,1.0,14800.0,25200.0,0.0,0.0,5.0,500,1.0,2,2,0.0,1,2,2.0,4.0,1
0,357.0,55000.0,26,55000.0,55000.0,70,1.0,32,1.0,20.0,20,6.0,1.0,1,5,2.0,1,2.0,3.0,1000,0.0,3.0,3.0,0,45.0,2.0,1,2.0,0,1995.0,52.0,1,38,82,7.0,0.0,0.0,0.0,0.0,5.0,600,3.0,2,1,0.0,1,2,3.0,4.0,1
0,213.0,50000.0,25,50000.0,50000.0,78,1.0,999,1.0,16.0,20,1.0,1.0,2,1,2.0,1,2.0,3.0,1000,0.0,3.0,3.0,0,40.0,2.0,1,2.0,0,2002.0,52.0,1,38,999,1.0,0.0,0.0,0.0,0.0,5.0,100,1.0,4,2,0.0,1,2,3.0,4.0,1
0,213.0,0.0,42,0.0,0.0,76,6.0,999,2.0,19.0,21,1.0,1.0,2,1,2.0,1,2.0,3.0,1000,0.0,3.0,3.0,0,40.0,2.0,1,2.0,0,2002.0,52.0,1,19,999,1.0,0.0,0.0,0.0,0.0,5.0,100,1.0,4,2,0.0,1,2,3.0,2.0,1
0,213.0,0.0,42,0.0,0.0,69,6.0,999,3.0,20.0,25,6.0,1.0,2,5,2.0,1,2.0,3.0,1000,0.0,3.0,3.0,0,40.0,2.0,1,2.0,0,1995.0,52.0,1,38,999,1.0,0.0,0.0,0.0,0.0,5.0,100,1.0,4,2,0.0,1,2,3.0,4.0,1
0,303.0,48000.0,63,48000.0,48000.0,07,1.0,82,1.0,19.0,20,4.0,1.0,2,3,2.0,1,2.0,3.0,1000,0.0,3.0,3.0,0,40.0,2.0,1,2.0,0,1995.0,52.0,1,37,999,1.0,0.0,0.0,0.0,0.0,5.0,100,1.0,1,2,0.0,1,2,3.0,4.0,1
0,185.0,57000.0,80,57000.0,57000.0,39,1.0,996,1.0,16.0,20,1.0,1.0,1,1,1.0,1,1.0,3.0,1000,0.0,3.0,3.0,0,99.0,2.0,1,2.0,0,2005.0,52.0,1,38,999,1.0,0.0,0.0,0.0,0.0,5.0,100,1.0,3,1,0.0,1,1,3.0,4.0,1
0,185.0,0.0,42,0.0,0.0,69,6.0,996,3.0,16.0,21,1.0,2.0,1,1,1.0,1,2.0,2.0,1000,0.0,2.0,2.0,0,40.0,2.0,1,2.0,0,2005.0,52.0,1,55,999,1.0,0.0,0.0,0.0,0.0,5.0,100,1.0,3,1,0.0,1,2,3.0,4.0,1
0,318.0,50000.0,51,50000.0,50000.0,68,1.0,32,1.0,21.0,20,6.0,1.0,2,5,2.0,1,2.0,3.0,1000,0.0,3.0,3.0,0,40.0,2.0,1,2.0,0,1995.0,52.0,1,27,82,1.0,0.0,0.0,0.0,0.0,5.0,600,1.0,2,2,0.0,1,2,3.0,4.0,1
0,477.0,75000.0,50,75000.0,75000.0,30,1.0,32,1.0,18.0,22,4.0,1.0,2,3,2.0,1,2.0,3.0,1000,0.0,3.0,3.0,0,40.0,2.0,1,2.0,0,1998.0,52.0,1,27,999,1.0,0.0,0.0,0.0,0.0,5.0,600,1.0,1,2,0.0,1,2,3.0,4.0,1
0,379.0,58000.0,52,58000.0,58000.0,81,1.0,924,1.0,20.0,22,4.0,1.0,2,3,2.0,17,2.0,3.0,9000,0.0,3.0,3.0,0,40.0,2.0,9,2.0,1,1989.0,52.0,1,26,917,5.0,0.0,0.0,0.0,0.0,5.0,600,1.0,2,2,0.0,1,2,3.0,4.0,1
1,501.0,120000.0,02,0.0,0.0,01,6.0,32,2.0,13.0,20,6.0,2.0,2,5,2.0,1,2.0,2.0,1000,0.0,2.0,2.0,0,40.0,2.0,1,2.0,0,1995.0,52.0,1,38,82,7.0,0.0,0.0,0.0,0.0,5.0,500,1.0,2,2,120000.0,1,2,3.0,4.0,1
0,501.0,0.0,42,0.0,0.0,69,6.0,82,3.0,21.0,20,1.0,2.0,2,1,2.0,1,2.0,2.0,1000,0.0,2.0,2.0,0,40.0,2.0,1,2.0,0,2014.0,52.0,1,38,999,1.0,0.0,0.0,0.0,0.0,5.0,600,1.0,1,2,0.0,1,2,3.0,4.0,1
0,501.0,150000.0,10,150000.0,150000.0,73,1.0,32,1.0,21.0,21,1.0,1.0,2,1,2.0,1,2.0,3.0,1000,0.0,3.0,3.0,0,40.0,2.0,1,2.0,0,2014.0,52.0,1,38,999,1.0,0.0,0.0,0.0,0.0,5.0,600,1.0,1,2,0.0,1,2,3.0,4.0,1
0,501.0,77000.0,65,77000.0,77000.0,07,1.0,32,1.0,20.0,20,1.0,1.0,2,1,2.0,1,2.0,3.0,1000,0.0,3.0,3.0,0,40.0,2.0,1,2.0,0,2006.0,52.0,1,27,999,1.0,0.0,0.0,0.0,0.0,5.0,400,1.0,1,2,0.0,1,2,3.0,4.0,1
0,501.0,41600.0,59,41600.0,41600.0,69,1.0,32,1.0,19.0,21,1.0,1.0,2,1,2.0,1,2.0,3.0,1000,0.0,3.0,3.0,0,40.0,2.0,1,2.0,0,2006.0,52.0,1,27,999,1.0,0.0,0.0,0.0,0.0,5.0,400,1.0,1,2,0.0,1,2,3.0,4.0,1
0,501.0,77000.0,65,77000.0,77000.0,07,1.0,32,1.0,20.0,33,2.0,1.0,2,1,2.0,1,2.0,3.0,1000,0.0,3.0,3.0,0,40.0,2.0,1,2.0,0,2006.0,52.0,1,27,999,1.0,0.0,0.0,0.0,0.0,5.0,400,1.0,1,2,0.0,1,2,3.0,4.0,1
0,406.0,36000.0,40,36000.0,36000.0,82,1.0,88,1.0,18.0,20,1.0,1.0,2,1,2.0,1,2.0,3.0,1000,0.0,3.0,3.0,0,36.0,2.0,1,2.0,0,1982.0,52.0,1,38,32,1.0,0.0,0.0,0.0,0.0,5.0,500,1.0,2,2,0.0,1,2,3.0,4.0,1
0,406.0,46000.0,72,46000.0,46000.0,46,1.0,21,1.0,16.0,21,1.0,1.0,2,1,2.0,1,2.0,3.0,1000,0.0,3.0,3.0,0,45.0,2.0,1,2.0,0,1982.0,52.0,1,38,32,1.0,0.0,0.0,0.0,0.0,5.0,500,1.0,2,2,0.0,1,2,3.0,4.0,1
1,75.0,11800.0,64,0.0,0.0,53,6.0,935,2.0,20.0,20,4.0,2.0,2,3,2.0,17,2.0,2.0,9000,0.0,2.0,2.0,0,40.0,2.0,9,2.0,1,1979.0,52.0,1,38,920,1.0,11800.0,0.0,0.0,0.0,5.0,400,1.0,2,2,0.0,1,2,3.0,4.0,1
0,249.0,48000.0,51,48000.0,48000.0,42,1.0,32,1.0,18.0,20,1.0,1.0,2,1,2.0,1,2.0,3.0,1000,0.0,3.0,3.0,0,40.0,2.0,1,2.0,0,2011.0,52.0,1,38,82,1.0,0.0,0.0,0.0,0.0,5.0,600,1.0,2,2,0.0,1,2,3.0,4.0,1
0,249.0,53000.0,06,53000.0,53000.0,40,1.0,32,1.0,18.0,21,1.0,1.0,2,1,2.0,1,2.0,3.0,1000,0.0,3.0,3.0,0,40.0,2.0,1,2.0,0,2011.0,52.0,1,38,82,1.0,0.0,0.0,0.0,0.0,5.0,600,1.0,2,2,0.0,1,2,3.0,4.0,1
0,135.0,21300.0,55,21300.0,21300.0,94,2.0,82,1.0,19.0,20,6.0,2.0,2,5,2.0,1,2.0,3.0,1000,0.0,2.0,1.0,0,40.0,2.0,1,2.0,0,1995.0,48.0,1,53,999,5.0,0.0,0.0,0.0,0.0,5.0,100,3.0,1,2,0.0,1,2,3.0,4.0,1
1,0.0,0.0,47,0.0,0.0,47,6.0,999,2.0,19.0,22,6.0,1.0,1,5,1.0,1,1.0,3.0,1000,0.0,3.0,3.0,0,40.0,1.0,1,1.0,0,1995.0,52.0,1,48,999,1.0,0.0,0.0,0.0,0.0,5.0,100,3.0,4,2,0.0,1,1,3.0,4.0,1
0,501.0,130000.0,00,130000.0,130000.0,62,1.0,32,1.0,20.0,20,1.0,1.0,2,1,2.0,1,2.0,3.0,1000,0.0,3.0,3.0,0,45.0,2.0,1,2.0,0,2019.0,52.0,1,38,142,1.0,0.0,0.0,0.0,0.0,5.0,100,1.0,2,2,0.0,1,2,3.0,4.0,1
0,501.0,75000.0,31,75000.0,75000.0,80,1.0,32,1.0,24.0,21,1.0,1.0,2,1,2.0,1,2.0,3.0,1000,0.0,3.0,3.0,0,32.0,2.0,1,2.0,0,2019.0,52.0,1,38,98,1.0,0.0,0.0,0.0,0.0,5.0,100,1.0,2,2,0.0,1,2,3.0,4.0,1
0,325.0,49900.0,60,49900.0,49900.0,01,1.0,32,1.0,15.0,20,1.0,1.0,2,1,2.0,1,2.0,3.0,1000,0.0,3.0,3.0,0,65.0,2.0,1,2.0,0,2008.0,52.0,1,38,98,1.0,0.0,0.0,0.0,0.0,5.0,500,1.0,2,2,0.0,1,2,3.0,4.0,1
0,325.0,47900.0,96,47900.0,47900.0,38,1.0,98,1.0,19.0,21,1.0,1.0,2,1,2.0,1,2.0,3.0,1000,0.0,3.0,3.0,0,50.0,2.0,1,2.0,0,2008.0,52.0,1,38,999,1.0,0.0,0.0,0.0,0.0,5.0,500,1.0,1,2,0.0,1,2,3.0,4.0,1
0,501.0,76400.0,99,0.0,0.0,99,3.0,939,3.0,20.0,20,1.0,2.0,2,1,2.0,1,2.0,1.0,1000,0.0,2.0,2.0,0,40.0,2.0,1,2.0,0,2001.0,52.0,1,17,999,9.0,0.0,48900.0,27500.0,0.0,1.0,200,1.0,1,2,0.0,1,2,3.0,2.0,1
0,501.0,85000.0,51,85000.0,85000.0,70,1.0,32,1.0,16.0,21,1.0,1.0,2,1,2.0,1,2.0,3.0,1000,0.0,3.0,3.0,2,55.0,2.0,1,2.0,0,2001.0,52.0,1,110,999,1.0,0.0,0.0,0.0,0.0,5.0,200,1.0,1,2,0.0,5,2,3.0,4.0,1
0,261.0,40000.0,62,40000.0,40000.0,07,1.0,32,1.0,20.0,20,6.0,1.0,2,5,2.0,1,2.0,3.0,1000,0.0,3.0,3.0,0,40.0,2.0,1,2.0,0,1995.0,52.0,1,38,50,1.0,0.0,0.0,0.0,0.0,5.0,500,3.0,2,2,0.0,1,2,3.0,4.0,1
0,130.0,20000.0,36,20000.0,20000.0,83,1.0,32,1.0,21.0,22,6.0,1.0,2,5,2.0,22,2.0,3.0,9000,0.0,3.0,3.0,2,25.0,2.0,9,2.0,0,1995.0,46.0,1,38,148,1.0,0.0,0.0,0.0,0.0,5.0,500,3.0,2,2,0.0,1,2,3.0,4.0,1
0,361.0,75000.0,72,75000.0,75000.0,95,1.0,32,1.0,20.0,20,5.0,1.0,2,4,2.0,1,2.0,3.0,1000,0.0,3.0,3.0,0,40.0,2.0,1,2.0,0,2017.0,52.0,1,38,50,5.0,0.0,0.0,0.0,0.0,5.0,200,1.0,2,2,0.0,1,2,3.0,4.0,1
0,402.0,16000.0,47,16000.0,16000.0,54,1.0,82,1.0,18.0,20,1.0,1.0,2,1,2.0,1,2.0,2.0,1000,0.0,2.0,2.0,0,32.0,2.0,1,2.0,0,1993.0,52.0,1,27,26,2.0,0.0,0.0,0.0,0.0,1.0,400,1.0,2,2,0.0,1,2,3.0,4.0,1
0,402.0,65000.0,72,65000.0,65000.0,88,1.0,82,1.0,20.0,21,1.0,1.0,2,1,2.0,1,2.0,2.0,1000,0.0,2.0,2.0,0,50.0,2.0,1,2.0,0,1993.0,52.0,1,38,21,1.0,0.0,0.0,0.0,0.0,3.0,400,1.0,2,2,0.0,1,2,3.0,4.0,1
0,501.0,35000.0,58,35000.0,35000.0,69,1.0,22,1.0,16.0,21,1.0,1.0,2,1,2.0,1,2.0,2.0,1000,0.0,2.0,2.0,0,45.0,2.0,1,2.0,0,1977.0,52.0,1,38,999,1.0,0.0,0.0,0.0,0.0,5.0,400,1.0,1,2,0.0,1,2,3.0,4.0,1
0,501.0,161000.0,00,160000.0,160000.0,68,1.0,88,1.0,21.0,20,1.0,1.0,2,1,2.0,1,2.0,3.0,1000,0.0,3.0,3.0,0,45.0,2.0,1,2.0,0,1986.0,52.0,1,38,22,1.0,0.0,0.0,0.0,0.0,5.0,500,1.0,2,2,1000.0,1,2,3.0,4.0,1
0,501.0,150000.0,00,150000.0,150000.0,48,1.0,999,1.0,21.0,21,1.0,1.0,2,1,2.0,1,2.0,3.0,1000,0.0,3.0,3.0,0,50.0,2.0,1,2.0,0,1986.0,52.0,1,38,999,1.0,0.0,0.0,0.0,0.0,5.0,500,1.0,4,2,0.0,1,2,3.0,4.0,1
0,501.0,160020.0,10,160000.0,0.0,04,1.0,996,1.0,20.0,20,6.0,1.0,2,5,2.0,1,2.0,3.0,1000,0.0,3.0,3.0,2,50.0,2.0,1,2.0,0,1995.0,50.0,1,46,999,6.0,0.0,0.0,0.0,0.0,5.0,100,1.0,3,2,20.0,1,2,3.0,4.0,1
0,114.0,27100.0,98,27100.0,27100.0,96,4.0,22,1.0,16.0,20,1.0,1.0,2,1,2.0,1,2.0,3.0,1000,0.0,3.0,3.0,0,40.0,2.0,1,2.0,0,2020.0,52.0,1,4,94,5.0,0.0,0.0,0.0,0.0,5.0,200,3.0,2,2,0.0,1,2,3.0,1.0,1
0,114.0,0.0,89,0.0,0.0,51,6.0,88,2.0,15.0,21,1.0,2.0,2,1,2.0,1,2.0,2.0,1000,0.0,2.0,2.0,0,40.0,2.0,1,2.0,0,2020.0,52.0,1,4,22,1.0,0.0,0.0,0.0,0.0,5.0,200,3.0,2,2,0.0,1,2,3.0,4.0,1
1,385.0,15700.0,42,0.0,0.0,69,6.0,939,3.0,16.0,25,6.0,2.0,2,5,2.0,1,2.0,2.0,1000,0.0,2.0,2.0,0,40.0,2.0,1,2.0,0,1995.0,52.0,1,38,999,1.0,15700.0,0.0,0.0,0.0,5.0,500,1.0,1,2,0.0,1,2,3.0,4.0,1
0,501.0,95000.0,23,95000.0,95000.0,78,1.0,917,1.0,22.0,20,1.0,1.0,2,1,2.0,3,2.0,3.0,5013,0.0,3.0,3.0,0,40.0,2.0,3,2.0,1,2009.0,44.0,0,38,999,5.0,0.0,0.0,0.0,0.0,5.0,400,1.0,1,2,0.0,1,2,3.0,4.0,1
1,94.0,14700.0,42,0.0,0.0,69,6.0,24,3.0,17.0,20,6.0,2.0,2,5,2.0,1,2.0,2.0,1000,0.0,2.0,2.0,0,40.0,2.0,1,2.0,0,1995.0,52.0,1,27,999,1.0,14700.0,0.0,0.0,0.0,5.0,500,1.0,1,2,0.0,1,2,3.0,4.0,1
0,404.0,50000.0,08,50000.0,50000.0,93,1.0,32,1.0,21.0,20,1.0,1.0,2,1,2.0,1,2.0,3.0,1000,0.0,3.0,3.0,0,40.0,2.0,1,2.0,0,2010.0,52.0,1,38,999,3.0,0.0,0.0,0.0,0.0,5.0,400,1.0,1,2,0.0,1,2,3.0,4.0,1
0,404.0,30000.0,23,30000.0,30000.0,78,1.0,32,1.0,21.0,21,1.0,1.0,2,1,2.0,1,2.0,3.0,1000,0.0,3.0,3.0,0,30.0,2.0,1,2.0,0,2010.0,52.0,1,38,999,3.0,0.0,0.0,0.0,0.0,5.0,400,1.0,1,2,0.0,1,2,3.0,4.0,1
0,501.0,42000.0,96,42000.0,42000.0,30,6.0,82,1.0,16.0,20,1.0,2.0,2,1,2.0,1,2.0,2.0,1000,0.0,2.0,2.0,0,58.0,2.0,1,2.0,0,1979.0,26.0,1,38,999,1.0,0.0,0.0,0.0,0.0,5.0,400,1.0,1,2,0.0,1,2,3.0,3.0,1
0,501.0,72000.0,24,72000.0,72000.0,78,1.0,89,1.0,22.0,21,1.0,1.0,2,1,2.0,1,2.0,3.0,1000,0.0,3.0,3.0,0,50.0,2.0,1,2.0,0,1979.0,40.0,1,38,32,3.0,0.0,0.0,0.0,0.0,5.0,400,1.0,2,2,0.0,1,2,3.0,4.0,1
0,501.0,116900.0,58,3600.0,3600.0,91,1.0,32,1.0,20.0,20,1.0,1.0,2,1,2.0,1,2.0,3.0,1000,0.0,3.0,3.0,0,3.0,2.0,1,2.0,0,1984.0,52.0,1,38,999,2.0,0.0,16800.0,76000.0,0.0,5.0,300,1.0,1,2,20500.0,1,2,3.0,2.0,1
0,501.0,12000.0,45,12000.0,0.0,89,1.0,82,1.0,16.0,20,1.0,1.0,2,1,2.0,1,2.0,3.0,1000,0.0,3.0,3.0,2,30.0,2.0,1,2.0,0,2015.0,52.0,1,38,999,6.0,0.0,0.0,0.0,0.0,5.0,200,1.0,1,2,0.0,1,2,3.0,4.0,1
0,501.0,122000.0,38,122000.0,100000.0,94,1.0,32,1.0,20.0,21,1.0,1.0,2,1,2.0,1,2.0,3.0,1000,0.0,3.0,3.0,0,50.0,2.0,1,2.0,0,2015.0,52.0,1,109,999,4.0,0.0,0.0,0.0,0.0,5.0,200,1.0,1,2,0.0,5,2,3.0,4.0,1
0,500.0,70000.0,63,70000.0,70000.0,07,1.0,82,1.0,20.0,20,5.0,1.0,2,4,2.0,1,2.0,3.0,1000,0.0,3.0,3.0,0,40.0,2.0,1,2.0,0,1994.0,52.0,1,27,999,1.0,0.0,0.0,0.0,0.0,5.0,500,1.0,1,2,0.0,1,2,3.0,4.0,1
0,500.0,31000.0,54,31000.0,31000.0,80,1.0,82,1.0,16.0,25,6.0,1.0,2,5,2.0,1,2.0,3.0,1000,0.0,3.0,3.0,0,36.0,2.0,1,2.0,0,1995.0,52.0,1,38,999,2.0,0.0,0.0,0.0,0.0,5.0,500,1.0,1,2,0.0,1,2,3.0,4.0,1
0,365.0,0.0,08,0.0,0.0,68,6.0,32,2.0,20.0,20,1.0,2.0,2,1,2.0,1,2.0,2.0,1000,0.0,2.0,2.0,0,40.0,2.0,1,2.0,0,2019.0,52.0,1,38,999,1.0,0.0,0.0,0.0,0.0,5.0,400,1.0,1,2,0.0,1,2,3.0,4.0,1
0,365.0,110000.0,63,110000.0,110000.0,07,1.0,32,1.0,20.0,21,1.0,1.0,2,1,2.0,1,2.0,3.0,1000,0.0,3.0,3.0,0,40.0,2.0,1,2.0,0,2019.0,52.0,1,38,999,1.0,0.0,0.0,0.0,0.0,5.0,400,1.0,1,2,0.0,1,2,3.0,4.0,1
0,501.0,90000.0,32,90000.0,90000.0,81,1.0,82,1.0,23.0,20,6.0,1.0,2,5,2.0,1,2.0,3.0,1000,0.0,3.0,3.0,0,40.0,2.0,1,2.0,0,1995.0,52.0,1,38,999,1.0,0.0,0.0,0.0,0.0,5.0,200,1.0,1,2,0.0,1,2,3.0,4.0,1
0,400.0,62000.0,32,62000.0,62000.0,69,1.0,32,1.0,20.0,20,4.0,1.0,2,3,2.0,1,2.0,3.0,1000,0.0,3.0,3.0,0,40.0,2.0,1,2.0,0,2009.0,52.0,1,27,82,2.0,0.0,0.0,0.0,0.0,5.0,400,3.0,2,2,0.0,1,2,3.0,4.0,1
0,57.0,9100.0,63,9100.0,9100.0,07,6.0,32,1.0,16.0,20,6.0,2.0,2,5,2.0,1,2.0,2.0,1000,0.0,2.0,2.0,2,40.0,2.0,1,2.0,0,1995.0,24.0,1,38,999,8.0,0.0,0.0,0.0,0.0,5.0,400,1.0,1,2,0.0,1,2,3.0,4.0,1
0,233.0,28280.0,57,28280.0,280.0,78,1.0,22,1.0,19.0,20,1.0,1.0,2,1,2.0,1,2.0,3.0,1000,0.0,3.0,3.0,0,40.0,2.0,1,2.0,0,1989.0,52.0,1,139,999,3.0,0.0,0.0,0.0,0.0,5.0,500,1.0,1,2,0.0,5,2,3.0,4.0,1
0,233.0,28000.0,76,28000.0,28000.0,88,1.0,924,1.0,20.0,21,1.0,1.0,2,1,2.0,1,2.0,3.0,1000,0.0,3.0,3.0,1,60.0,2.0,1,2.0,0,1989.0,52.0,1,38,111,7.0,0.0,0.0,0.0,0.0,5.0,500,1.0,2,2,0.0,1,2,3.0,4.0,1
0,501.0,101500.0,22,65000.0,65000.0,78,1.0,32,1.0,22.0,20,2.0,1.0,2,1,2.0,1,2.0,3.0,1000,0.0,3.0,3.0,0,40.0,2.0,1,2.0,0,1990.0,52.0,1,38,82,4.0,0.0,31000.0,0.0,0.0,5.0,100,1.0,2,2,5500.0,1,2,3.0,4.0,1
0,501.0,27000.0,93,27000.0,27000.0,85,1.0,917,1.0,16.0,30,6.0,1.0,1,5,2.0,3,2.0,3.0,5013,0.0,3.0,3.0,0,40.0,2.0,3,2.0,1,1995.0,52.0,0,38,999,1.0,0.0,0.0,0.0,0.0,5.0,100,1.0,1,2,0.0,1,1,3.0,4.0,1
0,261.0,19800.0,42,3400.0,3400.0,01,6.0,82,1.0,20.0,20,1.0,2.0,2,1,2.0,1,2.0,2.0,1000,0.0,2.0,2.0,0,16.0,2.0,1,2.0,0,2002.0,15.0,1,38,999,8.0,0.0,0.0,0.0,0.0,5.0,500,1.0,1,2,16400.0,1,2,3.0,4.0,1
0,261.0,42000.0,59,42000.0,42000.0,78,1.0,82,1.0,21.0,21,1.0,1.0,2,1,2.0,1,2.0,3.0,1000,0.0,3.0,3.0,0,40.0,2.0,1,2.0,0,2002.0,52.0,1,38,999,4.0,0.0,0.0,0.0,0.0,5.0,500,1.0,1,2,0.0,1,2,3.0,4.0,1
0,501.0,85610.0,71,85000.0,85000.0,44,1.0,88,1.0,19.0,20,1.0,1.0,2,1,2.0,1,2.0,3.0,1000,0.0,3.0,3.0,0,40.0,2.0,1,2.0,0,1990.0,52.0,1,54,999,5.0,0.0,260.0,0.0,0.0,5.0,500,1.0,1,2,350.0,1,2,3.0,2.0,1
0,501.0,85000.0,19,85000.0,85000.0,74,1.0,917,1.0,21.0,21,1.0,1.0,2,1,2.0,1,2.0,3.0,1000,0.0,3.0,3.0,0,40.0,2.0,1,2.0,0,1990.0,52.0,1,53,999,1.0,0.0,0.0,0.0,0.0,5.0,500,1.0,1,2,0.0,1,2,3.0,2.0,1
0,479.0,73000.0,92,67000.0,67000.0,07,3.0,32,1.0,18.0,20,6.0,2.0,2,5,2.0,1,2.0,3.0,1000,0.0,1.0,3.0,0,80.0,2.0,1,2.0,0,1995.0,26.0,1,38,82,1.0,0.0,0.0,6000.0,0.0,1.0,300,3.0,2,2,0.0,1,2,1.0,4.0,1
0,65.0,10000.0,47,10000.0,10000.0,86,1.0,82,1.0,21.0,22,6.0,1.0,2,5,2.0,1,2.0,3.0,1000,0.0,3.0,3.0,0,10.0,2.0,1,2.0,0,1995.0,46.0,1,38,999,1.0,0.0,0.0,0.0,0.0,5.0,300,3.0,1,2,0.0,1,2,3.0,4.0,1
0,197.0,30000.0,23,30000.0,30000.0,78,1.0,82,1.0,21.0,34,6.0,1.0,2,5,2.0,1,2.0,3.0,1000,0.0,3.0,3.0,0,40.0,2.0,1,2.0,0,1995.0,48.0,1,38,999,3.0,0.0,0.0,0.0,0.0,5.0,300,1.0,1,2,0.0,1,2,3.0,4.0,1
0,479.0,74000.0,00,74000.0,74000.0,91,1.0,22,1.0,21.0,20,1.0,1.0,2,1,2.0,1,2.0,3.0,1000,0.0,3.0,3.0,0,40.0,2.0,1,2.0,0,2015.0,52.0,1,18,32,2.0,0.0,0.0,0.0,0.0,5.0,300,1.0,2,2,0.0,1,2,3.0,4.0,1
0,479.0,40000.0,40,40000.0,40000.0,86,1.0,97,1.0,21.0,21,1.0,1.0,2,1,2.0,1,2.0,3.0,1000,0.0,3.0,3.0,0,20.0,2.0,1,2.0,0,2015.0,52.0,1,28,22,1.0,0.0,0.0,0.0,0.0,5.0,300,1.0,2,2,0.0,1,2,3.0,4.0,1
0,328.0,50000.0,23,50000.0,50000.0,78,1.0,32,1.0,21.0,20,6.0,1.0,2,5,2.0,1,2.0,3.0,1000,0.0,3.0,3.0,0,40.0,2.0,1,2.0,0,1995.0,52.0,1,36,148,3.0,0.0,0.0,0.0,0.0,5.0,200,1.0,2,2,0.0,1,2,3.0,4.0,1
0,487.0,75000.0,11,75000.0,75000.0,73,1.0,999,1.0,20.0,20,6.0,1.0,2,5,2.0,1,2.0,3.0,1000,0.0,3.0,3.0,0,40.0,2.0,1,2.0,0,1995.0,52.0,1,27,999,1.0,0.0,0.0,0.0,0.0,5.0,400,1.0,4,2,0.0,1,2,3.0,4.0,1
0,501.0,173000.0,05,120000.0,120000.0,95,1.0,999,1.0,19.0,20,1.0,1.0,2,1,2.0,1,2.0,3.0,1000,0.0,3.0,3.0,0,55.0,2.0,1,2.0,0,2013.0,52.0,1,6,999,5.0,0.0,18000.0,35000.0,0.0,5.0,200,1.0,4,2,0.0,1,2,3.0,4.0,1
0,501.0,29000.0,58,29000.0,29000.0,61,1.0,999,1.0,16.0,21,1.0,1.0,2,1,2.0,1,2.0,3.0,1000,0.0,3.0,3.0,0,32.0,2.0,1,2.0,0,2013.0,52.0,1,38,999,1.0,0.0,0.0,0.0,0.0,5.0,200,1.0,4,2,0.0,1,2,3.0,4.0,1
0,501.0,104000.0,00,104000.0,104000.0,70,1.0,82,1.0,22.0,20,1.0,1.0,2,1,2.0,1,2.0,3.0,1000,0.0,3.0,3.0,0,40.0,2.0,1,2.0,0,2005.0,52.0,1,56,89,2.0,0.0,0.0,0.0,0.0,5.0,600,1.0,2,2,0.0,1,2,3.0,4.0,1
0,501.0,70000.0,64,70000.0,70000.0,07,1.0,32,1.0,20.0,21,1.0,1.0,2,1,2.0,1,2.0,3.0,1000,0.0,2.0,2.0,0,40.0,2.0,1,2.0,0,2005.0,52.0,1,38,142,7.0,0.0,0.0,0.0,0.0,5.0,600,1.0,2,2,0.0,1,2,3.0,4.0,1
0,329.0,52000.0,24,52000.0,52000.0,85,1.0,32,1.0,22.0,20,6.0,1.0,2,5,2.0,1,2.0,3.0,1000,0.0,3.0,3.0,0,40.0,2.0,1,2.0,0,1995.0,52.0,1,30,148,4.0,0.0,0.0,0.0,0.0,5.0,300,1.0,2,2,0.0,1,2,3.0,4.0,1
0,501.0,137180.0,02,137000.0,137000.0,78,1.0,50,1.0,24.0,20,6.0,1.0,2,5,2.0,1,2.0,3.0,1000,0.0,3.0,3.0,0,55.0,2.0,1,2.0,0,1995.0,52.0,1,37,999,4.0,0.0,0.0,0.0,0.0,5.0,500,1.0,1,2,180.0,1,2,3.0,4.0,1
1,167.0,34500.0,47,34500.0,34500.0,50,1.0,26,1.0,16.0,20,6.0,1.0,2,5,2.0,1,2.0,3.0,1000,0.0,3.0,3.0,0,40.0,2.0,1,2.0,0,1995.0,52.0,1,38,32,1.0,0.0,0.0,0.0,0.0,5.0,600,1.0,2,2,0.0,1,2,3.0,4.0,1
0,178.0,21000.0,42,0.0,0.0,69,6.0,996,3.0,16.0,20,1.0,2.0,1,1,2.0,1,2.0,2.0,1000,0.0,2.0,2.0,0,40.0,1.0,1,2.0,0,1984.0,52.0,1,38,999,1.0,0.0,21000.0,0.0,0.0,2.0,400,1.0,3,2,0.0,1,2,2.0,4.0,1
1,178.0,11100.0,42,0.0,0.0,69,6.0,996,3.0,21.0,21,1.0,1.0,2,1,2.0,1,2.0,2.0,1000,0.0,2.0,2.0,0,40.0,2.0,1,2.0,0,1984.0,52.0,1,38,999,1.0,11100.0,0.0,0.0,0.0,1.0,400,1.0,3,2,0.0,1,2,2.0,4.0,1
0,128.0,15600.0,42,0.0,0.0,69,6.0,82,3.0,22.0,20,1.0,2.0,1,1,1.0,1,1.0,2.0,1000,15600.0,2.0,2.0,0,40.0,1.0,1,1.0,0,2014.0,52.0,1,38,999,1.0,0.0,0.0,0.0,0.0,5.0,400,1.0,1,1,0.0,1,2,3.0,4.0,1
0,128.0,10200.0,20,0.0,0.0,94,6.0,917,2.0,22.0,21,1.0,2.0,1,1,2.0,3,2.0,2.0,5013,10200.0,2.0,2.0,0,40.0,2.0,3,2.0,1,2014.0,52.0,0,38,999,3.0,0.0,0.0,0.0,0.0,5.0,400,1.0,1,2,0.0,1,1,3.0,4.0,1
0,405.0,63000.0,15,63000.0,63000.0,74,1.0,82,1.0,21.0,20,6.0,1.0,2,5,2.0,1,2.0,3.0,1000,0.0,3.0,3.0,0,45.0,2.0,1,2.0,0,1995.0,52.0,1,4,50,1.0,0.0,0.0,0.0,0.0,5.0,100,1.0,2,2,0.0,1,2,3.0,4.0,1
0,308.0,48000.0,37,48000.0,48000.0,94,1.0,82,1.0,21.0,34,6.0,1.0,2,5,2.0,1,2.0,3.0,1000,0.0,3.0,3.0,0,50.0,2.0,1,2.0,0,1995.0,52.0,1,27,32,3.0,0.0,0.0,0.0,0.0,5.0,100,3.0,2,2,0.0,1,2,3.0,4.0,1
0,308.0,48000.0,23,48000.0,48000.0,78,1.0,939,1.0,21.0,20,6.0,1.0,2,5,2.0,1,2.0,3.0,1000,0.0,3.0,3.0,0,40.0,2.0,1,2.0,0,1995.0,52.0,1,38,999,3.0,0.0,0.0,0.0,0.0,5.0,400,1.0,1,2,0.0,1,2,3.0,4.0,1
0,501.0,85000.0,72,85000.0,85000.0,48,1.0,939,1.0,20.0,22,6.0,1.0,2,5,2.0,1,2.0,3.0,1000,0.0,3.0,3.0,0,50.0,2.0,1,2.0,0,1995.0,52.0,1,38,999,1.0,0.0,0.0,0.0,0.0,5.0,400,1.0,1,2,0.0,1,2,3.0,4.0,1
0,60.0,12000.0,25,12000.0,12000.0,78,1.0,82,1.0,16.0,20,1.0,1.0,2,1,2.0,1,2.0,3.0,1000,0.0,3.0,3.0,1,36.0,2.0,1,2.0,0,1985.0,52.0,1,27,999,3.0,0.0,0.0,0.0,0.0,5.0,400,1.0,1,2,0.0,1,2,3.0,4.0,1
1,60.0,0.0,42,0.0,0.0,69,6.0,999,3.0,21.0,21,1.0,1.0,2,1,2.0,1,2.0,3.0,1000,0.0,3.0,3.0,0,40.0,2.0,1,2.0,0,1985.0,52.0,1,27,999,1.0,0.0,0.0,0.0,0.0,5.0,400,1.0,4,2,0.0,1,2,3.0,4.0,1
0,501.0,143000.0,76,85000.0,85000.0,05,1.0,111,1.0,18.0,20,6.0,1.0,1,5,2.0,1,2.0,3.0,1000,0.0,3.0,3.0,0,50.0,2.0,1,2.0,0,1995.0,52.0,1,26,26,1.0,0.0,36000.0,22000.0,0.0,5.0,200,1.0,2,2,0.0,1,1,3.0,2.0,1
0,501.0,86040.0,64,86000.0,86000.0,62,1.0,82,1.0,18.0,20,6.0,1.0,2,5,2.0,1,2.0,3.0,1000,0.0,3.0,3.0,0,40.0,2.0,1,2.0,0,1995.0,52.0,1,38,171,1.0,0.0,0.0,0.0,0.0,5.0,200,1.0,2,2,40.0,1,2,3.0,4.0,1
0,501.0,36000.0,02,36000.0,36000.0,01,1.0,32,1.0,21.0,21,1.0,1.0,2,1,2.0,1,2.0,3.0,1000,0.0,3.0,3.0,2,40.0,2.0,1,2.0,0,2018.0,52.0,1,38,82,7.0,0.0,0.0,0.0,0.0,5.0,400,1.0,2,2,0.0,1,2,3.0,3.0,1
0,501.0,5000.0,42,0.0,0.0,69,6.0,98,3.0,21.0,21,1.0,2.0,2,1,2.0,1,2.0,2.0,1000,0.0,2.0,2.0,0,40.0,2.0,1,2.0,0,1984.0,52.0,1,38,999,1.0,0.0,0.0,0.0,0.0,5.0,600,1.0,1,2,5000.0,1,2,3.0,4.0,1
0,501.0,121000.0,03,121000.0,61000.0,86,1.0,82,1.0,19.0,20,6.0,1.0,2,5,2.0,1,2.0,3.0,1000,0.0,3.0,3.0,2,55.0,2.0,1,2.0,0,1995.0,52.0,1,38,999,1.0,0.0,0.0,0.0,0.0,5.0,200,1.0,1,2,0.0,1,2,3.0,4.0,1
0,406.0,31300.0,47,0.0,0.0,47,6.0,32,2.0,17.0,20,1.0,2.0,1,1,2.0,1,2.0,2.0,1000,16300.0,2.0,2.0,0,40.0,1.0,1,2.0,0,1986.0,52.0,1,29,50,1.0,15000.0,0.0,0.0,0.0,5.0,500,1.0,2,2,0.0,1,2,2.0,4.0,1
0,102.0,16000.0,43,16000.0,16000.0,90,1.0,32,1.0,19.0,20,6.0,1.0,2,5,2.0,1,2.0,3.0,1000,0.0,3.0,3.0,0,40.0,2.0,1,2.0,0,1995.0,52.0,1,38,148,1.0,0.0,0.0,0.0,0.0,5.0,600,3.0,2,2,0.0,1,2,3.0,4.0,1
0,461.0,72000.0,14,72000.0,72000.0,35,1.0,94,1.0,21.0,20,6.0,1.0,2,5,2.0,1,2.0,3.0,1000,0.0,3.0,3.0,0,40.0,2.0,1,2.0,0,1995.0,52.0,1,27,32,1.0,0.0,0.0,0.0,0.0,5.0,400,1.0,2,2,0.0,1,2,3.0,4.0,1
0,501.0,90000.0,69,90000.0,90000.0,04,1.0,32,1.0,21.0,20,6.0,1.0,2,5,2.0,1,2.0,3.0,1000,0.0,3.0,3.0,0,45.0,2.0,1,2.0,0,1995.0,52.0,1,38,148,1.0,0.0,0.0,0.0,0.0,5.0,100,1.0,2,2,0.0,1,2,3.0,4.0,1
0,501.0,59000.0,42,0.0,0.0,69,6.0,32,3.0,21.0,21,1.0,2.0,2,1,2.0,1,2.0,2.0,1000,0.0,3.0,2.0,0,40.0,2.0,1,2.0,0,1989.0,52.0,1,38,50,1.0,17000.0,39000.0,0.0,0.0,5.0,100,1.0,2,2,3000.0,1,2,3.0,4.0,1
0,286.0,44500.0,16,44500.0,44500.0,91,1.0,50,1.0,23.0,20,6.0,1.0,2,5,2.0,1,2.0,3.0,1000,0.0,3.0,3.0,0,40.0,2.0,1,2.0,0,1995.0,52.0,1,4,32,2.0,0.0,0.0,0.0,0.0,5.0,400,3.0,2,2,0.0,1,2,3.0,4.0,1
0,501.0,44000.0,87,44000.0,44000.0,87,1.0,82,1.0,19.0,20,1.0,1.0,2,1,2.0,1,2.0,3.0,1000,0.0,3.0,3.0,0,45.0,2.0,1,2.0,0,2004.0,52.0,1,27,89,1.0,0.0,0.0,0.0,0.0,5.0,600,1.0,2,2,0.0,1,2,3.0,4.0,1
0,501.0,58000.0,11,48000.0,48000.0,69,1.0,32,1.0,21.0,21,1.0,1.0,2,1,2.0,1,2.0,3.0,1000,0.0,3.0,3.0,0,40.0,2.0,1,2.0,0,2004.0,52.0,1,38,931,1.0,0.0,0.0,0.0,0.0,5.0,600,1.0,2,2,10000.0,1,2,3.0,4.0,1
0,501.0,60000.0,63,60000.0,0.0,07,3.0,82,1.0,16.0,20,1.0,2.0,2,1,2.0,1,2.0,3.0,1000,0.0,1.0,3.0,0,40.0,2.0,1,2.0,0,2005.0,52.0,1,38,999,6.0,0.0,0.0,0.0,0.0,1.0,200,1.0,1,2,0.0,1,2,1.0,4.0,1
0,501.0,35000.0,47,35000.0,35000.0,50,1.0,32,1.0,16.0,21,1.0,1.0,2,1,2.0,1,2.0,3.0,1000,0.0,3.0,3.0,0,55.0,2.0,1,2.0,0,2005.0,52.0,1,38,999,1.0,0.0,0.0,0.0,0.0,5.0,200,1.0,1,2,0.0,1,2,3.0,4.0,1
0,501.0,125000.0,62,125000.0,125000.0,07,3.0,32,1.0,16.0,25,6.0,2.0,2,5,2.0,1,2.0,3.0,1000,0.0,1.0,3.0,0,40.0,2.0,1,2.0,0,1995.0,52.0,1,38,82,1.0,0.0,0.0,0.0,0.0,1.0,200,1.0,2,2,0.0,1,2,1.0,4.0,1
0,367.0,80000.0,13,80000.0,80000.0,72,1.0,82,1.0,21.0,20,1.0,1.0,2,1,2.0,1,2.0,3.0,1000,0.0,3.0,3.0,0,40.0,2.0,1,2.0,0,2012.0,52.0,1,27,999,1.0,0.0,0.0,0.0,0.0,5.0,600,1.0,1,2,0.0,1,2,3.0,4.0,1
0,367.0,50000.0,36,50000.0,50000.0,79,1.0,50,1.0,20.0,21,1.0,1.0,2,1,2.0,1,2.0,3.0,1000,0.0,3.0,3.0,0,37.0,2.0,1,2.0,0,2012.0,52.0,1,27,999,1.0,0.0,0.0,0.0,0.0,5.0,600,1.0,1,2,0.0,1,2,3.0,4.0,1
0,334.0,60000.0,48,60000.0,60000.0,69,1.0,32,1.0,21.0,20,1.0,1.0,2,1,2.0,1,2.0,3.0,1000,0.0,3.0,3.0,0,50.0,2.0,1,2.0,0,2020.0,52.0,1,46,999,1.0,0.0,0.0,0.0,0.0,5.0,400,1.0,1,2,0.0,1,2,3.0,4.0,1
0,334.0,60000.0,68,60000.0,60000.0,07,1.0,32,1.0,14.0,21,1.0,1.0,2,1,2.0,1,2.0,3.0,1000,0.0,3.0,3.0,0,50.0,2.0,1,2.0,0,2020.0,52.0,1,38,999,1.0,0.0,0.0,0.0,0.0,5.0,400,1.0,1,2,0.0,1,2,3.0,4.0,1
0,414.0,35000.0,42,0.0,0.0,69,6.0,89,3.0,19.0,20,1.0,2.0,2,1,2.0,1,2.0,2.0,1000,0.0,2.0,2.0,0,40.0,2.0,1,2.0,0,2004.0,52.0,1,8,22,1.0,0.0,0.0,0.0,0.0,5.0,400,1.0,2,2,35000.0,1,2,3.0,4.0,1
0,414.0,110300.0,04,110000.0,80000.0,20,1.0,88,1.0,20.0,21,1.0,1.0,2,1,2.0,67,2.0,3.0,9000,0.0,3.0,3.0,0,50.0,2.0,9,2.0,0,2004.0,52.0,1,8,89,1.0,0.0,0.0,0.0,0.0,5.0,400,1.0,2,2,300.0,1,2,3.0,2.0,1
0,249.0,41700.0,78,41700.0,41700.0,49,1.0,122,1.0,19.0,25,6.0,1.0,2,5,2.0,1,2.0,2.0,1000,0.0,2.0,2.0,0,60.0,2.0,1,2.0,0,1995.0,52.0,1,38,999,1.0,0.0,0.0,0.0,0.0,5.0,400,1.0,1,2,0.0,1,2,3.0,4.0,1
1,249.0,11600.0,40,11600.0,11600.0,86,1.0,122,1.0,16.0,30,6.0,1.0,2,5,2.0,1,2.0,2.0,1000,0.0,2.0,2.0,0,30.0,2.0,1,2.0,0,1995.0,52.0,1,27,50,1.0,0.0,0.0,0.0,0.0,1.0,400,1.0,2,2,0.0,1,2,2.0,4.0,1
0,393.0,28800.0,23,28800.0,28800.0,78,1.0,32,1.0,21.0,20,1.0,1.0,2,1,2.0,1,2.0,3.0,1000,0.0,3.0,3.0,0,24.0,2.0,1,2.0,0,2015.0,52.0,1,27,82,3.0,0.0,0.0,0.0,0.0,5.0,400,1.0,2,2,0.0,1,2,3.0,4.0,1
0,393.0,125000.0,60,125000.0,25000.0,02,1.0,32,1.0,19.0,21,1.0,1.0,2,1,2.0,1,2.0,3.0,1000,0.0,3.0,3.0,0,80.0,2.0,1,2.0,0,2015.0,52.0,1,38,89,1.0,0.0,0.0,0.0,0.0,5.0,400,1.0,2,2,0.0,1,2,3.0,4.0,1
0,501.0,113300.0,60,43300.0,43300.0,01,2.0,999,1.0,16.0,20,6.0,2.0,1,5,2.0,1,2.0,3.0,1000,0.0,2.0,1.0,0,45.0,2.0,1,2.0,0,1995.0,45.0,1,38,999,1.0,0.0,0.0,0.0,0.0,5.0,600,1.0,4,2,70000.0,1,1,3.0,4.0,1
0,501.0,45000.0,09,45000.0,45000.0,68,1.0,32,1.0,21.0,20,1.0,1.0,2,1,2.0,1,2.0,3.0,1000,0.0,3.0,3.0,0,38.0,2.0,1,2.0,0,1991.0,52.0,1,38,999,1.0,0.0,0.0,0.0,0.0,5.0,500,1.0,1,2,0.0,1,2,3.0,4.0,1
0,501.0,180000.0,02,180000.0,180000.0,01,1.0,32,1.0,20.0,21,1.0,1.0,2,1,2.0,1,2.0,3.0,1000,0.0,3.0,3.0,0,70.0,2.0,1,2.0,0,1991.0,52.0,1,38,999,7.0,0.0,0.0,0.0,0.0,5.0,500,1.0,1,2,0.0,1,2,3.0,4.0,1
0,501.0,9470.0,02,-6430.0,270.0,01,1.0,32,1.0,16.0,20,1.0,1.0,2,1,2.0,1,2.0,3.0,1000,0.0,3.0,3.0,2,70.0,2.0,1,2.0,0,1987.0,52.0,1,38,999,6.0,0.0,15600.0,0.0,0.0,5.0,200,1.0,1,2,300.0,1,2,3.0,4.0,1
0,343.0,39000.0,20,39000.0,39000.0,82,1.0,142,1.0,18.0,20,1.0,1.0,2,1,2.0,1,2.0,3.0,1000,0.0,3.0,3.0,0,60.0,2.0,1,2.0,0,2014.0,52.0,1,38,49,4.0,0.0,0.0,0.0,0.0,5.0,500,1.0,2,2,0.0,1,2,3.0,4.0,1
0,343.0,30000.0,23,30000.0,30000.0,78,1.0,999,1.0,21.0,21,1.0,1.0,2,1,2.0,1,2.0,3.0,1000,0.0,3.0,3.0,0,30.0,2.0,1,2.0,0,2014.0,52.0,1,38,999,3.0,0.0,0.0,0.0,0.0,5.0,500,1.0,4,2,0.0,1,2,3.0,2.0,1
0,497.0,51000.0,33,51000.0,51000.0,80,1.0,82,1.0,21.0,20,1.0,1.0,2,1,2.0,1,2.0,3.0,1000,0.0,3.0,3.0,0,36.0,2.0,1,2.0,0,2022.0,52.0,1,38,32,1.0,0.0,0.0,0.0,0.0,5.0,400,1.0,2,2,0.0,1,2,3.0,4.0,1
0,497.0,50000.0,02,43000.0,0.0,01,1.0,32,1.0,20.0,21,1.0,1.0,2,1,2.0,1,2.0,3.0,1000,0.0,3.0,3.0,2,60.0,2.0,1,2.0,0,2022.0,52.0,1,38,999,6.0,0.0,0.0,0.0,0.0,5.0,400,1.0,1,2,7000.0,1,2,3.0,4.0,1
0,380.0,60000.0,15,60000.0,60000.0,72,1.0,999,1.0,20.0,20,6.0,1.0,2,5,2.0,1,2.0,3.0,1000,0.0,3.0,3.0,0,50.0,2.0,1,2.0,0,1995.0,52.0,1,38,999,1.0,0.0,0.0,0.0,0.0,5.0,200,1.0,4,2,0.0,1,2,3.0,4.0,1
0,361.0,75000.0,91,75000.0,75000.0,61,1.0,999,1.0,16.0,20,6.0,1.0,2,5,2.0,1,2.0,3.0,1000,0.0,3.0,3.0,2,70.0,2.0,1,2.0,0,1995.0,52.0,1,31,999,7.0,0.0,0.0,0.0,0.0,5.0,100,1.0,4,2,0.0,1,2,3.0,4.0,1
0,501.0,45000.0,51,45000.0,0.0,86,1.0,32,1.0,19.0,20,1.0,1.0,2,1,2.0,1,2.0,3.0,1000,0.0,3.0,3.0,0,35.0,2.0,1,2.0,0,1984.0,52.0,1,38,999,6.0,0.0,0.0,0.0,0.0,5.0,100,1.0,1,2,0.0,1,2,3.0,4.0,1
0,501.0,65000.0,03,65000.0,0.0,86,1.0,111,1.0,16.0,21,1.0,1.0,2,1,2.0,1,2.0,3.0,1000,0.0,3.0,3.0,0,50.0,2.0,1,2.0,0,1984.0,52.0,1,38,32,6.0,0.0,0.0,0.0,0.0,5.0,100,1.0,2,2,0.0,1,2,3.0,4.0,1
0,249.0,15600.0,47,0.0,0.0,50,6.0,924,2.0,16.0,20,1.0,2.0,1,1,2.0,1,1.0,2.0,1000,15600.0,2.0,2.0,2,40.0,1.0,1,1.0,0,1986.0,52.0,1,38,999,8.0,0.0,0.0,0.0,0.0,5.0,400,1.0,1,2,0.0,1,2,3.0,4.0,1
0,249.0,34000.0,51,34000.0,34000.0,43,1.0,924,1.0,21.0,21,1.0,1.0,1,1,2.0,1,2.0,3.0,1000,0.0,3.0,3.0,2,40.0,1.0,1,2.0,0,1986.0,52.0,1,38,999,7.0,0.0,0.0,0.0,0.0,5.0,400,1.0,1,2,0.0,1,2,3.0,4.0,1
0,501.0,180000.0,08,180000.0,180000.0,74,1.0,82,1.0,21.0,20,1.0,1.0,2,1,2.0,1,2.0,3.0,1000,0.0,3.0,3.0,0,40.0,2.0,1,2.0,0,2009.0,52.0,1,38,999,1.0,0.0,0.0,0.0,0.0,5.0,600,1.0,1,2,0.0,1,2,3.0,4.0,1
0,501.0,56000.0,91,56000.0,56000.0,77,1.0,142,1.0,16.0,21,1.0,1.0,2,1,2.0,1,2.0,3.0,1000,0.0,3.0,3.0,0,40.0,2.0,1,2.0,0,2009.0,52.0,1,27,999,3.0,0.0,0.0,0.0,0.0,5.0,600,1.0,1,2,0.0,1,2,3.0,4.0,1
0,118.0,18800.0,42,18800.0,18800.0,70,3.0,82,1.0,21.0,20,6.0,2.0,1,5,1.0,1,2.0,1.0,1000,0.0,2.0,2.0,2,30.0,2.0,1,2.0,0,1995.0,20.0,1,38,32,1.0,0.0,0.0,0.0,0.0,2.0,100,1.0,2,2,0.0,1,2,2.0,4.0,1
0,392.0,60000.0,21,60000.0,60000.0,70,1.0,98,1.0,21.0,20,1.0,1.0,2,1,2.0,1,2.0,3.0,1000,0.0,3.0,3.0,0,40.0,2.0,1,2.0,0,2015.0,52.0,1,27,999,1.0,0.0,0.0,0.0,0.0,5.0,600,1.0,1,2,0.0,1,2,3.0,4.0,1
0,392.0,58000.0,11,58000.0,58000.0,68,1.0,32,1.0,20.0,21,1.0,1.0,2,1,2.0,22,2.0,3.0,9000,0.0,3.0,3.0,0,40.0,2.0,9,2.0,0,2015.0,52.0,1,40,750,1.0,0.0,0.0,0.0,0.0,5.0,600,1.0,2,2,0.0,1,2,3.0,4.0,1
0,472.0,64000.0,85,64000.0,64000.0,07,1.0,32,1.0,16.0,20,1.0,1.0,2,1,2.0,1,2.0,3.0,1000,0.0,3.0,3.0,0,48.0,2.0,1,2.0,0,1999.0,52.0,1,6,88,1.0,0.0,0.0,0.0,0.0,5.0,100,1.0,2,2,0.0,1,2,3.0,2.0,1
0,472.0,28600.0,40,13000.0,13000.0,86,1.0,32,1.0,16.0,21,1.0,1.0,1,1,1.0,1,2.0,3.0,1000,15600.0,3.0,3.0,0,17.0,1.0,1,2.0,0,1999.0,52.0,1,30,21,1.0,0.0,0.0,0.0,0.0,5.0,100,1.0,2,2,0.0,1,2,3.0,4.0,1
0,501.0,70000.0,34,70000.0,70000.0,81,1.0,82,1.0,20.0,20,6.0,1.0,2,5,2.0,1,2.0,3.0,1000,0.0,3.0,3.0,0,54.0,2.0,1,2.0,0,1995.0,52.0,1,38,999,1.0,0.0,0.0,0.0,0.0,5.0,400,1.0,1,2,0.0,1,2,3.0,3.0,1
0,193.0,30000.0,36,30000.0,30000.0,79,1.0,32,1.0,20.0,24,6.0,1.0,2,5,2.0,1,2.0,3.0,1000,0.0,3.0,3.0,0,40.0,2.0,1,2.0,0,1995.0,52.0,1,38,999,1.0,0.0,0.0,0.0,0.0,5.0,400,1.0,1,2,0.0,1,2,3.0,4.0,1
0,501.0,40000.0,32,40000.0,40000.0,80,1.0,82,1.0,20.0,28,6.0,1.0,2,5,2.0,1,2.0,3.0,1000,0.0,3.0,3.0,0,50.0,2.0,1,2.0,0,1995.0,52.0,1,38,999,1.0,0.0,0.0,0.0,0.0,5.0,400,1.0,1,2,0.0,1,2,3.0,4.0,1
0,102.0,15800.0,40,15300.0,15300.0,86,1.0,939,1.0,20.0,20,6.0,1.0,2,5,2.0,1,2.0,3.0,1000,0.0,3.0,3.0,0,30.0,2.0,1,2.0,0,1995.0,30.0,1,6,999,1.0,0.0,500.0,0.0,0.0,5.0,500,3.0,1,2,0.0,1,2,3.0,4.0,1
0,84.0,13300.0,73,13300.0,13300.0,50,1.0,50,1.0,14.0,20,6.0,1.0,2,5,2.0,28,2.0,2.0,9000,0.0,2.0,2.0,0,20.0,2.0,9,2.0,0,1995.0,52.0,1,512,20,1.0,0.0,0.0,0.0,0.0,5.0,300,1.0,2,2,0.0,8,2,3.0,4.0,1
0,501.0,75000.0,02,75000.0,75000.0,78,1.0,32,1.0,21.0,20,1.0,1.0,2,1,2.0,1,2.0,3.0,1000,0.0,3.0,3.0,0,60.0,2.0,1,2.0,0,1987.0,52.0,1,38,148,2.0,0.0,0.0,0.0,0.0,5.0,100,1.0,2,2,0.0,1,2,3.0,4.0,1
0,501.0,86000.0,02,86000.0,86000.0,01,1.0,32,1.0,20.0,21,1.0,1.0,2,1,2.0,1,2.0,3.0,1000,0.0,2.0,3.0,0,70.0,2.0,1,2.0,0,1987.0,52.0,1,38,148,7.0,0.0,0.0,0.0,0.0,5.0,100,1.0,2,2,0.0,1,2,3.0,4.0,1
0,335.0,51000.0,21,51000.0,51000.0,70,1.0,82,1.0,19.0,20,6.0,1.0,2,5,2.0,1,2.0,3.0,1000,0.0,3.0,3.0,0,43.0,2.0,1,2.0,0,1995.0,52.0,1,38,32,1.0,0.0,0.0,0.0,0.0,5.0,600,1.0,2,2,0.0,1,2,3.0,4.0,1
0,416.0,100000.0,47,100000.0,0.0,48,1.0,32,1.0,21.0,20,1.0,1.0,2,1,2.0,1,2.0,3.0,1000,0.0,3.0,3.0,0,60.0,2.0,1,2.0,0,2004.0,52.0,1,38,999,6.0,0.0,0.0,0.0,0.0,5.0,300,1.0,1,2,0.0,1,2,3.0,4.0,1
0,416.0,23000.0,24,23000.0,23000.0,78,1.0,32,1.0,21.0,21,1.0,1.0,2,1,2.0,1,2.0,3.0,1000,0.0,3.0,3.0,0,37.0,2.0,1,2.0,0,2004.0,40.0,1,56,999,4.0,0.0,0.0,0.0,0.0,5.0,300,1.0,1,2,0.0,1,2,3.0,4.0,1
0,325.0,50000.0,63,0.0,0.0,07,6.0,148,2.0,16.0,20,5.0,2.0,2,4,2.0,1,2.0,3.0,1000,0.0,1.0,3.0,0,40.0,2.0,1,2.0,0,2006.0,52.0,1,38,999,1.0,0.0,0.0,50000.0,0.0,3.0,300,1.0,1,2,0.0,1,2,1.0,4.0,1
0,501.0,126000.0,15,126000.0,126000.0,64,1.0,999,1.0,1.0,20,1.0,1.0,2,1,2.0,2,2.0,3.0,3000,0.0,3.0,3.0,0,40.0,2.0,2,2.0,0,2007.0,52.0,0,407,999,1.0,0.0,0.0,0.0,0.0,5.0,600,1.0,4,2,0.0,6,2,3.0,4.0,1
0,501.0,41000.0,36,40000.0,40000.0,82,1.0,999,1.0,17.0,21,1.0,1.0,2,1,2.0,2,2.0,3.0,3000,0.0,3.0,3.0,1,38.0,2.0,2,2.0,0,2007.0,52.0,0,407,999,2.0,0.0,0.0,1000.0,0.0,5.0,600,1.0,4,2,0.0,6,2,3.0,4.0,1
0,501.0,0.0,42,0.0,0.0,69,6.0,50,3.0,21.0,21,1.0,2.0,2,1,2.0,1,2.0,2.0,1000,0.0,2.0,2.0,0,40.0,2.0,1,2.0,0,1993.0,52.0,1,38,20,1.0,0.0,0.0,0.0,0.0,5.0,400,1.0,2,2,0.0,1,2,3.0,4.0,1
0,501.0,34000.0,54,34000.0,34000.0,81,1.0,82,1.0,20.0,20,1.0,1.0,2,1,2.0,1,2.0,2.0,1000,0.0,2.0,2.0,2,40.0,2.0,1,2.0,0,1992.0,52.0,1,38,999,2.0,0.0,0.0,0.0,0.0,5.0,500,1.0,1,2,0.0,1,2,3.0,4.0,1
0,501.0,78000.0,70,78000.0,78000.0,05,1.0,32,1.0,20.0,21,1.0,1.0,2,1,2.0,1,2.0,2.0,1000,0.0,2.0,2.0,2,40.0,2.0,1,2.0,0,1992.0,52.0,1,38,999,1.0,0.0,0.0,0.0,0.0,5.0,500,1.0,1,2,0.0,1,2,3.0,4.0,1
0,315.0,36000.0,26,36000.0,0.0,74,1.0,999,1.0,19.0,20,1.0,1.0,2,1,2.0,1,2.0,3.0,1000,0.0,3.0,3.0,0,30.0,2.0,1,2.0,0,2000.0,48.0,1,38,999,6.0,0.0,0.0,0.0,0.0,5.0,600,1.0,4,2,0.0,1,2,3.0,4.0,1
0,315.0,70000.0,47,70000.0,70000.0,48,1.0,999,1.0,18.0,21,1.0,1.0,2,1,2.0,1,2.0,3.0,1000,0.0,3.0,3.0,0,50.0,2.0,1,2.0,0,2000.0,52.0,1,38,999,1.0,0.0,0.0,0.0,0.0,5.0,600,1.0,4,2,0.0,1,2,3.0,4.0,1
0,398.0,89600.0,42,80000.0,80000.0,77,1.0,32,1.0,14.0,20,5.0,1.0,2,4,2.0,1,2.0,3.0,1000,0.0,3.0,3.0,0,55.0,2.0,1,2.0,0,2011.0,52.0,1,38,82,1.0,0.0,9600.0,0.0,0.0,5.0,500,1.0,2,2,0.0,1,2,3.0,4.0,1
0,308.0,46000.0,51,46000.0,46000.0,32,1.0,82,1.0,18.0,20,1.0,1.0,2,1,2.0,1,2.0,3.0,1000,0.0,3.0,3.0,0,40.0,2.0,1,2.0,0,2022.0,52.0,1,27,89,1.0,0.0,0.0,0.0,0.0,5.0,400,3.0,2,2,0.0,1,2,3.0,4.0,1
0,308.0,48000.0,96,48000.0,48000.0,38,1.0,148,1.0,14.0,21,1.0,1.0,2,1,2.0,17,2.0,3.0,9000,0.0,3.0,3.0,0,45.0,2.0,9,2.0,1,2022.0,52.0,1,27,920,1.0,0.0,0.0,0.0,0.0,5.0,400,3.0,2,2,0.0,1,2,3.0,4.0,1
0,501.0,26500.0,16,0.0,0.0,81,6.0,89,2.0,21.0,21,1.0,2.0,2,1,2.0,1,2.0,2.0,1000,0.0,2.0,2.0,2,40.0,2.0,1,2.0,0,1982.0,52.0,1,27,999,1.0,0.0,0.0,26500.0,0.0,5.0,500,1.0,1,2,0.0,1,2,3.0,4.0,1
0,481.0,26500.0,36,26500.0,26500.0,81,1.0,902,1.0,1.0,20,1.0,1.0,2,1,2.0,2,2.0,3.0,3000,0.0,3.0,3.0,0,72.0,2.0,2,2.0,0,2019.0,52.0,0,39,999,2.0,0.0,0.0,0.0,0.0,5.0,600,3.0,1,2,0.0,1,2,3.0,4.0,1
0,481.0,77000.0,68,77000.0,77000.0,04,1.0,902,1.0,16.0,21,1.0,1.0,2,1,2.0,2,2.0,3.0,3000,0.0,3.0,3.0,0,40.0,2.0,2,2.0,0,2019.0,50.0,0,22,999,1.0,0.0,0.0,0.0,0.0,5.0,600,3.0,1,2,0.0,1,2,3.0,2.0,1
0,481.0,10600.0,96,10600.0,10600.0,53,6.0,902,1.0,15.0,27,6.0,2.0,2,5,2.0,2,2.0,3.0,3000,0.0,2.0,2.0,0,40.0,2.0,2,2.0,0,1995.0,12.0,0,22,999,1.0,0.0,0.0,0.0,0.0,5.0,600,3.0,1,2,0.0,1,2,3.0,4.0,1
0,211.0,32500.0,72,32500.0,30000.0,61,1.0,999,1.0,20.0,20,4.0,1.0,2,3,2.0,1,2.0,3.0,1000,0.0,3.0,3.0,0,50.0,2.0,1,2.0,0,1982.0,52.0,1,30,999,6.0,0.0,0.0,0.0,0.0,5.0,100,1.0,4,2,0.0,1,2,3.0,4.0,1
0,233.0,22500.0,32,0.0,0.0,81,6.0,89,2.0,18.0,21,1.0,2.0,1,1,2.0,1,2.0,2.0,1000,0.0,2.0,2.0,2,40.0,1.0,1,2.0,0,1983.0,52.0,1,38,82,1.0,14700.0,0.0,0.0,0.0,5.0,500,1.0,2,2,7800.0,1,2,3.0,4.0,1
0,398.0,3500.0,45,100.0,0.0,89,1.0,32,1.0,16.0,21,1.0,1.0,2,1,2.0,1,2.0,3.0,1000,0.0,3.0,3.0,1,32.0,2.0,1,2.0,0,2000.0,49.0,1,38,999,6.0,0.0,0.0,0.0,0.0,5.0,400,1.0,1,2,3400.0,1,2,3.0,4.0,1
0,488.0,75000.0,02,75000.0,0.0,01,1.0,82,1.0,20.0,20,1.0,1.0,2,1,2.0,1,2.0,3.0,1000,0.0,3.0,3.0,2,60.0,2.0,1,2.0,0,2009.0,52.0,1,38,999,6.0,0.0,0.0,0.0,0.0,5.0,400,1.0,1,2,0.0,1,2,3.0,4.0,1
0,488.0,24000.0,45,24000.0,0.0,89,1.0,32,1.0,20.0,21,1.0,1.0,2,1,2.0,1,2.0,3.0,1000,0.0,3.0,3.0,2,40.0,2.0,1,2.0,0,2009.0,52.0,1,38,999,6.0,0.0,0.0,0.0,0.0,5.0,400,1.0,1,2,0.0,1,2,3.0,4.0,1
0,199.0,30800.0,83,28800.0,28800.0,82,1.0,995,1.0,21.0,20,6.0,1.0,2,5,2.0,1,2.0,3.0,1000,0.0,3.0,3.0,0,40.0,2.0,1,2.0,0,1995.0,20.0,1,27,999,1.0,0.0,0.0,0.0,0.0,5.0,100,3.0,3,2,2000.0,1,2,3.0,4.0,1
0,333.0,18000.0,48,18000.0,18000.0,68,1.0,32,1.0,21.0,20,1.0,1.0,2,1,2.0,1,2.0,3.0,1000,0.0,3.0,3.0,0,20.0,2.0,1,2.0,0,2010.0,52.0,1,38,26,1.0,0.0,0.0,0.0,0.0,5.0,300,1.0,2,2,0.0,1,2,3.0,4.0,1
0,333.0,82000.0,33,82000.0,0.0,81,1.0,32,1.0,23.0,21,1.0,1.0,2,1,2.0,1,2.0,3.0,1000,0.0,3.0,3.0,0,60.0,2.0,1,2.0,0,2010.0,52.0,1,27,82,6.0,0.0,0.0,0.0,0.0,5.0,300,1.0,2,2,0.0,1,2,3.0,4.0,1
0,501.0,15800.0,46,9400.0,0.0,84,6.0,924,1.0,16.0,21,1.0,2.0,2,1,2.0,1,2.0,2.0,1000,0.0,2.0,2.0,2,45.0,2.0,1,2.0,0,1980.0,12.0,1,38,999,6.0,6400.0,0.0,0.0,0.0,5.0,500,1.0,1,2,0.0,1,2,3.0,4.0,1
0,17.0,2700.0,42,0.0,0.0,69,6.0,999,3.0,17.0,20,6.0,2.0,1,5,2.0,1,2.0,2.0,1000,2700.0,2.0,2.0,1,40.0,1.0,1,2.0,0,1995.0,52.0,1,38,999,1.0,0.0,0.0,0.0,0.0,5.0,300,1.0,4,2,0.0,1,2,3.0,4.0,1
1,174.0,42000.0,01,42000.0,42000.0,07,1.0,999,1.0,16.0,20,6.0,1.0,2,5,2.0,1,2.0,3.0,1000,0.0,3.0,3.0,0,38.0,2.0,1,2.0,0,1995.0,52.0,1,38,999,1.0,0.0,0.0,0.0,0.0,5.0,500,1.0,4,2,0.0,1,2,3.0,4.0,1
0,209.0,32000.0,52,32000.0,32000.0,68,1.0,210,1.0,19.0,20,6.0,1.0,2,5,2.0,15,2.0,3.0,8000,0.0,3.0,3.0,0,41.0,2.0,8,2.0,0,1995.0,52.0,0,38,999,1.0,0.0,0.0,0.0,0.0,5.0,500,1.0,1,2,0.0,1,2,3.0,4.0,2
0,156.0,24000.0,51,24000.0,24000.0,75,1.0,94,1.0,19.0,22,6.0,1.0,2,5,2.0,1,2.0,3.0,1000,0.0,3.0,3.0,2,36.0,2.0,1,2.0,0,1995.0,51.0,1,38,999,1.0,0.0,0.0,0.0,0.0,5.0,500,1.0,1,2,0.0,1,2,3.0,4.0,1
0,497.0,60000.0,60,20000.0,20000.0,01,6.0,111,1.0,19.0,20,1.0,2.0,2,1,2.0,1,2.0,2.0,1000,0.0,2.0,2.0,0,45.0,2.0,1,2.0,0,1987.0,25.0,1,38,999,1.0,0.0,40000.0,0.0,0.0,5.0,500,1.0,1,2,0.0,1,2,3.0,4.0,1
0,497.0,38000.0,58,38000.0,38000.0,93,1.0,32,1.0,18.0,21,1.0,1.0,2,1,2.0,1,2.0,3.0,1000,0.0,3.0,3.0,0,40.0,2.0,1,2.0,0,1987.0,52.0,1,38,999,3.0,0.0,0.0,0.0,0.0,5.0,500,1.0,1,2,0.0,1,2,3.0,4.0,1
1,458.0,64000.0,20,60000.0,60000.0,94,1.0,999,1.0,21.0,20,1.0,1.0,2,1,2.0,1,2.0,3.0,1000,0.0,3.0,3.0,0,40.0,2.0,1,2.0,0,1997.0,52.0,1,38,999,3.0,0.0,4000.0,0.0,0.0,5.0,600,1.0,4,2,0.0,1,2,3.0,4.0,1
0,458.0,27000.0,20,27000.0,27000.0,91,1.0,999,1.0,21.0,21,1.0,1.0,2,1,2.0,1,2.0,3.0,1000,0.0,3.0,3.0,2,40.0,2.0,1,2.0,0,1997.0,52.0,1,38,999,2.0,0.0,0.0,0.0,0.0,5.0,600,1.0,4,2,0.0,1,2,3.0,4.0,1
0,501.0,85000.0,15,85000.0,85000.0,72,1.0,32,1.0,21.0,20,6.0,1.0,2,5,2.0,1,2.0,3.0,1000,0.0,3.0,3.0,0,45.0,2.0,1,2.0,0,1995.0,52.0,1,38,999,1.0,0.0,0.0,0.0,0.0,5.0,600,1.0,1,2,0.0,1,2,3.0,4.0,1
0,451.0,70000.0,31,70000.0,70000.0,81,1.0,82,1.0,22.0,20,1.0,1.0,2,1,2.0,1,2.0,3.0,1000,0.0,3.0,3.0,0,37.0,2.0,1,2.0,0,2006.0,52.0,1,38,32,4.0,0.0,0.0,0.0,0.0,5.0,600,1.0,2,2,0.0,1,2,3.0,4.0,1
0,451.0,40000.0,07,40000.0,0.0,73,1.0,89,1.0,22.0,21,1.0,1.0,2,1,2.0,17,2.0,3.0,9000,0.0,3.0,3.0,0,30.0,2.0,9,2.0,1,2006.0,52.0,1,38,82,6.0,0.0,0.0,0.0,0.0,5.0,600,1.0,2,2,0.0,1,2,3.0,4.0,1
0,192.0,30360.0,91,860.0,0.0,61,1.0,32,1.0,17.0,20,4.0,1.0,1,3,2.0,1,2.0,3.0,1000,0.0,3.0,3.0,1,6.0,1.0,1,2.0,0,1989.0,20.0,1,38,999,6.0,9400.0,20100.0,0.0,0.0,5.0,100,1.0,1,2,0.0,1,2,3.0,4.0,1
0,426.0,62000.0,23,62000.0,62000.0,78,1.0,82,1.0,22.0,20,1.0,1.0,2,1,2.0,1,2.0,2.0,1000,0.0,2.0,2.0,0,50.0,2.0,1,2.0,0,1994.0,52.0,1,38,999,3.0,0.0,0.0,0.0,0.0,5.0,500,1.0,1,2,0.0,1,2,3.0,4.0,1
0,426.0,22000.0,62,22000.0,0.0,07,1.0,82,1.0,21.0,21,1.0,1.0,2,1,2.0,1,2.0,3.0,1000,0.0,3.0,3.0,0,40.0,2.0,1,2.0,0,1994.0,52.0,1,38,999,6.0,0.0,0.0,0.0,0.0,5.0,500,1.0,1,2,0.0,1,2,3.0,4.0,1
0,501.0,50000.0,02,50000.0,0.0,01,1.0,999,1.0,20.0,20,1.0,1.0,2,1,2.0,1,2.0,3.0,1000,0.0,2.0,3.0,0,40.0,2.0,1,2.0,0,1991.0,52.0,1,38,999,6.0,0.0,0.0,0.0,0.0,5.0,400,1.0,4,2,0.0,1,2,3.0,4.0,1
0,501.0,50000.0,02,50000.0,0.0,01,1.0,999,1.0,21.0,21,1.0,1.0,2,1,2.0,1,2.0,2.0,1000,0.0,2.0,2.0,0,40.0,2.0,1,2.0,0,1991.0,52.0,1,38,999,6.0,0.0,0.0,0.0,0.0,5.0,400,1.0,4,2,0.0,1,2,3.0,4.0,1
0,501.0,30000.0,96,30000.0,30000.0,87,1.0,999,1.0,15.0,25,6.0,1.0,2,5,2.0,1,2.0,3.0,1000,0.0,3.0,3.0,0,30.0,2.0,1,2.0,0,1995.0,52.0,1,38,999,1.0,0.0,0.0,0.0,0.0,5.0,400,1.0,4,2,0.0,1,2,3.0,4.0,1
0,501.0,0.0,42,0.0,0.0,69,6.0,32,3.0,19.0,20,1.0,2.0,2,1,2.0,1,2.0,2.0,1000,0.0,2.0,2.0,0,40.0,2.0,1,2.0,0,1997.0,52.0,1,27,999,1.0,0.0,0.0,0.0,0.0,1.0,400,1.0,1,2,0.0,1,2,3.0,4.0,1
0,501.0,162000.0,00,32000.0,32000.0,01,1.0,939,1.0,21.0,21,1.0,1.0,2,1,2.0,1,2.0,3.0,1000,0.0,3.0,3.0,1,40.0,2.0,1,2.0,0,1997.0,52.0,1,27,999,7.0,0.0,0.0,0.0,0.0,5.0,400,1.0,1,2,130000.0,1,2,3.0,4.0,1
0,501.0,37600.0,59,37600.0,37600.0,52,1.0,939,1.0,16.0,21,1.0,1.0,2,1,2.0,1,2.0,3.0,1000,0.0,3.0,3.0,0,40.0,2.0,1,2.0,0,1990.0,52.0,1,38,999,1.0,0.0,0.0,0.0,0.0,5.0,300,1.0,1,2,0.0,1,2,3.0,4.0,1
0,501.0,22000.0,42,0.0,0.0,69,6.0,82,3.0,18.0,25,6.0,2.0,1,5,1.0,1,1.0,2.0,1000,0.0,2.0,2.0,0,40.0,2.0,1,2.0,0,1995.0,52.0,1,38,999,1.0,22000.0,0.0,0.0,0.0,5.0,200,1.0,1,2,0.0,1,2,3.0,4.0,1
0,501.0,82000.0,20,82000.0,82000.0,94,1.0,999,1.0,21.0,20,1.0,1.0,2,1,2.0,1,2.0,3.0,1000,0.0,3.0,3.0,0,40.0,2.0,1,2.0,0,2017.0,52.0,1,38,999,3.0,0.0,0.0,0.0,0.0,5.0,200,1.0,4,2,0.0,1,2,3.0,4.0,1
0,501.0,75000.0,64,75000.0,75000.0,07,1.0,999,1.0,21.0,21,1.0,1.0,2,1,2.0,1,2.0,3.0,1000,0.0,3.0,3.0,0,45.0,2.0,1,2.0,0,2017.0,52.0,1,38,999,1.0,0.0,0.0,0.0,0.0,5.0,200,1.0,4,2,0.0,1,2,3.0,2.0,1
0,242.0,52000.0,47,52000.0,52000.0,76,1.0,32,1.0,18.0,20,1.0,1.0,2,1,2.0,1,2.0,3.0,1000,0.0,3.0,3.0,0,40.0,2.0,1,2.0,0,1999.0,52.0,1,29,50,1.0,0.0,0.0,0.0,0.0,5.0,200,1.0,2,2,0.0,1,2,3.0,4.0,1
0,242.0,22000.0,57,22000.0,22000.0,78,1.0,82,1.0,16.0,21,1.0,1.0,2,1,2.0,1,2.0,3.0,1000,0.0,3.0,3.0,0,35.0,2.0,1,2.0,0,1999.0,52.0,1,38,89,3.0,0.0,0.0,0.0,0.0,5.0,200,1.0,2,2,0.0,1,2,3.0,4.0,1
0,325.0,51000.0,23,49800.0,49800.0,78,1.0,32,1.0,21.0,20,4.0,1.0,2,3,2.0,1,2.0,3.0,1000,0.0,3.0,3.0,0,40.0,2.0,1,2.0,0,1985.0,36.0,1,38,82,2.0,0.0,0.0,0.0,0.0,5.0,300,1.0,2,2,1200.0,1,2,3.0,4.0,1
1,0.0,0.0,42,0.0,0.0,69,6.0,917,3.0,16.0,36,4.0,2.0,2,3,2.0,3,2.0,2.0,5013,0.0,2.0,2.0,0,40.0,2.0,3,2.0,1,2012.0,52.0,0,38,999,1.0,0.0,0.0,0.0,0.0,5.0,300,1.0,1,2,0.0,1,2,3.0,4.0,1
0,501.0,84000.0,32,84000.0,84000.0,81,1.0,82,1.0,22.0,20,6.0,1.0,2,5,2.0,1,2.0,3.0,1000,0.0,3.0,3.0,0,32.0,2.0,1,2.0,0,1995.0,52.0,1,27,32,2.0,0.0,0.0,0.0,0.0,5.0,400,3.0,2,2,0.0,1,2,3.0,4.0,1
0,501.0,100000.0,07,100000.0,100000.0,23,1.0,999,1.0,22.0,22,6.0,1.0,2,5,2.0,1,2.0,3.0,1000,0.0,3.0,3.0,0,40.0,2.0,1,2.0,0,1995.0,52.0,1,55,999,1.0,0.0,0.0,0.0,0.0,5.0,400,3.0,4,2,0.0,1,2,3.0,4.0,1
0,501.0,125000.0,07,65000.0,65000.0,73,1.0,999,1.0,21.0,20,2.0,1.0,2,1,2.0,29,2.0,3.0,9000,0.0,3.0,3.0,2,40.0,2.0,9,2.0,0,2001.0,52.0,1,38,999,5.0,0.0,60000.0,0.0,0.0,5.0,400,1.0,4,2,0.0,1,2,3.0,2.0,1
0,93.0,21000.0,01,20000.0,20000.0,68,1.0,996,1.0,19.0,20,4.0,1.0,2,3,2.0,1,2.0,3.0,1000,0.0,3.0,3.0,0,30.0,2.0,1,2.0,0,2016.0,52.0,1,38,999,1.0,0.0,0.0,1000.0,0.0,5.0,200,1.0,3,2,0.0,1,2,3.0,4.0,1
0,93.0,1300.0,02,1300.0,0.0,01,6.0,999,1.0,15.0,25,6.0,2.0,1,5,2.0,1,2.0,2.0,1000,0.0,2.0,2.0,2,10.0,2.0,1,2.0,0,1995.0,8.0,1,38,999,6.0,0.0,0.0,0.0,0.0,5.0,200,1.0,4,1,0.0,1,2,3.0,4.0,1
0,381.0,25000.0,07,25000.0,25000.0,94,1.0,999,1.0,18.0,20,2.0,1.0,2,1,2.0,1,2.0,3.0,1000,0.0,3.0,3.0,0,40.0,2.0,1,2.0,0,1980.0,52.0,1,30,999,4.0,0.0,0.0,0.0,0.0,5.0,300,1.0,4,2,0.0,1,2,3.0,4.0,1
0,381.0,45000.0,23,45000.0,45000.0,78,1.0,999,1.0,21.0,25,6.0,1.0,2,5,2.0,1,2.0,3.0,1000,0.0,3.0,3.0,0,40.0,2.0,1,2.0,0,1995.0,52.0,1,38,999,3.0,0.0,0.0,0.0,0.0,5.0,300,1.0,4,2,0.0,1,2,3.0,4.0,1
0,256.0,40000.0,58,40000.0,40000.0,69,1.0,32,1.0,16.0,20,4.0,1.0,2,3,2.0,1,2.0,3.0,1000,0.0,3.0,3.0,0,40.0,2.0,1,2.0,0,2000.0,52.0,1,20,999,5.0,0.0,0.0,0.0,0.0,5.0,600,1.0,1,2,0.0,1,2,3.0,4.0,1
0,501.0,175000.0,02,175000.0,0.0,01,6.0,82,1.0,19.0,20,4.0,2.0,2,3,2.0,1,2.0,2.0,1000,0.0,2.0,2.0,0,99.0,2.0,1,2.0,0,1977.0,40.0,1,38,999,6.0,0.0,0.0,0.0,0.0,5.0,100,1.0,1,2,0.0,1,2,3.0,4.0,1
0,333.0,52000.0,07,52000.0,52000.0,81,1.0,999,1.0,21.0,20,1.0,1.0,2,1,2.0,1,2.0,3.0,1000,0.0,3.0,3.0,0,40.0,2.0,1,2.0,0,2016.0,52.0,1,38,999,1.0,0.0,0.0,0.0,0.0,5.0,600,1.0,4,2,0.0,1,2,3.0,4.0,1
0,333.0,50000.0,07,50000.0,50000.0,68,1.0,999,1.0,22.0,21,1.0,1.0,2,1,2.0,1,2.0,3.0,1000,0.0,3.0,3.0,0,40.0,2.0,1,2.0,0,2016.0,52.0,1,39,999,1.0,0.0,0.0,0.0,0.0,5.0,600,1.0,4,2,0.0,1,2,3.0,4.0,1
1,162.0,50000.0,62,50000.0,50000.0,07,1.0,50,1.0,16.0,20,1.0,1.0,1,1,1.0,1,2.0,2.0,1000,0.0,2.0,1.0,0,30.0,2.0,1,2.0,0,2015.0,52.0,1,27,32,1.0,0.0,0.0,0.0,0.0,1.0,600,1.0,2,2,0.0,1,2,1.0,4.0,1
1,162.0,0.0,58,0.0,0.0,57,3.0,51,2.0,22.0,21,1.0,1.0,1,1,1.0,1,2.0,1.0,1000,0.0,3.0,3.0,0,40.0,2.0,1,2.0,0,2015.0,52.0,1,27,82,2.0,0.0,0.0,0.0,0.0,1.0,600,1.0,2,2,0.0,1,2,3.0,4.0,1
0,501.0,67000.0,53,67000.0,67000.0,01,1.0,32,1.0,21.0,20,1.0,1.0,2,1,2.0,1,2.0,3.0,1000,0.0,3.0,3.0,0,52.0,2.0,1,2.0,0,2006.0,51.0,1,38,50,1.0,0.0,0.0,0.0,0.0,5.0,600,1.0,2,2,0.0,1,2,3.0,4.0,1
0,501.0,118000.0,37,98000.0,98000.0,94,1.0,32,1.0,21.0,21,1.0,1.0,2,1,2.0,1,2.0,3.0,1000,0.0,3.0,3.0,0,56.0,2.0,1,2.0,0,2006.0,52.0,1,6,999,3.0,0.0,0.0,0.0,0.0,5.0,600,1.0,1,2,20000.0,1,2,3.0,3.0,1
0,501.0,80000.0,72,80000.0,80000.0,42,1.0,32,1.0,20.0,20,6.0,1.0,2,5,2.0,1,2.0,3.0,1000,0.0,3.0,3.0,0,50.0,2.0,1,2.0,0,1995.0,52.0,1,38,82,1.0,0.0,0.0,0.0,0.0,5.0,400,1.0,2,2,0.0,1,2,3.0,4.0,1
0,501.0,104900.0,25,106000.0,106000.0,78,1.0,999,1.0,18.0,20,6.0,1.0,2,5,2.0,16,2.0,3.0,9000,0.0,3.0,3.0,0,40.0,2.0,9,2.0,0,1995.0,52.0,1,6,999,4.0,0.0,0.0,0.0,0.0,5.0,200,1.0,4,2,-1100.0,1,2,3.0,4.0,4
0,501.0,0.0,42,0.0,0.0,69,6.0,32,3.0,20.0,21,1.0,2.0,2,1,2.0,1,2.0,2.0,1000,0.0,2.0,2.0,0,40.0,2.0,1,2.0,0,1990.0,52.0,1,38,999,1.0,0.0,0.0,0.0,0.0,5.0,400,1.0,1,2,0.0,1,2,3.0,4.0,1
0,136.0,20800.0,73,20800.0,20800.0,81,1.0,939,1.0,16.0,20,6.0,1.0,2,5,2.0,1,2.0,2.0,1000,0.0,2.0,2.0,0,36.0,2.0,1,2.0,0,1995.0,52.0,1,38,999,1.0,0.0,0.0,0.0,0.0,5.0,400,1.0,1,2,0.0,1,2,3.0,4.0,1
0,501.0,93000.0,32,69000.0,69000.0,94,1.0,87,1.0,20.0,20,6.0,1.0,2,5,2.0,1,2.0,3.0,1000,0.0,3.0,3.0,0,24.0,2.0,1,2.0,0,1995.0,52.0,1,53,32,4.0,0.0,0.0,24000.0,0.0,5.0,400,3.0,2,2,0.0,1,2,3.0,2.0,1
0,204.0,31200.0,43,31200.0,31200.0,90,1.0,51,1.0,16.0,22,6.0,1.0,2,5,2.0,16,2.0,3.0,9000,0.0,3.0,3.0,2,40.0,2.0,9,2.0,0,1995.0,52.0,1,27,902,1.0,0.0,0.0,0.0,0.0,5.0,400,3.0,2,2,0.0,1,2,3.0,4.0,1
0,449.0,50000.0,72,50000.0,0.0,88,1.0,32,1.0,20.0,20,1.0,1.0,2,1,2.0,1,2.0,3.0,1000,0.0,3.0,3.0,0,50.0,2.0,1,2.0,0,2022.0,50.0,1,38,999,6.0,0.0,0.0,0.0,0.0,5.0,400,1.0,1,2,0.0,1,2,3.0,4.0,1
0,449.0,40000.0,32,40000.0,40000.0,81,1.0,999,1.0,16.0,21,1.0,1.0,2,1,2.0,1,2.0,3.0,1000,0.0,3.0,3.0,0,26.0,2.0,1,2.0,0,2022.0,52.0,1,38,999,2.0,0.0,0.0,0.0,0.0,5.0,400,1.0,4,2,0.0,1,2,3.0,4.0,1
0,501.0,73800.0,47,72000.0,72000.0,46,1.0,82,1.0,20.0,20,1.0,1.0,1,1,2.0,1,2.0,3.0,1000,0.0,3.0,3.0,0,65.0,2.0,1,2.0,0,2021.0,52.0,1,38,32,1.0,0.0,0.0,1800.0,0.0,5.0,100,1.0,2,2,0.0,1,1,3.0,3.0,1
0,501.0,40000.0,57,40000.0,40000.0,69,1.0,740,1.0,16.0,21,1.0,1.0,2,1,2.0,21,2.0,3.0,9000,0.0,3.0,3.0,2,34.0,2.0,9,2.0,0,2021.0,52.0,1,41,22,1.0,0.0,0.0,0.0,0.0,5.0,100,1.0,2,2,0.0,1,2,3.0,4.0,1
0,238.0,5800.0,23,5800.0,5800.0,78,1.0,82,1.0,22.0,20,1.0,1.0,2,1,2.0,1,2.0,3.0,1000,0.0,3.0,3.0,0,45.0,2.0,1,2.0,0,2001.0,52.0,1,38,32,3.0,0.0,0.0,0.0,0.0,5.0,400,1.0,2,2,0.0,1,2,3.0,4.0,1
0,238.0,42000.0,96,42000.0,42000.0,35,1.0,32,1.0,21.0,21,1.0,1.0,2,1,2.0,1,2.0,3.0,1000,0.0,3.0,3.0,0,40.0,2.0,1,2.0,0,2001.0,52.0,1,38,999,1.0,0.0,0.0,0.0,0.0,5.0,400,1.0,1,2,0.0,1,2,3.0,4.0,1
0,130.0,20170.0,06,20000.0,20000.0,72,1.0,553,1.0,21.0,20,6.0,1.0,2,5,2.0,2,2.0,3.0,3000,0.0,3.0,3.0,0,40.0,2.0,2,2.0,0,1995.0,52.0,0,6,999,1.0,0.0,150.0,0.0,0.0,5.0,500,1.0,1,2,20.0,1,2,3.0,2.0,1
1,34.0,5500.0,99,0.0,0.0,99,3.0,999,3.0,1.0,20,4.0,1.0,1,3,1.0,5,2.0,3.0,4000,5500.0,3.0,3.0,0,40.0,2.0,6,2.0,0,2014.0,52.0,0,6,999,9.0,0.0,0.0,0.0,0.0,5.0,200,1.0,4,2,0.0,1,2,3.0,2.0,2
0,221.0,28600.0,89,28600.0,28600.0,23,1.0,568,1.0,1.0,20,1.0,1.0,2,1,2.0,2,2.0,3.0,3000,0.0,3.0,3.0,0,40.0,2.0,2,2.0,0,2010.0,40.0,0,462,999,1.0,0.0,0.0,0.0,0.0,5.0,500,1.0,1,2,0.0,6,2,3.0,4.0,1
0,221.0,82000.0,21,82000.0,82000.0,94,1.0,999,1.0,16.0,21,1.0,1.0,1,1,1.0,2,1.0,3.0,3000,0.0,3.0,3.0,0,40.0,1.0,2,1.0,0,2010.0,52.0,0,440,999,3.0,0.0,0.0,0.0,0.0,5.0,500,1.0,4,2,0.0,6,2,3.0,4.0,1
0,501.0,80000.0,03,80000.0,80000.0,81,1.0,82,1.0,22.0,20,1.0,1.0,2,1,2.0,1,2.0,3.0,1000,0.0,3.0,3.0,0,40.0,2.0,1,2.0,0,1985.0,52.0,1,38,112,2.0,0.0,0.0,0.0,0.0,5.0,600,1.0,2,2,0.0,1,2,3.0,4.0,1
0,501.0,73000.0,63,73000.0,73000.0,07,1.0,32,1.0,16.0,21,1.0,1.0,2,1,2.0,1,2.0,3.0,1000,0.0,3.0,3.0,0,40.0,2.0,1,2.0,0,1985.0,52.0,1,38,82,4.0,0.0,0.0,0.0,0.0,5.0,600,1.0,2,2,0.0,1,2,3.0,3.0,1
1,501.0,30000.0,64,30000.0,30000.0,07,1.0,917,1.0,16.0,26,6.0,1.0,2,5,2.0,3,2.0,3.0,5013,0.0,3.0,3.0,0,20.0,2.0,3,2.0,1,1995.0,36.0,0,38,999,1.0,0.0,0.0,0.0,0.0,5.0,600,1.0,1,2,0.0,1,2,3.0,4.0,1
0,379.0,36000.0,47,36000.0,36000.0,51,1.0,999,1.0,16.0,20,1.0,1.0,2,1,2.0,1,2.0,3.0,1000,0.0,3.0,3.0,0,40.0,2.0,1,2.0,0,2021.0,52.0,1,27,999,1.0,0.0,0.0,0.0,0.0,5.0,500,1.0,4,2,0.0,1,2,3.0,4.0,1
0,379.0,40000.0,38,40000.0,40000.0,94,1.0,999,1.0,20.0,21,1.0,1.0,2,1,2.0,1,2.0,3.0,1000,0.0,3.0,3.0,0,40.0,2.0,1,2.0,0,2021.0,52.0,1,27,999,4.0,0.0,0.0,0.0,0.0,5.0,500,1.0,4,2,0.0,1,2,3.0,4.0,1
0,171.0,26300.0,42,0.0,0.0,69,6.0,999,3.0,16.0,20,4.0,1.0,2,3,2.0,1,2.0,3.0,1000,1400.0,3.0,3.0,2,40.0,2.0,1,2.0,0,2009.0,52.0,1,38,999,1.0,24900.0,0.0,0.0,0.0,5.0,200,1.0,4,2,0.0,1,2,3.0,4.0,1
1,70.0,11000.0,42,0.0,0.0,69,6.0,924,3.0,16.0,20,5.0,2.0,1,4,2.0,1,2.0,2.0,1000,11000.0,2.0,2.0,0,40.0,2.0,1,2.0,0,1982.0,52.0,1,53,999,1.0,0.0,0.0,0.0,0.0,5.0,400,1.0,1,2,0.0,1,1,3.0,4.0,1
0,180.0,45000.0,20,45000.0,45000.0,83,1.0,999,1.0,21.0,20,6.0,1.0,2,5,2.0,1,2.0,3.0,1000,0.0,3.0,3.0,0,40.0,2.0,1,2.0,0,1995.0,52.0,1,53,999,1.0,0.0,0.0,0.0,0.0,5.0,200,3.0,4,2,0.0,1,2,3.0,4.0,1
0,295.0,45000.0,47,45000.0,45000.0,87,1.0,999,1.0,19.0,22,6.0,1.0,2,5,2.0,1,2.0,3.0,1000,0.0,3.0,3.0,0,40.0,2.0,1,2.0,0,1995.0,52.0,1,38,999,1.0,0.0,0.0,0.0,0.0,5.0,200,1.0,4,2,0.0,1,2,3.0,2.0,1
0,180.0,2100.0,39,2100.0,2100.0,85,6.0,999,1.0,14.0,25,6.0,1.0,2,5,2.0,1,2.0,3.0,1000,0.0,3.0,3.0,0,7.0,2.0,1,2.0,0,1995.0,12.0,1,38,999,3.0,0.0,0.0,0.0,0.0,5.0,200,3.0,4,2,0.0,1,2,3.0,4.0,1
0,180.0,8400.0,42,6000.0,6000.0,85,6.0,999,1.0,14.0,25,6.0,1.0,2,5,2.0,1,2.0,3.0,1000,0.0,3.0,3.0,0,40.0,2.0,1,2.0,0,1995.0,8.0,1,38,999,4.0,2400.0,0.0,0.0,0.0,5.0,200,3.0,4,2,0.0,1,2,3.0,4.0,1
0,251.0,100000.0,96,100000.0,100000.0,04,1.0,50,1.0,19.0,20,1.0,1.0,2,1,2.0,1,2.0,3.0,1000,0.0,3.0,3.0,0,84.0,2.0,1,2.0,0,2011.0,48.0,1,20,999,1.0,0.0,0.0,0.0,0.0,5.0,200,1.0,1,2,0.0,1,2,3.0,4.0,1
0,251.0,0.0,41,0.0,0.0,86,6.0,210,2.0,21.0,21,1.0,2.0,2,1,2.0,6,2.0,2.0,4008,0.0,2.0,2.0,0,40.0,2.0,6,2.0,0,2011.0,52.0,0,6,84,1.0,0.0,0.0,0.0,0.0,5.0,200,1.0,2,2,0.0,1,2,3.0,4.0,2
0,257.0,39400.0,62,14000.0,2000.0,07,6.0,89,1.0,21.0,20,6.0,2.0,2,5,2.0,1,2.0,2.0,1000,0.0,2.0,2.0,1,40.0,2.0,1,2.0,0,1995.0,20.0,1,27,50,6.0,0.0,0.0,0.0,0.0,5.0,500,3.0,2,2,25400.0,1,2,3.0,4.0,1
0,501.0,83500.0,62,82000.0,82000.0,07,1.0,98,1.0,16.0,20,6.0,1.0,2,5,2.0,1,2.0,3.0,1000,0.0,3.0,3.0,0,65.0,2.0,1,2.0,0,1995.0,50.0,1,38,999,1.0,0.0,0.0,1500.0,0.0,5.0,200,1.0,1,2,0.0,1,2,3.0,4.0,1
0,212.0,32700.0,73,32700.0,32700.0,88,1.0,917,1.0,1.0,20,6.0,1.0,2,5,2.0,3,2.0,3.0,5013,0.0,3.0,3.0,0,38.0,2.0,3,2.0,1,1995.0,52.0,0,38,999,1.0,0.0,0.0,0.0,0.0,5.0,600,3.0,1,2,0.0,1,2,3.0,4.0,1
0,501.0,0.0,47,0.0,0.0,55,6.0,939,2.0,16.0,21,1.0,2.0,2,1,2.0,1,2.0,2.0,1000,0.0,2.0,2.0,0,40.0,2.0,1,2.0,0,1990.0,52.0,1,38,999,1.0,0.0,0.0,0.0,0.0,5.0,600,1.0,1,2,0.0,1,2,3.0,4.0,1
0,501.0,40000.0,30,40000.0,40000.0,50,1.0,939,1.0,24.0,21,1.0,1.0,2,1,2.0,1,2.0,3.0,1000,0.0,3.0,3.0,2,60.0,2.0,1,2.0,0,1994.0,52.0,1,38,999,7.0,0.0,0.0,0.0,0.0,5.0,400,1.0,1,2,0.0,1,2,3.0,4.0,1
0,259.0,39500.0,65,39500.0,39500.0,39,1.0,22,1.0,16.0,20,6.0,1.0,2,5,2.0,1,2.0,3.0,1000,0.0,3.0,3.0,0,40.0,2.0,1,2.0,0,1995.0,52.0,1,38,32,1.0,0.0,0.0,0.0,0.0,5.0,100,1.0,2,2,0.0,1,2,3.0,4.0,1
0,112.0,17460.0,42,0.0,0.0,76,6.0,999,2.0,16.0,20,6.0,2.0,1,5,1.0,1,1.0,2.0,1000,0.0,2.0,3.0,0,40.0,2.0,1,2.0,0,1995.0,52.0,1,38,999,1.0,13200.0,4200.0,60.0,0.0,5.0,100,1.0,4,2,0.0,1,2,2.0,4.0,1
0,19.0,3000.0,42,0.0,0.0,69,6.0,999,3.0,17.0,22,6.0,2.0,1,5,1.0,1,1.0,2.0,1000,0.0,2.0,2.0,0,40.0,2.0,1,2.0,0,1995.0,52.0,1,38,999,1.0,3000.0,0.0,0.0,0.0,5.0,100,1.0,4,2,0.0,1,2,3.0,4.0,1
1,131.0,16400.0,42,0.0,0.0,69,6.0,999,3.0,13.0,25,5.0,2.0,2,4,2.0,2,2.0,2.0,3000,2400.0,2.0,2.0,0,40.0,2.0,2,2.0,0,1981.0,52.0,0,17,999,1.0,7000.0,7000.0,0.0,0.0,5.0,200,1.0,4,2,0.0,1,2,3.0,4.0,1
1,131.0,7000.0,42,0.0,0.0,69,6.0,999,3.0,14.0,30,6.0,2.0,1,5,1.0,2,2.0,2.0,3000,0.0,2.0,2.0,0,40.0,2.0,2,2.0,0,1995.0,52.0,0,17,999,1.0,7000.0,0.0,0.0,0.0,5.0,200,1.0,4,2,0.0,1,2,3.0,4.0,1
0,501.0,70000.0,47,70000.0,70000.0,48,1.0,50,1.0,19.0,20,1.0,1.0,2,1,2.0,1,2.0,3.0,1000,0.0,3.0,3.0,1,50.0,2.0,1,2.0,0,1983.0,52.0,1,27,999,1.0,0.0,0.0,0.0,0.0,5.0,500,1.0,1,2,0.0,1,2,3.0,4.0,1
0,501.0,49090.0,19,49000.0,49000.0,10,1.0,50,1.0,19.0,21,1.0,1.0,2,1,2.0,1,2.0,2.0,1000,0.0,2.0,2.0,2,45.0,2.0,1,2.0,0,1983.0,52.0,1,38,32,4.0,0.0,0.0,0.0,0.0,1.0,500,1.0,2,2,90.0,1,2,3.0,4.0,1
0,466.0,175000.0,00,90000.0,90000.0,68,1.0,210,1.0,21.0,20,1.0,1.0,2,1,2.0,29,2.0,3.0,9000,0.0,3.0,3.0,0,20.0,2.0,9,2.0,0,2011.0,52.0,1,38,21,1.0,0.0,0.0,0.0,0.0,5.0,200,1.0,2,2,85000.0,1,2,3.0,4.0,2
0,466.0,36000.0,30,36000.0,36000.0,79,1.0,49,1.0,24.0,21,1.0,1.0,2,1,2.0,1,2.0,3.0,1000,0.0,3.0,3.0,2,40.0,2.0,1,2.0,0,2011.0,50.0,1,38,82,7.0,0.0,0.0,0.0,0.0,5.0,200,1.0,2,2,0.0,1,2,3.0,4.0,1
0,220.0,52000.0,19,42000.0,42000.0,78,1.0,98,1.0,21.0,20,4.0,1.0,2,3,2.0,1,2.0,3.0,1000,0.0,3.0,3.0,0,40.0,2.0,1,2.0,0,2005.0,52.0,1,38,999,4.0,0.0,0.0,10000.0,0.0,5.0,200,1.0,1,2,0.0,1,2,3.0,4.0,1
0,501.0,80000.0,19,80000.0,80000.0,01,1.0,999,1.0,20.0,20,6.0,1.0,2,5,2.0,1,2.0,3.0,1000,0.0,3.0,3.0,0,40.0,2.0,1,2.0,0,1995.0,52.0,1,46,999,1.0,0.0,0.0,0.0,0.0,5.0,400,1.0,4,2,0.0,1,2,3.0,4.0,1
0,448.0,50000.0,62,50000.0,50000.0,07,1.0,917,1.0,19.0,20,1.0,1.0,2,1,2.0,3,2.0,3.0,5013,0.0,3.0,3.0,0,40.0,2.0,3,2.0,1,1980.0,52.0,0,38,999,3.0,0.0,0.0,0.0,0.0,5.0,400,1.0,1,2,0.0,1,2,3.0,4.0,1
0,448.0,55000.0,54,55000.0,55000.0,93,1.0,917,1.0,20.0,21,1.0,1.0,2,1,2.0,3,2.0,3.0,5013,0.0,3.0,3.0,0,40.0,2.0,3,2.0,1,1980.0,52.0,0,38,999,3.0,0.0,0.0,0.0,0.0,5.0,400,1.0,1,2,0.0,1,2,3.0,4.0,1
0,448.0,0.0,64,0.0,0.0,07,3.0,917,2.0,13.0,25,6.0,2.0,2,5,2.0,3,2.0,1.0,5013,0.0,2.0,2.0,2,40.0,2.0,3,2.0,1,1995.0,52.0,0,38,999,1.0,0.0,0.0,0.0,0.0,1.0,400,1.0,1,2,0.0,1,2,3.0,4.0,1
0,416.0,49000.0,32,49000.0,49000.0,78,6.0,82,1.0,22.0,20,1.0,2.0,2,1,2.0,1,2.0,2.0,1000,0.0,2.0,2.0,0,40.0,2.0,1,2.0,0,2013.0,40.0,1,38,22,3.0,0.0,0.0,0.0,0.0,5.0,600,1.0,2,2,0.0,1,2,3.0,4.0,1
0,416.0,100000.0,06,100000.0,100000.0,69,1.0,32,1.0,21.0,21,1.0,1.0,2,1,2.0,1,2.0,3.0,1000,0.0,3.0,3.0,0,40.0,2.0,1,2.0,0,2013.0,52.0,1,38,999,1.0,0.0,0.0,0.0,0.0,5.0,600,1.0,1,2,0.0,1,2,3.0,4.0,1
0,501.0,85100.0,00,80000.0,80000.0,91,6.0,94,1.0,21.0,20,1.0,2.0,2,1,2.0,1,2.0,2.0,1000,0.0,2.0,2.0,0,55.0,2.0,1,2.0,0,1983.0,34.0,1,38,32,2.0,0.0,0.0,0.0,0.0,5.0,600,1.0,2,2,5100.0,1,2,3.0,4.0,1
0,501.0,68000.0,39,30000.0,30000.0,76,1.0,32,1.0,21.0,21,1.0,1.0,1,1,2.0,1,2.0,3.0,1000,0.0,3.0,3.0,0,25.0,1.0,1,1.0,0,1983.0,52.0,1,38,171,1.0,0.0,38000.0,0.0,0.0,5.0,600,1.0,2,2,0.0,1,2,3.0,4.0,1
0,501.0,73800.0,23,67000.0,50000.0,78,1.0,32,1.0,21.0,20,1.0,1.0,2,1,2.0,1,2.0,3.0,1000,0.0,3.0,3.0,0,40.0,2.0,1,2.0,0,1988.0,52.0,1,38,50,3.0,0.0,0.0,0.0,0.0,5.0,300,1.0,2,2,6800.0,1,2,3.0,4.0,1
0,501.0,74000.0,10,74000.0,74000.0,73,1.0,32,1.0,18.0,21,1.0,1.0,2,1,2.0,1,2.0,3.0,1000,0.0,3.0,3.0,0,40.0,2.0,1,2.0,0,1988.0,52.0,1,4,50,4.0,0.0,0.0,0.0,0.0,5.0,300,1.0,2,2,0.0,1,2,3.0,2.0,1
0,501.0,30000.0,64,30000.0,0.0,07,1.0,32,1.0,18.0,25,6.0,1.0,2,5,2.0,1,2.0,3.0,1000,0.0,3.0,3.0,0,40.0,2.0,1,2.0,0,1995.0,48.0,1,38,50,6.0,0.0,0.0,0.0,0.0,5.0,300,1.0,2,2,0.0,1,2,3.0,4.0,1
0,501.0,17000.0,25,17000.0,17000.0,78,3.0,32,1.0,21.0,25,6.0,2.0,2,5,2.0,1,2.0,1.0,1000,0.0,2.0,2.0,0,40.0,2.0,1,2.0,0,1995.0,36.0,1,38,50,3.0,0.0,0.0,0.0,0.0,1.0,300,1.0,2,2,0.0,1,2,3.0,4.0,1
0,197.0,30000.0,62,30000.0,30000.0,07,1.0,82,1.0,16.0,20,4.0,1.0,2,3,2.0,1,2.0,3.0,1000,0.0,3.0,3.0,0,40.0,2.0,1,2.0,0,1989.0,52.0,1,38,999,1.0,0.0,0.0,0.0,0.0,5.0,400,1.0,1,2,0.0,1,2,3.0,4.0,1
0,438.0,32000.0,36,32000.0,32000.0,83,1.0,22,1.0,21.0,20,1.0,1.0,2,1,2.0,1,2.0,3.0,1000,0.0,3.0,3.0,0,25.0,2.0,1,2.0,0,2003.0,52.0,1,12,999,2.0,0.0,0.0,0.0,0.0,5.0,600,3.0,1,2,0.0,1,2,3.0,4.0,1
0,438.0,103000.0,72,103000.0,103000.0,07,1.0,49,1.0,16.0,21,1.0,1.0,2,1,2.0,1,2.0,3.0,1000,0.0,3.0,3.0,0,55.0,2.0,1,2.0,0,2003.0,52.0,1,38,999,1.0,0.0,0.0,0.0,0.0,5.0,600,3.0,1,2,0.0,1,2,3.0,4.0,1
0,438.0,3000.0,41,3000.0,3000.0,86,1.0,49,1.0,14.0,25,6.0,1.0,2,5,2.0,1,2.0,3.0,1000,0.0,3.0,3.0,0,15.0,2.0,1,2.0,0,1995.0,15.0,1,38,22,1.0,0.0,0.0,0.0,0.0,5.0,600,3.0,2,2,0.0,1,2,3.0,4.0,1
0,501.0,81600.0,05,60000.0,60000.0,75,1.0,32,1.0,22.0,20,1.0,1.0,2,1,2.0,1,2.0,3.0,1000,0.0,3.0,3.0,0,20.0,2.0,1,2.0,0,2001.0,52.0,1,30,26,1.0,0.0,21600.0,0.0,0.0,5.0,600,1.0,2,2,0.0,1,2,3.0,4.0,1
0,501.0,94000.0,07,94000.0,94000.0,30,1.0,3,1.0,22.0,21,1.0,1.0,2,1,2.0,1,2.0,3.0,1000,0.0,3.0,3.0,0,40.0,2.0,1,2.0,0,2001.0,52.0,1,38,125,1.0,0.0,0.0,0.0,0.0,5.0,600,1.0,2,2,0.0,1,2,3.0,4.0,1
0,501.0,42300.0,08,42000.0,42000.0,93,1.0,32,1.0,21.0,25,6.0,1.0,2,5,2.0,1,2.0,3.0,1000,0.0,3.0,3.0,2,38.0,2.0,1,2.0,0,1995.0,52.0,1,38,50,3.0,0.0,0.0,0.0,0.0,5.0,200,1.0,2,2,300.0,1,2,3.0,4.0,1
0,397.0,30000.0,45,30000.0,30000.0,89,1.0,32,1.0,19.0,20,1.0,1.0,2,1,2.0,1,2.0,3.0,1000,0.0,3.0,3.0,0,32.0,2.0,1,2.0,0,2007.0,52.0,1,38,82,7.0,0.0,0.0,0.0,0.0,5.0,600,1.0,2,2,0.0,1,2,3.0,4.0,1
0,397.0,92000.0,01,92000.0,92000.0,40,1.0,82,1.0,20.0,21,1.0,1.0,2,1,2.0,1,2.0,3.0,1000,0.0,3.0,3.0,0,40.0,2.0,1,2.0,0,2007.0,52.0,1,55,32,1.0,0.0,0.0,0.0,0.0,5.0,600,1.0,2,2,0.0,1,2,3.0,4.0,1
0,260.0,40000.0,09,40000.0,40000.0,94,1.0,88,1.0,20.0,20,4.0,1.0,2,3,2.0,16,2.0,3.0,9000,0.0,3.0,3.0,0,40.0,2.0,9,2.0,0,2006.0,52.0,1,449,22,5.0,0.0,0.0,0.0,0.0,5.0,200,1.0,2,2,0.0,6,2,3.0,4.0,1
0,291.0,45000.0,60,45000.0,45000.0,01,1.0,999,1.0,20.0,20,6.0,1.0,2,5,2.0,1,2.0,2.0,1000,0.0,2.0,2.0,0,50.0,2.0,1,2.0,0,1995.0,52.0,1,38,999,1.0,0.0,0.0,0.0,0.0,1.0,500,1.0,4,2,0.0,1,2,2.0,4.0,1
0,501.0,19000.0,04,19000.0,19000.0,83,1.0,82,1.0,20.0,20,1.0,1.0,2,1,2.0,1,2.0,3.0,1000,0.0,3.0,3.0,0,20.0,2.0,1,2.0,0,2017.0,50.0,1,38,32,3.0,0.0,0.0,0.0,0.0,5.0,100,1.0,2,2,0.0,1,2,3.0,4.0,1
0,501.0,125000.0,68,125000.0,125000.0,03,1.0,82,1.0,20.0,21,1.0,1.0,2,1,2.0,1,2.0,3.0,1000,0.0,3.0,3.0,0,50.0,2.0,1,2.0,0,2017.0,52.0,1,38,32,1.0,0.0,0.0,0.0,0.0,5.0,100,1.0,2,2,0.0,1,2,3.0,4.0,1
0,484.0,100000.0,52,100000.0,100000.0,22,1.0,999,1.0,22.0,20,6.0,1.0,2,5,2.0,1,2.0,3.0,1000,0.0,3.0,3.0,0,55.0,2.0,1,2.0,0,1995.0,52.0,1,38,999,1.0,0.0,0.0,0.0,0.0,5.0,100,1.0,4,2,0.0,1,2,3.0,4.0,1
0,256.0,40000.0,46,40000.0,40000.0,84,1.0,999,1.0,21.0,22,6.0,1.0,2,5,2.0,16,2.0,3.0,9000,0.0,3.0,3.0,0,40.0,2.0,9,2.0,0,1995.0,52.0,1,72,999,1.0,0.0,0.0,0.0,0.0,5.0,100,2.0,4,2,0.0,2,2,3.0,4.0,3
1,38.0,6000.0,96,6000.0,6000.0,53,1.0,924,1.0,16.0,20,4.0,1.0,1,3,2.0,1,1.0,2.0,1000,0.0,2.0,2.0,0,40.0,2.0,1,2.0,0,1997.0,52.0,1,6,999,1.0,0.0,0.0,0.0,0.0,5.0,500,1.0,1,1,0.0,1,2,3.0,2.0,1
0,125.0,19200.0,02,19200.0,0.0,01,1.0,999,1.0,16.0,20,6.0,1.0,2,5,2.0,1,2.0,2.0,1000,0.0,1.0,3.0,0,80.0,2.0,1,2.0,0,1995.0,36.0,1,37,999,6.0,0.0,0.0,0.0,0.0,1.0,200,1.0,4,2,0.0,1,2,1.0,4.0,1
0,289.0,130000.0,02,130000.0,130000.0,01,1.0,50,1.0,19.0,20,1.0,1.0,2,1,2.0,1,2.0,3.0,1000,0.0,2.0,1.0,0,60.0,2.0,1,2.0,0,2018.0,52.0,1,38,82,7.0,0.0,0.0,0.0,0.0,5.0,500,1.0,2,2,0.0,1,2,3.0,4.0,1
0,289.0,0.0,46,0.0,0.0,84,6.0,999,2.0,18.0,21,1.0,2.0,2,1,2.0,1,2.0,2.0,1000,0.0,2.0,2.0,0,40.0,2.0,1,2.0,0,2018.0,52.0,1,38,999,6.0,0.0,0.0,0.0,0.0,5.0,500,1.0,4,2,0.0,1,2,3.0,4.0,1
0,501.0,69000.0,20,69000.0,69000.0,78,1.0,32,1.0,22.0,20,1.0,1.0,2,1,2.0,1,2.0,3.0,1000,0.0,3.0,3.0,0,40.0,2.0,1,2.0,0,2008.0,52.0,1,38,999,3.0,0.0,0.0,0.0,0.0,5.0,300,1.0,1,2,0.0,1,2,3.0,4.0,1
0,501.0,80000.0,06,80000.0,80000.0,96,4.0,98,1.0,21.0,21,1.0,1.0,2,1,2.0,1,2.0,3.0,1000,0.0,3.0,3.0,0,40.0,2.0,1,2.0,0,2008.0,52.0,1,38,999,5.0,0.0,0.0,0.0,0.0,5.0,300,1.0,1,2,0.0,1,2,3.0,1.0,1
0,390.0,60120.0,57,60000.0,60000.0,68,1.0,999,1.0,21.0,20,1.0,1.0,2,1,2.0,1,2.0,3.0,1000,0.0,3.0,3.0,0,40.0,2.0,1,2.0,0,2016.0,52.0,1,38,999,4.0,0.0,0.0,0.0,0.0,5.0,400,1.0,4,2,120.0,1,2,3.0,4.0,1
0,390.0,60000.0,01,60000.0,60000.0,68,1.0,999,1.0,21.0,21,1.0,1.0,2,1,2.0,1,2.0,3.0,1000,0.0,3.0,3.0,0,40.0,2.0,1,2.0,0,2016.0,52.0,1,38,999,1.0,0.0,0.0,0.0,0.0,5.0,400,1.0,4,2,0.0,1,2,3.0,4.0,1
0,156.0,10000.0,02,10000.0,0.0,01,1.0,999,1.0,16.0,20,1.0,1.0,2,1,2.0,1,2.0,2.0,1000,0.0,2.0,2.0,2,60.0,2.0,1,2.0,0,1982.0,52.0,1,38,999,6.0,0.0,0.0,0.0,0.0,5.0,500,3.0,4,2,0.0,1,2,3.0,4.0,1
0,156.0,20750.0,57,20000.0,20000.0,81,1.0,999,1.0,19.0,21,1.0,1.0,2,1,2.0,1,2.0,3.0,1000,0.0,3.0,3.0,0,40.0,2.0,1,2.0,0,1982.0,52.0,1,46,999,1.0,750.0,0.0,0.0,0.0,5.0,500,3.0,4,2,0.0,1,2,3.0,4.0,1
0,462.0,32000.0,50,32000.0,32000.0,07,1.0,999,1.0,19.0,20,1.0,1.0,2,1,2.0,1,2.0,3.0,1000,0.0,3.0,3.0,0,35.0,2.0,1,2.0,0,2005.0,52.0,1,30,999,7.0,0.0,0.0,0.0,0.0,5.0,100,1.0,4,2,0.0,1,2,3.0,4.0,1
0,462.0,107000.0,63,107000.0,107000.0,07,1.0,32,1.0,16.0,21,1.0,1.0,2,1,2.0,1,2.0,3.0,1000,0.0,3.0,3.0,0,60.0,2.0,1,2.0,0,2005.0,52.0,1,48,999,7.0,0.0,0.0,0.0,0.0,5.0,100,1.0,1,2,0.0,1,2,3.0,4.0,1
0,283.0,83400.0,15,82000.0,82000.0,05,1.0,32,1.0,22.0,20,1.0,1.0,2,1,2.0,1,2.0,3.0,1000,0.0,3.0,3.0,0,45.0,2.0,1,2.0,0,2001.0,52.0,1,38,82,2.0,0.0,1400.0,0.0,0.0,5.0,100,1.0,2,2,0.0,1,2,3.0,2.0,1
0,283.0,31000.0,57,31000.0,31000.0,73,1.0,32,1.0,21.0,21,1.0,1.0,2,1,2.0,1,2.0,3.0,1000,0.0,3.0,3.0,0,30.0,2.0,1,2.0,0,2001.0,52.0,1,38,999,1.0,0.0,0.0,0.0,0.0,5.0,100,1.0,1,2,0.0,1,2,3.0,4.0,1
0,501.0,92000.0,00,92000.0,92000.0,53,1.0,999,1.0,17.0,20,6.0,1.0,2,5,2.0,2,2.0,3.0,3000,0.0,3.0,3.0,2,50.0,2.0,2,2.0,0,1995.0,52.0,0,449,999,1.0,0.0,0.0,0.0,0.0,5.0,500,3.0,4,2,0.0,6,2,3.0,3.0,1
0,388.0,10200.0,47,0.0,0.0,55,6.0,82,2.0,20.0,21,1.0,2.0,2,1,2.0,1,2.0,2.0,1000,0.0,2.0,2.0,2,40.0,2.0,1,2.0,0,1978.0,52.0,1,38,32,1.0,10200.0,0.0,0.0,0.0,5.0,200,1.0,2,2,0.0,1,2,3.0,4.0,1
0,501.0,115000.0,15,110000.0,80000.0,30,1.0,195,1.0,20.0,20,6.0,1.0,2,5,2.0,1,2.0,2.0,1000,0.0,2.0,2.0,0,44.0,2.0,1,2.0,0,1995.0,52.0,1,27,999,1.0,0.0,0.0,0.0,0.0,5.0,400,1.0,1,2,5000.0,1,2,3.0,4.0,1
1,308.0,2100.0,47,2100.0,2100.0,54,3.0,82,1.0,16.0,25,6.0,2.0,2,5,2.0,1,2.0,1.0,1000,0.0,2.0,2.0,0,30.0,2.0,1,2.0,0,1995.0,10.0,1,38,999,1.0,0.0,0.0,0.0,0.0,2.0,500,1.0,1,2,0.0,1,2,3.0,4.0,1
0,501.0,65000.0,86,65000.0,65000.0,10,1.0,939,1.0,16.0,20,1.0,1.0,2,1,2.0,1,2.0,3.0,1000,0.0,3.0,3.0,0,40.0,2.0,1,2.0,0,1986.0,52.0,1,30,999,1.0,0.0,0.0,0.0,0.0,5.0,400,1.0,1,2,0.0,1,2,3.0,4.0,1
0,501.0,50000.0,08,50000.0,50000.0,93,1.0,939,1.0,20.0,21,1.0,1.0,2,1,2.0,1,2.0,3.0,1000,0.0,3.0,3.0,0,40.0,2.0,1,2.0,0,1986.0,52.0,1,46,999,3.0,0.0,0.0,0.0,0.0,5.0,400,1.0,1,2,0.0,1,2,3.0,4.0,1
0,464.0,44500.0,58,42000.0,42000.0,81,1.0,32,1.0,16.0,21,1.0,1.0,2,1,2.0,1,2.0,3.0,1000,0.0,3.0,3.0,0,40.0,2.0,1,2.0,0,1990.0,52.0,1,38,999,1.0,0.0,0.0,0.0,0.0,5.0,500,1.0,1,2,2500.0,1,2,3.0,4.0,1
0,501.0,65000.0,38,65000.0,65000.0,94,1.0,999,1.0,21.0,20,1.0,1.0,2,1,2.0,1,2.0,3.0,1000,0.0,3.0,3.0,0,45.0,2.0,1,2.0,0,2004.0,52.0,1,25,999,3.0,0.0,0.0,0.0,0.0,5.0,600,1.0,4,2,0.0,1,2,3.0,4.0,1
0,501.0,40000.0,01,40000.0,40000.0,68,1.0,999,1.0,21.0,21,1.0,1.0,2,1,2.0,1,2.0,3.0,1000,0.0,3.0,3.0,0,40.0,2.0,1,2.0,0,2004.0,52.0,1,27,999,1.0,0.0,0.0,0.0,0.0,5.0,600,1.0,4,2,0.0,1,2,3.0,4.0,1
0,431.0,0.0,42,0.0,0.0,69,6.0,999,3.0,20.0,20,1.0,2.0,2,1,2.0,1,2.0,2.0,1000,0.0,2.0,2.0,2,40.0,2.0,1,2.0,0,2012.0,52.0,1,30,999,1.0,0.0,0.0,0.0,0.0,5.0,500,1.0,4,2,0.0,1,2,3.0,4.0,1
0,431.0,85000.0,64,85000.0,85000.0,07,1.0,999,1.0,20.0,21,1.0,1.0,2,1,2.0,1,2.0,3.0,1000,0.0,3.0,3.0,0,48.0,2.0,1,2.0,0,2012.0,52.0,1,30,999,1.0,0.0,0.0,0.0,0.0,5.0,500,1.0,4,2,0.0,1,2,3.0,4.0,1
0,279.0,56000.0,67,56000.0,56000.0,60,2.0,51,1.0,16.0,20,1.0,2.0,1,1,2.0,1,2.0,3.0,1000,0.0,2.0,1.0,0,40.0,2.0,1,2.0,0,2010.0,26.0,1,36,999,1.0,0.0,0.0,0.0,0.0,5.0,200,1.0,1,2,0.0,1,1,3.0,2.0,1
0,279.0,29200.0,41,29200.0,29200.0,86,1.0,51,1.0,16.0,21,1.0,1.0,2,1,2.0,1,2.0,3.0,1000,0.0,3.0,3.0,0,40.0,2.0,1,2.0,0,2010.0,52.0,1,6,999,1.0,0.0,0.0,0.0,0.0,5.0,200,1.0,1,2,0.0,1,2,3.0,4.0,1
0,501.0,126800.0,89,125000.0,125000.0,22,1.0,32,1.0,19.0,20,4.0,1.0,2,3,2.0,1,2.0,3.0,1000,0.0,3.0,3.0,0,48.0,2.0,1,2.0,0,1994.0,52.0,1,38,999,1.0,0.0,0.0,1800.0,0.0,5.0,300,1.0,1,2,0.0,1,2,3.0,4.0,1
0,501.0,8600.0,65,8600.0,8600.0,07,6.0,32,1.0,16.0,25,6.0,2.0,2,5,2.0,1,2.0,2.0,1000,0.0,2.0,2.0,0,40.0,2.0,1,2.0,0,1995.0,12.0,1,38,999,1.0,0.0,0.0,0.0,0.0,5.0,300,1.0,1,2,0.0,1,2,3.0,3.0,1
0,501.0,5000.0,40,5000.0,5000.0,50,6.0,32,1.0,14.0,25,6.0,2.0,2,5,2.0,1,2.0,1.0,1000,0.0,2.0,2.0,0,10.0,2.0,1,2.0,0,1995.0,52.0,1,38,999,1.0,0.0,0.0,0.0,0.0,3.0,300,1.0,1,2,0.0,1,2,3.0,4.0,1
0,153.0,24000.0,78,24000.0,24000.0,49,1.0,82,1.0,20.0,20,4.0,1.0,2,3,2.0,1,2.0,3.0,1000,0.0,3.0,3.0,1,40.0,2.0,1,2.0,0,2005.0,52.0,1,53,89,1.0,0.0,0.0,0.0,0.0,5.0,200,1.0,2,2,0.0,1,2,3.0,4.0,1
0,422.0,66000.0,78,60000.0,60000.0,49,1.0,32,1.0,16.0,22,4.0,1.0,2,3,2.0,1,2.0,3.0,1000,0.0,3.0,3.0,1,40.0,2.0,1,2.0,0,1997.0,52.0,1,38,999,7.0,0.0,0.0,0.0,0.0,5.0,200,1.0,1,2,6000.0,1,2,3.0,4.0,1
0,501.0,37800.0,57,37800.0,37800.0,79,1.0,82,1.0,19.0,20,1.0,1.0,2,1,2.0,1,2.0,3.0,1000,0.0,3.0,3.0,0,36.0,2.0,1,2.0,0,1996.0,52.0,1,38,32,1.0,0.0,0.0,0.0,0.0,5.0,400,1.0,2,2,0.0,1,2,3.0,4.0,1
0,501.0,150000.0,69,150000.0,150000.0,04,1.0,999,1.0,20.0,21,1.0,1.0,2,1,2.0,1,2.0,3.0,1000,0.0,3.0,3.0,0,65.0,2.0,1,2.0,0,1996.0,52.0,1,38,999,1.0,0.0,0.0,0.0,0.0,5.0,400,1.0,4,2,0.0,1,2,3.0,4.0,1
0,243.0,50000.0,51,50000.0,50000.0,72,1.0,999,1.0,16.0,20,3.0,1.0,2,2,2.0,1,2.0,3.0,1000,0.0,3.0,3.0,0,50.0,2.0,1,2.0,0,1992.0,52.0,1,38,999,1.0,0.0,0.0,0.0,0.0,5.0,500,3.0,4,2,0.0,1,2,3.0,4.0,1
1,45.0,7100.0,40,7100.0,7100.0,78,1.0,999,1.0,16.0,22,6.0,1.0,2,5,2.0,1,2.0,3.0,1000,0.0,3.0,3.0,0,18.0,2.0,1,2.0,0,1995.0,51.0,1,38,999,1.0,0.0,0.0,0.0,0.0,5.0,500,1.0,4,2,0.0,1,2,3.0,4.0,1
0,501.0,120000.0,34,120000.0,120000.0,50,1.0,999,1.0,12.0,20,5.0,1.0,2,4,2.0,1,2.0,2.0,1000,0.0,2.0,2.0,0,36.0,2.0,1,2.0,0,2021.0,52.0,1,38,999,1.0,0.0,0.0,0.0,0.0,5.0,400,1.0,4,2,0.0,1,2,3.0,4.0,1
0,501.0,77000.0,02,77000.0,77000.0,78,1.0,89,1.0,21.0,20,1.0,1.0,2,1,2.0,1,2.0,3.0,1000,0.0,3.0,3.0,0,45.0,2.0,1,2.0,0,1997.0,52.0,1,27,22,4.0,0.0,0.0,0.0,0.0,5.0,600,1.0,2,2,0.0,1,2,3.0,4.0,1
0,501.0,91000.0,49,21000.0,21000.0,53,1.0,112,1.0,21.0,21,1.0,1.0,2,1,2.0,1,2.0,3.0,1000,0.0,3.0,3.0,0,32.0,2.0,1,2.0,0,1997.0,52.0,1,38,50,1.0,0.0,70000.0,0.0,0.0,5.0,600,1.0,2,2,0.0,1,2,3.0,2.0,1
0,501.0,20950.0,40,20950.0,20000.0,86,1.0,89,1.0,19.0,25,6.0,1.0,2,5,2.0,1,2.0,3.0,1000,0.0,3.0,3.0,0,20.0,2.0,1,2.0,0,1995.0,48.0,1,38,22,1.0,0.0,0.0,0.0,0.0,5.0,600,1.0,2,2,0.0,1,2,3.0,4.0,1
0,465.0,79000.0,02,79000.0,65000.0,78,1.0,999,1.0,21.0,20,1.0,1.0,2,1,2.0,1,2.0,3.0,1000,0.0,3.0,3.0,0,40.0,2.0,1,2.0,0,2002.0,52.0,1,27,999,4.0,0.0,0.0,0.0,0.0,5.0,600,1.0,4,2,0.0,1,2,3.0,4.0,1
0,465.0,15600.0,41,0.0,0.0,78,6.0,82,2.0,16.0,21,1.0,2.0,2,1,2.0,1,2.0,2.0,1000,0.0,2.0,2.0,0,40.0,2.0,1,2.0,0,2002.0,52.0,1,27,999,3.0,15600.0,0.0,0.0,0.0,5.0,600,1.0,1,2,0.0,1,2,3.0,4.0,1
0,501.0,58000.0,20,58000.0,58000.0,91,1.0,32,1.0,24.0,20,1.0,1.0,2,1,2.0,1,2.0,3.0,1000,0.0,3.0,3.0,0,50.0,2.0,1,2.0,0,1994.0,52.0,1,29,142,2.0,0.0,0.0,0.0,0.0,5.0,200,1.0,2,2,0.0,1,2,3.0,4.0,1
0,501.0,61000.0,23,61000.0,61000.0,78,1.0,51,1.0,22.0,21,1.0,1.0,2,1,2.0,1,2.0,3.0,1000,0.0,3.0,3.0,0,40.0,2.0,1,2.0,0,1994.0,40.0,1,36,32,3.0,0.0,0.0,0.0,0.0,5.0,200,1.0,2,2,0.0,1,2,3.0,4.0,1
0,501.0,40000.0,59,40000.0,40000.0,78,1.0,51,1.0,20.0,25,6.0,1.0,2,5,2.0,1,2.0,3.0,1000,0.0,3.0,3.0,0,40.0,2.0,1,2.0,0,1995.0,52.0,1,42,32,4.0,0.0,0.0,0.0,0.0,5.0,200,1.0,2,2,0.0,1,2,3.0,4.0,1
0,501.0,60000.0,36,60000.0,0.0,89,1.0,32,1.0,20.0,21,1.0,1.0,2,1,2.0,1,2.0,3.0,1000,0.0,3.0,3.0,2,60.0,2.0,1,2.0,0,2003.0,52.0,1,38,999,6.0,0.0,0.0,0.0,0.0,5.0,400,1.0,1,2,0.0,1,2,3.0,4.0,1
0,21.0,0.0,42,0.0,0.0,69,6.0,82,3.0,20.0,20,1.0,2.0,2,1,2.0,1,2.0,2.0,1000,0.0,2.0,2.0,2,40.0,2.0,1,2.0,0,1996.0,52.0,1,38,999,1.0,0.0,0.0,0.0,0.0,5.0,200,1.0,1,2,0.0,1,2,3.0,4.0,1
0,21.0,0.0,42,0.0,0.0,69,6.0,32,3.0,16.0,21,1.0,2.0,2,1,2.0,1,2.0,2.0,1000,0.0,2.0,2.0,2,40.0,2.0,1,2.0,0,1996.0,52.0,1,38,999,1.0,0.0,0.0,0.0,0.0,5.0,200,1.0,1,2,0.0,1,2,3.0,4.0,1
1,304.0,20000.0,40,20000.0,20000.0,78,1.0,924,1.0,19.0,20,1.0,1.0,2,1,2.0,1,2.0,3.0,1000,0.0,3.0,3.0,0,40.0,2.0,1,2.0,0,2013.0,52.0,1,38,999,3.0,0.0,0.0,0.0,0.0,5.0,500,1.0,1,2,0.0,1,2,3.0,4.0,1
1,304.0,62000.0,60,50000.0,0.0,01,2.0,924,1.0,17.0,21,1.0,2.0,2,1,2.0,1,2.0,3.0,1000,12000.0,2.0,1.0,0,40.0,2.0,1,2.0,0,2013.0,52.0,1,53,999,6.0,0.0,0.0,0.0,0.0,5.0,500,1.0,1,2,0.0,1,2,3.0,4.0,1
0,19.0,3000.0,36,3000.0,3000.0,82,6.0,32,1.0,16.0,20,6.0,2.0,2,5,2.0,1,2.0,2.0,1000,0.0,2.0,2.0,0,40.0,2.0,1,2.0,0,1995.0,16.0,1,38,999,1.0,0.0,0.0,0.0,0.0,5.0,500,1.0,1,2,0.0,1,2,3.0,4.0,1
0,501.0,150000.0,30,150000.0,150000.0,79,1.0,32,1.0,24.0,21,1.0,1.0,2,1,2.0,1,2.0,3.0,1000,0.0,3.0,3.0,0,35.0,2.0,1,2.0,0,2023.0,52.0,1,38,999,1.0,0.0,0.0,0.0,0.0,5.0,300,1.0,1,2,0.0,1,2,3.0,4.0,1
0,501.0,60000.0,32,60000.0,60000.0,82,1.0,26,1.0,20.0,20,1.0,1.0,2,1,2.0,1,2.0,3.0,1000,0.0,3.0,3.0,0,40.0,2.0,1,2.0,0,1984.0,52.0,1,38,999,1.0,0.0,0.0,0.0,0.0,5.0,400,1.0,1,2,0.0,1,2,3.0,4.0,1
0,501.0,42000.0,91,42000.0,42000.0,25,1.0,32,1.0,20.0,21,1.0,1.0,2,1,2.0,1,2.0,3.0,1000,0.0,3.0,3.0,0,40.0,2.0,1,2.0,0,1984.0,52.0,1,38,999,1.0,0.0,0.0,0.0,0.0,5.0,400,1.0,1,2,0.0,1,2,3.0,4.0,1
0,501.0,72000.0,01,72000.0,72000.0,30,1.0,939,1.0,21.0,20,1.0,1.0,2,1,2.0,1,2.0,3.0,1000,0.0,3.0,3.0,0,50.0,2.0,1,2.0,0,2005.0,52.0,1,19,999,1.0,0.0,0.0,0.0,0.0,5.0,600,1.0,1,2,0.0,1,2,3.0,4.0,1
0,501.0,77000.0,77,77000.0,77000.0,24,1.0,999,1.0,19.0,21,1.0,1.0,2,1,2.0,1,2.0,3.0,1000,0.0,3.0,3.0,0,40.0,2.0,1,2.0,0,2005.0,52.0,1,19,999,1.0,0.0,0.0,0.0,0.0,5.0,600,1.0,4,2,0.0,1,2,3.0,2.0,1
0,501.0,900.0,27,900.0,900.0,85,6.0,999,1.0,14.0,25,6.0,1.0,2,5,2.0,1,2.0,3.0,1000,0.0,3.0,3.0,0,10.0,2.0,1,2.0,0,1995.0,8.0,1,38,999,1.0,0.0,0.0,0.0,0.0,5.0,600,1.0,4,2,0.0,1,2,3.0,4.0,1
0,501.0,120000.0,02,120000.0,0.0,01,1.0,26,1.0,16.0,20,1.0,1.0,1,1,2.0,17,2.0,3.0,9000,0.0,3.0,3.0,2,70.0,2.0,9,2.0,1,1981.0,52.0,1,38,917,6.0,0.0,0.0,0.0,0.0,5.0,100,1.0,2,1,0.0,1,2,3.0,4.0,1
0,501.0,59000.0,57,59000.0,59000.0,78,1.0,82,1.0,18.0,21,1.0,1.0,2,1,2.0,1,2.0,3.0,1000,0.0,3.0,3.0,0,40.0,2.0,1,2.0,0,1981.0,52.0,1,38,26,3.0,0.0,0.0,0.0,0.0,5.0,100,1.0,2,2,0.0,1,2,3.0,4.0,1
0,501.0,96000.0,10,96000.0,96000.0,85,1.0,89,1.0,21.0,21,1.0,1.0,2,1,2.0,1,2.0,3.0,1000,0.0,3.0,3.0,0,60.0,2.0,1,2.0,0,2020.0,52.0,1,38,999,1.0,0.0,0.0,0.0,0.0,5.0,600,1.0,1,2,0.0,1,2,3.0,4.0,1
0,501.0,122000.0,14,122000.0,122000.0,74,1.0,142,1.0,22.0,21,1.0,1.0,1,1,2.0,1,1.0,3.0,1000,0.0,3.0,3.0,0,50.0,1.0,1,2.0,0,1991.0,52.0,1,8,999,2.0,0.0,0.0,0.0,0.0,5.0,500,1.0,1,2,0.0,1,1,3.0,4.0,1
0,501.0,18000.0,29,18000.0,18000.0,46,3.0,97,1.0,21.0,25,6.0,2.0,2,5,2.0,1,2.0,1.0,1000,0.0,2.0,2.0,2,40.0,2.0,1,2.0,0,1995.0,30.0,1,6,142,1.0,0.0,0.0,0.0,0.0,1.0,500,1.0,2,2,0.0,1,2,3.0,4.0,1
0,200.0,49000.0,19,49000.0,49000.0,96,4.0,720,1.0,19.0,20,1.0,1.0,2,1,2.0,6,2.0,3.0,4008,0.0,3.0,3.0,0,40.0,2.0,6,2.0,0,2017.0,52.0,0,233,999,5.0,0.0,0.0,0.0,0.0,5.0,200,3.0,1,2,0.0,4,2,3.0,1.0,1
0,200.0,0.0,47,0.0,0.0,51,6.0,902,2.0,22.0,21,1.0,2.0,2,1,2.0,2,2.0,2.0,3000,0.0,2.0,2.0,0,40.0,2.0,2,2.0,0,2017.0,52.0,0,12,999,1.0,0.0,0.0,0.0,0.0,5.0,200,3.0,1,2,0.0,1,2,3.0,2.0,1
0,96.0,20000.0,96,20000.0,20000.0,53,1.0,210,1.0,14.0,20,1.0,1.0,2,1,2.0,29,2.0,3.0,9000,0.0,3.0,3.0,0,24.0,2.0,9,2.0,0,2004.0,52.0,1,48,999,1.0,0.0,0.0,0.0,0.0,5.0,400,1.0,1,2,0.0,1,2,3.0,4.0,2
0,96.0,13000.0,73,13000.0,13000.0,76,1.0,211,1.0,16.0,21,1.0,1.0,2,1,2.0,29,2.0,3.0,9000,0.0,3.0,3.0,0,16.0,2.0,9,2.0,0,2004.0,52.0,1,48,999,1.0,0.0,0.0,0.0,0.0,5.0,400,1.0,1,2,0.0,1,2,3.0,4.0,2
1,96.0,2000.0,89,2000.0,2000.0,32,1.0,211,1.0,16.0,25,6.0,1.0,2,5,2.0,29,2.0,3.0,9000,0.0,3.0,3.0,0,40.0,2.0,9,2.0,0,1995.0,3.0,1,48,999,1.0,0.0,0.0,0.0,0.0,5.0,400,1.0,1,2,0.0,1,2,3.0,4.0,2
0,271.0,42000.0,57,42000.0,42000.0,78,1.0,82,1.0,19.0,20,4.0,1.0,2,3,2.0,1,2.0,3.0,1000,0.0,3.0,3.0,0,40.0,2.0,1,2.0,0,1980.0,52.0,1,38,89,2.0,0.0,0.0,0.0,0.0,5.0,500,1.0,2,2,0.0,1,2,3.0,4.0,1
0,501.0,54300.0,33,48000.0,48000.0,80,1.0,32,1.0,19.0,20,1.0,1.0,2,1,2.0,1,2.0,3.0,1000,0.0,3.0,3.0,0,24.0,2.0,1,2.0,0,2020.0,52.0,1,38,999,1.0,0.0,0.0,0.0,0.0,5.0,300,1.0,1,2,6300.0,1,2,3.0,4.0,1
0,501.0,78100.0,01,78000.0,78000.0,91,1.0,32,1.0,19.0,21,1.0,1.0,2,1,2.0,1,2.0,3.0,1000,0.0,3.0,3.0,0,40.0,2.0,1,2.0,0,2020.0,52.0,1,38,999,2.0,0.0,0.0,0.0,0.0,5.0,300,1.0,1,2,100.0,1,2,3.0,4.0,1
0,501.0,40000.0,41,40000.0,40000.0,86,1.0,32,1.0,21.0,27,6.0,1.0,2,5,2.0,1,2.0,3.0,1000,0.0,3.0,3.0,0,30.0,2.0,1,2.0,0,1995.0,52.0,1,38,999,1.0,0.0,0.0,0.0,0.0,5.0,300,1.0,1,2,0.0,1,2,3.0,4.0,1
0,501.0,81000.0,02,11000.0,0.0,01,1.0,32,1.0,16.0,20,1.0,1.0,2,1,2.0,1,2.0,3.0,1000,0.0,3.0,3.0,0,63.0,2.0,1,2.0,0,1982.0,52.0,1,38,999,6.0,0.0,0.0,0.0,0.0,5.0,300,1.0,1,2,70000.0,1,2,3.0,4.0,1
0,501.0,100000.0,48,100000.0,100000.0,69,1.0,32,1.0,16.0,21,1.0,1.0,2,1,2.0,1,2.0,3.0,1000,0.0,3.0,3.0,2,40.0,2.0,1,2.0,0,1982.0,52.0,1,38,999,7.0,0.0,0.0,0.0,0.0,5.0,300,1.0,1,2,0.0,1,2,3.0,4.0,1
0,234.0,12000.0,96,12000.0,12000.0,44,1.0,290,1.0,16.0,20,1.0,1.0,2,1,2.0,1,2.0,3.0,1000,0.0,3.0,3.0,0,40.0,2.0,1,2.0,0,2010.0,52.0,1,8,999,1.0,0.0,0.0,0.0,0.0,5.0,500,1.0,1,2,0.0,1,2,3.0,4.0,2
0,234.0,34300.0,86,34300.0,34300.0,12,1.0,924,1.0,16.0,21,1.0,1.0,2,1,2.0,1,2.0,3.0,1000,0.0,3.0,3.0,0,40.0,2.0,1,2.0,0,2010.0,52.0,1,55,999,1.0,0.0,0.0,0.0,0.0,5.0,500,1.0,1,2,0.0,1,2,3.0,4.0,1
1,99.0,15680.0,58,280.0,280.0,83,1.0,996,1.0,16.0,20,6.0,1.0,1,5,1.0,1,1.0,2.0,1000,0.0,2.0,2.0,0,3.0,1.0,1,1.0,0,1995.0,52.0,1,38,999,2.0,15400.0,0.0,0.0,0.0,5.0,100,1.0,3,1,0.0,1,2,2.0,4.0,1
0,167.0,24000.0,06,0.0,0.0,53,6.0,82,2.0,16.0,20,3.0,2.0,2,2,2.0,1,2.0,2.0,1000,0.0,2.0,2.0,1,40.0,2.0,1,2.0,0,1977.0,52.0,1,38,32,1.0,24000.0,0.0,0.0,0.0,3.0,400,1.0,2,2,0.0,1,2,2.0,4.0,1
0,338.0,60000.0,63,60000.0,60000.0,07,1.0,98,1.0,15.0,20,1.0,1.0,2,1,2.0,1,2.0,3.0,1000,0.0,3.0,3.0,0,99.0,2.0,1,2.0,0,2019.0,52.0,1,38,999,1.0,0.0,0.0,0.0,0.0,5.0,400,1.0,1,2,0.0,1,2,3.0,4.0,1
0,338.0,7200.0,46,7200.0,0.0,84,1.0,98,1.0,15.0,21,1.0,1.0,2,1,2.0,1,2.0,3.0,1000,0.0,3.0,3.0,0,50.0,2.0,1,2.0,0,2019.0,52.0,1,38,999,6.0,0.0,0.0,0.0,0.0,5.0,400,1.0,1,2,0.0,1,2,3.0,4.0,1
0,501.0,56500.0,57,55000.0,55000.0,95,1.0,32,1.0,18.0,20,1.0,1.0,2,1,2.0,1,2.0,3.0,1000,0.0,3.0,3.0,0,40.0,2.0,1,2.0,0,1994.0,52.0,1,38,148,4.0,0.0,0.0,0.0,0.0,5.0,300,1.0,2,2,1500.0,1,2,3.0,4.0,1
0,501.0,48800.0,91,45000.0,40000.0,49,1.0,32,1.0,18.0,21,1.0,1.0,2,1,2.0,1,2.0,3.0,1000,0.0,3.0,3.0,0,40.0,2.0,1,2.0,0,1994.0,36.0,1,38,999,1.0,3800.0,0.0,0.0,0.0,5.0,300,1.0,1,2,0.0,1,2,3.0,4.0,1
0,328.0,50000.0,72,50000.0,50000.0,87,1.0,82,1.0,20.0,20,1.0,1.0,2,1,2.0,1,2.0,2.0,1000,0.0,2.0,2.0,0,40.0,2.0,1,2.0,0,2016.0,52.0,1,27,999,1.0,0.0,0.0,0.0,0.0,5.0,600,1.0,1,2,0.0,1,2,3.0,4.0,1
0,328.0,30000.0,34,30000.0,30000.0,74,1.0,82,1.0,21.0,21,1.0,1.0,2,1,2.0,1,2.0,2.0,1000,0.0,2.0,2.0,0,40.0,2.0,1,2.0,0,2016.0,52.0,1,27,999,1.0,0.0,0.0,0.0,0.0,5.0,600,1.0,1,2,0.0,1,2,2.0,4.0,1
0,306.0,30000.0,52,30000.0,30000.0,66,1.0,32,1.0,20.0,20,1.0,1.0,2,1,2.0,1,2.0,3.0,1000,0.0,3.0,3.0,0,40.0,2.0,1,2.0,0,2017.0,52.0,1,27,82,1.0,0.0,0.0,0.0,0.0,5.0,500,1.0,2,2,0.0,1,2,3.0,4.0,1
0,306.0,63300.0,05,63300.0,70000.0,69,1.0,82,1.0,20.0,21,1.0,1.0,2,1,2.0,1,2.0,3.0,1000,0.0,3.0,3.0,0,95.0,2.0,1,2.0,0,2017.0,52.0,1,38,142,1.0,0.0,0.0,0.0,0.0,5.0,500,1.0,2,2,0.0,1,2,3.0,4.0,1
0,276.0,65000.0,32,65000.0,65000.0,81,1.0,939,1.0,21.0,20,2.0,1.0,2,1,2.0,1,2.0,3.0,1000,0.0,3.0,3.0,0,32.0,2.0,1,2.0,0,2005.0,52.0,1,38,999,1.0,0.0,0.0,0.0,0.0,5.0,300,1.0,1,2,0.0,1,2,3.0,4.0,1
0,501.0,12000.0,28,0.0,0.0,74,6.0,11,2.0,21.0,25,6.0,2.0,2,5,2.0,1,2.0,2.0,1000,0.0,2.0,2.0,2,40.0,2.0,1,2.0,0,1995.0,52.0,1,38,32,1.0,0.0,6000.0,0.0,0.0,5.0,200,1.0,2,2,6000.0,1,2,3.0,4.0,1
0,501.0,86500.0,33,80000.0,80000.0,81,1.0,82,1.0,21.0,20,6.0,1.0,2,5,2.0,1,2.0,3.0,1000,0.0,3.0,3.0,0,40.0,2.0,1,2.0,0,1995.0,52.0,1,27,89,5.0,0.0,6500.0,0.0,0.0,5.0,600,1.0,2,2,0.0,1,2,3.0,4.0,1
0,172.0,27000.0,26,27000.0,27000.0,73,1.0,999,1.0,19.0,20,6.0,1.0,2,5,2.0,1,2.0,3.0,1000,0.0,3.0,3.0,0,27.0,2.0,1,2.0,0,1995.0,52.0,1,38,999,1.0,0.0,0.0,0.0,0.0,5.0,600,3.0,4,2,0.0,1,2,3.0,4.0,1
0,6.0,1000.0,13,1000.0,1000.0,07,6.0,939,1.0,19.0,34,6.0,2.0,2,5,2.0,1,2.0,2.0,1000,0.0,2.0,2.0,2,40.0,2.0,1,2.0,0,1995.0,13.0,1,27,999,1.0,0.0,0.0,0.0,0.0,5.0,600,3.0,1,2,0.0,1,2,3.0,4.0,1
0,44.0,7000.0,44,7000.0,7000.0,85,3.0,50,1.0,19.0,34,6.0,2.0,2,5,2.0,1,2.0,1.0,1000,0.0,2.0,2.0,2,20.0,2.0,1,2.0,0,1995.0,47.0,1,27,32,1.0,0.0,0.0,0.0,0.0,1.0,600,3.0,2,2,0.0,1,2,3.0,4.0,1
0,58.0,9100.0,15,9100.0,9100.0,07,6.0,999,1.0,16.0,34,6.0,2.0,2,5,2.0,1,2.0,1.0,1000,0.0,2.0,2.0,0,40.0,2.0,1,2.0,0,1995.0,13.0,1,27,999,1.0,0.0,0.0,0.0,0.0,3.0,600,3.0,4,2,0.0,1,2,3.0,4.0,1
1,159.0,25020.0,42,0.0,0.0,69,6.0,32,3.0,18.0,20,4.0,2.0,1,3,2.0,1,1.0,2.0,1000,0.0,2.0,2.0,0,40.0,1.0,1,2.0,0,1998.0,52.0,1,6,999,1.0,18000.0,7000.0,0.0,0.0,5.0,100,1.0,1,2,20.0,1,2,3.0,2.0,1
0,245.0,40000.0,02,40000.0,0.0,01,1.0,82,1.0,20.0,20,1.0,1.0,2,1,2.0,1,2.0,2.0,1000,0.0,2.0,2.0,1,60.0,2.0,1,2.0,0,1992.0,52.0,1,38,32,6.0,0.0,0.0,0.0,0.0,5.0,500,1.0,2,2,0.0,1,2,3.0,4.0,1
0,245.0,9800.0,42,0.0,0.0,69,6.0,82,3.0,20.0,21,1.0,2.0,2,1,2.0,1,2.0,2.0,1000,0.0,2.0,2.0,2,40.0,2.0,1,2.0,0,1992.0,52.0,1,38,32,1.0,9800.0,0.0,0.0,0.0,5.0,500,1.0,2,2,0.0,1,2,3.0,4.0,1
0,408.0,46800.0,47,40900.0,40900.0,54,1.0,32,1.0,18.0,25,4.0,1.0,2,3,2.0,1,2.0,3.0,1000,0.0,3.0,3.0,0,40.0,2.0,1,2.0,0,2008.0,52.0,1,38,999,2.0,0.0,0.0,7000.0,0.0,5.0,200,1.0,1,2,-1100.0,1,2,3.0,4.0,1
0,501.0,84000.0,20,84000.0,84000.0,78,1.0,32,1.0,22.0,20,1.0,1.0,2,1,2.0,1,2.0,3.0,1000,0.0,3.0,3.0,0,40.0,2.0,1,2.0,0,1991.0,52.0,1,27,50,3.0,0.0,0.0,0.0,0.0,5.0,200,1.0,2,2,0.0,1,2,3.0,4.0,1
0,280.0,80000.0,32,80000.0,80000.0,94,1.0,917,1.0,21.0,20,1.0,1.0,2,1,2.0,3,2.0,3.0,5013,0.0,3.0,3.0,0,60.0,2.0,3,2.0,1,2012.0,52.0,0,31,999,3.0,0.0,0.0,0.0,0.0,5.0,400,1.0,1,2,0.0,1,2,3.0,4.0,1
0,280.0,5000.0,13,0.0,0.0,07,6.0,917,2.0,20.0,21,1.0,2.0,1,1,1.0,3,2.0,2.0,5013,5000.0,2.0,2.0,0,40.0,1.0,3,2.0,1,2012.0,52.0,0,38,999,1.0,0.0,0.0,0.0,0.0,3.0,400,1.0,1,2,0.0,1,1,3.0,2.0,1
0,280.0,2000.0,40,0.0,0.0,86,6.0,917,2.0,13.0,26,6.0,2.0,2,5,2.0,30,2.0,2.0,9000,0.0,2.0,2.0,0,40.0,2.0,9,2.0,1,1995.0,52.0,0,46,999,1.0,0.0,0.0,2000.0,0.0,3.0,400,1.0,1,2,0.0,1,2,3.0,4.0,1
0,280.0,0.0,52,0.0,0.0,57,6.0,917,2.0,16.0,32,2.0,2.0,2,1,2.0,3,2.0,2.0,5009,0.0,2.0,2.0,0,40.0,2.0,3,2.0,1,2023.0,52.0,0,46,999,1.0,0.0,0.0,0.0,0.0,5.0,400,1.0,1,2,0.0,1,2,3.0,4.0,1
0,326.0,50000.0,82,50000.0,50000.0,26,1.0,924,1.0,19.0,20,6.0,1.0,2,5,2.0,1,2.0,3.0,1000,0.0,3.0,3.0,0,50.0,2.0,1,2.0,0,1995.0,50.0,1,13,999,5.0,0.0,0.0,0.0,0.0,5.0,600,1.0,1,2,0.0,1,2,3.0,4.0,1
0,314.0,89000.0,00,89000.0,89000.0,30,1.0,82,1.0,21.0,20,1.0,1.0,2,1,2.0,1,2.0,3.0,1000,0.0,3.0,3.0,0,50.0,2.0,1,2.0,0,2008.0,52.0,1,38,87,1.0,0.0,0.0,0.0,0.0,5.0,400,1.0,2,2,0.0,1,2,3.0,4.0,1
0,314.0,7500.0,23,7500.0,7500.0,78,1.0,50,1.0,21.0,21,1.0,1.0,2,1,2.0,1,2.0,3.0,1000,0.0,3.0,3.0,0,15.0,2.0,1,2.0,0,2008.0,24.0,1,38,32,3.0,0.0,0.0,0.0,0.0,5.0,400,1.0,2,2,0.0,1,2,3.0,4.0,1
0,501.0,110200.0,50,110000.0,110000.0,93,1.0,32,1.0,21.0,20,1.0,1.0,2,1,2.0,1,2.0,3.0,1000,0.0,3.0,3.0,0,40.0,2.0,1,2.0,0,2006.0,52.0,1,38,999,5.0,0.0,0.0,0.0,0.0,5.0,500,1.0,1,2,200.0,1,2,3.0,4.0,1
0,501.0,75200.0,32,75000.0,75000.0,94,1.0,89,1.0,21.0,21,1.0,1.0,2,1,2.0,1,2.0,3.0,1000,0.0,3.0,3.0,0,40.0,2.0,1,2.0,0,2006.0,52.0,1,27,999,3.0,0.0,0.0,0.0,0.0,5.0,500,1.0,1,2,200.0,1,2,3.0,4.0,1
1,131.0,0.0,81,0.0,0.0,88,6.0,920,2.0,16.0,25,4.0,2.0,2,3,2.0,3,2.0,2.0,5013,0.0,2.0,2.0,0,40.0,2.0,3,2.0,1,2003.0,52.0,0,38,999,1.0,0.0,0.0,0.0,0.0,5.0,100,1.0,1,2,0.0,1,2,3.0,4.0,1
0,489.0,100000.0,34,100000.0,100000.0,74,1.0,82,1.0,23.0,20,6.0,1.0,2,5,2.0,1,2.0,3.0,1000,0.0,2.0,2.0,0,40.0,2.0,1,2.0,0,1995.0,52.0,1,38,89,1.0,0.0,0.0,0.0,0.0,5.0,600,1.0,2,2,0.0,1,2,3.0,4.0,1
0,501.0,52000.0,60,52000.0,52000.0,01,1.0,32,1.0,19.0,20,1.0,1.0,2,1,2.0,1,2.0,3.0,1000,0.0,3.0,3.0,0,45.0,2.0,1,2.0,0,1986.0,52.0,1,38,82,1.0,0.0,0.0,0.0,0.0,5.0,200,1.0,2,2,0.0,1,2,3.0,4.0,1
0,501.0,105000.0,03,105000.0,105000.0,81,1.0,32,1.0,21.0,21,1.0,1.0,2,1,2.0,1,2.0,3.0,1000,0.0,3.0,3.0,0,36.0,2.0,1,2.0,0,1986.0,52.0,1,38,999,1.0,0.0,0.0,0.0,0.0,5.0,200,1.0,1,2,0.0,1,2,3.0,4.0,1
0,391.0,47000.0,23,47000.0,47000.0,78,1.0,720,1.0,21.0,20,1.0,1.0,2,1,2.0,6,2.0,3.0,4008,0.0,3.0,3.0,2,40.0,2.0,6,2.0,0,2022.0,52.0,0,233,999,3.0,0.0,0.0,0.0,0.0,5.0,200,3.0,1,2,0.0,4,2,3.0,4.0,1
0,391.0,32000.0,23,32000.0,32000.0,78,1.0,720,1.0,21.0,21,1.0,1.0,2,1,2.0,6,2.0,3.0,4008,0.0,3.0,3.0,2,40.0,2.0,6,2.0,0,2022.0,52.0,0,233,999,3.0,0.0,0.0,0.0,0.0,5.0,200,3.0,1,2,0.0,4,2,3.0,4.0,1
0,198.0,70000.0,38,70000.0,70000.0,96,4.0,939,1.0,21.0,20,1.0,1.0,2,1,2.0,1,2.0,3.0,1000,0.0,3.0,3.0,0,50.0,2.0,1,2.0,0,2008.0,52.0,1,53,999,5.0,0.0,0.0,0.0,0.0,5.0,200,1.0,1,2,0.0,1,2,3.0,1.0,1
0,198.0,0.0,42,0.0,0.0,69,6.0,939,3.0,21.0,21,1.0,2.0,2,1,2.0,20,2.0,2.0,9000,0.0,2.0,2.0,0,40.0,2.0,9,2.0,0,2008.0,52.0,1,15,720,1.0,0.0,0.0,0.0,0.0,5.0,200,1.0,2,2,0.0,1,2,3.0,4.0,1
0,438.0,60000.0,01,60000.0,60000.0,75,1.0,32,1.0,21.0,20,1.0,1.0,2,1,2.0,1,2.0,3.0,1000,0.0,3.0,3.0,0,40.0,2.0,1,2.0,0,2009.0,52.0,1,38,22,2.0,0.0,0.0,0.0,0.0,5.0,100,1.0,2,2,0.0,1,2,3.0,4.0,1
0,438.0,74000.0,86,50000.0,50000.0,69,1.0,917,1.0,16.0,21,1.0,1.0,2,1,2.0,17,2.0,3.0,9000,0.0,3.0,3.0,0,50.0,2.0,9,2.0,1,2009.0,52.0,1,6,50,1.0,0.0,24000.0,0.0,0.0,5.0,100,1.0,2,2,0.0,1,2,3.0,2.0,1
0,221.0,36000.0,25,0.0,0.0,95,6.0,22,2.0,21.0,20,1.0,2.0,1,1,2.0,1,1.0,2.0,1000,12000.0,2.0,2.0,0,40.0,1.0,1,1.0,0,2015.0,52.0,1,30,999,5.0,0.0,0.0,24000.0,0.0,5.0,400,1.0,1,2,0.0,1,1,3.0,2.0,1
0,221.0,10280.0,83,680.0,680.0,82,1.0,68,1.0,21.0,21,1.0,1.0,1,1,2.0,1,2.0,3.0,1000,9600.0,3.0,3.0,0,43.0,1.0,1,2.0,0,2015.0,4.0,1,17,999,1.0,0.0,0.0,0.0,0.0,5.0,400,1.0,1,2,0.0,1,2,3.0,2.0,1
0,501.0,52000.0,56,52000.0,52000.0,39,1.0,94,1.0,19.0,21,1.0,1.0,2,1,2.0,16,2.0,3.0,9000,0.0,3.0,3.0,0,40.0,2.0,9,2.0,0,2017.0,52.0,1,41,999,1.0,0.0,0.0,0.0,0.0,5.0,100,1.0,1,2,0.0,1,2,3.0,4.0,1
0,501.0,103600.0,02,100000.0,100000.0,07,1.0,999,1.0,1.0,20,1.0,1.0,2,1,2.0,1,2.0,3.0,1000,0.0,3.0,3.0,2,50.0,2.0,1,2.0,0,2005.0,52.0,1,38,999,1.0,0.0,3600.0,0.0,0.0,5.0,600,1.0,4,2,0.0,1,2,3.0,4.0,1
0,501.0,75000.0,38,75000.0,75000.0,94,1.0,999,1.0,21.0,21,1.0,1.0,2,1,2.0,1,2.0,3.0,1000,0.0,3.0,3.0,0,40.0,2.0,1,2.0,0,2005.0,52.0,1,38,999,3.0,0.0,0.0,0.0,0.0,5.0,600,1.0,4,2,0.0,1,2,3.0,4.0,1
0,454.0,44000.0,23,44000.0,44000.0,78,1.0,32,1.0,21.0,20,1.0,1.0,2,1,2.0,17,2.0,3.0,9000,0.0,3.0,3.0,0,40.0,2.0,9,2.0,1,2021.0,52.0,1,30,26,4.0,0.0,0.0,0.0,0.0,5.0,600,1.0,2,2,0.0,1,2,3.0,4.0,1
0,454.0,64000.0,23,64000.0,64000.0,78,1.0,32,1.0,21.0,21,1.0,1.0,2,1,2.0,1,2.0,3.0,1000,0.0,3.0,3.0,0,40.0,2.0,1,2.0,0,2021.0,52.0,1,46,50,4.0,0.0,0.0,0.0,0.0,5.0,600,1.0,2,2,0.0,1,2,3.0,3.0,1
1,34.0,8400.0,43,8400.0,8400.0,90,6.0,920,1.0,16.0,20,6.0,2.0,2,5,2.0,17,2.0,2.0,9000,0.0,2.0,2.0,0,40.0,2.0,9,2.0,1,1995.0,8.0,1,38,32,1.0,0.0,0.0,0.0,0.0,5.0,300,1.0,2,2,0.0,1,2,3.0,4.0,1
1,7.0,1100.0,42,0.0,0.0,69,6.0,917,3.0,16.0,20,4.0,2.0,2,3,2.0,1,2.0,2.0,1000,0.0,2.0,2.0,0,40.0,2.0,1,2.0,0,1989.0,52.0,1,38,82,1.0,0.0,1100.0,0.0,0.0,5.0,600,1.0,2,2,0.0,1,2,3.0,4.0,1
0,501.0,52000.0,51,52000.0,52000.0,93,1.0,32,1.0,16.0,20,1.0,1.0,2,1,2.0,1,2.0,3.0,1000,0.0,3.0,3.0,0,38.0,2.0,1,2.0,0,1984.0,52.0,1,27,50,3.0,0.0,0.0,0.0,0.0,5.0,200,1.0,2,2,0.0,1,2,3.0,4.0,1
0,501.0,71000.0,62,71000.0,71000.0,07,1.0,32,1.0,20.0,21,1.0,1.0,2,1,2.0,1,2.0,3.0,1000,0.0,3.0,3.0,0,40.0,2.0,1,2.0,0,1984.0,52.0,1,30,82,3.0,0.0,0.0,0.0,0.0,5.0,200,1.0,2,2,0.0,1,2,3.0,4.0,1
0,396.0,61000.0,28,61000.0,61000.0,94,1.0,82,1.0,21.0,20,6.0,1.0,2,5,2.0,1,2.0,3.0,1000,0.0,3.0,3.0,0,40.0,2.0,1,2.0,0,1995.0,52.0,1,37,26,4.0,0.0,0.0,0.0,0.0,5.0,300,1.0,2,2,0.0,1,2,3.0,4.0,1
0,0.0,0.0,96,0.0,0.0,53,6.0,82,2.0,16.0,20,4.0,2.0,1,3,1.0,29,2.0,2.0,9000,0.0,2.0,2.0,0,40.0,2.0,9,2.0,0,1998.0,52.0,1,27,999,1.0,0.0,0.0,0.0,0.0,5.0,400,1.0,1,1,0.0,1,2,3.0,4.0,1
0,463.0,44000.0,57,36500.0,36500.0,78,1.0,32,1.0,20.0,20,1.0,1.0,2,1,2.0,1,2.0,3.0,1000,0.0,3.0,3.0,2,40.0,2.0,1,2.0,0,1991.0,52.0,1,38,999,4.0,0.0,2500.0,0.0,0.0,5.0,300,1.0,1,2,5000.0,1,2,3.0,4.0,1
0,463.0,48000.0,62,48000.0,48000.0,07,1.0,32,1.0,20.0,21,1.0,1.0,2,1,2.0,1,2.0,3.0,1000,0.0,3.0,3.0,2,40.0,2.0,1,2.0,0,1991.0,52.0,1,38,999,1.0,0.0,0.0,0.0,0.0,5.0,300,1.0,1,2,0.0,1,2,3.0,4.0,1
0,363.0,30000.0,36,30000.0,30000.0,79,1.0,98,1.0,21.0,20,1.0,1.0,2,1,2.0,1,2.0,3.0,1000,0.0,3.0,3.0,0,24.0,2.0,1,2.0,0,2004.0,52.0,1,38,999,1.0,0.0,0.0,0.0,0.0,5.0,300,1.0,1,2,0.0,1,2,3.0,4.0,1
0,363.0,120000.0,73,75000.0,75000.0,30,1.0,98,1.0,19.0,21,1.0,1.0,2,1,2.0,1,2.0,3.0,1000,0.0,3.0,3.0,0,50.0,2.0,1,2.0,0,2004.0,52.0,1,38,999,1.0,0.0,0.0,0.0,0.0,5.0,300,1.0,1,2,45000.0,1,2,3.0,2.0,1
0,363.0,0.0,42,0.0,0.0,69,6.0,98,3.0,16.0,25,6.0,2.0,2,5,2.0,1,2.0,2.0,1000,0.0,2.0,2.0,0,40.0,2.0,1,2.0,0,1995.0,52.0,1,38,999,1.0,0.0,0.0,0.0,0.0,5.0,300,1.0,1,2,0.0,1,2,3.0,4.0,1
0,285.0,44800.0,53,19000.0,19000.0,78,1.0,32,1.0,18.0,20,4.0,1.0,2,3,2.0,1,2.0,2.0,1000,6000.0,2.0,2.0,0,40.0,2.0,1,2.0,0,1979.0,39.0,1,27,999,3.0,19800.0,0.0,0.0,0.0,3.0,400,1.0,1,2,0.0,1,2,3.0,4.0,1
0,501.0,127000.0,04,127000.0,125000.0,07,1.0,32,1.0,21.0,20,6.0,1.0,2,5,2.0,1,2.0,3.0,1000,0.0,3.0,3.0,0,50.0,2.0,1,2.0,0,1995.0,52.0,1,38,142,1.0,0.0,0.0,0.0,0.0,5.0,600,1.0,2,2,0.0,1,2,3.0,4.0,1
0,404.0,80000.0,10,80000.0,80000.0,93,1.0,32,1.0,21.0,20,1.0,1.0,2,1,2.0,1,2.0,3.0,1000,0.0,3.0,3.0,0,40.0,2.0,1,2.0,0,2004.0,52.0,1,38,20,4.0,0.0,0.0,0.0,0.0,5.0,300,1.0,2,2,0.0,1,2,3.0,4.0,1
0,404.0,40000.0,04,40000.0,20000.0,76,1.0,32,1.0,18.0,21,1.0,1.0,2,1,2.0,1,2.0,3.0,1000,0.0,3.0,3.0,0,20.0,2.0,1,2.0,0,2004.0,26.0,1,38,24,1.0,0.0,0.0,0.0,0.0,5.0,300,1.0,2,2,0.0,1,2,3.0,4.0,1
0,289.0,45000.0,23,45000.0,45000.0,78,1.0,32,1.0,21.0,20,6.0,1.0,2,5,2.0,1,2.0,3.0,1000,0.0,3.0,3.0,0,40.0,2.0,1,2.0,0,1995.0,52.0,1,46,82,3.0,0.0,0.0,0.0,0.0,5.0,300,3.0,2,2,0.0,1,2,3.0,4.0,1
0,501.0,113000.0,03,113000.0,113000.0,81,2.0,234,1.0,21.0,20,6.0,1.0,2,5,2.0,29,2.0,3.0,9000,0.0,2.0,1.0,0,40.0,2.0,9,2.0,0,1995.0,52.0,1,364,999,1.0,0.0,0.0,0.0,0.0,5.0,600,1.0,1,2,0.0,3,2,3.0,4.0,16
1,501.0,0.0,42,0.0,0.0,69,6.0,234,3.0,16.0,29,4.0,2.0,1,3,1.0,29,1.0,2.0,9000,0.0,2.0,2.0,0,40.0,1.0,9,2.0,0,1985.0,52.0,1,364,999,1.0,0.0,0.0,0.0,0.0,5.0,600,1.0,1,2,0.0,3,2,3.0,4.0,16
0,501.0,9600.0,00,0.0,0.0,78,6.0,32,2.0,22.0,20,1.0,2.0,2,1,2.0,1,2.0,2.0,1000,0.0,2.0,2.0,0,40.0,2.0,1,2.0,0,1994.0,52.0,1,38,999,3.0,0.0,9600.0,0.0,0.0,5.0,500,1.0,1,2,0.0,1,2,3.0,4.0,1
0,501.0,120000.0,01,120000.0,120000.0,38,1.0,999,1.0,21.0,21,1.0,1.0,2,1,2.0,1,2.0,3.0,1000,0.0,3.0,3.0,0,50.0,2.0,1,2.0,0,1994.0,52.0,1,38,999,1.0,0.0,0.0,0.0,0.0,5.0,500,1.0,4,2,0.0,1,2,3.0,4.0,1
0,501.0,175000.0,48,125000.0,125000.0,42,1.0,82,1.0,16.0,20,1.0,1.0,2,1,2.0,1,2.0,2.0,1000,0.0,2.0,2.0,0,40.0,2.0,1,2.0,0,1979.0,52.0,1,19,999,1.0,0.0,46000.0,0.0,0.0,5.0,200,1.0,1,2,4000.0,1,2,3.0,4.0,1
0,501.0,8800.0,41,0.0,0.0,84,6.0,32,2.0,16.0,21,1.0,2.0,2,1,2.0,1,2.0,2.0,1000,0.0,2.0,2.0,0,40.0,2.0,1,2.0,0,1979.0,52.0,1,19,142,1.0,8800.0,0.0,0.0,0.0,2.0,200,1.0,2,2,0.0,1,2,2.0,4.0,1
0,501.0,35000.0,45,35000.0,0.0,89,1.0,82,1.0,19.0,20,1.0,1.0,2,1,2.0,1,2.0,2.0,1000,0.0,2.0,2.0,0,30.0,2.0,1,2.0,0,2001.0,52.0,1,27,999,6.0,0.0,0.0,0.0,0.0,3.0,600,1.0,1,2,0.0,1,2,2.0,4.0,1
0,501.0,180000.0,08,180000.0,180000.0,01,1.0,82,1.0,21.0,21,1.0,1.0,2,1,2.0,1,2.0,2.0,1000,0.0,2.0,2.0,0,40.0,2.0,1,2.0,0,2001.0,52.0,1,38,999,1.0,0.0,0.0,0.0,0.0,5.0,600,1.0,1,2,0.0,1,2,2.0,4.0,1
0,501.0,800.0,41,800.0,800.0,85,6.0,82,1.0,14.0,25,6.0,2.0,2,5,2.0,1,2.0,2.0,1000,0.0,2.0,2.0,0,10.0,2.0,1,2.0,0,1995.0,8.0,1,38,999,1.0,0.0,0.0,0.0,0.0,3.0,600,1.0,1,2,0.0,1,2,3.0,4.0,1
0,203.0,80000.0,02,80000.0,80000.0,01,1.0,32,1.0,20.0,20,1.0,1.0,2,1,2.0,1,2.0,3.0,1000,0.0,3.0,3.0,0,60.0,2.0,1,2.0,0,2011.0,52.0,1,46,999,1.0,0.0,0.0,0.0,0.0,5.0,400,1.0,1,2,0.0,1,2,3.0,4.0,1
0,203.0,1000.0,23,1000.0,700.0,78,6.0,32,1.0,21.0,21,1.0,2.0,2,1,2.0,1,2.0,2.0,1000,0.0,2.0,2.0,0,4.0,2.0,1,2.0,0,2011.0,18.0,1,46,82,6.0,0.0,0.0,0.0,0.0,5.0,400,1.0,2,2,0.0,1,2,3.0,4.0,1
0,501.0,94150.0,72,94000.0,94000.0,87,1.0,32,1.0,16.0,20,6.0,1.0,2,5,2.0,1,2.0,3.0,1000,0.0,3.0,3.0,0,50.0,2.0,1,2.0,0,1995.0,52.0,1,38,82,1.0,0.0,0.0,0.0,0.0,5.0,600,1.0,2,2,150.0,1,2,3.0,4.0,1
0,450.0,118800.0,88,115000.0,115000.0,73,1.0,999,1.0,21.0,20,1.0,1.0,2,1,2.0,1,2.0,3.0,1000,0.0,3.0,3.0,0,40.0,2.0,1,2.0,0,2012.0,52.0,1,27,999,1.0,0.0,0.0,3800.0,0.0,5.0,600,1.0,4,2,0.0,1,2,3.0,3.0,1
0,450.0,18000.0,46,18000.0,18000.0,84,1.0,999,1.0,18.0,21,1.0,1.0,2,1,2.0,1,2.0,3.0,1000,0.0,3.0,3.0,0,20.0,2.0,1,2.0,0,2012.0,52.0,1,38,999,1.0,0.0,0.0,0.0,0.0,5.0,600,1.0,4,2,0.0,1,2,3.0,4.0,1
0,327.0,34800.0,71,34800.0,34800.0,96,4.0,3,1.0,19.0,20,1.0,1.0,2,1,2.0,1,2.0,3.0,1000,0.0,3.0,3.0,0,40.0,2.0,1,2.0,0,2023.0,52.0,1,9,999,5.0,0.0,0.0,0.0,0.0,5.0,200,3.0,1,2,0.0,1,2,3.0,1.0,1
0,327.0,31600.0,51,31600.0,31600.0,72,1.0,32,1.0,18.0,21,1.0,1.0,2,1,2.0,1,2.0,3.0,1000,0.0,3.0,3.0,0,40.0,2.0,1,2.0,0,2023.0,52.0,1,38,125,1.0,0.0,0.0,0.0,0.0,5.0,200,3.0,2,2,0.0,1,2,3.0,4.0,1
0,501.0,110000.0,11,110000.0,110000.0,30,1.0,32,1.0,22.0,20,1.0,1.0,2,1,2.0,1,2.0,3.0,1000,0.0,3.0,3.0,0,40.0,2.0,1,2.0,0,2003.0,52.0,1,38,87,1.0,0.0,0.0,0.0,0.0,5.0,400,1.0,2,2,0.0,1,2,3.0,4.0,1
0,501.0,82000.0,08,82000.0,82000.0,30,1.0,32,1.0,20.0,21,1.0,1.0,2,1,2.0,1,2.0,3.0,1000,0.0,3.0,3.0,0,50.0,2.0,1,2.0,0,2003.0,52.0,1,38,82,1.0,0.0,0.0,0.0,0.0,5.0,400,1.0,2,2,0.0,1,2,3.0,4.0,1
1,501.0,15000.0,54,15000.0,15000.0,74,1.0,22,1.0,19.0,20,1.0,1.0,1,1,2.0,1,2.0,3.0,1000,0.0,3.0,3.0,0,24.0,2.0,1,2.0,0,2000.0,50.0,1,16,89,1.0,0.0,0.0,0.0,0.0,5.0,200,1.0,2,2,0.0,1,1,3.0,4.0,1
1,501.0,152000.0,91,152000.0,150000.0,61,1.0,22,1.0,16.0,21,1.0,1.0,2,1,2.0,1,2.0,3.0,1000,0.0,3.0,3.0,0,70.0,2.0,1,2.0,0,2000.0,30.0,1,16,89,6.0,0.0,0.0,0.0,0.0,5.0,200,1.0,2,2,0.0,1,2,3.0,4.0,1
1,501.0,2000.0,62,2000.0,2000.0,07,6.0,22,1.0,15.0,25,6.0,2.0,2,5,2.0,1,2.0,2.0,1000,0.0,2.0,2.0,0,40.0,2.0,1,2.0,0,1995.0,6.0,1,16,89,1.0,0.0,0.0,0.0,0.0,5.0,200,1.0,2,2,0.0,1,2,3.0,4.0,1
0,253.0,40000.0,96,40000.0,40000.0,53,1.0,924,1.0,17.0,20,6.0,1.0,2,5,2.0,17,2.0,3.0,9000,0.0,3.0,3.0,0,40.0,2.0,9,2.0,1,1995.0,52.0,1,53,50,1.0,0.0,0.0,0.0,0.0,5.0,300,1.0,2,2,0.0,1,2,3.0,4.0,1
0,501.0,40000.0,23,40000.0,40000.0,78,1.0,32,1.0,21.0,20,1.0,1.0,2,1,2.0,1,2.0,3.0,1000,0.0,3.0,3.0,2,45.0,2.0,1,2.0,0,1999.0,52.0,1,38,999,3.0,0.0,0.0,0.0,0.0,5.0,400,1.0,1,2,0.0,1,2,3.0,4.0,1
0,501.0,128000.0,02,128000.0,48000.0,01,1.0,32,1.0,16.0,21,1.0,1.0,2,1,2.0,1,2.0,3.0,1000,0.0,3.0,3.0,2,60.0,2.0,1,2.0,0,1999.0,52.0,1,38,999,1.0,0.0,0.0,0.0,0.0,5.0,400,1.0,1,2,0.0,1,2,3.0,4.0,1
0,501.0,70000.0,22,70000.0,70000.0,78,1.0,82,1.0,24.0,21,1.0,1.0,2,1,2.0,1,2.0,3.0,1000,0.0,3.0,3.0,0,40.0,2.0,1,2.0,0,2014.0,52.0,1,38,999,4.0,0.0,0.0,0.0,0.0,5.0,600,1.0,1,2,0.0,1,2,3.0,4.0,1
1,43.0,6800.0,42,0.0,0.0,69,6.0,917,3.0,19.0,20,4.0,2.0,1,3,2.0,17,1.0,2.0,9000,6800.0,2.0,2.0,0,40.0,1.0,9,1.0,1,2009.0,52.0,1,55,26,1.0,0.0,0.0,0.0,0.0,5.0,600,1.0,2,2,0.0,1,2,3.0,4.0,1
0,239.0,37500.0,87,26000.0,26000.0,28,1.0,935,1.0,17.0,22,6.0,1.0,2,5,2.0,1,2.0,3.0,1000,0.0,3.0,3.0,0,55.0,2.0,1,2.0,0,1995.0,52.0,1,26,82,1.0,0.0,11500.0,0.0,0.0,5.0,600,1.0,2,2,0.0,1,2,3.0,2.0,1
0,348.0,53000.0,32,53000.0,53000.0,81,1.0,82,1.0,20.0,36,2.0,1.0,2,1,2.0,1,2.0,3.0,1000,0.0,3.0,3.0,0,40.0,2.0,1,2.0,0,1993.0,52.0,1,38,999,2.0,0.0,0.0,0.0,0.0,5.0,200,3.0,1,2,0.0,1,2,3.0,4.0,1
0,240.0,72000.0,20,72000.0,72000.0,82,1.0,32,1.0,22.0,20,4.0,1.0,2,3,2.0,1,2.0,2.0,1000,0.0,2.0,2.0,0,40.0,2.0,1,2.0,0,2011.0,48.0,1,38,94,1.0,0.0,0.0,0.0,0.0,5.0,500,3.0,2,2,0.0,1,2,3.0,4.0,1
0,464.0,117000.0,70,117000.0,117000.0,66,1.0,82,1.0,20.0,20,1.0,1.0,2,1,2.0,1,2.0,3.0,1000,0.0,3.0,3.0,0,40.0,2.0,1,2.0,0,2001.0,52.0,1,27,89,1.0,0.0,0.0,0.0,0.0,5.0,500,1.0,2,2,0.0,1,2,3.0,4.0,1
0,464.0,22000.0,26,22000.0,22000.0,54,1.0,142,1.0,18.0,21,1.0,1.0,2,1,2.0,1,2.0,3.0,1000,0.0,3.0,3.0,0,32.0,2.0,1,2.0,0,2001.0,52.0,1,27,999,1.0,0.0,0.0,0.0,0.0,5.0,500,1.0,1,2,0.0,1,2,3.0,4.0,1
0,464.0,2400.0,42,2400.0,2400.0,50,1.0,142,1.0,15.0,25,6.0,1.0,1,5,2.0,1,1.0,3.0,1000,0.0,3.0,3.0,0,5.0,2.0,1,2.0,0,1995.0,50.0,1,27,82,1.0,0.0,0.0,0.0,0.0,5.0,500,1.0,2,2,0.0,1,2,3.0,4.0,1
0,464.0,1200.0,47,1200.0,1200.0,50,1.0,142,1.0,14.0,25,6.0,1.0,2,5,2.0,1,2.0,3.0,1000,0.0,3.0,3.0,0,12.0,2.0,1,2.0,0,1995.0,10.0,1,27,82,1.0,0.0,0.0,0.0,0.0,5.0,500,1.0,2,2,0.0,1,2,3.0,4.0,1
0,125.0,22300.0,42,0.0,0.0,69,6.0,82,3.0,20.0,20,1.0,2.0,1,1,2.0,1,1.0,2.0,1000,0.0,2.0,2.0,2,40.0,1.0,1,2.0,0,2020.0,52.0,1,38,89,1.0,14400.0,0.0,0.0,3900.0,5.0,200,3.0,2,1,4000.0,1,1,3.0,4.0,1
0,125.0,2860.0,42,0.0,0.0,69,6.0,917,3.0,19.0,21,1.0,2.0,1,1,2.0,3,1.0,2.0,5024,0.0,2.0,2.0,2,40.0,1.0,3,2.0,1,2020.0,52.0,0,38,935,1.0,2300.0,0.0,0.0,560.0,5.0,200,3.0,2,2,0.0,1,1,3.0,4.0,1
1,11.0,1800.0,62,1800.0,0.0,07,6.0,700,1.0,1.0,20,4.0,2.0,2,3,2.0,10,2.0,1.0,4006,0.0,2.0,2.0,0,8.0,2.0,6,2.0,0,2005.0,5.0,0,205,999,6.0,0.0,0.0,0.0,0.0,5.0,400,1.0,1,2,0.0,4,2,3.0,4.0,1
1,150.0,23500.0,42,0.0,0.0,69,6.0,999,3.0,20.0,20,6.0,2.0,2,5,2.0,1,2.0,3.0,1000,0.0,2.0,2.0,0,40.0,2.0,1,2.0,0,1995.0,52.0,1,38,999,1.0,23500.0,0.0,0.0,0.0,5.0,400,3.0,4,2,0.0,1,2,3.0,4.0,1
0,191.0,30000.0,07,30000.0,30000.0,73,1.0,999,1.0,16.0,22,6.0,1.0,2,5,2.0,1,2.0,3.0,1000,0.0,3.0,3.0,0,60.0,2.0,1,2.0,0,1995.0,52.0,1,27,999,1.0,0.0,0.0,0.0,0.0,5.0,400,3.0,4,2,0.0,1,2,3.0,4.0,1
0,413.0,63000.0,22,63000.0,63000.0,78,1.0,50,1.0,22.0,20,6.0,1.0,2,5,2.0,1,2.0,3.0,1000,0.0,3.0,3.0,0,40.0,2.0,1,2.0,0,1995.0,52.0,1,27,26,1.0,0.0,0.0,0.0,0.0,5.0,500,1.0,2,2,0.0,1,2,3.0,4.0,1
0,486.0,0.0,42,0.0,0.0,69,6.0,22,3.0,17.0,21,1.0,2.0,2,1,2.0,1,2.0,2.0,1000,0.0,2.0,2.0,0,40.0,2.0,1,2.0,0,1979.0,52.0,1,6,999,1.0,0.0,0.0,0.0,0.0,5.0,300,1.0,1,2,0.0,1,2,3.0,4.0,1
0,357.0,56000.0,38,56000.0,56000.0,94,1.0,210,1.0,16.0,20,6.0,1.0,2,5,2.0,15,2.0,3.0,8000,0.0,3.0,3.0,0,40.0,2.0,8,2.0,0,1995.0,52.0,0,12,200,3.0,0.0,0.0,0.0,0.0,5.0,200,3.0,2,2,0.0,1,2,3.0,4.0,2
0,501.0,120000.0,15,120000.0,120000.0,95,1.0,32,1.0,21.0,20,1.0,1.0,2,1,2.0,1,2.0,3.0,1000,0.0,3.0,3.0,0,45.0,2.0,1,2.0,0,2009.0,52.0,1,38,82,4.0,0.0,0.0,0.0,0.0,5.0,300,1.0,2,2,0.0,1,2,3.0,4.0,1
0,501.0,100000.0,51,100000.0,0.0,68,1.0,32,1.0,16.0,21,1.0,1.0,2,1,2.0,1,2.0,3.0,1000,0.0,3.0,3.0,0,50.0,2.0,1,2.0,0,2009.0,52.0,1,38,82,6.0,0.0,0.0,0.0,0.0,5.0,300,1.0,2,2,0.0,1,2,3.0,4.0,1
0,128.0,22800.0,42,0.0,0.0,69,6.0,50,3.0,21.0,21,1.0,2.0,1,1,2.0,1,1.0,3.0,1000,0.0,2.0,3.0,2,40.0,1.0,1,1.0,0,1985.0,52.0,1,38,32,1.0,22800.0,0.0,0.0,0.0,5.0,500,3.0,2,2,0.0,1,2,3.0,4.0,1
0,415.0,100000.0,47,100000.0,100000.0,57,1.0,82,1.0,21.0,20,1.0,1.0,2,1,2.0,1,2.0,3.0,1000,0.0,3.0,3.0,0,40.0,2.0,1,2.0,0,2000.0,52.0,1,38,999,1.0,0.0,0.0,0.0,0.0,5.0,600,1.0,1,2,0.0,1,2,3.0,4.0,1
0,415.0,0.0,48,0.0,0.0,61,6.0,82,2.0,20.0,21,1.0,2.0,2,1,2.0,1,2.0,2.0,1000,0.0,2.0,2.0,0,40.0,2.0,1,2.0,0,2000.0,52.0,1,38,999,1.0,0.0,0.0,0.0,0.0,5.0,600,1.0,1,2,0.0,1,2,3.0,4.0,1
0,501.0,0.0,42,0.0,0.0,69,6.0,211,3.0,17.0,21,1.0,2.0,2,1,2.0,29,2.0,2.0,9000,0.0,2.0,2.0,2,40.0,2.0,9,2.0,0,2000.0,52.0,1,4,999,1.0,0.0,0.0,0.0,0.0,5.0,100,1.0,1,2,0.0,1,2,3.0,4.0,2
0,501.0,84000.0,32,84000.0,84000.0,79,1.0,32,1.0,20.0,20,1.0,1.0,2,1,2.0,1,2.0,3.0,1000,0.0,3.0,3.0,0,40.0,2.0,1,2.0,0,2004.0,52.0,1,27,50,2.0,0.0,0.0,0.0,0.0,5.0,500,1.0,2,2,0.0,1,2,3.0,4.0,1
0,501.0,103000.0,14,103000.0,103000.0,66,1.0,88,1.0,21.0,21,1.0,1.0,2,1,2.0,1,2.0,3.0,1000,0.0,3.0,3.0,0,40.0,2.0,1,2.0,0,2004.0,52.0,1,38,999,1.0,0.0,0.0,0.0,0.0,5.0,500,1.0,1,2,0.0,1,2,3.0,3.0,1
0,501.0,0.0,23,0.0,0.0,78,6.0,32,2.0,21.0,21,1.0,2.0,2,1,2.0,1,2.0,2.0,1000,0.0,2.0,2.0,0,40.0,2.0,1,2.0,0,2015.0,52.0,1,38,82,3.0,0.0,0.0,0.0,0.0,5.0,500,1.0,2,2,0.0,1,2,3.0,4.0,1
0,63.0,10000.0,27,10000.0,10000.0,85,1.0,999,1.0,19.0,20,6.0,1.0,2,5,2.0,1,2.0,3.0,1000,0.0,3.0,3.0,2,23.0,2.0,1,2.0,0,1995.0,40.0,1,27,999,2.0,0.0,0.0,0.0,0.0,5.0,600,1.0,4,2,0.0,1,2,3.0,4.0,1
0,31.0,5000.0,36,5000.0,5000.0,81,1.0,999,1.0,16.0,34,6.0,1.0,2,5,2.0,1,2.0,3.0,1000,0.0,3.0,3.0,2,40.0,2.0,1,2.0,0,1995.0,52.0,1,27,999,1.0,0.0,0.0,0.0,0.0,5.0,600,1.0,4,2,0.0,1,2,3.0,4.0,1
0,99.0,15600.0,51,15600.0,15600.0,68,1.0,999,1.0,18.0,34,6.0,1.0,2,5,2.0,1,2.0,3.0,1000,0.0,3.0,3.0,2,20.0,2.0,1,2.0,0,1995.0,49.0,1,38,999,1.0,0.0,0.0,0.0,0.0,5.0,600,1.0,4,2,0.0,1,2,3.0,4.0,1
0,1.0,230.0,52,230.0,230.0,85,1.0,999,1.0,17.0,34,6.0,1.0,2,5,2.0,1,2.0,3.0,1000,0.0,3.0,3.0,2,4.0,2.0,1,2.0,0,1995.0,1.0,1,27,999,1.0,0.0,0.0,0.0,0.0,5.0,600,1.0,4,2,0.0,1,2,3.0,4.0,1
0,320.0,50000.0,60,50000.0,50000.0,01,1.0,32,1.0,16.0,20,6.0,1.0,1,5,2.0,1,2.0,3.0,1000,0.0,3.0,3.0,0,90.0,2.0,1,2.0,0,1995.0,52.0,1,38,26,1.0,0.0,0.0,0.0,0.0,5.0,600,1.0,2,1,0.0,1,2,3.0,3.0,1
0,390.0,53000.0,55,50000.0,50000.0,63,1.0,999,1.0,16.0,20,1.0,1.0,2,1,2.0,1,2.0,3.0,1000,0.0,3.0,3.0,0,44.0,2.0,1,2.0,0,2013.0,52.0,1,27,999,5.0,0.0,0.0,0.0,0.0,5.0,400,1.0,4,2,3000.0,1,2,3.0,4.0,1
0,390.0,65000.0,81,65000.0,65000.0,30,1.0,999,1.0,13.0,21,1.0,1.0,2,1,2.0,1,2.0,3.0,1000,0.0,3.0,3.0,0,50.0,2.0,1,2.0,0,2013.0,52.0,1,27,999,1.0,0.0,0.0,0.0,0.0,5.0,400,1.0,4,2,0.0,1,2,3.0,4.0,1
0,501.0,73030.0,63,73000.0,73000.0,07,1.0,171,1.0,16.0,25,6.0,1.0,2,5,2.0,1,2.0,2.0,1000,0.0,2.0,3.0,0,40.0,2.0,1,2.0,0,1995.0,52.0,1,38,32,1.0,0.0,0.0,0.0,0.0,5.0,100,1.0,2,2,30.0,1,2,3.0,4.0,1
0,433.0,48000.0,32,48000.0,48000.0,81,1.0,996,1.0,21.0,20,1.0,1.0,2,1,2.0,1,2.0,3.0,1000,0.0,3.0,3.0,0,36.0,2.0,1,2.0,0,2017.0,52.0,1,27,999,1.0,0.0,0.0,0.0,0.0,5.0,600,1.0,3,2,0.0,1,2,3.0,4.0,1
0,433.0,56000.0,73,56000.0,56000.0,24,1.0,999,1.0,20.0,21,1.0,1.0,2,1,2.0,1,2.0,3.0,1000,0.0,3.0,3.0,0,40.0,2.0,1,2.0,0,2017.0,52.0,1,27,999,1.0,0.0,0.0,0.0,0.0,5.0,600,1.0,4,2,0.0,1,2,3.0,4.0,1
0,501.0,167000.0,04,167000.0,167000.0,89,1.0,89,1.0,21.0,25,2.0,1.0,2,1,2.0,1,2.0,3.0,1000,0.0,3.0,3.0,0,50.0,2.0,1,2.0,0,2020.0,52.0,1,38,20,1.0,0.0,0.0,0.0,0.0,5.0,200,1.0,2,2,0.0,1,2,3.0,4.0,1
0,501.0,45000.0,42,0.0,0.0,69,6.0,32,3.0,21.0,20,1.0,2.0,2,1,2.0,1,2.0,2.0,1000,0.0,2.0,2.0,0,40.0,2.0,1,2.0,0,1993.0,52.0,1,46,148,1.0,0.0,0.0,0.0,0.0,5.0,600,1.0,2,2,45000.0,1,2,3.0,4.0,1
0,501.0,90000.0,07,90000.0,90000.0,69,1.0,82,1.0,21.0,21,1.0,1.0,2,1,2.0,1,2.0,3.0,1000,0.0,3.0,3.0,0,40.0,2.0,1,2.0,0,1993.0,52.0,1,38,89,1.0,0.0,0.0,0.0,0.0,5.0,600,1.0,2,2,0.0,1,2,3.0,4.0,1
0,501.0,16000.0,52,16000.0,16000.0,48,1.0,32,1.0,20.0,25,6.0,1.0,2,5,2.0,1,2.0,3.0,1000,0.0,3.0,3.0,0,30.0,2.0,1,2.0,0,1995.0,34.0,1,38,148,1.0,0.0,0.0,0.0,0.0,5.0,600,1.0,2,2,0.0,1,2,3.0,4.0,1
0,501.0,40000.0,81,40000.0,40000.0,29,1.0,32,1.0,20.0,25,6.0,1.0,2,5,2.0,1,2.0,3.0,1000,0.0,3.0,3.0,0,40.0,2.0,1,2.0,0,1995.0,52.0,1,38,148,1.0,0.0,0.0,0.0,0.0,5.0,600,1.0,2,2,0.0,1,2,3.0,4.0,1
0,501.0,4500.0,39,4500.0,4500.0,85,6.0,32,1.0,15.0,25,6.0,2.0,2,5,2.0,1,2.0,2.0,1000,0.0,2.0,2.0,0,30.0,2.0,1,2.0,0,1995.0,10.0,1,38,148,2.0,0.0,0.0,0.0,0.0,5.0,600,1.0,2,2,0.0,1,2,3.0,4.0,1
1,113.0,17800.0,46,2500.0,2500.0,84,1.0,82,1.0,16.0,20,6.0,1.0,2,5,2.0,1,2.0,3.0,1000,0.0,3.0,3.0,0,8.0,2.0,1,2.0,0,1995.0,40.0,1,38,999,1.0,15300.0,0.0,0.0,0.0,5.0,100,3.0,1,2,0.0,1,2,3.0,4.0,1
0,474.0,52000.0,51,40000.0,40000.0,06,1.0,32,1.0,16.0,20,1.0,1.0,2,1,2.0,1,2.0,3.0,1000,0.0,3.0,3.0,0,40.0,2.0,1,2.0,0,2019.0,52.0,1,38,148,4.0,0.0,0.0,0.0,0.0,5.0,100,1.0,2,2,12000.0,1,2,3.0,4.0,1
0,474.0,64000.0,72,62000.0,60000.0,07,1.0,50,1.0,18.0,21,1.0,1.0,2,1,2.0,1,2.0,3.0,1000,0.0,3.0,3.0,0,55.0,2.0,1,2.0,0,2019.0,52.0,1,17,32,1.0,0.0,0.0,2000.0,0.0,5.0,100,1.0,2,2,0.0,1,2,3.0,2.0,1
0,340.0,36000.0,79,36000.0,36000.0,35,1.0,32,1.0,19.0,20,1.0,1.0,2,1,2.0,1,2.0,3.0,1000,0.0,3.0,3.0,0,40.0,2.0,1,2.0,0,2016.0,52.0,1,38,125,1.0,0.0,0.0,0.0,0.0,5.0,100,1.0,2,2,0.0,1,2,3.0,4.0,1
0,340.0,68000.0,47,68000.0,68000.0,48,1.0,32,1.0,17.0,21,1.0,1.0,2,1,2.0,1,2.0,3.0,1000,0.0,3.0,3.0,0,48.0,2.0,1,2.0,0,2016.0,52.0,1,4,51,1.0,0.0,0.0,0.0,0.0,5.0,100,1.0,2,2,0.0,1,2,3.0,4.0,1
0,501.0,100000.0,04,100000.0,100000.0,04,1.0,50,1.0,19.0,20,6.0,1.0,2,5,2.0,1,2.0,3.0,1000,0.0,3.0,3.0,2,50.0,2.0,1,2.0,0,1995.0,52.0,1,40,999,1.0,0.0,0.0,0.0,0.0,5.0,100,1.0,1,2,0.0,1,2,3.0,4.0,1
0,190.0,29900.0,02,29900.0,0.0,01,1.0,82,1.0,22.0,20,4.0,1.0,2,3,2.0,1,2.0,3.0,1000,0.0,3.0,3.0,0,40.0,2.0,1,2.0,0,1999.0,52.0,1,38,32,6.0,0.0,0.0,0.0,0.0,5.0,200,1.0,2,2,0.0,1,2,3.0,4.0,1
0,501.0,54000.0,11,54000.0,54000.0,68,1.0,32,1.0,19.0,20,1.0,1.0,2,1,2.0,1,2.0,3.0,1000,0.0,3.0,3.0,0,40.0,2.0,1,2.0,0,2008.0,52.0,1,38,82,1.0,0.0,0.0,0.0,0.0,5.0,200,1.0,2,2,0.0,1,2,3.0,4.0,1
0,501.0,133000.0,86,133000.0,133000.0,05,2.0,32,1.0,16.0,21,1.0,1.0,2,1,2.0,1,2.0,3.0,1000,0.0,2.0,1.0,0,48.0,2.0,1,2.0,0,2008.0,52.0,1,8,999,1.0,0.0,0.0,0.0,0.0,5.0,200,1.0,1,2,0.0,1,2,3.0,4.0,1
0,94.0,15000.0,62,15000.0,0.0,07,6.0,939,1.0,16.0,20,6.0,2.0,2,5,2.0,1,2.0,2.0,1000,0.0,2.0,2.0,0,55.0,2.0,1,2.0,0,1995.0,45.0,1,38,999,6.0,0.0,0.0,0.0,0.0,5.0,300,1.0,1,2,0.0,1,2,3.0,4.0,1
0,501.0,157600.0,07,140000.0,140000.0,94,1.0,32,1.0,20.0,20,1.0,1.0,2,1,2.0,1,2.0,3.0,1000,0.0,3.0,3.0,0,40.0,2.0,1,2.0,0,2004.0,52.0,1,27,82,4.0,0.0,2300.0,0.0,0.0,5.0,200,1.0,2,2,15300.0,1,2,3.0,4.0,1
0,501.0,72000.0,73,0.0,0.0,34,6.0,999,2.0,16.0,21,1.0,1.0,2,1,2.0,1,2.0,3.0,1000,0.0,3.0,3.0,0,40.0,2.0,1,2.0,0,2004.0,52.0,1,27,999,1.0,0.0,72000.0,0.0,0.0,5.0,200,1.0,4,2,0.0,1,2,3.0,4.0,1
0,501.0,150000.0,57,150000.0,150000.0,63,1.0,32,1.0,21.0,20,4.0,1.0,2,3,2.0,1,2.0,3.0,1000,0.0,3.0,3.0,0,35.0,2.0,1,2.0,0,2008.0,52.0,1,30,999,1.0,0.0,0.0,0.0,0.0,5.0,100,1.0,1,2,0.0,1,2,3.0,4.0,1
0,315.0,49300.0,47,45000.0,45000.0,48,3.0,210,1.0,20.0,20,6.0,2.0,1,5,1.0,1,1.0,1.0,1000,0.0,2.0,2.0,0,40.0,2.0,1,2.0,0,1995.0,52.0,1,6,50,1.0,0.0,0.0,0.0,4300.0,1.0,300,1.0,2,2,0.0,1,2,3.0,4.0,23
0,501.0,55000.0,77,55000.0,55000.0,06,1.0,171,1.0,16.0,20,1.0,1.0,2,1,2.0,1,2.0,3.0,1000,0.0,3.0,3.0,0,45.0,2.0,1,2.0,0,2021.0,52.0,1,6,999,3.0,0.0,0.0,0.0,0.0,5.0,100,1.0,1,2,0.0,1,2,3.0,3.0,1
0,501.0,42000.0,24,42000.0,42000.0,67,1.0,88,1.0,21.0,21,1.0,1.0,2,1,2.0,1,2.0,3.0,1000,0.0,3.0,3.0,0,45.0,2.0,1,2.0,0,2021.0,48.0,1,38,999,3.0,0.0,0.0,0.0,0.0,5.0,100,1.0,1,2,0.0,1,2,3.0,4.0,1
0,501.0,41600.0,86,41600.0,41600.0,06,1.0,171,1.0,18.0,33,6.0,1.0,2,5,2.0,1,2.0,3.0,1000,0.0,3.0,3.0,0,40.0,2.0,1,2.0,0,1995.0,52.0,1,20,999,3.0,0.0,0.0,0.0,0.0,5.0,100,3.0,1,2,0.0,1,2,3.0,4.0,1
0,99.0,36600.0,23,35000.0,35000.0,84,1.0,999,1.0,17.0,20,1.0,1.0,2,1,2.0,1,2.0,3.0,1000,0.0,3.0,3.0,0,40.0,2.0,1,2.0,0,1995.0,52.0,1,38,999,5.0,0.0,0.0,1600.0,0.0,5.0,200,1.0,4,2,0.0,1,2,3.0,4.0,1
0,99.0,0.0,42,0.0,0.0,69,6.0,920,3.0,13.0,25,6.0,2.0,2,5,2.0,3,2.0,2.0,5013,0.0,2.0,2.0,0,40.0,2.0,3,2.0,1,1995.0,52.0,0,38,999,1.0,0.0,0.0,0.0,0.0,5.0,200,1.0,1,2,0.0,1,2,3.0,4.0,1
0,501.0,148000.0,28,148000.0,148000.0,74,1.0,111,1.0,24.0,20,1.0,1.0,2,1,2.0,1,2.0,3.0,1000,0.0,3.0,3.0,0,40.0,2.0,1,2.0,0,2007.0,52.0,1,38,98,1.0,0.0,0.0,0.0,0.0,5.0,100,1.0,2,2,0.0,1,2,3.0,4.0,1
0,501.0,90000.0,08,90000.0,90000.0,69,1.0,32,1.0,18.0,21,1.0,1.0,2,1,2.0,1,2.0,3.0,1000,0.0,3.0,3.0,0,30.0,2.0,1,2.0,0,2007.0,52.0,1,38,22,1.0,0.0,0.0,0.0,0.0,5.0,100,1.0,2,2,0.0,1,2,3.0,4.0,1
0,323.0,50000.0,62,50000.0,50000.0,07,1.0,917,1.0,21.0,20,6.0,1.0,2,5,2.0,3,2.0,3.0,5025,0.0,3.0,3.0,0,40.0,2.0,5,2.0,1,1995.0,14.0,0,38,999,7.0,0.0,0.0,0.0,0.0,5.0,100,1.0,1,2,0.0,1,2,3.0,4.0,1
0,129.0,20000.0,78,20000.0,20000.0,11,1.0,50,1.0,16.0,36,6.0,1.0,2,5,2.0,1,2.0,3.0,1000,0.0,3.0,3.0,0,40.0,2.0,1,2.0,0,1995.0,52.0,1,26,142,1.0,0.0,0.0,0.0,0.0,5.0,100,1.0,2,2,0.0,1,2,3.0,4.0,1
0,501.0,90500.0,02,89000.0,89000.0,01,1.0,22,1.0,19.0,20,4.0,1.0,2,3,2.0,1,2.0,3.0,1000,0.0,3.0,3.0,0,60.0,2.0,1,2.0,0,2005.0,52.0,1,18,32,7.0,0.0,0.0,1500.0,0.0,5.0,200,1.0,2,2,0.0,1,2,3.0,2.0,1
0,437.0,153600.0,21,150000.0,150000.0,96,4.0,22,1.0,23.0,20,1.0,1.0,2,1,2.0,1,2.0,3.0,1000,0.0,3.0,3.0,0,80.0,2.0,1,2.0,0,2006.0,52.0,1,6,82,5.0,0.0,0.0,0.0,0.0,5.0,200,1.0,2,2,3600.0,1,2,3.0,1.0,1
0,437.0,800.0,42,0.0,0.0,69,6.0,22,3.0,21.0,21,1.0,2.0,2,1,2.0,1,2.0,2.0,1000,0.0,2.0,2.0,0,40.0,2.0,1,2.0,0,2006.0,52.0,1,6,87,1.0,0.0,0.0,0.0,0.0,5.0,200,1.0,2,2,800.0,1,2,3.0,4.0,1
0,334.0,0.0,42,0.0,0.0,69,6.0,32,3.0,18.0,20,1.0,2.0,2,1,2.0,1,2.0,2.0,1000,0.0,2.0,2.0,0,40.0,2.0,1,2.0,0,1993.0,52.0,1,38,999,1.0,0.0,0.0,0.0,0.0,5.0,200,1.0,1,2,0.0,1,2,3.0,4.0,1
0,334.0,150000.0,69,150000.0,150000.0,04,1.0,32,1.0,20.0,21,1.0,1.0,2,1,2.0,1,2.0,3.0,1000,0.0,3.0,3.0,0,65.0,2.0,1,2.0,0,1993.0,52.0,1,38,999,1.0,0.0,0.0,0.0,0.0,5.0,200,1.0,1,2,0.0,1,2,3.0,4.0,1
0,334.0,12000.0,41,12000.0,12000.0,86,1.0,32,1.0,16.0,25,6.0,1.0,2,5,2.0,1,2.0,3.0,1000,0.0,3.0,3.0,0,40.0,2.0,1,2.0,0,1995.0,52.0,1,38,999,1.0,0.0,0.0,0.0,0.0,5.0,200,1.0,1,2,0.0,1,2,3.0,4.0,1
0,334.0,12000.0,42,12000.0,12000.0,77,1.0,32,1.0,16.0,25,6.0,1.0,2,5,2.0,1,2.0,3.0,1000,0.0,3.0,3.0,0,40.0,2.0,1,2.0,0,1995.0,52.0,1,38,999,1.0,0.0,0.0,0.0,0.0,5.0,200,1.0,1,2,0.0,1,2,3.0,4.0,1
0,376.0,30000.0,47,30000.0,30000.0,49,1.0,32,1.0,19.0,25,6.0,1.0,2,5,2.0,1,2.0,3.0,1000,0.0,3.0,3.0,0,42.0,2.0,1,2.0,0,1995.0,52.0,1,38,999,1.0,0.0,0.0,0.0,0.0,5.0,500,1.0,1,2,0.0,1,2,3.0,4.0,1
0,187.0,73000.0,96,70000.0,15000.0,44,1.0,999,1.0,19.0,20,1.0,1.0,2,1,2.0,1,2.0,2.0,1000,0.0,3.0,3.0,0,20.0,2.0,1,2.0,0,1996.0,52.0,1,38,999,2.0,0.0,0.0,0.0,0.0,1.0,400,1.0,4,2,3000.0,1,2,3.0,4.0,1
0,187.0,0.0,42,0.0,0.0,69,6.0,999,3.0,19.0,21,1.0,2.0,2,1,2.0,1,2.0,2.0,1000,0.0,2.0,2.0,0,40.0,2.0,1,2.0,0,1996.0,52.0,1,38,999,1.0,0.0,0.0,0.0,0.0,5.0,400,1.0,4,2,0.0,1,2,3.0,4.0,1
0,187.0,2000.0,58,2000.0,2000.0,44,1.0,999,1.0,20.0,25,6.0,1.0,2,5,2.0,1,2.0,3.0,1000,0.0,3.0,3.0,0,20.0,2.0,1,2.0,0,1995.0,7.0,1,38,999,1.0,0.0,0.0,0.0,0.0,5.0,400,3.0,4,2,0.0,1,2,3.0,4.0,1
1,187.0,3600.0,96,3600.0,3600.0,44,1.0,999,1.0,16.0,25,6.0,1.0,2,5,2.0,1,2.0,3.0,1000,0.0,3.0,3.0,0,20.0,2.0,1,2.0,0,1995.0,25.0,1,38,999,1.0,0.0,0.0,0.0,0.0,5.0,400,1.0,4,2,0.0,1,2,3.0,4.0,1
1,187.0,0.0,42,0.0,0.0,69,6.0,999,3.0,14.0,25,6.0,2.0,2,5,2.0,1,2.0,2.0,1000,0.0,2.0,2.0,0,40.0,2.0,1,2.0,0,1995.0,52.0,1,38,999,1.0,0.0,0.0,0.0,0.0,5.0,400,1.0,4,2,0.0,1,2,3.0,4.0,1
0,173.0,42000.0,37,42000.0,42000.0,96,4.0,996,1.0,20.0,20,1.0,1.0,2,1,2.0,1,2.0,3.0,1000,0.0,3.0,3.0,0,40.0,2.0,1,2.0,0,2008.0,52.0,1,53,999,5.0,0.0,0.0,0.0,0.0,5.0,500,1.0,3,2,0.0,1,2,3.0,1.0,1
0,173.0,0.0,42,0.0,0.0,69,6.0,996,3.0,18.0,21,1.0,2.0,2,1,2.0,1,2.0,2.0,1000,0.0,2.0,2.0,0,40.0,2.0,1,2.0,0,2008.0,52.0,1,22,999,1.0,0.0,0.0,0.0,0.0,5.0,500,1.0,3,2,0.0,1,2,3.0,4.0,1
1,129.0,20260.0,42,0.0,0.0,69,6.0,82,3.0,16.0,20,4.0,2.0,2,3,2.0,1,2.0,2.0,1000,0.0,2.0,2.0,0,40.0,2.0,1,2.0,0,1998.0,52.0,1,38,999,1.0,0.0,20100.0,0.0,160.0,5.0,400,1.0,1,2,0.0,1,2,2.0,4.0,1
0,501.0,80000.0,47,80000.0,80000.0,44,1.0,32,1.0,21.0,20,6.0,1.0,2,5,2.0,1,2.0,3.0,1000,0.0,3.0,3.0,0,65.0,2.0,1,2.0,0,1995.0,52.0,1,38,148,1.0,0.0,0.0,0.0,0.0,5.0,100,1.0,2,2,0.0,1,2,3.0,4.0,1
0,224.0,32600.0,53,1600.0,1600.0,67,1.0,50,1.0,19.0,20,3.0,1.0,1,2,2.0,1,1.0,3.0,1000,0.0,3.0,3.0,0,4.0,1.0,1,1.0,0,1989.0,32.0,1,46,32,3.0,19000.0,8000.0,0.0,0.0,5.0,500,1.0,2,2,4000.0,1,2,3.0,4.0,1
0,321.0,50000.0,01,50000.0,50000.0,78,1.0,82,1.0,18.0,20,6.0,1.0,2,5,2.0,1,2.0,3.0,1000,0.0,3.0,3.0,0,43.0,2.0,1,2.0,0,1995.0,52.0,1,38,999,4.0,0.0,0.0,0.0,0.0,5.0,500,1.0,1,2,0.0,1,2,3.0,2.0,1
0,328.0,6000.0,46,6000.0,0.0,85,1.0,22,1.0,21.0,20,1.0,1.0,2,1,2.0,1,2.0,3.0,1000,0.0,3.0,3.0,0,50.0,2.0,1,2.0,0,2010.0,52.0,1,38,999,6.0,0.0,0.0,0.0,0.0,5.0,300,1.0,1,2,0.0,1,2,3.0,2.0,1
0,328.0,60000.0,52,60000.0,60000.0,07,1.0,21,1.0,21.0,21,1.0,1.0,2,1,2.0,1,2.0,3.0,1000,0.0,3.0,3.0,0,42.0,2.0,1,2.0,0,2010.0,52.0,1,38,999,3.0,0.0,0.0,0.0,0.0,5.0,300,1.0,1,2,0.0,1,2,3.0,4.0,1
0,452.0,66740.0,02,66000.0,0.0,01,6.0,32,1.0,19.0,20,1.0,2.0,1,1,2.0,1,2.0,2.0,1000,0.0,2.0,2.0,0,40.0,2.0,1,2.0,0,1981.0,30.0,1,38,999,6.0,0.0,0.0,0.0,0.0,5.0,400,1.0,1,2,740.0,1,1,3.0,4.0,1
0,452.0,25200.0,52,25200.0,25200.0,68,1.0,32,1.0,19.0,21,1.0,1.0,2,1,2.0,1,2.0,3.0,1000,0.0,3.0,3.0,0,30.0,2.0,1,2.0,0,1981.0,52.0,1,38,999,1.0,0.0,0.0,0.0,0.0,5.0,400,1.0,1,2,0.0,1,2,3.0,4.0,1
0,274.0,42000.0,86,42000.0,42000.0,30,1.0,999,1.0,20.0,20,6.0,1.0,2,5,2.0,1,2.0,3.0,1000,0.0,3.0,3.0,0,30.0,2.0,1,2.0,0,1995.0,52.0,1,37,999,1.0,0.0,0.0,0.0,0.0,5.0,600,3.0,4,2,0.0,1,2,3.0,4.0,1
0,215.0,33000.0,35,33000.0,33000.0,82,1.0,999,1.0,18.0,22,6.0,1.0,2,5,2.0,1,2.0,3.0,1000,0.0,3.0,3.0,0,25.0,2.0,1,2.0,0,1995.0,49.0,1,27,999,1.0,0.0,0.0,0.0,0.0,5.0,600,3.0,4,2,0.0,1,2,3.0,4.0,1
0,432.0,94000.0,01,94000.0,78000.0,44,1.0,82,1.0,21.0,20,1.0,1.0,1,1,2.0,1,2.0,3.0,1000,0.0,3.0,3.0,0,40.0,2.0,1,2.0,0,2005.0,52.0,1,38,22,1.0,0.0,0.0,0.0,0.0,5.0,200,1.0,2,1,0.0,1,2,3.0,4.0,1
0,432.0,31200.0,25,31200.0,19200.0,78,1.0,21,1.0,20.0,21,1.0,1.0,1,1,2.0,1,2.0,3.0,1000,0.0,3.0,3.0,0,38.0,2.0,1,2.0,0,2005.0,36.0,1,38,32,3.0,0.0,0.0,0.0,0.0,5.0,200,1.0,2,1,0.0,1,2,3.0,4.0,1
0,432.0,11000.0,42,0.0,0.0,69,6.0,21,3.0,17.0,26,6.0,2.0,1,5,2.0,1,2.0,2.0,1000,11000.0,2.0,2.0,0,40.0,2.0,1,2.0,0,1995.0,52.0,1,51,32,1.0,0.0,0.0,0.0,0.0,5.0,200,1.0,2,1,0.0,1,2,3.0,4.0,1
0,238.0,4400.0,29,4400.0,0.0,74,1.0,82,1.0,21.0,20,1.0,1.0,2,1,2.0,1,2.0,3.0,1000,0.0,3.0,3.0,0,7.0,2.0,1,2.0,0,2013.0,20.0,1,38,89,6.0,0.0,0.0,0.0,0.0,5.0,600,3.0,2,2,0.0,1,2,3.0,4.0,1
0,238.0,53000.0,77,53000.0,53000.0,11,1.0,22,1.0,21.0,21,1.0,1.0,2,1,2.0,1,2.0,3.0,1000,0.0,3.0,3.0,0,40.0,2.0,1,2.0,0,2013.0,52.0,1,27,32,1.0,0.0,0.0,0.0,0.0,5.0,600,3.0,2,2,0.0,1,2,3.0,4.0,1
0,311.0,55000.0,22,55000.0,55000.0,78,1.0,999,1.0,20.0,25,6.0,1.0,2,5,2.0,1,2.0,3.0,1000,0.0,3.0,3.0,1,40.0,2.0,1,2.0,0,1995.0,52.0,1,38,999,4.0,0.0,0.0,0.0,0.0,5.0,200,1.0,4,2,0.0,1,2,3.0,4.0,1
0,501.0,75000.0,72,75000.0,75000.0,48,1.0,22,1.0,20.0,20,1.0,1.0,2,1,2.0,1,2.0,3.0,1000,0.0,3.0,3.0,0,45.0,2.0,1,2.0,0,2020.0,52.0,1,38,82,1.0,0.0,0.0,0.0,0.0,5.0,200,1.0,2,2,0.0,1,2,3.0,4.0,1
0,501.0,52000.0,25,52000.0,52000.0,78,1.0,22,1.0,22.0,21,1.0,1.0,2,1,2.0,1,2.0,3.0,1000,0.0,3.0,3.0,2,45.0,2.0,1,2.0,0,2020.0,52.0,1,38,32,4.0,0.0,0.0,0.0,0.0,5.0,200,1.0,2,2,0.0,1,2,3.0,4.0,1
0,388.0,25000.0,57,25000.0,25000.0,48,1.0,171,1.0,16.0,20,1.0,1.0,1,1,2.0,1,2.0,3.0,1000,0.0,3.0,3.0,0,35.0,1.0,1,2.0,0,1992.0,52.0,1,38,89,1.0,0.0,0.0,0.0,0.0,5.0,500,1.0,2,2,0.0,1,2,3.0,4.0,1
0,388.0,65000.0,73,65000.0,65000.0,07,1.0,920,1.0,14.0,21,1.0,1.0,2,1,2.0,3,2.0,3.0,5013,0.0,3.0,3.0,0,44.0,2.0,3,2.0,1,1992.0,52.0,0,38,26,1.0,0.0,0.0,0.0,0.0,5.0,500,1.0,2,2,0.0,1,2,3.0,4.0,1
0,388.0,1600.0,96,1600.0,1600.0,49,6.0,171,1.0,13.0,25,6.0,2.0,1,5,1.0,1,2.0,1.0,1000,0.0,2.0,2.0,0,30.0,2.0,1,2.0,0,1995.0,12.0,1,38,920,1.0,0.0,0.0,0.0,0.0,3.0,500,1.0,2,2,0.0,1,2,3.0,4.0,1
0,325.0,50000.0,20,50000.0,50000.0,94,1.0,32,1.0,21.0,20,6.0,1.0,2,5,2.0,1,2.0,3.0,1000,0.0,3.0,3.0,0,40.0,2.0,1,2.0,0,1995.0,52.0,1,38,999,4.0,0.0,0.0,0.0,0.0,5.0,100,1.0,1,2,0.0,1,2,3.0,4.0,1
0,453.0,110000.0,22,110000.0,110000.0,78,1.0,706,1.0,24.0,20,2.0,1.0,2,1,2.0,5,2.0,3.0,4000,0.0,3.0,3.0,0,40.0,2.0,6,2.0,0,2013.0,52.0,0,38,999,4.0,0.0,0.0,0.0,0.0,5.0,600,3.0,1,2,0.0,1,2,3.0,4.0,1
0,459.0,70000.0,81,70000.0,70000.0,07,1.0,82,1.0,20.0,20,6.0,1.0,2,5,2.0,1,2.0,3.0,1000,0.0,3.0,3.0,0,45.0,2.0,1,2.0,0,1995.0,52.0,1,27,111,1.0,0.0,0.0,0.0,0.0,5.0,600,1.0,2,2,0.0,1,2,3.0,4.0,1
0,354.0,54000.0,43,53000.0,48000.0,90,1.0,32,1.0,18.0,22,6.0,1.0,2,5,2.0,1,2.0,3.0,1000,0.0,3.0,3.0,1,40.0,2.0,1,2.0,0,1995.0,52.0,1,56,999,7.0,0.0,1000.0,0.0,0.0,5.0,600,1.0,1,2,0.0,1,2,3.0,4.0,1
0,356.0,55000.0,91,55000.0,55000.0,61,1.0,32,1.0,16.0,20,6.0,1.0,2,5,2.0,1,2.0,3.0,1000,0.0,3.0,3.0,0,50.0,2.0,1,2.0,0,1995.0,52.0,1,38,999,1.0,0.0,0.0,0.0,0.0,5.0,200,1.0,1,2,0.0,1,2,3.0,4.0,1
0,290.0,21000.0,02,21000.0,0.0,01,1.0,22,1.0,21.0,20,1.0,1.0,2,1,2.0,1,2.0,2.0,1000,0.0,3.0,3.0,0,40.0,2.0,1,2.0,0,2022.0,52.0,1,38,32,6.0,0.0,0.0,0.0,0.0,5.0,500,1.0,2,2,0.0,1,2,3.0,4.0,1
0,290.0,38000.0,23,38000.0,38000.0,78,1.0,82,1.0,20.0,21,1.0,1.0,2,1,2.0,1,2.0,3.0,1000,0.0,3.0,3.0,0,40.0,2.0,1,2.0,0,2022.0,52.0,1,38,32,4.0,0.0,0.0,0.0,0.0,5.0,500,1.0,2,2,0.0,1,2,3.0,4.0,1
0,352.0,54000.0,04,54000.0,54000.0,94,1.0,996,1.0,21.0,20,6.0,1.0,2,5,2.0,1,2.0,3.0,1000,0.0,3.0,3.0,0,40.0,2.0,1,2.0,0,1995.0,52.0,1,38,999,4.0,0.0,0.0,0.0,0.0,5.0,300,1.0,3,2,0.0,1,2,3.0,4.0,1
0,171.0,11000.0,64,11000.0,11000.0,62,1.0,32,1.0,20.0,20,1.0,1.0,2,1,2.0,1,2.0,3.0,1000,0.0,3.0,3.0,0,48.0,2.0,1,2.0,0,2017.0,52.0,1,38,82,1.0,0.0,0.0,0.0,0.0,5.0,100,1.0,2,2,0.0,1,2,3.0,4.0,1
0,171.0,30000.0,35,30000.0,30000.0,80,1.0,32,1.0,19.0,21,1.0,1.0,2,1,2.0,1,2.0,3.0,1000,0.0,3.0,3.0,0,40.0,2.0,1,2.0,0,2017.0,52.0,1,38,999,1.0,0.0,0.0,0.0,0.0,5.0,100,1.0,1,2,0.0,1,2,3.0,4.0,1
1,347.0,500.0,40,500.0,500.0,86,1.0,917,1.0,20.0,30,6.0,1.0,2,5,2.0,30,2.0,3.0,9000,0.0,3.0,3.0,0,24.0,2.0,9,2.0,1,1995.0,16.0,0,38,999,1.0,0.0,0.0,0.0,0.0,5.0,400,1.0,1,2,0.0,1,2,3.0,4.0,1
1,347.0,12000.0,47,12000.0,12000.0,53,1.0,917,1.0,18.0,30,6.0,1.0,2,5,2.0,30,2.0,3.0,9000,0.0,3.0,3.0,0,24.0,2.0,9,2.0,1,1995.0,26.0,0,38,999,1.0,0.0,0.0,0.0,0.0,5.0,400,1.0,1,2,0.0,1,2,3.0,4.0,1
0,241.0,37000.0,91,37000.0,37000.0,61,1.0,82,1.0,18.0,20,4.0,1.0,2,3,2.0,1,2.0,3.0,1000,0.0,3.0,3.0,0,40.0,2.0,1,2.0,0,1986.0,52.0,1,27,999,1.0,0.0,0.0,0.0,0.0,5.0,600,1.0,1,2,0.0,1,2,3.0,4.0,1
0,482.0,75000.0,55,60000.0,60000.0,63,1.0,32,1.0,18.0,20,4.0,1.0,2,3,2.0,1,2.0,3.0,1000,0.0,3.0,3.0,0,42.0,2.0,1,2.0,0,1993.0,52.0,1,40,50,5.0,0.0,15000.0,0.0,0.0,5.0,200,3.0,2,2,0.0,1,2,3.0,4.0,1
0,437.0,126000.0,15,126000.0,126000.0,64,1.0,615,1.0,21.0,20,1.0,1.0,2,1,2.0,4,2.0,3.0,4015,0.0,3.0,3.0,0,40.0,2.0,6,2.0,0,2009.0,52.0,0,210,999,1.0,0.0,0.0,0.0,0.0,5.0,600,3.0,1,2,0.0,4,2,3.0,4.0,1
0,437.0,8000.0,47,8000.0,8000.0,53,2.0,615,1.0,21.0,21,1.0,1.0,2,1,2.0,4,2.0,3.0,4015,0.0,2.0,1.0,0,20.0,2.0,6,2.0,0,2009.0,52.0,0,210,999,1.0,0.0,0.0,0.0,0.0,5.0,600,3.0,1,2,0.0,4,2,3.0,4.0,1
0,496.0,76000.0,03,75000.0,75000.0,80,1.0,999,1.0,19.0,20,6.0,1.0,2,5,2.0,1,2.0,3.0,1000,0.0,3.0,3.0,0,80.0,2.0,1,2.0,0,1995.0,52.0,1,37,999,1.0,0.0,1000.0,0.0,0.0,5.0,600,1.0,4,2,0.0,1,2,3.0,4.0,1
0,501.0,91100.0,31,90000.0,90000.0,80,1.0,999,1.0,24.0,22,6.0,1.0,2,5,2.0,1,2.0,3.0,1000,0.0,3.0,3.0,0,50.0,2.0,1,2.0,0,1995.0,52.0,1,27,999,1.0,0.0,1100.0,0.0,0.0,5.0,600,3.0,4,2,0.0,1,2,3.0,4.0,1
0,501.0,144000.0,30,144000.0,144000.0,50,1.0,82,1.0,24.0,25,6.0,1.0,2,5,2.0,1,2.0,3.0,1000,0.0,3.0,3.0,0,40.0,2.0,1,2.0,0,1995.0,52.0,1,38,999,1.0,0.0,0.0,0.0,0.0,5.0,400,1.0,1,2,0.0,1,2,3.0,4.0,1
0,473.0,95500.0,08,95000.0,95000.0,81,1.0,82,1.0,21.0,20,4.0,1.0,2,3,2.0,1,2.0,3.0,1000,0.0,3.0,3.0,0,40.0,2.0,1,2.0,0,2007.0,52.0,1,27,89,2.0,0.0,0.0,0.0,0.0,5.0,100,1.0,2,2,500.0,1,2,3.0,4.0,1
0,173.0,28000.0,27,28000.0,28000.0,65,1.0,32,1.0,20.0,20,1.0,1.0,2,1,2.0,19,2.0,3.0,9000,0.0,3.0,3.0,0,40.0,2.0,9,2.0,0,1992.0,49.0,1,6,706,7.0,0.0,0.0,0.0,0.0,5.0,500,1.0,2,2,0.0,1,2,3.0,4.0,1
0,173.0,7000.0,02,7000.0,7000.0,78,1.0,11,1.0,21.0,21,1.0,1.0,2,1,2.0,1,2.0,3.0,1000,0.0,3.0,3.0,0,20.0,2.0,1,2.0,0,1992.0,28.0,1,44,999,3.0,0.0,0.0,0.0,0.0,5.0,500,1.0,1,2,0.0,1,2,3.0,4.0,1
0,501.0,156000.0,05,156000.0,156000.0,04,1.0,999,1.0,16.0,20,6.0,1.0,2,5,2.0,29,2.0,3.0,9000,0.0,3.0,3.0,0,60.0,2.0,9,2.0,0,1995.0,52.0,1,38,999,1.0,0.0,0.0,0.0,0.0,5.0,100,3.0,4,2,0.0,1,2,3.0,4.0,1
0,385.0,60000.0,89,60000.0,60000.0,12,1.0,999,1.0,18.0,34,4.0,1.0,1,3,1.0,1,2.0,3.0,1000,0.0,3.0,3.0,0,40.0,2.0,1,2.0,0,1997.0,52.0,1,27,999,1.0,0.0,0.0,0.0,0.0,5.0,100,1.0,4,2,0.0,1,2,3.0,4.0,1
0,88.0,8450.0,42,0.0,0.0,69,6.0,32,3.0,16.0,20,1.0,2.0,2,1,2.0,1,2.0,2.0,1000,7800.0,2.0,2.0,1,40.0,2.0,1,2.0,0,1979.0,52.0,1,46,999,1.0,650.0,0.0,0.0,0.0,5.0,300,1.0,1,2,0.0,1,2,3.0,4.0,1
0,88.0,9460.0,60,560.0,560.0,01,1.0,82,1.0,16.0,21,1.0,1.0,2,1,2.0,1,2.0,3.0,1000,7600.0,3.0,3.0,0,10.0,2.0,1,2.0,0,1979.0,52.0,1,38,999,1.0,1300.0,0.0,0.0,0.0,5.0,300,1.0,1,2,0.0,1,2,3.0,4.0,1
0,362.0,35000.0,42,35000.0,20000.0,76,1.0,32,1.0,16.0,20,1.0,1.0,2,1,2.0,1,2.0,3.0,1000,0.0,3.0,3.0,1,20.0,2.0,1,2.0,0,2014.0,48.0,1,55,142,6.0,0.0,0.0,0.0,0.0,5.0,100,1.0,2,2,0.0,1,2,3.0,4.0,1
0,362.0,37800.0,62,30000.0,30000.0,07,1.0,32,1.0,16.0,21,1.0,1.0,2,1,2.0,1,2.0,3.0,1000,0.0,3.0,3.0,2,40.0,2.0,1,2.0,0,2014.0,40.0,1,27,999,1.0,0.0,0.0,7800.0,0.0,5.0,100,2.0,1,2,0.0,1,2,3.0,4.0,1
0,446.0,70000.0,16,70000.0,70000.0,94,1.0,32,1.0,21.0,20,6.0,1.0,2,5,2.0,1,2.0,3.0,1000,0.0,3.0,3.0,0,40.0,2.0,1,2.0,0,1995.0,52.0,1,27,26,5.0,0.0,0.0,0.0,0.0,5.0,400,3.0,2,2,0.0,1,2,3.0,4.0,1
0,68.0,10700.0,36,10000.0,10000.0,81,1.0,924,1.0,20.0,22,6.0,1.0,2,5,2.0,1,2.0,3.0,1000,0.0,3.0,3.0,0,32.0,2.0,1,2.0,0,1995.0,52.0,1,27,999,1.0,0.0,700.0,0.0,0.0,5.0,400,3.0,1,2,0.0,1,2,3.0,4.0,1
0,501.0,55000.0,28,55000.0,55000.0,91,1.0,924,1.0,21.0,20,1.0,1.0,2,1,2.0,1,2.0,2.0,1000,0.0,2.0,2.0,0,55.0,2.0,1,2.0,0,2021.0,52.0,1,38,999,2.0,0.0,0.0,0.0,0.0,1.0,400,1.0,1,2,0.0,1,2,3.0,4.0,1
0,501.0,60000.0,62,60000.0,60000.0,07,1.0,939,1.0,19.0,21,1.0,1.0,2,1,2.0,1,2.0,3.0,1000,0.0,2.0,1.0,0,50.0,2.0,1,2.0,0,2021.0,52.0,1,27,999,1.0,0.0,0.0,0.0,0.0,5.0,400,1.0,1,2,0.0,1,2,2.0,4.0,1
0,390.0,40000.0,42,40000.0,40000.0,82,1.0,32,1.0,19.0,20,1.0,1.0,2,1,2.0,17,2.0,3.0,9000,0.0,3.0,3.0,0,32.0,2.0,9,2.0,1,2009.0,52.0,1,38,82,4.0,0.0,0.0,0.0,0.0,5.0,400,1.0,2,2,0.0,1,2,3.0,4.0,1
0,390.0,100000.0,02,100000.0,0.0,01,1.0,999,1.0,19.0,21,1.0,1.0,2,1,2.0,1,2.0,3.0,1000,0.0,3.0,3.0,0,40.0,2.0,1,2.0,0,2009.0,52.0,1,38,999,6.0,0.0,0.0,0.0,0.0,5.0,400,1.0,4,2,0.0,1,2,3.0,4.0,1
0,501.0,60000.0,05,60000.0,60000.0,77,1.0,32,1.0,21.0,20,1.0,1.0,2,1,2.0,1,2.0,3.0,1000,0.0,3.0,3.0,0,40.0,2.0,1,2.0,0,1984.0,52.0,1,38,82,1.0,0.0,0.0,0.0,0.0,5.0,400,1.0,2,2,0.0,1,2,3.0,4.0,1
0,201.0,22000.0,25,22000.0,22000.0,78,1.0,999,1.0,19.0,20,1.0,1.0,2,1,2.0,1,2.0,3.0,1000,0.0,3.0,3.0,0,35.0,2.0,1,2.0,0,2009.0,52.0,1,46,999,1.0,0.0,0.0,0.0,0.0,5.0,200,1.0,4,2,0.0,1,2,3.0,4.0,1
0,201.0,50000.0,47,50000.0,50000.0,42,1.0,999,1.0,20.0,21,1.0,1.0,1,1,2.0,1,2.0,3.0,1000,0.0,3.0,3.0,0,45.0,2.0,1,2.0,0,2009.0,52.0,1,38,999,1.0,0.0,0.0,0.0,0.0,5.0,200,1.0,4,1,0.0,1,2,3.0,4.0,1
0,392.0,96000.0,02,96000.0,48000.0,07,1.0,999,1.0,16.0,20,6.0,1.0,2,5,2.0,1,2.0,3.0,1000,0.0,3.0,3.0,0,40.0,2.0,1,2.0,0,1995.0,52.0,1,27,999,6.0,0.0,0.0,0.0,0.0,5.0,400,1.0,4,2,0.0,1,2,3.0,4.0,1
0,0.0,0.0,42,0.0,0.0,82,6.0,999,2.0,16.0,22,6.0,1.0,2,5,2.0,1,2.0,3.0,1000,0.0,3.0,3.0,0,40.0,2.0,1,2.0,0,1995.0,52.0,1,38,999,5.0,0.0,0.0,0.0,0.0,5.0,400,1.0,4,2,0.0,1,2,3.0,4.0,1
0,411.0,65000.0,63,65000.0,65000.0,48,1.0,999,1.0,21.0,36,6.0,1.0,2,5,2.0,1,2.0,3.0,1000,0.0,3.0,3.0,0,43.0,2.0,1,2.0,0,1995.0,51.0,1,38,999,1.0,0.0,0.0,0.0,0.0,5.0,400,3.0,4,2,0.0,1,2,3.0,4.0,1
0,195.0,30000.0,05,30000.0,30000.0,49,1.0,999,1.0,19.0,22,4.0,1.0,2,3,2.0,1,2.0,3.0,1000,0.0,3.0,3.0,0,40.0,2.0,1,2.0,0,2003.0,52.0,1,27,999,1.0,0.0,0.0,0.0,0.0,5.0,400,1.0,4,2,0.0,1,2,3.0,4.0,1
0,501.0,670.0,47,670.0,670.0,50,6.0,999,1.0,14.0,25,6.0,2.0,2,5,2.0,1,2.0,3.0,1000,0.0,2.0,2.0,0,10.0,2.0,1,2.0,0,1995.0,8.0,1,38,999,1.0,0.0,0.0,0.0,0.0,5.0,400,1.0,4,2,0.0,1,2,3.0,4.0,1
0,501.0,122500.0,48,122500.0,120000.0,02,1.0,940,1.0,21.0,20,1.0,1.0,2,1,2.0,1,2.0,3.0,1000,0.0,3.0,3.0,0,52.0,2.0,1,2.0,0,2000.0,52.0,1,38,999,1.0,0.0,0.0,0.0,0.0,5.0,100,1.0,1,2,0.0,1,2,3.0,4.0,1
0,501.0,111000.0,32,111000.0,111000.0,69,1.0,999,1.0,21.0,21,1.0,1.0,2,1,2.0,1,2.0,3.0,1000,0.0,3.0,3.0,0,54.0,2.0,1,2.0,0,2000.0,52.0,1,38,999,1.0,0.0,0.0,0.0,0.0,5.0,100,1.0,4,2,0.0,1,2,3.0,4.0,1
0,317.0,50000.0,60,50000.0,50000.0,01,1.0,32,1.0,21.0,20,4.0,1.0,2,3,2.0,1,2.0,3.0,1000,0.0,3.0,3.0,0,46.0,2.0,1,2.0,0,2006.0,52.0,1,38,999,1.0,0.0,0.0,0.0,0.0,5.0,300,1.0,1,2,0.0,1,2,3.0,4.0,1
0,501.0,26000.0,96,26000.0,26000.0,49,1.0,89,1.0,19.0,25,6.0,1.0,2,5,2.0,1,2.0,3.0,1000,0.0,3.0,3.0,0,40.0,2.0,1,2.0,0,1995.0,52.0,1,38,22,1.0,0.0,0.0,0.0,0.0,5.0,400,1.0,2,2,0.0,1,2,3.0,4.0,1
0,501.0,110000.0,48,110000.0,110000.0,42,1.0,999,1.0,16.0,20,1.0,1.0,2,1,2.0,1,2.0,3.0,1000,0.0,3.0,3.0,0,40.0,2.0,1,2.0,0,1991.0,52.0,1,38,999,1.0,0.0,0.0,0.0,0.0,5.0,400,1.0,4,2,0.0,1,2,3.0,4.0,1
0,501.0,55000.0,50,55000.0,55000.0,81,1.0,924,1.0,20.0,21,1.0,1.0,2,1,2.0,1,2.0,3.0,1000,0.0,3.0,3.0,0,40.0,2.0,1,2.0,0,1991.0,52.0,1,38,999,2.0,0.0,0.0,0.0,0.0,5.0,400,1.0,1,2,0.0,1,2,3.0,4.0,1
0,353.0,55400.0,96,12800.0,12800.0,48,1.0,142,1.0,20.0,20,6.0,1.0,2,5,2.0,1,2.0,3.0,1000,0.0,3.0,3.0,0,16.0,2.0,1,2.0,0,1995.0,50.0,1,55,32,1.0,0.0,0.0,42600.0,0.0,5.0,200,1.0,2,2,0.0,1,2,3.0,2.0,1
0,445.0,41000.0,00,41000.0,41000.0,48,1.0,32,1.0,21.0,20,1.0,1.0,2,1,2.0,1,2.0,3.0,1000,0.0,3.0,3.0,0,50.0,2.0,1,2.0,0,2022.0,52.0,1,38,999,1.0,0.0,0.0,0.0,0.0,5.0,400,1.0,1,2,0.0,1,2,3.0,4.0,1
0,445.0,46300.0,57,46300.0,46300.0,44,1.0,82,1.0,21.0,21,1.0,1.0,2,1,2.0,1,2.0,3.0,1000,0.0,3.0,3.0,0,40.0,2.0,1,2.0,0,2022.0,52.0,1,38,234,1.0,0.0,0.0,0.0,0.0,5.0,400,1.0,2,2,0.0,1,2,3.0,4.0,16
1,501.0,10700.0,42,0.0,0.0,69,6.0,939,3.0,16.0,25,6.0,2.0,2,5,2.0,1,2.0,2.0,1000,10700.0,2.0,2.0,0,40.0,2.0,1,2.0,0,1995.0,52.0,1,27,999,1.0,0.0,0.0,0.0,0.0,5.0,400,1.0,1,2,0.0,1,2,3.0,4.0,1
0,417.0,65000.0,98,65000.0,65000.0,96,4.0,32,1.0,21.0,20,6.0,1.0,2,5,2.0,1,2.0,3.0,1000,0.0,3.0,3.0,0,40.0,2.0,1,2.0,0,1995.0,52.0,1,38,26,5.0,0.0,0.0,0.0,0.0,5.0,500,1.0,2,2,0.0,1,2,3.0,1.0,1
0,417.0,65000.0,98,65000.0,65000.0,96,4.0,50,1.0,21.0,34,6.0,1.0,2,5,2.0,1,2.0,3.0,1000,0.0,3.0,3.0,0,40.0,2.0,1,2.0,0,1995.0,52.0,1,10,999,5.0,0.0,0.0,0.0,0.0,5.0,500,1.0,1,2,0.0,1,2,3.0,1.0,1
0,501.0,80000.0,62,70000.0,70000.0,07,1.0,32,1.0,16.0,20,3.0,1.0,2,2,2.0,1,2.0,3.0,1000,0.0,3.0,3.0,2,40.0,2.0,1,2.0,0,1982.0,52.0,1,46,999,1.0,0.0,0.0,0.0,0.0,5.0,200,1.0,1,2,10000.0,1,2,3.0,3.0,1
0,76.0,12000.0,96,12000.0,12000.0,07,1.0,935,1.0,19.0,20,6.0,1.0,2,5,2.0,1,2.0,3.0,1000,0.0,3.0,3.0,2,10.0,2.0,1,2.0,0,1995.0,50.0,1,27,999,1.0,0.0,0.0,0.0,0.0,5.0,600,1.0,1,2,0.0,1,2,3.0,4.0,1
0,211.0,33300.0,42,0.0,0.0,69,6.0,50,3.0,21.0,20,6.0,2.0,2,5,2.0,1,2.0,2.0,1000,0.0,2.0,2.0,2,40.0,2.0,1,2.0,0,1995.0,52.0,1,46,125,1.0,27700.0,0.0,5600.0,0.0,5.0,300,1.0,2,2,0.0,1,2,3.0,4.0,1
0,413.0,65000.0,32,65000.0,65000.0,81,1.0,89,1.0,21.0,20,6.0,1.0,2,5,2.0,1,2.0,3.0,1000,0.0,3.0,3.0,2,36.0,2.0,1,2.0,0,1995.0,52.0,1,27,50,1.0,0.0,0.0,0.0,0.0,5.0,600,1.0,2,2,0.0,1,2,3.0,4.0,1
1,171.0,10000.0,46,10000.0,0.0,84,1.0,917,1.0,20.0,20,1.0,1.0,2,1,2.0,3,2.0,3.0,5013,0.0,3.0,3.0,0,40.0,2.0,3,2.0,1,2009.0,52.0,0,38,999,6.0,0.0,0.0,0.0,0.0,5.0,400,1.0,1,2,0.0,1,2,3.0,4.0,1
1,171.0,38000.0,42,38000.0,38000.0,85,1.0,917,1.0,14.0,21,1.0,1.0,2,1,2.0,3,2.0,3.0,5013,0.0,3.0,3.0,0,40.0,2.0,3,2.0,1,2009.0,52.0,0,38,999,1.0,0.0,0.0,0.0,0.0,5.0,400,1.0,1,2,0.0,1,2,3.0,4.0,1
1,171.0,23300.0,96,23300.0,23300.0,53,6.0,917,1.0,16.0,25,6.0,2.0,2,5,2.0,3,2.0,2.0,5013,0.0,2.0,2.0,0,32.0,2.0,3,2.0,1,1995.0,52.0,0,38,999,1.0,0.0,0.0,0.0,0.0,5.0,400,1.0,1,2,0.0,1,2,3.0,4.0,1
0,64.0,10000.0,42,10000.0,0.0,86,1.0,999,1.0,16.0,20,4.0,1.0,2,3,2.0,1,2.0,3.0,1000,0.0,3.0,3.0,0,90.0,2.0,1,2.0,0,1984.0,52.0,1,38,999,6.0,0.0,0.0,0.0,0.0,5.0,100,1.0,4,2,0.0,1,2,3.0,4.0,1
0,6.0,1100.0,25,1100.0,1100.0,78,1.0,603,1.0,21.0,20,6.0,1.0,2,5,2.0,10,2.0,3.0,4016,0.0,3.0,3.0,2,20.0,2.0,6,2.0,0,1995.0,3.0,0,202,999,4.0,0.0,0.0,0.0,0.0,5.0,400,2.0,1,2,0.0,4,2,3.0,4.0,1
0,24.0,3800.0,25,3800.0,3800.0,78,1.0,603,1.0,21.0,34,2.0,1.0,2,1,2.0,10,2.0,3.0,4016,0.0,3.0,3.0,1,20.0,2.0,6,2.0,0,2021.0,10.0,0,202,999,4.0,0.0,0.0,0.0,0.0,5.0,400,2.0,1,2,0.0,4,2,3.0,4.0,1
0,336.0,52000.0,64,52000.0,52000.0,87,1.0,82,1.0,20.0,20,6.0,1.0,2,5,2.0,1,2.0,3.0,1000,0.0,3.0,3.0,2,40.0,2.0,1,2.0,0,1995.0,52.0,1,38,32,1.0,0.0,0.0,0.0,0.0,5.0,500,3.0,2,2,0.0,1,2,3.0,4.0,1
0,501.0,30000.0,32,30000.0,30000.0,81,1.0,195,1.0,21.0,20,1.0,1.0,2,1,2.0,1,2.0,3.0,1000,0.0,3.0,3.0,0,25.0,2.0,1,2.0,0,2011.0,30.0,1,38,999,5.0,0.0,0.0,0.0,0.0,5.0,100,1.0,1,2,0.0,1,2,3.0,4.0,1
0,501.0,98000.0,63,82000.0,82000.0,04,1.0,195,1.0,21.0,21,1.0,1.0,2,1,2.0,1,2.0,3.0,1000,0.0,3.0,3.0,0,50.0,2.0,1,2.0,0,2011.0,52.0,1,53,999,1.0,0.0,0.0,16000.0,0.0,5.0,100,1.0,1,2,0.0,1,2,3.0,2.0,1
1,124.0,19400.0,40,1900.0,1900.0,86,1.0,82,1.0,13.0,20,3.0,1.0,2,2,2.0,1,2.0,3.0,1000,0.0,3.0,3.0,0,12.0,2.0,1,2.0,0,1985.0,52.0,1,38,999,1.0,17500.0,0.0,0.0,0.0,5.0,400,1.0,1,2,0.0,1,2,3.0,4.0,1
0,468.0,73100.0,62,3000.0,3000.0,03,6.0,935,1.0,16.0,20,1.0,2.0,2,1,2.0,1,2.0,2.0,1000,0.0,2.0,2.0,1,30.0,2.0,1,2.0,0,1997.0,3.0,1,27,999,1.0,40100.0,30000.0,0.0,0.0,5.0,400,1.0,1,2,0.0,1,2,3.0,4.0,1
0,468.0,20700.0,42,0.0,0.0,69,6.0,50,3.0,20.0,21,1.0,2.0,1,1,1.0,1,2.0,2.0,1000,0.0,2.0,2.0,2,40.0,1.0,1,2.0,0,1997.0,52.0,1,46,999,1.0,20700.0,0.0,0.0,0.0,5.0,400,1.0,1,2,0.0,1,2,3.0,4.0,1
0,291.0,90000.0,02,90000.0,90000.0,07,1.0,32,1.0,20.0,20,6.0,1.0,2,5,2.0,1,2.0,3.0,1000,0.0,3.0,3.0,2,50.0,2.0,1,2.0,0,1995.0,52.0,1,38,999,1.0,0.0,0.0,0.0,0.0,5.0,400,1.0,1,2,0.0,1,2,3.0,4.0,1
1,45.0,7200.0,96,0.0,0.0,48,6.0,996,2.0,16.0,22,6.0,2.0,1,5,2.0,1,2.0,2.0,1000,0.0,2.0,2.0,0,40.0,1.0,1,2.0,0,1995.0,52.0,1,38,999,2.0,0.0,7200.0,0.0,0.0,5.0,400,3.0,3,2,0.0,1,2,3.0,4.0,1
0,378.0,56000.0,32,56000.0,56000.0,81,1.0,32,1.0,20.0,20,1.0,1.0,2,1,2.0,1,2.0,3.0,1000,0.0,3.0,3.0,2,40.0,2.0,1,2.0,0,2021.0,52.0,1,38,148,1.0,0.0,0.0,0.0,0.0,5.0,400,1.0,2,2,0.0,1,2,3.0,4.0,1
0,378.0,35400.0,47,35400.0,35400.0,30,1.0,32,1.0,19.0,21,1.0,1.0,1,1,2.0,1,2.0,3.0,1000,0.0,3.0,3.0,2,40.0,2.0,1,2.0,0,2021.0,52.0,1,46,82,1.0,0.0,0.0,0.0,0.0,5.0,400,1.0,2,2,0.0,1,1,3.0,4.0,1
0,501.0,119000.0,72,119000.0,119000.0,88,1.0,82,1.0,17.0,20,1.0,1.0,2,1,2.0,1,2.0,1.0,1000,0.0,1.0,1.0,0,60.0,2.0,1,2.0,0,1981.0,52.0,1,38,999,1.0,0.0,0.0,0.0,0.0,1.0,200,1.0,1,2,0.0,1,2,1.0,4.0,1
0,501.0,40000.0,47,40000.0,40000.0,49,1.0,82,1.0,19.0,21,1.0,1.0,2,1,2.0,1,2.0,3.0,1000,0.0,2.0,3.0,0,50.0,2.0,1,2.0,0,1981.0,52.0,1,38,999,1.0,0.0,0.0,0.0,0.0,5.0,200,1.0,1,2,0.0,1,2,3.0,4.0,1
0,92.0,13300.0,62,1200.0,0.0,07,6.0,82,1.0,16.0,20,4.0,2.0,2,3,2.0,1,2.0,2.0,1000,0.0,2.0,2.0,0,20.0,2.0,1,2.0,0,2012.0,11.0,1,38,999,6.0,12100.0,0.0,0.0,0.0,5.0,500,1.0,1,2,0.0,1,2,3.0,4.0,1
0,271.0,60000.0,32,60000.0,60000.0,82,1.0,999,1.0,20.0,20,1.0,1.0,2,1,2.0,1,2.0,3.0,1000,0.0,3.0,3.0,0,40.0,2.0,1,2.0,0,2001.0,52.0,1,26,999,2.0,0.0,0.0,0.0,0.0,5.0,500,1.0,4,2,0.0,1,2,3.0,4.0,1
0,271.0,50000.0,47,50000.0,50000.0,48,1.0,999,1.0,18.0,21,1.0,1.0,2,1,2.0,1,2.0,3.0,1000,0.0,3.0,3.0,0,40.0,2.0,1,2.0,0,2001.0,52.0,1,24,999,1.0,0.0,0.0,0.0,0.0,5.0,500,1.0,4,2,0.0,1,2,3.0,2.0,1
0,388.0,45000.0,63,45000.0,45000.0,07,1.0,999,1.0,16.0,20,1.0,1.0,2,1,2.0,1,2.0,3.0,1000,0.0,3.0,3.0,0,40.0,2.0,1,2.0,0,2018.0,52.0,1,38,999,1.0,0.0,0.0,0.0,0.0,5.0,400,1.0,4,2,0.0,1,2,3.0,4.0,1
0,388.0,50000.0,20,50000.0,50000.0,78,1.0,999,1.0,21.0,21,1.0,1.0,2,1,2.0,1,2.0,3.0,1000,0.0,3.0,3.0,0,40.0,2.0,1,2.0,0,2018.0,52.0,1,301,999,4.0,0.0,0.0,0.0,0.0,5.0,400,1.0,4,2,0.0,7,2,3.0,4.0,1
0,279.0,0.0,58,0.0,0.0,86,6.0,924,2.0,16.0,20,1.0,2.0,1,1,2.0,1,1.0,2.0,1000,0.0,2.0,2.0,2,40.0,1.0,1,2.0,0,1989.0,52.0,1,55,999,1.0,0.0,0.0,0.0,0.0,5.0,300,1.0,1,2,0.0,1,2,3.0,4.0,1
0,279.0,53000.0,48,53000.0,53000.0,44,1.0,924,1.0,19.0,21,1.0,1.0,2,1,2.0,1,2.0,3.0,1000,0.0,3.0,3.0,0,60.0,2.0,1,2.0,0,1989.0,44.0,1,27,999,1.0,0.0,0.0,0.0,0.0,5.0,300,1.0,1,2,0.0,1,2,3.0,4.0,1
0,279.0,11300.0,40,11300.0,11300.0,86,6.0,924,1.0,16.0,25,6.0,2.0,2,5,2.0,1,2.0,2.0,1000,0.0,2.0,2.0,0,20.0,2.0,1,2.0,0,1995.0,40.0,1,38,999,1.0,0.0,0.0,0.0,0.0,5.0,300,1.0,1,2,0.0,1,2,3.0,4.0,1
0,449.0,70000.0,02,70000.0,70000.0,01,1.0,996,1.0,16.0,20,6.0,1.0,2,5,2.0,1,2.0,3.0,1000,0.0,3.0,3.0,0,50.0,2.0,1,2.0,0,1995.0,52.0,1,38,999,7.0,0.0,0.0,0.0,0.0,5.0,100,1.0,3,2,0.0,1,2,3.0,4.0,1
0,373.0,45900.0,72,47000.0,47000.0,87,1.0,51,1.0,19.0,20,1.0,1.0,2,1,2.0,1,2.0,3.0,1000,0.0,3.0,3.0,0,50.0,2.0,1,2.0,0,1991.0,52.0,1,27,999,1.0,0.0,0.0,0.0,0.0,5.0,400,1.0,1,2,-1100.0,1,2,3.0,4.0,1
0,373.0,30000.0,40,30000.0,30000.0,82,1.0,924,1.0,19.0,21,1.0,1.0,2,1,2.0,1,2.0,3.0,1000,0.0,3.0,3.0,2,35.0,2.0,1,2.0,0,1991.0,52.0,1,46,999,1.0,0.0,0.0,0.0,0.0,5.0,400,1.0,1,2,0.0,1,2,3.0,4.0,1
0,152.0,36300.0,87,35200.0,35200.0,48,1.0,917,1.0,18.0,20,6.0,1.0,2,5,2.0,3,2.0,3.0,5013,0.0,3.0,3.0,1,40.0,2.0,3,2.0,1,1995.0,52.0,0,38,999,1.0,0.0,0.0,1100.0,0.0,5.0,400,1.0,1,2,0.0,1,2,3.0,4.0,1
0,373.0,75000.0,77,75000.0,75000.0,11,1.0,32,1.0,1.0,20,1.0,1.0,2,1,2.0,1,2.0,3.0,1000,0.0,3.0,3.0,1,55.0,2.0,1,2.0,0,1986.0,52.0,1,38,999,2.0,0.0,0.0,0.0,0.0,5.0,400,1.0,1,2,0.0,1,2,3.0,4.0,1
0,373.0,0.0,40,0.0,0.0,78,6.0,32,2.0,1.0,21,1.0,2.0,1,1,1.0,1,1.0,2.0,1000,0.0,2.0,2.0,2,40.0,2.0,1,2.0,0,1986.0,52.0,1,38,999,3.0,0.0,0.0,0.0,0.0,5.0,400,1.0,1,2,0.0,1,2,3.0,4.0,1
0,218.0,34000.0,03,4000.0,4000.0,86,6.0,142,1.0,21.0,20,3.0,2.0,2,2,2.0,1,2.0,2.0,1000,0.0,2.0,2.0,1,40.0,2.0,1,2.0,0,2001.0,10.0,1,38,82,1.0,0.0,0.0,0.0,0.0,5.0,500,1.0,2,2,30000.0,1,2,3.0,4.0,1
0,345.0,51000.0,23,51000.0,51000.0,78,1.0,82,1.0,21.0,20,1.0,1.0,2,1,2.0,1,2.0,3.0,1000,0.0,3.0,3.0,0,40.0,2.0,1,2.0,0,2016.0,50.0,1,38,111,3.0,0.0,0.0,0.0,0.0,5.0,500,1.0,2,2,0.0,1,2,3.0,4.0,1
0,345.0,55000.0,23,55000.0,55000.0,78,1.0,82,1.0,22.0,21,1.0,1.0,2,1,2.0,1,2.0,3.0,1000,0.0,3.0,3.0,0,40.0,2.0,1,2.0,0,2016.0,42.0,1,127,999,3.0,0.0,0.0,0.0,0.0,5.0,500,1.0,1,2,0.0,5,2,3.0,4.0,1
0,406.0,75000.0,04,75000.0,75000.0,73,1.0,82,1.0,20.0,20,1.0,1.0,2,1,2.0,1,2.0,3.0,1000,0.0,3.0,3.0,0,40.0,2.0,1,2.0,0,2015.0,52.0,1,55,32,1.0,0.0,0.0,0.0,0.0,5.0,600,1.0,2,2,0.0,1,2,3.0,4.0,1
0,406.0,50000.0,25,50000.0,50000.0,78,1.0,32,1.0,21.0,21,1.0,1.0,2,1,2.0,1,2.0,3.0,1000,0.0,3.0,3.0,0,40.0,2.0,1,2.0,0,2015.0,28.0,1,38,999,3.0,0.0,0.0,0.0,0.0,5.0,600,1.0,1,2,0.0,1,2,3.0,4.0,1
0,229.0,35000.0,51,35000.0,35000.0,81,1.0,82,1.0,17.0,20,3.0,1.0,2,2,2.0,1,2.0,3.0,1000,0.0,3.0,3.0,0,40.0,2.0,1,2.0,0,1988.0,52.0,1,38,999,2.0,0.0,0.0,0.0,0.0,5.0,500,1.0,1,2,0.0,1,2,3.0,4.0,1
0,501.0,100000.0,07,100000.0,100000.0,81,1.0,32,1.0,21.0,20,6.0,1.0,2,5,2.0,1,2.0,3.0,1000,0.0,3.0,3.0,0,40.0,2.0,1,2.0,0,1995.0,52.0,1,27,999,2.0,0.0,0.0,0.0,0.0,5.0,600,1.0,1,2,0.0,1,2,3.0,4.0,1
0,275.0,43000.0,10,43000.0,43000.0,68,1.0,32,1.0,20.0,20,6.0,1.0,2,5,2.0,1,2.0,3.0,1000,0.0,3.0,3.0,0,40.0,2.0,1,2.0,0,1995.0,52.0,1,38,82,1.0,0.0,0.0,0.0,0.0,5.0,600,1.0,2,2,0.0,1,2,3.0,4.0,1
0,96.0,15000.0,52,15000.0,15000.0,81,1.0,82,1.0,19.0,22,6.0,1.0,2,5,2.0,1,2.0,3.0,1000,0.0,3.0,3.0,0,24.0,2.0,1,2.0,0,1995.0,25.0,1,27,999,2.0,0.0,0.0,0.0,0.0,5.0,600,1.0,1,2,0.0,1,2,3.0,4.0,1
0,501.0,153000.0,30,153000.0,153000.0,80,1.0,996,1.0,24.0,20,6.0,1.0,2,5,2.0,1,2.0,3.0,1000,0.0,3.0,3.0,0,36.0,2.0,1,2.0,0,1995.0,49.0,1,38,999,1.0,0.0,0.0,0.0,0.0,5.0,300,1.0,3,2,0.0,1,2,3.0,4.0,1
0,501.0,60000.0,78,60000.0,60000.0,10,1.0,82,1.0,16.0,20,1.0,1.0,2,1,2.0,1,2.0,3.0,1000,0.0,3.0,3.0,0,50.0,2.0,1,2.0,0,2021.0,52.0,1,38,999,1.0,0.0,0.0,0.0,0.0,5.0,500,1.0,1,2,0.0,1,2,3.0,4.0,1
0,501.0,40000.0,52,40000.0,40000.0,36,1.0,999,1.0,16.0,21,1.0,1.0,2,1,2.0,1,2.0,3.0,1000,0.0,3.0,3.0,0,40.0,2.0,1,2.0,0,2021.0,52.0,1,38,999,1.0,0.0,0.0,0.0,0.0,5.0,500,1.0,4,2,0.0,1,2,3.0,4.0,1
1,176.0,36000.0,20,36000.0,36000.0,94,3.0,51,1.0,21.0,20,6.0,2.0,2,5,2.0,1,2.0,1.0,1000,0.0,2.0,2.0,0,20.0,2.0,1,2.0,0,1995.0,52.0,1,8,999,4.0,0.0,0.0,0.0,0.0,1.0,600,3.0,1,2,0.0,1,2,3.0,4.0,1
0,501.0,156900.0,48,156900.0,138000.0,45,1.0,996,1.0,21.0,20,1.0,1.0,2,1,2.0,1,2.0,3.0,1000,0.0,3.0,3.0,0,50.0,2.0,1,2.0,0,2012.0,51.0,1,38,999,1.0,0.0,0.0,0.0,0.0,5.0,500,1.0,3,2,0.0,1,2,3.0,4.0,1
0,501.0,7500.0,01,0.0,0.0,77,6.0,996,2.0,20.0,21,1.0,2.0,2,1,2.0,1,2.0,2.0,1000,0.0,2.0,2.0,0,40.0,2.0,1,2.0,0,2012.0,52.0,1,38,999,1.0,0.0,7500.0,0.0,0.0,5.0,500,1.0,3,2,0.0,1,2,3.0,4.0,1
0,317.0,52000.0,06,52000.0,52000.0,01,1.0,999,1.0,22.0,20,1.0,1.0,2,1,2.0,1,2.0,3.0,1000,0.0,3.0,3.0,1,60.0,2.0,1,2.0,0,2018.0,52.0,1,27,999,1.0,0.0,0.0,0.0,0.0,5.0,400,1.0,4,2,0.0,1,2,3.0,4.0,1
0,317.0,43000.0,02,43000.0,0.0,01,1.0,999,1.0,20.0,21,1.0,1.0,2,1,2.0,1,2.0,3.0,1000,0.0,3.0,3.0,1,60.0,2.0,1,2.0,0,2018.0,52.0,1,27,999,6.0,0.0,0.0,0.0,0.0,5.0,400,1.0,4,2,0.0,1,2,3.0,4.0,1
1,135.0,20700.0,87,200.0,200.0,77,6.0,32,1.0,16.0,20,6.0,2.0,1,5,1.0,1,2.0,2.0,1000,12000.0,2.0,2.0,0,20.0,2.0,1,2.0,0,1995.0,1.0,1,38,82,1.0,8500.0,0.0,0.0,0.0,5.0,400,1.0,2,2,0.0,1,2,3.0,4.0,1
0,423.0,52000.0,23,52000.0,52000.0,78,1.0,32,1.0,22.0,20,1.0,1.0,2,1,2.0,1,2.0,3.0,1000,0.0,3.0,3.0,0,28.0,2.0,1,2.0,0,2007.0,38.0,1,38,82,3.0,0.0,0.0,0.0,0.0,5.0,300,1.0,2,2,0.0,1,2,3.0,4.0,1
0,423.0,75000.0,37,75000.0,75000.0,94,1.0,32,1.0,20.0,21,1.0,1.0,2,1,2.0,1,2.0,3.0,1000,0.0,3.0,3.0,0,53.0,2.0,1,2.0,0,2007.0,52.0,1,38,148,3.0,0.0,0.0,0.0,0.0,5.0,300,1.0,2,2,0.0,1,2,3.0,4.0,1
0,501.0,60000.0,59,60000.0,60000.0,81,1.0,82,1.0,21.0,20,1.0,1.0,2,1,2.0,1,2.0,3.0,1000,0.0,3.0,3.0,0,40.0,2.0,1,2.0,0,1982.0,52.0,1,38,32,2.0,0.0,0.0,0.0,0.0,5.0,200,1.0,2,2,0.0,1,2,3.0,4.0,1
0,501.0,68000.0,91,68000.0,68000.0,63,1.0,82,1.0,18.0,21,1.0,1.0,2,1,2.0,1,2.0,3.0,1000,0.0,3.0,3.0,0,45.0,2.0,1,2.0,0,1982.0,52.0,1,38,32,1.0,0.0,0.0,0.0,0.0,5.0,200,1.0,2,2,0.0,1,2,3.0,4.0,1
0,501.0,36400.0,96,36400.0,36400.0,41,1.0,32,1.0,20.0,25,6.0,1.0,2,5,2.0,1,2.0,3.0,1000,0.0,3.0,3.0,0,40.0,2.0,1,2.0,0,1995.0,52.0,1,38,26,1.0,0.0,0.0,0.0,0.0,5.0,600,3.0,2,2,0.0,1,2,3.0,4.0,1
0,501.0,115000.0,02,23000.0,23000.0,01,1.0,32,1.0,20.0,20,1.0,1.0,2,1,2.0,1,2.0,3.0,1000,0.0,2.0,3.0,2,40.0,2.0,1,2.0,0,1989.0,52.0,1,38,999,7.0,0.0,0.0,0.0,0.0,5.0,400,1.0,1,2,92000.0,1,2,3.0,4.0,1
0,501.0,19300.0,42,0.0,0.0,69,6.0,82,3.0,22.0,21,1.0,2.0,2,1,2.0,1,2.0,2.0,1000,0.0,2.0,2.0,0,40.0,2.0,1,2.0,0,1989.0,52.0,1,38,999,1.0,0.0,2300.0,0.0,0.0,5.0,400,1.0,1,2,17000.0,1,2,3.0,4.0,1
0,319.0,14600.0,96,3400.0,3400.0,53,6.0,32,1.0,14.0,20,1.0,2.0,1,1,2.0,1,2.0,2.0,1000,0.0,2.0,2.0,1,40.0,2.0,1,2.0,0,1978.0,3.0,1,38,999,1.0,11200.0,0.0,0.0,0.0,5.0,300,1.0,1,2,0.0,1,1,3.0,2.0,1
0,319.0,50000.0,96,50000.0,50000.0,53,1.0,50,1.0,16.0,21,1.0,1.0,2,1,2.0,1,2.0,3.0,1000,0.0,3.0,3.0,0,40.0,2.0,1,2.0,0,1978.0,52.0,1,38,26,1.0,0.0,0.0,0.0,0.0,5.0,300,1.0,2,2,0.0,1,2,3.0,4.0,1
0,330.0,52000.0,48,52000.0,52000.0,41,1.0,82,1.0,21.0,20,6.0,1.0,2,5,2.0,1,2.0,3.0,1000,0.0,3.0,3.0,2,40.0,2.0,1,2.0,0,1995.0,52.0,1,27,999,7.0,0.0,0.0,0.0,0.0,5.0,600,3.0,1,2,0.0,1,2,3.0,4.0,1
0,318.0,50000.0,04,50000.0,50000.0,69,1.0,32,1.0,21.0,24,6.0,1.0,2,5,2.0,1,2.0,3.0,1000,0.0,3.0,3.0,0,80.0,2.0,1,2.0,0,1995.0,34.0,1,38,999,1.0,0.0,0.0,0.0,0.0,5.0,600,1.0,1,2,0.0,1,2,3.0,4.0,1
0,456.0,95000.0,03,95000.0,95000.0,72,1.0,142,1.0,21.0,20,6.0,1.0,2,5,2.0,1,2.0,3.0,1000,0.0,3.0,3.0,0,40.0,2.0,1,2.0,0,1995.0,52.0,1,38,26,1.0,0.0,0.0,0.0,0.0,5.0,600,1.0,2,2,0.0,1,2,3.0,4.0,1
0,267.0,42000.0,01,42000.0,42000.0,41,1.0,32,1.0,16.0,22,6.0,1.0,2,5,2.0,1,2.0,3.0,1000,0.0,3.0,3.0,0,40.0,2.0,1,2.0,0,1995.0,52.0,1,38,20,1.0,0.0,0.0,0.0,0.0,5.0,600,1.0,2,2,0.0,1,2,3.0,4.0,1
1,58.0,0.0,46,0.0,0.0,84,6.0,82,2.0,18.0,20,1.0,2.0,2,1,2.0,1,2.0,2.0,1000,0.0,2.0,2.0,0,40.0,2.0,1,2.0,0,2007.0,52.0,1,38,999,6.0,0.0,0.0,0.0,0.0,5.0,200,1.0,1,2,0.0,1,2,3.0,4.0,1
1,58.0,22000.0,60,22000.0,22000.0,01,1.0,82,1.0,16.0,21,1.0,1.0,2,1,2.0,1,2.0,3.0,1000,0.0,3.0,3.0,0,50.0,2.0,1,2.0,0,2007.0,52.0,1,38,999,2.0,0.0,0.0,0.0,0.0,5.0,200,1.0,1,2,0.0,1,2,3.0,4.0,1
0,184.0,43000.0,42,43000.0,43000.0,82,1.0,917,1.0,12.0,20,1.0,1.0,2,1,2.0,3,2.0,3.0,5014,0.0,3.0,3.0,0,40.0,2.0,5,2.0,1,1996.0,52.0,0,38,999,1.0,0.0,0.0,0.0,0.0,5.0,500,3.0,1,2,0.0,1,2,3.0,4.0,1
0,184.0,0.0,42,0.0,0.0,69,6.0,924,3.0,18.0,21,1.0,2.0,2,1,2.0,1,2.0,2.0,1000,0.0,2.0,2.0,0,40.0,2.0,1,2.0,0,1996.0,52.0,1,51,999,1.0,0.0,0.0,0.0,0.0,3.0,500,3.0,1,2,0.0,1,2,2.0,2.0,1
0,184.0,0.0,36,0.0,0.0,82,6.0,924,2.0,17.0,25,4.0,2.0,2,3,2.0,1,2.0,2.0,1000,0.0,2.0,2.0,0,40.0,2.0,1,2.0,0,2019.0,52.0,1,32,999,1.0,0.0,0.0,0.0,0.0,5.0,500,3.0,1,2,0.0,1,2,3.0,4.0,1
0,184.0,10000.0,55,10000.0,10000.0,63,1.0,924,1.0,13.0,25,6.0,1.0,2,5,2.0,1,2.0,2.0,1000,0.0,2.0,2.0,0,40.0,2.0,1,2.0,0,1995.0,52.0,1,38,999,1.0,0.0,0.0,0.0,0.0,5.0,500,3.0,1,2,0.0,1,2,2.0,4.0,1
0,184.0,16600.0,42,16600.0,16600.0,82,1.0,924,1.0,15.0,25,6.0,1.0,2,5,2.0,1,2.0,3.0,1000,0.0,3.0,3.0,0,32.0,2.0,1,2.0,0,1995.0,23.0,1,38,999,1.0,0.0,0.0,0.0,0.0,5.0,500,3.0,1,2,0.0,1,2,3.0,4.0,1
0,419.0,65000.0,15,65000.0,65000.0,05,1.0,924,1.0,21.0,20,6.0,1.0,2,5,2.0,1,2.0,3.0,1000,0.0,3.0,3.0,2,45.0,2.0,1,2.0,0,1995.0,52.0,1,38,999,1.0,0.0,0.0,0.0,0.0,5.0,300,3.0,1,2,0.0,1,2,3.0,4.0,1
0,163.0,25000.0,47,25000.0,25000.0,45,1.0,924,1.0,16.0,20,6.0,1.0,2,5,2.0,1,2.0,3.0,1000,0.0,3.0,3.0,0,46.0,2.0,1,2.0,0,1995.0,52.0,1,53,22,1.0,0.0,0.0,0.0,0.0,5.0,400,1.0,2,2,0.0,1,2,3.0,4.0,1
0,497.0,80000.0,08,80000.0,80000.0,72,1.0,999,1.0,23.0,20,1.0,1.0,2,1,2.0,1,2.0,3.0,1000,0.0,3.0,3.0,0,45.0,2.0,1,2.0,0,2007.0,52.0,1,38,999,1.0,0.0,0.0,0.0,0.0,5.0,100,1.0,4,2,0.0,1,2,3.0,4.0,1
0,497.0,121000.0,19,121000.0,120000.0,04,1.0,999,1.0,20.0,21,1.0,1.0,2,1,2.0,1,2.0,3.0,1000,0.0,3.0,3.0,0,50.0,2.0,1,2.0,0,2007.0,52.0,1,38,999,1.0,0.0,0.0,0.0,0.0,5.0,100,1.0,4,2,0.0,1,2,3.0,4.0,1
0,486.0,70000.0,28,70000.0,70000.0,93,1.0,50,1.0,21.0,20,1.0,1.0,2,1,2.0,1,2.0,3.0,1000,0.0,3.0,3.0,0,40.0,2.0,1,2.0,0,2014.0,2.0,1,53,999,4.0,0.0,0.0,0.0,0.0,5.0,300,1.0,1,2,0.0,1,2,3.0,4.0,1
0,486.0,100000.0,90,100000.0,50000.0,60,1.0,32,1.0,21.0,21,1.0,1.0,2,1,2.0,1,2.0,3.0,1000,0.0,3.0,3.0,0,40.0,2.0,1,2.0,0,2014.0,52.0,1,38,999,1.0,0.0,0.0,0.0,0.0,5.0,300,1.0,1,2,0.0,1,2,3.0,4.0,1
0,133.0,28000.0,57,28000.0,28000.0,69,1.0,82,1.0,21.0,20,4.0,1.0,2,3,2.0,1,2.0,3.0,1000,0.0,3.0,3.0,2,32.0,2.0,1,2.0,0,2020.0,52.0,1,38,32,1.0,0.0,0.0,0.0,0.0,5.0,200,1.0,2,2,0.0,1,2,3.0,4.0,1
0,501.0,115000.0,63,115000.0,115000.0,07,2.0,32,1.0,20.0,22,6.0,1.0,2,5,2.0,1,2.0,3.0,1000,0.0,2.0,1.0,0,60.0,2.0,1,2.0,0,1995.0,52.0,1,27,50,1.0,0.0,0.0,0.0,0.0,5.0,200,3.0,2,2,0.0,1,2,3.0,4.0,1
0,294.0,85600.0,02,82000.0,12000.0,01,1.0,999,1.0,19.0,20,1.0,1.0,2,1,2.0,1,2.0,3.0,1000,0.0,3.0,3.0,1,50.0,2.0,1,2.0,0,2020.0,52.0,1,46,999,6.0,0.0,0.0,0.0,0.0,5.0,200,1.0,4,2,3600.0,1,2,3.0,4.0,1
0,294.0,30000.0,02,30000.0,0.0,01,1.0,999,1.0,16.0,21,1.0,1.0,2,1,2.0,1,2.0,3.0,1000,0.0,3.0,3.0,1,62.0,2.0,1,2.0,0,2020.0,52.0,1,38,999,6.0,0.0,0.0,0.0,0.0,5.0,200,1.0,4,2,0.0,1,2,3.0,4.0,1
0,407.0,36900.0,34,36900.0,36900.0,81,1.0,999,1.0,1.0,21,1.0,1.0,2,1,2.0,1,2.0,3.0,1000,0.0,3.0,3.0,0,40.0,2.0,1,2.0,0,1981.0,52.0,1,38,999,1.0,0.0,0.0,0.0,0.0,5.0,400,1.0,4,2,0.0,1,2,3.0,4.0,1
0,475.0,390.0,04,390.0,0.0,62,1.0,32,1.0,19.0,20,1.0,1.0,2,1,2.0,1,2.0,2.0,1000,0.0,2.0,2.0,0,40.0,2.0,1,2.0,0,2020.0,1.0,1,38,999,6.0,0.0,0.0,0.0,0.0,5.0,300,1.0,1,2,0.0,1,2,3.0,4.0,1
0,475.0,115000.0,49,115000.0,115000.0,70,1.0,32,1.0,19.0,21,1.0,1.0,2,1,2.0,1,2.0,2.0,1000,0.0,2.0,2.0,0,40.0,2.0,1,2.0,0,2020.0,52.0,1,38,999,7.0,0.0,0.0,0.0,0.0,5.0,300,1.0,1,2,0.0,1,2,3.0,4.0,1
0,501.0,86000.0,47,86000.0,86000.0,48,1.0,32,1.0,16.0,20,1.0,1.0,2,1,2.0,1,2.0,3.0,1000,0.0,3.0,3.0,0,45.0,2.0,1,2.0,0,2005.0,52.0,1,38,999,1.0,0.0,0.0,0.0,0.0,5.0,500,1.0,1,2,0.0,1,2,3.0,4.0,1
0,501.0,40000.0,72,40000.0,40000.0,87,1.0,82,1.0,19.0,21,1.0,1.0,2,1,2.0,1,2.0,3.0,1000,0.0,3.0,3.0,0,45.0,2.0,1,2.0,0,2005.0,52.0,1,38,999,7.0,0.0,0.0,0.0,0.0,5.0,500,1.0,1,2,0.0,1,2,3.0,4.0,1
0,240.0,22000.0,52,22000.0,22000.0,39,1.0,32,1.0,16.0,20,1.0,1.0,2,1,2.0,1,2.0,3.0,1000,0.0,3.0,3.0,0,40.0,2.0,1,2.0,0,1980.0,52.0,1,38,82,1.0,0.0,0.0,0.0,0.0,5.0,400,1.0,2,2,0.0,1,2,3.0,4.0,1
0,143.0,30000.0,96,30000.0,30000.0,25,1.0,939,1.0,12.0,20,6.0,1.0,2,5,2.0,1,2.0,3.0,1000,0.0,3.0,3.0,0,45.0,2.0,1,2.0,0,1995.0,52.0,1,38,999,1.0,0.0,0.0,0.0,0.0,5.0,500,1.0,1,2,0.0,1,2,3.0,4.0,3
0,501.0,115000.0,92,115000.0,115000.0,60,1.0,939,1.0,21.0,20,6.0,1.0,2,5,2.0,1,2.0,3.0,1000,0.0,3.0,3.0,0,50.0,2.0,1,2.0,0,1995.0,52.0,1,36,999,1.0,0.0,0.0,0.0,0.0,5.0,500,1.0,1,2,0.0,1,2,3.0,4.0,1
0,389.0,50000.0,32,50000.0,50000.0,81,1.0,32,1.0,21.0,20,1.0,1.0,2,1,2.0,1,2.0,3.0,1000,0.0,3.0,3.0,0,28.0,2.0,1,2.0,0,1986.0,52.0,1,38,50,2.0,0.0,0.0,0.0,0.0,5.0,400,1.0,2,2,0.0,1,2,3.0,4.0,1
0,501.0,65000.0,20,65000.0,65000.0,91,1.0,32,1.0,22.0,20,1.0,1.0,2,1,2.0,1,2.0,3.0,1000,0.0,3.0,3.0,0,40.0,2.0,1,2.0,0,1981.0,52.0,1,20,999,2.0,0.0,0.0,0.0,0.0,5.0,400,1.0,1,2,0.0,1,2,3.0,4.0,1
0,501.0,55000.0,32,55000.0,55000.0,82,1.0,32,1.0,20.0,21,1.0,1.0,2,1,2.0,1,2.0,3.0,1000,0.0,3.0,3.0,0,24.0,2.0,1,2.0,0,1981.0,52.0,1,46,999,2.0,0.0,0.0,0.0,0.0,5.0,400,1.0,1,2,0.0,1,2,3.0,4.0,1
0,501.0,30000.0,52,30000.0,30000.0,68,1.0,171,1.0,16.0,20,1.0,1.0,2,1,2.0,1,2.0,3.0,1000,0.0,3.0,3.0,0,32.0,2.0,1,2.0,0,1982.0,52.0,1,38,999,1.0,0.0,0.0,0.0,0.0,5.0,200,1.0,1,2,0.0,1,2,3.0,4.0,1
0,501.0,94140.0,77,94000.0,94000.0,07,1.0,939,1.0,16.0,21,1.0,1.0,2,1,2.0,1,2.0,3.0,1000,0.0,3.0,3.0,0,40.0,2.0,1,2.0,0,1982.0,52.0,1,38,999,1.0,0.0,0.0,0.0,0.0,5.0,200,1.0,1,2,140.0,1,2,3.0,4.0,1
1,326.0,24600.0,46,24600.0,24600.0,84,1.0,999,1.0,16.0,25,3.0,1.0,2,2,2.0,1,2.0,3.0,1000,0.0,3.0,3.0,0,35.0,2.0,1,2.0,0,2016.0,52.0,1,38,999,1.0,0.0,0.0,0.0,0.0,5.0,200,1.0,4,2,0.0,1,2,3.0,4.0,1
0,150.0,23800.0,96,11800.0,11800.0,53,1.0,924,1.0,17.0,20,4.0,1.0,2,3,2.0,1,2.0,3.0,1000,0.0,3.0,3.0,0,20.0,2.0,1,2.0,0,1980.0,31.0,1,27,999,1.0,12000.0,0.0,0.0,0.0,5.0,600,1.0,1,2,0.0,1,2,3.0,4.0,1
0,306.0,48000.0,34,48000.0,48000.0,74,1.0,82,1.0,22.0,20,6.0,1.0,1,5,2.0,1,2.0,3.0,1000,0.0,3.0,3.0,0,45.0,1.0,1,2.0,0,1995.0,52.0,1,38,112,1.0,0.0,0.0,0.0,0.0,5.0,400,1.0,2,2,0.0,1,2,3.0,4.0,1
0,463.0,53060.0,12,53000.0,53000.0,69,1.0,82,1.0,19.0,25,6.0,1.0,2,5,2.0,1,2.0,3.0,1000,0.0,3.0,3.0,0,40.0,2.0,1,2.0,0,1995.0,52.0,1,27,999,1.0,0.0,0.0,0.0,0.0,5.0,600,1.0,1,2,60.0,1,2,3.0,4.0,1
0,501.0,120000.0,74,120000.0,120000.0,87,1.0,32,1.0,21.0,20,1.0,1.0,2,1,2.0,1,2.0,2.0,1000,0.0,2.0,2.0,0,60.0,2.0,1,2.0,0,1992.0,52.0,1,38,50,1.0,0.0,0.0,0.0,0.0,5.0,600,1.0,2,2,0.0,1,2,3.0,4.0,1
0,501.0,0.0,42,0.0,0.0,69,6.0,32,3.0,21.0,21,1.0,2.0,2,1,2.0,1,2.0,2.0,1000,0.0,2.0,2.0,0,40.0,2.0,1,2.0,0,1992.0,52.0,1,38,22,1.0,0.0,0.0,0.0,0.0,5.0,600,1.0,2,2,0.0,1,2,3.0,4.0,1
0,166.0,26000.0,40,26000.0,26000.0,84,1.0,920,1.0,17.0,20,6.0,1.0,2,5,2.0,3,2.0,2.0,5013,0.0,2.0,2.0,0,40.0,2.0,3,2.0,1,1995.0,52.0,0,38,999,3.0,0.0,0.0,0.0,0.0,5.0,100,1.0,1,2,0.0,1,2,3.0,4.0,1
0,501.0,80000.0,02,80000.0,80000.0,78,1.0,82,1.0,22.0,20,1.0,1.0,2,1,2.0,1,2.0,3.0,1000,0.0,3.0,3.0,0,50.0,2.0,1,2.0,0,1996.0,52.0,1,38,999,3.0,0.0,0.0,0.0,0.0,5.0,500,1.0,1,2,0.0,1,2,3.0,4.0,1
0,501.0,60000.0,23,60000.0,60000.0,78,1.0,22,1.0,21.0,21,1.0,1.0,2,1,2.0,1,2.0,3.0,1000,0.0,3.0,3.0,0,45.0,2.0,1,2.0,0,1996.0,52.0,1,38,999,3.0,0.0,0.0,0.0,0.0,5.0,500,1.0,1,2,0.0,1,2,3.0,4.0,1
0,501.0,10000.0,59,10000.0,10000.0,73,1.0,195,1.0,20.0,25,6.0,1.0,2,5,2.0,1,2.0,3.0,1000,0.0,3.0,3.0,0,20.0,2.0,1,2.0,0,1995.0,52.0,1,38,999,1.0,0.0,0.0,0.0,0.0,5.0,500,1.0,1,2,0.0,1,2,3.0,4.0,1
0,501.0,5000.0,96,5000.0,5000.0,63,1.0,195,1.0,16.0,25,6.0,1.0,2,5,2.0,1,2.0,3.0,1000,0.0,3.0,3.0,0,30.0,2.0,1,2.0,0,1995.0,52.0,1,38,999,1.0,0.0,0.0,0.0,0.0,5.0,500,1.0,1,2,0.0,1,2,3.0,4.0,1
0,501.0,87000.0,00,87000.0,87000.0,67,1.0,32,1.0,21.0,20,1.0,1.0,2,1,2.0,1,2.0,3.0,1000,0.0,3.0,3.0,0,40.0,2.0,1,2.0,0,2009.0,52.0,1,38,82,3.0,0.0,0.0,0.0,0.0,5.0,500,1.0,2,2,0.0,1,2,3.0,4.0,1
0,501.0,110000.0,13,110000.0,110000.0,72,1.0,49,1.0,21.0,21,1.0,1.0,2,1,2.0,1,2.0,3.0,1000,0.0,3.0,3.0,0,50.0,2.0,1,2.0,0,2009.0,52.0,1,38,82,1.0,0.0,0.0,0.0,0.0,5.0,500,1.0,2,2,0.0,1,2,3.0,4.0,1
0,501.0,60000.0,62,60000.0,60000.0,07,1.0,935,1.0,18.0,20,1.0,1.0,2,1,2.0,3,2.0,3.0,5013,0.0,3.0,3.0,0,50.0,2.0,3,2.0,1,1995.0,52.0,0,27,917,7.0,0.0,0.0,0.0,0.0,5.0,500,1.0,2,2,0.0,1,2,3.0,4.0,1
0,501.0,28000.0,47,28000.0,28000.0,52,1.0,917,1.0,19.0,25,6.0,1.0,2,5,2.0,3,2.0,3.0,5013,0.0,3.0,3.0,0,40.0,2.0,3,2.0,1,1995.0,52.0,0,38,999,1.0,0.0,0.0,0.0,0.0,5.0,500,1.0,1,2,0.0,1,2,3.0,4.0,1
0,501.0,15000.0,96,15000.0,15000.0,63,1.0,917,1.0,16.0,25,6.0,1.0,2,5,2.0,3,2.0,3.0,5013,0.0,3.0,3.0,0,25.0,2.0,3,2.0,1,1995.0,52.0,0,38,999,1.0,0.0,0.0,0.0,0.0,5.0,500,1.0,1,2,0.0,1,2,3.0,4.0,1
0,380.0,85000.0,81,85000.0,85000.0,88,1.0,32,1.0,16.0,20,1.0,1.0,2,1,2.0,1,2.0,3.0,1000,0.0,3.0,3.0,0,50.0,2.0,1,2.0,0,2017.0,52.0,1,38,999,1.0,0.0,0.0,0.0,0.0,5.0,400,1.0,1,2,0.0,1,2,3.0,4.0,1
0,380.0,30000.0,36,30000.0,30000.0,79,1.0,82,1.0,18.0,21,1.0,1.0,2,1,2.0,1,2.0,2.0,1000,0.0,2.0,3.0,0,40.0,2.0,1,2.0,0,2017.0,52.0,1,38,999,1.0,0.0,0.0,0.0,0.0,5.0,400,1.0,1,2,0.0,1,2,3.0,4.0,1
0,347.0,60000.0,91,60000.0,60000.0,07,1.0,94,1.0,19.0,20,1.0,1.0,2,1,2.0,1,2.0,3.0,1000,0.0,3.0,3.0,1,50.0,2.0,1,2.0,0,2004.0,40.0,1,38,999,7.0,0.0,0.0,0.0,0.0,5.0,600,1.0,1,2,0.0,1,2,3.0,4.0,1
0,347.0,10000.0,05,0.0,0.0,69,6.0,32,2.0,16.0,21,1.0,2.0,2,1,2.0,1,2.0,2.0,1000,0.0,2.0,2.0,1,40.0,2.0,1,2.0,0,2004.0,52.0,1,27,999,2.0,10000.0,0.0,0.0,0.0,5.0,600,1.0,1,2,0.0,1,2,3.0,4.0,1
0,451.0,71000.0,22,71000.0,71000.0,78,1.0,917,1.0,22.0,20,6.0,1.0,2,5,2.0,3,2.0,3.0,5013,0.0,3.0,3.0,0,40.0,2.0,3,2.0,1,1995.0,52.0,0,27,999,2.0,0.0,0.0,0.0,0.0,5.0,400,1.0,1,2,0.0,1,2,3.0,4.0,1
0,0.0,0.0,42,0.0,0.0,69,6.0,917,3.0,12.0,22,6.0,2.0,2,5,2.0,3,2.0,2.0,5013,0.0,2.0,2.0,0,40.0,2.0,3,2.0,1,1995.0,52.0,0,38,999,1.0,0.0,0.0,0.0,0.0,5.0,400,1.0,1,2,0.0,1,2,3.0,4.0,1
0,501.0,60000.0,48,60000.0,60000.0,42,1.0,171,1.0,16.0,20,1.0,1.0,2,1,2.0,1,2.0,3.0,1000,0.0,3.0,3.0,0,40.0,2.0,1,2.0,0,1995.0,52.0,1,38,142,1.0,0.0,0.0,0.0,0.0,5.0,200,1.0,2,2,0.0,1,2,3.0,4.0,1
0,501.0,125000.0,09,125000.0,125000.0,82,1.0,82,1.0,21.0,21,1.0,1.0,2,1,2.0,1,2.0,3.0,1000,0.0,3.0,3.0,0,40.0,2.0,1,2.0,0,1995.0,52.0,1,38,32,1.0,0.0,0.0,0.0,0.0,5.0,200,1.0,2,2,0.0,1,2,3.0,4.0,1
0,501.0,40000.0,06,40000.0,40000.0,82,1.0,171,1.0,19.0,25,6.0,1.0,2,5,2.0,1,2.0,3.0,1000,0.0,3.0,3.0,0,40.0,2.0,1,2.0,0,1995.0,52.0,1,38,142,1.0,0.0,0.0,0.0,0.0,5.0,200,1.0,2,2,0.0,1,2,3.0,4.0,1
1,22.0,5500.0,46,0.0,0.0,84,3.0,32,2.0,19.0,20,4.0,2.0,2,3,2.0,1,2.0,1.0,1000,0.0,2.0,2.0,0,40.0,2.0,1,2.0,0,2002.0,52.0,1,38,142,6.0,0.0,0.0,5500.0,0.0,1.0,100,1.0,2,2,0.0,1,2,3.0,4.0,1
1,22.0,1200.0,53,1200.0,1200.0,86,1.0,32,1.0,16.0,25,6.0,1.0,1,5,2.0,1,2.0,3.0,1000,0.0,3.0,3.0,0,20.0,2.0,1,2.0,0,1995.0,30.0,1,38,142,3.0,0.0,0.0,0.0,0.0,5.0,100,1.0,2,2,0.0,1,1,3.0,4.0,1
0,458.0,35000.0,36,35000.0,35000.0,82,1.0,32,1.0,18.0,20,3.0,1.0,2,2,2.0,1,2.0,3.0,1000,0.0,3.0,3.0,0,32.0,2.0,1,2.0,0,1998.0,52.0,1,38,999,2.0,0.0,0.0,0.0,0.0,5.0,400,1.0,1,2,0.0,1,2,3.0,4.0,1
0,458.0,57000.0,77,57000.0,57000.0,39,1.0,32,1.0,18.0,25,6.0,1.0,2,5,2.0,1,2.0,3.0,1000,0.0,3.0,3.0,0,40.0,2.0,1,2.0,0,1995.0,52.0,1,38,999,1.0,0.0,0.0,0.0,0.0,5.0,400,1.0,1,2,0.0,1,2,3.0,4.0,1
0,313.0,20400.0,57,20400.0,20400.0,44,1.0,82,1.0,18.0,20,1.0,1.0,2,1,2.0,1,2.0,3.0,1000,0.0,3.0,3.0,0,40.0,2.0,1,2.0,0,2003.0,52.0,1,38,999,1.0,0.0,0.0,0.0,0.0,5.0,100,1.0,1,2,0.0,1,2,3.0,4.0,1
0,313.0,65000.0,72,65000.0,65000.0,87,1.0,32,1.0,19.0,21,1.0,1.0,2,1,2.0,1,2.0,3.0,1000,0.0,3.0,3.0,0,40.0,2.0,1,2.0,0,2003.0,52.0,1,38,26,1.0,0.0,0.0,0.0,0.0,5.0,100,1.0,2,2,0.0,1,2,3.0,4.0,1
0,365.0,57000.0,56,57000.0,57000.0,23,1.0,82,1.0,20.0,20,3.0,1.0,1,2,2.0,1,2.0,2.0,1000,0.0,2.0,2.0,0,50.0,2.0,1,2.0,0,1996.0,52.0,1,53,89,1.0,0.0,0.0,0.0,0.0,5.0,600,1.0,2,2,0.0,1,1,3.0,2.0,1
0,179.0,25200.0,62,21600.0,21600.0,07,6.0,82,1.0,14.0,20,4.0,2.0,1,3,2.0,1,2.0,2.0,1000,0.0,2.0,2.0,0,30.0,2.0,1,2.0,0,1983.0,30.0,1,27,999,7.0,2100.0,1500.0,0.0,0.0,5.0,400,1.0,1,2,0.0,1,1,3.0,4.0,1
0,242.0,36900.0,34,36900.0,36900.0,81,1.0,999,1.0,16.0,34,4.0,1.0,2,3,2.0,1,2.0,3.0,1000,0.0,3.0,3.0,0,40.0,2.0,1,2.0,0,1989.0,52.0,1,27,999,1.0,0.0,0.0,0.0,0.0,5.0,400,1.0,4,2,0.0,1,2,3.0,4.0,1
0,204.0,31500.0,60,31500.0,31500.0,01,1.0,939,1.0,19.0,20,4.0,1.0,2,3,2.0,1,2.0,3.0,1000,0.0,3.0,3.0,0,12.0,2.0,1,2.0,0,1993.0,52.0,1,18,999,1.0,0.0,0.0,0.0,0.0,5.0,100,3.0,1,2,0.0,1,2,3.0,4.0,1
0,373.0,58250.0,50,58000.0,58000.0,69,1.0,32,1.0,21.0,20,6.0,1.0,2,5,2.0,1,2.0,3.0,1000,0.0,3.0,3.0,0,42.0,2.0,1,2.0,0,1995.0,52.0,1,27,82,1.0,0.0,0.0,0.0,0.0,5.0,600,1.0,2,2,250.0,1,2,3.0,4.0,1
0,63.0,10000.0,79,10000.0,10000.0,34,1.0,935,1.0,16.0,20,2.0,1.0,2,1,2.0,1,2.0,3.0,1000,0.0,3.0,3.0,0,60.0,2.0,1,2.0,0,2015.0,52.0,1,38,999,1.0,0.0,0.0,0.0,0.0,5.0,400,1.0,1,2,0.0,1,2,3.0,4.0,1
0,486.0,76000.0,31,46000.0,46000.0,81,1.0,615,1.0,22.0,20,4.0,1.0,2,3,2.0,4,2.0,3.0,4015,0.0,3.0,3.0,0,40.0,2.0,6,2.0,0,2010.0,32.0,0,210,999,1.0,0.0,30000.0,0.0,0.0,5.0,100,1.0,1,2,0.0,4,2,3.0,4.0,1
0,501.0,125000.0,02,125000.0,125000.0,01,1.0,82,1.0,16.0,20,1.0,1.0,2,1,2.0,1,2.0,3.0,1000,0.0,3.0,3.0,0,50.0,2.0,1,2.0,0,1994.0,52.0,1,38,22,1.0,0.0,0.0,0.0,0.0,5.0,500,1.0,2,2,0.0,1,2,3.0,4.0,1
0,501.0,0.0,42,0.0,0.0,69,6.0,32,3.0,19.0,21,1.0,2.0,2,1,2.0,1,2.0,2.0,1000,0.0,2.0,3.0,0,40.0,2.0,1,2.0,0,1994.0,52.0,1,38,999,1.0,0.0,0.0,0.0,0.0,3.0,500,1.0,1,2,0.0,1,2,3.0,4.0,1
0,501.0,151000.0,07,150000.0,150000.0,85,1.0,935,1.0,21.0,20,1.0,1.0,2,1,2.0,1,2.0,3.0,1000,0.0,3.0,3.0,0,40.0,2.0,1,2.0,0,2004.0,52.0,1,27,3,1.0,0.0,0.0,0.0,0.0,5.0,500,1.0,2,2,1000.0,1,2,3.0,4.0,1
0,501.0,35000.0,52,35000.0,35000.0,68,1.0,82,1.0,19.0,21,1.0,1.0,2,1,2.0,1,2.0,3.0,1000,0.0,3.0,3.0,0,40.0,2.0,1,2.0,0,2004.0,52.0,1,38,999,1.0,0.0,0.0,0.0,0.0,5.0,500,1.0,1,2,0.0,1,2,3.0,4.0,1
0,245.0,37400.0,79,37400.0,37400.0,25,1.0,50,1.0,14.0,20,6.0,1.0,2,5,2.0,1,2.0,3.0,1000,0.0,3.0,3.0,0,40.0,2.0,1,2.0,0,1995.0,52.0,1,27,999,7.0,0.0,0.0,0.0,0.0,5.0,600,1.0,1,2,0.0,1,2,3.0,4.0,1
0,348.0,65000.0,87,65000.0,65000.0,31,1.0,999,1.0,16.0,20,1.0,1.0,2,1,2.0,1,2.0,3.0,1000,0.0,3.0,3.0,0,65.0,2.0,1,2.0,0,2018.0,52.0,1,26,999,1.0,0.0,0.0,0.0,0.0,5.0,200,1.0,4,2,0.0,1,2,3.0,4.0,1
0,348.0,12000.0,40,12000.0,12000.0,86,1.0,999,1.0,19.0,21,1.0,1.0,2,1,2.0,1,2.0,3.0,1000,0.0,3.0,3.0,0,42.0,2.0,1,2.0,0,2018.0,52.0,1,110,999,1.0,0.0,0.0,0.0,0.0,5.0,200,1.0,4,2,0.0,5,2,3.0,4.0,1
0,501.0,80000.0,60,80000.0,80000.0,01,1.0,82,1.0,21.0,20,1.0,1.0,2,1,2.0,1,2.0,2.0,1000,0.0,2.0,2.0,0,50.0,2.0,1,2.0,0,1985.0,52.0,1,27,999,1.0,0.0,0.0,0.0,0.0,5.0,600,1.0,1,2,0.0,1,2,3.0,4.0,1
0,501.0,60000.0,22,60000.0,60000.0,78,1.0,82,1.0,24.0,21,1.0,1.0,2,1,2.0,1,2.0,3.0,1000,0.0,3.0,3.0,0,50.0,2.0,1,2.0,0,1985.0,52.0,1,38,999,4.0,0.0,0.0,0.0,0.0,5.0,600,1.0,1,2,0.0,1,2,3.0,4.0,1
0,501.0,25000.0,20,25000.0,25000.0,91,1.0,82,1.0,21.0,25,6.0,1.0,2,5,2.0,1,2.0,3.0,1000,0.0,3.0,3.0,0,50.0,2.0,1,2.0,0,1995.0,52.0,1,53,999,2.0,0.0,0.0,0.0,0.0,5.0,600,1.0,1,2,0.0,1,2,3.0,4.0,1
0,389.0,60000.0,10,60000.0,60000.0,62,1.0,32,1.0,21.0,20,1.0,1.0,2,1,2.0,1,2.0,3.0,1000,0.0,3.0,3.0,0,40.0,2.0,1,2.0,0,1998.0,52.0,1,38,999,1.0,0.0,0.0,0.0,0.0,5.0,300,1.0,1,2,0.0,1,2,3.0,4.0,1
0,389.0,50000.0,91,50000.0,50000.0,61,1.0,706,1.0,19.0,21,1.0,1.0,2,1,2.0,19,2.0,3.0,9000,0.0,3.0,3.0,0,50.0,2.0,9,2.0,0,1998.0,45.0,1,17,50,1.0,0.0,0.0,0.0,0.0,5.0,300,1.0,2,2,0.0,1,2,3.0,4.0,1
0,389.0,7000.0,40,7000.0,7000.0,86,1.0,706,1.0,18.0,25,6.0,1.0,2,5,2.0,19,2.0,3.0,9000,0.0,3.0,3.0,0,30.0,2.0,9,2.0,0,1995.0,50.0,1,41,50,1.0,0.0,0.0,0.0,0.0,5.0,300,1.0,2,2,0.0,1,2,3.0,4.0,1
0,389.0,3000.0,47,3000.0,3000.0,53,3.0,706,1.0,16.0,25,6.0,2.0,2,5,2.0,19,2.0,1.0,9000,0.0,2.0,2.0,0,20.0,2.0,9,2.0,0,1995.0,35.0,1,41,50,1.0,0.0,0.0,0.0,0.0,1.0,300,1.0,2,2,0.0,1,2,3.0,4.0,1
0,194.0,30000.0,47,30000.0,30000.0,47,1.0,750,1.0,21.0,20,6.0,1.0,2,5,2.0,22,2.0,3.0,9000,0.0,3.0,3.0,0,45.0,2.0,9,2.0,0,1995.0,52.0,1,41,999,1.0,0.0,0.0,0.0,0.0,5.0,600,1.0,1,2,0.0,1,2,3.0,4.0,1
1,97.0,15000.0,47,15000.0,15000.0,51,1.0,917,1.0,19.0,22,6.0,1.0,2,5,2.0,3,2.0,3.0,5013,0.0,3.0,3.0,0,20.0,2.0,3,2.0,1,1995.0,52.0,0,27,999,1.0,0.0,0.0,0.0,0.0,5.0,600,1.0,1,2,0.0,1,2,3.0,4.0,1
0,193.0,30000.0,25,30000.0,30000.0,78,1.0,82,1.0,19.0,20,6.0,1.0,2,5,2.0,1,2.0,3.0,1000,0.0,3.0,3.0,0,38.0,2.0,1,2.0,0,1995.0,52.0,1,38,999,3.0,0.0,0.0,0.0,0.0,5.0,500,1.0,1,2,0.0,1,2,3.0,4.0,1
0,501.0,111000.0,32,50000.0,50000.0,80,1.0,82,1.0,21.0,20,4.0,1.0,2,3,2.0,1,2.0,3.0,1000,0.0,3.0,3.0,2,40.0,2.0,1,2.0,0,1999.0,40.0,1,38,26,1.0,0.0,61000.0,0.0,0.0,5.0,400,1.0,2,2,0.0,1,2,3.0,4.0,1
0,378.0,51000.0,96,51000.0,51000.0,35,1.0,32,1.0,16.0,20,1.0,1.0,2,1,2.0,1,2.0,3.0,1000,0.0,3.0,3.0,0,40.0,2.0,1,2.0,0,1978.0,52.0,1,38,26,1.0,0.0,0.0,0.0,0.0,5.0,500,1.0,2,2,0.0,1,2,3.0,4.0,1
0,378.0,24650.0,73,0.0,0.0,34,6.0,142,2.0,16.0,21,1.0,2.0,2,1,2.0,17,2.0,2.0,9000,0.0,2.0,2.0,0,40.0,2.0,9,2.0,1,1978.0,52.0,1,38,917,1.0,24300.0,350.0,0.0,0.0,5.0,500,1.0,2,2,0.0,1,2,3.0,4.0,1
0,486.0,100000.0,95,100000.0,100000.0,07,1.0,999,1.0,16.0,20,1.0,1.0,2,1,2.0,1,2.0,3.0,1000,0.0,3.0,3.0,0,50.0,2.0,1,2.0,0,2013.0,52.0,1,38,999,1.0,0.0,0.0,0.0,0.0,5.0,200,1.0,4,2,0.0,1,2,3.0,4.0,1
0,486.0,18000.0,42,0.0,0.0,92,6.0,999,2.0,19.0,21,1.0,2.0,2,1,2.0,1,2.0,2.0,1000,0.0,2.0,2.0,0,40.0,2.0,1,2.0,0,2013.0,52.0,1,4,999,6.0,18000.0,0.0,0.0,0.0,5.0,200,1.0,4,2,0.0,1,2,3.0,4.0,1
0,501.0,120000.0,02,120000.0,70000.0,01,1.0,82,1.0,21.0,20,1.0,1.0,2,1,2.0,1,2.0,3.0,1000,0.0,3.0,3.0,0,70.0,2.0,1,2.0,0,1999.0,52.0,1,38,999,6.0,0.0,0.0,0.0,0.0,5.0,100,1.0,1,2,0.0,1,2,3.0,2.0,1
0,501.0,50000.0,23,50000.0,50000.0,78,1.0,82,1.0,21.0,21,1.0,1.0,2,1,2.0,1,2.0,3.0,1000,0.0,3.0,3.0,0,50.0,2.0,1,2.0,0,1999.0,52.0,1,27,999,3.0,0.0,0.0,0.0,0.0,5.0,100,1.0,1,2,0.0,1,2,3.0,4.0,1
0,501.0,20000.0,42,20000.0,20000.0,81,1.0,82,1.0,19.0,25,6.0,1.0,2,5,2.0,1,2.0,3.0,1000,0.0,3.0,3.0,0,50.0,2.0,1,2.0,0,1995.0,52.0,1,38,999,1.0,0.0,0.0,0.0,0.0,5.0,100,1.0,1,2,0.0,1,2,3.0,4.0,1
0,253.0,39000.0,07,39000.0,39000.0,75,1.0,924,1.0,16.0,20,6.0,1.0,2,5,2.0,1,2.0,3.0,1000,0.0,3.0,3.0,0,40.0,2.0,1,2.0,0,1995.0,52.0,1,38,32,1.0,0.0,0.0,0.0,0.0,5.0,600,1.0,2,2,0.0,1,2,3.0,4.0,1
0,501.0,125000.0,10,125000.0,125000.0,81,1.0,32,1.0,20.0,20,1.0,1.0,2,1,2.0,1,2.0,3.0,1000,0.0,3.0,3.0,0,50.0,2.0,1,2.0,0,1990.0,52.0,1,38,999,2.0,0.0,0.0,0.0,0.0,5.0,600,1.0,1,2,0.0,1,2,3.0,4.0,1
0,501.0,97000.0,77,97000.0,97000.0,30,1.0,32,1.0,16.0,21,1.0,1.0,2,1,2.0,1,2.0,3.0,1000,0.0,3.0,3.0,0,60.0,2.0,1,2.0,0,1990.0,52.0,1,38,999,1.0,0.0,0.0,0.0,0.0,5.0,600,1.0,1,2,0.0,1,2,3.0,4.0,1
0,501.0,9000.0,52,9000.0,9000.0,66,1.0,32,1.0,18.0,25,6.0,1.0,2,5,2.0,1,2.0,3.0,1000,0.0,3.0,3.0,0,20.0,2.0,1,2.0,0,1995.0,52.0,1,38,999,1.0,0.0,0.0,0.0,0.0,5.0,600,1.0,1,2,0.0,1,2,3.0,4.0,1
1,57.0,9000.0,58,9000.0,9000.0,42,1.0,999,1.0,16.0,22,4.0,1.0,2,3,2.0,1,2.0,3.0,1000,0.0,3.0,3.0,0,20.0,2.0,1,2.0,0,2013.0,52.0,1,38,999,1.0,0.0,0.0,0.0,0.0,5.0,100,1.0,4,2,0.0,1,2,3.0,4.0,1
0,222.0,45000.0,40,45000.0,45000.0,82,1.0,999,1.0,16.0,20,6.0,1.0,2,5,2.0,1,2.0,2.0,1000,0.0,2.0,2.0,0,70.0,2.0,1,2.0,0,1995.0,52.0,1,38,999,1.0,0.0,0.0,0.0,0.0,5.0,300,1.0,4,2,0.0,1,2,2.0,4.0,1
0,211.0,21000.0,46,21000.0,21000.0,84,1.0,171,1.0,19.0,21,1.0,1.0,2,1,2.0,1,2.0,3.0,1000,0.0,3.0,3.0,0,41.0,2.0,1,2.0,0,2005.0,52.0,1,164,999,1.0,0.0,0.0,0.0,0.0,5.0,300,1.0,1,2,0.0,5,2,3.0,4.0,1
0,402.0,9000.0,11,9000.0,0.0,64,1.0,171,1.0,16.0,20,1.0,1.0,2,1,2.0,1,2.0,3.0,1000,0.0,3.0,3.0,0,20.0,2.0,1,2.0,0,2017.0,40.0,1,4,32,6.0,0.0,0.0,0.0,0.0,5.0,200,1.0,2,2,0.0,1,2,3.0,4.0,1
0,402.0,88000.0,34,88000.0,88000.0,81,1.0,88,1.0,20.0,21,1.0,1.0,2,1,2.0,29,2.0,3.0,9000,0.0,3.0,3.0,0,96.0,2.0,9,2.0,0,2017.0,48.0,1,53,210,1.0,0.0,0.0,0.0,0.0,5.0,200,1.0,2,2,0.0,1,2,3.0,4.0,2
0,322.0,69000.0,07,69000.0,69000.0,68,1.0,32,1.0,22.0,20,1.0,1.0,2,1,2.0,1,2.0,3.0,1000,0.0,3.0,3.0,0,40.0,2.0,1,2.0,0,2016.0,52.0,1,38,148,1.0,0.0,0.0,0.0,0.0,5.0,600,1.0,2,2,0.0,1,2,3.0,4.0,1
0,322.0,60000.0,33,60000.0,60000.0,81,1.0,32,1.0,21.0,21,1.0,1.0,2,1,2.0,1,2.0,3.0,1000,0.0,3.0,3.0,0,32.0,2.0,1,2.0,0,2016.0,52.0,1,38,82,1.0,0.0,0.0,0.0,0.0,5.0,600,1.0,2,2,0.0,1,2,3.0,4.0,1
0,501.0,95200.0,00,94000.0,94000.0,90,1.0,32,1.0,16.0,20,1.0,1.0,2,1,2.0,1,2.0,3.0,1000,0.0,3.0,3.0,0,45.0,2.0,1,2.0,0,1996.0,52.0,1,38,144,3.0,0.0,0.0,0.0,0.0,5.0,200,1.0,2,2,1200.0,1,2,3.0,4.0,1
0,501.0,106000.0,10,106000.0,106000.0,73,1.0,32,1.0,19.0,21,1.0,1.0,2,1,2.0,1,2.0,3.0,1000,0.0,3.0,3.0,0,50.0,2.0,1,2.0,0,1996.0,52.0,1,38,82,1.0,0.0,0.0,0.0,0.0,5.0,200,1.0,2,2,0.0,1,2,3.0,4.0,1
0,63.0,20000.0,96,20000.0,20000.0,53,1.0,999,1.0,18.0,25,3.0,1.0,2,2,2.0,3,2.0,3.0,5013,0.0,3.0,3.0,1,24.0,2.0,3,2.0,1,2013.0,52.0,0,38,999,1.0,0.0,0.0,0.0,0.0,5.0,100,1.0,4,2,0.0,1,2,3.0,4.0,1
1,63.0,500.0,40,500.0,500.0,86,1.0,999,1.0,16.0,30,6.0,1.0,2,5,2.0,3,2.0,3.0,5013,0.0,3.0,3.0,0,24.0,2.0,3,2.0,1,1995.0,16.0,0,38,999,1.0,0.0,0.0,0.0,0.0,5.0,100,1.0,4,2,0.0,1,2,3.0,4.0,1
0,410.0,68000.0,52,68000.0,68000.0,69,1.0,32,1.0,21.0,20,1.0,1.0,2,1,2.0,1,2.0,3.0,1000,0.0,3.0,3.0,0,40.0,2.0,1,2.0,0,2010.0,52.0,1,38,82,1.0,0.0,0.0,0.0,0.0,5.0,200,1.0,2,2,0.0,1,2,3.0,4.0,1
0,410.0,30000.0,90,30000.0,30000.0,61,1.0,50,1.0,21.0,21,1.0,1.0,2,1,2.0,1,2.0,3.0,1000,0.0,3.0,3.0,0,30.0,2.0,1,2.0,0,2010.0,40.0,1,38,999,1.0,0.0,0.0,0.0,0.0,5.0,200,3.0,1,2,0.0,1,2,3.0,4.0,1
0,88.0,13600.0,40,13600.0,13600.0,86,3.0,82,1.0,20.0,20,6.0,2.0,1,5,1.0,23,2.0,1.0,9000,0.0,2.0,2.0,2,50.0,2.0,9,2.0,0,1995.0,16.0,1,38,785,1.0,0.0,0.0,0.0,0.0,2.0,600,1.0,2,2,0.0,1,2,3.0,4.0,1
0,0.0,0.0,64,0.0,0.0,07,6.0,924,2.0,18.0,34,6.0,2.0,2,5,2.0,1,2.0,2.0,1000,0.0,2.0,2.0,0,40.0,2.0,1,2.0,0,1995.0,52.0,1,38,999,1.0,0.0,0.0,0.0,0.0,5.0,600,1.0,1,2,0.0,1,2,3.0,4.0,1
0,322.0,50000.0,88,50000.0,50000.0,38,1.0,111,1.0,19.0,20,4.0,1.0,2,3,2.0,1,2.0,3.0,1000,0.0,3.0,3.0,0,40.0,2.0,1,2.0,0,1992.0,52.0,1,38,999,1.0,0.0,0.0,0.0,0.0,5.0,500,1.0,1,2,0.0,1,2,3.0,4.0,1
0,430.0,105000.0,30,105000.0,105000.0,94,1.0,82,1.0,23.0,20,1.0,1.0,2,1,2.0,1,2.0,3.0,1000,0.0,3.0,3.0,0,40.0,2.0,1,2.0,0,2008.0,52.0,1,38,32,3.0,0.0,0.0,0.0,0.0,5.0,400,3.0,2,2,0.0,1,2,3.0,4.0,1
0,430.0,65000.0,33,65000.0,65000.0,80,1.0,88,1.0,21.0,21,1.0,1.0,2,1,2.0,1,2.0,3.0,1000,0.0,3.0,3.0,0,32.0,2.0,1,2.0,0,2008.0,52.0,1,38,22,3.0,0.0,0.0,0.0,0.0,5.0,400,3.0,2,2,0.0,1,2,3.0,4.0,1
0,162.0,4000.0,02,4000.0,2000.0,78,6.0,999,1.0,21.0,20,1.0,2.0,2,1,2.0,1,2.0,2.0,1000,0.0,2.0,2.0,0,30.0,2.0,1,2.0,0,2011.0,4.0,1,27,999,6.0,0.0,0.0,0.0,0.0,5.0,500,1.0,4,2,0.0,1,2,3.0,4.0,1
0,162.0,60000.0,98,60000.0,60000.0,96,4.0,999,1.0,18.0,21,1.0,1.0,2,1,2.0,1,2.0,3.0,1000,0.0,3.0,3.0,0,40.0,2.0,1,2.0,0,2011.0,52.0,1,46,999,5.0,0.0,0.0,0.0,0.0,5.0,500,1.0,4,2,0.0,1,2,3.0,3.0,1
0,124.0,28300.0,42,28300.0,28300.0,85,1.0,920,1.0,12.0,20,6.0,1.0,2,5,2.0,3,2.0,3.0,5013,0.0,3.0,3.0,0,40.0,2.0,3,2.0,1,1995.0,52.0,0,38,999,1.0,0.0,0.0,0.0,0.0,5.0,100,3.0,1,2,0.0,1,2,3.0,4.0,1
0,124.0,1000.0,47,1000.0,1000.0,50,1.0,920,1.0,20.0,28,6.0,1.0,2,5,2.0,3,2.0,3.0,5013,0.0,3.0,3.0,0,30.0,2.0,3,2.0,1,1995.0,10.0,0,38,999,1.0,0.0,0.0,0.0,0.0,5.0,100,3.0,1,2,0.0,1,2,3.0,4.0,1
0,124.0,0.0,42,0.0,0.0,85,6.0,920,2.0,13.0,28,6.0,2.0,2,5,2.0,3,2.0,2.0,5013,0.0,2.0,2.0,0,40.0,2.0,3,2.0,1,1995.0,52.0,0,38,999,1.0,0.0,0.0,0.0,0.0,5.0,100,3.0,1,2,0.0,1,2,3.0,4.0,1
0,0.0,0.0,42,0.0,0.0,69,6.0,32,3.0,18.0,20,6.0,2.0,2,5,2.0,1,2.0,2.0,1000,0.0,2.0,2.0,0,40.0,2.0,1,2.0,0,1995.0,52.0,1,38,50,1.0,0.0,0.0,0.0,0.0,5.0,600,1.0,2,2,0.0,1,2,3.0,4.0,1
0,500.0,53000.0,63,53000.0,50000.0,07,1.0,98,1.0,21.0,20,1.0,1.0,2,1,2.0,1,2.0,3.0,1000,0.0,3.0,3.0,0,50.0,2.0,1,2.0,0,2014.0,52.0,1,38,999,3.0,0.0,0.0,0.0,0.0,5.0,300,1.0,1,2,0.0,1,2,3.0,4.0,1
0,500.0,100000.0,32,100000.0,100000.0,74,1.0,98,1.0,23.0,21,1.0,1.0,2,1,2.0,1,2.0,3.0,1000,0.0,3.0,3.0,0,40.0,2.0,1,2.0,0,2014.0,52.0,1,38,999,1.0,0.0,0.0,0.0,0.0,5.0,300,1.0,1,2,0.0,1,2,3.0,4.0,1
0,314.0,65000.0,20,65000.0,65000.0,79,1.0,920,1.0,22.0,20,6.0,1.0,2,5,2.0,17,2.0,3.0,9000,0.0,3.0,3.0,0,40.0,2.0,9,2.0,1,1995.0,52.0,1,38,26,1.0,0.0,0.0,0.0,0.0,5.0,600,3.0,2,2,0.0,1,2,3.0,4.0,1
0,501.0,125000.0,48,125000.0,125000.0,76,1.0,999,1.0,20.0,20,1.0,1.0,2,1,2.0,1,2.0,3.0,1000,0.0,3.0,3.0,0,55.0,2.0,1,2.0,0,2013.0,52.0,1,38,999,1.0,0.0,0.0,0.0,0.0,5.0,600,1.0,4,2,0.0,1,2,3.0,4.0,1
0,501.0,59000.0,53,59000.0,55000.0,07,1.0,999,1.0,19.0,21,1.0,1.0,2,1,2.0,1,2.0,3.0,1000,0.0,3.0,3.0,0,42.0,2.0,1,2.0,0,2013.0,52.0,1,38,999,1.0,0.0,0.0,0.0,0.0,5.0,600,1.0,4,2,0.0,1,2,3.0,4.0,1
0,408.0,20000.0,89,20000.0,15000.0,52,1.0,82,1.0,21.0,20,1.0,1.0,2,1,2.0,1,2.0,3.0,1000,0.0,3.0,3.0,2,20.0,2.0,1,2.0,0,1982.0,52.0,1,27,999,1.0,0.0,0.0,0.0,0.0,5.0,400,1.0,1,2,0.0,1,2,3.0,4.0,1
0,408.0,60000.0,20,60000.0,60000.0,91,1.0,26,1.0,22.0,21,1.0,1.0,2,1,2.0,1,2.0,3.0,1000,0.0,3.0,3.0,0,50.0,2.0,1,2.0,0,1982.0,52.0,1,6,82,2.0,0.0,0.0,0.0,0.0,5.0,400,1.0,2,2,0.0,1,2,3.0,4.0,1
0,166.0,50000.0,66,50000.0,50000.0,95,1.0,22,1.0,20.0,20,1.0,1.0,2,1,2.0,1,2.0,3.0,1000,0.0,3.0,3.0,0,40.0,2.0,1,2.0,0,2015.0,52.0,1,9,50,5.0,0.0,0.0,0.0,0.0,5.0,200,1.0,2,2,0.0,1,2,3.0,4.0,1
0,166.0,0.0,53,0.0,0.0,95,6.0,89,2.0,21.0,21,1.0,2.0,2,1,2.0,1,2.0,2.0,1000,0.0,2.0,2.0,0,40.0,2.0,1,2.0,0,2015.0,52.0,1,9,51,5.0,0.0,0.0,0.0,0.0,5.0,200,1.0,2,2,0.0,1,2,3.0,4.0,1
0,102.0,0.0,42,0.0,0.0,69,6.0,939,3.0,21.0,20,6.0,2.0,1,5,1.0,1,1.0,2.0,1000,0.0,2.0,2.0,0,40.0,1.0,1,2.0,0,1995.0,52.0,1,39,999,1.0,0.0,0.0,0.0,0.0,5.0,600,1.0,1,1,0.0,1,2,3.0,4.0,1
0,497.0,60000.0,70,60000.0,60000.0,03,6.0,32,1.0,19.0,21,1.0,2.0,2,1,2.0,1,2.0,2.0,1000,0.0,2.0,2.0,2,40.0,2.0,1,2.0,0,1981.0,20.0,1,38,999,1.0,0.0,0.0,0.0,0.0,5.0,200,1.0,1,2,0.0,1,2,3.0,4.0,1
1,0.0,0.0,07,0.0,0.0,73,6.0,999,2.0,18.0,20,6.0,2.0,2,5,2.0,1,2.0,2.0,1000,0.0,2.0,2.0,0,40.0,2.0,1,2.0,0,1995.0,52.0,1,38,999,6.0,0.0,0.0,0.0,0.0,5.0,600,1.0,4,2,0.0,1,2,3.0,4.0,1
0,39.0,12050.0,02,12000.0,0.0,01,1.0,999,1.0,21.0,20,1.0,1.0,2,1,2.0,1,2.0,3.0,1000,0.0,3.0,3.0,1,75.0,2.0,1,2.0,0,2009.0,52.0,1,38,999,6.0,0.0,0.0,0.0,0.0,5.0,400,1.0,4,2,50.0,1,2,3.0,4.0,1
0,39.0,0.0,42,0.0,0.0,69,6.0,999,3.0,16.0,21,1.0,2.0,2,1,2.0,8,2.0,2.0,4003,0.0,2.0,2.0,1,40.0,2.0,6,2.0,0,2009.0,52.0,0,217,999,1.0,0.0,0.0,0.0,0.0,5.0,400,1.0,4,2,0.0,4,2,3.0,4.0,1
0,138.0,0.0,42,0.0,0.0,69,6.0,89,3.0,16.0,20,1.0,2.0,2,1,2.0,1,2.0,2.0,1000,0.0,2.0,2.0,0,40.0,2.0,1,2.0,0,2011.0,52.0,1,38,82,1.0,0.0,0.0,0.0,0.0,5.0,300,1.0,2,2,0.0,1,2,3.0,4.0,1
0,138.0,42000.0,91,42000.0,42000.0,46,1.0,615,1.0,16.0,21,1.0,1.0,2,1,2.0,38,2.0,3.0,9000,0.0,3.0,3.0,0,65.0,2.0,9,2.0,0,2011.0,52.0,0,341,599,1.0,0.0,0.0,0.0,0.0,5.0,300,1.0,2,2,0.0,3,2,3.0,4.0,1
0,423.0,0.0,42,0.0,0.0,69,6.0,24,3.0,21.0,20,1.0,2.0,2,1,2.0,1,2.0,2.0,1000,0.0,2.0,2.0,0,40.0,2.0,1,2.0,0,2010.0,52.0,1,23,32,1.0,0.0,0.0,0.0,0.0,5.0,200,3.0,2,2,0.0,1,2,3.0,4.0,1
0,423.0,101200.0,98,82000.0,82000.0,96,4.0,87,1.0,22.0,21,1.0,1.0,2,1,2.0,1,2.0,3.0,1000,0.0,3.0,3.0,0,40.0,2.0,1,2.0,0,2010.0,52.0,1,38,32,5.0,0.0,0.0,0.0,0.0,5.0,200,3.0,2,2,19200.0,1,2,3.0,1.0,1
0,497.0,48000.0,30,48000.0,48000.0,50,1.0,999,1.0,24.0,20,1.0,1.0,2,1,2.0,1,2.0,3.0,1000,0.0,3.0,3.0,0,20.0,2.0,1,2.0,0,2001.0,52.0,1,38,999,1.0,0.0,0.0,0.0,0.0,5.0,100,1.0,4,2,0.0,1,2,3.0,4.0,1
0,497.0,105000.0,14,105000.0,105000.0,30,1.0,999,1.0,21.0,21,1.0,1.0,2,1,2.0,1,2.0,3.0,1000,0.0,3.0,3.0,0,40.0,2.0,1,2.0,0,2001.0,52.0,1,38,999,1.0,0.0,0.0,0.0,0.0,5.0,100,1.0,4,2,0.0,1,2,3.0,4.0,1
0,501.0,125000.0,92,120000.0,120000.0,60,1.0,82,1.0,16.0,20,6.0,1.0,2,5,2.0,1,2.0,3.0,1000,0.0,3.0,3.0,0,60.0,2.0,1,2.0,0,1995.0,52.0,1,38,32,1.0,0.0,0.0,0.0,0.0,5.0,200,1.0,2,2,5000.0,1,2,3.0,4.0,1
0,501.0,6000.0,25,6000.0,6000.0,78,1.0,999,1.0,22.0,20,1.0,1.0,2,1,2.0,1,2.0,3.0,1000,0.0,3.0,3.0,0,30.0,2.0,1,2.0,0,2009.0,30.0,1,38,999,3.0,0.0,0.0,0.0,0.0,5.0,300,1.0,4,2,0.0,1,2,3.0,4.0,1
0,426.0,50000.0,47,50000.0,50000.0,61,1.0,999,1.0,16.0,20,1.0,1.0,2,1,2.0,1,2.0,3.0,1000,0.0,3.0,3.0,0,40.0,2.0,1,2.0,0,1992.0,52.0,1,38,999,1.0,0.0,0.0,0.0,0.0,5.0,300,1.0,4,2,0.0,1,2,3.0,4.0,1
0,426.0,36200.0,96,36200.0,36200.0,10,1.0,999,1.0,19.0,21,1.0,1.0,2,1,2.0,1,2.0,3.0,1000,0.0,3.0,3.0,0,40.0,2.0,1,2.0,0,1992.0,52.0,1,38,999,1.0,0.0,0.0,0.0,0.0,5.0,300,1.0,4,2,0.0,1,2,3.0,4.0,1
1,161.0,23200.0,04,4000.0,4000.0,64,1.0,939,1.0,16.0,20,3.0,1.0,2,2,2.0,1,2.0,3.0,1000,0.0,3.0,3.0,0,15.0,2.0,1,2.0,0,1989.0,8.0,1,37,999,1.0,19200.0,0.0,0.0,0.0,5.0,600,1.0,1,2,0.0,1,2,3.0,4.0,1
0,501.0,24000.0,57,24000.0,24000.0,78,1.0,32,1.0,20.0,20,1.0,1.0,2,1,2.0,1,2.0,3.0,1000,0.0,3.0,3.0,0,40.0,2.0,1,2.0,0,1996.0,44.0,1,38,999,3.0,0.0,0.0,0.0,0.0,5.0,500,1.0,1,2,0.0,1,2,3.0,4.0,1
0,501.0,110000.0,04,110000.0,110000.0,06,1.0,82,1.0,19.0,21,1.0,1.0,2,1,2.0,1,2.0,3.0,1000,0.0,3.0,3.0,0,50.0,2.0,1,2.0,0,1996.0,52.0,1,38,32,3.0,0.0,0.0,0.0,0.0,5.0,500,1.0,2,2,0.0,1,2,3.0,4.0,1
0,222.0,35000.0,74,35000.0,35000.0,77,1.0,51,1.0,16.0,20,6.0,1.0,2,5,2.0,1,2.0,3.0,1000,0.0,3.0,3.0,0,40.0,2.0,1,2.0,0,1995.0,52.0,1,38,89,1.0,0.0,0.0,0.0,0.0,5.0,300,1.0,2,2,0.0,1,2,3.0,4.0,1
0,266.0,42200.0,91,1200.0,1200.0,81,1.0,931,1.0,19.0,20,1.0,1.0,1,1,2.0,29,2.0,3.0,9000,0.0,3.0,3.0,0,18.0,2.0,9,2.0,0,1987.0,40.0,1,23,22,2.0,0.0,41000.0,0.0,0.0,5.0,500,1.0,2,1,0.0,1,2,3.0,2.0,1
0,501.0,105000.0,39,104000.0,104000.0,68,1.0,32,1.0,21.0,20,1.0,1.0,2,1,2.0,1,2.0,3.0,1000,0.0,3.0,3.0,0,32.0,2.0,1,2.0,0,2006.0,52.0,1,38,999,1.0,0.0,0.0,0.0,0.0,5.0,600,1.0,1,2,1000.0,1,2,3.0,4.0,1
0,501.0,71000.0,48,70000.0,70000.0,44,1.0,999,1.0,20.0,21,1.0,1.0,2,1,2.0,1,2.0,3.0,1000,0.0,3.0,3.0,0,40.0,2.0,1,2.0,0,2006.0,52.0,1,38,999,1.0,0.0,0.0,0.0,0.0,5.0,600,1.0,4,2,1000.0,1,2,3.0,4.0,1
0,501.0,145700.0,01,145000.0,145000.0,68,1.0,82,1.0,21.0,20,1.0,1.0,2,1,2.0,1,2.0,3.0,1000,0.0,3.0,3.0,0,45.0,2.0,1,2.0,0,2017.0,52.0,1,6,32,1.0,0.0,0.0,0.0,0.0,5.0,200,1.0,2,2,700.0,1,2,3.0,4.0,1
0,383.0,60000.0,11,60000.0,60000.0,24,1.0,49,1.0,19.0,20,3.0,1.0,2,2,2.0,1,2.0,3.0,1000,0.0,3.0,3.0,0,45.0,2.0,1,2.0,0,2002.0,52.0,1,55,82,1.0,0.0,0.0,0.0,0.0,5.0,500,1.0,2,2,0.0,1,2,3.0,4.0,1
0,318.0,50000.0,00,50000.0,50000.0,86,1.0,32,1.0,19.0,20,4.0,1.0,2,3,2.0,1,2.0,3.0,1000,0.0,3.0,3.0,0,50.0,2.0,1,2.0,0,2001.0,52.0,1,38,82,1.0,0.0,0.0,0.0,0.0,5.0,100,1.0,2,2,0.0,1,2,3.0,4.0,1
0,501.0,130000.0,89,130000.0,130000.0,10,1.0,32,1.0,20.0,20,1.0,1.0,2,1,2.0,1,2.0,3.0,1000,0.0,3.0,3.0,2,70.0,2.0,1,2.0,0,2015.0,52.0,1,38,999,1.0,0.0,0.0,0.0,0.0,5.0,300,1.0,1,2,0.0,1,2,3.0,4.0,1
0,501.0,130000.0,32,130000.0,130000.0,74,1.0,32,1.0,24.0,21,1.0,1.0,2,1,2.0,1,2.0,3.0,1000,0.0,3.0,3.0,2,40.0,2.0,1,2.0,0,2015.0,52.0,1,38,999,1.0,0.0,0.0,0.0,0.0,5.0,300,1.0,1,2,0.0,1,2,3.0,4.0,1
0,39.0,12000.0,47,12000.0,12000.0,53,1.0,999,1.0,19.0,20,5.0,1.0,2,4,2.0,1,2.0,3.0,1000,0.0,3.0,3.0,0,40.0,2.0,1,2.0,0,2014.0,52.0,1,8,999,1.0,0.0,0.0,0.0,0.0,5.0,200,1.0,4,2,0.0,1,2,3.0,4.0,1
1,96.0,2000.0,42,0.0,0.0,69,6.0,148,3.0,16.0,25,6.0,2.0,2,5,2.0,1,2.0,2.0,1000,0.0,2.0,2.0,0,40.0,2.0,1,2.0,0,1995.0,52.0,1,38,32,1.0,0.0,0.0,2000.0,0.0,1.0,200,1.0,2,2,0.0,1,2,3.0,4.0,1
0,501.0,165000.0,02,150000.0,0.0,01,1.0,112,1.0,21.0,20,1.0,1.0,2,1,2.0,1,2.0,2.0,1000,0.0,2.0,2.0,2,50.0,2.0,1,2.0,0,1994.0,52.0,1,38,999,6.0,0.0,0.0,0.0,0.0,5.0,100,1.0,1,2,15000.0,1,2,2.0,4.0,1
0,501.0,50000.0,02,50000.0,0.0,01,1.0,32,1.0,21.0,21,1.0,1.0,2,1,2.0,1,2.0,2.0,1000,0.0,2.0,2.0,2,40.0,2.0,1,2.0,0,1994.0,52.0,1,38,82,6.0,0.0,0.0,0.0,0.0,5.0,100,1.0,2,2,0.0,1,2,2.0,4.0,1
0,318.0,50000.0,54,50000.0,50000.0,82,1.0,999,1.0,16.0,20,6.0,1.0,1,5,1.0,1,2.0,3.0,1000,0.0,3.0,3.0,2,40.0,2.0,1,2.0,0,1995.0,52.0,1,38,999,2.0,0.0,0.0,0.0,0.0,5.0,600,1.0,4,2,0.0,1,2,3.0,4.0,1
0,501.0,140000.0,35,125000.0,125000.0,78,1.0,82,1.0,24.0,20,1.0,1.0,1,1,2.0,1,2.0,3.0,1000,0.0,3.0,3.0,0,40.0,2.0,1,2.0,0,1994.0,52.0,1,38,49,4.0,0.0,0.0,0.0,0.0,5.0,500,1.0,2,2,15000.0,1,1,3.0,4.0,1
0,501.0,56000.0,30,56000.0,56000.0,81,1.0,32,1.0,21.0,21,1.0,1.0,2,1,2.0,1,2.0,3.0,1000,0.0,3.0,3.0,0,30.0,2.0,1,2.0,0,1994.0,52.0,1,27,999,2.0,0.0,0.0,0.0,0.0,5.0,500,1.0,1,2,0.0,1,2,3.0,4.0,1
0,481.0,52000.0,23,52000.0,52000.0,78,1.0,32,1.0,21.0,20,1.0,1.0,2,1,2.0,1,2.0,2.0,1000,0.0,3.0,3.0,0,60.0,2.0,1,2.0,0,2013.0,52.0,1,38,94,3.0,0.0,0.0,0.0,0.0,5.0,300,1.0,2,2,0.0,1,2,3.0,4.0,1
0,481.0,64000.0,23,64000.0,64000.0,78,1.0,21,1.0,21.0,21,1.0,1.0,2,1,2.0,1,2.0,2.0,1000,0.0,3.0,3.0,0,40.0,2.0,1,2.0,0,2013.0,52.0,1,27,32,3.0,0.0,0.0,0.0,0.0,5.0,300,1.0,2,2,0.0,1,2,3.0,4.0,1
0,501.0,115000.0,00,115000.0,115000.0,68,1.0,82,1.0,21.0,20,1.0,1.0,2,1,2.0,1,2.0,3.0,1000,0.0,3.0,3.0,0,40.0,2.0,1,2.0,0,2009.0,52.0,1,53,21,2.0,0.0,0.0,0.0,0.0,5.0,200,1.0,2,2,0.0,1,2,3.0,4.0,1
0,501.0,50000.0,09,50000.0,50000.0,78,1.0,82,1.0,21.0,21,1.0,1.0,2,1,2.0,1,2.0,3.0,1000,0.0,3.0,3.0,0,40.0,2.0,1,2.0,0,2009.0,52.0,1,38,89,4.0,0.0,0.0,0.0,0.0,5.0,200,1.0,2,2,0.0,1,2,3.0,4.0,1
0,450.0,76000.0,89,50000.0,50000.0,77,1.0,931,1.0,20.0,20,1.0,1.0,2,1,2.0,17,2.0,3.0,9000,0.0,3.0,3.0,2,40.0,2.0,9,2.0,1,2018.0,52.0,1,38,50,1.0,0.0,16000.0,10000.0,0.0,5.0,200,1.0,2,2,0.0,1,2,3.0,2.0,1
0,450.0,30000.0,19,30000.0,30000.0,81,1.0,720,1.0,20.0,21,1.0,1.0,2,1,2.0,6,2.0,2.0,4008,0.0,3.0,3.0,0,32.0,2.0,6,2.0,0,2018.0,52.0,0,233,999,2.0,0.0,0.0,0.0,0.0,1.0,200,1.0,1,2,0.0,4,2,3.0,4.0,1
0,0.0,20.0,02,20.0,10.0,01,1.0,22,1.0,20.0,20,6.0,1.0,2,5,2.0,1,2.0,3.0,1000,0.0,3.0,3.0,2,60.0,2.0,1,2.0,0,1995.0,52.0,1,38,999,6.0,0.0,0.0,0.0,0.0,5.0,500,1.0,1,2,0.0,1,2,3.0,4.0,1
0,222.0,6900.0,01,6900.0,6900.0,85,3.0,82,1.0,22.0,20,1.0,2.0,2,1,2.0,1,2.0,1.0,1000,0.0,2.0,2.0,0,40.0,2.0,1,2.0,0,2009.0,27.0,1,38,32,2.0,0.0,0.0,0.0,0.0,1.0,400,1.0,2,2,0.0,1,2,3.0,4.0,1
0,222.0,60000.0,02,60000.0,60000.0,78,1.0,999,1.0,22.0,21,1.0,1.0,2,1,2.0,1,2.0,3.0,1000,0.0,3.0,3.0,0,40.0,2.0,1,2.0,0,2009.0,48.0,1,38,999,3.0,0.0,0.0,0.0,0.0,5.0,400,1.0,4,2,0.0,1,2,3.0,4.0,1
0,466.0,79520.0,42,79000.0,79000.0,83,1.0,32,1.0,20.0,20,1.0,1.0,2,1,2.0,1,2.0,3.0,1000,0.0,3.0,3.0,0,40.0,2.0,1,2.0,0,1987.0,52.0,1,17,50,3.0,0.0,170.0,0.0,0.0,5.0,100,1.0,2,2,350.0,1,2,3.0,4.0,1
0,466.0,14500.0,05,12000.0,0.0,85,1.0,26,1.0,21.0,21,1.0,1.0,2,1,2.0,1,2.0,3.0,1000,0.0,3.0,3.0,0,5.0,2.0,1,2.0,0,1987.0,52.0,1,17,22,6.0,0.0,2500.0,0.0,0.0,5.0,100,1.0,2,2,0.0,1,2,3.0,4.0,1
0,501.0,100000.0,02,100000.0,0.0,01,1.0,32,1.0,21.0,20,6.0,1.0,2,5,2.0,1,2.0,3.0,1000,0.0,3.0,3.0,1,52.0,2.0,1,2.0,0,1995.0,52.0,1,38,999,6.0,0.0,0.0,0.0,0.0,5.0,400,1.0,1,2,0.0,1,2,3.0,4.0,1
0,501.0,103000.0,32,103000.0,103000.0,81,1.0,720,1.0,21.0,20,1.0,1.0,2,1,2.0,6,2.0,3.0,4008,0.0,3.0,3.0,1,36.0,2.0,6,2.0,0,2014.0,52.0,0,233,999,2.0,0.0,0.0,0.0,0.0,5.0,600,1.0,1,2,0.0,4,2,3.0,4.0,1
0,501.0,18800.0,55,10100.0,0.0,63,1.0,700,1.0,20.0,21,1.0,1.0,2,1,2.0,10,2.0,3.0,4006,0.0,3.0,3.0,1,15.0,2.0,6,2.0,0,2014.0,52.0,0,205,999,6.0,0.0,8700.0,0.0,0.0,5.0,600,1.0,1,2,0.0,4,2,3.0,4.0,1
0,447.0,70000.0,72,70000.0,70000.0,07,1.0,999,1.0,20.0,20,6.0,1.0,2,5,2.0,1,2.0,3.0,1000,0.0,3.0,3.0,0,40.0,2.0,1,2.0,0,1995.0,52.0,1,20,999,1.0,0.0,0.0,0.0,0.0,5.0,600,1.0,4,2,0.0,1,2,3.0,4.0,1
0,501.0,68000.0,23,68000.0,68000.0,78,1.0,82,1.0,22.0,20,1.0,1.0,2,1,2.0,1,2.0,3.0,1000,0.0,3.0,3.0,0,45.0,2.0,1,2.0,0,2017.0,52.0,1,27,171,3.0,0.0,0.0,0.0,0.0,5.0,100,1.0,2,2,0.0,1,2,3.0,4.0,1
0,501.0,68000.0,23,68000.0,68000.0,78,1.0,402,1.0,22.0,21,1.0,1.0,2,1,2.0,1,2.0,3.0,1000,0.0,3.0,3.0,0,40.0,2.0,1,2.0,0,2017.0,52.0,1,27,26,3.0,0.0,0.0,0.0,0.0,5.0,100,1.0,2,2,0.0,1,2,3.0,4.0,1
0,279.0,9600.0,47,0.0,0.0,49,6.0,999,2.0,16.0,25,6.0,2.0,2,5,2.0,1,2.0,2.0,1000,9600.0,2.0,2.0,0,40.0,2.0,1,2.0,0,1995.0,52.0,1,38,999,1.0,0.0,0.0,0.0,0.0,5.0,200,1.0,4,2,0.0,1,2,3.0,4.0,1
1,279.0,520.0,42,520.0,520.0,78,1.0,999,1.0,16.0,30,6.0,1.0,2,5,2.0,1,2.0,2.0,1000,0.0,2.0,2.0,0,40.0,2.0,1,2.0,0,1995.0,1.0,1,38,999,3.0,0.0,0.0,0.0,0.0,5.0,200,1.0,4,2,0.0,1,2,3.0,4.0,1
0,279.0,52000.0,04,52000.0,52000.0,93,1.0,999,1.0,15.0,32,4.0,1.0,2,3,2.0,1,2.0,3.0,1000,0.0,3.0,3.0,0,40.0,2.0,1,2.0,0,1999.0,52.0,1,30,999,3.0,0.0,0.0,0.0,0.0,5.0,200,1.0,4,2,0.0,1,2,3.0,4.0,1
0,299.0,24000.0,47,24000.0,24000.0,49,1.0,32,1.0,21.0,20,1.0,1.0,2,1,2.0,1,2.0,3.0,1000,0.0,3.0,3.0,1,45.0,2.0,1,2.0,0,1992.0,52.0,1,27,142,7.0,0.0,0.0,0.0,0.0,5.0,400,1.0,2,2,0.0,1,2,3.0,4.0,1
0,299.0,36000.0,47,36000.0,36000.0,49,1.0,32,1.0,21.0,21,1.0,1.0,2,1,2.0,1,2.0,3.0,1000,0.0,3.0,3.0,1,70.0,2.0,1,2.0,0,1992.0,52.0,1,38,999,7.0,0.0,0.0,0.0,0.0,5.0,400,1.0,1,2,0.0,1,2,3.0,4.0,1
0,501.0,52780.0,20,30000.0,30000.0,91,1.0,32,1.0,18.0,21,1.0,1.0,2,1,2.0,1,2.0,3.0,1000,0.0,3.0,3.0,0,30.0,2.0,1,2.0,0,1985.0,52.0,1,38,999,2.0,0.0,480.0,0.0,0.0,5.0,200,1.0,1,2,22300.0,1,2,3.0,4.0,1
1,297.0,46300.0,64,0.0,0.0,07,6.0,195,2.0,21.0,20,3.0,2.0,2,2,2.0,1,2.0,2.0,1000,0.0,2.0,2.0,0,40.0,2.0,1,2.0,0,2001.0,52.0,1,38,999,1.0,25000.0,14700.0,6600.0,0.0,3.0,400,1.0,1,2,0.0,1,2,3.0,4.0,1
0,497.0,140000.0,81,140000.0,0.0,88,1.0,82,1.0,20.0,20,1.0,1.0,2,1,2.0,1,2.0,3.0,1000,0.0,3.0,3.0,0,66.0,2.0,1,2.0,0,2010.0,52.0,1,38,999,6.0,0.0,0.0,0.0,0.0,5.0,100,1.0,1,2,0.0,1,2,3.0,4.0,1
0,497.0,40000.0,57,40000.0,40000.0,88,1.0,82,1.0,21.0,21,1.0,1.0,2,1,2.0,1,2.0,3.0,1000,0.0,3.0,3.0,0,40.0,2.0,1,2.0,0,2010.0,52.0,1,38,32,1.0,0.0,0.0,0.0,0.0,5.0,100,1.0,2,2,0.0,1,2,3.0,4.0,1
1,67.0,10600.0,42,0.0,0.0,39,6.0,20,2.0,16.0,20,4.0,2.0,1,3,2.0,1,2.0,2.0,1000,1500.0,2.0,2.0,0,40.0,1.0,1,2.0,0,1988.0,52.0,1,13,999,1.0,0.0,9100.0,0.0,0.0,5.0,200,1.0,1,2,0.0,1,2,3.0,4.0,1
1,15.0,3230.0,47,3000.0,3000.0,53,3.0,82,1.0,18.0,20,6.0,2.0,2,5,2.0,1,2.0,1.0,1000,0.0,3.0,2.0,0,10.0,2.0,1,2.0,0,1995.0,20.0,1,6,32,1.0,0.0,0.0,230.0,0.0,1.0,500,1.0,2,2,0.0,1,2,3.0,4.0,1
0,270.0,42600.0,63,35000.0,35000.0,07,3.0,82,1.0,19.0,22,6.0,2.0,2,5,2.0,1,2.0,3.0,1000,0.0,1.0,3.0,0,80.0,2.0,1,2.0,0,1995.0,24.0,1,38,999,1.0,0.0,0.0,7600.0,0.0,1.0,500,1.0,1,2,0.0,1,2,1.0,4.0,1
0,144.0,19300.0,17,19300.0,19300.0,74,1.0,603,1.0,22.0,20,1.0,1.0,2,1,2.0,10,2.0,3.0,4016,0.0,3.0,3.0,2,20.0,2.0,6,2.0,0,2019.0,52.0,0,202,999,4.0,0.0,0.0,0.0,0.0,5.0,600,1.0,1,2,0.0,4,2,3.0,4.0,1
0,144.0,9000.0,17,9000.0,9000.0,74,1.0,603,1.0,22.0,21,1.0,1.0,2,1,2.0,10,2.0,3.0,4016,0.0,3.0,3.0,2,20.0,2.0,6,2.0,0,2019.0,26.0,0,202,999,4.0,0.0,0.0,0.0,0.0,5.0,600,1.0,1,2,0.0,4,2,3.0,4.0,1
0,501.0,100050.0,05,100000.0,100000.0,69,1.0,22,1.0,21.0,20,1.0,1.0,2,1,2.0,1,2.0,3.0,1000,0.0,3.0,3.0,0,40.0,2.0,1,2.0,0,1986.0,52.0,1,38,999,1.0,0.0,0.0,0.0,0.0,5.0,500,1.0,1,2,50.0,1,2,3.0,4.0,1
0,501.0,100050.0,96,100000.0,100000.0,23,1.0,22,1.0,16.0,21,1.0,1.0,2,1,2.0,1,2.0,3.0,1000,0.0,3.0,3.0,0,50.0,2.0,1,2.0,0,1986.0,52.0,1,38,26,1.0,0.0,0.0,0.0,0.0,5.0,500,1.0,2,2,50.0,1,2,3.0,4.0,1
1,0.0,0.0,47,0.0,0.0,53,6.0,50,2.0,18.0,20,4.0,2.0,1,3,1.0,1,2.0,2.0,1000,0.0,2.0,2.0,0,40.0,1.0,1,2.0,0,1988.0,52.0,1,6,32,1.0,0.0,0.0,0.0,0.0,2.0,100,1.0,2,2,0.0,1,2,2.0,4.0,1
0,151.0,45000.0,63,45000.0,45000.0,07,1.0,210,1.0,17.0,20,1.0,1.0,2,1,2.0,15,2.0,3.0,8000,0.0,3.0,3.0,0,40.0,2.0,8,2.0,0,2019.0,52.0,0,6,999,1.0,0.0,0.0,0.0,0.0,5.0,600,1.0,1,2,0.0,1,2,3.0,4.0,2
0,151.0,0.0,36,0.0,0.0,82,6.0,210,2.0,19.0,21,1.0,2.0,2,1,2.0,15,2.0,2.0,8000,0.0,2.0,2.0,0,40.0,2.0,8,2.0,0,2019.0,52.0,0,6,999,1.0,0.0,0.0,0.0,0.0,5.0,600,1.0,1,2,0.0,1,2,3.0,4.0,2
0,501.0,108000.0,04,108000.0,108000.0,12,1.0,999,1.0,17.0,20,1.0,1.0,2,1,2.0,1,2.0,3.0,1000,0.0,3.0,3.0,0,40.0,2.0,1,2.0,0,1990.0,52.0,1,40,999,1.0,0.0,0.0,0.0,0.0,5.0,500,1.0,4,2,0.0,1,2,3.0,4.0,1
0,501.0,5000.0,40,5000.0,5000.0,86,1.0,999,1.0,16.0,21,1.0,1.0,2,1,2.0,1,2.0,3.0,1000,0.0,3.0,3.0,0,10.0,2.0,1,2.0,0,1990.0,52.0,1,38,999,1.0,0.0,0.0,0.0,0.0,5.0,500,1.0,4,2,0.0,1,2,3.0,4.0,1
1,447.0,70000.0,91,70000.0,70000.0,61,1.0,32,1.0,20.0,20,4.0,1.0,2,3,2.0,1,2.0,3.0,1000,0.0,3.0,3.0,0,60.0,2.0,1,2.0,0,1990.0,52.0,1,38,999,1.0,0.0,0.0,0.0,0.0,5.0,400,1.0,1,2,0.0,1,2,3.0,4.0,1
1,319.0,50000.0,07,50000.0,50000.0,48,1.0,999,1.0,21.0,22,4.0,1.0,2,3,2.0,1,2.0,3.0,1000,0.0,3.0,3.0,0,50.0,2.0,1,2.0,0,2002.0,52.0,1,38,999,1.0,0.0,0.0,0.0,0.0,5.0,400,1.0,4,2,0.0,1,2,3.0,4.0,1
0,501.0,118500.0,47,110000.0,104000.0,05,1.0,82,1.0,21.0,20,2.0,1.0,2,1,2.0,1,2.0,3.0,1000,0.0,3.0,3.0,0,42.0,2.0,1,2.0,0,2018.0,52.0,1,38,999,2.0,0.0,0.0,0.0,0.0,5.0,200,1.0,1,2,8500.0,1,2,3.0,4.0,1
0,501.0,48000.0,72,48000.0,48000.0,44,1.0,82,1.0,18.0,25,6.0,1.0,2,5,2.0,29,2.0,3.0,9000,0.0,3.0,3.0,0,40.0,2.0,9,2.0,0,1995.0,52.0,1,38,32,2.0,0.0,0.0,0.0,0.0,5.0,200,1.0,2,2,0.0,1,2,3.0,4.0,24
0,501.0,132000.0,94,130000.0,130000.0,60,1.0,999,1.0,20.0,20,1.0,1.0,2,1,2.0,1,2.0,3.0,1000,0.0,3.0,3.0,0,80.0,2.0,1,2.0,0,2017.0,52.0,1,38,999,1.0,0.0,0.0,2000.0,0.0,5.0,200,1.0,4,2,0.0,1,2,3.0,4.0,1
0,501.0,82000.0,38,82000.0,82000.0,94,1.0,999,1.0,22.0,21,1.0,1.0,2,1,2.0,1,2.0,3.0,1000,0.0,3.0,3.0,0,40.0,2.0,1,2.0,0,2017.0,52.0,1,38,999,3.0,0.0,0.0,0.0,0.0,5.0,200,1.0,4,2,0.0,1,2,3.0,4.0,1
0,371.0,54000.0,06,54000.0,54000.0,49,1.0,795,1.0,21.0,21,1.0,1.0,2,1,2.0,6,2.0,2.0,4008,0.0,2.0,2.0,0,40.0,2.0,6,2.0,0,2009.0,52.0,0,233,999,1.0,0.0,0.0,0.0,0.0,5.0,600,1.0,1,2,0.0,4,2,2.0,4.0,1
0,501.0,82000.0,15,82000.0,82000.0,25,1.0,32,1.0,16.0,20,6.0,1.0,2,5,2.0,1,2.0,3.0,1000,0.0,3.0,3.0,0,45.0,2.0,1,2.0,0,1995.0,52.0,1,45,50,1.0,0.0,0.0,0.0,0.0,5.0,600,1.0,2,2,0.0,1,2,3.0,2.0,1
0,190.0,30000.0,05,30000.0,30000.0,49,1.0,32,1.0,19.0,22,4.0,1.0,2,3,2.0,1,2.0,3.0,1000,0.0,3.0,3.0,0,40.0,2.0,1,2.0,0,2010.0,52.0,1,17,999,1.0,0.0,0.0,0.0,0.0,5.0,600,1.0,1,2,0.0,1,2,3.0,2.0,1
0,166.0,34500.0,47,34500.0,34500.0,42,1.0,89,1.0,16.0,20,6.0,1.0,2,5,2.0,1,2.0,3.0,1000,0.0,3.0,3.0,0,40.0,2.0,1,2.0,0,1995.0,52.0,1,27,999,1.0,0.0,0.0,0.0,0.0,5.0,600,1.0,1,2,0.0,1,2,3.0,4.0,1
0,446.0,70000.0,32,70000.0,70000.0,81,1.0,98,1.0,20.0,22,6.0,1.0,2,5,2.0,1,2.0,3.0,1000,0.0,3.0,3.0,0,40.0,2.0,1,2.0,0,1995.0,52.0,1,27,999,5.0,0.0,0.0,0.0,0.0,5.0,600,1.0,1,2,0.0,1,2,3.0,2.0,1
0,189.0,40000.0,65,40000.0,40000.0,07,1.0,999,1.0,19.0,20,1.0,1.0,2,1,2.0,1,2.0,3.0,1000,0.0,3.0,3.0,0,50.0,2.0,1,2.0,0,2007.0,36.0,1,38,999,7.0,0.0,0.0,0.0,0.0,5.0,200,1.0,4,2,0.0,1,2,3.0,4.0,1
0,189.0,36000.0,04,36000.0,36000.0,93,1.0,999,1.0,19.0,21,1.0,1.0,2,1,2.0,1,2.0,3.0,1000,0.0,3.0,3.0,0,50.0,2.0,1,2.0,0,2007.0,52.0,1,29,999,3.0,0.0,0.0,0.0,0.0,5.0,200,1.0,4,2,0.0,1,2,3.0,4.0,1
0,136.0,18000.0,36,18000.0,18000.0,91,1.0,26,1.0,18.0,21,1.0,1.0,2,1,2.0,1,2.0,3.0,1000,0.0,3.0,3.0,2,35.0,2.0,1,2.0,0,1991.0,52.0,1,41,999,2.0,0.0,0.0,0.0,0.0,5.0,400,1.0,1,2,0.0,1,2,3.0,4.0,1
0,249.0,38000.0,53,38000.0,38000.0,81,1.0,21,1.0,18.0,20,6.0,1.0,2,5,2.0,1,2.0,3.0,1000,0.0,3.0,3.0,0,40.0,2.0,1,2.0,0,1995.0,52.0,1,38,931,1.0,0.0,0.0,0.0,0.0,5.0,600,3.0,2,2,0.0,1,2,3.0,4.0,1
0,256.0,40400.0,47,40400.0,40400.0,50,1.0,999,1.0,16.0,20,6.0,1.0,2,5,2.0,1,2.0,3.0,1000,0.0,3.0,3.0,0,40.0,2.0,1,2.0,0,1995.0,52.0,1,38,999,1.0,0.0,0.0,0.0,0.0,5.0,300,1.0,4,2,0.0,1,2,3.0,2.0,1
0,363.0,90000.0,91,90000.0,90000.0,22,1.0,999,1.0,15.0,20,1.0,1.0,2,1,2.0,1,2.0,3.0,1000,0.0,3.0,3.0,0,60.0,2.0,1,2.0,0,2018.0,52.0,1,38,999,1.0,0.0,0.0,0.0,0.0,5.0,500,1.0,4,2,0.0,1,2,3.0,4.0,1
0,363.0,28000.0,35,28000.0,28000.0,82,1.0,999,1.0,20.0,21,1.0,1.0,2,1,2.0,1,2.0,3.0,1000,0.0,3.0,3.0,0,60.0,2.0,1,2.0,0,2018.0,52.0,1,38,999,2.0,0.0,0.0,0.0,0.0,5.0,500,1.0,4,2,0.0,1,2,3.0,4.0,1
0,422.0,37800.0,55,0.0,0.0,63,6.0,82,2.0,21.0,20,1.0,2.0,2,1,2.0,1,2.0,2.0,1000,0.0,2.0,2.0,0,40.0,2.0,1,2.0,0,1983.0,52.0,1,38,32,5.0,0.0,37700.0,0.0,0.0,5.0,600,1.0,2,2,100.0,1,2,3.0,4.0,1
0,422.0,47000.0,97,47000.0,47000.0,77,1.0,82,1.0,21.0,21,1.0,1.0,1,1,2.0,1,2.0,3.0,1000,0.0,3.0,3.0,0,40.0,2.0,1,2.0,0,1983.0,52.0,1,38,148,3.0,0.0,0.0,0.0,0.0,5.0,600,1.0,2,2,0.0,1,1,3.0,4.0,1
0,501.0,100000.0,42,0.0,0.0,69,6.0,32,3.0,19.0,20,1.0,2.0,2,1,2.0,1,2.0,2.0,1000,0.0,2.0,2.0,2,40.0,2.0,1,2.0,0,1979.0,52.0,1,38,999,1.0,0.0,65000.0,0.0,0.0,5.0,400,1.0,1,2,35000.0,1,2,3.0,4.0,1
0,501.0,160000.0,48,160000.0,160000.0,01,1.0,999,1.0,18.0,20,6.0,1.0,2,5,2.0,1,2.0,3.0,1000,0.0,3.0,3.0,0,40.0,2.0,1,2.0,0,1995.0,52.0,1,38,999,1.0,0.0,0.0,0.0,0.0,5.0,200,1.0,4,2,0.0,1,2,3.0,2.0,1
0,501.0,35000.0,51,0.0,0.0,69,6.0,999,2.0,19.0,33,5.0,1.0,1,4,2.0,1,1.0,3.0,1000,0.0,3.0,3.0,0,40.0,1.0,1,1.0,0,2007.0,52.0,1,38,999,1.0,24000.0,0.0,11000.0,0.0,5.0,200,1.0,4,2,0.0,1,2,3.0,2.0,1
0,501.0,70000.0,73,70000.0,70000.0,05,1.0,50,1.0,16.0,20,1.0,1.0,2,1,2.0,1,2.0,3.0,1000,0.0,3.0,3.0,0,40.0,2.0,1,2.0,0,2022.0,52.0,1,46,32,1.0,0.0,0.0,0.0,0.0,5.0,100,3.0,2,2,0.0,1,2,3.0,4.0,1
0,501.0,30000.0,36,30000.0,30000.0,79,1.0,32,1.0,18.0,21,1.0,1.0,2,1,2.0,1,2.0,3.0,1000,0.0,3.0,3.0,0,40.0,2.0,1,2.0,0,2022.0,52.0,1,46,999,1.0,0.0,0.0,0.0,0.0,5.0,100,3.0,1,2,0.0,1,2,3.0,4.0,1
0,501.0,80000.0,42,0.0,0.0,69,6.0,999,3.0,20.0,20,1.0,1.0,2,1,2.0,1,2.0,3.0,1000,0.0,3.0,3.0,0,40.0,2.0,1,2.0,0,1987.0,52.0,1,38,999,1.0,25000.0,50000.0,0.0,0.0,5.0,100,1.0,4,2,5000.0,1,2,3.0,4.0,1
0,318.0,34000.0,36,34000.0,34000.0,82,1.0,999,1.0,19.0,20,1.0,1.0,2,1,2.0,1,2.0,3.0,1000,0.0,3.0,3.0,0,40.0,2.0,1,2.0,0,2006.0,52.0,1,27,999,1.0,0.0,0.0,0.0,0.0,5.0,400,1.0,4,2,0.0,1,2,3.0,4.0,1
0,318.0,80000.0,62,80000.0,80000.0,44,1.0,999,1.0,16.0,21,1.0,1.0,2,1,2.0,1,2.0,3.0,1000,0.0,3.0,3.0,0,55.0,2.0,1,2.0,0,2006.0,52.0,1,27,999,1.0,0.0,0.0,0.0,0.0,5.0,400,1.0,4,2,0.0,1,2,3.0,4.0,1
1,220.0,0.0,42,0.0,0.0,69,6.0,22,3.0,19.0,21,1.0,2.0,2,1,2.0,1,2.0,2.0,1000,0.0,2.0,2.0,0,40.0,2.0,1,2.0,0,1974.0,52.0,1,39,999,1.0,0.0,0.0,0.0,0.0,5.0,400,1.0,1,2,0.0,1,2,3.0,4.0,1
0,501.0,76000.0,50,76000.0,76000.0,68,1.0,999,1.0,19.0,20,1.0,1.0,2,1,2.0,1,2.0,3.0,1000,0.0,3.0,3.0,0,47.0,2.0,1,2.0,0,2015.0,52.0,1,16,999,1.0,0.0,0.0,0.0,0.0,5.0,400,1.0,4,2,0.0,1,2,3.0,4.0,1
0,501.0,95000.0,14,95000.0,95000.0,35,1.0,999,1.0,21.0,21,1.0,1.0,2,1,2.0,1,2.0,3.0,1000,0.0,3.0,3.0,0,40.0,2.0,1,2.0,0,2015.0,52.0,1,27,999,1.0,0.0,0.0,0.0,0.0,5.0,400,1.0,4,2,0.0,1,2,3.0,4.0,1
0,501.0,105120.0,00,105000.0,105000.0,95,1.0,940,1.0,21.0,20,1.0,1.0,2,1,2.0,1,2.0,3.0,1000,0.0,3.0,3.0,2,55.0,2.0,1,2.0,0,1987.0,52.0,1,38,32,5.0,0.0,0.0,0.0,0.0,5.0,400,1.0,2,2,120.0,1,2,3.0,4.0,1
0,501.0,28500.0,42,0.0,0.0,69,6.0,32,3.0,14.0,21,1.0,2.0,1,1,2.0,1,2.0,2.0,1000,0.0,2.0,2.0,2,40.0,2.0,1,2.0,0,1987.0,52.0,1,38,50,1.0,17500.0,11000.0,0.0,0.0,5.0,400,1.0,2,1,0.0,1,2,3.0,2.0,1
0,501.0,5600.0,07,5600.0,5600.0,79,6.0,98,1.0,19.0,21,1.0,2.0,2,1,2.0,1,2.0,2.0,1000,0.0,2.0,2.0,2,8.0,2.0,1,2.0,0,1981.0,22.0,1,27,999,1.0,0.0,0.0,0.0,0.0,5.0,500,1.0,1,2,0.0,1,2,3.0,4.0,1
0,501.0,42500.0,42,0.0,0.0,69,6.0,82,3.0,22.0,21,1.0,2.0,2,1,2.0,1,2.0,2.0,1000,0.0,2.0,2.0,0,40.0,2.0,1,2.0,0,1980.0,52.0,1,38,32,1.0,6500.0,36000.0,0.0,0.0,5.0,500,1.0,2,2,0.0,1,2,3.0,4.0,1
0,326.0,51000.0,91,51000.0,51000.0,61,1.0,3,1.0,17.0,20,1.0,1.0,2,1,2.0,1,2.0,2.0,1000,0.0,3.0,3.0,0,65.0,2.0,1,2.0,0,2016.0,46.0,1,29,917,1.0,0.0,0.0,0.0,0.0,5.0,600,1.0,2,2,0.0,1,2,3.0,2.0,1
1,64.0,10000.0,91,10000.0,10000.0,63,1.0,50,1.0,16.0,36,6.0,1.0,2,5,2.0,1,2.0,3.0,1000,0.0,3.0,3.0,0,20.0,2.0,1,2.0,0,1995.0,52.0,1,8,32,1.0,0.0,0.0,0.0,0.0,5.0,100,1.0,2,2,0.0,1,2,3.0,4.0,1
1,393.0,12000.0,40,12000.0,12000.0,86,1.0,919,1.0,21.0,20,1.0,1.0,2,1,2.0,40,2.0,2.0,9000,0.0,2.0,2.0,0,40.0,2.0,9,2.0,1,1989.0,52.0,0,53,999,1.0,0.0,0.0,0.0,0.0,5.0,400,1.0,1,2,0.0,1,2,2.0,4.0,1
0,393.0,67000.0,47,67000.0,67000.0,53,1.0,924,1.0,21.0,21,1.0,1.0,1,1,2.0,1,2.0,2.0,1000,0.0,2.0,3.0,0,40.0,2.0,1,2.0,0,1989.0,52.0,1,38,999,1.0,0.0,0.0,0.0,0.0,5.0,400,1.0,1,2,0.0,1,1,2.0,4.0,1
1,54.0,0.0,42,0.0,0.0,69,6.0,32,3.0,12.0,20,1.0,2.0,1,1,2.0,1,2.0,2.0,1000,0.0,2.0,2.0,0,40.0,1.0,1,2.0,0,1980.0,52.0,1,301,999,1.0,0.0,0.0,0.0,0.0,5.0,100,1.0,1,2,0.0,7,2,3.0,4.0,1
0,501.0,115000.0,72,115000.0,110000.0,48,1.0,995,1.0,19.0,21,1.0,1.0,2,1,2.0,1,2.0,3.0,1000,0.0,3.0,3.0,0,55.0,2.0,1,2.0,0,1995.0,52.0,1,38,999,1.0,0.0,0.0,0.0,0.0,5.0,400,1.0,3,2,0.0,1,2,3.0,4.0,1
1,501.0,106000.0,96,88000.0,88000.0,52,1.0,999,1.0,21.0,20,1.0,1.0,2,1,2.0,3,2.0,3.0,5025,0.0,3.0,3.0,0,55.0,2.0,5,2.0,1,2022.0,52.0,0,30,999,1.0,0.0,0.0,18000.0,0.0,5.0,300,1.0,4,2,0.0,1,2,3.0,4.0,1
0,501.0,52000.0,32,52000.0,52000.0,81,1.0,999,1.0,21.0,21,1.0,1.0,2,1,2.0,3,2.0,3.0,5025,0.0,3.0,3.0,0,36.0,2.0,5,2.0,1,2022.0,52.0,0,38,999,1.0,0.0,0.0,0.0,0.0,5.0,300,1.0,4,2,0.0,1,2,3.0,4.0,1
0,501.0,160000.0,32,160000.0,160000.0,75,6.0,82,1.0,22.0,20,4.0,2.0,2,3,2.0,1,2.0,1.0,1000,0.0,2.0,2.0,2,10.0,2.0,1,2.0,0,1986.0,40.0,1,38,142,7.0,0.0,0.0,0.0,0.0,3.0,600,1.0,2,2,0.0,1,2,3.0,4.0,1
0,430.0,60000.0,57,60000.0,60000.0,78,1.0,999,1.0,20.0,20,1.0,1.0,1,1,1.0,1,2.0,3.0,1000,0.0,3.0,3.0,2,40.0,2.0,1,2.0,0,2015.0,49.0,1,38,999,1.0,0.0,0.0,0.0,0.0,5.0,500,1.0,4,2,0.0,1,2,3.0,4.0,1
0,430.0,69000.0,62,60000.0,60000.0,04,1.0,999,1.0,17.0,21,1.0,1.0,2,1,2.0,1,2.0,3.0,1000,0.0,3.0,3.0,2,65.0,2.0,1,2.0,0,2015.0,40.0,1,38,999,1.0,0.0,9000.0,0.0,0.0,5.0,500,1.0,4,2,0.0,1,2,3.0,4.0,1
0,321.0,49000.0,47,49000.0,49000.0,53,1.0,87,1.0,18.0,20,4.0,1.0,2,3,2.0,1,2.0,3.0,1000,0.0,2.0,1.0,0,50.0,2.0,1,2.0,0,2002.0,52.0,1,38,82,1.0,0.0,0.0,0.0,0.0,5.0,500,1.0,2,2,0.0,1,2,3.0,4.0,1
0,297.0,45900.0,59,45900.0,45900.0,83,1.0,82,1.0,21.0,20,4.0,1.0,1,3,2.0,1,2.0,3.0,1000,0.0,3.0,3.0,0,41.0,1.0,1,2.0,0,2015.0,52.0,1,38,111,2.0,0.0,0.0,0.0,0.0,5.0,600,3.0,2,2,0.0,1,2,3.0,4.0,1
0,222.0,28300.0,51,28300.0,28300.0,05,1.0,32,1.0,21.0,20,1.0,1.0,2,1,2.0,1,2.0,3.0,1000,0.0,3.0,3.0,2,40.0,2.0,1,2.0,0,2018.0,52.0,1,38,82,1.0,0.0,0.0,0.0,0.0,5.0,300,1.0,2,2,0.0,1,2,3.0,4.0,1
0,222.0,40000.0,64,40000.0,40000.0,07,1.0,999,1.0,16.0,21,1.0,1.0,2,1,2.0,1,2.0,3.0,1000,0.0,3.0,3.0,0,60.0,2.0,1,2.0,0,2018.0,52.0,1,38,999,1.0,0.0,0.0,0.0,0.0,5.0,300,1.0,4,2,0.0,1,2,3.0,4.0,1
0,450.0,44700.0,58,44700.0,44700.0,64,1.0,89,1.0,19.0,20,1.0,1.0,2,1,2.0,1,2.0,3.0,1000,0.0,3.0,3.0,0,40.0,2.0,1,2.0,0,2007.0,52.0,1,38,82,1.0,0.0,0.0,0.0,0.0,5.0,600,1.0,2,2,0.0,1,2,3.0,4.0,1
0,450.0,89000.0,13,89000.0,89000.0,72,1.0,82,1.0,21.0,21,1.0,1.0,2,1,2.0,1,2.0,3.0,1000,0.0,3.0,3.0,0,50.0,2.0,1,2.0,0,2007.0,52.0,1,38,21,1.0,0.0,0.0,0.0,0.0,5.0,600,1.0,2,2,0.0,1,2,3.0,4.0,1
0,358.0,65000.0,23,65000.0,65000.0,78,1.0,82,1.0,21.0,20,1.0,1.0,2,1,2.0,1,2.0,3.0,1000,0.0,3.0,3.0,0,40.0,2.0,1,2.0,0,2016.0,52.0,1,38,999,3.0,0.0,0.0,0.0,0.0,5.0,200,1.0,1,2,0.0,1,2,3.0,4.0,1
0,358.0,62000.0,23,62000.0,62000.0,78,1.0,82,1.0,22.0,21,1.0,1.0,2,1,2.0,1,2.0,3.0,1000,0.0,3.0,3.0,0,40.0,2.0,1,2.0,0,2016.0,52.0,1,38,999,3.0,0.0,0.0,0.0,0.0,5.0,200,1.0,1,2,0.0,1,2,3.0,4.0,1
0,336.0,110000.0,00,110000.0,0.0,03,1.0,142,1.0,20.0,20,1.0,1.0,2,1,2.0,1,2.0,3.0,1000,0.0,3.0,3.0,2,90.0,2.0,1,2.0,0,2008.0,52.0,1,38,50,6.0,0.0,0.0,0.0,0.0,5.0,100,1.0,2,2,0.0,1,2,3.0,4.0,1
0,336.0,24000.0,02,24000.0,0.0,01,6.0,32,1.0,19.0,21,1.0,2.0,2,1,2.0,1,2.0,2.0,1000,0.0,2.0,2.0,2,60.0,2.0,1,2.0,0,2008.0,52.0,1,8,999,6.0,0.0,0.0,0.0,0.0,5.0,100,1.0,1,2,0.0,1,2,3.0,4.0,1
0,501.0,96000.0,32,96000.0,96000.0,81,1.0,82,1.0,21.0,20,1.0,1.0,1,1,1.0,1,2.0,3.0,1000,0.0,3.0,3.0,0,44.0,2.0,1,2.0,0,2014.0,52.0,1,27,148,1.0,0.0,0.0,0.0,0.0,5.0,600,1.0,2,1,0.0,1,2,3.0,4.0,1
0,501.0,144000.0,30,144000.0,144000.0,81,1.0,89,1.0,24.0,21,1.0,1.0,1,1,2.0,1,2.0,3.0,1000,0.0,3.0,3.0,0,44.0,2.0,1,2.0,0,2014.0,38.0,1,38,82,1.0,0.0,0.0,0.0,0.0,5.0,600,1.0,2,1,0.0,1,2,3.0,4.0,1
0,89.0,27000.0,52,27000.0,27000.0,68,1.0,999,1.0,18.0,20,2.0,1.0,2,1,2.0,3,2.0,3.0,5013,0.0,3.0,3.0,0,40.0,2.0,3,2.0,1,2014.0,52.0,0,46,999,1.0,0.0,0.0,0.0,0.0,5.0,100,3.0,4,2,0.0,1,2,3.0,4.0,1
0,288.0,44900.0,57,35000.0,35000.0,78,1.0,32,1.0,20.0,20,3.0,1.0,2,2,2.0,1,2.0,3.0,1000,0.0,3.0,3.0,2,40.0,2.0,1,2.0,0,1992.0,52.0,1,38,148,3.0,0.0,9000.0,0.0,0.0,5.0,300,1.0,2,2,900.0,1,2,3.0,4.0,1
0,332.0,53000.0,42,42000.0,42000.0,78,1.0,32,1.0,19.0,20,1.0,1.0,2,1,2.0,1,2.0,3.0,1000,0.0,3.0,3.0,0,40.0,2.0,1,2.0,0,1987.0,52.0,1,38,148,3.0,0.0,0.0,0.0,0.0,5.0,300,1.0,2,2,11000.0,1,2,3.0,4.0,1
0,345.0,54000.0,32,54000.0,54000.0,82,1.0,795,1.0,21.0,20,6.0,1.0,2,5,2.0,6,2.0,3.0,4008,0.0,3.0,3.0,0,40.0,2.0,6,2.0,0,1995.0,52.0,0,233,999,2.0,0.0,0.0,0.0,0.0,5.0,300,1.0,1,2,0.0,4,2,3.0,4.0,1
0,111.0,45000.0,96,45000.0,45000.0,96,4.0,261,1.0,19.0,20,1.0,1.0,1,1,1.0,29,2.0,3.0,9000,0.0,3.0,3.0,0,60.0,1.0,9,2.0,0,2019.0,52.0,1,72,999,5.0,0.0,0.0,0.0,0.0,5.0,300,1.0,1,2,0.0,2,2,3.0,1.0,3
1,111.0,0.0,78,0.0,0.0,11,6.0,261,2.0,21.0,21,1.0,2.0,1,1,2.0,29,2.0,2.0,9000,0.0,2.0,2.0,0,40.0,1.0,9,1.0,0,2019.0,52.0,1,72,999,1.0,0.0,0.0,0.0,0.0,5.0,300,1.0,1,2,0.0,2,2,3.0,4.0,3
0,501.0,140000.0,04,130000.0,75000.0,07,1.0,32,1.0,16.0,20,1.0,1.0,2,1,2.0,1,2.0,2.0,1000,0.0,2.0,2.0,2,40.0,2.0,1,2.0,0,1985.0,52.0,1,38,999,1.0,0.0,0.0,0.0,0.0,5.0,400,1.0,1,2,10000.0,1,2,3.0,4.0,1
0,501.0,77000.0,57,70000.0,70000.0,07,1.0,32,1.0,19.0,21,1.0,1.0,2,1,2.0,1,2.0,3.0,1000,0.0,3.0,3.0,0,40.0,2.0,1,2.0,0,1985.0,52.0,1,38,999,1.0,0.0,0.0,0.0,0.0,5.0,400,1.0,1,2,7000.0,1,2,3.0,4.0,1
0,501.0,0.0,36,0.0,0.0,82,6.0,32,2.0,16.0,21,1.0,2.0,1,1,2.0,1,2.0,2.0,1000,0.0,2.0,2.0,0,40.0,2.0,1,2.0,0,1984.0,52.0,1,38,999,2.0,0.0,0.0,0.0,0.0,5.0,400,1.0,1,2,0.0,1,1,3.0,4.0,1
0,501.0,42200.0,50,0.0,0.0,53,6.0,32,2.0,21.0,20,1.0,2.0,1,1,2.0,1,2.0,2.0,1000,0.0,2.0,2.0,2,40.0,1.0,1,2.0,0,1983.0,52.0,1,38,82,2.0,9900.0,2800.0,0.0,0.0,5.0,500,1.0,2,2,29500.0,1,1,3.0,4.0,1
0,501.0,100000.0,47,70000.0,70000.0,47,1.0,82,1.0,20.0,21,1.0,1.0,2,1,2.0,1,2.0,3.0,1000,0.0,3.0,3.0,0,58.0,2.0,1,2.0,0,1983.0,52.0,1,38,999,1.0,0.0,0.0,0.0,0.0,5.0,500,1.0,1,2,30000.0,1,2,3.0,4.0,1
0,330.0,51700.0,60,50000.0,0.0,01,1.0,32,1.0,21.0,20,4.0,1.0,2,3,2.0,1,2.0,3.0,1000,0.0,3.0,3.0,1,50.0,2.0,1,2.0,0,2005.0,52.0,1,38,82,6.0,0.0,0.0,0.0,0.0,5.0,400,1.0,2,2,1700.0,1,2,3.0,4.0,1
0,392.0,80000.0,73,75000.0,75000.0,07,1.0,999,1.0,20.0,20,4.0,1.0,2,3,2.0,17,2.0,3.0,9000,0.0,3.0,3.0,0,40.0,2.0,9,2.0,1,2016.0,52.0,1,38,999,1.0,0.0,0.0,5000.0,0.0,5.0,600,1.0,4,2,0.0,1,2,3.0,4.0,1
0,349.0,45000.0,55,45000.0,45000.0,63,1.0,82,1.0,19.0,30,6.0,1.0,2,5,2.0,1,2.0,2.0,1000,0.0,3.0,3.0,0,55.0,2.0,1,2.0,0,1995.0,52.0,1,38,999,1.0,0.0,0.0,0.0,0.0,5.0,400,1.0,1,2,0.0,1,2,3.0,4.0,1
0,312.0,10800.0,42,0.0,0.0,69,6.0,32,3.0,23.0,21,1.0,2.0,2,1,2.0,1,2.0,2.0,1000,0.0,2.0,2.0,2,40.0,2.0,1,2.0,0,1981.0,52.0,1,38,26,1.0,10800.0,0.0,0.0,0.0,5.0,500,1.0,2,2,0.0,1,2,3.0,4.0,1
0,477.0,110000.0,03,110000.0,110000.0,81,1.0,22,1.0,22.0,20,1.0,1.0,2,1,2.0,1,2.0,3.0,1000,0.0,3.0,3.0,0,40.0,2.0,1,2.0,0,2004.0,52.0,1,38,50,2.0,0.0,0.0,0.0,0.0,5.0,600,1.0,2,2,0.0,1,2,3.0,4.0,1
0,477.0,80000.0,04,80000.0,80000.0,38,1.0,32,1.0,21.0,21,1.0,1.0,2,1,2.0,1,2.0,3.0,1000,0.0,3.0,3.0,0,50.0,2.0,1,2.0,0,2004.0,52.0,1,27,50,1.0,0.0,0.0,0.0,0.0,5.0,600,1.0,2,2,0.0,1,2,3.0,4.0,1
1,12.0,2000.0,02,0.0,0.0,01,6.0,32,2.0,19.0,20,3.0,2.0,2,2,2.0,1,2.0,2.0,1000,0.0,2.0,2.0,0,40.0,2.0,1,2.0,0,1985.0,52.0,1,38,999,6.0,2000.0,0.0,0.0,0.0,5.0,400,1.0,1,2,0.0,1,2,3.0,4.0,1
0,501.0,90000.0,72,90000.0,90000.0,88,1.0,999,1.0,16.0,20,1.0,1.0,2,1,2.0,1,2.0,3.0,1000,0.0,3.0,3.0,0,45.0,2.0,1,2.0,0,2010.0,52.0,1,38,999,1.0,0.0,0.0,0.0,0.0,5.0,300,1.0,4,2,0.0,1,2,3.0,4.0,1
0,501.0,65000.0,32,65000.0,65000.0,69,1.0,999,1.0,21.0,21,1.0,1.0,2,1,2.0,1,2.0,3.0,1000,0.0,3.0,3.0,0,42.0,2.0,1,2.0,0,2010.0,52.0,1,38,999,1.0,0.0,0.0,0.0,0.0,5.0,300,1.0,4,2,0.0,1,2,3.0,4.0,1
0,501.0,106000.0,96,88000.0,88000.0,52,1.0,22,1.0,20.0,20,1.0,1.0,2,1,2.0,17,2.0,3.0,9000,0.0,3.0,3.0,0,55.0,2.0,9,2.0,1,2013.0,52.0,1,48,26,1.0,0.0,0.0,18000.0,0.0,5.0,600,1.0,2,2,0.0,1,2,3.0,2.0,1
0,501.0,55000.0,32,55000.0,55000.0,81,1.0,32,1.0,21.0,21,1.0,1.0,2,1,2.0,1,2.0,3.0,1000,0.0,3.0,3.0,0,32.0,2.0,1,2.0,0,2013.0,52.0,1,27,22,1.0,0.0,0.0,0.0,0.0,5.0,600,1.0,2,2,0.0,1,2,3.0,4.0,1
0,122.0,25000.0,75,25000.0,25000.0,04,1.0,32,1.0,16.0,20,4.0,1.0,2,3,2.0,1,2.0,3.0,1000,0.0,3.0,3.0,0,40.0,2.0,1,2.0,0,2010.0,47.0,1,48,999,1.0,0.0,0.0,0.0,0.0,5.0,100,3.0,1,2,0.0,1,2,3.0,2.0,1
0,5.0,900.0,42,900.0,0.0,86,6.0,32,1.0,15.0,22,6.0,2.0,2,5,2.0,1,2.0,1.0,1000,0.0,2.0,2.0,0,6.0,2.0,1,2.0,0,1995.0,30.0,1,56,999,6.0,0.0,0.0,0.0,0.0,3.0,100,3.0,1,2,0.0,1,2,3.0,4.0,1
0,501.0,35000.0,02,35000.0,35000.0,01,1.0,995,1.0,20.0,21,1.0,1.0,2,1,2.0,1,2.0,3.0,1000,0.0,3.0,3.0,1,35.0,2.0,1,2.0,0,2005.0,50.0,1,38,999,7.0,0.0,0.0,0.0,0.0,5.0,200,1.0,3,2,0.0,1,2,3.0,4.0,1
0,501.0,55800.0,31,54000.0,54000.0,80,1.0,32,1.0,23.0,20,1.0,1.0,1,1,1.0,1,2.0,3.0,1000,0.0,3.0,3.0,1,50.0,2.0,1,2.0,0,1993.0,52.0,1,38,999,7.0,0.0,0.0,0.0,0.0,5.0,100,1.0,1,1,1800.0,1,1,3.0,4.0,1
0,501.0,54000.0,31,54000.0,54000.0,80,1.0,84,1.0,23.0,21,1.0,1.0,2,1,2.0,19,2.0,3.0,9000,0.0,3.0,3.0,1,60.0,2.0,9,2.0,0,1993.0,52.0,1,12,50,7.0,0.0,0.0,0.0,0.0,5.0,100,1.0,2,2,0.0,1,2,3.0,4.0,1
0,501.0,115000.0,68,115000.0,115000.0,03,1.0,996,1.0,19.0,20,6.0,1.0,2,5,2.0,29,2.0,3.0,9000,0.0,3.0,3.0,0,80.0,2.0,9,2.0,0,1995.0,52.0,1,46,999,1.0,0.0,0.0,0.0,0.0,5.0,100,1.0,3,2,0.0,1,2,3.0,4.0,1
0,501.0,129000.0,91,114000.0,114000.0,61,1.0,995,1.0,20.0,20,4.0,1.0,1,3,1.0,17,2.0,3.0,9000,0.0,3.0,3.0,0,90.0,1.0,9,2.0,1,1991.0,52.0,1,53,999,1.0,0.0,15000.0,0.0,0.0,5.0,100,1.0,3,1,0.0,1,2,3.0,4.0,1
0,285.0,45000.0,36,45000.0,45000.0,81,6.0,82,1.0,16.0,22,4.0,2.0,2,3,2.0,1,2.0,2.0,1000,0.0,2.0,2.0,2,99.0,2.0,1,2.0,0,1995.0,52.0,1,38,999,2.0,0.0,0.0,0.0,0.0,5.0,100,1.0,1,2,0.0,1,2,3.0,4.0,1
0,501.0,25000.0,36,25000.0,25000.0,82,1.0,999,1.0,20.0,20,1.0,1.0,2,1,2.0,1,2.0,3.0,1000,0.0,3.0,3.0,0,32.0,2.0,1,2.0,0,2016.0,52.0,1,38,999,1.0,0.0,0.0,0.0,0.0,5.0,500,1.0,4,2,0.0,1,2,3.0,4.0,1
0,501.0,77000.0,72,77000.0,77000.0,87,1.0,999,1.0,18.0,21,1.0,1.0,2,1,2.0,1,2.0,3.0,1000,0.0,3.0,3.0,0,40.0,2.0,1,2.0,0,2016.0,52.0,1,27,999,1.0,0.0,0.0,0.0,0.0,5.0,500,1.0,4,2,0.0,1,2,3.0,2.0,1
1,165.0,33000.0,46,33000.0,32000.0,84,1.0,999,1.0,16.0,20,1.0,1.0,2,1,2.0,1,2.0,3.0,1000,0.0,3.0,3.0,0,50.0,2.0,1,2.0,0,2018.0,52.0,1,49,999,6.0,0.0,0.0,0.0,0.0,5.0,200,1.0,4,2,0.0,1,2,3.0,2.0,1
1,165.0,0.0,42,0.0,0.0,69,6.0,999,3.0,15.0,21,1.0,1.0,1,1,1.0,1,2.0,3.0,1000,0.0,3.0,3.0,0,40.0,2.0,1,2.0,0,2018.0,52.0,1,49,999,1.0,0.0,0.0,0.0,0.0,5.0,200,1.0,4,2,0.0,1,2,3.0,4.0,1
0,413.0,64000.0,51,64000.0,64000.0,68,1.0,32,1.0,20.0,20,6.0,1.0,2,5,2.0,1,2.0,3.0,1000,0.0,3.0,3.0,0,40.0,2.0,1,2.0,0,1995.0,52.0,1,38,999,1.0,0.0,0.0,0.0,0.0,5.0,400,1.0,1,2,0.0,1,2,3.0,4.0,1
0,260.0,40000.0,47,40000.0,40000.0,49,1.0,223,1.0,20.0,20,6.0,1.0,2,5,2.0,15,2.0,3.0,8000,0.0,3.0,3.0,0,40.0,2.0,8,2.0,0,1995.0,52.0,0,13,999,1.0,0.0,0.0,0.0,0.0,5.0,100,3.0,1,2,0.0,1,2,3.0,4.0,8
1,127.0,20000.0,42,20000.0,20000.0,78,1.0,776,1.0,16.0,20,2.0,1.0,2,1,2.0,6,2.0,2.0,4008,0.0,3.0,3.0,0,60.0,2.0,6,2.0,0,2000.0,2.0,0,242,999,3.0,0.0,0.0,0.0,0.0,1.0,300,1.0,1,2,0.0,4,2,3.0,4.0,1
0,376.0,59000.0,23,59000.0,59000.0,78,1.0,795,1.0,23.0,34,2.0,1.0,2,1,2.0,6,2.0,1.0,4008,0.0,3.0,3.0,0,40.0,2.0,6,2.0,0,2022.0,52.0,0,233,720,4.0,0.0,0.0,0.0,0.0,1.0,300,1.0,2,2,0.0,4,2,3.0,4.0,1
0,0.0,0.0,42,0.0,0.0,69,6.0,795,3.0,16.0,34,6.0,2.0,2,5,2.0,6,2.0,2.0,4008,0.0,2.0,2.0,2,40.0,2.0,6,2.0,0,1995.0,52.0,0,233,720,1.0,0.0,0.0,0.0,0.0,5.0,300,1.0,2,2,0.0,4,2,3.0,4.0,1
0,501.0,59000.0,52,59000.0,59000.0,66,1.0,999,1.0,11.0,20,1.0,1.0,2,1,2.0,1,2.0,3.0,1000,0.0,3.0,3.0,0,40.0,2.0,1,2.0,0,2016.0,52.0,1,56,999,1.0,0.0,0.0,0.0,0.0,5.0,300,1.0,4,2,0.0,1,2,3.0,4.0,1
0,501.0,100000.0,02,100000.0,100000.0,07,1.0,999,1.0,21.0,21,1.0,1.0,2,1,2.0,1,2.0,3.0,1000,0.0,3.0,3.0,0,65.0,2.0,1,2.0,0,2016.0,52.0,1,2,999,1.0,0.0,0.0,0.0,0.0,5.0,300,1.0,4,2,0.0,1,2,3.0,4.0,1
0,501.0,79200.0,47,54000.0,0.0,86,2.0,706,1.0,15.0,20,1.0,1.0,2,1,2.0,5,2.0,3.0,4000,0.0,2.0,1.0,0,50.0,2.0,6,2.0,0,2008.0,52.0,0,207,999,6.0,0.0,0.0,0.0,0.0,5.0,400,1.0,1,2,25200.0,4,2,3.0,4.0,1
0,501.0,94000.0,40,52000.0,52000.0,86,2.0,706,1.0,10.0,21,1.0,1.0,2,1,2.0,5,2.0,3.0,4000,0.0,2.0,1.0,0,50.0,2.0,6,2.0,0,2008.0,52.0,0,207,999,1.0,0.0,0.0,0.0,0.0,5.0,400,1.0,1,2,42000.0,4,2,3.0,4.0,1
0,501.0,90000.0,54,90000.0,90000.0,72,1.0,939,1.0,16.0,20,1.0,1.0,2,1,2.0,1,2.0,3.0,1000,0.0,3.0,3.0,2,70.0,2.0,1,2.0,0,2020.0,52.0,1,38,999,7.0,0.0,0.0,0.0,0.0,5.0,100,1.0,1,2,0.0,1,2,3.0,4.0,1
0,501.0,80000.0,01,80000.0,80000.0,68,1.0,26,1.0,21.0,20,1.0,1.0,2,1,2.0,1,2.0,3.0,1000,0.0,3.0,3.0,0,45.0,2.0,1,2.0,0,2015.0,52.0,1,23,999,1.0,0.0,0.0,0.0,0.0,5.0,200,1.0,1,2,0.0,1,2,3.0,4.0,1
0,501.0,90000.0,91,90000.0,90000.0,61,1.0,32,1.0,16.0,23,1.0,1.0,2,1,2.0,1,2.0,3.0,1000,0.0,3.0,3.0,0,50.0,2.0,1,2.0,0,2015.0,52.0,1,56,999,1.0,0.0,0.0,0.0,0.0,5.0,200,1.0,1,2,0.0,1,2,3.0,4.0,1
0,299.0,46000.0,72,46000.0,46000.0,50,1.0,22,1.0,19.0,20,6.0,1.0,2,5,2.0,1,2.0,3.0,1000,0.0,3.0,3.0,2,40.0,2.0,1,2.0,0,1995.0,52.0,1,2,26,1.0,0.0,0.0,0.0,0.0,5.0,400,3.0,2,2,0.0,1,2,3.0,4.0,1
0,71.0,11000.0,47,11000.0,11000.0,50,1.0,32,1.0,19.0,22,6.0,1.0,2,5,2.0,1,2.0,3.0,1000,0.0,3.0,3.0,2,25.0,2.0,1,2.0,0,1995.0,45.0,1,38,22,1.0,0.0,0.0,0.0,0.0,5.0,400,3.0,2,2,0.0,1,2,3.0,4.0,1
1,77.0,12000.0,42,0.0,0.0,69,6.0,142,3.0,16.0,20,4.0,2.0,2,3,2.0,1,2.0,2.0,1000,0.0,2.0,2.0,0,40.0,2.0,1,2.0,0,1984.0,52.0,1,38,999,1.0,0.0,12000.0,0.0,0.0,3.0,400,1.0,1,2,0.0,1,2,3.0,4.0,1
0,501.0,175000.0,48,125000.0,125000.0,42,1.0,999,1.0,16.0,20,1.0,1.0,2,1,2.0,1,2.0,3.0,1000,0.0,3.0,3.0,0,40.0,2.0,1,2.0,0,2015.0,52.0,1,38,999,1.0,0.0,46000.0,0.0,0.0,5.0,200,1.0,4,2,4000.0,1,2,3.0,4.0,1
0,501.0,100.0,96,100.0,100.0,51,1.0,999,1.0,17.0,21,1.0,1.0,2,1,2.0,6,2.0,3.0,4008,0.0,3.0,3.0,0,5.0,2.0,6,2.0,0,2015.0,6.0,0,233,999,1.0,0.0,0.0,0.0,0.0,5.0,200,1.0,4,2,0.0,4,2,3.0,4.0,1
0,501.0,48000.0,36,48000.0,48000.0,82,1.0,195,1.0,16.0,20,1.0,1.0,1,1,1.0,16,2.0,3.0,9000,0.0,3.0,3.0,0,40.0,2.0,9,2.0,0,2019.0,52.0,1,38,999,1.0,0.0,0.0,0.0,0.0,5.0,300,1.0,1,2,0.0,1,2,3.0,4.0,1
0,501.0,120000.0,69,120000.0,120000.0,03,1.0,999,1.0,16.0,21,1.0,1.0,2,1,2.0,1,2.0,3.0,1000,0.0,3.0,3.0,0,40.0,2.0,1,2.0,0,2019.0,52.0,1,38,999,1.0,0.0,0.0,0.0,0.0,5.0,300,1.0,4,2,0.0,1,2,3.0,4.0,1
0,278.0,44000.0,60,44000.0,44000.0,01,1.0,917,1.0,16.0,34,6.0,1.0,2,5,2.0,3,2.0,3.0,5014,0.0,3.0,3.0,0,75.0,2.0,5,2.0,1,1995.0,28.0,0,38,999,1.0,0.0,0.0,0.0,0.0,5.0,300,3.0,1,2,0.0,1,2,3.0,4.0,1
0,295.0,33600.0,36,33600.0,33600.0,80,1.0,82,1.0,19.0,20,1.0,1.0,2,1,2.0,1,2.0,3.0,1000,0.0,3.0,3.0,0,35.0,2.0,1,2.0,0,2014.0,52.0,1,38,999,1.0,0.0,0.0,0.0,0.0,5.0,300,1.0,1,2,0.0,1,2,3.0,4.0,1
0,295.0,38400.0,38,38400.0,38400.0,94,1.0,82,1.0,19.0,21,1.0,1.0,1,1,1.0,1,2.0,3.0,1000,0.0,3.0,3.0,0,40.0,2.0,1,2.0,0,2014.0,52.0,1,30,999,3.0,0.0,0.0,0.0,0.0,5.0,300,1.0,1,2,0.0,1,2,3.0,3.0,1
0,355.0,35000.0,70,35000.0,35000.0,96,4.0,51,1.0,18.0,20,1.0,1.0,2,1,2.0,1,2.0,3.0,1000,0.0,3.0,3.0,0,60.0,2.0,1,2.0,0,2019.0,52.0,1,36,142,5.0,0.0,0.0,0.0,0.0,5.0,500,1.0,2,2,0.0,1,2,3.0,1.0,1
0,355.0,35000.0,18,35000.0,35000.0,80,1.0,902,1.0,21.0,21,1.0,1.0,2,1,2.0,2,2.0,3.0,3000,0.0,3.0,3.0,0,40.0,2.0,2,2.0,0,2019.0,52.0,0,37,999,1.0,0.0,0.0,0.0,0.0,5.0,500,1.0,1,2,0.0,1,2,3.0,3.0,1
0,171.0,17500.0,11,0.0,0.0,68,6.0,32,2.0,21.0,21,1.0,2.0,2,1,2.0,1,2.0,2.0,1000,0.0,2.0,2.0,0,40.0,2.0,1,2.0,0,1981.0,52.0,1,38,999,1.0,17500.0,0.0,0.0,0.0,5.0,300,1.0,1,2,0.0,1,2,3.0,4.0,1
0,501.0,18500.0,20,18500.0,18500.0,95,3.0,82,1.0,19.0,20,1.0,2.0,2,1,2.0,1,2.0,1.0,1000,0.0,2.0,2.0,0,40.0,2.0,1,2.0,0,1999.0,24.0,1,38,32,5.0,0.0,0.0,0.0,0.0,1.0,500,3.0,2,2,0.0,1,2,3.0,4.0,1
0,501.0,147000.0,06,65000.0,65000.0,33,1.0,32,1.0,20.0,21,1.0,1.0,2,1,2.0,1,2.0,3.0,1000,0.0,3.0,3.0,0,40.0,2.0,1,2.0,0,1999.0,52.0,1,45,26,1.0,0.0,37000.0,45000.0,0.0,5.0,500,3.0,2,2,0.0,1,2,3.0,2.0,1
0,501.0,35000.0,47,35000.0,35000.0,53,1.0,32,1.0,19.0,20,1.0,1.0,2,1,2.0,1,2.0,3.0,1000,0.0,3.0,3.0,2,35.0,2.0,1,2.0,0,1987.0,52.0,1,38,50,1.0,0.0,0.0,0.0,0.0,5.0,400,1.0,2,2,0.0,1,2,3.0,4.0,1
0,457.0,70000.0,54,70000.0,70000.0,68,1.0,32,1.0,18.0,20,4.0,1.0,2,3,2.0,1,2.0,3.0,1000,0.0,3.0,3.0,0,40.0,2.0,1,2.0,0,2011.0,52.0,1,55,87,1.0,0.0,0.0,0.0,0.0,5.0,600,1.0,2,2,0.0,1,2,3.0,4.0,1
0,280.0,67900.0,02,29900.0,0.0,01,1.0,8,1.0,21.0,20,3.0,1.0,2,2,2.0,1,2.0,3.0,1000,0.0,3.0,3.0,2,50.0,2.0,1,2.0,0,1998.0,52.0,1,20,999,6.0,0.0,38000.0,0.0,0.0,5.0,200,1.0,1,2,0.0,1,2,3.0,4.0,1
0,242.0,37700.0,60,37700.0,37700.0,01,1.0,999,1.0,18.0,22,6.0,1.0,2,5,2.0,1,2.0,3.0,1000,0.0,3.0,3.0,0,70.0,2.0,1,2.0,0,1995.0,31.0,1,20,999,1.0,0.0,0.0,0.0,0.0,5.0,200,1.0,4,2,0.0,1,2,3.0,4.0,1
0,280.0,10000.0,91,10000.0,10000.0,87,1.0,999,1.0,12.0,25,6.0,1.0,2,5,2.0,1,2.0,3.0,1000,0.0,3.0,3.0,0,25.0,2.0,1,2.0,0,1995.0,20.0,1,38,999,1.0,0.0,0.0,0.0,0.0,5.0,200,1.0,4,2,0.0,1,2,3.0,4.0,1
0,280.0,10000.0,42,10000.0,10000.0,77,6.0,999,1.0,19.0,33,6.0,1.0,1,5,1.0,1,2.0,3.0,1000,0.0,3.0,3.0,1,40.0,2.0,1,2.0,0,1995.0,10.0,1,38,999,1.0,0.0,0.0,0.0,0.0,5.0,200,1.0,4,2,0.0,1,2,3.0,4.0,1
1,0.0,0.0,42,0.0,0.0,69,6.0,996,3.0,19.0,30,4.0,2.0,1,3,2.0,30,2.0,2.0,9000,0.0,3.0,3.0,0,40.0,1.0,9,2.0,1,2021.0,52.0,0,6,999,1.0,0.0,0.0,0.0,0.0,5.0,200,1.0,3,2,0.0,1,2,3.0,4.0,2
0,501.0,70000.0,04,70000.0,70000.0,93,1.0,920,1.0,18.0,25,6.0,1.0,2,5,2.0,3,2.0,3.0,5024,0.0,3.0,3.0,0,40.0,2.0,3,2.0,1,1995.0,52.0,0,38,999,3.0,0.0,0.0,0.0,0.0,5.0,200,1.0,1,2,0.0,1,2,3.0,4.0,1
0,501.0,45000.0,04,45000.0,45000.0,93,1.0,920,1.0,21.0,25,6.0,1.0,1,5,2.0,3,1.0,3.0,5024,0.0,3.0,3.0,0,40.0,1.0,3,2.0,1,1995.0,52.0,0,38,999,3.0,0.0,0.0,0.0,0.0,5.0,200,1.0,1,2,0.0,1,2,3.0,4.0,1
0,501.0,85600.0,72,66000.0,66000.0,87,6.0,82,1.0,16.0,20,1.0,2.0,2,1,2.0,1,2.0,2.0,1000,0.0,2.0,2.0,2,40.0,2.0,1,2.0,0,1978.0,36.0,1,27,999,1.0,9600.0,10000.0,0.0,0.0,5.0,500,1.0,1,2,0.0,1,2,3.0,4.0,1
0,501.0,47000.0,51,47000.0,47000.0,81,1.0,999,1.0,20.0,20,1.0,1.0,2,1,2.0,1,2.0,3.0,1000,0.0,3.0,3.0,0,40.0,2.0,1,2.0,0,1988.0,52.0,1,27,999,2.0,0.0,0.0,0.0,0.0,5.0,600,1.0,4,2,0.0,1,2,3.0,4.0,1
0,501.0,90000.0,42,90000.0,90000.0,30,1.0,924,1.0,16.0,21,1.0,1.0,2,1,2.0,1,2.0,3.0,1000,0.0,3.0,3.0,0,50.0,2.0,1,2.0,0,1988.0,52.0,1,38,999,1.0,0.0,0.0,0.0,0.0,5.0,600,1.0,1,2,0.0,1,2,3.0,4.0,1
0,200.0,31000.0,42,31000.0,31000.0,77,1.0,82,1.0,16.0,20,6.0,1.0,2,5,2.0,16,2.0,3.0,9000,0.0,3.0,3.0,0,30.0,2.0,9,2.0,0,1995.0,42.0,1,8,902,1.0,0.0,0.0,0.0,0.0,5.0,600,1.0,2,2,0.0,1,2,3.0,4.0,1
0,408.0,80000.0,10,80000.0,80000.0,69,1.0,785,1.0,20.0,20,6.0,1.0,2,5,2.0,9,2.0,3.0,4014,0.0,3.0,3.0,0,38.0,2.0,6,2.0,0,1995.0,52.0,0,247,999,1.0,0.0,0.0,0.0,0.0,5.0,600,1.0,1,2,0.0,4,2,3.0,4.0,1
0,501.0,150000.0,13,150000.0,150000.0,07,1.0,32,1.0,21.0,20,1.0,1.0,1,1,2.0,1,2.0,3.0,1000,0.0,3.0,3.0,0,50.0,1.0,1,2.0,0,2018.0,52.0,1,38,82,1.0,0.0,0.0,0.0,0.0,5.0,200,1.0,2,2,0.0,1,1,3.0,4.0,1
0,501.0,44000.0,04,44000.0,44000.0,82,1.0,32,1.0,21.0,21,1.0,1.0,1,1,1.0,1,2.0,3.0,1000,0.0,3.0,3.0,0,40.0,1.0,1,2.0,0,2018.0,52.0,1,38,999,1.0,0.0,0.0,0.0,0.0,5.0,200,1.0,1,2,0.0,1,2,3.0,4.0,1
0,501.0,0.0,42,0.0,0.0,69,6.0,32,3.0,19.0,25,6.0,2.0,1,5,1.0,1,1.0,2.0,1000,0.0,2.0,2.0,0,40.0,2.0,1,2.0,0,1995.0,52.0,1,38,82,1.0,0.0,0.0,0.0,0.0,5.0,200,1.0,2,2,0.0,1,1,3.0,4.0,1
0,501.0,0.0,42,0.0,0.0,69,6.0,187,3.0,17.0,21,1.0,2.0,2,1,2.0,29,2.0,2.0,9000,0.0,2.0,2.0,0,40.0,2.0,9,2.0,0,2004.0,52.0,1,49,999,1.0,0.0,0.0,0.0,0.0,5.0,100,1.0,1,2,0.0,1,2,3.0,4.0,1
0,501.0,10000.0,91,10000.0,10000.0,87,1.0,939,1.0,12.0,25,6.0,1.0,2,5,2.0,29,2.0,3.0,9000,0.0,3.0,3.0,0,25.0,2.0,9,2.0,0,1995.0,20.0,1,49,999,1.0,0.0,0.0,0.0,0.0,5.0,100,1.0,1,2,0.0,1,2,3.0,4.0,1
0,330.0,120000.0,64,120000.0,70000.0,07,1.0,212,1.0,11.0,20,1.0,1.0,2,1,2.0,41,2.0,3.0,9000,0.0,3.0,3.0,0,40.0,2.0,9,2.0,1,2005.0,52.0,0,303,999,7.0,0.0,0.0,0.0,0.0,5.0,100,1.0,1,2,0.0,3,2,3.0,4.0,2
0,330.0,0.0,42,0.0,0.0,69,6.0,212,3.0,15.0,21,1.0,2.0,2,1,2.0,41,2.0,2.0,9000,0.0,2.0,2.0,0,40.0,2.0,9,2.0,1,2005.0,52.0,0,303,999,1.0,0.0,0.0,0.0,0.0,5.0,100,1.0,1,2,0.0,3,2,3.0,4.0,2
0,330.0,0.0,42,0.0,0.0,69,6.0,212,3.0,14.0,25,6.0,2.0,2,5,2.0,41,2.0,2.0,9000,0.0,2.0,2.0,2,40.0,2.0,9,2.0,1,1995.0,52.0,0,4,999,1.0,0.0,0.0,0.0,0.0,5.0,100,1.0,1,2,0.0,1,2,3.0,4.0,2
0,194.0,56000.0,63,56000.0,56000.0,07,1.0,999,1.0,16.0,20,6.0,1.0,2,5,2.0,1,2.0,3.0,1000,0.0,3.0,3.0,0,40.0,2.0,1,2.0,0,1995.0,52.0,1,38,999,1.0,0.0,0.0,0.0,0.0,5.0,500,1.0,4,2,0.0,1,2,3.0,4.0,1
1,194.0,2400.0,47,3500.0,3500.0,52,6.0,999,1.0,19.0,25,6.0,1.0,2,5,2.0,1,2.0,3.0,1000,0.0,3.0,3.0,0,40.0,2.0,1,2.0,0,1995.0,12.0,1,38,999,1.0,0.0,0.0,0.0,0.0,5.0,500,1.0,4,2,-1100.0,1,2,3.0,4.0,1
0,194.0,2400.0,47,3500.0,3500.0,52,6.0,999,1.0,19.0,25,6.0,1.0,2,5,2.0,1,2.0,3.0,1000,0.0,3.0,3.0,0,40.0,2.0,1,2.0,0,1995.0,12.0,1,38,999,1.0,0.0,0.0,0.0,0.0,5.0,500,1.0,4,2,-1100.0,1,2,3.0,4.0,1
0,501.0,120000.0,13,120000.0,120000.0,07,1.0,21,1.0,21.0,20,1.0,1.0,2,1,2.0,1,2.0,3.0,1000,0.0,3.0,3.0,0,45.0,2.0,1,2.0,0,2020.0,52.0,1,38,999,1.0,0.0,0.0,0.0,0.0,5.0,600,1.0,1,2,0.0,1,2,3.0,4.0,1
0,501.0,90000.0,32,90000.0,90000.0,81,1.0,32,1.0,20.0,21,1.0,1.0,2,1,2.0,1,2.0,3.0,1000,0.0,3.0,3.0,0,45.0,2.0,1,2.0,0,2020.0,52.0,1,38,999,1.0,0.0,0.0,0.0,0.0,5.0,600,1.0,1,2,0.0,1,2,3.0,4.0,1
0,501.0,51600.0,51,42000.0,42000.0,68,1.0,22,1.0,21.0,20,1.0,1.0,2,1,2.0,1,2.0,3.0,1000,0.0,3.0,3.0,0,40.0,2.0,1,2.0,0,1995.0,52.0,1,38,999,1.0,0.0,0.0,0.0,0.0,5.0,600,1.0,1,2,9600.0,1,2,3.0,4.0,1
0,501.0,80100.0,92,0.0,0.0,60,6.0,50,2.0,16.0,21,1.0,2.0,2,1,2.0,1,2.0,2.0,1000,0.0,2.0,2.0,0,40.0,2.0,1,2.0,0,1995.0,52.0,1,38,999,1.0,40100.0,20000.0,20000.0,0.0,5.0,600,1.0,1,2,0.0,1,2,3.0,4.0,1
0,39.0,6200.0,03,6200.0,6200.0,86,3.0,82,1.0,16.0,20,4.0,2.0,2,3,2.0,1,2.0,1.0,1000,0.0,2.0,2.0,0,36.0,2.0,1,2.0,0,1991.0,15.0,1,38,999,1.0,0.0,0.0,0.0,0.0,1.0,500,1.0,1,2,0.0,1,2,3.0,4.0,1
0,449.0,5900.0,23,5900.0,5900.0,78,1.0,917,1.0,21.0,20,1.0,1.0,2,1,2.0,17,2.0,3.0,9000,0.0,2.0,1.0,2,8.0,2.0,9,2.0,1,2006.0,36.0,1,46,999,1.0,0.0,0.0,0.0,0.0,5.0,600,1.0,1,2,0.0,1,2,3.0,4.0,1
0,449.0,130000.0,02,130000.0,0.0,01,1.0,924,1.0,21.0,21,1.0,1.0,2,1,2.0,1,2.0,2.0,1000,0.0,2.0,2.0,2,40.0,2.0,1,2.0,0,2006.0,50.0,1,6,50,6.0,0.0,0.0,0.0,0.0,5.0,600,1.0,2,2,0.0,1,2,3.0,4.0,1
0,501.0,128000.0,04,128000.0,128000.0,24,1.0,32,1.0,20.0,20,6.0,1.0,2,5,2.0,1,2.0,2.0,1000,0.0,2.0,2.0,0,45.0,2.0,1,2.0,0,1995.0,52.0,1,27,999,1.0,0.0,0.0,0.0,0.0,5.0,600,1.0,1,2,0.0,1,2,3.0,4.0,1
0,356.0,55000.0,08,55000.0,55000.0,86,1.0,82,1.0,21.0,22,6.0,1.0,2,5,2.0,1,2.0,2.0,1000,0.0,2.0,3.0,0,40.0,2.0,1,2.0,0,1995.0,52.0,1,27,999,1.0,0.0,0.0,0.0,0.0,5.0,600,1.0,1,2,0.0,1,2,2.0,4.0,1
0,501.0,63000.0,01,63000.0,63000.0,68,1.0,924,1.0,21.0,20,1.0,1.0,2,1,2.0,1,2.0,2.0,1000,0.0,2.0,2.0,0,50.0,2.0,1,2.0,0,1993.0,52.0,1,27,999,1.0,0.0,0.0,0.0,0.0,5.0,600,1.0,1,2,0.0,1,2,3.0,4.0,1
0,501.0,105500.0,63,105000.0,105000.0,07,1.0,82,1.0,20.0,21,1.0,1.0,2,1,2.0,1,2.0,2.0,1000,0.0,2.0,2.0,0,45.0,2.0,1,2.0,0,1993.0,51.0,1,38,999,1.0,0.0,0.0,0.0,0.0,5.0,600,1.0,1,2,500.0,1,2,3.0,4.0,1
0,501.0,6000.0,23,0.0,0.0,78,6.0,999,2.0,21.0,25,6.0,2.0,2,5,2.0,1,2.0,2.0,1000,0.0,2.0,2.0,0,40.0,2.0,1,2.0,0,1995.0,52.0,1,38,999,1.0,0.0,0.0,6000.0,0.0,5.0,600,1.0,4,2,0.0,1,2,2.0,4.0,1
0,45.0,7000.0,14,7000.0,7000.0,07,6.0,32,1.0,19.0,20,6.0,2.0,2,5,2.0,1,2.0,2.0,1000,0.0,2.0,2.0,0,40.0,2.0,1,2.0,0,1995.0,12.0,1,38,22,1.0,0.0,0.0,0.0,0.0,5.0,100,1.0,2,2,0.0,1,2,3.0,4.0,1
0,259.0,40300.0,40,40000.0,40000.0,82,1.0,89,1.0,16.0,20,4.0,1.0,2,3,2.0,1,2.0,3.0,1000,0.0,3.0,3.0,0,40.0,2.0,1,2.0,0,1979.0,52.0,1,27,999,2.0,0.0,0.0,0.0,0.0,5.0,600,1.0,1,2,300.0,1,2,3.0,4.0,1
0,485.0,146000.0,00,120000.0,120000.0,07,1.0,935,1.0,16.0,20,1.0,1.0,2,1,2.0,1,2.0,2.0,1000,0.0,2.0,2.0,0,50.0,2.0,1,2.0,0,2014.0,52.0,1,38,999,1.0,0.0,0.0,26000.0,0.0,1.0,500,1.0,1,2,0.0,1,2,2.0,2.0,1
0,485.0,28000.0,35,28000.0,28000.0,82,1.0,26,1.0,20.0,21,1.0,1.0,2,1,2.0,1,2.0,3.0,1000,0.0,3.0,3.0,0,60.0,2.0,1,2.0,0,2014.0,52.0,1,38,32,2.0,0.0,0.0,0.0,0.0,5.0,500,1.0,2,2,0.0,1,2,3.0,4.0,1
0,365.0,57000.0,62,57000.0,0.0,07,1.0,924,1.0,16.0,20,6.0,1.0,2,5,2.0,1,2.0,2.0,1000,0.0,2.0,2.0,0,40.0,2.0,1,2.0,0,1995.0,52.0,1,27,999,6.0,0.0,0.0,0.0,0.0,5.0,200,1.0,1,2,0.0,1,2,3.0,2.0,1
0,501.0,70000.0,47,70000.0,70000.0,45,1.0,32,1.0,21.0,20,1.0,1.0,2,1,2.0,1,2.0,3.0,1000,0.0,3.0,3.0,0,40.0,2.0,1,2.0,0,2021.0,52.0,1,38,82,1.0,0.0,0.0,0.0,0.0,5.0,300,1.0,2,2,0.0,1,2,3.0,4.0,1
0,501.0,101000.0,95,75000.0,75000.0,07,1.0,32,1.0,17.0,21,1.0,1.0,2,1,2.0,1,2.0,3.0,1000,0.0,3.0,3.0,0,50.0,2.0,1,2.0,0,2021.0,52.0,1,2,50,1.0,0.0,0.0,26000.0,0.0,5.0,300,1.0,2,2,0.0,1,2,3.0,2.0,1
0,501.0,26900.0,36,26900.0,26900.0,83,1.0,32,1.0,14.0,25,6.0,1.0,2,5,2.0,1,2.0,3.0,1000,0.0,3.0,3.0,0,28.0,2.0,1,2.0,0,1995.0,52.0,1,38,50,1.0,0.0,0.0,0.0,0.0,5.0,300,1.0,2,2,0.0,1,2,3.0,4.0,1
0,501.0,50000.0,63,50000.0,50000.0,07,1.0,82,1.0,19.0,20,1.0,1.0,2,1,2.0,1,2.0,3.0,1000,0.0,3.0,3.0,0,40.0,2.0,1,2.0,0,1989.0,52.0,1,38,89,3.0,0.0,0.0,0.0,0.0,5.0,200,1.0,2,2,0.0,1,2,3.0,4.0,1
0,501.0,45000.0,51,45000.0,45000.0,93,6.0,32,1.0,21.0,21,1.0,2.0,2,1,2.0,1,2.0,2.0,1000,0.0,2.0,2.0,0,30.0,2.0,1,2.0,0,1989.0,48.0,1,38,20,3.0,0.0,0.0,0.0,0.0,5.0,200,1.0,2,2,0.0,1,2,2.0,4.0,1
0,501.0,70000.0,96,70000.0,70000.0,04,1.0,82,1.0,19.0,25,6.0,1.0,2,5,2.0,1,2.0,2.0,1000,0.0,2.0,2.0,0,40.0,2.0,1,2.0,0,1995.0,52.0,1,6,32,1.0,0.0,0.0,0.0,0.0,5.0,200,1.0,2,2,0.0,1,2,2.0,4.0,1
0,501.0,92000.0,32,92000.0,92000.0,81,1.0,32,1.0,21.0,20,1.0,1.0,2,1,2.0,1,2.0,3.0,1000,0.0,3.0,3.0,0,24.0,2.0,1,2.0,0,2012.0,52.0,1,29,999,1.0,0.0,0.0,0.0,0.0,5.0,500,1.0,1,2,0.0,1,2,3.0,4.0,1
0,501.0,92000.0,91,92000.0,92000.0,63,1.0,82,1.0,16.0,21,1.0,1.0,2,1,2.0,1,2.0,3.0,1000,0.0,2.0,2.0,0,45.0,2.0,1,2.0,0,2012.0,52.0,1,38,999,1.0,0.0,0.0,0.0,0.0,5.0,500,1.0,1,2,0.0,1,2,2.0,4.0,1
0,265.0,62500.0,04,62000.0,62000.0,93,1.0,917,1.0,19.0,20,6.0,1.0,2,5,2.0,3,2.0,3.0,5013,0.0,3.0,3.0,0,40.0,2.0,3,2.0,1,1995.0,52.0,0,38,999,3.0,0.0,0.0,500.0,0.0,5.0,400,1.0,1,2,0.0,1,2,3.0,4.0,1
1,459.0,70000.0,38,70000.0,70000.0,94,3.0,999,1.0,20.0,22,4.0,2.0,2,3,2.0,1,2.0,1.0,1000,0.0,2.0,2.0,0,40.0,2.0,1,2.0,0,2012.0,52.0,1,27,999,4.0,0.0,0.0,0.0,0.0,1.0,400,1.0,4,2,0.0,1,2,3.0,4.0,1
0,333.0,60000.0,14,60000.0,60000.0,30,1.0,32,1.0,21.0,20,1.0,1.0,1,1,1.0,1,2.0,3.0,1000,0.0,3.0,3.0,0,40.0,2.0,1,2.0,0,2018.0,52.0,1,27,999,1.0,0.0,0.0,0.0,0.0,5.0,600,1.0,1,2,0.0,1,2,3.0,4.0,1
0,333.0,41200.0,20,41200.0,41200.0,83,1.0,32,1.0,21.0,21,1.0,1.0,2,1,2.0,1,2.0,3.0,1000,0.0,3.0,3.0,0,40.0,2.0,1,2.0,0,2018.0,52.0,1,27,999,2.0,0.0,0.0,0.0,0.0,5.0,600,1.0,1,2,0.0,1,2,3.0,4.0,1
0,291.0,45000.0,96,45000.0,45000.0,26,1.0,924,1.0,15.0,20,6.0,1.0,2,5,2.0,1,2.0,3.0,1000,0.0,3.0,3.0,0,40.0,2.0,1,2.0,0,1995.0,52.0,1,53,999,1.0,0.0,0.0,0.0,0.0,5.0,500,3.0,1,2,0.0,1,2,3.0,4.0,1
0,0.0,0.0,96,0.0,0.0,53,6.0,924,2.0,19.0,22,6.0,2.0,2,5,2.0,1,2.0,2.0,1000,0.0,2.0,2.0,0,40.0,2.0,1,2.0,0,1995.0,52.0,1,53,999,1.0,0.0,0.0,0.0,0.0,5.0,500,3.0,1,2,0.0,1,2,3.0,4.0,1
0,239.0,44000.0,32,44000.0,44000.0,78,1.0,999,1.0,21.0,20,1.0,1.0,2,1,2.0,1,2.0,3.0,1000,0.0,3.0,3.0,2,40.0,2.0,1,2.0,0,2010.0,52.0,1,38,999,4.0,0.0,0.0,0.0,0.0,5.0,200,1.0,4,2,0.0,1,2,3.0,4.0,1
0,239.0,52000.0,05,52000.0,52000.0,87,1.0,999,1.0,20.0,21,1.0,1.0,2,1,2.0,1,2.0,3.0,1000,0.0,3.0,3.0,0,50.0,2.0,1,2.0,0,2010.0,52.0,1,38,999,1.0,0.0,0.0,0.0,0.0,5.0,200,1.0,4,2,0.0,1,2,3.0,4.0,1
1,131.0,27120.0,09,27000.0,27000.0,68,1.0,32,1.0,21.0,20,6.0,1.0,2,5,2.0,1,2.0,3.0,1000,0.0,3.0,3.0,0,40.0,2.0,1,2.0,0,1995.0,52.0,1,38,999,7.0,0.0,0.0,0.0,0.0,5.0,400,1.0,1,2,120.0,1,2,3.0,4.0,1
0,332.0,52000.0,48,52000.0,52000.0,44,1.0,32,1.0,19.0,22,6.0,1.0,2,5,2.0,1,2.0,3.0,1000,0.0,3.0,3.0,0,48.0,2.0,1,2.0,0,1995.0,52.0,1,38,82,7.0,0.0,0.0,0.0,0.0,5.0,400,1.0,2,2,0.0,1,2,3.0,4.0,1
0,501.0,30000.0,34,30000.0,30000.0,81,1.0,98,1.0,21.0,20,1.0,1.0,2,1,2.0,1,2.0,3.0,1000,0.0,3.0,3.0,0,20.0,2.0,1,2.0,0,2010.0,52.0,1,27,999,1.0,0.0,0.0,0.0,0.0,5.0,600,3.0,1,2,0.0,1,2,3.0,4.0,1
0,501.0,96000.0,10,96000.0,96000.0,73,1.0,32,1.0,20.0,21,1.0,1.0,2,1,2.0,1,2.0,3.0,1000,0.0,3.0,3.0,0,45.0,2.0,1,2.0,0,2010.0,52.0,1,38,999,1.0,0.0,0.0,0.0,0.0,5.0,600,3.0,1,2,0.0,1,2,3.0,4.0,1
0,236.0,7100.0,74,7100.0,7100.0,77,1.0,999,1.0,16.0,25,6.0,1.0,2,5,2.0,1,2.0,3.0,1000,0.0,3.0,3.0,0,35.0,2.0,1,2.0,0,1995.0,17.0,1,38,999,1.0,0.0,0.0,0.0,0.0,5.0,500,1.0,4,2,0.0,1,2,3.0,4.0,1
0,214.0,0.0,41,0.0,0.0,86,6.0,999,2.0,19.0,20,1.0,1.0,2,1,2.0,1,2.0,3.0,1000,0.0,3.0,3.0,0,40.0,2.0,1,2.0,0,2016.0,52.0,1,38,999,1.0,0.0,0.0,0.0,0.0,5.0,100,1.0,4,2,0.0,1,2,3.0,4.0,1
0,214.0,64000.0,38,64000.0,64000.0,94,1.0,999,1.0,18.0,21,1.0,1.0,2,1,2.0,1,2.0,3.0,1000,0.0,3.0,3.0,0,42.0,2.0,1,2.0,0,2016.0,52.0,1,38,999,3.0,0.0,0.0,0.0,0.0,5.0,100,1.0,4,2,0.0,1,2,3.0,4.0,1
0,22.0,3400.0,09,0.0,0.0,72,6.0,917,2.0,21.0,20,4.0,2.0,2,3,2.0,3,2.0,2.0,5013,0.0,2.0,2.0,0,40.0,2.0,3,2.0,1,1984.0,52.0,0,6,999,1.0,0.0,0.0,0.0,3400.0,5.0,400,1.0,1,2,0.0,1,2,3.0,4.0,1
0,320.0,50000.0,56,50000.0,50000.0,25,1.0,32,1.0,16.0,20,6.0,1.0,1,5,2.0,1,2.0,3.0,1000,0.0,3.0,3.0,0,40.0,2.0,1,2.0,0,1995.0,52.0,1,38,999,1.0,0.0,0.0,0.0,0.0,5.0,600,1.0,1,2,0.0,1,1,3.0,4.0,1
0,444.0,90000.0,68,90000.0,90000.0,03,1.0,50,1.0,20.0,20,1.0,1.0,2,1,2.0,1,2.0,3.0,1000,0.0,3.0,3.0,0,40.0,2.0,1,2.0,0,1997.0,52.0,1,38,32,1.0,0.0,0.0,0.0,0.0,5.0,100,1.0,2,2,0.0,1,2,3.0,4.0,1
0,444.0,0.0,42,0.0,0.0,69,6.0,32,3.0,12.0,21,1.0,2.0,2,1,2.0,17,2.0,2.0,9000,0.0,2.0,2.0,0,40.0,2.0,9,2.0,1,1997.0,52.0,1,38,920,1.0,0.0,0.0,0.0,0.0,3.0,100,1.0,2,2,0.0,1,2,3.0,4.0,1
1,90.0,14200.0,42,0.0,0.0,69,6.0,50,3.0,18.0,20,6.0,2.0,2,5,2.0,1,2.0,2.0,1000,0.0,2.0,2.0,0,40.0,2.0,1,2.0,0,1995.0,52.0,1,21,22,1.0,12800.0,0.0,0.0,1400.0,5.0,600,1.0,2,2,0.0,1,2,3.0,4.0,1
1,107.0,21600.0,42,0.0,0.0,69,6.0,999,3.0,17.0,25,4.0,1.0,1,3,2.0,3,2.0,3.0,5024,0.0,3.0,3.0,0,40.0,1.0,3,2.0,1,1994.0,52.0,0,38,999,1.0,21600.0,0.0,0.0,0.0,5.0,100,1.0,4,2,0.0,1,2,3.0,4.0,1
0,107.0,400.0,00,400.0,400.0,93,6.0,999,1.0,20.0,25,6.0,1.0,2,5,2.0,3,2.0,3.0,5013,0.0,3.0,3.0,0,5.0,2.0,3,2.0,1,1995.0,26.0,0,38,999,3.0,0.0,0.0,0.0,0.0,5.0,100,1.0,4,2,0.0,1,2,3.0,4.0,1
0,345.0,50000.0,57,50000.0,50000.0,68,1.0,82,1.0,21.0,20,1.0,1.0,2,1,2.0,1,2.0,3.0,1000,0.0,3.0,3.0,0,40.0,2.0,1,2.0,0,1989.0,52.0,1,38,89,1.0,0.0,0.0,0.0,0.0,5.0,600,1.0,2,2,0.0,1,2,3.0,4.0,1
0,501.0,57600.0,07,57000.0,57000.0,45,1.0,82,1.0,20.0,21,1.0,1.0,2,1,2.0,1,2.0,3.0,1000,0.0,3.0,3.0,0,40.0,2.0,1,2.0,0,1990.0,52.0,1,38,999,1.0,0.0,600.0,0.0,0.0,5.0,500,1.0,1,2,0.0,1,2,3.0,4.0,1
0,501.0,125000.0,04,125000.0,125000.0,05,1.0,32,1.0,20.0,20,1.0,1.0,2,1,2.0,1,2.0,3.0,1000,0.0,3.0,3.0,0,40.0,2.0,1,2.0,0,2005.0,52.0,1,38,82,2.0,0.0,0.0,0.0,0.0,5.0,600,1.0,2,2,0.0,1,2,3.0,4.0,1
0,501.0,60000.0,32,60000.0,60000.0,94,1.0,22,1.0,20.0,21,1.0,1.0,2,1,2.0,1,2.0,3.0,1000,0.0,3.0,3.0,0,40.0,2.0,1,2.0,0,2005.0,52.0,1,38,89,5.0,0.0,0.0,0.0,0.0,5.0,600,1.0,2,2,0.0,1,2,3.0,4.0,1
0,153.0,24000.0,22,24000.0,24000.0,78,1.0,999,1.0,21.0,20,6.0,1.0,2,5,2.0,1,2.0,3.0,1000,0.0,3.0,3.0,0,28.0,2.0,1,2.0,0,1995.0,50.0,1,27,999,2.0,0.0,0.0,0.0,0.0,5.0,600,3.0,4,2,0.0,1,2,3.0,4.0,1
0,287.0,45000.0,42,45000.0,45000.0,77,1.0,999,1.0,19.0,22,6.0,1.0,2,5,2.0,1,2.0,3.0,1000,0.0,3.0,3.0,0,80.0,2.0,1,2.0,0,1995.0,34.0,1,38,999,1.0,0.0,0.0,0.0,0.0,5.0,600,3.0,4,2,0.0,1,2,3.0,4.0,1
0,243.0,38000.0,96,38000.0,38000.0,42,1.0,32,1.0,16.0,34,6.0,1.0,2,5,2.0,1,2.0,3.0,1000,0.0,3.0,3.0,2,45.0,2.0,1,2.0,0,1995.0,52.0,1,38,50,1.0,0.0,0.0,0.0,0.0,5.0,600,3.0,2,2,0.0,1,2,3.0,4.0,1
0,55.0,8600.0,02,8000.0,0.0,01,1.0,32,1.0,19.0,34,6.0,1.0,2,5,2.0,1,2.0,3.0,1000,0.0,3.0,3.0,0,60.0,2.0,1,2.0,0,1995.0,40.0,1,27,999,6.0,0.0,0.0,0.0,0.0,5.0,600,3.0,1,2,600.0,1,2,3.0,4.0,1
0,398.0,93000.0,71,75000.0,75000.0,87,1.0,32,1.0,20.0,20,1.0,1.0,2,1,2.0,1,2.0,3.0,1000,0.0,3.0,3.0,0,40.0,2.0,1,2.0,0,2000.0,52.0,1,38,82,5.0,0.0,18000.0,0.0,0.0,5.0,400,1.0,2,2,0.0,1,2,3.0,2.0,1
0,398.0,20000.0,40,20000.0,20000.0,82,1.0,226,1.0,15.0,21,1.0,1.0,2,1,2.0,15,2.0,3.0,8000,0.0,3.0,3.0,0,50.0,2.0,8,2.0,0,2000.0,52.0,0,312,999,2.0,0.0,0.0,0.0,0.0,5.0,400,1.0,1,2,0.0,3,2,3.0,4.0,11
0,398.0,11000.0,42,0.0,0.0,69,6.0,226,3.0,15.0,33,4.0,2.0,1,3,1.0,15,1.0,2.0,8000,0.0,2.0,2.0,2,40.0,1.0,8,1.0,0,1990.0,52.0,0,312,999,1.0,0.0,11000.0,0.0,0.0,5.0,400,1.0,1,2,0.0,3,2,3.0,4.0,11
1,164.0,25000.0,42,25000.0,25000.0,70,1.0,939,1.0,17.0,20,6.0,1.0,1,5,1.0,1,1.0,3.0,1000,0.0,3.0,3.0,0,40.0,2.0,1,2.0,0,1995.0,52.0,1,48,999,1.0,0.0,0.0,0.0,0.0,5.0,500,1.0,1,1,0.0,1,2,3.0,4.0,1
1,291.0,0.0,42,0.0,0.0,69,6.0,111,3.0,16.0,25,6.0,2.0,2,5,2.0,1,2.0,2.0,1000,0.0,2.0,2.0,0,40.0,2.0,1,2.0,0,1995.0,52.0,1,38,999,1.0,0.0,0.0,0.0,0.0,1.0,500,1.0,1,2,0.0,1,2,3.0,4.0,1
0,501.0,61000.0,62,61000.0,61000.0,07,1.0,82,1.0,20.0,20,1.0,1.0,2,1,2.0,1,2.0,3.0,1000,0.0,2.0,2.0,0,44.0,2.0,1,2.0,0,2006.0,52.0,1,6,999,1.0,0.0,0.0,0.0,0.0,5.0,300,1.0,1,2,0.0,1,2,3.0,4.0,1
0,501.0,44700.0,15,44700.0,44700.0,30,1.0,32,1.0,20.0,21,1.0,1.0,2,1,2.0,1,2.0,3.0,1000,0.0,3.0,3.0,0,40.0,2.0,1,2.0,0,2006.0,52.0,1,55,999,1.0,0.0,0.0,0.0,0.0,5.0,300,1.0,1,2,0.0,1,2,3.0,4.0,1
0,336.0,42200.0,32,41000.0,41000.0,81,2.0,32,1.0,21.0,20,1.0,2.0,2,1,2.0,1,2.0,3.0,1000,0.0,2.0,1.0,0,40.0,2.0,1,2.0,0,2016.0,42.0,1,38,50,1.0,0.0,0.0,0.0,0.0,5.0,600,1.0,2,2,1200.0,1,2,3.0,4.0,1
0,336.0,40100.0,19,40000.0,40000.0,45,1.0,32,1.0,16.0,21,1.0,1.0,2,1,2.0,1,2.0,3.0,1000,0.0,3.0,3.0,0,45.0,2.0,1,2.0,0,2016.0,50.0,1,38,82,1.0,0.0,0.0,0.0,0.0,5.0,600,1.0,2,2,100.0,1,2,3.0,4.0,1
0,436.0,48000.0,62,48000.0,48000.0,60,1.0,935,1.0,17.0,20,1.0,1.0,2,1,2.0,17,2.0,3.0,9000,0.0,3.0,3.0,0,99.0,2.0,9,2.0,1,2015.0,52.0,1,38,999,1.0,0.0,0.0,0.0,0.0,5.0,500,1.0,1,2,0.0,1,2,3.0,4.0,1
0,436.0,73020.0,02,73000.0,73000.0,78,6.0,999,1.0,9.0,21,1.0,1.0,2,1,2.0,15,2.0,3.0,8000,0.0,3.0,3.0,0,50.0,2.0,8,2.0,0,2015.0,43.0,0,303,999,3.0,0.0,0.0,0.0,0.0,5.0,500,1.0,4,2,20.0,3,2,3.0,4.0,2
0,436.0,38000.0,96,38000.0,38000.0,24,1.0,999,1.0,18.0,27,6.0,1.0,2,5,2.0,15,2.0,3.0,8000,0.0,3.0,3.0,0,40.0,2.0,8,2.0,0,1995.0,52.0,0,38,999,1.0,0.0,0.0,0.0,0.0,5.0,500,1.0,4,2,0.0,1,2,3.0,4.0,2
0,501.0,110000.0,51,100000.0,100000.0,68,1.0,999,1.0,21.0,20,1.0,1.0,2,1,2.0,1,2.0,3.0,1000,0.0,3.0,3.0,0,32.0,2.0,1,2.0,0,1985.0,52.0,1,38,999,7.0,0.0,0.0,0.0,0.0,5.0,200,1.0,4,2,10000.0,1,2,3.0,4.0,1
0,501.0,100000.0,63,100000.0,100000.0,07,1.0,999,1.0,16.0,21,1.0,1.0,2,1,2.0,1,2.0,3.0,1000,0.0,3.0,3.0,0,70.0,2.0,1,2.0,0,1985.0,52.0,1,38,999,7.0,0.0,0.0,0.0,0.0,5.0,200,1.0,4,2,0.0,1,2,3.0,4.0,1
0,295.0,45500.0,23,45500.0,45500.0,78,1.0,32,1.0,22.0,20,6.0,1.0,2,5,2.0,1,2.0,3.0,1000,0.0,3.0,3.0,0,40.0,2.0,1,2.0,0,1995.0,52.0,1,38,999,2.0,0.0,0.0,0.0,0.0,5.0,500,1.0,1,2,0.0,1,2,3.0,4.0,1
0,325.0,78600.0,57,60000.0,60000.0,61,1.0,996,1.0,16.0,20,4.0,1.0,2,3,2.0,1,2.0,2.0,1000,0.0,3.0,3.0,0,50.0,2.0,1,2.0,0,2009.0,52.0,1,6,999,1.0,0.0,0.0,18600.0,0.0,5.0,200,1.0,3,2,0.0,1,2,3.0,4.0,1
1,77.0,12100.0,42,0.0,0.0,69,6.0,82,3.0,16.0,20,6.0,2.0,1,5,1.0,1,2.0,2.0,1000,0.0,2.0,2.0,0,40.0,2.0,1,2.0,0,1995.0,52.0,1,38,999,1.0,12100.0,0.0,0.0,0.0,5.0,400,1.0,1,2,0.0,1,2,3.0,4.0,1
0,410.0,42000.0,23,0.0,0.0,78,6.0,32,2.0,21.0,20,1.0,2.0,1,1,2.0,1,2.0,2.0,1000,0.0,2.0,2.0,0,40.0,1.0,1,2.0,0,1987.0,52.0,1,17,50,1.0,30000.0,0.0,0.0,0.0,5.0,500,1.0,2,2,12000.0,1,2,3.0,4.0,1
0,501.0,61600.0,57,60000.0,60000.0,68,1.0,82,1.0,16.0,21,1.0,1.0,2,1,2.0,1,2.0,2.0,1000,0.0,2.0,2.0,0,40.0,2.0,1,2.0,0,1976.0,52.0,1,38,32,1.0,1600.0,0.0,0.0,0.0,1.0,400,1.0,2,2,0.0,1,2,3.0,4.0,1
0,383.0,51200.0,91,50000.0,50000.0,07,1.0,26,1.0,19.0,20,1.0,1.0,2,1,2.0,1,2.0,3.0,1000,0.0,2.0,2.0,2,40.0,2.0,1,2.0,0,2003.0,52.0,1,6,32,1.0,0.0,0.0,0.0,0.0,5.0,200,1.0,2,2,1200.0,1,2,3.0,4.0,1
0,383.0,35200.0,40,33600.0,33600.0,78,1.0,32,1.0,16.0,21,1.0,1.0,2,1,2.0,1,2.0,3.0,1000,0.0,3.0,3.0,0,40.0,2.0,1,2.0,0,2003.0,40.0,1,38,87,3.0,0.0,0.0,0.0,0.0,5.0,200,1.0,2,2,1600.0,1,2,3.0,4.0,1
0,335.0,51000.0,11,51000.0,51000.0,69,1.0,82,1.0,20.0,20,6.0,1.0,2,5,2.0,1,2.0,3.0,1000,0.0,3.0,3.0,0,42.0,2.0,1,2.0,0,1995.0,52.0,1,27,89,1.0,0.0,0.0,0.0,0.0,5.0,600,1.0,2,2,0.0,1,2,3.0,4.0,1
0,501.0,72000.0,23,72000.0,72000.0,78,1.0,82,1.0,22.0,20,1.0,1.0,2,1,2.0,1,2.0,3.0,1000,0.0,3.0,3.0,0,40.0,2.0,1,2.0,0,1997.0,52.0,1,27,89,3.0,0.0,0.0,0.0,0.0,5.0,600,1.0,2,2,0.0,1,2,3.0,4.0,1
0,501.0,74000.0,23,74000.0,72000.0,78,1.0,82,1.0,22.0,21,1.0,1.0,2,1,2.0,1,2.0,3.0,1000,0.0,3.0,3.0,0,40.0,2.0,1,2.0,0,1997.0,52.0,1,29,425,3.0,0.0,0.0,0.0,0.0,5.0,600,1.0,2,2,0.0,1,2,3.0,4.0,1
0,501.0,35000.0,89,35000.0,35000.0,24,1.0,82,1.0,19.0,25,6.0,1.0,2,5,2.0,1,2.0,3.0,1000,0.0,3.0,3.0,0,40.0,2.0,1,2.0,0,1995.0,52.0,1,38,999,1.0,0.0,0.0,0.0,0.0,5.0,600,1.0,1,2,0.0,1,2,3.0,4.0,1
0,105.0,16600.0,02,16600.0,0.0,01,1.0,999,1.0,20.0,20,6.0,1.0,2,5,2.0,17,2.0,3.0,9000,0.0,3.0,3.0,2,50.0,2.0,9,2.0,1,1995.0,52.0,1,38,999,6.0,0.0,0.0,0.0,0.0,5.0,200,1.0,4,2,0.0,1,2,3.0,4.0,1
0,240.0,0.0,42,0.0,0.0,69,6.0,924,3.0,1.0,25,4.0,2.0,2,3,2.0,29,2.0,2.0,9000,0.0,2.0,2.0,0,40.0,2.0,9,2.0,0,2006.0,52.0,1,6,999,1.0,0.0,0.0,0.0,0.0,5.0,500,1.0,1,2,0.0,1,2,3.0,4.0,24
0,496.0,77000.0,30,77000.0,77000.0,50,1.0,82,1.0,24.0,20,2.0,1.0,1,1,2.0,1,2.0,3.0,1000,0.0,3.0,3.0,0,43.0,2.0,1,2.0,0,2022.0,52.0,1,38,32,1.0,0.0,0.0,0.0,0.0,5.0,100,1.0,2,1,0.0,1,2,3.0,4.0,1
0,345.0,46000.0,72,46000.0,46000.0,46,1.0,999,1.0,15.0,21,1.0,1.0,1,1,2.0,1,2.0,3.0,1000,0.0,3.0,3.0,0,45.0,2.0,1,2.0,0,1999.0,52.0,1,38,999,1.0,0.0,0.0,0.0,0.0,5.0,400,1.0,4,2,0.0,1,1,3.0,4.0,1
0,191.0,30000.0,57,30000.0,30000.0,96,4.0,32,1.0,19.0,20,1.0,1.0,2,1,2.0,1,2.0,3.0,1000,0.0,3.0,3.0,0,40.0,2.0,1,2.0,0,2017.0,52.0,1,37,112,5.0,0.0,0.0,0.0,0.0,5.0,200,1.0,2,2,0.0,1,2,3.0,1.0,1
0,191.0,8900.0,73,8900.0,8900.0,71,1.0,935,1.0,20.0,21,1.0,1.0,1,1,1.0,1,1.0,3.0,1000,0.0,3.0,3.0,0,40.0,2.0,1,2.0,0,2017.0,52.0,1,27,50,5.0,0.0,0.0,0.0,0.0,5.0,200,1.0,2,2,0.0,1,2,3.0,4.0,1
0,479.0,75000.0,63,75000.0,75000.0,07,1.0,996,1.0,20.0,20,4.0,1.0,2,3,2.0,1,2.0,3.0,1000,0.0,3.0,3.0,0,50.0,2.0,1,2.0,0,2001.0,52.0,1,41,999,1.0,0.0,0.0,0.0,0.0,5.0,200,1.0,3,2,0.0,1,2,3.0,4.0,1
0,80.0,1300.0,45,1300.0,1300.0,89,6.0,210,1.0,18.0,20,6.0,2.0,2,5,2.0,1,2.0,2.0,1000,0.0,2.0,2.0,0,20.0,2.0,1,2.0,0,1995.0,6.0,1,48,22,1.0,0.0,0.0,0.0,0.0,5.0,600,3.0,2,2,0.0,1,2,3.0,4.0,2
0,94.0,15000.0,84,15000.0,15000.0,49,1.0,210,1.0,20.0,22,6.0,1.0,2,5,2.0,1,2.0,3.0,1000,0.0,3.0,3.0,0,45.0,2.0,1,2.0,0,1995.0,17.0,1,48,22,1.0,0.0,0.0,0.0,0.0,5.0,600,3.0,2,2,0.0,1,2,3.0,4.0,2
0,80.0,15000.0,96,15000.0,15000.0,44,1.0,210,1.0,16.0,28,6.0,1.0,2,5,2.0,1,2.0,3.0,1000,0.0,3.0,3.0,0,40.0,2.0,1,2.0,0,1995.0,17.0,1,48,22,1.0,0.0,0.0,0.0,0.0,5.0,600,3.0,2,2,0.0,1,2,3.0,4.0,2
0,501.0,180500.0,47,145000.0,145000.0,48,1.0,82,1.0,21.0,20,1.0,1.0,2,1,2.0,1,2.0,3.0,1000,0.0,3.0,3.0,0,50.0,2.0,1,2.0,0,2014.0,52.0,1,27,999,1.0,0.0,0.0,18000.0,17500.0,5.0,400,1.0,1,2,0.0,1,2,3.0,4.0,1
0,501.0,115000.0,47,115000.0,115000.0,48,1.0,82,1.0,16.0,21,1.0,1.0,2,1,2.0,1,2.0,3.0,1000,0.0,3.0,3.0,0,60.0,2.0,1,2.0,0,2014.0,52.0,1,8,999,7.0,0.0,0.0,0.0,0.0,5.0,400,1.0,1,2,0.0,1,2,3.0,4.0,1
0,145.0,4500.0,57,4500.0,4500.0,91,1.0,996,1.0,21.0,20,1.0,1.0,2,1,2.0,1,2.0,3.0,1000,0.0,3.0,3.0,0,5.0,2.0,1,2.0,0,2007.0,52.0,1,27,999,2.0,0.0,0.0,0.0,0.0,5.0,500,1.0,3,2,0.0,1,2,3.0,4.0,1
0,145.0,60000.0,22,60000.0,60000.0,78,1.0,996,1.0,24.0,21,1.0,1.0,2,1,2.0,1,2.0,3.0,1000,0.0,3.0,3.0,0,50.0,2.0,1,2.0,0,2007.0,52.0,1,38,999,4.0,0.0,0.0,0.0,0.0,5.0,500,1.0,3,2,0.0,1,2,3.0,4.0,1
0,158.0,33000.0,54,33000.0,33000.0,81,1.0,924,1.0,21.0,20,6.0,1.0,2,5,2.0,1,2.0,3.0,1000,0.0,3.0,3.0,0,40.0,2.0,1,2.0,0,1995.0,52.0,1,38,999,4.0,0.0,0.0,0.0,0.0,5.0,400,1.0,1,2,0.0,1,2,3.0,4.0,1
1,95.0,15000.0,36,15000.0,15000.0,81,1.0,999,1.0,19.0,22,6.0,1.0,2,5,2.0,1,2.0,3.0,1000,0.0,3.0,3.0,0,20.0,2.0,1,2.0,0,1995.0,52.0,1,38,999,4.0,0.0,0.0,0.0,0.0,5.0,400,1.0,4,2,0.0,1,2,3.0,4.0,2
0,501.0,50000.0,52,50000.0,50000.0,69,1.0,996,1.0,21.0,20,1.0,1.0,2,1,2.0,1,2.0,3.0,1000,0.0,3.0,3.0,2,37.0,2.0,1,2.0,0,1995.0,52.0,1,38,999,1.0,0.0,0.0,0.0,0.0,5.0,400,1.0,3,2,0.0,1,2,3.0,4.0,1
0,322.0,50000.0,87,50000.0,50000.0,30,1.0,21,1.0,16.0,20,6.0,1.0,2,5,2.0,1,2.0,3.0,1000,0.0,3.0,3.0,0,40.0,2.0,1,2.0,0,1995.0,52.0,1,4,999,1.0,0.0,0.0,0.0,0.0,5.0,600,1.0,1,2,0.0,1,2,3.0,4.0,1
0,501.0,8200.0,42,0.0,0.0,69,6.0,82,3.0,18.0,25,6.0,2.0,1,5,1.0,1,2.0,2.0,1000,0.0,2.0,2.0,1,40.0,2.0,1,2.0,0,1995.0,52.0,1,38,32,1.0,8200.0,0.0,0.0,0.0,5.0,600,1.0,2,2,0.0,1,2,3.0,4.0,1
1,99.0,20000.0,52,12000.0,12000.0,54,1.0,999,1.0,20.0,20,4.0,1.0,2,3,2.0,1,2.0,3.0,1000,6000.0,3.0,3.0,0,20.0,2.0,1,2.0,0,2003.0,52.0,1,38,999,1.0,1000.0,1000.0,0.0,0.0,5.0,400,1.0,4,2,0.0,1,2,3.0,4.0,1
1,99.0,0.0,42,0.0,0.0,69,6.0,82,3.0,14.0,25,6.0,2.0,2,5,2.0,1,2.0,2.0,1000,0.0,2.0,2.0,0,40.0,2.0,1,2.0,0,1995.0,52.0,1,38,999,1.0,0.0,0.0,0.0,0.0,5.0,400,1.0,1,2,0.0,1,2,3.0,4.0,1
0,431.0,29000.0,51,29000.0,29000.0,68,1.0,153,1.0,20.0,21,1.0,1.0,2,1,2.0,1,2.0,3.0,1000,0.0,3.0,3.0,0,30.0,2.0,1,2.0,0,1978.0,52.0,1,55,999,1.0,0.0,0.0,0.0,0.0,5.0,200,1.0,1,2,0.0,1,2,3.0,4.0,1
0,496.0,60000.0,57,60000.0,60000.0,72,1.0,999,1.0,20.0,20,1.0,1.0,2,1,2.0,1,2.0,3.0,1000,0.0,3.0,3.0,0,40.0,2.0,1,2.0,0,2022.0,52.0,1,38,999,1.0,0.0,0.0,0.0,0.0,5.0,600,1.0,4,2,0.0,1,2,3.0,4.0,1
0,496.0,60000.0,15,60000.0,60000.0,66,1.0,999,1.0,20.0,21,1.0,1.0,2,1,2.0,1,2.0,3.0,1000,0.0,3.0,3.0,0,40.0,2.0,1,2.0,0,2022.0,52.0,1,38,999,1.0,0.0,0.0,0.0,0.0,5.0,600,1.0,4,2,0.0,1,2,3.0,4.0,1
0,501.0,97000.0,07,97000.0,97000.0,28,1.0,32,1.0,20.0,20,1.0,1.0,2,1,2.0,1,2.0,3.0,1000,0.0,3.0,3.0,0,53.0,2.0,1,2.0,0,2021.0,52.0,1,38,999,1.0,0.0,0.0,0.0,0.0,5.0,100,1.0,1,2,0.0,1,2,3.0,4.0,1
0,501.0,76000.0,07,76000.0,76000.0,41,1.0,32,1.0,20.0,21,1.0,1.0,2,1,2.0,1,2.0,3.0,1000,0.0,3.0,3.0,0,45.0,2.0,1,2.0,0,2021.0,52.0,1,38,82,1.0,0.0,0.0,0.0,0.0,5.0,100,1.0,2,2,0.0,1,2,3.0,4.0,1
0,384.0,48500.0,43,0.0,0.0,90,6.0,82,2.0,19.0,20,1.0,2.0,1,1,1.0,1,2.0,2.0,1000,0.0,2.0,2.0,0,40.0,2.0,1,2.0,0,2009.0,52.0,1,38,999,3.0,0.0,44500.0,4000.0,0.0,5.0,300,1.0,1,2,0.0,1,2,3.0,2.0,1
0,384.0,79300.0,49,0.0,0.0,75,6.0,902,2.0,19.0,21,1.0,2.0,1,1,1.0,16,1.0,2.0,9000,0.0,2.0,2.0,0,40.0,1.0,9,2.0,0,2009.0,52.0,1,48,195,1.0,0.0,30400.0,48900.0,0.0,5.0,300,1.0,2,1,0.0,1,2,3.0,2.0,1
1,501.0,16000.0,96,15400.0,15400.0,53,1.0,82,1.0,16.0,25,6.0,1.0,2,5,2.0,1,2.0,3.0,1000,0.0,3.0,3.0,0,24.0,2.0,1,2.0,0,1995.0,52.0,1,38,112,1.0,0.0,0.0,0.0,0.0,5.0,200,1.0,2,2,600.0,1,2,3.0,4.0,1
0,250.0,49000.0,20,49000.0,49000.0,69,1.0,32,1.0,20.0,20,6.0,1.0,2,5,2.0,1,2.0,3.0,1000,0.0,3.0,3.0,0,40.0,2.0,1,2.0,0,1995.0,52.0,1,38,112,1.0,0.0,0.0,0.0,0.0,5.0,300,1.0,2,2,0.0,1,2,3.0,4.0,1
0,250.0,0.0,36,0.0,0.0,81,6.0,32,2.0,21.0,25,6.0,2.0,1,5,1.0,1,1.0,2.0,1000,0.0,2.0,2.0,0,40.0,1.0,1,1.0,0,1995.0,52.0,1,38,112,1.0,0.0,0.0,0.0,0.0,5.0,300,1.0,2,2,0.0,1,2,3.0,4.0,1
0,501.0,55000.0,33,55000.0,55000.0,80,1.0,82,1.0,20.0,20,1.0,1.0,2,1,2.0,1,2.0,3.0,1000,0.0,3.0,3.0,0,40.0,2.0,1,2.0,0,1992.0,52.0,1,38,32,1.0,0.0,0.0,0.0,0.0,5.0,600,1.0,2,2,0.0,1,2,3.0,4.0,1
0,501.0,52000.0,80,52000.0,52000.0,28,1.0,32,1.0,19.0,21,1.0,1.0,1,1,2.0,1,2.0,3.0,1000,0.0,3.0,3.0,0,40.0,2.0,1,2.0,0,1992.0,52.0,1,27,999,1.0,0.0,0.0,0.0,0.0,5.0,600,1.0,1,2,0.0,1,1,3.0,4.0,1
0,501.0,28000.0,47,28000.0,28000.0,49,1.0,32,1.0,16.0,25,6.0,1.0,1,5,1.0,1,2.0,3.0,1000,0.0,3.0,3.0,0,40.0,2.0,1,2.0,0,1995.0,52.0,1,27,82,1.0,0.0,0.0,0.0,0.0,5.0,600,1.0,2,2,0.0,1,2,3.0,4.0,1
0,501.0,148500.0,40,0.0,0.0,49,6.0,32,2.0,20.0,20,3.0,2.0,2,2,2.0,1,2.0,2.0,1000,0.0,2.0,2.0,0,40.0,2.0,1,2.0,0,1977.0,52.0,1,38,999,1.0,29500.0,36000.0,76000.0,0.0,5.0,200,1.0,1,2,7000.0,1,2,3.0,4.0,1
1,22.0,3500.0,42,0.0,0.0,69,6.0,917,3.0,14.0,20,4.0,2.0,2,3,2.0,3,2.0,2.0,5013,0.0,2.0,2.0,0,40.0,2.0,3,2.0,1,1990.0,52.0,0,38,999,1.0,0.0,0.0,0.0,3500.0,5.0,400,3.0,1,2,0.0,1,2,3.0,4.0,1
0,501.0,50870.0,22,50000.0,50000.0,78,1.0,999,1.0,24.0,20,1.0,1.0,2,1,2.0,1,2.0,3.0,1000,0.0,3.0,3.0,0,40.0,2.0,1,2.0,0,2015.0,52.0,1,38,999,2.0,0.0,0.0,0.0,0.0,5.0,300,1.0,4,2,870.0,1,2,3.0,4.0,1
0,501.0,50000.0,91,50000.0,50000.0,45,1.0,999,1.0,21.0,21,1.0,1.0,2,1,2.0,1,2.0,3.0,1000,0.0,3.0,3.0,0,40.0,2.0,1,2.0,0,2015.0,52.0,1,38,999,1.0,0.0,0.0,0.0,0.0,5.0,300,1.0,4,2,0.0,1,2,3.0,4.0,1
0,130.0,20700.0,40,9100.0,9100.0,49,6.0,939,1.0,20.0,20,4.0,2.0,1,3,1.0,1,2.0,2.0,1000,0.0,2.0,2.0,1,25.0,1.0,1,2.0,0,1997.0,36.0,1,26,999,1.0,9800.0,0.0,0.0,0.0,5.0,300,1.0,1,2,1800.0,1,2,3.0,4.0,1
0,336.0,35000.0,45,35000.0,35000.0,91,1.0,32,1.0,21.0,20,1.0,1.0,2,1,2.0,1,2.0,3.0,1000,0.0,3.0,3.0,0,40.0,2.0,1,2.0,0,2010.0,52.0,1,38,26,2.0,0.0,0.0,0.0,0.0,5.0,200,1.0,2,2,0.0,1,2,3.0,3.0,1
0,336.0,46000.0,40,46000.0,46000.0,78,1.0,32,1.0,20.0,21,1.0,1.0,2,1,2.0,1,2.0,3.0,1000,0.0,3.0,3.0,0,40.0,2.0,1,2.0,0,2010.0,52.0,1,38,94,1.0,0.0,0.0,0.0,0.0,5.0,200,1.0,2,2,0.0,1,2,3.0,4.0,1
0,501.0,167600.0,03,160000.0,160000.0,73,1.0,32,1.0,21.0,20,1.0,1.0,2,1,2.0,1,2.0,3.0,1000,0.0,3.0,3.0,0,50.0,2.0,1,2.0,0,1991.0,52.0,1,38,999,1.0,0.0,0.0,0.0,0.0,5.0,300,1.0,1,2,7600.0,1,2,3.0,4.0,1
0,501.0,63000.0,32,63000.0,63000.0,81,1.0,89,1.0,21.0,21,1.0,1.0,2,1,2.0,1,2.0,3.0,1000,0.0,3.0,3.0,0,30.0,2.0,1,2.0,0,1991.0,52.0,1,38,999,1.0,0.0,0.0,0.0,0.0,5.0,300,1.0,1,2,0.0,1,2,3.0,4.0,1
0,76.0,12000.0,23,12000.0,12000.0,78,1.0,935,1.0,19.0,20,6.0,1.0,2,5,2.0,1,2.0,3.0,1000,0.0,3.0,3.0,0,20.0,2.0,1,2.0,0,1995.0,45.0,1,17,999,4.0,0.0,0.0,0.0,0.0,5.0,500,1.0,1,2,0.0,1,2,3.0,4.0,1
0,48.0,7500.0,47,7500.0,7500.0,52,1.0,999,1.0,19.0,34,6.0,1.0,2,5,2.0,1,2.0,3.0,1000,0.0,3.0,3.0,0,20.0,2.0,1,2.0,0,1995.0,25.0,1,27,999,1.0,0.0,0.0,0.0,0.0,5.0,500,1.0,4,2,0.0,1,2,3.0,4.0,1
0,384.0,60000.0,96,60000.0,60000.0,63,1.0,999,1.0,19.0,34,6.0,1.0,2,5,2.0,1,2.0,3.0,1000,0.0,3.0,3.0,0,65.0,2.0,1,2.0,0,1995.0,52.0,1,38,999,1.0,0.0,0.0,0.0,0.0,5.0,500,3.0,4,2,0.0,1,2,3.0,4.0,1
1,196.0,31000.0,02,31000.0,31000.0,84,1.0,32,1.0,21.0,20,6.0,1.0,1,5,1.0,1,2.0,1.0,1000,0.0,2.0,2.0,0,65.0,2.0,1,2.0,0,1995.0,52.0,1,36,26,1.0,0.0,0.0,0.0,0.0,1.0,100,1.0,2,2,0.0,1,2,2.0,4.0,1
1,64.0,10000.0,44,10000.0,10000.0,85,1.0,999,1.0,19.0,20,6.0,1.0,1,5,1.0,1,1.0,3.0,1000,0.0,3.0,3.0,0,21.0,1.0,1,2.0,0,1995.0,47.0,1,30,999,2.0,0.0,0.0,0.0,0.0,5.0,200,1.0,4,2,0.0,1,1,3.0,2.0,1
0,501.0,65000.0,62,65000.0,0.0,07,1.0,82,1.0,16.0,20,1.0,1.0,2,1,2.0,1,2.0,3.0,1000,0.0,3.0,3.0,2,40.0,2.0,1,2.0,0,2015.0,52.0,1,38,999,6.0,0.0,0.0,0.0,0.0,5.0,600,1.0,1,2,0.0,1,2,3.0,4.0,1
0,501.0,42000.0,54,42000.0,42000.0,79,1.0,82,1.0,20.0,21,1.0,1.0,2,1,2.0,1,2.0,3.0,1000,0.0,3.0,3.0,0,40.0,2.0,1,2.0,0,2015.0,52.0,1,27,999,1.0,0.0,0.0,0.0,0.0,5.0,600,1.0,1,2,0.0,1,2,3.0,4.0,1
0,0.0,0.0,71,0.0,0.0,87,6.0,32,2.0,16.0,20,4.0,2.0,2,3,2.0,1,2.0,2.0,1000,0.0,2.0,2.0,2,40.0,2.0,1,2.0,0,1993.0,52.0,1,38,26,1.0,0.0,0.0,0.0,0.0,5.0,100,3.0,2,2,0.0,1,2,3.0,4.0,1
0,501.0,79000.0,04,51000.0,51000.0,95,1.0,32,1.0,20.0,20,1.0,1.0,2,1,2.0,1,2.0,3.0,1000,0.0,3.0,3.0,0,40.0,2.0,1,2.0,0,1986.0,52.0,1,48,98,5.0,0.0,28000.0,0.0,0.0,5.0,500,1.0,2,2,0.0,1,2,3.0,2.0,1
0,501.0,119000.0,36,75000.0,75000.0,95,1.0,26,1.0,16.0,21,1.0,1.0,2,1,2.0,1,2.0,3.0,1000,0.0,3.0,3.0,0,40.0,2.0,1,2.0,0,1986.0,52.0,1,4,999,5.0,0.0,30000.0,14000.0,0.0,5.0,500,1.0,1,2,0.0,1,2,3.0,2.0,1
0,122.0,19010.0,48,19000.0,19000.0,44,1.0,939,1.0,19.0,20,4.0,1.0,2,3,2.0,1,2.0,3.0,1000,0.0,3.0,3.0,0,53.0,2.0,1,2.0,0,1982.0,52.0,1,38,999,1.0,0.0,0.0,0.0,0.0,5.0,100,1.0,1,2,10.0,1,2,3.0,4.0,1
0,385.0,60180.0,98,60000.0,60000.0,96,4.0,999,1.0,18.0,20,6.0,1.0,2,5,2.0,1,2.0,3.0,1000,0.0,3.0,3.0,0,40.0,2.0,1,2.0,0,1995.0,52.0,1,4,999,5.0,0.0,0.0,0.0,0.0,5.0,200,1.0,4,2,180.0,1,2,3.0,1.0,1
0,360.0,90000.0,11,80000.0,80000.0,95,1.0,999,1.0,19.0,20,1.0,1.0,2,1,2.0,1,2.0,3.0,1000,0.0,3.0,3.0,0,40.0,2.0,1,2.0,0,2009.0,52.0,1,48,999,5.0,0.0,0.0,10000.0,0.0,5.0,200,1.0,4,2,0.0,1,2,3.0,2.0,1
0,360.0,18000.0,51,18000.0,18000.0,68,1.0,999,1.0,16.0,21,1.0,1.0,2,1,2.0,1,2.0,3.0,1000,0.0,3.0,3.0,0,40.0,2.0,1,2.0,0,2009.0,16.0,1,26,999,1.0,0.0,0.0,0.0,0.0,5.0,200,1.0,4,2,0.0,1,2,3.0,4.0,1
0,73.0,10700.0,62,0.0,0.0,07,6.0,940,2.0,19.0,20,4.0,2.0,2,3,2.0,1,2.0,2.0,1000,0.0,2.0,2.0,0,40.0,2.0,1,2.0,0,2004.0,52.0,1,38,999,1.0,10700.0,0.0,0.0,0.0,5.0,400,1.0,1,2,0.0,1,2,3.0,4.0,1
0,439.0,0.0,36,0.0,0.0,75,6.0,82,2.0,20.0,20,1.0,2.0,2,1,2.0,1,2.0,2.0,1000,0.0,2.0,2.0,2,40.0,2.0,1,2.0,0,1989.0,52.0,1,38,999,1.0,0.0,0.0,0.0,0.0,5.0,500,1.0,1,2,0.0,1,2,3.0,4.0,1
0,439.0,88300.0,15,88300.0,95000.0,73,6.0,111,1.0,24.0,21,1.0,2.0,2,1,2.0,1,2.0,2.0,1000,0.0,2.0,2.0,2,40.0,2.0,1,2.0,0,1989.0,1.0,1,38,999,1.0,0.0,0.0,0.0,0.0,5.0,500,1.0,1,2,0.0,1,2,3.0,4.0,1
0,396.0,73000.0,96,73000.0,73000.0,51,1.0,32,1.0,20.0,20,1.0,1.0,2,1,2.0,1,2.0,3.0,1000,0.0,3.0,3.0,0,40.0,2.0,1,2.0,0,2009.0,52.0,1,38,82,1.0,0.0,0.0,0.0,0.0,5.0,500,1.0,2,2,0.0,1,2,3.0,4.0,1
0,396.0,70000.0,38,70000.0,70000.0,94,1.0,999,1.0,16.0,21,1.0,1.0,2,1,2.0,1,2.0,3.0,1000,0.0,3.0,3.0,0,40.0,2.0,1,2.0,0,2009.0,52.0,1,27,999,3.0,0.0,0.0,0.0,0.0,5.0,500,1.0,4,2,0.0,1,2,3.0,4.0,1
0,501.0,96000.0,32,96000.0,96000.0,81,1.0,999,1.0,21.0,20,6.0,1.0,2,5,2.0,1,2.0,3.0,1000,0.0,3.0,3.0,0,44.0,2.0,1,2.0,0,1995.0,52.0,1,19,999,1.0,0.0,0.0,0.0,0.0,5.0,500,1.0,4,2,0.0,1,2,3.0,4.0,1
1,96.0,15200.0,60,0.0,0.0,01,6.0,195,2.0,16.0,20,4.0,2.0,2,3,2.0,1,2.0,2.0,1000,0.0,2.0,2.0,0,40.0,2.0,1,2.0,0,1982.0,52.0,1,38,999,1.0,15200.0,0.0,0.0,0.0,5.0,400,1.0,1,2,0.0,1,2,3.0,4.0,1
0,501.0,65000.0,28,65000.0,65000.0,66,1.0,111,1.0,21.0,20,1.0,1.0,2,1,2.0,1,2.0,3.0,1000,0.0,3.0,3.0,0,40.0,2.0,1,2.0,0,2012.0,52.0,1,38,50,1.0,0.0,0.0,0.0,0.0,5.0,600,1.0,2,2,0.0,1,2,3.0,4.0,1
0,501.0,150000.0,21,150000.0,150000.0,41,1.0,97,1.0,23.0,21,1.0,1.0,2,1,2.0,1,2.0,3.0,1000,0.0,3.0,3.0,0,50.0,2.0,1,2.0,0,2012.0,52.0,1,23,999,1.0,0.0,0.0,0.0,0.0,5.0,600,1.0,1,2,0.0,1,2,3.0,4.0,1
0,249.0,0.0,36,0.0,0.0,81,6.0,32,2.0,21.0,20,1.0,2.0,2,1,2.0,1,2.0,2.0,1000,0.0,2.0,2.0,2,40.0,2.0,1,2.0,0,2023.0,52.0,1,38,50,2.0,0.0,0.0,0.0,0.0,5.0,300,3.0,2,2,0.0,1,2,3.0,4.0,1
0,249.0,50000.0,33,50000.0,50000.0,81,1.0,32,1.0,21.0,21,1.0,1.0,2,1,2.0,1,2.0,3.0,1000,0.0,3.0,3.0,0,40.0,2.0,1,2.0,0,2023.0,52.0,1,38,999,2.0,0.0,0.0,0.0,0.0,5.0,300,3.0,1,2,0.0,1,2,3.0,4.0,1
0,417.0,65000.0,10,65000.0,65000.0,73,1.0,32,1.0,22.0,34,6.0,1.0,2,5,2.0,1,2.0,3.0,1000,0.0,3.0,3.0,0,40.0,2.0,1,2.0,0,1995.0,52.0,1,46,999,1.0,0.0,0.0,0.0,0.0,5.0,300,3.0,1,2,0.0,1,2,3.0,4.0,1
0,210.0,30000.0,36,30000.0,30000.0,81,1.0,995,1.0,19.0,20,1.0,1.0,2,1,2.0,1,2.0,3.0,1000,0.0,3.0,3.0,0,40.0,2.0,1,2.0,0,2018.0,36.0,1,38,999,1.0,0.0,0.0,0.0,0.0,5.0,300,1.0,3,2,0.0,1,2,3.0,4.0,1
0,210.0,53000.0,62,45000.0,45000.0,07,1.0,995,1.0,16.0,21,1.0,1.0,2,1,2.0,1,2.0,3.0,1000,0.0,3.0,3.0,0,80.0,2.0,1,2.0,0,2018.0,28.0,1,38,999,1.0,0.0,0.0,8000.0,0.0,5.0,300,1.0,3,2,0.0,1,2,3.0,4.0,1
0,286.0,43000.0,08,43000.0,43000.0,93,1.0,82,1.0,19.0,20,1.0,1.0,2,1,2.0,1,2.0,3.0,1000,0.0,3.0,3.0,0,40.0,2.0,1,2.0,0,2013.0,52.0,1,55,999,3.0,0.0,0.0,0.0,0.0,5.0,200,1.0,1,2,0.0,1,2,3.0,4.0,1
0,286.0,42000.0,20,42000.0,42000.0,83,1.0,720,1.0,18.0,21,1.0,1.0,2,1,2.0,1,2.0,3.0,1000,0.0,3.0,3.0,0,40.0,2.0,1,2.0,0,2013.0,52.0,1,12,999,1.0,0.0,0.0,0.0,0.0,5.0,200,1.0,1,2,0.0,1,2,3.0,4.0,1
0,354.0,55800.0,08,2800.0,2800.0,93,1.0,32,1.0,20.0,20,4.0,1.0,1,3,2.0,1,2.0,3.0,1000,20000.0,3.0,3.0,0,20.0,2.0,1,2.0,0,1980.0,5.0,1,38,89,3.0,0.0,28000.0,0.0,0.0,5.0,500,1.0,2,2,5000.0,1,1,3.0,4.0,1
0,501.0,132800.0,11,131000.0,131000.0,05,1.0,21,1.0,20.0,20,1.0,1.0,2,1,2.0,1,2.0,3.0,1000,0.0,3.0,3.0,0,40.0,2.0,1,2.0,0,1988.0,52.0,1,26,32,1.0,0.0,0.0,1800.0,0.0,5.0,300,1.0,2,2,0.0,1,2,3.0,2.0,1
0,501.0,50000.0,08,50000.0,50000.0,10,1.0,21,1.0,21.0,21,1.0,1.0,2,1,2.0,1,2.0,3.0,1000,0.0,3.0,3.0,0,40.0,2.0,1,2.0,0,1988.0,52.0,1,126,999,1.0,0.0,0.0,0.0,0.0,5.0,300,1.0,1,2,0.0,5,2,3.0,4.0,1
0,501.0,17000.0,47,17000.0,17000.0,48,1.0,21,1.0,16.0,25,6.0,1.0,2,5,2.0,1,2.0,3.0,1000,0.0,3.0,3.0,0,20.0,2.0,1,2.0,0,1995.0,52.0,1,48,32,1.0,0.0,0.0,0.0,0.0,5.0,300,1.0,2,2,0.0,1,2,3.0,4.0,1
0,501.0,14500.0,47,14500.0,14500.0,48,1.0,21,1.0,16.0,25,6.0,1.0,2,5,2.0,1,2.0,3.0,1000,0.0,3.0,3.0,0,20.0,2.0,1,2.0,0,1995.0,52.0,1,38,32,1.0,0.0,0.0,0.0,0.0,5.0,300,1.0,2,2,0.0,1,2,3.0,4.0,1
0,294.0,1400.0,23,1400.0,800.0,78,1.0,82,1.0,21.0,20,1.0,1.0,2,1,2.0,1,2.0,3.0,1000,0.0,3.0,3.0,0,31.0,2.0,1,2.0,0,2014.0,7.0,1,38,26,3.0,0.0,0.0,0.0,0.0,5.0,200,1.0,2,2,0.0,1,2,3.0,4.0,1
0,294.0,115000.0,71,115000.0,115000.0,87,1.0,995,1.0,19.0,21,1.0,1.0,2,1,2.0,1,2.0,3.0,1000,0.0,3.0,3.0,0,55.0,2.0,1,2.0,0,2014.0,52.0,1,38,999,1.0,0.0,0.0,0.0,0.0,5.0,200,1.0,3,2,0.0,1,2,3.0,4.0,1
0,169.0,0.0,42,0.0,0.0,69,6.0,999,3.0,1.0,20,1.0,1.0,2,1,2.0,1,2.0,3.0,1000,0.0,3.0,3.0,0,40.0,2.0,1,2.0,0,2015.0,52.0,1,38,999,1.0,0.0,0.0,0.0,0.0,5.0,400,1.0,4,2,0.0,1,2,3.0,4.0,1
0,169.0,60000.0,01,60000.0,60000.0,68,1.0,999,1.0,21.0,21,1.0,1.0,2,1,2.0,1,2.0,3.0,1000,0.0,3.0,3.0,0,40.0,2.0,1,2.0,0,2015.0,52.0,1,31,999,1.0,0.0,0.0,0.0,0.0,5.0,400,1.0,4,2,0.0,1,2,3.0,4.0,1
0,501.0,101000.0,10,101000.0,101000.0,41,1.0,82,1.0,22.0,20,6.0,1.0,2,5,2.0,1,2.0,3.0,1000,0.0,3.0,3.0,0,40.0,2.0,1,2.0,0,1995.0,52.0,1,27,999,1.0,0.0,0.0,0.0,0.0,5.0,400,1.0,1,2,0.0,1,2,3.0,4.0,1
0,475.0,5300.0,06,5300.0,5300.0,38,1.0,88,1.0,16.0,20,1.0,1.0,2,1,2.0,1,2.0,3.0,1000,0.0,3.0,3.0,0,24.0,2.0,1,2.0,0,2009.0,8.0,1,301,999,1.0,0.0,0.0,0.0,0.0,5.0,500,1.0,1,2,0.0,7,2,3.0,4.0,1
0,475.0,140000.0,01,140000.0,140000.0,38,1.0,22,1.0,16.0,21,1.0,1.0,2,1,2.0,1,2.0,3.0,1000,0.0,3.0,3.0,0,53.0,2.0,1,2.0,0,2009.0,52.0,1,38,999,1.0,0.0,0.0,0.0,0.0,5.0,500,1.0,1,2,0.0,1,2,3.0,4.0,1
0,213.0,43000.0,51,0.0,0.0,61,6.0,32,2.0,16.0,20,4.0,2.0,1,3,1.0,1,1.0,2.0,1000,0.0,2.0,2.0,0,40.0,2.0,1,2.0,0,2003.0,52.0,1,46,999,1.0,0.0,0.0,43000.0,0.0,5.0,500,1.0,1,2,0.0,1,2,3.0,2.0,1
0,213.0,0.0,64,0.0,0.0,07,6.0,32,2.0,16.0,25,6.0,2.0,2,5,2.0,1,2.0,2.0,1000,0.0,2.0,2.0,2,40.0,2.0,1,2.0,0,1995.0,52.0,1,38,999,1.0,0.0,0.0,0.0,0.0,5.0,500,1.0,1,2,0.0,1,2,3.0,4.0,1
0,401.0,18600.0,91,9000.0,9000.0,45,6.0,82,1.0,18.0,20,1.0,2.0,2,1,2.0,1,2.0,2.0,1000,0.0,2.0,2.0,0,55.0,2.0,1,2.0,0,1995.0,12.0,1,6,89,1.0,9600.0,0.0,0.0,0.0,5.0,500,1.0,2,2,0.0,1,2,3.0,4.0,1
0,401.0,60000.0,72,60000.0,60000.0,88,1.0,82,1.0,16.0,21,1.0,1.0,2,1,2.0,1,2.0,3.0,1000,0.0,3.0,3.0,0,40.0,2.0,1,2.0,0,1995.0,52.0,1,38,999,1.0,0.0,0.0,0.0,0.0,5.0,500,1.0,1,2,0.0,1,2,3.0,2.0,1
0,257.0,40000.0,51,40000.0,40000.0,61,1.0,999,1.0,16.0,20,6.0,1.0,2,5,2.0,1,2.0,3.0,1000,0.0,3.0,3.0,0,40.0,2.0,1,2.0,0,1995.0,52.0,1,38,999,1.0,0.0,0.0,0.0,0.0,5.0,500,1.0,4,2,0.0,1,2,3.0,4.0,1
0,501.0,12000.0,57,12000.0,12000.0,91,6.0,939,1.0,21.0,21,1.0,2.0,2,1,2.0,1,2.0,2.0,1000,0.0,2.0,2.0,1,25.0,2.0,1,2.0,0,1995.0,30.0,1,27,999,2.0,0.0,0.0,0.0,0.0,5.0,400,1.0,1,2,0.0,1,2,3.0,4.0,1
0,342.0,63000.0,49,63000.0,63000.0,93,1.0,51,1.0,19.0,20,1.0,1.0,2,1,2.0,1,2.0,3.0,1000,0.0,3.0,3.0,0,40.0,2.0,1,2.0,0,2008.0,52.0,1,36,50,3.0,0.0,0.0,0.0,0.0,5.0,600,1.0,2,2,0.0,1,2,3.0,4.0,1
0,342.0,61000.0,21,61000.0,61000.0,95,1.0,82,1.0,21.0,21,1.0,1.0,2,1,2.0,1,2.0,3.0,1000,0.0,3.0,3.0,0,40.0,2.0,1,2.0,0,2008.0,52.0,1,38,89,4.0,0.0,0.0,0.0,0.0,5.0,600,1.0,2,2,0.0,1,2,3.0,4.0,1
0,204.0,38400.0,89,38400.0,38400.0,93,1.0,142,1.0,19.0,20,1.0,1.0,2,1,2.0,1,2.0,3.0,1000,0.0,3.0,3.0,0,40.0,2.0,1,2.0,0,2010.0,52.0,1,16,999,3.0,0.0,0.0,0.0,0.0,5.0,300,1.0,1,2,0.0,1,2,3.0,4.0,1
0,204.0,2000.0,96,2000.0,2000.0,62,6.0,939,1.0,16.0,21,1.0,2.0,2,1,2.0,1,2.0,2.0,1000,0.0,2.0,2.0,0,3.0,2.0,1,2.0,0,2010.0,6.0,1,16,999,1.0,0.0,0.0,0.0,0.0,5.0,300,1.0,1,2,0.0,1,2,3.0,4.0,1
0,180.0,25500.0,42,0.0,0.0,69,6.0,22,3.0,19.0,20,4.0,2.0,1,3,2.0,1,2.0,2.0,1000,0.0,2.0,2.0,2,40.0,1.0,1,2.0,0,2002.0,52.0,1,38,32,1.0,16500.0,9000.0,0.0,0.0,5.0,100,1.0,2,2,0.0,1,2,3.0,4.0,1
0,456.0,50000.0,06,50000.0,50000.0,81,1.0,82,1.0,21.0,20,1.0,1.0,2,1,2.0,1,2.0,3.0,1000,0.0,3.0,3.0,0,40.0,2.0,1,2.0,0,2020.0,52.0,1,38,32,2.0,0.0,0.0,0.0,0.0,5.0,400,1.0,2,2,0.0,1,2,3.0,4.0,1
0,456.0,60000.0,01,60000.0,60000.0,68,1.0,82,1.0,21.0,21,1.0,1.0,2,1,2.0,1,2.0,3.0,1000,0.0,3.0,3.0,0,40.0,2.0,1,2.0,0,2020.0,52.0,1,38,94,1.0,0.0,0.0,0.0,0.0,5.0,400,1.0,2,2,0.0,1,2,3.0,4.0,1
0,501.0,125000.0,36,68000.0,68000.0,95,1.0,275,1.0,20.0,20,2.0,1.0,2,1,2.0,15,2.0,2.0,8000,0.0,3.0,2.0,0,40.0,2.0,8,2.0,0,1998.0,52.0,0,329,999,5.0,0.0,42000.0,15000.0,0.0,5.0,400,3.0,1,2,0.0,3,2,3.0,4.0,5
0,112.0,17800.0,40,17100.0,17100.0,86,1.0,50,1.0,16.0,20,6.0,1.0,1,5,1.0,1,1.0,3.0,1000,0.0,3.0,3.0,0,40.0,2.0,1,2.0,0,1995.0,52.0,1,38,82,1.0,0.0,0.0,0.0,0.0,5.0,600,1.0,2,2,700.0,1,2,3.0,4.0,1
0,501.0,74900.0,25,72800.0,15800.0,78,1.0,82,1.0,16.0,20,1.0,1.0,2,1,2.0,17,2.0,3.0,9000,0.0,3.0,3.0,0,36.0,2.0,9,2.0,1,2018.0,37.0,1,30,32,4.0,0.0,0.0,0.0,0.0,5.0,200,1.0,2,2,2100.0,1,2,3.0,4.0,1
0,501.0,32700.0,68,32700.0,32700.0,04,6.0,32,1.0,14.0,21,1.0,2.0,2,1,2.0,1,2.0,2.0,1000,0.0,2.0,2.0,2,36.0,2.0,1,2.0,0,2018.0,4.0,1,38,999,1.0,0.0,0.0,0.0,0.0,5.0,200,1.0,1,2,0.0,1,2,3.0,4.0,1
0,394.0,59800.0,32,35000.0,35000.0,94,1.0,999,1.0,19.0,20,1.0,1.0,2,1,2.0,1,2.0,3.0,1000,0.0,3.0,3.0,0,40.0,2.0,1,2.0,0,1982.0,52.0,1,38,999,4.0,4800.0,20000.0,0.0,0.0,5.0,500,1.0,4,2,0.0,1,2,3.0,2.0,1
0,331.0,39500.0,46,38000.0,0.0,84,1.0,32,1.0,16.0,20,3.0,1.0,2,2,2.0,1,2.0,3.0,1000,0.0,3.0,3.0,0,55.0,2.0,1,2.0,0,1998.0,52.0,1,38,82,6.0,0.0,0.0,0.0,0.0,5.0,300,1.0,2,2,1500.0,1,2,3.0,4.0,1
0,331.0,28000.0,46,28000.0,28000.0,78,1.0,32,1.0,21.0,25,6.0,1.0,2,5,2.0,1,2.0,3.0,1000,0.0,3.0,3.0,0,37.0,2.0,1,2.0,0,1995.0,52.0,1,38,82,3.0,0.0,0.0,0.0,0.0,5.0,300,1.0,2,2,0.0,1,2,3.0,4.0,1
0,166.0,26000.0,33,26000.0,26000.0,79,1.0,32,1.0,21.0,20,6.0,1.0,2,5,2.0,1,2.0,3.0,1000,0.0,3.0,3.0,0,40.0,2.0,1,2.0,0,1995.0,36.0,1,38,999,2.0,0.0,0.0,0.0,0.0,5.0,600,3.0,1,2,0.0,1,2,3.0,4.0,1
0,332.0,52000.0,03,52000.0,52000.0,81,1.0,142,1.0,21.0,22,6.0,1.0,2,5,2.0,1,2.0,3.0,1000,0.0,3.0,3.0,0,40.0,2.0,1,2.0,0,1995.0,51.0,1,27,32,2.0,0.0,0.0,0.0,0.0,5.0,600,3.0,2,2,0.0,1,2,3.0,4.0,1
0,257.0,40200.0,02,40200.0,40200.0,01,1.0,917,1.0,22.0,20,6.0,1.0,2,5,2.0,3,2.0,3.0,5025,0.0,3.0,3.0,0,40.0,2.0,5,2.0,1,1995.0,52.0,0,8,999,1.0,0.0,0.0,0.0,0.0,5.0,100,1.0,1,2,0.0,1,2,3.0,4.0,1
0,501.0,100000.0,50,100000.0,100000.0,69,1.0,32,1.0,21.0,20,1.0,1.0,2,1,2.0,1,2.0,3.0,1000,0.0,3.0,3.0,0,45.0,2.0,1,2.0,0,2001.0,52.0,1,27,999,1.0,0.0,0.0,0.0,0.0,5.0,600,1.0,1,2,0.0,1,2,3.0,4.0,1
0,501.0,130000.0,04,130000.0,130000.0,64,3.0,32,1.0,21.0,21,1.0,2.0,2,1,2.0,1,2.0,3.0,1000,0.0,1.0,3.0,0,40.0,2.0,1,2.0,0,2001.0,42.0,1,27,999,1.0,0.0,0.0,0.0,0.0,1.0,600,1.0,1,2,0.0,1,2,1.0,4.0,1
0,211.0,57000.0,87,57000.0,57000.0,21,1.0,541,1.0,21.0,20,1.0,1.0,2,1,2.0,2,2.0,3.0,3000,0.0,3.0,3.0,0,48.0,2.0,2,2.0,0,2019.0,52.0,0,429,999,1.0,0.0,0.0,0.0,0.0,5.0,600,1.0,1,2,0.0,6,2,3.0,4.0,1
0,211.0,26500.0,36,26500.0,26500.0,81,1.0,541,1.0,18.0,21,1.0,1.0,2,1,2.0,2,2.0,2.0,3000,0.0,2.0,2.0,0,72.0,2.0,2,2.0,0,2019.0,52.0,0,429,999,2.0,0.0,0.0,0.0,0.0,5.0,600,1.0,1,2,0.0,6,2,3.0,4.0,1
1,136.0,21000.0,42,18000.0,18000.0,76,1.0,924,1.0,18.0,20,6.0,1.0,2,5,2.0,3,2.0,3.0,5013,0.0,3.0,3.0,0,40.0,2.0,3,2.0,1,1995.0,52.0,0,38,917,2.0,0.0,0.0,3000.0,0.0,5.0,600,1.0,2,2,0.0,1,2,3.0,4.0,1
0,501.0,89000.0,20,89000.0,89000.0,82,1.0,416,1.0,20.0,20,3.0,1.0,2,2,2.0,24,2.0,3.0,9000,0.0,3.0,3.0,0,40.0,2.0,9,2.0,0,1976.0,52.0,1,212,999,4.0,0.0,0.0,0.0,0.0,5.0,500,1.0,1,2,0.0,4,2,3.0,4.0,1
0,394.0,104000.0,98,104000.0,104000.0,96,4.0,88,1.0,22.0,20,1.0,1.0,2,1,2.0,1,2.0,3.0,1000,0.0,3.0,3.0,0,50.0,2.0,1,2.0,0,2009.0,52.0,1,48,32,5.0,0.0,0.0,0.0,0.0,5.0,200,1.0,2,2,0.0,1,2,3.0,1.0,1
0,394.0,13000.0,07,13000.0,13000.0,73,1.0,935,1.0,22.0,21,1.0,1.0,2,1,2.0,1,2.0,3.0,1000,0.0,3.0,3.0,0,8.0,2.0,1,2.0,0,2009.0,52.0,1,48,142,1.0,0.0,0.0,0.0,0.0,5.0,200,1.0,2,2,0.0,1,2,3.0,4.0,1
0,501.0,96600.0,57,81000.0,81000.0,88,1.0,32,1.0,18.0,20,1.0,1.0,1,1,2.0,1,2.0,3.0,1000,0.0,3.0,3.0,0,40.0,1.0,1,2.0,0,2000.0,52.0,1,21,999,1.0,0.0,0.0,0.0,0.0,5.0,100,1.0,1,2,15600.0,1,2,3.0,4.0,1
0,501.0,19500.0,96,0.0,0.0,53,6.0,26,2.0,17.0,21,1.0,2.0,1,1,2.0,1,2.0,2.0,1000,19500.0,2.0,2.0,0,40.0,2.0,1,2.0,0,2000.0,52.0,1,22,999,1.0,0.0,0.0,0.0,0.0,5.0,100,1.0,1,2,0.0,1,1,3.0,4.0,1
0,253.0,50000.0,00,50000.0,50000.0,83,1.0,999,1.0,16.0,20,1.0,1.0,2,1,2.0,1,2.0,3.0,1000,0.0,3.0,3.0,0,40.0,2.0,1,2.0,0,1985.0,52.0,1,26,999,2.0,0.0,0.0,0.0,0.0,5.0,400,1.0,4,2,0.0,1,2,3.0,4.0,1
0,253.0,0.0,42,0.0,0.0,83,6.0,999,2.0,16.0,21,1.0,2.0,1,1,2.0,1,2.0,2.0,1000,0.0,2.0,2.0,0,40.0,2.0,1,2.0,0,1985.0,52.0,1,8,999,4.0,0.0,0.0,0.0,0.0,5.0,400,1.0,4,1,0.0,1,2,3.0,4.0,1
0,130.0,20000.0,23,20000.0,20000.0,78,1.0,940,1.0,22.0,20,6.0,1.0,2,5,2.0,1,2.0,3.0,1000,0.0,3.0,3.0,0,60.0,2.0,1,2.0,0,1995.0,52.0,1,30,999,4.0,0.0,0.0,0.0,0.0,5.0,300,1.0,1,2,0.0,1,2,3.0,4.0,1
0,501.0,86000.0,73,86000.0,86000.0,87,1.0,82,1.0,20.0,20,1.0,1.0,2,1,2.0,1,2.0,3.0,1000,0.0,3.0,3.0,0,45.0,2.0,1,2.0,0,1987.0,52.0,1,30,999,1.0,0.0,0.0,0.0,0.0,5.0,600,1.0,1,2,0.0,1,2,3.0,4.0,1
0,501.0,90000.0,39,90000.0,90000.0,93,1.0,82,1.0,17.0,21,1.0,1.0,2,1,2.0,1,2.0,3.0,1000,0.0,3.0,3.0,0,45.0,2.0,1,2.0,0,1987.0,52.0,1,27,999,5.0,0.0,0.0,0.0,0.0,5.0,600,1.0,1,2,0.0,1,2,3.0,4.0,1
0,501.0,63000.0,85,63000.0,63000.0,38,1.0,82,1.0,16.0,25,6.0,1.0,2,5,2.0,1,2.0,3.0,1000,0.0,3.0,3.0,0,40.0,2.0,1,2.0,0,1995.0,52.0,1,38,999,1.0,0.0,0.0,0.0,0.0,5.0,600,1.0,1,2,0.0,1,2,3.0,4.0,1
0,501.0,150200.0,02,150000.0,150000.0,07,1.0,32,1.0,21.0,20,1.0,1.0,2,1,2.0,1,2.0,3.0,1000,0.0,3.0,3.0,0,50.0,2.0,1,2.0,0,2015.0,52.0,1,27,82,1.0,0.0,0.0,0.0,0.0,5.0,400,1.0,2,2,200.0,1,2,3.0,4.0,1
0,501.0,172600.0,02,170000.0,170000.0,07,1.0,291,1.0,18.0,21,1.0,1.0,1,1,2.0,15,2.0,3.0,8000,0.0,3.0,3.0,0,60.0,2.0,8,2.0,0,2015.0,52.0,0,29,995,1.0,0.0,2400.0,0.0,0.0,5.0,400,1.0,1,2,200.0,1,1,3.0,2.0,24
0,501.0,150000.0,74,150000.0,120000.0,05,1.0,999,1.0,19.0,20,1.0,1.0,2,1,2.0,1,2.0,3.0,1000,0.0,3.0,3.0,0,40.0,2.0,1,2.0,0,2019.0,52.0,1,38,999,7.0,0.0,0.0,0.0,0.0,5.0,200,1.0,4,2,0.0,1,2,3.0,4.0,1
0,501.0,57000.0,36,57000.0,57000.0,81,1.0,999,1.0,19.0,21,1.0,1.0,2,1,2.0,1,2.0,3.0,1000,0.0,3.0,3.0,0,40.0,2.0,1,2.0,0,2019.0,52.0,1,38,999,2.0,0.0,0.0,0.0,0.0,5.0,200,1.0,4,2,0.0,1,2,3.0,4.0,1
0,409.0,63400.0,02,53000.0,0.0,01,1.0,82,1.0,20.0,20,4.0,1.0,2,3,2.0,1,2.0,2.0,1000,0.0,2.0,2.0,1,60.0,2.0,1,2.0,0,1996.0,52.0,1,38,24,6.0,0.0,0.0,0.0,0.0,1.0,400,1.0,2,2,10400.0,1,2,2.0,4.0,1
0,0.0,0.0,63,0.0,0.0,07,6.0,32,2.0,16.0,20,4.0,2.0,2,3,2.0,1,2.0,2.0,1000,0.0,2.0,2.0,0,40.0,2.0,1,2.0,0,1984.0,52.0,1,38,999,1.0,0.0,0.0,0.0,0.0,5.0,100,1.0,1,2,0.0,1,2,3.0,4.0,1
0,501.0,80000.0,42,0.0,0.0,69,6.0,32,3.0,20.0,20,3.0,2.0,2,2,2.0,1,2.0,2.0,1000,0.0,2.0,2.0,0,40.0,2.0,1,2.0,0,1978.0,52.0,1,38,50,1.0,25000.0,50000.0,0.0,0.0,5.0,200,1.0,2,2,5000.0,1,2,3.0,4.0,1
0,294.0,45000.0,38,42000.0,42000.0,94,1.0,51,1.0,18.0,20,4.0,1.0,2,3,2.0,1,2.0,2.0,1000,0.0,3.0,3.0,0,40.0,2.0,1,2.0,0,1991.0,52.0,1,42,22,4.0,0.0,0.0,0.0,0.0,5.0,400,1.0,2,2,3000.0,1,2,3.0,2.0,1
0,174.0,3000.0,25,3000.0,3000.0,78,1.0,89,1.0,16.0,21,1.0,1.0,2,1,2.0,1,2.0,3.0,1000,0.0,3.0,3.0,0,5.0,2.0,1,2.0,0,1975.0,52.0,1,38,999,3.0,0.0,0.0,0.0,0.0,5.0,200,1.0,1,2,0.0,1,2,3.0,4.0,1
0,342.0,45000.0,04,45000.0,45000.0,05,1.0,24,1.0,18.0,20,4.0,1.0,2,3,2.0,1,2.0,3.0,1000,0.0,3.0,3.0,0,40.0,2.0,1,2.0,0,2000.0,52.0,1,38,999,3.0,0.0,0.0,0.0,0.0,5.0,400,1.0,1,2,0.0,1,2,3.0,4.0,1
0,342.0,24000.0,36,24000.0,24000.0,79,1.0,24,1.0,20.0,25,6.0,1.0,2,5,2.0,1,2.0,3.0,1000,0.0,3.0,3.0,0,40.0,2.0,1,2.0,0,1995.0,52.0,1,38,32,1.0,0.0,0.0,0.0,0.0,5.0,400,1.0,2,2,0.0,1,2,3.0,4.0,1
0,219.0,20000.0,22,20000.0,20000.0,78,1.0,82,1.0,24.0,20,1.0,1.0,2,1,2.0,1,2.0,3.0,1000,0.0,3.0,3.0,0,50.0,2.0,1,2.0,0,2015.0,52.0,1,38,20,2.0,0.0,0.0,0.0,0.0,5.0,600,1.0,2,2,0.0,1,2,3.0,4.0,1
0,219.0,45000.0,02,45000.0,45000.0,78,1.0,32,1.0,22.0,21,1.0,1.0,2,1,2.0,1,2.0,3.0,1000,0.0,3.0,3.0,0,50.0,2.0,1,2.0,0,2015.0,52.0,1,38,999,3.0,0.0,0.0,0.0,0.0,5.0,600,1.0,1,2,0.0,1,2,3.0,4.0,1
0,501.0,330.0,42,330.0,330.0,91,1.0,32,1.0,20.0,25,6.0,1.0,2,5,2.0,1,2.0,2.0,1000,0.0,2.0,2.0,0,2.0,2.0,1,2.0,0,1995.0,16.0,1,38,148,2.0,0.0,0.0,0.0,0.0,5.0,500,1.0,2,2,0.0,1,2,2.0,4.0,1
0,501.0,54500.0,02,0.0,0.0,01,6.0,999,2.0,21.0,25,6.0,1.0,2,5,2.0,1,2.0,3.0,1000,0.0,3.0,3.0,2,40.0,2.0,1,2.0,0,1995.0,52.0,1,38,999,6.0,0.0,0.0,50000.0,0.0,5.0,500,1.0,4,2,4500.0,1,2,3.0,4.0,1
0,360.0,56000.0,69,56000.0,56000.0,04,1.0,82,1.0,19.0,20,4.0,1.0,2,3,2.0,1,2.0,3.0,1000,0.0,3.0,3.0,0,60.0,2.0,1,2.0,0,1997.0,52.0,1,38,999,1.0,0.0,0.0,0.0,0.0,5.0,100,1.0,1,2,0.0,1,2,3.0,4.0,1
0,294.0,70000.0,60,70000.0,70000.0,01,1.0,32,1.0,16.0,20,1.0,1.0,2,1,2.0,1,2.0,3.0,1000,0.0,3.0,3.0,0,60.0,2.0,1,2.0,0,2022.0,52.0,1,46,999,1.0,0.0,0.0,0.0,0.0,5.0,400,1.0,1,2,0.0,1,2,3.0,2.0,1
0,294.0,0.0,83,0.0,0.0,16,6.0,720,2.0,11.0,21,1.0,2.0,2,1,2.0,6,2.0,2.0,4008,0.0,2.0,2.0,0,40.0,2.0,6,2.0,0,2022.0,52.0,0,233,999,1.0,0.0,0.0,0.0,0.0,5.0,400,2.0,1,2,0.0,4,2,3.0,4.0,1
0,501.0,122500.0,10,120000.0,120000.0,66,1.0,82,1.0,20.0,20,1.0,1.0,2,1,2.0,1,2.0,3.0,1000,0.0,3.0,3.0,0,40.0,2.0,1,2.0,0,1997.0,52.0,1,38,999,1.0,0.0,0.0,0.0,0.0,5.0,400,1.0,1,2,2500.0,1,2,3.0,4.0,1
0,501.0,0.0,42,0.0,0.0,69,6.0,82,3.0,19.0,21,1.0,2.0,2,1,2.0,1,2.0,2.0,1000,0.0,2.0,2.0,0,40.0,2.0,1,2.0,0,1997.0,52.0,1,38,999,1.0,0.0,0.0,0.0,0.0,5.0,400,1.0,1,2,0.0,1,2,3.0,4.0,1
0,501.0,0.0,42,0.0,0.0,69,6.0,82,3.0,18.0,25,6.0,2.0,2,5,2.0,1,2.0,2.0,1000,0.0,2.0,2.0,0,40.0,2.0,1,2.0,0,1995.0,52.0,1,38,999,1.0,0.0,0.0,0.0,0.0,5.0,400,1.0,1,2,0.0,1,2,3.0,4.0,1
0,130.0,27000.0,25,27000.0,27000.0,78,1.0,999,1.0,19.0,20,6.0,1.0,2,5,2.0,1,2.0,3.0,1000,0.0,3.0,3.0,0,40.0,2.0,1,2.0,0,1995.0,52.0,1,27,999,1.0,0.0,0.0,0.0,0.0,5.0,500,3.0,4,2,0.0,1,2,3.0,4.0,1
0,204.0,32000.0,02,32000.0,32000.0,01,1.0,210,1.0,12.0,22,6.0,1.0,2,5,2.0,1,2.0,3.0,1000,0.0,3.0,3.0,0,40.0,2.0,1,2.0,0,1995.0,52.0,1,48,999,1.0,0.0,0.0,0.0,0.0,5.0,500,3.0,1,2,0.0,1,2,3.0,4.0,2
0,501.0,62000.0,30,62000.0,62000.0,81,1.0,939,1.0,22.0,20,1.0,1.0,2,1,2.0,1,2.0,3.0,1000,0.0,3.0,3.0,0,40.0,2.0,1,2.0,0,1992.0,52.0,1,38,999,2.0,0.0,0.0,0.0,0.0,5.0,300,1.0,1,2,0.0,1,2,3.0,4.0,1
0,501.0,46300.0,47,46300.0,46300.0,47,1.0,939,1.0,21.0,21,1.0,1.0,2,1,2.0,1,2.0,3.0,1000,0.0,3.0,3.0,0,40.0,2.0,1,2.0,0,1992.0,40.0,1,38,999,1.0,0.0,0.0,0.0,0.0,5.0,300,1.0,1,2,0.0,1,2,3.0,4.0,1
0,501.0,76000.0,52,76000.0,76000.0,75,1.0,32,1.0,21.0,20,1.0,1.0,2,1,2.0,1,2.0,3.0,1000,0.0,3.0,3.0,0,40.0,2.0,1,2.0,0,1996.0,52.0,1,38,20,4.0,0.0,0.0,0.0,0.0,5.0,600,1.0,2,2,0.0,1,2,3.0,4.0,1
0,279.0,25000.0,58,25000.0,25000.0,69,1.0,32,1.0,15.0,20,1.0,1.0,1,1,1.0,1,2.0,3.0,1000,0.0,3.0,3.0,0,65.0,2.0,1,2.0,0,2013.0,52.0,1,36,97,1.0,0.0,0.0,0.0,0.0,5.0,200,1.0,2,2,0.0,1,2,3.0,4.0,1
0,279.0,60000.0,96,60000.0,60000.0,04,1.0,999,1.0,17.0,21,1.0,1.0,2,1,2.0,1,2.0,3.0,1000,0.0,3.0,3.0,0,65.0,2.0,1,2.0,0,2013.0,45.0,1,36,999,1.0,0.0,0.0,0.0,0.0,5.0,200,1.0,4,2,0.0,1,2,3.0,4.0,1
0,501.0,62000.0,01,62000.0,62000.0,68,1.0,999,1.0,17.0,21,1.0,1.0,2,1,2.0,1,2.0,3.0,1000,0.0,3.0,3.0,0,40.0,2.0,1,2.0,0,2000.0,52.0,1,39,999,1.0,0.0,0.0,0.0,0.0,5.0,400,1.0,4,2,0.0,1,2,3.0,4.0,1
0,501.0,9080.0,40,80.0,80.0,86,6.0,32,1.0,16.0,20,1.0,2.0,2,1,2.0,1,2.0,2.0,1000,0.0,2.0,2.0,2,60.0,2.0,1,2.0,0,1976.0,1.0,1,38,20,1.0,9000.0,0.0,0.0,0.0,5.0,200,1.0,2,2,0.0,1,2,3.0,4.0,1
0,401.0,73900.0,48,45000.0,45000.0,40,3.0,32,1.0,18.0,20,4.0,2.0,2,3,2.0,1,2.0,3.0,1000,0.0,1.0,3.0,0,40.0,2.0,1,2.0,0,1981.0,48.0,1,30,98,1.0,0.0,28000.0,900.0,0.0,1.0,200,1.0,2,2,0.0,1,2,1.0,2.0,1
0,452.0,60000.0,31,60000.0,60000.0,78,1.0,924,1.0,22.0,20,1.0,1.0,2,1,2.0,1,2.0,3.0,1000,0.0,3.0,3.0,0,40.0,2.0,1,2.0,0,2014.0,37.0,1,38,999,3.0,0.0,0.0,0.0,0.0,5.0,500,1.0,1,2,0.0,1,2,3.0,4.0,1
0,452.0,100150.0,02,100000.0,100000.0,01,1.0,924,1.0,21.0,21,1.0,1.0,2,1,2.0,1,2.0,3.0,1000,0.0,3.0,3.0,0,60.0,2.0,1,2.0,0,2014.0,52.0,1,38,999,7.0,0.0,0.0,0.0,0.0,5.0,500,1.0,1,2,150.0,1,2,3.0,4.0,1
0,501.0,115000.0,91,114000.0,114000.0,63,1.0,32,1.0,20.0,20,4.0,1.0,2,3,2.0,1,2.0,3.0,1000,0.0,3.0,3.0,0,55.0,2.0,1,2.0,0,2020.0,52.0,1,38,50,1.0,0.0,0.0,1000.0,0.0,5.0,200,1.0,2,2,0.0,1,2,3.0,4.0,1
0,378.0,30000.0,54,30000.0,30000.0,81,1.0,999,1.0,18.0,20,1.0,1.0,2,1,2.0,1,2.0,3.0,1000,0.0,3.0,3.0,0,45.0,2.0,1,2.0,0,2000.0,52.0,1,27,999,2.0,0.0,0.0,0.0,0.0,5.0,400,1.0,4,2,0.0,1,2,3.0,4.0,1
0,378.0,85000.0,42,60000.0,60000.0,82,1.0,999,1.0,20.0,21,1.0,1.0,2,1,2.0,1,2.0,3.0,1000,0.0,3.0,3.0,0,40.0,2.0,1,2.0,0,2000.0,52.0,1,38,999,2.0,0.0,0.0,0.0,0.0,5.0,400,1.0,4,2,25000.0,1,2,3.0,4.0,1
0,378.0,12000.0,55,12000.0,12000.0,63,1.0,999,1.0,16.0,25,6.0,1.0,2,5,2.0,1,2.0,3.0,1000,0.0,3.0,3.0,0,40.0,2.0,1,2.0,0,1995.0,52.0,1,38,999,1.0,0.0,0.0,0.0,0.0,5.0,400,1.0,4,2,0.0,1,2,3.0,4.0,1
0,285.0,45100.0,65,45100.0,45100.0,07,1.0,32,1.0,21.0,20,6.0,1.0,2,5,2.0,1,2.0,3.0,1000,0.0,3.0,3.0,0,40.0,2.0,1,2.0,0,1995.0,52.0,1,27,999,1.0,0.0,0.0,0.0,0.0,5.0,600,3.0,1,2,0.0,1,2,3.0,4.0,1
0,501.0,80400.0,04,72000.0,72000.0,70,1.0,82,1.0,20.0,20,1.0,1.0,2,1,2.0,1,2.0,3.0,1000,0.0,3.0,3.0,0,40.0,2.0,1,2.0,0,1995.0,52.0,1,27,89,1.0,0.0,0.0,0.0,0.0,5.0,500,1.0,2,2,8400.0,1,2,3.0,4.0,1
0,501.0,70000.0,60,70000.0,70000.0,01,1.0,142,1.0,19.0,21,1.0,1.0,2,1,2.0,1,2.0,3.0,1000,0.0,3.0,3.0,0,40.0,2.0,1,2.0,0,1995.0,52.0,1,27,89,1.0,0.0,0.0,0.0,0.0,5.0,500,1.0,2,2,0.0,1,2,3.0,4.0,1
0,398.0,34500.0,51,34500.0,34500.0,70,1.0,999,1.0,20.0,20,1.0,1.0,2,1,2.0,1,2.0,3.0,1000,0.0,3.0,3.0,0,40.0,2.0,1,2.0,0,2018.0,52.0,1,38,999,1.0,0.0,0.0,0.0,0.0,5.0,200,1.0,4,2,0.0,1,2,3.0,4.0,1
0,398.0,50000.0,70,50000.0,50000.0,85,1.0,999,1.0,16.0,21,1.0,1.0,2,1,2.0,1,2.0,3.0,1000,0.0,3.0,3.0,0,40.0,2.0,1,2.0,0,2018.0,52.0,1,38,999,4.0,0.0,0.0,0.0,0.0,5.0,200,1.0,4,2,0.0,1,2,3.0,4.0,1
0,398.0,60000.0,08,60000.0,60000.0,72,1.0,999,1.0,21.0,28,6.0,1.0,2,5,2.0,1,2.0,3.0,1000,0.0,3.0,3.0,2,45.0,2.0,1,2.0,0,1995.0,52.0,1,38,999,1.0,0.0,0.0,0.0,0.0,5.0,200,1.0,4,2,0.0,1,2,3.0,4.0,1
0,361.0,55000.0,47,55000.0,55000.0,49,1.0,98,1.0,16.0,20,6.0,1.0,2,5,2.0,1,2.0,3.0,1000,0.0,3.0,3.0,0,37.0,2.0,1,2.0,0,1995.0,52.0,1,38,999,1.0,0.0,0.0,0.0,0.0,5.0,500,1.0,1,2,0.0,1,2,3.0,4.0,1
0,69.0,10600.0,40,10600.0,10600.0,50,1.0,82,1.0,19.0,22,6.0,1.0,2,5,2.0,1,2.0,3.0,1000,0.0,3.0,3.0,2,27.0,2.0,1,2.0,0,1995.0,47.0,1,38,999,1.0,0.0,0.0,0.0,0.0,5.0,500,3.0,1,2,0.0,1,2,3.0,4.0,1
1,182.0,28500.0,03,28500.0,35200.0,86,1.0,32,1.0,21.0,20,6.0,1.0,2,5,2.0,1,2.0,3.0,1000,0.0,3.0,3.0,0,40.0,2.0,1,2.0,0,1995.0,40.0,1,38,82,7.0,0.0,0.0,0.0,0.0,5.0,200,1.0,2,2,0.0,1,2,3.0,4.0,1
0,187.0,29200.0,03,29200.0,35900.0,86,1.0,88,1.0,19.0,22,6.0,1.0,2,5,2.0,1,2.0,3.0,1000,0.0,3.0,3.0,0,70.0,2.0,1,2.0,0,1995.0,52.0,1,53,999,7.0,0.0,0.0,0.0,0.0,5.0,200,1.0,1,2,0.0,1,2,3.0,2.0,1
0,501.0,102600.0,11,81000.0,81000.0,66,1.0,22,1.0,20.0,20,1.0,1.0,2,1,2.0,1,2.0,3.0,1000,0.0,3.0,3.0,0,45.0,2.0,1,2.0,0,2012.0,52.0,1,56,32,1.0,0.0,0.0,21600.0,0.0,5.0,400,1.0,2,2,0.0,1,2,3.0,2.0,1
0,501.0,39500.0,51,39500.0,39500.0,72,1.0,32,1.0,18.0,21,1.0,1.0,2,1,2.0,1,2.0,3.0,1000,0.0,3.0,3.0,0,40.0,2.0,1,2.0,0,2012.0,52.0,1,38,22,1.0,0.0,0.0,0.0,0.0,5.0,400,1.0,2,2,0.0,1,2,3.0,4.0,1
0,294.0,82000.0,20,82000.0,82000.0,94,1.0,32,1.0,21.0,20,1.0,1.0,2,1,2.0,1,2.0,3.0,1000,0.0,3.0,3.0,0,40.0,2.0,1,2.0,0,2018.0,52.0,1,38,999,3.0,0.0,0.0,0.0,0.0,5.0,500,1.0,1,2,0.0,1,2,3.0,4.0,1
0,294.0,11100.0,60,11100.0,11100.0,01,1.0,82,1.0,14.0,21,1.0,1.0,2,1,2.0,1,2.0,3.0,1000,0.0,3.0,3.0,0,50.0,2.0,1,2.0,0,2018.0,52.0,1,38,32,1.0,0.0,0.0,0.0,0.0,5.0,500,1.0,2,2,0.0,1,2,3.0,4.0,1
0,294.0,15600.0,60,15600.0,15600.0,01,1.0,82,1.0,14.0,27,6.0,1.0,2,5,2.0,1,2.0,3.0,1000,0.0,3.0,3.0,0,20.0,2.0,1,2.0,0,1995.0,52.0,1,38,32,1.0,0.0,0.0,0.0,0.0,5.0,500,1.0,2,2,0.0,1,2,3.0,4.0,1
0,294.0,4000.0,77,4000.0,4000.0,46,1.0,82,1.0,14.0,27,6.0,1.0,2,5,2.0,1,2.0,3.0,1000,0.0,3.0,3.0,0,10.0,2.0,1,2.0,0,1995.0,52.0,1,38,32,1.0,0.0,0.0,0.0,0.0,5.0,500,1.0,2,2,0.0,1,2,3.0,4.0,1
0,0.0,0.0,42,0.0,0.0,69,6.0,32,3.0,21.0,20,6.0,2.0,2,5,2.0,1,2.0,2.0,1000,0.0,2.0,2.0,0,40.0,2.0,1,2.0,0,1995.0,52.0,1,38,999,1.0,0.0,0.0,0.0,0.0,5.0,600,1.0,1,2,0.0,1,2,3.0,4.0,1
0,181.0,28300.0,57,28300.0,28300.0,68,1.0,195,1.0,21.0,20,6.0,1.0,2,5,2.0,1,2.0,1.0,1000,0.0,2.0,2.0,0,40.0,2.0,1,2.0,0,1995.0,52.0,1,316,999,1.0,0.0,0.0,0.0,0.0,3.0,300,2.0,1,2,0.0,3,2,3.0,4.0,1
1,127.0,20000.0,96,20000.0,20000.0,71,1.0,924,1.0,14.0,20,6.0,1.0,2,5,2.0,17,2.0,3.0,9000,0.0,3.0,3.0,0,40.0,2.0,9,2.0,1,1995.0,52.0,1,38,999,1.0,0.0,0.0,0.0,0.0,5.0,600,3.0,1,2,0.0,1,2,3.0,4.0,1
0,215.0,34000.0,82,34000.0,34000.0,39,1.0,32,1.0,16.0,20,6.0,1.0,2,5,2.0,1,2.0,3.0,1000,0.0,3.0,3.0,0,40.0,2.0,1,2.0,0,1995.0,52.0,1,38,82,1.0,0.0,0.0,0.0,0.0,5.0,400,1.0,2,2,0.0,1,2,3.0,4.0,1
0,475.0,75000.0,63,75000.0,75000.0,07,1.0,32,1.0,19.0,22,6.0,1.0,2,5,2.0,1,2.0,3.0,1000,0.0,3.0,3.0,0,50.0,2.0,1,2.0,0,1995.0,52.0,1,38,82,1.0,0.0,0.0,0.0,0.0,5.0,400,1.0,2,2,0.0,1,2,3.0,4.0,1
0,401.0,70000.0,20,70000.0,70000.0,91,1.0,82,1.0,22.0,20,1.0,1.0,2,1,2.0,1,2.0,2.0,1000,0.0,2.0,2.0,0,50.0,2.0,1,2.0,0,2014.0,52.0,1,38,999,2.0,0.0,0.0,0.0,0.0,5.0,500,1.0,1,2,0.0,1,2,2.0,4.0,1
0,401.0,52000.0,20,52000.0,52000.0,91,1.0,22,1.0,22.0,21,1.0,1.0,2,1,2.0,1,2.0,2.0,1000,0.0,2.0,2.0,0,50.0,2.0,1,2.0,0,2014.0,52.0,1,38,999,2.0,0.0,0.0,0.0,0.0,5.0,500,1.0,1,2,0.0,1,2,3.0,4.0,1
0,358.0,40000.0,23,40000.0,40000.0,78,1.0,999,1.0,21.0,20,1.0,1.0,2,1,2.0,1,2.0,3.0,1000,0.0,3.0,3.0,0,40.0,2.0,1,2.0,0,2012.0,40.0,1,31,999,3.0,0.0,0.0,0.0,0.0,5.0,600,1.0,4,2,0.0,1,2,3.0,4.0,1
0,358.0,90000.0,02,90000.0,90000.0,07,1.0,50,1.0,20.0,21,1.0,1.0,2,1,2.0,22,2.0,3.0,9000,0.0,3.0,3.0,0,40.0,2.0,9,2.0,0,2012.0,52.0,1,27,750,1.0,0.0,0.0,0.0,0.0,5.0,600,1.0,2,2,0.0,1,2,3.0,4.0,1
0,501.0,94000.0,02,94000.0,94000.0,84,1.0,32,1.0,21.0,20,1.0,1.0,2,1,2.0,1,2.0,3.0,1000,0.0,3.0,3.0,0,40.0,2.0,1,2.0,0,1997.0,52.0,1,38,999,2.0,0.0,0.0,0.0,0.0,5.0,600,1.0,1,2,0.0,1,2,3.0,4.0,1
0,501.0,97000.0,47,97000.0,97000.0,69,1.0,82,1.0,21.0,21,1.0,1.0,2,1,2.0,1,2.0,3.0,1000,0.0,3.0,3.0,0,40.0,2.0,1,2.0,0,1997.0,52.0,1,38,999,1.0,0.0,0.0,0.0,0.0,5.0,600,1.0,1,2,0.0,1,2,3.0,4.0,1
0,501.0,100500.0,02,100000.0,0.0,01,1.0,999,1.0,21.0,20,1.0,1.0,2,1,2.0,1,2.0,2.0,1000,0.0,2.0,2.0,0,48.0,2.0,1,2.0,0,2011.0,52.0,1,38,999,6.0,0.0,0.0,0.0,0.0,5.0,400,1.0,4,2,500.0,1,2,2.0,4.0,1
0,501.0,28000.0,40,28000.0,0.0,86,6.0,999,1.0,20.0,21,1.0,2.0,2,1,2.0,1,2.0,2.0,1000,0.0,2.0,2.0,2,70.0,2.0,1,2.0,0,2011.0,3.0,1,30,999,6.0,0.0,0.0,0.0,0.0,5.0,400,1.0,4,2,0.0,1,2,3.0,4.0,1
0,107.0,200.0,42,200.0,200.0,83,6.0,917,1.0,11.0,21,1.0,2.0,1,1,1.0,3,2.0,2.0,5013,0.0,2.0,2.0,0,12.0,2.0,3,2.0,1,2002.0,4.0,0,38,999,2.0,0.0,0.0,0.0,0.0,5.0,400,1.0,1,2,0.0,1,2,3.0,4.0,1
1,107.0,6600.0,42,0.0,0.0,69,6.0,917,3.0,16.0,26,6.0,2.0,1,5,1.0,3,2.0,2.0,5013,0.0,2.0,2.0,0,40.0,2.0,3,2.0,1,1995.0,52.0,0,38,999,1.0,6600.0,0.0,0.0,0.0,5.0,400,1.0,1,2,0.0,1,2,3.0,4.0,1
0,501.0,81000.0,20,33000.0,33000.0,78,1.0,82,1.0,22.0,20,4.0,1.0,2,3,2.0,1,2.0,2.0,1000,0.0,2.0,2.0,1,18.0,2.0,1,2.0,0,1998.0,52.0,1,38,999,4.0,0.0,48000.0,0.0,0.0,5.0,200,1.0,1,2,0.0,1,2,3.0,4.0,1
0,329.0,51000.0,60,51000.0,51000.0,01,1.0,22,1.0,19.0,20,4.0,1.0,2,3,2.0,1,2.0,3.0,1000,0.0,3.0,3.0,0,50.0,2.0,1,2.0,0,1998.0,52.0,1,1,999,1.0,0.0,0.0,0.0,0.0,5.0,400,1.0,1,2,0.0,1,2,3.0,4.0,1
1,96.0,20000.0,51,20000.0,20000.0,68,1.0,935,1.0,19.0,20,6.0,1.0,2,5,2.0,17,2.0,3.0,9000,0.0,3.0,3.0,0,40.0,2.0,9,2.0,1,1995.0,52.0,1,38,999,5.0,0.0,0.0,0.0,0.0,5.0,500,3.0,1,2,0.0,1,2,3.0,4.0,1
0,159.0,15600.0,55,15600.0,15600.0,63,1.0,32,1.0,17.0,20,1.0,1.0,2,1,2.0,1,2.0,3.0,1000,0.0,3.0,3.0,0,34.0,2.0,1,2.0,0,2007.0,52.0,1,38,999,5.0,0.0,0.0,0.0,0.0,5.0,200,1.0,1,2,0.0,1,2,3.0,4.0,1
0,159.0,16000.0,96,16000.0,16000.0,04,1.0,82,1.0,16.0,21,1.0,1.0,2,1,2.0,1,2.0,2.0,1000,0.0,2.0,2.0,0,30.0,2.0,1,2.0,0,2007.0,52.0,1,38,999,1.0,0.0,0.0,0.0,0.0,5.0,200,1.0,1,2,0.0,1,2,3.0,4.0,1
0,313.0,84000.0,03,84000.0,84000.0,81,1.0,999,1.0,22.0,20,1.0,1.0,2,1,2.0,1,2.0,3.0,1000,0.0,3.0,3.0,0,40.0,2.0,1,2.0,0,2006.0,52.0,1,38,999,2.0,0.0,0.0,0.0,0.0,5.0,500,1.0,4,2,0.0,1,2,3.0,4.0,1
0,313.0,26000.0,22,26000.0,26000.0,78,1.0,111,1.0,21.0,21,1.0,1.0,2,1,2.0,1,2.0,3.0,1000,0.0,3.0,3.0,0,40.0,2.0,1,2.0,0,2006.0,52.0,1,38,999,4.0,0.0,0.0,0.0,0.0,5.0,500,1.0,1,2,0.0,1,2,3.0,4.0,1
0,479.0,70000.0,01,70000.0,70000.0,69,1.0,22,1.0,21.0,20,1.0,1.0,2,1,2.0,1,2.0,3.0,1000,0.0,3.0,3.0,0,45.0,2.0,1,2.0,0,2015.0,52.0,1,38,32,1.0,0.0,0.0,0.0,0.0,5.0,300,1.0,2,2,0.0,1,2,3.0,4.0,1
0,479.0,45000.0,59,45000.0,45000.0,68,1.0,82,1.0,20.0,21,1.0,1.0,2,1,2.0,1,2.0,3.0,1000,0.0,3.0,3.0,0,40.0,2.0,1,2.0,0,2015.0,52.0,1,38,32,1.0,0.0,0.0,0.0,0.0,5.0,300,1.0,2,2,0.0,1,2,3.0,4.0,1
0,501.0,160000.0,00,120000.0,80000.0,87,1.0,32,1.0,20.0,20,1.0,1.0,2,1,2.0,1,2.0,3.0,1000,0.0,3.0,3.0,0,40.0,2.0,1,2.0,0,1983.0,52.0,1,27,999,7.0,0.0,0.0,0.0,0.0,5.0,600,1.0,1,2,40000.0,1,2,3.0,4.0,1
0,501.0,170000.0,04,130000.0,90000.0,87,1.0,32,1.0,20.0,21,1.0,1.0,2,1,2.0,1,2.0,3.0,1000,0.0,3.0,3.0,0,40.0,2.0,1,2.0,0,1983.0,52.0,1,27,999,7.0,0.0,0.0,0.0,0.0,5.0,600,1.0,1,2,40000.0,1,2,3.0,4.0,1
0,482.0,84000.0,13,84000.0,84000.0,07,1.0,32,1.0,21.0,20,1.0,1.0,2,1,2.0,1,2.0,3.0,1000,0.0,3.0,3.0,0,40.0,2.0,1,2.0,0,2017.0,52.0,1,38,999,4.0,0.0,0.0,0.0,0.0,5.0,300,1.0,1,2,0.0,1,2,3.0,4.0,1
0,482.0,64000.0,32,64000.0,64000.0,81,1.0,82,1.0,21.0,21,1.0,1.0,2,1,2.0,1,2.0,3.0,1000,0.0,3.0,3.0,0,36.0,2.0,1,2.0,0,2017.0,52.0,1,38,999,2.0,0.0,0.0,0.0,0.0,5.0,300,1.0,1,2,0.0,1,2,3.0,4.0,1
0,501.0,53030.0,03,53000.0,53000.0,86,1.0,32,1.0,16.0,20,1.0,1.0,2,1,2.0,1,2.0,3.0,1000,0.0,3.0,3.0,0,50.0,2.0,1,2.0,0,2018.0,52.0,1,38,999,1.0,0.0,0.0,0.0,0.0,5.0,200,1.0,1,2,30.0,1,2,3.0,4.0,1
0,501.0,60030.0,03,60000.0,60000.0,86,1.0,720,1.0,21.0,21,1.0,1.0,2,1,2.0,6,2.0,3.0,4008,0.0,3.0,3.0,0,46.0,2.0,6,2.0,0,2018.0,52.0,0,233,999,1.0,0.0,0.0,0.0,0.0,5.0,200,1.0,1,2,30.0,4,2,3.0,4.0,1
0,501.0,38100.0,08,38100.0,38100.0,93,1.0,32,1.0,16.0,20,1.0,1.0,2,1,2.0,1,2.0,3.0,1000,0.0,3.0,3.0,0,40.0,2.0,1,2.0,0,1990.0,52.0,1,38,999,3.0,0.0,0.0,0.0,0.0,5.0,100,1.0,1,2,0.0,1,2,3.0,4.0,1
0,302.0,19900.0,51,0.0,0.0,68,6.0,32,2.0,16.0,20,3.0,2.0,1,2,2.0,1,2.0,2.0,1000,16300.0,2.0,2.0,0,40.0,1.0,1,2.0,0,1978.0,52.0,1,38,999,5.0,0.0,3600.0,0.0,0.0,5.0,300,1.0,1,2,0.0,1,1,3.0,4.0,1
0,302.0,40000.0,96,40000.0,40000.0,63,1.0,32,1.0,16.0,25,4.0,1.0,2,3,2.0,1,2.0,3.0,1000,0.0,3.0,3.0,0,45.0,2.0,1,2.0,0,2002.0,52.0,1,38,999,1.0,0.0,0.0,0.0,0.0,5.0,300,1.0,1,2,0.0,1,2,3.0,4.0,1
0,162.0,23600.0,40,23600.0,23600.0,82,1.0,82,1.0,16.0,20,1.0,1.0,2,1,2.0,1,2.0,2.0,1000,0.0,2.0,2.0,0,40.0,2.0,1,2.0,0,2007.0,52.0,1,38,50,2.0,0.0,0.0,0.0,0.0,5.0,500,1.0,2,2,0.0,1,2,3.0,4.0,1
0,162.0,9000.0,05,0.0,0.0,44,6.0,82,2.0,16.0,21,1.0,2.0,2,1,2.0,1,2.0,2.0,1000,0.0,2.0,2.0,0,40.0,2.0,1,2.0,0,2007.0,52.0,1,38,999,2.0,0.0,9000.0,0.0,0.0,5.0,500,1.0,1,2,0.0,1,2,3.0,4.0,1
1,182.0,55000.0,77,53000.0,53000.0,15,6.0,32,1.0,17.0,20,1.0,2.0,2,1,2.0,17,2.0,2.0,9000,0.0,2.0,2.0,0,40.0,2.0,9,2.0,1,2019.0,52.0,1,38,94,1.0,0.0,0.0,0.0,2000.0,5.0,400,1.0,2,2,0.0,1,2,3.0,4.0,1
1,182.0,0.0,39,0.0,0.0,86,6.0,917,2.0,20.0,21,1.0,2.0,2,1,2.0,3,2.0,1.0,5013,0.0,2.0,2.0,0,40.0,2.0,3,2.0,1,2019.0,52.0,0,38,999,1.0,0.0,0.0,0.0,0.0,3.0,400,1.0,1,2,0.0,1,2,3.0,4.0,1
0,501.0,100100.0,02,50000.0,0.0,01,6.0,999,1.0,18.0,25,2.0,1.0,1,1,2.0,1,1.0,3.0,1000,0.0,3.0,3.0,0,20.0,1.0,1,1.0,0,1986.0,12.0,1,38,999,6.0,0.0,50000.0,0.0,0.0,5.0,200,1.0,4,2,100.0,1,2,3.0,4.0,1
0,501.0,62000.0,42,62000.0,0.0,76,1.0,32,1.0,21.0,20,1.0,1.0,2,1,2.0,1,2.0,3.0,1000,0.0,3.0,3.0,0,40.0,2.0,1,2.0,0,2017.0,50.0,1,27,50,6.0,0.0,0.0,0.0,0.0,5.0,600,1.0,2,2,0.0,1,2,3.0,4.0,1
0,501.0,49000.0,20,47000.0,47000.0,80,1.0,50,1.0,21.0,21,1.0,1.0,2,1,2.0,1,2.0,3.0,1000,0.0,3.0,3.0,0,35.0,2.0,1,2.0,0,2017.0,52.0,1,27,82,2.0,0.0,0.0,2000.0,0.0,5.0,600,1.0,2,2,0.0,1,2,3.0,2.0,1
0,113.0,40000.0,02,40000.0,0.0,01,1.0,999,1.0,19.0,20,1.0,1.0,2,1,2.0,1,2.0,3.0,1000,0.0,3.0,3.0,1,50.0,2.0,1,2.0,0,2021.0,52.0,1,38,999,6.0,0.0,0.0,0.0,0.0,5.0,100,1.0,4,2,0.0,1,2,3.0,4.0,1
0,113.0,0.0,02,0.0,0.0,01,6.0,999,2.0,23.0,21,1.0,2.0,2,1,2.0,1,2.0,2.0,1000,0.0,2.0,2.0,1,40.0,2.0,1,2.0,0,2021.0,52.0,1,38,999,6.0,0.0,0.0,0.0,0.0,5.0,100,1.0,4,2,0.0,1,2,3.0,4.0,1
0,501.0,180000.0,04,180000.0,180000.0,73,1.0,999,1.0,22.0,20,1.0,1.0,2,1,2.0,1,2.0,3.0,1000,0.0,3.0,3.0,0,50.0,2.0,1,2.0,0,2002.0,52.0,1,38,999,2.0,0.0,0.0,0.0,0.0,5.0,300,1.0,4,2,0.0,1,2,3.0,4.0,1
0,501.0,65000.0,32,65000.0,65000.0,82,1.0,999,1.0,22.0,21,1.0,1.0,2,1,2.0,1,2.0,3.0,1000,0.0,3.0,3.0,0,45.0,2.0,1,2.0,0,2002.0,52.0,1,38,999,3.0,0.0,0.0,0.0,0.0,5.0,300,1.0,4,2,0.0,1,2,3.0,4.0,1
0,444.0,70000.0,56,70000.0,70000.0,39,1.0,999,1.0,16.0,20,6.0,1.0,2,5,2.0,1,2.0,3.0,1000,0.0,3.0,3.0,0,57.0,2.0,1,2.0,0,1995.0,52.0,1,42,999,1.0,0.0,0.0,0.0,0.0,5.0,100,1.0,4,2,0.0,1,2,3.0,4.0,1
0,241.0,38000.0,54,38000.0,38000.0,79,1.0,999,1.0,20.0,22,6.0,1.0,2,5,2.0,1,2.0,3.0,1000,0.0,3.0,3.0,0,40.0,2.0,1,2.0,0,1995.0,52.0,1,16,999,1.0,0.0,0.0,0.0,0.0,5.0,100,1.0,4,2,0.0,1,2,3.0,4.0,1
0,321.0,73000.0,57,73000.0,73000.0,77,1.0,82,1.0,21.0,20,1.0,1.0,2,1,2.0,1,2.0,3.0,1000,0.0,3.0,3.0,0,40.0,2.0,1,2.0,0,2014.0,52.0,1,38,999,1.0,0.0,0.0,0.0,0.0,5.0,600,1.0,1,2,0.0,1,2,3.0,4.0,1
0,321.0,65000.0,47,65000.0,65000.0,48,1.0,98,1.0,19.0,21,1.0,1.0,2,1,2.0,1,2.0,3.0,1000,0.0,3.0,3.0,0,40.0,2.0,1,2.0,0,2014.0,52.0,1,38,26,1.0,0.0,0.0,0.0,0.0,5.0,600,1.0,2,2,0.0,1,2,3.0,4.0,1
0,501.0,79000.0,00,79000.0,75000.0,74,1.0,22,1.0,21.0,20,1.0,1.0,2,1,2.0,1,2.0,3.0,1000,0.0,3.0,3.0,0,45.0,2.0,1,2.0,0,2019.0,52.0,1,21,999,1.0,0.0,0.0,0.0,0.0,5.0,500,1.0,1,2,0.0,1,2,3.0,4.0,1
0,501.0,85000.0,00,85000.0,85000.0,86,1.0,97,1.0,21.0,21,1.0,1.0,2,1,2.0,1,2.0,3.0,1000,0.0,3.0,3.0,0,50.0,2.0,1,2.0,0,2019.0,52.0,1,37,22,1.0,0.0,0.0,0.0,0.0,5.0,500,1.0,2,2,0.0,1,2,3.0,4.0,1
1,86.0,13300.0,42,0.0,0.0,69,6.0,32,3.0,19.0,22,4.0,2.0,1,3,1.0,1,2.0,2.0,1000,0.0,2.0,2.0,0,40.0,1.0,1,2.0,0,1993.0,52.0,1,46,999,1.0,11600.0,0.0,0.0,1700.0,5.0,400,1.0,1,2,0.0,1,1,3.0,4.0,1
0,474.0,73900.0,91,75000.0,75000.0,56,1.0,32,1.0,20.0,20,6.0,1.0,2,5,2.0,17,2.0,3.0,9000,0.0,3.0,3.0,0,40.0,2.0,9,2.0,1,1995.0,52.0,1,38,82,1.0,0.0,0.0,0.0,0.0,5.0,400,1.0,2,2,-1100.0,1,2,3.0,4.0,1
0,274.0,57300.0,60,55000.0,55000.0,01,1.0,82,1.0,19.0,20,6.0,1.0,2,5,2.0,1,2.0,3.0,1000,0.0,3.0,3.0,0,40.0,2.0,1,2.0,0,1995.0,52.0,1,38,50,1.0,0.0,0.0,2300.0,0.0,5.0,500,1.0,2,2,0.0,1,2,3.0,4.0,1
0,331.0,60000.0,77,60000.0,60000.0,32,1.0,939,1.0,18.0,20,6.0,1.0,2,5,2.0,1,2.0,3.0,1000,0.0,3.0,3.0,0,40.0,2.0,1,2.0,0,1995.0,52.0,1,20,999,1.0,0.0,0.0,0.0,0.0,5.0,400,1.0,1,2,0.0,1,2,3.0,4.0,1
0,331.0,7500.0,96,7500.0,7500.0,49,1.0,939,1.0,20.0,28,6.0,1.0,1,5,1.0,1,2.0,3.0,1000,0.0,3.0,3.0,0,40.0,2.0,1,2.0,0,1995.0,17.0,1,20,999,1.0,0.0,0.0,0.0,0.0,5.0,400,3.0,1,2,0.0,1,2,3.0,4.0,1
0,380.0,59000.0,65,54000.0,54000.0,25,1.0,32,1.0,16.0,20,6.0,1.0,2,5,2.0,1,2.0,3.0,1000,0.0,3.0,3.0,0,45.0,2.0,1,2.0,0,1995.0,40.0,1,38,999,1.0,0.0,0.0,5000.0,0.0,5.0,300,1.0,1,2,0.0,1,2,3.0,4.0,1
0,269.0,40500.0,47,40500.0,40500.0,50,1.0,22,1.0,18.0,20,1.0,1.0,2,1,2.0,1,2.0,3.0,1000,0.0,3.0,3.0,0,40.0,2.0,1,2.0,0,1983.0,52.0,1,38,50,1.0,0.0,0.0,0.0,0.0,5.0,300,1.0,2,2,0.0,1,2,3.0,4.0,1
0,269.0,13600.0,91,13600.0,13600.0,78,1.0,82,1.0,16.0,21,1.0,1.0,2,1,2.0,1,2.0,2.0,1000,0.0,2.0,2.0,0,20.0,2.0,1,2.0,0,1983.0,16.0,1,38,89,3.0,0.0,0.0,0.0,0.0,5.0,300,1.0,2,2,0.0,1,2,3.0,2.0,1
0,501.0,80000.0,00,80000.0,80000.0,68,1.0,82,1.0,23.0,20,1.0,1.0,2,1,2.0,1,2.0,3.0,1000,0.0,3.0,3.0,0,40.0,2.0,1,2.0,0,2022.0,52.0,1,38,89,1.0,0.0,0.0,0.0,0.0,5.0,500,1.0,2,2,0.0,1,2,3.0,4.0,1
0,501.0,80000.0,03,80000.0,80000.0,81,1.0,999,1.0,15.0,21,1.0,1.0,2,1,2.0,1,2.0,3.0,1000,0.0,3.0,3.0,0,60.0,2.0,1,2.0,0,2022.0,52.0,1,38,999,2.0,0.0,0.0,0.0,0.0,5.0,500,1.0,4,2,0.0,1,2,3.0,4.0,1
0,501.0,100000.0,87,100000.0,100000.0,39,1.0,32,1.0,21.0,20,1.0,1.0,2,1,2.0,1,2.0,3.0,1000,0.0,3.0,3.0,0,40.0,2.0,1,2.0,0,1990.0,52.0,1,38,50,7.0,0.0,0.0,0.0,0.0,5.0,600,1.0,2,2,0.0,1,2,3.0,4.0,1
0,501.0,55000.0,23,55000.0,55000.0,78,1.0,24,1.0,21.0,21,1.0,1.0,2,1,2.0,1,2.0,3.0,1000,0.0,3.0,3.0,0,40.0,2.0,1,2.0,0,1990.0,52.0,1,38,999,3.0,0.0,0.0,0.0,0.0,5.0,600,1.0,1,2,0.0,1,2,3.0,4.0,1
0,433.0,52000.0,07,52000.0,52000.0,78,1.0,999,1.0,21.0,20,1.0,1.0,2,1,2.0,1,2.0,3.0,1000,0.0,3.0,3.0,0,32.0,2.0,1,2.0,0,2012.0,40.0,1,27,999,4.0,0.0,0.0,0.0,0.0,5.0,600,1.0,4,2,0.0,1,2,3.0,4.0,1
0,433.0,100000.0,05,100000.0,100000.0,52,1.0,22,1.0,21.0,21,1.0,1.0,2,1,2.0,1,2.0,3.0,1000,0.0,3.0,3.0,0,40.0,2.0,1,2.0,0,2012.0,52.0,1,301,999,1.0,0.0,0.0,0.0,0.0,5.0,600,1.0,1,2,0.0,7,2,3.0,4.0,1
0,501.0,43900.0,42,43900.0,43900.0,81,1.0,32,1.0,18.0,20,1.0,1.0,2,1,2.0,1,2.0,3.0,1000,0.0,3.0,3.0,0,40.0,2.0,1,2.0,0,1997.0,52.0,1,27,82,2.0,0.0,0.0,0.0,0.0,5.0,500,1.0,2,2,0.0,1,2,3.0,4.0,1
0,501.0,76000.0,02,76000.0,76000.0,78,1.0,32,1.0,22.0,21,1.0,1.0,2,1,2.0,1,2.0,3.0,1000,0.0,3.0,3.0,0,40.0,2.0,1,2.0,0,1997.0,52.0,1,38,82,4.0,0.0,0.0,0.0,0.0,5.0,500,1.0,2,2,0.0,1,2,3.0,4.0,1
0,501.0,5500.0,47,5500.0,5500.0,51,1.0,32,1.0,14.0,25,6.0,1.0,2,5,2.0,1,2.0,3.0,1000,0.0,3.0,3.0,0,6.0,2.0,1,2.0,0,1995.0,40.0,1,38,26,1.0,0.0,0.0,0.0,0.0,5.0,500,3.0,2,2,0.0,1,2,3.0,4.0,1
0,501.0,32900.0,73,3500.0,3500.0,61,1.0,82,1.0,19.0,20,1.0,1.0,2,1,2.0,1,2.0,3.0,1000,0.0,3.0,3.0,2,8.0,2.0,1,2.0,0,1983.0,20.0,1,38,999,1.0,29400.0,0.0,0.0,0.0,5.0,200,1.0,1,2,0.0,1,2,3.0,4.0,1
0,501.0,88200.0,20,87000.0,87000.0,78,1.0,82,1.0,22.0,21,1.0,1.0,2,1,2.0,1,2.0,3.0,1000,0.0,3.0,3.0,0,38.0,2.0,1,2.0,0,1983.0,36.0,1,38,999,1.0,0.0,0.0,0.0,0.0,5.0,200,1.0,1,2,1200.0,1,2,3.0,4.0,1
0,501.0,50000.0,07,50000.0,0.0,73,1.0,82,1.0,22.0,25,1.0,1.0,2,1,2.0,1,2.0,3.0,1000,0.0,3.0,3.0,0,40.0,2.0,1,2.0,0,2013.0,52.0,1,38,999,6.0,0.0,0.0,0.0,0.0,5.0,200,3.0,1,2,0.0,1,2,3.0,4.0,1
0,501.0,97000.0,05,97000.0,97000.0,44,1.0,82,1.0,21.0,32,1.0,1.0,2,1,2.0,1,2.0,3.0,1000,0.0,3.0,3.0,0,40.0,2.0,1,2.0,0,2013.0,52.0,1,38,999,1.0,0.0,0.0,0.0,0.0,5.0,200,3.0,1,2,0.0,1,2,3.0,4.0,1
0,46.0,7300.0,40,7300.0,7300.0,86,3.0,32,1.0,20.0,20,6.0,2.0,2,5,2.0,1,2.0,1.0,1000,0.0,2.0,2.0,0,30.0,2.0,1,2.0,0,1995.0,39.0,1,38,999,1.0,0.0,0.0,0.0,0.0,1.0,600,3.0,1,2,0.0,1,2,3.0,4.0,1
0,69.0,11000.0,96,11000.0,11000.0,53,6.0,999,1.0,21.0,34,6.0,1.0,2,5,2.0,1,2.0,3.0,1000,0.0,3.0,3.0,0,28.0,2.0,1,2.0,0,1995.0,38.0,1,38,999,1.0,0.0,0.0,0.0,0.0,5.0,600,1.0,4,2,0.0,1,2,3.0,4.0,1
0,154.0,24400.0,47,24400.0,24400.0,51,3.0,999,1.0,19.0,34,6.0,1.0,2,5,2.0,1,2.0,3.0,1000,0.0,3.0,3.0,0,36.0,2.0,1,2.0,0,1995.0,43.0,1,27,999,1.0,0.0,0.0,0.0,0.0,5.0,600,3.0,4,2,0.0,1,2,3.0,4.0,1
0,501.0,0.0,51,0.0,0.0,68,6.0,82,2.0,16.0,21,1.0,2.0,2,1,2.0,1,2.0,2.0,1000,0.0,2.0,2.0,2,40.0,2.0,1,2.0,0,2014.0,52.0,1,38,32,1.0,0.0,0.0,0.0,0.0,1.0,300,1.0,2,2,0.0,1,2,3.0,4.0,1
0,77.0,12000.0,96,12000.0,12000.0,48,1.0,51,1.0,19.0,20,6.0,1.0,2,5,2.0,1,2.0,3.0,1000,0.0,3.0,3.0,2,15.0,2.0,1,2.0,0,1995.0,52.0,1,27,50,1.0,0.0,0.0,0.0,0.0,5.0,600,3.0,2,2,0.0,1,2,3.0,4.0,1
0,90.0,14000.0,01,14000.0,14000.0,68,1.0,50,1.0,20.0,24,6.0,1.0,1,5,1.0,1,1.0,3.0,1000,0.0,3.0,3.0,0,30.0,2.0,1,2.0,0,1995.0,52.0,1,27,82,1.0,0.0,0.0,0.0,0.0,5.0,600,3.0,2,2,0.0,1,2,3.0,4.0,1
0,187.0,29000.0,88,29000.0,29000.0,21,1.0,50,1.0,16.0,34,6.0,1.0,2,5,2.0,1,2.0,3.0,1000,0.0,3.0,3.0,0,40.0,2.0,1,2.0,0,1995.0,52.0,1,38,82,1.0,0.0,0.0,0.0,0.0,5.0,600,3.0,2,2,0.0,1,2,3.0,4.0,1
0,449.0,81200.0,90,80000.0,80000.0,95,1.0,999,1.0,18.0,20,1.0,1.0,2,1,2.0,1,2.0,3.0,1000,0.0,3.0,3.0,0,40.0,2.0,1,2.0,0,1989.0,52.0,1,6,999,5.0,0.0,0.0,1200.0,0.0,5.0,500,1.0,4,2,0.0,1,2,3.0,2.0,1
0,449.0,9000.0,42,0.0,0.0,69,6.0,999,3.0,16.0,21,1.0,2.0,2,1,2.0,1,2.0,2.0,1000,0.0,2.0,2.0,0,40.0,2.0,1,2.0,0,1989.0,52.0,1,39,999,1.0,9000.0,0.0,0.0,0.0,5.0,500,1.0,4,2,0.0,1,2,3.0,2.0,1
0,501.0,19000.0,52,19000.0,0.0,69,1.0,22,1.0,20.0,20,1.0,1.0,2,1,2.0,1,2.0,3.0,1000,0.0,3.0,3.0,2,30.0,2.0,1,2.0,0,1980.0,52.0,1,27,89,6.0,0.0,0.0,0.0,0.0,5.0,400,1.0,2,2,0.0,1,2,3.0,4.0,1
1,0.0,0.0,42,0.0,0.0,69,6.0,32,3.0,20.0,20,6.0,2.0,2,5,2.0,1,2.0,2.0,1000,0.0,2.0,2.0,0,40.0,2.0,1,2.0,0,1995.0,52.0,1,8,125,1.0,0.0,0.0,0.0,0.0,5.0,500,1.0,2,2,0.0,1,2,3.0,4.0,1
0,84.0,13000.0,25,13000.0,13000.0,78,1.0,720,1.0,19.0,34,6.0,1.0,2,5,2.0,20,2.0,3.0,9000,0.0,3.0,3.0,0,12.0,2.0,9,2.0,0,1995.0,52.0,1,5,999,2.0,0.0,0.0,0.0,0.0,5.0,500,1.0,1,2,0.0,1,2,3.0,2.0,1
0,426.0,67200.0,77,67000.0,67000.0,35,1.0,210,1.0,16.0,20,3.0,1.0,1,2,1.0,15,1.0,3.0,8000,0.0,3.0,3.0,0,40.0,2.0,8,2.0,0,2017.0,52.0,0,6,999,1.0,0.0,300.0,0.0,1000.0,5.0,200,1.0,1,2,-1100.0,1,2,3.0,4.0,2
0,501.0,85000.0,04,85000.0,85000.0,35,2.0,939,1.0,22.0,20,5.0,1.0,2,4,2.0,17,2.0,3.0,9000,0.0,2.0,1.0,0,48.0,2.0,9,2.0,1,1980.0,52.0,1,53,999,1.0,0.0,0.0,0.0,0.0,5.0,500,3.0,1,2,0.0,1,2,3.0,4.0,1
0,501.0,42000.0,36,42000.0,42000.0,82,1.0,920,1.0,16.0,30,6.0,1.0,2,5,2.0,79,2.0,3.0,9000,0.0,3.0,3.0,0,40.0,2.0,9,2.0,1,1995.0,52.0,1,6,740,1.0,0.0,0.0,0.0,0.0,5.0,500,3.0,2,2,0.0,1,2,3.0,4.0,1
0,411.0,82000.0,00,82000.0,82000.0,93,1.0,939,1.0,18.0,20,4.0,1.0,2,3,2.0,1,2.0,3.0,1000,0.0,3.0,3.0,0,40.0,2.0,1,2.0,0,2000.0,52.0,1,38,999,3.0,0.0,0.0,0.0,0.0,5.0,300,3.0,1,2,0.0,1,2,3.0,2.0,1
0,205.0,0.0,42,0.0,0.0,69,6.0,996,3.0,21.0,20,1.0,2.0,2,1,2.0,1,2.0,2.0,1000,0.0,2.0,2.0,0,40.0,2.0,1,2.0,0,2010.0,52.0,1,20,999,1.0,0.0,0.0,0.0,0.0,5.0,200,1.0,3,2,0.0,1,2,3.0,4.0,1
0,205.0,62000.0,94,62000.0,62000.0,96,4.0,996,1.0,21.0,21,1.0,1.0,2,1,2.0,1,2.0,3.0,1000,0.0,3.0,3.0,0,50.0,2.0,1,2.0,0,2010.0,52.0,1,8,999,5.0,0.0,0.0,0.0,0.0,5.0,200,1.0,3,2,0.0,1,2,3.0,1.0,1
1,124.0,19440.0,42,0.0,0.0,69,6.0,32,3.0,21.0,20,4.0,2.0,1,3,2.0,1,2.0,2.0,1000,18900.0,2.0,2.0,0,40.0,1.0,1,2.0,0,1997.0,52.0,1,45,87,1.0,0.0,0.0,0.0,540.0,5.0,100,1.0,2,1,0.0,1,1,3.0,2.0,1
1,58.0,9100.0,42,0.0,0.0,69,6.0,32,3.0,14.0,34,4.0,2.0,2,3,2.0,1,2.0,2.0,1000,0.0,2.0,2.0,0,40.0,2.0,1,2.0,0,1989.0,52.0,1,42,999,1.0,0.0,0.0,0.0,9100.0,5.0,100,1.0,1,2,0.0,1,2,3.0,4.0,1
0,327.0,50000.0,02,50000.0,0.0,01,1.0,32,1.0,16.0,20,6.0,1.0,2,5,2.0,1,2.0,3.0,1000,0.0,3.0,3.0,2,55.0,2.0,1,2.0,0,1995.0,52.0,1,38,999,6.0,0.0,0.0,0.0,0.0,5.0,400,1.0,1,2,0.0,1,2,3.0,4.0,1
0,385.0,69000.0,23,69000.0,69000.0,78,1.0,924,1.0,22.0,20,1.0,1.0,2,1,2.0,1,2.0,3.0,1000,0.0,3.0,3.0,2,40.0,2.0,1,2.0,0,2010.0,52.0,1,38,111,3.0,0.0,0.0,0.0,0.0,5.0,500,1.0,2,2,0.0,1,2,3.0,4.0,1
0,385.0,70000.0,72,70000.0,70000.0,87,1.0,924,1.0,20.0,21,1.0,1.0,2,1,2.0,1,2.0,3.0,1000,0.0,3.0,3.0,2,40.0,2.0,1,2.0,0,2010.0,52.0,1,38,32,1.0,0.0,0.0,0.0,0.0,5.0,500,1.0,2,2,0.0,1,2,3.0,4.0,1
0,490.0,120000.0,07,120000.0,120000.0,38,1.0,999,1.0,16.0,20,1.0,1.0,2,1,2.0,1,2.0,3.0,1000,0.0,3.0,3.0,0,53.0,2.0,1,2.0,0,2013.0,52.0,1,36,999,1.0,0.0,0.0,0.0,0.0,5.0,500,3.0,4,2,0.0,1,2,3.0,4.0,1
0,490.0,28000.0,32,28000.0,28000.0,81,1.0,999,1.0,20.0,21,1.0,1.0,2,1,2.0,1,2.0,3.0,1000,0.0,3.0,3.0,0,32.0,2.0,1,2.0,0,2013.0,52.0,1,38,999,2.0,0.0,0.0,0.0,0.0,5.0,500,3.0,4,2,0.0,1,2,3.0,4.0,1
0,163.0,50000.0,91,50000.0,50000.0,61,1.0,939,1.0,18.0,20,1.0,1.0,2,1,2.0,1,2.0,3.0,1000,0.0,3.0,3.0,0,40.0,2.0,1,2.0,0,2014.0,52.0,1,38,999,1.0,0.0,0.0,0.0,0.0,5.0,200,1.0,1,2,0.0,1,2,3.0,4.0,1
0,163.0,0.0,51,0.0,0.0,68,6.0,939,2.0,16.0,21,1.0,2.0,1,1,1.0,1,2.0,2.0,1000,0.0,2.0,2.0,0,40.0,2.0,1,2.0,0,2014.0,52.0,1,32,999,1.0,0.0,0.0,0.0,0.0,5.0,200,1.0,1,2,0.0,1,2,3.0,4.0,1
0,302.0,60000.0,72,60000.0,60000.0,42,1.0,82,1.0,17.0,20,1.0,1.0,2,1,2.0,1,2.0,3.0,1000,0.0,3.0,3.0,0,45.0,2.0,1,2.0,0,1986.0,52.0,1,38,999,1.0,0.0,0.0,0.0,0.0,5.0,400,1.0,1,2,0.0,1,2,3.0,4.0,1
0,302.0,1300.0,96,1300.0,0.0,07,1.0,82,1.0,16.0,21,1.0,1.0,2,1,2.0,1,2.0,3.0,1000,0.0,3.0,3.0,0,6.0,2.0,1,2.0,0,1986.0,48.0,1,38,999,6.0,0.0,0.0,0.0,0.0,5.0,400,1.0,1,2,0.0,1,2,3.0,4.0,1
0,501.0,59200.0,23,55000.0,55000.0,78,1.0,32,1.0,21.0,21,1.0,1.0,2,1,2.0,1,2.0,3.0,1000,0.0,3.0,3.0,2,50.0,2.0,1,2.0,0,2013.0,44.0,1,30,999,3.0,0.0,4200.0,0.0,0.0,5.0,100,1.0,1,2,0.0,1,2,3.0,4.0,1
0,139.0,43000.0,20,43000.0,43000.0,91,1.0,32,1.0,22.0,20,1.0,1.0,2,1,2.0,1,2.0,3.0,1000,0.0,3.0,3.0,1,45.0,2.0,1,2.0,0,2018.0,52.0,1,55,998,2.0,0.0,0.0,0.0,0.0,5.0,500,1.0,2,2,0.0,1,2,3.0,4.0,1
0,139.0,0.0,32,0.0,0.0,80,6.0,89,2.0,21.0,21,1.0,2.0,2,1,2.0,1,2.0,2.0,1000,0.0,2.0,2.0,1,40.0,2.0,1,2.0,0,2018.0,52.0,1,27,999,2.0,0.0,0.0,0.0,0.0,5.0,500,1.0,1,2,0.0,1,2,3.0,4.0,1
0,245.0,38000.0,13,38000.0,22000.0,72,1.0,32,1.0,22.0,20,6.0,1.0,2,5,2.0,1,2.0,3.0,1000,0.0,3.0,3.0,0,40.0,2.0,1,2.0,0,1995.0,32.0,1,38,999,6.0,0.0,0.0,0.0,0.0,5.0,600,3.0,1,2,0.0,1,2,3.0,4.0,1
0,501.0,62000.0,20,62000.0,62000.0,81,1.0,50,1.0,21.0,20,1.0,1.0,2,1,2.0,1,2.0,3.0,1000,0.0,3.0,3.0,0,40.0,2.0,1,2.0,0,2018.0,52.0,1,27,32,2.0,0.0,0.0,0.0,0.0,5.0,600,1.0,2,2,0.0,1,2,3.0,4.0,1
0,501.0,70000.0,02,70000.0,70000.0,07,1.0,32,1.0,21.0,21,1.0,1.0,2,1,2.0,1,2.0,3.0,1000,0.0,3.0,3.0,0,40.0,2.0,1,2.0,0,2018.0,52.0,1,27,999,1.0,0.0,0.0,0.0,0.0,5.0,600,1.0,1,2,0.0,1,2,3.0,4.0,1
0,492.0,14000.0,01,14000.0,14000.0,68,1.0,122,1.0,18.0,20,1.0,1.0,2,1,2.0,1,2.0,3.0,1000,0.0,3.0,3.0,1,23.0,2.0,1,2.0,0,2000.0,52.0,1,46,999,1.0,0.0,0.0,0.0,0.0,5.0,400,1.0,1,2,0.0,1,2,3.0,4.0,1
0,492.0,120000.0,02,120000.0,70000.0,01,1.0,122,1.0,16.0,21,1.0,1.0,2,1,2.0,1,2.0,2.0,1000,0.0,2.0,2.0,1,99.0,2.0,1,2.0,0,2000.0,52.0,1,38,999,6.0,0.0,0.0,0.0,0.0,5.0,400,1.0,1,2,0.0,1,2,3.0,4.0,1
0,368.0,25000.0,23,25000.0,25000.0,78,1.0,32,1.0,21.0,20,1.0,1.0,2,1,2.0,1,2.0,3.0,1000,0.0,3.0,3.0,0,25.0,2.0,1,2.0,0,1984.0,36.0,1,38,999,1.0,0.0,0.0,0.0,0.0,5.0,200,1.0,1,2,0.0,1,2,3.0,4.0,1
0,368.0,50000.0,02,50000.0,50000.0,01,1.0,32,1.0,19.0,21,1.0,1.0,2,1,2.0,1,2.0,3.0,1000,0.0,3.0,3.0,0,48.0,2.0,1,2.0,0,1984.0,50.0,1,38,999,7.0,0.0,0.0,0.0,0.0,5.0,200,1.0,1,2,0.0,1,2,3.0,4.0,1
0,489.0,56000.0,47,0.0,0.0,48,6.0,939,2.0,16.0,20,1.0,2.0,2,1,2.0,1,2.0,2.0,1000,0.0,2.0,2.0,0,40.0,2.0,1,2.0,0,1979.0,52.0,1,38,999,1.0,16000.0,40000.0,0.0,0.0,5.0,400,1.0,1,2,0.0,1,2,3.0,4.0,1
0,489.0,43000.0,77,0.0,0.0,30,6.0,939,2.0,20.0,21,1.0,2.0,2,1,2.0,1,2.0,2.0,1000,0.0,2.0,2.0,0,40.0,2.0,1,2.0,0,1979.0,52.0,1,38,999,1.0,23800.0,19200.0,0.0,0.0,5.0,400,1.0,1,2,0.0,1,2,3.0,4.0,1
0,501.0,40000.0,47,40000.0,40000.0,42,1.0,999,1.0,19.0,20,1.0,1.0,2,1,2.0,1,2.0,3.0,1000,0.0,3.0,3.0,0,40.0,2.0,1,2.0,0,1999.0,52.0,1,27,999,1.0,0.0,0.0,0.0,0.0,5.0,500,3.0,4,2,0.0,1,2,3.0,4.0,1
0,501.0,75000.0,42,75000.0,75000.0,76,1.0,999,1.0,18.0,21,1.0,1.0,2,1,2.0,29,2.0,3.0,9000,0.0,3.0,3.0,0,45.0,2.0,9,2.0,0,1999.0,52.0,1,38,999,1.0,0.0,0.0,0.0,0.0,5.0,500,3.0,4,2,0.0,1,2,3.0,4.0,1
0,501.0,65000.0,52,45000.0,45000.0,66,1.0,26,1.0,16.0,20,1.0,1.0,2,1,2.0,1,2.0,3.0,1000,0.0,3.0,3.0,0,40.0,2.0,1,2.0,0,1985.0,52.0,1,22,999,1.0,0.0,20000.0,0.0,0.0,5.0,600,1.0,1,2,0.0,1,2,3.0,2.0,1
0,501.0,48000.0,37,48000.0,48000.0,76,1.0,82,1.0,19.0,21,1.0,1.0,2,1,2.0,1,2.0,3.0,1000,0.0,3.0,3.0,0,40.0,2.0,1,2.0,0,1985.0,52.0,1,27,999,1.0,0.0,0.0,0.0,0.0,5.0,600,1.0,1,2,0.0,1,2,3.0,2.0,1
0,421.0,65000.0,50,65000.0,65000.0,79,1.0,24,1.0,19.0,20,4.0,1.0,2,3,2.0,1,2.0,3.0,1000,0.0,3.0,3.0,0,40.0,2.0,1,2.0,0,1990.0,52.0,1,27,142,1.0,0.0,0.0,0.0,0.0,5.0,600,1.0,2,2,0.0,1,2,3.0,4.0,1
0,121.0,13500.0,72,12100.0,12100.0,87,1.0,32,1.0,16.0,20,1.0,1.0,2,1,2.0,1,2.0,3.0,1000,0.0,3.0,3.0,2,9.0,2.0,1,2.0,0,1979.0,52.0,1,38,148,1.0,0.0,0.0,0.0,0.0,5.0,600,1.0,2,2,1400.0,1,2,3.0,4.0,1
0,121.0,10780.0,57,10300.0,10300.0,87,1.0,32,1.0,16.0,21,1.0,1.0,2,1,2.0,1,2.0,3.0,1000,0.0,3.0,3.0,2,20.0,2.0,1,2.0,0,1979.0,52.0,1,38,999,1.0,0.0,0.0,0.0,0.0,5.0,600,1.0,1,2,480.0,1,2,3.0,4.0,1
0,501.0,26000.0,93,26000.0,26000.0,87,1.0,32,1.0,13.0,30,6.0,1.0,1,5,1.0,1,2.0,1.0,1000,0.0,2.0,2.0,0,35.0,2.0,1,2.0,0,1995.0,35.0,1,38,999,1.0,0.0,0.0,0.0,0.0,5.0,300,1.0,1,2,0.0,1,2,2.0,4.0,1
0,402.0,39600.0,47,25500.0,25500.0,47,1.0,32,1.0,18.0,20,1.0,1.0,2,1,2.0,1,2.0,3.0,1000,0.0,3.0,3.0,1,50.0,2.0,1,2.0,0,2002.0,52.0,1,19,999,7.0,9900.0,4200.0,0.0,0.0,5.0,200,1.0,1,2,0.0,1,2,3.0,4.0,1
0,501.0,26000.0,77,26000.0,26000.0,32,1.0,82,1.0,20.0,20,1.0,1.0,2,1,2.0,1,2.0,3.0,1000,0.0,3.0,3.0,0,40.0,2.0,1,2.0,0,1997.0,51.0,1,23,89,1.0,0.0,0.0,0.0,0.0,5.0,400,1.0,2,2,0.0,1,2,3.0,4.0,1
0,501.0,126000.0,00,86000.0,86000.0,01,1.0,82,1.0,21.0,21,1.0,1.0,2,1,2.0,1,2.0,3.0,1000,0.0,3.0,3.0,0,45.0,2.0,1,2.0,0,1997.0,52.0,1,19,32,1.0,0.0,40000.0,0.0,0.0,5.0,400,1.0,2,2,0.0,1,2,3.0,4.0,1
1,92.0,9400.0,47,5000.0,5000.0,86,3.0,32,1.0,14.0,20,5.0,2.0,1,4,1.0,1,2.0,1.0,1000,0.0,2.0,2.0,0,30.0,2.0,1,2.0,0,2014.0,20.0,1,38,82,1.0,0.0,0.0,4400.0,0.0,1.0,600,1.0,2,2,0.0,1,2,3.0,4.0,1
0,257.0,39200.0,03,39200.0,39200.0,86,1.0,290,1.0,14.0,22,6.0,1.0,2,5,2.0,1,2.0,3.0,1000,0.0,3.0,3.0,0,40.0,2.0,1,2.0,0,1995.0,52.0,1,38,32,1.0,0.0,0.0,0.0,0.0,5.0,600,1.0,2,2,0.0,1,2,3.0,4.0,7
0,92.0,18000.0,73,0.0,0.0,70,6.0,32,2.0,21.0,29,4.0,2.0,1,3,2.0,1,2.0,2.0,1000,0.0,2.0,2.0,0,40.0,2.0,1,2.0,0,1991.0,52.0,1,38,82,1.0,18000.0,0.0,0.0,0.0,5.0,600,1.0,2,2,0.0,1,1,3.0,2.0,1
0,337.0,53000.0,60,53000.0,0.0,01,1.0,32,1.0,16.0,20,5.0,1.0,2,4,2.0,1,2.0,3.0,1000,0.0,3.0,3.0,0,50.0,2.0,1,2.0,0,2010.0,52.0,1,38,82,6.0,0.0,0.0,0.0,0.0,5.0,500,1.0,2,2,0.0,1,2,3.0,2.0,1
0,260.0,72500.0,20,71000.0,70000.0,91,1.0,32,1.0,23.0,20,1.0,1.0,2,1,2.0,1,2.0,3.0,1000,0.0,3.0,3.0,0,55.0,2.0,1,2.0,0,2005.0,52.0,1,42,46,2.0,0.0,0.0,0.0,0.0,5.0,200,3.0,2,2,1500.0,1,2,3.0,4.0,1
0,260.0,6000.0,58,6000.0,6000.0,64,1.0,32,1.0,21.0,21,1.0,1.0,2,1,2.0,1,2.0,3.0,1000,0.0,3.0,3.0,0,30.0,2.0,1,2.0,0,2005.0,30.0,1,26,999,1.0,0.0,0.0,0.0,0.0,5.0,200,3.0,1,2,0.0,1,2,3.0,4.0,1
0,501.0,44000.0,32,44000.0,44000.0,78,1.0,924,1.0,21.0,20,1.0,1.0,2,1,2.0,1,2.0,3.0,1000,0.0,3.0,3.0,0,40.0,2.0,1,2.0,0,2015.0,52.0,1,38,50,4.0,0.0,0.0,0.0,0.0,5.0,500,1.0,2,2,0.0,1,2,3.0,4.0,1
0,501.0,168000.0,09,168000.0,168000.0,68,1.0,32,1.0,21.0,21,1.0,1.0,2,1,2.0,1,2.0,3.0,1000,0.0,3.0,3.0,0,50.0,2.0,1,2.0,0,2015.0,52.0,1,38,26,1.0,0.0,0.0,0.0,0.0,5.0,500,1.0,2,2,0.0,1,2,3.0,4.0,1
0,501.0,88000.0,33,88000.0,88000.0,81,1.0,32,1.0,20.0,20,4.0,1.0,2,3,2.0,1,2.0,3.0,1000,0.0,3.0,3.0,0,40.0,2.0,1,2.0,0,2008.0,52.0,1,38,999,1.0,0.0,0.0,0.0,0.0,5.0,600,1.0,1,2,0.0,1,2,3.0,4.0,1
0,386.0,40000.0,47,40000.0,40000.0,53,1.0,290,1.0,16.0,20,6.0,1.0,2,5,2.0,15,2.0,3.0,8000,0.0,3.0,3.0,0,42.0,2.0,8,2.0,0,1995.0,52.0,0,6,999,1.0,0.0,0.0,0.0,0.0,5.0,600,1.0,1,2,0.0,1,2,3.0,4.0,2
0,386.0,38000.0,91,18000.0,18000.0,61,6.0,290,1.0,16.0,29,5.0,2.0,2,4,2.0,15,2.0,2.0,8000,0.0,2.0,2.0,0,45.0,2.0,8,2.0,0,1977.0,5.0,0,6,999,1.0,20000.0,0.0,0.0,0.0,5.0,600,1.0,1,2,0.0,1,2,3.0,4.0,2
0,36.0,7500.0,60,7500.0,7500.0,01,6.0,12,1.0,21.0,20,1.0,2.0,2,1,2.0,16,2.0,2.0,9000,0.0,2.0,2.0,2,60.0,2.0,9,2.0,0,1981.0,4.0,1,38,187,7.0,0.0,0.0,0.0,0.0,5.0,100,1.0,2,2,0.0,1,2,3.0,4.0,1
0,36.0,0.0,22,0.0,0.0,78,6.0,187,2.0,22.0,21,1.0,2.0,2,1,2.0,1,2.0,2.0,1000,0.0,2.0,2.0,2,40.0,2.0,1,2.0,0,1981.0,52.0,1,38,999,2.0,0.0,0.0,0.0,0.0,5.0,100,1.0,1,2,0.0,1,2,3.0,4.0,1
0,455.0,75000.0,48,75000.0,75000.0,02,1.0,82,1.0,21.0,20,1.0,1.0,2,1,2.0,1,2.0,3.0,1000,0.0,3.0,3.0,0,40.0,2.0,1,2.0,0,2017.0,52.0,1,38,999,1.0,0.0,0.0,0.0,0.0,5.0,600,1.0,1,2,0.0,1,2,3.0,4.0,1
0,455.0,60000.0,00,60000.0,60000.0,66,1.0,82,1.0,21.0,21,1.0,1.0,2,1,2.0,1,2.0,3.0,1000,0.0,3.0,3.0,0,44.0,2.0,1,2.0,0,2017.0,52.0,1,38,32,1.0,0.0,0.0,0.0,0.0,5.0,600,1.0,2,2,0.0,1,2,3.0,4.0,1
0,495.0,76200.0,77,72000.0,72000.0,30,1.0,32,1.0,16.0,20,6.0,1.0,2,5,2.0,1,2.0,3.0,1000,0.0,3.0,3.0,0,50.0,2.0,1,2.0,0,1995.0,52.0,1,46,22,1.0,0.0,4200.0,0.0,0.0,5.0,400,3.0,2,2,0.0,1,2,3.0,4.0,1
0,357.0,55000.0,96,55000.0,55000.0,30,1.0,290,1.0,20.0,22,6.0,1.0,2,5,2.0,29,2.0,3.0,9000,0.0,3.0,3.0,0,40.0,2.0,9,2.0,0,1995.0,50.0,1,46,924,1.0,0.0,0.0,0.0,0.0,5.0,400,3.0,2,2,0.0,1,2,3.0,4.0,2
0,370.0,34000.0,34,34000.0,34000.0,50,1.0,999,1.0,21.0,20,1.0,1.0,1,1,1.0,1,1.0,3.0,1000,0.0,3.0,3.0,0,40.0,2.0,1,2.0,0,2001.0,52.0,1,38,999,1.0,0.0,0.0,0.0,0.0,5.0,200,1.0,4,2,0.0,1,2,3.0,4.0,1
0,370.0,56000.0,91,53000.0,53000.0,07,1.0,999,1.0,16.0,21,1.0,1.0,1,1,2.0,1,2.0,3.0,1000,0.0,3.0,3.0,0,40.0,2.0,1,2.0,0,2001.0,45.0,1,38,999,1.0,0.0,0.0,3000.0,0.0,5.0,200,1.0,4,1,0.0,1,2,3.0,4.0,1
0,478.0,75000.0,00,75000.0,75000.0,30,1.0,32,1.0,19.0,20,6.0,1.0,2,5,2.0,1,2.0,3.0,1000,0.0,3.0,3.0,0,48.0,2.0,1,2.0,0,1995.0,52.0,1,55,82,1.0,0.0,0.0,0.0,0.0,5.0,300,1.0,2,2,0.0,1,2,3.0,4.0,1
0,344.0,54000.0,48,54000.0,54000.0,42,1.0,32,1.0,20.0,22,4.0,1.0,2,3,2.0,1,2.0,3.0,1000,0.0,3.0,3.0,0,42.0,2.0,1,2.0,0,2010.0,52.0,1,38,999,1.0,0.0,0.0,0.0,0.0,5.0,300,1.0,1,2,0.0,1,2,3.0,4.0,1
1,194.0,40000.0,52,40000.0,40000.0,85,6.0,999,1.0,16.0,20,6.0,2.0,1,5,2.0,1,2.0,2.0,1000,0.0,1.0,3.0,0,40.0,2.0,1,2.0,0,1995.0,52.0,1,32,999,1.0,0.0,0.0,0.0,0.0,5.0,100,3.0,4,1,0.0,1,2,2.0,4.0,1
0,270.0,42000.0,04,42000.0,42000.0,61,1.0,924,1.0,19.0,22,6.0,1.0,2,5,2.0,1,2.0,3.0,1000,0.0,3.0,3.0,0,70.0,2.0,1,2.0,0,1995.0,52.0,1,49,999,1.0,0.0,0.0,0.0,0.0,5.0,100,3.0,1,2,0.0,1,2,3.0,4.0,1
0,309.0,62000.0,33,62000.0,62000.0,81,1.0,32,1.0,21.0,20,1.0,1.0,2,1,2.0,1,2.0,3.0,1000,0.0,3.0,3.0,0,40.0,2.0,1,2.0,0,2001.0,52.0,1,27,24,1.0,0.0,0.0,0.0,0.0,5.0,400,1.0,2,2,0.0,1,2,3.0,4.0,1
0,309.0,13500.0,25,13500.0,13500.0,78,1.0,82,1.0,21.0,21,1.0,1.0,2,1,2.0,1,2.0,2.0,1000,0.0,2.0,2.0,0,25.0,2.0,1,2.0,0,2001.0,40.0,1,38,999,1.0,0.0,0.0,0.0,0.0,5.0,400,1.0,1,2,0.0,1,2,3.0,4.0,1
0,330.0,10000.0,33,10000.0,10000.0,81,1.0,999,1.0,17.0,20,1.0,1.0,2,1,2.0,1,2.0,2.0,1000,0.0,2.0,2.0,0,40.0,2.0,1,2.0,0,1999.0,52.0,1,38,999,1.0,0.0,0.0,0.0,0.0,1.0,300,1.0,4,2,0.0,1,2,2.0,4.0,1
0,330.0,55000.0,04,55000.0,55000.0,69,1.0,999,1.0,16.0,21,1.0,1.0,2,1,2.0,1,2.0,2.0,1000,0.0,2.0,2.0,0,40.0,2.0,1,2.0,0,1999.0,52.0,1,38,999,1.0,0.0,0.0,0.0,0.0,5.0,300,1.0,4,2,0.0,1,2,2.0,4.0,1
0,286.0,45200.0,72,45200.0,45200.0,46,1.0,50,1.0,18.0,20,6.0,1.0,1,5,2.0,1,2.0,3.0,1000,0.0,3.0,3.0,0,60.0,1.0,1,2.0,0,1995.0,52.0,1,38,935,1.0,0.0,0.0,0.0,0.0,5.0,300,1.0,2,2,0.0,1,2,3.0,4.0,1
0,501.0,81200.0,02,81200.0,1200.0,01,1.0,50,1.0,19.0,20,1.0,1.0,1,1,1.0,1,2.0,3.0,1000,0.0,3.0,3.0,1,40.0,2.0,1,2.0,0,2003.0,52.0,1,38,8,6.0,0.0,0.0,0.0,0.0,5.0,200,1.0,2,2,0.0,1,2,3.0,4.0,1
0,501.0,66000.0,32,66000.0,66000.0,78,1.0,999,1.0,21.0,21,1.0,1.0,2,1,2.0,1,2.0,3.0,1000,0.0,3.0,3.0,1,40.0,2.0,1,2.0,0,2003.0,52.0,1,38,999,3.0,0.0,0.0,0.0,0.0,5.0,200,1.0,4,2,0.0,1,2,3.0,4.0,1
0,299.0,46000.0,47,46000.0,0.0,46,1.0,49,1.0,16.0,20,6.0,1.0,2,5,2.0,1,2.0,3.0,1000,0.0,3.0,3.0,0,46.0,2.0,1,2.0,0,1995.0,52.0,1,46,26,6.0,0.0,0.0,0.0,0.0,5.0,300,1.0,2,2,0.0,1,2,3.0,4.0,1
0,227.0,35000.0,97,35000.0,0.0,77,1.0,32,1.0,16.0,34,6.0,1.0,2,5,2.0,1,2.0,3.0,1000,0.0,3.0,3.0,0,40.0,2.0,1,2.0,0,1995.0,52.0,1,48,999,6.0,0.0,0.0,0.0,0.0,5.0,300,1.0,1,2,0.0,1,2,3.0,4.0,1
0,398.0,96000.0,10,96000.0,96000.0,73,1.0,32,1.0,20.0,20,1.0,1.0,2,1,2.0,1,2.0,3.0,1000,0.0,3.0,3.0,0,40.0,2.0,1,2.0,0,2008.0,52.0,1,38,26,1.0,0.0,0.0,0.0,0.0,5.0,600,1.0,2,2,0.0,1,2,3.0,4.0,1
0,398.0,0.0,42,0.0,0.0,69,6.0,32,3.0,19.0,21,1.0,2.0,2,1,2.0,1,2.0,2.0,1000,0.0,2.0,2.0,0,40.0,2.0,1,2.0,0,2008.0,52.0,1,27,88,1.0,0.0,0.0,0.0,0.0,5.0,600,1.0,2,2,0.0,1,2,3.0,4.0,1
0,428.0,66000.0,23,66000.0,66000.0,78,1.0,22,1.0,22.0,20,1.0,1.0,2,1,2.0,1,2.0,2.0,1000,0.0,2.0,2.0,0,40.0,2.0,1,2.0,0,2008.0,52.0,1,20,999,3.0,0.0,0.0,0.0,0.0,3.0,600,1.0,1,2,0.0,1,2,3.0,4.0,1
0,428.0,64000.0,67,64000.0,64000.0,62,1.0,82,1.0,18.0,21,1.0,1.0,2,1,2.0,1,2.0,2.0,1000,0.0,2.0,2.0,0,40.0,2.0,1,2.0,0,2008.0,52.0,1,38,999,1.0,0.0,0.0,0.0,0.0,5.0,600,1.0,1,2,0.0,1,2,3.0,4.0,1
0,469.0,68000.0,72,68000.0,68000.0,04,1.0,82,1.0,16.0,20,1.0,1.0,2,1,2.0,1,2.0,3.0,1000,0.0,3.0,3.0,0,60.0,2.0,1,2.0,0,1980.0,52.0,1,38,999,7.0,0.0,0.0,0.0,0.0,5.0,200,1.0,1,2,0.0,1,2,3.0,4.0,1
0,469.0,24000.0,42,0.0,0.0,69,6.0,89,3.0,18.0,21,1.0,2.0,1,1,1.0,1,1.0,2.0,1000,0.0,2.0,2.0,0,40.0,2.0,1,2.0,0,1980.0,52.0,1,38,999,1.0,0.0,24000.0,0.0,0.0,5.0,200,1.0,1,2,0.0,1,2,3.0,4.0,1
1,418.0,65000.0,48,65000.0,0.0,01,1.0,924,1.0,19.0,20,6.0,1.0,2,5,2.0,1,2.0,3.0,1000,0.0,3.0,3.0,0,55.0,2.0,1,2.0,0,1995.0,52.0,1,38,995,6.0,0.0,0.0,0.0,0.0,5.0,600,1.0,1,2,0.0,1,2,3.0,4.0,1
0,192.0,13200.0,02,0.0,0.0,01,6.0,32,2.0,19.0,25,2.0,2.0,2,1,2.0,1,2.0,2.0,1000,0.0,2.0,2.0,0,40.0,2.0,1,2.0,0,1984.0,52.0,1,38,999,7.0,13200.0,0.0,0.0,0.0,5.0,300,1.0,1,2,0.0,1,2,3.0,4.0,1
0,192.0,12000.0,02,12000.0,0.0,01,1.0,999,1.0,20.0,32,4.0,1.0,2,3,2.0,1,2.0,3.0,1000,0.0,3.0,3.0,0,60.0,2.0,1,2.0,0,2000.0,52.0,1,38,999,6.0,0.0,0.0,0.0,0.0,5.0,300,1.0,4,2,0.0,1,2,3.0,4.0,1
0,243.0,59000.0,11,59000.0,59000.0,73,1.0,32,1.0,19.0,20,1.0,1.0,2,1,2.0,1,2.0,3.0,1000,0.0,3.0,3.0,0,40.0,2.0,1,2.0,0,2018.0,52.0,1,27,82,3.0,0.0,0.0,0.0,0.0,5.0,400,1.0,2,2,0.0,1,2,3.0,4.0,1
0,243.0,0.0,42,0.0,0.0,69,6.0,32,3.0,21.0,21,1.0,2.0,2,1,2.0,1,2.0,2.0,1000,0.0,2.0,2.0,0,40.0,2.0,1,2.0,0,2018.0,52.0,1,38,999,1.0,0.0,0.0,0.0,0.0,5.0,400,1.0,1,2,0.0,1,2,3.0,4.0,1
0,202.0,32000.0,51,32000.0,32000.0,81,1.0,996,1.0,16.0,20,4.0,1.0,2,3,2.0,1,2.0,3.0,1000,0.0,3.0,3.0,0,40.0,2.0,1,2.0,0,2005.0,52.0,1,46,999,1.0,0.0,0.0,0.0,0.0,5.0,600,1.0,3,2,0.0,1,2,3.0,4.0,1
0,297.0,47000.0,24,47000.0,47000.0,67,1.0,996,1.0,1.0,36,6.0,1.0,2,5,2.0,1,2.0,3.0,1000,0.0,3.0,3.0,0,40.0,2.0,1,2.0,0,1995.0,52.0,1,38,999,3.0,0.0,0.0,0.0,0.0,5.0,600,1.0,3,2,0.0,1,2,3.0,4.0,1
0,320.0,37000.0,51,37000.0,37000.0,49,1.0,82,1.0,16.0,20,1.0,1.0,2,1,2.0,1,2.0,3.0,1000,0.0,3.0,3.0,0,40.0,2.0,1,2.0,0,1981.0,52.0,1,38,89,1.0,0.0,0.0,0.0,0.0,5.0,500,1.0,2,2,0.0,1,2,3.0,4.0,1
0,320.0,26000.0,96,26000.0,26000.0,49,1.0,32,1.0,16.0,21,1.0,1.0,2,1,2.0,1,2.0,3.0,1000,0.0,3.0,3.0,0,32.0,2.0,1,2.0,0,1981.0,52.0,1,27,142,1.0,0.0,0.0,0.0,0.0,5.0,500,1.0,2,2,0.0,1,2,3.0,4.0,1
0,342.0,34000.0,42,0.0,0.0,69,6.0,999,3.0,16.0,20,1.0,1.0,2,1,2.0,1,2.0,3.0,1000,17300.0,3.0,3.0,0,40.0,2.0,1,2.0,0,2002.0,52.0,1,38,999,1.0,0.0,0.0,16700.0,0.0,5.0,200,1.0,4,2,0.0,1,2,3.0,4.0,1
0,342.0,35000.0,08,35000.0,35000.0,68,1.0,999,1.0,16.0,21,1.0,1.0,2,1,2.0,1,2.0,3.0,1000,0.0,3.0,3.0,0,40.0,2.0,1,2.0,0,2002.0,52.0,1,53,999,1.0,0.0,0.0,0.0,0.0,5.0,200,1.0,4,2,0.0,1,2,3.0,4.0,1
0,501.0,80000.0,77,80000.0,80000.0,07,1.0,999,1.0,16.0,20,4.0,1.0,2,3,2.0,1,2.0,3.0,1000,0.0,3.0,3.0,0,40.0,2.0,1,2.0,0,2002.0,52.0,1,38,999,1.0,0.0,0.0,0.0,0.0,5.0,200,1.0,4,2,0.0,1,2,3.0,4.0,1
0,443.0,20000.0,25,20000.0,20000.0,78,6.0,171,1.0,19.0,20,1.0,2.0,2,1,2.0,1,2.0,2.0,1000,0.0,2.0,2.0,0,35.0,2.0,1,2.0,0,1982.0,40.0,1,38,32,3.0,0.0,0.0,0.0,0.0,5.0,400,1.0,2,2,0.0,1,2,3.0,4.0,1
0,443.0,69000.0,77,69000.0,69000.0,30,2.0,210,1.0,17.0,21,1.0,1.0,2,1,2.0,29,2.0,3.0,9000,0.0,2.0,1.0,0,48.0,2.0,9,2.0,0,1982.0,52.0,1,6,999,1.0,0.0,0.0,0.0,0.0,5.0,400,1.0,1,2,0.0,1,2,3.0,4.0,2
0,366.0,57000.0,60,50000.0,50000.0,01,1.0,142,1.0,15.0,20,4.0,1.0,2,3,2.0,1,2.0,2.0,1000,0.0,2.0,2.0,0,60.0,2.0,1,2.0,0,1998.0,52.0,1,17,999,1.0,0.0,0.0,0.0,0.0,5.0,400,1.0,1,2,7000.0,1,2,3.0,3.0,1
1,90.0,14000.0,78,14000.0,14000.0,11,6.0,32,1.0,19.0,22,4.0,2.0,2,3,2.0,1,2.0,2.0,1000,0.0,2.0,2.0,0,40.0,2.0,1,2.0,0,1999.0,20.0,1,17,999,1.0,0.0,0.0,0.0,0.0,5.0,400,1.0,1,2,0.0,1,2,3.0,4.0,1
0,276.0,43000.0,58,43000.0,43000.0,69,1.0,32,1.0,19.0,20,4.0,1.0,2,3,2.0,1,2.0,3.0,1000,0.0,3.0,3.0,0,40.0,2.0,1,2.0,0,1998.0,52.0,1,27,82,1.0,0.0,0.0,0.0,0.0,5.0,600,1.0,2,2,0.0,1,2,3.0,4.0,1
0,262.0,45000.0,40,45000.0,45000.0,78,1.0,26,1.0,16.0,20,1.0,1.0,2,1,2.0,1,2.0,3.0,1000,0.0,3.0,3.0,0,40.0,2.0,1,2.0,0,2012.0,52.0,1,38,22,3.0,0.0,0.0,0.0,0.0,5.0,300,1.0,2,2,0.0,1,2,3.0,4.0,1
0,262.0,50000.0,81,50000.0,50000.0,30,1.0,32,1.0,16.0,21,1.0,1.0,2,1,2.0,1,2.0,3.0,1000,0.0,3.0,3.0,0,40.0,2.0,1,2.0,0,2012.0,52.0,1,38,50,1.0,0.0,0.0,0.0,0.0,5.0,300,1.0,2,2,0.0,1,2,3.0,4.0,1
0,501.0,105000.0,47,105000.0,105000.0,87,1.0,89,1.0,17.0,21,1.0,1.0,2,1,2.0,1,2.0,3.0,1000,0.0,3.0,3.0,0,60.0,2.0,1,2.0,0,1984.0,52.0,1,27,999,7.0,0.0,0.0,0.0,0.0,5.0,500,1.0,1,2,0.0,1,2,3.0,4.0,1
0,501.0,0.0,42,0.0,0.0,69,6.0,999,3.0,16.0,21,1.0,1.0,2,1,2.0,29,2.0,3.0,9000,0.0,3.0,3.0,0,40.0,2.0,9,2.0,0,1994.0,52.0,1,30,999,1.0,0.0,0.0,0.0,0.0,5.0,400,1.0,4,2,0.0,1,2,3.0,4.0,1
0,501.0,106000.0,90,31000.0,20000.0,07,6.0,32,1.0,19.0,20,6.0,2.0,2,5,2.0,1,2.0,2.0,1000,0.0,2.0,2.0,0,60.0,2.0,1,2.0,0,1995.0,16.0,1,27,50,1.0,0.0,75000.0,0.0,0.0,5.0,300,1.0,2,2,0.0,1,2,3.0,2.0,1
0,501.0,65000.0,15,65000.0,65000.0,07,1.0,999,1.0,20.0,20,6.0,1.0,2,5,2.0,1,2.0,3.0,1000,0.0,3.0,3.0,0,60.0,2.0,1,2.0,0,1995.0,52.0,1,27,999,1.0,0.0,0.0,0.0,0.0,5.0,600,1.0,4,2,0.0,1,2,3.0,4.0,1
0,501.0,60000.0,32,60000.0,60000.0,84,1.0,996,1.0,21.0,28,6.0,1.0,2,5,2.0,1,2.0,3.0,1000,0.0,3.0,3.0,0,40.0,2.0,1,2.0,0,1995.0,52.0,1,27,999,1.0,0.0,0.0,0.0,0.0,5.0,600,1.0,3,2,0.0,1,2,3.0,4.0,1
0,501.0,36500.0,08,36500.0,35000.0,69,1.0,32,1.0,19.0,21,1.0,1.0,2,1,2.0,1,2.0,3.0,1000,0.0,3.0,3.0,0,40.0,2.0,1,2.0,0,2001.0,52.0,1,38,917,1.0,0.0,0.0,0.0,0.0,5.0,600,1.0,2,2,0.0,1,2,3.0,4.0,1
0,96.0,15000.0,11,15000.0,15000.0,42,1.0,122,1.0,21.0,20,6.0,1.0,2,5,2.0,1,2.0,3.0,1000,0.0,3.0,3.0,0,30.0,2.0,1,2.0,0,1995.0,45.0,1,38,999,1.0,0.0,0.0,0.0,0.0,5.0,300,1.0,1,2,0.0,1,2,3.0,4.0,1
0,444.0,68000.0,32,50000.0,50000.0,81,1.0,32,1.0,22.0,20,6.0,1.0,2,5,2.0,1,2.0,3.0,1000,0.0,3.0,3.0,0,36.0,2.0,1,2.0,0,1995.0,52.0,1,26,98,1.0,0.0,18000.0,0.0,0.0,5.0,400,3.0,2,2,0.0,1,2,3.0,4.0,1
0,377.0,76530.0,08,75000.0,75000.0,93,1.0,21,1.0,21.0,20,4.0,1.0,2,3,2.0,1,2.0,3.0,1000,0.0,3.0,3.0,0,40.0,2.0,1,2.0,0,2005.0,52.0,1,26,22,3.0,0.0,0.0,1500.0,0.0,5.0,200,3.0,2,2,30.0,1,2,3.0,4.0,1
1,163.0,25070.0,60,25000.0,25000.0,01,6.0,917,1.0,16.0,20,3.0,2.0,2,2,2.0,3,2.0,2.0,5013,0.0,3.0,3.0,0,32.0,2.0,3,2.0,1,1989.0,27.0,0,38,999,1.0,70.0,0.0,0.0,0.0,5.0,500,1.0,1,2,0.0,1,2,3.0,4.0,1
0,501.0,52000.0,42,32000.0,32000.0,91,1.0,142,1.0,18.0,20,1.0,1.0,2,1,2.0,1,2.0,2.0,1000,0.0,2.0,2.0,1,35.0,2.0,1,2.0,0,1990.0,52.0,1,38,32,2.0,0.0,0.0,0.0,0.0,5.0,400,1.0,2,2,20000.0,1,2,3.0,4.0,1
0,501.0,71000.0,60,50000.0,50000.0,01,1.0,21,1.0,20.0,21,1.0,1.0,2,1,2.0,1,2.0,3.0,1000,0.0,3.0,3.0,0,35.0,2.0,1,2.0,0,1990.0,52.0,1,46,32,1.0,0.0,0.0,0.0,0.0,5.0,400,1.0,2,2,21000.0,1,2,3.0,4.0,1
0,501.0,88110.0,10,88000.0,88000.0,78,1.0,142,1.0,21.0,20,1.0,1.0,2,1,2.0,1,2.0,3.0,1000,0.0,3.0,3.0,0,50.0,2.0,1,2.0,0,1999.0,52.0,1,38,26,4.0,0.0,0.0,0.0,0.0,5.0,500,1.0,2,2,110.0,1,2,3.0,4.0,1
0,501.0,84000.0,10,84000.0,84000.0,78,1.0,82,1.0,21.0,21,1.0,1.0,2,1,2.0,1,2.0,3.0,1000,0.0,3.0,3.0,0,40.0,2.0,1,2.0,0,1999.0,52.0,1,38,999,4.0,0.0,0.0,0.0,0.0,5.0,500,1.0,1,2,0.0,1,2,3.0,2.0,1
0,501.0,4000.0,46,4000.0,4000.0,84,1.0,26,1.0,16.0,25,6.0,1.0,2,5,2.0,1,2.0,3.0,1000,0.0,3.0,3.0,0,12.0,2.0,1,2.0,0,1995.0,50.0,1,38,142,1.0,0.0,0.0,0.0,0.0,5.0,500,1.0,2,2,0.0,1,2,3.0,4.0,1
0,240.0,54100.0,72,18900.0,18900.0,88,1.0,32,1.0,21.0,20,1.0,1.0,2,1,2.0,1,2.0,3.0,1000,0.0,3.0,3.0,1,36.0,2.0,1,2.0,0,2011.0,36.0,1,38,999,1.0,9800.0,0.0,0.0,0.0,5.0,400,1.0,1,2,25400.0,1,2,3.0,2.0,1
0,240.0,2900.0,47,0.0,0.0,49,6.0,50,2.0,21.0,21,1.0,2.0,2,1,2.0,1,2.0,2.0,1000,0.0,2.0,2.0,1,40.0,2.0,1,2.0,0,2011.0,52.0,1,27,999,1.0,0.0,0.0,2900.0,0.0,3.0,400,1.0,1,2,0.0,1,2,3.0,4.0,1
0,501.0,65030.0,08,65000.0,65000.0,68,1.0,996,1.0,21.0,20,1.0,1.0,2,1,2.0,1,2.0,3.0,1000,0.0,3.0,3.0,0,50.0,2.0,1,2.0,0,1997.0,52.0,1,27,999,4.0,0.0,0.0,0.0,0.0,5.0,300,1.0,3,2,30.0,1,2,3.0,4.0,1
0,501.0,60000.0,19,60000.0,60000.0,94,1.0,996,1.0,21.0,21,1.0,1.0,2,1,2.0,1,2.0,3.0,1000,0.0,3.0,3.0,0,40.0,2.0,1,2.0,0,1997.0,52.0,1,39,999,4.0,0.0,0.0,0.0,0.0,5.0,300,1.0,3,2,0.0,1,2,3.0,4.0,1
0,294.0,50000.0,08,50000.0,50000.0,72,1.0,32,1.0,21.0,20,4.0,1.0,2,3,2.0,1,2.0,3.0,1000,0.0,3.0,3.0,0,40.0,2.0,1,2.0,0,2003.0,52.0,1,38,999,1.0,0.0,0.0,0.0,0.0,5.0,300,1.0,1,2,0.0,1,2,3.0,4.0,1
0,23.0,3600.0,23,3600.0,3600.0,78,1.0,924,1.0,21.0,20,6.0,1.0,2,5,2.0,1,2.0,3.0,1000,0.0,3.0,3.0,0,10.0,2.0,1,2.0,0,1995.0,40.0,1,27,999,3.0,0.0,0.0,0.0,0.0,5.0,500,1.0,1,2,0.0,1,2,3.0,4.0,1
0,141.0,22000.0,78,22000.0,22000.0,86,1.0,82,1.0,16.0,20,4.0,1.0,2,3,2.0,1,2.0,3.0,1000,0.0,3.0,3.0,2,40.0,2.0,1,2.0,0,1988.0,52.0,1,38,999,1.0,0.0,0.0,0.0,0.0,5.0,200,1.0,1,2,0.0,1,2,3.0,4.0,1
0,160.0,25000.0,89,25000.0,25000.0,25,1.0,996,1.0,16.0,22,4.0,1.0,2,3,2.0,1,2.0,3.0,1000,0.0,3.0,3.0,0,40.0,2.0,1,2.0,0,1991.0,52.0,1,38,999,1.0,0.0,0.0,0.0,0.0,5.0,200,1.0,3,2,0.0,1,2,3.0,4.0,1
0,416.0,4000.0,25,4000.0,4000.0,78,1.0,996,1.0,16.0,21,1.0,1.0,2,1,2.0,1,2.0,3.0,1000,0.0,3.0,3.0,2,10.0,2.0,1,2.0,0,1977.0,30.0,1,51,999,3.0,0.0,0.0,0.0,0.0,5.0,600,1.0,3,2,0.0,1,2,3.0,4.0,1
0,501.0,48000.0,55,48000.0,48000.0,63,1.0,32,1.0,20.0,20,1.0,1.0,2,1,2.0,1,2.0,3.0,1000,0.0,3.0,3.0,0,42.0,2.0,1,2.0,0,2011.0,52.0,1,38,50,1.0,0.0,0.0,0.0,0.0,5.0,300,1.0,2,2,0.0,1,2,3.0,4.0,1
0,501.0,63000.0,32,63000.0,63000.0,81,1.0,32,1.0,21.0,21,1.0,1.0,2,1,2.0,1,2.0,3.0,1000,0.0,3.0,3.0,0,40.0,2.0,1,2.0,0,2011.0,52.0,1,4,26,2.0,0.0,0.0,0.0,0.0,5.0,300,1.0,2,2,0.0,1,2,3.0,4.0,1
0,459.0,70000.0,56,70000.0,70000.0,39,1.0,22,1.0,16.0,20,6.0,1.0,2,5,2.0,1,2.0,3.0,1000,0.0,3.0,3.0,2,57.0,2.0,1,2.0,0,1995.0,52.0,1,38,50,1.0,0.0,0.0,0.0,0.0,5.0,500,1.0,2,2,0.0,1,2,3.0,4.0,1
0,325.0,51300.0,04,51300.0,49500.0,61,6.0,996,1.0,16.0,20,4.0,2.0,2,3,2.0,1,2.0,1.0,1000,0.0,2.0,2.0,2,63.0,2.0,1,2.0,0,2008.0,16.0,1,8,999,1.0,0.0,0.0,0.0,0.0,3.0,200,1.0,3,2,0.0,1,2,3.0,4.0,1
0,501.0,150000.0,00,150000.0,150000.0,86,1.0,999,1.0,17.0,21,1.0,1.0,2,1,2.0,1,2.0,3.0,1000,0.0,3.0,3.0,0,50.0,2.0,1,2.0,0,2001.0,52.0,1,46,999,1.0,0.0,0.0,0.0,0.0,5.0,600,1.0,4,2,0.0,1,2,3.0,4.0,1
1,501.0,6000.0,46,6000.0,6000.0,78,1.0,999,1.0,19.0,25,6.0,1.0,2,5,2.0,1,2.0,3.0,1000,0.0,3.0,3.0,0,12.0,2.0,1,2.0,0,1995.0,35.0,1,38,999,3.0,0.0,0.0,0.0,0.0,5.0,600,1.0,4,2,0.0,1,2,3.0,4.0,1
0,501.0,100000.0,00,100000.0,100000.0,46,1.0,98,1.0,21.0,20,1.0,1.0,2,1,2.0,1,2.0,3.0,1000,0.0,3.0,3.0,0,45.0,2.0,1,2.0,0,2007.0,52.0,1,38,999,1.0,0.0,0.0,0.0,0.0,5.0,200,1.0,1,2,0.0,1,2,3.0,4.0,1
0,501.0,60000.0,32,60000.0,60000.0,81,1.0,98,1.0,21.0,21,1.0,1.0,2,1,2.0,1,2.0,3.0,1000,0.0,3.0,3.0,0,30.0,2.0,1,2.0,0,2007.0,52.0,1,38,999,2.0,0.0,0.0,0.0,0.0,5.0,200,1.0,1,2,0.0,1,2,3.0,4.0,1
0,260.0,50000.0,04,50000.0,50000.0,78,1.0,82,1.0,22.0,20,1.0,1.0,2,1,2.0,1,2.0,3.0,1000,0.0,3.0,3.0,2,40.0,2.0,1,2.0,0,1995.0,52.0,1,27,999,2.0,0.0,0.0,0.0,0.0,5.0,300,1.0,1,2,0.0,1,2,3.0,4.0,1
0,260.0,12000.0,02,12000.0,12000.0,01,1.0,82,1.0,21.0,21,1.0,1.0,2,1,2.0,1,2.0,3.0,1000,0.0,3.0,3.0,0,40.0,2.0,1,2.0,0,1995.0,52.0,1,38,999,7.0,0.0,0.0,0.0,0.0,5.0,300,1.0,1,2,0.0,1,2,3.0,4.0,1
0,501.0,16900.0,25,0.0,0.0,78,6.0,82,2.0,21.0,20,1.0,2.0,2,1,2.0,1,2.0,2.0,1000,0.0,2.0,2.0,1,40.0,2.0,1,2.0,0,1994.0,52.0,1,27,999,4.0,0.0,16900.0,0.0,0.0,5.0,200,1.0,1,2,0.0,1,2,3.0,4.0,1
0,501.0,90100.0,00,0.0,0.0,78,6.0,32,2.0,22.0,21,1.0,2.0,2,1,2.0,1,2.0,2.0,1000,0.0,2.0,2.0,1,40.0,2.0,1,2.0,0,1994.0,52.0,1,38,82,2.0,19100.0,71000.0,0.0,0.0,5.0,200,1.0,2,2,0.0,1,2,3.0,4.0,1
0,330.0,50000.0,06,50000.0,0.0,73,1.0,82,1.0,21.0,20,1.0,1.0,2,1,2.0,1,2.0,3.0,1000,0.0,3.0,3.0,1,30.0,2.0,1,2.0,0,2001.0,52.0,1,38,32,6.0,0.0,0.0,0.0,0.0,5.0,500,1.0,2,2,0.0,1,2,3.0,4.0,1
0,330.0,30000.0,62,30000.0,0.0,07,1.0,32,1.0,16.0,21,1.0,1.0,2,1,2.0,17,2.0,3.0,9000,0.0,3.0,3.0,1,35.0,2.0,9,2.0,1,2001.0,52.0,1,38,917,6.0,0.0,0.0,0.0,0.0,5.0,500,1.0,2,2,0.0,1,2,3.0,4.0,1
0,501.0,130000.0,86,130000.0,130000.0,20,1.0,939,1.0,15.0,20,1.0,1.0,2,1,2.0,1,2.0,3.0,1000,0.0,3.0,3.0,0,48.0,2.0,1,2.0,0,2010.0,52.0,1,6,999,1.0,0.0,0.0,0.0,0.0,5.0,100,1.0,1,2,0.0,1,2,3.0,4.0,1
0,501.0,90000.0,51,90000.0,90000.0,04,1.0,152,1.0,21.0,21,1.0,1.0,2,1,2.0,1,2.0,3.0,1000,0.0,3.0,3.0,0,45.0,2.0,1,2.0,0,2010.0,52.0,1,154,999,1.0,0.0,0.0,0.0,0.0,5.0,100,1.0,1,2,0.0,5,2,3.0,4.0,1
0,370.0,56800.0,36,50000.0,50000.0,82,1.0,32,1.0,16.0,20,6.0,1.0,2,5,2.0,1,2.0,3.0,1000,0.0,3.0,3.0,0,40.0,2.0,1,2.0,0,1995.0,52.0,1,27,999,2.0,0.0,0.0,6800.0,0.0,5.0,400,1.0,1,2,0.0,1,2,3.0,4.0,1
0,321.0,50000.0,77,50000.0,50000.0,30,1.0,32,1.0,16.0,22,4.0,1.0,2,3,2.0,1,2.0,3.0,1000,0.0,3.0,3.0,0,45.0,2.0,1,2.0,0,2004.0,52.0,1,27,999,1.0,0.0,0.0,0.0,0.0,5.0,400,1.0,1,2,0.0,1,2,3.0,4.0,1
0,370.0,3700.0,41,3700.0,3700.0,86,1.0,32,1.0,16.0,25,6.0,1.0,2,5,2.0,1,2.0,3.0,1000,0.0,3.0,3.0,0,25.0,2.0,1,2.0,0,1995.0,52.0,1,27,999,5.0,0.0,0.0,0.0,0.0,5.0,400,1.0,1,2,0.0,1,2,3.0,4.0,1
0,370.0,75000.0,81,75000.0,75000.0,77,6.0,32,1.0,16.0,25,6.0,2.0,2,5,2.0,1,2.0,2.0,1000,0.0,2.0,2.0,0,40.0,2.0,1,2.0,0,1995.0,52.0,1,46,999,7.0,0.0,0.0,0.0,0.0,5.0,400,1.0,1,2,0.0,1,2,3.0,4.0,1
0,334.0,48000.0,33,48000.0,48000.0,81,1.0,32,1.0,21.0,20,1.0,1.0,2,1,2.0,1,2.0,3.0,1000,0.0,3.0,3.0,0,40.0,2.0,1,2.0,0,2021.0,52.0,1,38,999,2.0,0.0,0.0,0.0,0.0,5.0,300,1.0,1,2,0.0,1,2,3.0,4.0,1
0,334.0,45000.0,47,45000.0,45000.0,46,1.0,22,1.0,21.0,21,1.0,1.0,2,1,2.0,1,2.0,3.0,1000,0.0,3.0,3.0,0,40.0,2.0,1,2.0,0,2021.0,52.0,1,38,999,1.0,0.0,0.0,0.0,0.0,5.0,300,1.0,1,2,0.0,1,2,3.0,4.0,1
0,334.0,10000.0,82,10000.0,10000.0,16,1.0,32,1.0,22.0,28,6.0,1.0,2,5,2.0,1,2.0,3.0,1000,0.0,3.0,3.0,0,30.0,2.0,1,2.0,0,1995.0,52.0,1,38,999,5.0,0.0,0.0,0.0,0.0,5.0,300,3.0,1,2,0.0,1,2,3.0,4.0,1
1,147.0,0.0,42,0.0,0.0,69,6.0,917,3.0,18.0,20,1.0,2.0,2,1,2.0,3,2.0,2.0,5013,0.0,2.0,2.0,0,40.0,2.0,3,2.0,1,2016.0,52.0,0,41,999,1.0,0.0,0.0,0.0,0.0,5.0,500,1.0,1,2,0.0,1,2,3.0,3.0,1
0,147.0,60000.0,77,60000.0,60000.0,30,1.0,50,1.0,16.0,21,1.0,1.0,2,1,2.0,1,2.0,3.0,1000,0.0,3.0,3.0,0,50.0,2.0,1,2.0,0,2016.0,52.0,1,6,924,7.0,0.0,0.0,0.0,0.0,5.0,500,1.0,2,2,0.0,1,2,3.0,4.0,1
0,501.0,65000.0,35,65000.0,65000.0,82,1.0,32,1.0,19.0,20,1.0,1.0,2,1,2.0,1,2.0,3.0,1000,0.0,3.0,3.0,0,45.0,2.0,1,2.0,0,2010.0,52.0,1,38,999,1.0,0.0,0.0,0.0,0.0,5.0,300,1.0,1,2,0.0,1,2,3.0,4.0,1
1,501.0,50000.0,73,50000.0,50000.0,87,1.0,999,1.0,20.0,21,1.0,1.0,2,1,2.0,16,2.0,3.0,9000,0.0,3.0,3.0,0,50.0,2.0,9,2.0,0,2010.0,52.0,1,38,999,7.0,0.0,0.0,0.0,0.0,5.0,300,1.0,4,2,0.0,1,2,3.0,4.0,1
0,501.0,0.0,42,0.0,0.0,69,6.0,111,3.0,17.0,21,1.0,2.0,2,1,2.0,1,2.0,2.0,1000,0.0,2.0,3.0,0,40.0,2.0,1,2.0,0,2008.0,52.0,1,38,142,1.0,0.0,0.0,0.0,0.0,5.0,500,1.0,2,2,0.0,1,2,2.0,4.0,1
1,48.0,7600.0,43,600.0,600.0,91,6.0,32,1.0,20.0,20,4.0,2.0,1,3,2.0,1,2.0,2.0,1000,0.0,2.0,2.0,0,40.0,1.0,1,2.0,0,1998.0,1.0,1,8,50,2.0,0.0,7000.0,0.0,0.0,5.0,400,1.0,2,1,0.0,1,2,3.0,4.0,1
0,361.0,13000.0,46,13000.0,13000.0,78,1.0,50,1.0,16.0,20,1.0,1.0,2,1,2.0,1,2.0,2.0,1000,0.0,2.0,2.0,0,37.0,2.0,1,2.0,0,1985.0,52.0,1,36,89,3.0,0.0,0.0,0.0,0.0,5.0,200,1.0,2,2,0.0,1,2,3.0,4.0,1
0,361.0,59000.0,00,59000.0,59000.0,93,1.0,32,1.0,20.0,21,1.0,1.0,1,1,2.0,1,2.0,3.0,1000,0.0,3.0,3.0,0,40.0,2.0,1,2.0,0,1985.0,52.0,1,38,148,3.0,0.0,0.0,0.0,0.0,5.0,200,1.0,2,2,0.0,1,1,3.0,4.0,1
1,345.0,550.0,96,550.0,550.0,49,1.0,82,1.0,16.0,25,6.0,1.0,1,5,1.0,1,1.0,3.0,1000,0.0,3.0,3.0,0,16.0,2.0,1,2.0,0,1995.0,4.0,1,38,89,1.0,0.0,0.0,0.0,0.0,5.0,600,1.0,2,2,0.0,1,2,3.0,4.0,1
0,501.0,0.0,20,0.0,0.0,69,6.0,999,2.0,24.0,20,1.0,2.0,2,1,2.0,1,2.0,2.0,1000,0.0,2.0,2.0,0,40.0,2.0,1,2.0,0,1997.0,52.0,1,38,999,1.0,0.0,0.0,0.0,0.0,5.0,600,3.0,4,2,0.0,1,2,3.0,4.0,1
0,501.0,100000.0,23,100000.0,100000.0,78,1.0,999,1.0,24.0,21,1.0,1.0,1,1,2.0,1,2.0,3.0,1000,0.0,3.0,3.0,2,40.0,2.0,1,2.0,0,1997.0,52.0,1,38,999,3.0,0.0,0.0,0.0,0.0,5.0,600,3.0,4,2,0.0,1,1,3.0,4.0,1
0,501.0,7000.0,52,7000.0,7000.0,47,1.0,999,1.0,14.0,25,6.0,1.0,2,5,2.0,1,2.0,3.0,1000,0.0,3.0,3.0,2,12.0,2.0,1,2.0,0,1995.0,30.0,1,38,999,1.0,0.0,0.0,0.0,0.0,5.0,600,3.0,4,2,0.0,1,2,3.0,4.0,1
0,501.0,70000.0,16,70000.0,70000.0,95,1.0,999,1.0,21.0,33,4.0,1.0,2,3,2.0,1,2.0,3.0,1000,0.0,3.0,3.0,0,40.0,2.0,1,2.0,0,1996.0,52.0,1,38,999,5.0,0.0,0.0,0.0,0.0,5.0,600,3.0,4,2,0.0,1,2,3.0,4.0,1
0,501.0,177000.0,06,53000.0,53000.0,94,1.0,999,1.0,19.0,36,2.0,1.0,2,1,2.0,1,2.0,3.0,1000,0.0,3.0,3.0,0,40.0,2.0,1,2.0,0,1997.0,52.0,1,38,999,4.0,0.0,0.0,0.0,0.0,5.0,600,1.0,4,2,124000.0,1,2,3.0,4.0,1
0,501.0,80000.0,19,80000.0,80000.0,04,1.0,999,1.0,20.0,20,6.0,1.0,2,5,2.0,1,2.0,3.0,1000,0.0,3.0,3.0,0,96.0,2.0,1,2.0,0,1995.0,52.0,1,38,999,1.0,0.0,0.0,0.0,0.0,5.0,300,1.0,4,2,0.0,1,2,3.0,4.0,1
0,194.0,30000.0,62,30000.0,30000.0,07,1.0,32,1.0,16.0,20,6.0,1.0,2,5,2.0,1,2.0,3.0,1000,0.0,2.0,1.0,0,40.0,2.0,1,2.0,0,1995.0,52.0,1,38,50,1.0,0.0,0.0,0.0,0.0,5.0,200,1.0,2,2,0.0,1,2,3.0,4.0,1
0,501.0,79000.0,69,79000.0,79000.0,04,1.0,87,1.0,16.0,20,6.0,1.0,1,5,2.0,1,2.0,3.0,1000,0.0,3.0,3.0,0,60.0,2.0,1,2.0,0,1995.0,52.0,1,30,89,1.0,0.0,0.0,0.0,0.0,5.0,100,1.0,2,1,0.0,1,2,3.0,4.0,1
0,360.0,45000.0,60,45000.0,45000.0,01,1.0,32,1.0,20.0,20,1.0,1.0,2,1,2.0,1,2.0,2.0,1000,0.0,2.0,2.0,0,50.0,2.0,1,2.0,0,2015.0,52.0,1,38,111,1.0,0.0,0.0,0.0,0.0,1.0,100,1.0,2,2,0.0,1,2,2.0,4.0,1
0,360.0,85000.0,01,85000.0,85000.0,95,1.0,32,1.0,21.0,21,1.0,1.0,2,1,2.0,1,2.0,3.0,1000,0.0,3.0,3.0,0,40.0,2.0,1,2.0,0,2015.0,52.0,1,38,21,5.0,0.0,0.0,0.0,0.0,5.0,100,1.0,2,2,0.0,1,2,3.0,4.0,1
0,158.0,50000.0,81,50000.0,50000.0,30,1.0,82,1.0,19.0,20,1.0,1.0,2,1,2.0,1,2.0,2.0,1000,0.0,3.0,3.0,0,40.0,2.0,1,2.0,0,2003.0,52.0,1,38,32,1.0,0.0,0.0,0.0,0.0,5.0,400,1.0,2,2,0.0,1,2,3.0,4.0,1
0,158.0,600.0,41,600.0,600.0,86,1.0,82,1.0,16.0,25,6.0,1.0,2,5,2.0,1,2.0,2.0,1000,0.0,3.0,3.0,0,12.0,2.0,1,2.0,0,1995.0,12.0,1,38,32,1.0,0.0,0.0,0.0,0.0,5.0,400,1.0,2,2,0.0,1,2,3.0,4.0,1
0,501.0,115000.0,68,115000.0,115000.0,04,1.0,210,1.0,16.0,20,6.0,1.0,2,5,2.0,1,2.0,3.0,1000,0.0,3.0,3.0,0,50.0,2.0,1,2.0,0,1995.0,52.0,1,48,999,1.0,0.0,0.0,0.0,0.0,5.0,200,1.0,1,2,0.0,1,2,3.0,4.0,2
0,411.0,65000.0,15,65000.0,65000.0,72,1.0,999,1.0,21.0,20,6.0,1.0,2,5,2.0,1,2.0,3.0,1000,0.0,3.0,3.0,0,40.0,2.0,1,2.0,0,1995.0,52.0,1,46,999,1.0,0.0,0.0,0.0,0.0,5.0,600,1.0,4,2,0.0,1,2,3.0,4.0,1
1,0.0,0.0,42,0.0,0.0,69,6.0,32,3.0,11.0,20,6.0,2.0,1,5,2.0,1,1.0,2.0,1000,0.0,2.0,2.0,0,40.0,2.0,1,2.0,0,1995.0,52.0,1,38,999,1.0,0.0,0.0,0.0,0.0,5.0,300,1.0,1,2,0.0,1,1,2.0,4.0,1
1,78.0,12100.0,42,0.0,0.0,69,6.0,82,3.0,16.0,20,6.0,2.0,1,5,2.0,1,2.0,2.0,1000,0.0,2.0,2.0,0,40.0,1.0,1,2.0,0,1995.0,52.0,1,38,32,1.0,12000.0,0.0,0.0,0.0,5.0,100,1.0,2,2,100.0,1,2,3.0,4.0,1
0,501.0,104000.0,01,104000.0,104000.0,68,1.0,32,1.0,21.0,20,1.0,1.0,2,1,2.0,1,2.0,3.0,1000,0.0,3.0,3.0,0,40.0,2.0,1,2.0,0,2014.0,52.0,1,38,82,1.0,0.0,0.0,0.0,0.0,5.0,600,1.0,2,2,0.0,1,2,3.0,4.0,1
0,501.0,100000.0,55,100000.0,100000.0,63,1.0,82,1.0,21.0,21,1.0,1.0,2,1,2.0,1,2.0,3.0,1000,0.0,3.0,3.0,0,50.0,2.0,1,2.0,0,2014.0,52.0,1,19,999,1.0,0.0,0.0,0.0,0.0,5.0,600,1.0,1,2,0.0,1,2,3.0,4.0,1
0,501.0,91800.0,60,90000.0,90000.0,01,1.0,32,1.0,20.0,20,6.0,1.0,2,5,2.0,1,2.0,2.0,1000,0.0,2.0,2.0,2,50.0,2.0,1,2.0,0,1995.0,52.0,1,27,999,1.0,0.0,0.0,0.0,0.0,5.0,400,1.0,1,2,1800.0,1,2,3.0,4.0,1
0,193.0,75000.0,73,75000.0,75000.0,95,1.0,32,1.0,19.0,20,1.0,1.0,2,1,2.0,1,2.0,3.0,1000,0.0,3.0,3.0,0,40.0,2.0,1,2.0,0,2011.0,52.0,1,38,999,5.0,0.0,0.0,0.0,0.0,5.0,300,1.0,1,2,0.0,1,2,3.0,2.0,1
0,193.0,850.0,91,850.0,850.0,78,6.0,32,1.0,18.0,21,1.0,2.0,2,1,2.0,1,2.0,2.0,1000,0.0,2.0,2.0,0,9.0,2.0,1,2.0,0,2011.0,3.0,1,38,999,3.0,0.0,0.0,0.0,0.0,1.0,300,1.0,1,2,0.0,1,2,3.0,4.0,1
0,501.0,120000.0,76,120000.0,120000.0,60,1.0,32,1.0,20.0,20,1.0,1.0,1,1,2.0,1,2.0,3.0,1000,0.0,3.0,3.0,0,60.0,2.0,1,2.0,0,1995.0,52.0,1,38,22,1.0,0.0,0.0,0.0,0.0,5.0,600,1.0,2,2,0.0,1,1,3.0,4.0,1
0,501.0,75000.0,33,75000.0,75000.0,81,1.0,32,1.0,21.0,21,1.0,1.0,2,1,2.0,1,2.0,3.0,1000,0.0,3.0,3.0,0,40.0,2.0,1,2.0,0,1995.0,52.0,1,38,22,5.0,0.0,0.0,0.0,0.0,5.0,600,1.0,2,2,0.0,1,2,3.0,4.0,1
0,501.0,120000.0,13,120000.0,120000.0,72,1.0,82,1.0,21.0,20,1.0,1.0,2,1,2.0,1,2.0,3.0,1000,0.0,3.0,3.0,0,50.0,2.0,1,2.0,0,2006.0,52.0,1,30,999,7.0,0.0,0.0,0.0,0.0,5.0,300,1.0,1,2,0.0,1,2,3.0,4.0,1
0,501.0,43000.0,26,43000.0,40000.0,07,1.0,82,1.0,21.0,21,1.0,1.0,2,1,2.0,1,2.0,3.0,1000,0.0,3.0,3.0,0,30.0,2.0,1,2.0,0,2006.0,52.0,1,38,32,1.0,0.0,0.0,0.0,0.0,5.0,300,1.0,2,2,0.0,1,2,3.0,4.0,1
0,114.0,18000.0,22,18000.0,18000.0,78,1.0,529,1.0,22.0,20,6.0,1.0,2,5,2.0,2,2.0,3.0,3000,0.0,3.0,3.0,2,20.0,2.0,2,2.0,0,1995.0,48.0,0,421,999,4.0,0.0,0.0,0.0,0.0,5.0,600,1.0,1,2,0.0,6,2,3.0,4.0,1
0,501.0,76030.0,91,76000.0,76000.0,44,1.0,32,1.0,19.0,20,6.0,1.0,2,5,2.0,1,2.0,3.0,1000,0.0,3.0,3.0,0,45.0,2.0,1,2.0,0,1995.0,52.0,1,38,999,1.0,0.0,0.0,0.0,0.0,5.0,300,1.0,1,2,30.0,1,2,3.0,4.0,1
0,501.0,41200.0,36,40200.0,40200.0,83,1.0,32,1.0,19.0,28,6.0,1.0,2,5,2.0,1,2.0,3.0,1000,0.0,3.0,3.0,0,36.0,2.0,1,2.0,0,1995.0,52.0,1,38,999,2.0,0.0,0.0,0.0,0.0,5.0,300,1.0,1,2,1000.0,1,2,3.0,4.0,1
0,113.0,5000.0,02,5000.0,0.0,01,1.0,999,1.0,20.0,20,1.0,1.0,2,1,2.0,1,2.0,3.0,1000,0.0,3.0,3.0,0,40.0,2.0,1,2.0,0,2009.0,52.0,1,38,999,6.0,0.0,0.0,0.0,0.0,5.0,200,1.0,4,2,0.0,1,2,3.0,4.0,1
0,113.0,35000.0,33,35000.0,35000.0,79,1.0,999,1.0,20.0,21,1.0,1.0,2,1,2.0,1,2.0,3.0,1000,0.0,3.0,3.0,0,38.0,2.0,1,2.0,0,2009.0,36.0,1,38,999,1.0,0.0,0.0,0.0,0.0,5.0,200,1.0,4,2,0.0,1,2,3.0,4.0,1
0,501.0,55000.0,72,55000.0,55000.0,45,1.0,112,1.0,17.0,20,1.0,1.0,2,1,2.0,1,2.0,3.0,1000,0.0,3.0,3.0,0,50.0,2.0,1,2.0,0,2013.0,52.0,1,38,999,1.0,0.0,0.0,0.0,0.0,5.0,500,1.0,1,2,0.0,1,2,3.0,4.0,1
0,501.0,70000.0,20,70000.0,70000.0,83,1.0,50,1.0,21.0,21,1.0,1.0,2,1,2.0,1,2.0,3.0,1000,0.0,3.0,3.0,0,40.0,2.0,1,2.0,0,2013.0,52.0,1,31,999,4.0,0.0,0.0,0.0,0.0,5.0,500,1.0,1,2,0.0,1,2,3.0,4.0,1
0,501.0,105000.0,47,105000.0,105000.0,48,1.0,32,1.0,19.0,20,1.0,1.0,2,1,2.0,1,2.0,3.0,1000,0.0,3.0,3.0,0,50.0,2.0,1,2.0,0,2006.0,52.0,1,27,82,7.0,0.0,0.0,0.0,0.0,5.0,400,1.0,2,2,0.0,1,2,3.0,4.0,1
0,501.0,50000.0,50,50000.0,50000.0,68,1.0,32,1.0,21.0,21,1.0,1.0,2,1,2.0,1,2.0,3.0,1000,0.0,3.0,3.0,0,40.0,2.0,1,2.0,0,2006.0,52.0,1,27,82,1.0,0.0,0.0,0.0,0.0,5.0,400,1.0,2,2,0.0,1,2,3.0,4.0,1
0,501.0,0.0,42,0.0,0.0,69,6.0,142,3.0,20.0,21,1.0,2.0,1,1,1.0,1,1.0,2.0,1000,0.0,2.0,2.0,2,40.0,1.0,1,1.0,0,1999.0,52.0,1,27,26,1.0,0.0,0.0,0.0,0.0,5.0,500,1.0,2,2,0.0,1,2,3.0,4.0,1
0,168.0,1500.0,25,0.0,0.0,78,6.0,32,2.0,21.0,20,1.0,2.0,2,1,2.0,1,2.0,2.0,1000,0.0,2.0,2.0,1,40.0,2.0,1,2.0,0,2019.0,52.0,1,38,148,1.0,0.0,0.0,1500.0,0.0,5.0,400,1.0,2,2,0.0,1,2,3.0,4.0,1
0,168.0,49900.0,02,49900.0,21100.0,01,1.0,32,1.0,21.0,21,1.0,1.0,2,1,2.0,1,2.0,2.0,1000,0.0,2.0,2.0,1,80.0,2.0,1,2.0,0,2019.0,52.0,1,38,148,6.0,0.0,0.0,0.0,0.0,5.0,400,1.0,2,2,0.0,1,2,3.0,4.0,1
0,387.0,60000.0,40,60000.0,60000.0,86,2.0,88,1.0,20.0,20,6.0,1.0,2,5,2.0,1,2.0,3.0,1000,0.0,2.0,1.0,0,50.0,2.0,1,2.0,0,1995.0,52.0,1,53,22,1.0,0.0,0.0,0.0,0.0,5.0,500,1.0,2,2,0.0,1,2,3.0,4.0,1
0,287.0,45000.0,51,45000.0,45000.0,86,1.0,89,1.0,21.0,20,6.0,1.0,2,5,2.0,1,2.0,3.0,1000,0.0,3.0,3.0,0,40.0,2.0,1,2.0,0,1995.0,52.0,1,38,8,5.0,0.0,0.0,0.0,0.0,5.0,600,1.0,2,2,0.0,1,2,3.0,4.0,1
0,501.0,83300.0,72,83300.0,90000.0,73,1.0,82,1.0,20.0,20,1.0,1.0,2,1,2.0,1,2.0,3.0,1000,0.0,3.0,3.0,0,40.0,2.0,1,2.0,0,2021.0,52.0,1,38,89,5.0,0.0,0.0,0.0,0.0,5.0,500,1.0,2,2,0.0,1,2,3.0,4.0,1
0,501.0,100000.0,32,100000.0,100000.0,81,1.0,32,1.0,22.0,21,1.0,1.0,2,1,2.0,1,2.0,3.0,1000,0.0,3.0,3.0,0,40.0,2.0,1,2.0,0,2021.0,52.0,1,27,999,1.0,0.0,0.0,0.0,0.0,5.0,500,1.0,1,2,0.0,1,2,3.0,4.0,1
0,364.0,73900.0,91,75000.0,75000.0,63,1.0,999,1.0,19.0,20,4.0,1.0,2,3,2.0,3,2.0,3.0,5013,0.0,3.0,3.0,0,80.0,2.0,3,2.0,1,2015.0,52.0,0,38,999,1.0,0.0,0.0,0.0,0.0,5.0,200,1.0,4,2,-1100.0,1,2,3.0,4.0,1
0,501.0,60100.0,51,60000.0,60000.0,04,1.0,82,1.0,16.0,20,1.0,1.0,2,1,2.0,1,2.0,3.0,1000,0.0,3.0,3.0,1,40.0,2.0,1,2.0,0,1991.0,52.0,1,30,210,1.0,0.0,0.0,0.0,0.0,5.0,100,1.0,2,2,100.0,1,2,3.0,4.0,2
0,501.0,40900.0,62,12000.0,12000.0,04,1.0,50,1.0,16.0,21,1.0,1.0,2,1,2.0,1,2.0,3.0,1000,0.0,3.0,3.0,1,40.0,2.0,1,2.0,0,1991.0,52.0,1,30,32,1.0,0.0,0.0,0.0,0.0,5.0,100,1.0,2,2,28900.0,1,2,3.0,4.0,1
0,89.0,13700.0,42,0.0,0.0,69,6.0,22,3.0,16.0,20,4.0,2.0,2,3,2.0,1,2.0,2.0,1000,0.0,2.0,2.0,0,40.0,2.0,1,2.0,0,1995.0,52.0,1,38,999,1.0,13700.0,0.0,0.0,0.0,5.0,500,1.0,1,2,0.0,1,2,2.0,4.0,1
0,426.0,66000.0,63,60000.0,60000.0,07,1.0,82,1.0,16.0,20,3.0,1.0,2,2,2.0,1,2.0,3.0,1000,0.0,3.0,3.0,0,40.0,2.0,1,2.0,0,1993.0,52.0,1,38,89,1.0,0.0,0.0,0.0,0.0,5.0,200,1.0,2,2,6000.0,1,2,3.0,4.0,1
0,152.0,24000.0,47,24000.0,24000.0,53,1.0,82,1.0,16.0,22,4.0,1.0,2,3,2.0,1,2.0,3.0,1000,0.0,3.0,3.0,0,50.0,2.0,1,2.0,0,1988.0,52.0,1,30,999,1.0,0.0,0.0,0.0,0.0,5.0,200,1.0,1,2,0.0,1,2,3.0,4.0,1
0,426.0,20600.0,96,20000.0,20000.0,57,1.0,82,1.0,16.0,25,4.0,1.0,2,3,2.0,1,2.0,3.0,1000,0.0,3.0,3.0,2,24.0,2.0,1,2.0,0,2019.0,52.0,1,6,89,1.0,0.0,0.0,0.0,0.0,5.0,200,1.0,2,2,600.0,1,2,3.0,4.0,1
0,501.0,47000.0,47,47000.0,47000.0,47,1.0,939,1.0,16.0,30,6.0,1.0,2,5,2.0,1,2.0,2.0,1000,0.0,2.0,2.0,2,40.0,2.0,1,2.0,0,1995.0,52.0,1,38,999,1.0,0.0,0.0,0.0,0.0,5.0,200,1.0,1,2,0.0,1,2,2.0,4.0,1
0,385.0,5500.0,42,5500.0,5500.0,93,6.0,32,1.0,16.0,20,1.0,2.0,2,1,2.0,1,2.0,2.0,1000,0.0,2.0,2.0,2,15.0,2.0,1,2.0,0,2007.0,18.0,1,38,999,3.0,0.0,0.0,0.0,0.0,5.0,200,1.0,1,2,0.0,1,2,3.0,4.0,1
0,385.0,72000.0,02,72000.0,0.0,01,1.0,32,1.0,16.0,21,1.0,1.0,2,1,2.0,1,2.0,3.0,1000,0.0,3.0,3.0,2,70.0,2.0,1,2.0,0,2007.0,52.0,1,38,999,6.0,0.0,0.0,0.0,0.0,5.0,200,1.0,1,2,0.0,1,2,3.0,4.0,1
0,501.0,870.0,54,870.0,870.0,79,6.0,112,1.0,20.0,20,1.0,2.0,2,1,2.0,1,2.0,2.0,1000,0.0,2.0,2.0,0,12.0,2.0,1,2.0,0,1991.0,2.0,1,38,999,1.0,0.0,0.0,0.0,0.0,5.0,600,1.0,1,2,0.0,1,2,3.0,4.0,1
0,501.0,139000.0,52,64000.0,64000.0,05,1.0,82,1.0,20.0,20,1.0,1.0,2,1,2.0,1,2.0,3.0,1000,0.0,3.0,3.0,0,40.0,2.0,1,2.0,0,2014.0,52.0,1,38,999,2.0,0.0,0.0,0.0,0.0,5.0,500,1.0,1,2,75000.0,1,2,3.0,4.0,1
0,501.0,52000.0,42,52000.0,52000.0,53,1.0,49,1.0,20.0,21,1.0,1.0,2,1,2.0,1,2.0,3.0,1000,0.0,3.0,3.0,0,40.0,2.0,1,2.0,0,2014.0,52.0,1,38,999,2.0,0.0,0.0,0.0,0.0,5.0,500,1.0,1,2,0.0,1,2,3.0,4.0,1
0,501.0,73030.0,63,73000.0,73000.0,07,1.0,999,1.0,16.0,25,6.0,1.0,1,5,2.0,1,2.0,3.0,1000,0.0,3.0,3.0,0,40.0,2.0,1,2.0,0,1995.0,52.0,1,27,999,1.0,0.0,0.0,0.0,0.0,5.0,400,1.0,4,1,30.0,1,2,3.0,4.0,1
0,143.0,30000.0,20,30000.0,30000.0,78,1.0,917,1.0,22.0,20,6.0,1.0,2,5,2.0,3,2.0,3.0,5013,0.0,3.0,3.0,0,40.0,2.0,3,2.0,1,1995.0,52.0,0,38,999,1.0,0.0,0.0,0.0,0.0,5.0,400,1.0,1,2,0.0,1,2,3.0,4.0,1
1,143.0,4900.0,23,4900.0,4900.0,78,6.0,917,1.0,19.0,25,6.0,2.0,2,5,2.0,3,2.0,2.0,5013,0.0,2.0,2.0,0,24.0,2.0,3,2.0,1,1995.0,14.0,0,38,999,3.0,0.0,0.0,0.0,0.0,5.0,400,1.0,1,2,0.0,1,2,3.0,4.0,1
0,297.0,131000.0,70,131000.0,131000.0,60,1.0,924,1.0,19.0,20,1.0,1.0,2,1,2.0,1,2.0,3.0,1000,0.0,3.0,3.0,0,60.0,2.0,1,2.0,0,2012.0,52.0,1,6,195,1.0,0.0,0.0,0.0,0.0,5.0,200,3.0,2,2,0.0,1,2,3.0,4.0,1
0,297.0,0.0,32,0.0,0.0,80,6.0,924,2.0,22.0,21,1.0,2.0,2,1,2.0,1,2.0,2.0,1000,0.0,2.0,2.0,0,40.0,2.0,1,2.0,0,2012.0,52.0,1,6,195,2.0,0.0,0.0,0.0,0.0,5.0,200,3.0,2,2,0.0,1,2,3.0,4.0,1
0,501.0,40700.0,50,40000.0,40000.0,01,1.0,82,1.0,21.0,21,1.0,1.0,2,1,2.0,1,2.0,3.0,1000,0.0,3.0,3.0,0,40.0,2.0,1,2.0,0,1992.0,52.0,1,38,999,1.0,0.0,700.0,0.0,0.0,5.0,400,1.0,1,2,0.0,1,2,3.0,4.0,1
0,501.0,85000.0,07,85000.0,85000.0,23,1.0,20,1.0,21.0,25,6.0,1.0,2,5,2.0,1,2.0,3.0,1000,0.0,3.0,3.0,0,40.0,2.0,1,2.0,0,1995.0,52.0,1,38,50,1.0,0.0,0.0,0.0,0.0,5.0,400,3.0,2,2,0.0,1,2,3.0,4.0,1
0,197.0,48000.0,04,48000.0,48000.0,63,1.0,690,1.0,22.0,20,1.0,1.0,2,1,2.0,10,2.0,3.0,4021,0.0,3.0,3.0,0,43.0,2.0,6,2.0,0,2017.0,52.0,0,238,999,1.0,0.0,0.0,0.0,0.0,5.0,600,1.0,1,2,0.0,4,2,3.0,4.0,1
0,197.0,0.0,23,0.0,0.0,78,6.0,690,2.0,22.0,21,1.0,2.0,2,1,2.0,10,2.0,2.0,4021,0.0,2.0,2.0,0,40.0,2.0,6,2.0,0,2017.0,52.0,0,238,999,1.0,0.0,0.0,0.0,0.0,5.0,600,1.0,1,2,0.0,4,2,3.0,4.0,1
0,297.0,60000.0,98,60000.0,60000.0,96,4.0,98,1.0,20.0,20,1.0,1.0,1,1,2.0,1,2.0,3.0,1000,0.0,3.0,3.0,0,48.0,2.0,1,2.0,0,2007.0,52.0,1,38,999,5.0,0.0,0.0,0.0,0.0,5.0,600,3.0,1,2,0.0,1,1,3.0,1.0,1
0,297.0,47000.0,23,47000.0,47000.0,78,1.0,32,1.0,22.0,21,1.0,1.0,2,1,2.0,1,2.0,3.0,1000,0.0,3.0,3.0,0,40.0,2.0,1,2.0,0,2007.0,40.0,1,38,999,4.0,0.0,0.0,0.0,0.0,5.0,600,3.0,1,2,0.0,1,2,3.0,4.0,1
0,297.0,0.0,42,0.0,0.0,69,6.0,98,3.0,14.0,25,6.0,2.0,1,5,2.0,1,2.0,2.0,1000,0.0,2.0,2.0,0,40.0,2.0,1,2.0,0,1995.0,52.0,1,38,999,1.0,0.0,0.0,0.0,0.0,5.0,600,3.0,1,1,0.0,1,2,3.0,4.0,1
0,501.0,140000.0,13,140000.0,140000.0,07,1.0,82,1.0,21.0,20,6.0,1.0,2,5,2.0,1,2.0,3.0,1000,0.0,3.0,3.0,0,60.0,2.0,1,2.0,0,1995.0,52.0,1,27,89,1.0,0.0,0.0,0.0,0.0,5.0,200,3.0,2,2,0.0,1,2,3.0,4.0,1
0,501.0,150000.0,02,150000.0,100000.0,01,1.0,32,1.0,13.0,20,6.0,1.0,2,5,2.0,1,2.0,3.0,1000,0.0,3.0,3.0,0,50.0,2.0,1,2.0,0,1995.0,52.0,1,38,999,6.0,0.0,0.0,0.0,0.0,5.0,400,1.0,1,2,0.0,1,2,3.0,4.0,1
1,58.0,9000.0,58,9000.0,9000.0,42,1.0,32,1.0,16.0,22,6.0,1.0,2,5,2.0,1,2.0,3.0,1000,0.0,3.0,3.0,0,20.0,2.0,1,2.0,0,1995.0,52.0,1,38,999,1.0,0.0,0.0,0.0,0.0,5.0,400,1.0,1,2,0.0,1,2,3.0,4.0,1
0,266.0,41200.0,73,40000.0,40000.0,88,3.0,89,1.0,19.0,20,6.0,2.0,2,5,2.0,1,2.0,1.0,1000,0.0,1.0,3.0,0,40.0,2.0,1,2.0,0,1995.0,40.0,1,38,82,1.0,0.0,0.0,1200.0,0.0,1.0,100,1.0,2,2,0.0,1,2,2.0,4.0,1
0,501.0,92000.0,00,92000.0,92000.0,53,1.0,94,1.0,18.0,20,6.0,1.0,2,5,2.0,1,2.0,3.0,1000,0.0,3.0,3.0,0,50.0,2.0,1,2.0,0,1995.0,52.0,1,6,210,1.0,0.0,0.0,0.0,0.0,5.0,300,1.0,2,2,0.0,1,2,3.0,4.0,2
0,290.0,70900.0,47,70000.0,70000.0,48,1.0,32,1.0,19.0,20,6.0,1.0,2,5,2.0,1,2.0,3.0,1000,0.0,3.0,3.0,1,70.0,2.0,1,2.0,0,1995.0,52.0,1,38,999,1.0,0.0,0.0,900.0,0.0,5.0,400,1.0,1,2,0.0,1,2,3.0,4.0,1
0,196.0,31000.0,64,31000.0,23000.0,07,1.0,32,1.0,21.0,22,6.0,1.0,2,5,2.0,1,2.0,3.0,1000,0.0,3.0,3.0,1,20.0,2.0,1,2.0,0,1995.0,52.0,1,38,999,1.0,0.0,0.0,0.0,0.0,5.0,400,1.0,1,2,0.0,1,2,3.0,4.0,1
1,79.0,24000.0,91,24000.0,24000.0,63,1.0,999,1.0,20.0,20,6.0,1.0,2,5,2.0,3,2.0,3.0,5024,0.0,3.0,3.0,0,30.0,2.0,3,2.0,1,1995.0,52.0,0,38,999,1.0,0.0,0.0,0.0,0.0,5.0,500,1.0,4,2,0.0,1,2,3.0,4.0,1
0,501.0,90000.0,22,90000.0,90000.0,78,1.0,32,1.0,24.0,20,1.0,1.0,2,1,2.0,1,2.0,3.0,1000,0.0,3.0,3.0,0,40.0,2.0,1,2.0,0,2002.0,52.0,1,38,999,2.0,0.0,0.0,0.0,0.0,5.0,300,1.0,1,2,0.0,1,2,3.0,4.0,1
0,501.0,80000.0,23,80000.0,80000.0,78,1.0,21,1.0,22.0,21,1.0,1.0,2,1,2.0,1,2.0,3.0,1000,0.0,3.0,3.0,0,35.0,2.0,1,2.0,0,2002.0,52.0,1,19,32,2.0,0.0,0.0,0.0,0.0,5.0,300,1.0,2,2,0.0,1,2,3.0,4.0,1
0,501.0,98000.0,91,96000.0,96000.0,03,1.0,21,1.0,16.0,20,1.0,1.0,2,1,2.0,1,2.0,3.0,1000,0.0,3.0,3.0,0,48.0,2.0,1,2.0,0,1984.0,47.0,1,38,32,1.0,0.0,0.0,0.0,0.0,5.0,200,1.0,2,2,2000.0,1,2,3.0,4.0,1
0,501.0,127000.0,00,127000.0,127000.0,78,1.0,32,1.0,22.0,20,1.0,1.0,2,1,2.0,1,2.0,3.0,1000,0.0,3.0,3.0,0,60.0,2.0,1,2.0,0,2022.0,52.0,1,38,82,4.0,0.0,0.0,0.0,0.0,5.0,200,1.0,2,2,0.0,1,2,3.0,4.0,1
0,501.0,60000.0,38,60000.0,60000.0,94,1.0,999,1.0,16.0,21,1.0,1.0,2,1,2.0,1,2.0,3.0,1000,0.0,3.0,3.0,0,45.0,2.0,1,2.0,0,2022.0,52.0,1,8,999,3.0,0.0,0.0,0.0,0.0,5.0,200,1.0,4,2,0.0,1,2,3.0,4.0,1
0,501.0,60000.0,32,60000.0,60000.0,83,1.0,50,1.0,21.0,20,1.0,1.0,2,1,2.0,1,2.0,3.0,1000,0.0,3.0,3.0,0,40.0,2.0,1,2.0,0,1995.0,52.0,1,19,917,2.0,0.0,0.0,0.0,0.0,5.0,400,1.0,2,2,0.0,1,2,3.0,4.0,1
0,501.0,60000.0,72,60000.0,60000.0,30,1.0,82,1.0,20.0,21,1.0,1.0,2,1,2.0,1,2.0,3.0,1000,0.0,3.0,3.0,0,50.0,2.0,1,2.0,0,1995.0,52.0,1,27,50,1.0,0.0,0.0,0.0,0.0,5.0,400,1.0,2,2,0.0,1,2,3.0,3.0,1
1,94.0,0.0,47,0.0,0.0,50,6.0,999,2.0,18.0,20,1.0,2.0,2,1,2.0,1,2.0,2.0,1000,0.0,2.0,2.0,0,40.0,2.0,1,2.0,0,2008.0,52.0,1,38,999,6.0,0.0,0.0,0.0,0.0,3.0,300,1.0,4,2,0.0,1,2,2.0,4.0,1
1,94.0,28000.0,91,28000.0,28000.0,46,1.0,924,1.0,17.0,21,1.0,1.0,2,1,2.0,1,2.0,3.0,1000,0.0,3.0,3.0,0,40.0,2.0,1,2.0,0,2008.0,52.0,1,38,999,1.0,0.0,0.0,0.0,0.0,5.0,300,1.0,1,2,0.0,1,2,3.0,4.0,1
0,321.0,50000.0,15,50000.0,50000.0,04,1.0,22,1.0,22.0,20,6.0,1.0,2,5,2.0,1,2.0,3.0,1000,0.0,3.0,3.0,0,40.0,2.0,1,2.0,0,1995.0,52.0,1,30,999,1.0,0.0,0.0,0.0,0.0,5.0,100,3.0,1,2,0.0,1,2,3.0,4.0,1
0,501.0,25000.0,49,25000.0,25000.0,70,1.0,50,1.0,21.0,20,1.0,1.0,2,1,2.0,1,2.0,3.0,1000,0.0,2.0,3.0,0,30.0,2.0,1,2.0,0,1989.0,52.0,1,19,999,7.0,0.0,0.0,0.0,0.0,5.0,600,1.0,1,2,0.0,1,2,3.0,4.0,1
0,483.0,70000.0,26,70000.0,70000.0,78,1.0,32,1.0,20.0,20,1.0,1.0,2,1,2.0,1,2.0,3.0,1000,0.0,3.0,3.0,0,40.0,2.0,1,2.0,0,1990.0,52.0,1,38,999,4.0,0.0,0.0,0.0,0.0,5.0,400,1.0,1,2,0.0,1,2,3.0,4.0,1
0,483.0,18000.0,91,2000.0,2000.0,46,6.0,87,1.0,16.0,21,1.0,2.0,1,1,1.0,1,1.0,2.0,1000,0.0,2.0,2.0,0,16.0,2.0,1,2.0,0,1990.0,4.0,1,38,999,1.0,14000.0,0.0,2000.0,0.0,5.0,400,1.0,1,2,0.0,1,1,3.0,2.0,1
0,501.0,107000.0,00,107000.0,107000.0,35,1.0,142,1.0,21.0,20,6.0,1.0,2,5,2.0,1,2.0,3.0,1000,0.0,3.0,3.0,0,40.0,2.0,1,2.0,0,1995.0,52.0,1,26,32,1.0,0.0,0.0,0.0,0.0,5.0,600,1.0,2,2,0.0,1,2,3.0,4.0,1
0,76.0,15000.0,96,15000.0,15000.0,53,1.0,920,1.0,18.0,20,4.0,1.0,1,3,2.0,3,2.0,3.0,5014,0.0,3.0,3.0,0,24.0,1.0,5,2.0,1,1993.0,52.0,0,38,999,1.0,0.0,0.0,0.0,0.0,5.0,400,1.0,1,2,0.0,1,2,3.0,4.0,1
1,76.0,0.0,42,0.0,0.0,69,6.0,920,3.0,18.0,25,6.0,1.0,1,5,1.0,3,1.0,2.0,5014,0.0,2.0,2.0,0,40.0,1.0,5,2.0,1,1995.0,52.0,0,38,999,1.0,0.0,0.0,0.0,0.0,2.0,400,1.0,1,1,0.0,1,2,2.0,4.0,1
0,229.0,48000.0,25,48000.0,48000.0,78,2.0,999,1.0,12.0,20,6.0,1.0,2,5,2.0,1,2.0,3.0,1000,0.0,3.0,3.0,0,40.0,2.0,1,2.0,0,1995.0,52.0,1,24,999,3.0,0.0,0.0,0.0,0.0,5.0,300,3.0,4,2,0.0,1,2,3.0,4.0,1
0,36.0,5700.0,42,0.0,0.0,69,6.0,999,3.0,15.0,22,6.0,1.0,1,5,1.0,1,1.0,3.0,1000,6800.0,3.0,3.0,0,40.0,2.0,1,2.0,0,1995.0,52.0,1,38,999,1.0,0.0,0.0,0.0,0.0,5.0,300,1.0,4,2,-1100.0,1,2,3.0,2.0,1
0,130.0,20000.0,53,20000.0,20000.0,78,1.0,32,1.0,21.0,20,6.0,1.0,2,5,2.0,1,2.0,3.0,1000,0.0,3.0,3.0,0,38.0,2.0,1,2.0,0,1995.0,52.0,1,38,82,3.0,0.0,0.0,0.0,0.0,5.0,300,3.0,2,2,0.0,1,2,3.0,4.0,1
0,91.0,14000.0,23,14000.0,14000.0,84,1.0,32,1.0,21.0,34,6.0,1.0,2,5,2.0,1,2.0,3.0,1000,0.0,3.0,3.0,0,40.0,2.0,1,2.0,0,1995.0,52.0,1,12,999,3.0,0.0,0.0,0.0,0.0,5.0,300,3.0,1,2,0.0,1,2,3.0,4.0,1
0,227.0,30000.0,91,30000.0,30000.0,61,1.0,32,1.0,20.0,20,1.0,1.0,2,1,2.0,1,2.0,3.0,1000,0.0,3.0,3.0,0,60.0,2.0,1,2.0,0,2016.0,52.0,1,38,999,1.0,0.0,0.0,0.0,0.0,5.0,400,1.0,1,2,0.0,1,2,3.0,4.0,1
0,227.0,40000.0,96,40000.0,40000.0,04,1.0,999,1.0,17.0,21,1.0,1.0,2,1,2.0,1,2.0,3.0,1000,0.0,3.0,3.0,0,40.0,2.0,1,2.0,0,2016.0,52.0,1,38,999,1.0,0.0,0.0,0.0,0.0,5.0,400,1.0,4,2,0.0,1,2,3.0,4.0,1
0,335.0,75010.0,14,75000.0,75000.0,30,1.0,82,1.0,21.0,20,1.0,1.0,2,1,2.0,1,2.0,3.0,1000,0.0,3.0,3.0,0,44.0,2.0,1,2.0,0,2021.0,52.0,1,38,999,1.0,0.0,0.0,0.0,0.0,5.0,400,1.0,1,2,10.0,1,2,3.0,4.0,1
0,335.0,6000.0,77,6000.0,6000.0,30,6.0,111,1.0,15.0,21,1.0,2.0,2,1,2.0,16,2.0,2.0,9000,0.0,2.0,2.0,0,40.0,2.0,9,2.0,0,2021.0,6.0,1,38,902,1.0,0.0,0.0,0.0,0.0,5.0,400,1.0,2,2,0.0,1,2,3.0,4.0,1
0,409.0,57000.0,04,0.0,0.0,95,6.0,87,2.0,16.0,20,1.0,2.0,2,1,2.0,1,2.0,2.0,1000,0.0,2.0,2.0,0,40.0,2.0,1,2.0,0,1980.0,52.0,1,38,999,5.0,0.0,57000.0,0.0,0.0,5.0,200,1.0,1,2,0.0,1,2,3.0,4.0,1
0,285.0,45000.0,63,45000.0,45000.0,07,1.0,221,1.0,19.0,20,6.0,1.0,2,5,2.0,1,2.0,3.0,1000,0.0,3.0,3.0,0,40.0,2.0,1,2.0,0,1995.0,52.0,1,13,32,1.0,0.0,0.0,0.0,0.0,5.0,600,3.0,2,2,0.0,1,2,3.0,4.0,2
0,501.0,80000.0,91,80000.0,80000.0,56,1.0,82,1.0,16.0,20,1.0,1.0,2,1,2.0,1,2.0,3.0,1000,0.0,3.0,3.0,0,60.0,2.0,1,2.0,0,1986.0,52.0,1,38,999,1.0,0.0,0.0,0.0,0.0,5.0,500,1.0,1,2,0.0,1,2,3.0,2.0,1
0,501.0,42000.0,47,42000.0,42000.0,49,1.0,82,1.0,16.0,21,1.0,1.0,2,1,2.0,1,2.0,3.0,1000,0.0,3.0,3.0,0,40.0,2.0,1,2.0,0,1986.0,52.0,1,38,999,1.0,0.0,0.0,0.0,0.0,5.0,500,1.0,1,2,0.0,1,2,3.0,4.0,1
0,501.0,38000.0,96,38000.0,38000.0,12,1.0,82,1.0,16.0,25,6.0,1.0,2,5,2.0,1,2.0,3.0,1000,0.0,3.0,3.0,0,40.0,2.0,1,2.0,0,1995.0,52.0,1,30,999,1.0,0.0,0.0,0.0,0.0,5.0,500,1.0,1,2,0.0,1,2,3.0,4.0,1
0,501.0,70950.0,91,70000.0,70000.0,56,1.0,82,1.0,18.0,25,4.0,1.0,2,3,2.0,1,2.0,3.0,1000,0.0,3.0,3.0,0,55.0,2.0,1,2.0,0,2010.0,52.0,1,30,999,1.0,0.0,0.0,950.0,0.0,5.0,500,1.0,1,2,0.0,1,2,3.0,4.0,1
0,500.0,90900.0,02,68000.0,68000.0,01,6.0,999,1.0,18.0,20,1.0,2.0,2,1,2.0,1,2.0,2.0,1000,0.0,2.0,2.0,0,40.0,2.0,1,2.0,0,1979.0,52.0,1,30,999,3.0,12000.0,10700.0,200.0,0.0,5.0,200,1.0,4,2,0.0,1,2,3.0,4.0,1
0,500.0,0.0,42,0.0,0.0,69,6.0,999,3.0,17.0,21,1.0,1.0,2,1,2.0,1,2.0,3.0,1000,0.0,3.0,3.0,0,40.0,2.0,1,2.0,0,1979.0,52.0,1,38,999,1.0,0.0,0.0,0.0,0.0,5.0,200,1.0,4,2,0.0,1,2,3.0,4.0,1
0,277.0,42200.0,52,42200.0,42200.0,68,1.0,32,1.0,21.0,20,6.0,1.0,1,5,2.0,1,2.0,3.0,1000,0.0,3.0,3.0,0,40.0,2.0,1,2.0,0,1995.0,52.0,1,38,999,1.0,0.0,0.0,0.0,0.0,5.0,300,1.0,1,2,0.0,1,1,3.0,4.0,1
1,83.0,12000.0,02,0.0,0.0,01,6.0,32,2.0,13.0,20,4.0,2.0,2,3,2.0,1,2.0,2.0,1000,0.0,2.0,2.0,0,40.0,2.0,1,2.0,0,1992.0,52.0,1,38,999,6.0,12000.0,0.0,0.0,0.0,5.0,400,1.0,1,2,0.0,1,2,3.0,4.0,1
0,446.0,50000.0,19,50000.0,50000.0,95,1.0,999,1.0,20.0,20,1.0,1.0,2,1,2.0,1,2.0,3.0,1000,0.0,3.0,3.0,0,45.0,2.0,1,2.0,0,2023.0,52.0,1,38,999,4.0,0.0,0.0,0.0,0.0,5.0,400,1.0,4,2,0.0,1,2,3.0,4.0,1
0,446.0,40000.0,86,40000.0,40000.0,69,2.0,999,1.0,16.0,21,1.0,1.0,2,1,2.0,1,2.0,3.0,1000,0.0,2.0,1.0,0,40.0,2.0,1,2.0,0,2023.0,52.0,1,38,999,1.0,0.0,0.0,0.0,0.0,5.0,400,1.0,4,2,0.0,1,2,3.0,4.0,1
0,319.0,25000.0,78,25000.0,25000.0,10,1.0,142,1.0,16.0,25,4.0,1.0,2,3,2.0,1,2.0,3.0,1000,0.0,3.0,3.0,0,60.0,2.0,1,2.0,0,2012.0,52.0,1,38,82,1.0,0.0,0.0,0.0,0.0,5.0,400,1.0,2,2,0.0,1,2,3.0,4.0,1
0,501.0,130000.0,63,130000.0,130000.0,07,1.0,32,1.0,19.0,20,6.0,1.0,2,5,2.0,1,2.0,3.0,1000,0.0,3.0,3.0,2,65.0,2.0,1,2.0,0,1995.0,52.0,1,19,999,1.0,0.0,0.0,0.0,0.0,5.0,100,1.0,1,2,0.0,1,2,3.0,4.0,1
0,501.0,50000.0,08,50000.0,50000.0,69,1.0,22,1.0,19.0,20,1.0,1.0,2,1,2.0,1,2.0,3.0,1000,0.0,3.0,3.0,0,40.0,2.0,1,2.0,0,2015.0,52.0,1,46,32,2.0,0.0,0.0,0.0,0.0,5.0,600,1.0,2,2,0.0,1,2,3.0,4.0,1
0,501.0,165000.0,02,165000.0,100000.0,07,1.0,22,1.0,16.0,21,1.0,1.0,2,1,2.0,17,2.0,3.0,9000,0.0,3.0,3.0,0,50.0,2.0,9,2.0,1,2015.0,52.0,1,38,32,6.0,0.0,0.0,0.0,0.0,5.0,600,1.0,2,2,0.0,1,2,3.0,4.0,1
0,325.0,98000.0,96,98000.0,98000.0,05,1.0,811,1.0,19.0,20,1.0,1.0,2,1,2.0,69,2.0,3.0,9000,0.0,3.0,3.0,2,50.0,2.0,9,2.0,0,2010.0,52.0,1,2,84,1.0,0.0,0.0,0.0,0.0,5.0,100,1.0,2,2,0.0,1,2,3.0,4.0,1
0,325.0,0.0,42,0.0,0.0,69,6.0,32,3.0,16.0,21,1.0,2.0,2,1,2.0,1,2.0,2.0,1000,0.0,2.0,2.0,2,40.0,2.0,1,2.0,0,2010.0,52.0,1,2,51,1.0,0.0,0.0,0.0,0.0,5.0,100,1.0,2,2,0.0,1,2,3.0,4.0,1
0,451.0,70000.0,58,70000.0,70000.0,69,1.0,82,1.0,21.0,20,6.0,1.0,2,5,2.0,1,2.0,3.0,1000,0.0,3.0,3.0,0,40.0,2.0,1,2.0,0,1995.0,52.0,1,38,999,1.0,0.0,0.0,0.0,0.0,5.0,600,1.0,1,2,0.0,1,2,3.0,4.0,1
0,426.0,26100.0,72,26100.0,26100.0,42,1.0,32,1.0,20.0,20,1.0,1.0,2,1,2.0,1,2.0,3.0,1000,0.0,3.0,3.0,0,45.0,2.0,1,2.0,0,2003.0,52.0,1,38,999,7.0,0.0,0.0,0.0,0.0,5.0,400,1.0,1,2,0.0,1,2,3.0,4.0,1
0,426.0,60000.0,05,60000.0,60000.0,44,1.0,32,1.0,18.0,21,1.0,1.0,2,1,2.0,1,2.0,3.0,1000,0.0,3.0,3.0,0,45.0,2.0,1,2.0,0,2003.0,52.0,1,38,999,1.0,0.0,0.0,0.0,0.0,5.0,400,1.0,1,2,0.0,1,2,3.0,4.0,1
0,462.0,75000.0,04,75000.0,75000.0,81,1.0,32,1.0,20.0,20,3.0,1.0,2,2,2.0,1,2.0,3.0,1000,0.0,3.0,3.0,0,40.0,2.0,1,2.0,0,2001.0,52.0,1,38,26,1.0,0.0,0.0,0.0,0.0,5.0,100,1.0,2,2,0.0,1,2,3.0,4.0,1
1,0.0,0.0,47,0.0,0.0,49,6.0,999,2.0,17.0,20,4.0,2.0,1,3,1.0,1,2.0,2.0,1000,0.0,2.0,2.0,0,40.0,2.0,1,2.0,0,2013.0,52.0,1,27,999,1.0,0.0,0.0,0.0,0.0,5.0,400,1.0,4,2,0.0,1,2,3.0,4.0,1
0,95.0,15000.0,77,15000.0,15000.0,39,1.0,999,1.0,16.0,20,6.0,1.0,2,5,2.0,1,2.0,3.0,1000,0.0,3.0,3.0,0,20.0,2.0,1,2.0,0,1995.0,52.0,1,8,999,1.0,0.0,0.0,0.0,0.0,5.0,200,1.0,4,2,0.0,1,2,3.0,4.0,1
0,501.0,35800.0,47,35000.0,35000.0,47,1.0,22,1.0,21.0,20,1.0,1.0,2,1,2.0,1,2.0,3.0,1000,0.0,3.0,3.0,0,40.0,2.0,1,2.0,0,1983.0,52.0,1,55,82,1.0,0.0,0.0,0.0,0.0,5.0,500,1.0,2,2,800.0,1,2,3.0,4.0,1
0,501.0,55200.0,09,55000.0,55000.0,78,1.0,32,1.0,21.0,21,1.0,1.0,2,1,2.0,1,2.0,3.0,1000,0.0,3.0,3.0,0,50.0,2.0,1,2.0,0,1983.0,52.0,1,38,82,4.0,0.0,0.0,0.0,0.0,5.0,500,1.0,2,2,200.0,1,2,3.0,4.0,1
0,501.0,80060.0,35,80000.0,80000.0,81,1.0,32,1.0,23.0,25,6.0,1.0,2,5,2.0,1,2.0,3.0,1000,0.0,3.0,3.0,0,50.0,2.0,1,2.0,0,1995.0,52.0,1,38,22,1.0,0.0,0.0,0.0,0.0,5.0,500,1.0,2,2,60.0,1,2,3.0,4.0,1
0,501.0,78000.0,23,78000.0,78000.0,78,1.0,171,1.0,22.0,21,1.0,1.0,2,1,2.0,1,2.0,3.0,1000,0.0,3.0,3.0,0,50.0,2.0,1,2.0,0,1979.0,52.0,1,38,999,1.0,0.0,0.0,0.0,0.0,5.0,600,1.0,1,2,0.0,1,2,3.0,4.0,1
0,333.0,52000.0,20,52000.0,52000.0,91,1.0,51,1.0,19.0,20,6.0,1.0,2,5,2.0,1,2.0,3.0,1000,0.0,3.0,3.0,0,70.0,2.0,1,2.0,0,1995.0,52.0,1,38,82,2.0,0.0,0.0,0.0,0.0,5.0,200,3.0,2,2,0.0,1,2,3.0,4.0,1
0,9.0,1500.0,46,1500.0,0.0,92,1.0,32,1.0,21.0,20,6.0,1.0,2,5,2.0,1,2.0,3.0,1000,0.0,3.0,3.0,0,5.0,2.0,1,2.0,0,1995.0,30.0,1,27,82,6.0,0.0,0.0,0.0,0.0,5.0,500,1.0,2,2,0.0,1,2,3.0,4.0,1
0,260.0,12000.0,23,12000.0,12000.0,78,1.0,32,1.0,21.0,20,1.0,1.0,2,1,2.0,1,2.0,3.0,1000,0.0,3.0,3.0,0,20.0,2.0,1,2.0,0,2001.0,52.0,1,27,999,3.0,0.0,0.0,0.0,0.0,5.0,400,1.0,1,2,0.0,1,2,3.0,4.0,1
0,260.0,65000.0,65,65000.0,65000.0,28,1.0,32,1.0,16.0,21,1.0,1.0,2,1,2.0,1,2.0,3.0,1000,0.0,3.0,3.0,0,40.0,2.0,1,2.0,0,2001.0,52.0,1,38,999,1.0,0.0,0.0,0.0,0.0,5.0,400,1.0,1,2,0.0,1,2,3.0,4.0,1
0,425.0,60000.0,32,60000.0,60000.0,81,1.0,32,1.0,22.0,20,1.0,1.0,2,1,2.0,1,2.0,3.0,1000,0.0,3.0,3.0,0,20.0,2.0,1,2.0,0,2010.0,52.0,1,38,999,1.0,0.0,0.0,0.0,0.0,5.0,400,1.0,1,2,0.0,1,2,3.0,4.0,1
0,425.0,90000.0,02,90000.0,0.0,01,1.0,89,1.0,21.0,21,1.0,1.0,2,1,2.0,1,2.0,3.0,1000,0.0,3.0,3.0,0,60.0,2.0,1,2.0,0,2010.0,52.0,1,38,999,6.0,0.0,0.0,0.0,0.0,5.0,400,1.0,1,2,0.0,1,2,3.0,4.0,1
0,501.0,111000.0,86,111000.0,111000.0,05,1.0,32,1.0,19.0,20,4.0,1.0,2,3,2.0,1,2.0,3.0,1000,0.0,3.0,3.0,0,40.0,2.0,1,2.0,0,2000.0,52.0,1,38,999,1.0,0.0,0.0,0.0,0.0,5.0,200,1.0,1,2,0.0,1,2,3.0,4.0,1
0,111.0,11900.0,40,11900.0,11900.0,78,1.0,50,1.0,21.0,20,1.0,1.0,2,1,2.0,1,2.0,3.0,1000,0.0,3.0,3.0,0,72.0,2.0,1,2.0,0,1992.0,52.0,1,36,32,3.0,0.0,0.0,0.0,0.0,5.0,400,1.0,2,2,0.0,1,2,3.0,4.0,1
1,111.0,10300.0,91,8700.0,8700.0,07,1.0,26,1.0,16.0,21,1.0,1.0,2,1,2.0,1,2.0,3.0,1000,0.0,3.0,3.0,0,30.0,2.0,1,2.0,0,1992.0,35.0,1,36,22,1.0,0.0,0.0,1600.0,0.0,5.0,400,1.0,2,2,0.0,1,2,3.0,4.0,1
0,292.0,35400.0,96,35400.0,35400.0,46,1.0,32,1.0,16.0,20,1.0,1.0,2,1,2.0,1,2.0,3.0,1000,0.0,3.0,3.0,0,40.0,2.0,1,2.0,0,2017.0,52.0,1,38,50,1.0,0.0,0.0,0.0,0.0,5.0,300,1.0,2,2,0.0,1,2,3.0,3.0,1
0,292.0,54000.0,20,54000.0,54000.0,80,1.0,210,1.0,21.0,21,1.0,1.0,2,1,2.0,15,2.0,3.0,8000,0.0,3.0,3.0,0,40.0,2.0,8,2.0,0,2017.0,52.0,0,6,999,4.0,0.0,0.0,0.0,0.0,5.0,300,1.0,1,2,0.0,1,2,3.0,4.0,2
1,209.0,11000.0,93,11000.0,11000.0,70,1.0,924,1.0,16.0,20,6.0,1.0,2,5,2.0,1,2.0,3.0,1000,0.0,3.0,3.0,0,70.0,2.0,1,2.0,0,1995.0,52.0,1,38,32,1.0,0.0,0.0,0.0,0.0,5.0,300,1.0,2,2,0.0,1,2,3.0,4.0,1
0,123.0,19200.0,48,0.0,0.0,66,6.0,82,2.0,20.0,20,3.0,2.0,1,2,1.0,1,1.0,2.0,1000,0.0,2.0,2.0,0,40.0,2.0,1,2.0,0,1984.0,52.0,1,26,89,1.0,15000.0,0.0,0.0,4200.0,5.0,400,1.0,2,2,0.0,1,2,3.0,2.0,1
0,323.0,46000.0,25,0.0,0.0,78,6.0,32,2.0,16.0,20,3.0,2.0,2,2,2.0,1,2.0,2.0,1000,0.0,2.0,2.0,2,40.0,2.0,1,2.0,0,1975.0,52.0,1,38,999,2.0,24000.0,0.0,0.0,0.0,5.0,400,1.0,1,2,22000.0,1,2,3.0,4.0,1
0,220.0,45000.0,32,45000.0,45000.0,82,1.0,82,1.0,20.0,20,4.0,1.0,2,3,2.0,1,2.0,3.0,1000,0.0,3.0,3.0,0,40.0,2.0,1,2.0,0,2012.0,52.0,1,38,999,1.0,0.0,0.0,0.0,0.0,5.0,500,3.0,1,2,0.0,1,2,3.0,4.0,1
0,260.0,40000.0,72,40000.0,40000.0,87,1.0,32,1.0,16.0,22,6.0,1.0,2,5,2.0,1,2.0,3.0,1000,0.0,3.0,3.0,0,50.0,2.0,1,2.0,0,1995.0,52.0,1,17,999,1.0,0.0,0.0,0.0,0.0,5.0,500,1.0,1,2,0.0,1,2,3.0,4.0,1
0,118.0,18100.0,31,18100.0,18100.0,80,1.0,32,1.0,24.0,20,6.0,1.0,2,5,2.0,1,2.0,3.0,1000,0.0,3.0,3.0,1,32.0,2.0,1,2.0,0,1995.0,20.0,1,38,26,1.0,0.0,0.0,0.0,0.0,5.0,600,3.0,2,2,0.0,1,2,3.0,4.0,1
0,216.0,34000.0,36,34000.0,34000.0,83,1.0,939,1.0,16.0,20,6.0,1.0,2,5,2.0,1,2.0,3.0,1000,0.0,3.0,3.0,0,40.0,2.0,1,2.0,0,1995.0,52.0,1,38,999,2.0,0.0,0.0,0.0,0.0,5.0,200,3.0,1,2,0.0,1,2,3.0,4.0,1
0,292.0,34300.0,47,33000.0,33000.0,49,2.0,122,1.0,19.0,20,1.0,1.0,2,1,2.0,1,2.0,3.0,1000,0.0,2.0,1.0,0,40.0,2.0,1,2.0,0,2023.0,52.0,1,38,999,2.0,0.0,1300.0,0.0,0.0,5.0,600,3.0,1,2,0.0,1,2,3.0,4.0,1
0,292.0,37000.0,96,37000.0,37000.0,63,1.0,902,1.0,18.0,21,1.0,1.0,2,1,2.0,2,2.0,3.0,3000,0.0,3.0,3.0,0,45.0,2.0,2,2.0,0,2023.0,52.0,0,38,999,1.0,0.0,0.0,0.0,0.0,5.0,600,3.0,1,2,0.0,1,2,3.0,4.0,1
0,347.0,54000.0,37,54000.0,54000.0,96,4.0,996,1.0,20.0,20,4.0,1.0,2,3,2.0,1,2.0,3.0,1000,0.0,3.0,3.0,0,50.0,2.0,1,2.0,0,2010.0,52.0,1,42,999,5.0,0.0,0.0,0.0,0.0,5.0,200,1.0,3,2,0.0,1,2,3.0,1.0,1
0,501.0,95000.0,24,95000.0,95000.0,78,1.0,24,1.0,22.0,20,1.0,1.0,2,1,2.0,1,2.0,3.0,1000,0.0,3.0,3.0,0,40.0,2.0,1,2.0,0,1998.0,52.0,1,27,995,3.0,0.0,0.0,0.0,0.0,5.0,200,1.0,1,2,0.0,1,2,3.0,4.0,1
0,501.0,10000.0,63,10000.0,10000.0,07,1.0,24,1.0,20.0,21,1.0,1.0,2,1,2.0,1,2.0,3.0,1000,0.0,3.0,3.0,0,50.0,2.0,1,2.0,0,1998.0,52.0,1,27,148,1.0,0.0,0.0,0.0,0.0,5.0,200,1.0,2,2,0.0,1,2,3.0,4.0,1
0,501.0,65000.0,23,65000.0,65000.0,78,1.0,82,1.0,21.0,20,1.0,1.0,2,1,2.0,1,2.0,3.0,1000,0.0,3.0,3.0,0,40.0,2.0,1,2.0,0,1996.0,40.0,1,38,32,3.0,0.0,0.0,0.0,0.0,5.0,400,1.0,2,2,0.0,1,2,3.0,4.0,1
0,501.0,80000.0,48,80000.0,75000.0,10,1.0,32,1.0,20.0,21,1.0,1.0,2,1,2.0,1,2.0,3.0,1000,0.0,3.0,3.0,0,40.0,2.0,1,2.0,0,1996.0,52.0,1,38,82,1.0,0.0,0.0,0.0,0.0,5.0,400,1.0,2,2,0.0,1,2,3.0,4.0,1
1,48.0,10000.0,36,10000.0,10000.0,89,1.0,26,1.0,16.0,20,4.0,1.0,2,3,2.0,1,2.0,3.0,1000,0.0,3.0,3.0,0,35.0,2.0,1,2.0,0,2012.0,52.0,1,30,98,1.0,0.0,0.0,0.0,0.0,5.0,400,1.0,2,2,0.0,1,2,3.0,4.0,1
0,501.0,30000.0,51,19000.0,19000.0,01,6.0,32,1.0,18.0,21,1.0,2.0,2,1,2.0,1,2.0,2.0,1000,0.0,2.0,2.0,2,30.0,2.0,1,2.0,0,1982.0,10.0,1,38,999,1.0,11000.0,0.0,0.0,0.0,5.0,200,1.0,1,2,0.0,1,2,3.0,4.0,1
0,294.0,30000.0,45,30000.0,30000.0,89,1.0,999,1.0,19.0,20,1.0,1.0,2,1,2.0,1,2.0,3.0,1000,0.0,3.0,3.0,2,32.0,2.0,1,2.0,0,2007.0,52.0,1,38,999,7.0,0.0,0.0,0.0,0.0,5.0,600,1.0,4,2,0.0,1,2,3.0,4.0,1
0,294.0,74100.0,02,74000.0,74000.0,07,1.0,999,1.0,16.0,21,1.0,1.0,2,1,2.0,1,2.0,3.0,1000,0.0,3.0,3.0,1,40.0,2.0,1,2.0,0,2007.0,52.0,1,46,999,1.0,0.0,0.0,0.0,0.0,5.0,600,1.0,4,2,100.0,1,2,3.0,4.0,1
0,294.0,3600.0,42,3600.0,0.0,92,1.0,999,1.0,16.0,25,6.0,1.0,2,5,2.0,1,2.0,3.0,1000,0.0,3.0,3.0,0,20.0,2.0,1,2.0,0,1995.0,52.0,1,38,999,6.0,0.0,0.0,0.0,0.0,5.0,600,1.0,4,2,0.0,1,2,3.0,4.0,1
0,501.0,93000.0,72,93000.0,93000.0,03,1.0,32,1.0,20.0,20,6.0,1.0,2,5,2.0,1,2.0,3.0,1000,0.0,3.0,3.0,0,42.0,2.0,1,2.0,0,1995.0,46.0,1,38,82,1.0,0.0,0.0,0.0,0.0,5.0,300,1.0,2,2,0.0,1,2,3.0,4.0,1
0,153.0,24000.0,42,0.0,0.0,69,6.0,82,3.0,20.0,20,4.0,2.0,2,3,2.0,1,2.0,2.0,1000,0.0,2.0,2.0,1,40.0,2.0,1,2.0,0,2005.0,52.0,1,38,999,1.0,24000.0,0.0,0.0,0.0,5.0,200,1.0,1,2,0.0,1,2,3.0,4.0,1
0,418.0,66000.0,52,64000.0,64000.0,95,1.0,32,1.0,21.0,20,6.0,1.0,2,5,2.0,1,2.0,3.0,1000,0.0,3.0,3.0,0,40.0,2.0,1,2.0,0,1995.0,52.0,1,38,148,5.0,0.0,0.0,0.0,0.0,5.0,300,1.0,2,2,2000.0,1,2,3.0,2.0,1
0,88.0,7800.0,32,7800.0,7800.0,81,1.0,720,1.0,22.0,20,1.0,1.0,2,1,2.0,6,2.0,2.0,4008,0.0,2.0,2.0,0,48.0,2.0,6,2.0,0,2017.0,52.0,0,233,999,4.0,0.0,0.0,0.0,0.0,5.0,600,2.0,1,2,0.0,4,2,3.0,4.0,1
0,88.0,9800.0,33,9800.0,9800.0,81,1.0,720,1.0,21.0,21,1.0,1.0,2,1,2.0,6,2.0,2.0,4008,0.0,2.0,2.0,0,40.0,2.0,6,2.0,0,2017.0,52.0,0,233,999,4.0,0.0,0.0,0.0,0.0,5.0,600,2.0,1,2,0.0,4,2,3.0,4.0,1
0,432.0,90000.0,75,90000.0,90000.0,04,1.0,32,1.0,16.0,20,6.0,1.0,2,5,2.0,1,2.0,3.0,1000,0.0,3.0,3.0,0,99.0,2.0,1,2.0,0,1995.0,52.0,1,27,50,1.0,0.0,0.0,0.0,0.0,5.0,100,1.0,2,2,0.0,1,2,3.0,4.0,1
1,0.0,0.0,46,0.0,0.0,84,6.0,32,2.0,16.0,22,6.0,2.0,2,5,2.0,1,2.0,2.0,1000,0.0,2.0,2.0,0,40.0,2.0,1,2.0,0,1995.0,52.0,1,27,89,2.0,0.0,0.0,0.0,0.0,5.0,100,3.0,2,2,0.0,1,2,3.0,4.0,1
0,501.0,180000.0,31,180000.0,180000.0,81,1.0,82,1.0,22.0,20,1.0,1.0,2,1,2.0,1,2.0,3.0,1000,0.0,3.0,3.0,0,48.0,2.0,1,2.0,0,2011.0,52.0,1,38,32,2.0,0.0,0.0,0.0,0.0,5.0,500,3.0,2,2,0.0,1,2,3.0,4.0,1
0,501.0,15000.0,33,15000.0,15000.0,81,1.0,32,1.0,21.0,21,1.0,1.0,2,1,2.0,1,2.0,3.0,1000,0.0,3.0,3.0,0,16.0,2.0,1,2.0,0,2011.0,52.0,1,38,999,2.0,0.0,0.0,0.0,0.0,5.0,500,3.0,1,2,0.0,1,2,3.0,4.0,1
0,321.0,130000.0,28,130000.0,130000.0,95,1.0,50,1.0,21.0,20,1.0,1.0,2,1,2.0,1,2.0,3.0,1000,0.0,3.0,3.0,0,40.0,2.0,1,2.0,0,2007.0,52.0,1,29,999,5.0,0.0,0.0,0.0,0.0,5.0,200,1.0,1,2,0.0,1,2,3.0,2.0,1
0,321.0,0.0,42,0.0,0.0,69,6.0,22,3.0,21.0,21,1.0,2.0,2,1,2.0,1,2.0,2.0,1000,0.0,2.0,2.0,0,40.0,2.0,1,2.0,0,2007.0,52.0,1,29,999,1.0,0.0,0.0,0.0,0.0,5.0,200,1.0,1,2,0.0,1,2,3.0,4.0,1
0,169.0,60170.0,38,60000.0,60000.0,96,4.0,995,1.0,21.0,20,1.0,1.0,2,1,2.0,29,2.0,3.0,9000,0.0,3.0,3.0,0,40.0,2.0,9,2.0,0,2008.0,52.0,1,51,999,5.0,0.0,0.0,0.0,0.0,5.0,500,1.0,3,2,170.0,1,2,3.0,1.0,1
0,169.0,60.0,42,0.0,0.0,69,6.0,995,3.0,21.0,21,1.0,2.0,2,1,2.0,29,2.0,2.0,9000,0.0,2.0,2.0,0,40.0,2.0,9,2.0,0,2008.0,52.0,1,26,999,1.0,0.0,0.0,0.0,0.0,5.0,500,1.0,3,2,60.0,1,2,3.0,4.0,1
0,358.0,45000.0,52,45000.0,45000.0,48,1.0,32,1.0,16.0,25,6.0,1.0,2,5,2.0,1,2.0,3.0,1000,0.0,3.0,3.0,0,40.0,2.0,1,2.0,0,1995.0,52.0,1,38,999,1.0,0.0,0.0,0.0,0.0,5.0,300,1.0,1,2,0.0,1,2,3.0,4.0,1
0,236.0,24000.0,36,24000.0,24000.0,82,1.0,82,1.0,18.0,20,1.0,1.0,2,1,2.0,1,2.0,3.0,1000,0.0,3.0,3.0,0,32.0,2.0,1,2.0,0,2022.0,52.0,1,38,32,1.0,0.0,0.0,0.0,0.0,5.0,100,1.0,2,2,0.0,1,2,3.0,4.0,1
0,236.0,23500.0,42,0.0,0.0,69,6.0,82,3.0,19.0,21,1.0,2.0,1,1,1.0,1,1.0,2.0,1000,0.0,2.0,2.0,2,40.0,1.0,1,1.0,0,2022.0,52.0,1,38,32,1.0,23500.0,0.0,0.0,0.0,5.0,100,1.0,2,2,0.0,1,1,3.0,4.0,1
0,422.0,100000.0,01,100000.0,100000.0,66,1.0,82,1.0,22.0,20,1.0,1.0,2,1,2.0,1,2.0,3.0,1000,0.0,3.0,3.0,0,40.0,2.0,1,2.0,0,2012.0,52.0,1,38,26,1.0,0.0,0.0,0.0,0.0,5.0,100,1.0,2,2,0.0,1,2,3.0,4.0,1
0,422.0,50000.0,02,50000.0,0.0,07,1.0,82,1.0,20.0,21,1.0,1.0,2,1,2.0,1,2.0,3.0,1000,0.0,3.0,3.0,0,50.0,2.0,1,2.0,0,2012.0,52.0,1,38,999,6.0,0.0,0.0,0.0,0.0,5.0,100,1.0,1,2,0.0,1,2,3.0,4.0,1
0,296.0,46000.0,72,46000.0,46000.0,87,1.0,32,1.0,20.0,20,6.0,1.0,2,5,2.0,1,2.0,3.0,1000,0.0,3.0,3.0,0,45.0,2.0,1,2.0,0,1995.0,52.0,1,27,999,1.0,0.0,0.0,0.0,0.0,5.0,300,3.0,1,2,0.0,1,2,3.0,4.0,1
0,501.0,90000.0,15,90000.0,90000.0,30,1.0,32,1.0,19.0,20,6.0,1.0,2,5,2.0,1,2.0,2.0,1000,0.0,2.0,2.0,2,60.0,2.0,1,2.0,0,1995.0,52.0,1,38,999,1.0,0.0,0.0,0.0,0.0,1.0,400,1.0,1,2,0.0,1,2,3.0,4.0,1
0,329.0,60000.0,08,60000.0,60000.0,86,1.0,32,1.0,21.0,20,1.0,1.0,2,1,2.0,1,2.0,3.0,1000,0.0,3.0,3.0,0,45.0,2.0,1,2.0,0,2013.0,52.0,1,27,82,1.0,0.0,0.0,0.0,0.0,5.0,500,1.0,2,2,0.0,1,2,3.0,4.0,1
0,329.0,40000.0,32,40000.0,40000.0,79,1.0,32,1.0,21.0,21,1.0,1.0,2,1,2.0,1,2.0,3.0,1000,0.0,3.0,3.0,0,37.0,2.0,1,2.0,0,2013.0,52.0,1,38,82,1.0,0.0,0.0,0.0,0.0,5.0,500,1.0,2,2,0.0,1,2,3.0,4.0,1
0,190.0,30000.0,91,30000.0,30000.0,42,1.0,999,1.0,20.0,20,6.0,1.0,2,5,2.0,6,2.0,3.0,4008,0.0,3.0,3.0,0,45.0,2.0,6,2.0,0,1995.0,52.0,0,233,999,1.0,0.0,0.0,0.0,0.0,5.0,300,3.0,4,2,0.0,4,2,3.0,4.0,1
0,19.0,3000.0,42,3000.0,3000.0,77,6.0,999,1.0,20.0,34,6.0,1.0,2,5,2.0,1,2.0,3.0,1000,0.0,3.0,3.0,0,20.0,2.0,1,2.0,0,1995.0,10.0,1,38,999,3.0,0.0,0.0,0.0,0.0,5.0,300,3.0,4,2,0.0,1,2,3.0,4.0,1
0,393.0,61000.0,76,61000.0,61000.0,44,1.0,51,1.0,19.0,20,4.0,1.0,1,3,2.0,1,2.0,3.0,1000,0.0,3.0,3.0,0,55.0,2.0,1,2.0,0,2017.0,52.0,1,34,50,1.0,0.0,0.0,0.0,0.0,5.0,100,3.0,2,1,0.0,1,2,3.0,4.0,1
0,501.0,76000.0,32,52000.0,52000.0,80,1.0,32,1.0,22.0,22,4.0,1.0,2,3,2.0,1,2.0,3.0,1000,0.0,3.0,3.0,0,40.0,2.0,1,2.0,0,1975.0,52.0,1,38,142,1.0,0.0,24000.0,0.0,0.0,5.0,400,1.0,2,2,0.0,1,2,3.0,4.0,1
0,457.0,33000.0,96,33000.0,33000.0,29,1.0,32,1.0,16.0,25,6.0,1.0,1,5,2.0,1,2.0,3.0,1000,0.0,3.0,3.0,0,36.0,2.0,1,2.0,0,1995.0,52.0,1,38,142,1.0,0.0,0.0,0.0,0.0,5.0,400,1.0,2,1,0.0,1,2,3.0,4.0,1
0,328.0,50000.0,47,50000.0,50000.0,46,1.0,142,1.0,16.0,20,6.0,1.0,2,5,2.0,1,2.0,3.0,1000,0.0,3.0,3.0,0,40.0,2.0,1,2.0,0,1995.0,52.0,1,38,32,1.0,0.0,0.0,0.0,0.0,5.0,500,1.0,2,2,0.0,1,2,3.0,4.0,1
0,501.0,153000.0,90,145000.0,145000.0,78,1.0,32,1.0,22.0,20,1.0,1.0,2,1,2.0,1,2.0,3.0,1000,0.0,3.0,3.0,0,40.0,2.0,1,2.0,0,2008.0,52.0,1,27,999,4.0,0.0,0.0,0.0,0.0,5.0,500,1.0,1,2,8000.0,1,2,3.0,4.0,1
0,501.0,115000.0,00,115000.0,115000.0,78,1.0,32,1.0,22.0,21,1.0,1.0,2,1,2.0,1,2.0,3.0,1000,0.0,3.0,3.0,0,40.0,2.0,1,2.0,0,2008.0,52.0,1,55,999,4.0,0.0,0.0,0.0,0.0,5.0,500,1.0,1,2,0.0,1,2,3.0,4.0,1
0,234.0,14000.0,49,14000.0,14000.0,70,1.0,20,1.0,19.0,20,1.0,1.0,2,1,2.0,1,2.0,3.0,1000,0.0,3.0,3.0,1,40.0,2.0,1,2.0,0,2020.0,52.0,1,16,88,1.0,0.0,0.0,0.0,0.0,5.0,500,3.0,2,2,0.0,1,2,3.0,4.0,1
0,234.0,33100.0,98,33100.0,33100.0,97,4.0,999,1.0,19.0,21,1.0,1.0,2,1,2.0,1,2.0,3.0,1000,0.0,3.0,3.0,0,40.0,2.0,1,2.0,0,2020.0,52.0,1,16,999,5.0,0.0,0.0,0.0,0.0,5.0,500,3.0,4,2,0.0,1,2,3.0,1.0,1
0,225.0,21600.0,42,0.0,0.0,69,6.0,917,3.0,16.0,20,1.0,2.0,2,1,2.0,3,2.0,2.0,5024,0.0,2.0,2.0,2,40.0,2.0,3,2.0,1,2017.0,52.0,0,38,999,1.0,21600.0,0.0,0.0,0.0,5.0,500,3.0,1,2,0.0,1,2,3.0,2.0,1
0,225.0,44700.0,88,44700.0,44700.0,11,1.0,720,1.0,16.0,21,1.0,1.0,2,1,2.0,6,2.0,3.0,4008,0.0,3.0,3.0,0,48.0,2.0,6,2.0,0,2017.0,52.0,0,233,999,1.0,0.0,0.0,0.0,0.0,5.0,500,1.0,1,2,0.0,4,2,3.0,4.0,1
0,332.0,52000.0,52,52000.0,52000.0,73,1.0,32,1.0,16.0,20,6.0,1.0,2,5,2.0,1,2.0,3.0,1000,0.0,3.0,3.0,0,40.0,2.0,1,2.0,0,1995.0,52.0,1,53,22,5.0,0.0,0.0,0.0,0.0,5.0,500,1.0,2,2,0.0,1,2,3.0,2.0,1
1,178.0,60600.0,46,60000.0,60000.0,85,1.0,89,1.0,19.0,20,5.0,1.0,2,4,2.0,1,2.0,3.0,1000,0.0,3.0,3.0,0,40.0,2.0,1,2.0,0,2006.0,48.0,1,49,50,1.0,0.0,0.0,0.0,600.0,5.0,200,1.0,2,2,0.0,1,2,3.0,4.0,1
0,501.0,130000.0,03,130000.0,130000.0,82,1.0,32,1.0,21.0,20,4.0,1.0,2,3,2.0,1,2.0,3.0,1000,0.0,3.0,3.0,2,50.0,2.0,1,2.0,0,2000.0,52.0,1,38,82,2.0,0.0,0.0,0.0,0.0,5.0,400,1.0,2,2,0.0,1,2,3.0,4.0,1
0,501.0,3000.0,96,3000.0,0.0,88,6.0,32,1.0,16.0,25,6.0,2.0,1,5,1.0,1,2.0,2.0,1000,0.0,2.0,2.0,2,5.0,2.0,1,2.0,0,1995.0,5.0,1,38,82,6.0,0.0,0.0,0.0,0.0,5.0,400,1.0,2,2,0.0,1,2,3.0,4.0,1
0,179.0,5000.0,36,5000.0,5000.0,83,1.0,996,1.0,20.0,20,1.0,1.0,2,1,2.0,1,2.0,3.0,1000,0.0,3.0,3.0,0,40.0,2.0,1,2.0,0,2016.0,52.0,1,27,999,1.0,0.0,0.0,0.0,0.0,5.0,400,1.0,3,2,0.0,1,2,3.0,4.0,1
0,179.0,50000.0,25,50000.0,50000.0,44,1.0,999,1.0,20.0,21,1.0,1.0,2,1,2.0,1,2.0,3.0,1000,0.0,3.0,3.0,0,45.0,2.0,1,2.0,0,2016.0,52.0,1,8,999,1.0,0.0,0.0,0.0,0.0,5.0,400,1.0,4,2,0.0,1,2,3.0,4.0,1
0,394.0,60000.0,57,60000.0,60000.0,61,1.0,999,1.0,21.0,20,4.0,1.0,2,3,2.0,1,2.0,3.0,1000,0.0,3.0,3.0,0,40.0,2.0,1,2.0,0,2006.0,52.0,1,38,999,1.0,0.0,0.0,0.0,0.0,5.0,600,1.0,4,2,0.0,1,2,3.0,4.0,1
0,501.0,85000.0,15,85000.0,85000.0,95,1.0,82,1.0,20.0,20,1.0,1.0,2,1,2.0,1,2.0,3.0,1000,0.0,3.0,3.0,0,40.0,2.0,1,2.0,0,2001.0,52.0,1,38,999,4.0,0.0,0.0,0.0,0.0,5.0,300,1.0,1,2,0.0,1,2,3.0,4.0,1
0,501.0,25000.0,42,0.0,0.0,69,6.0,32,3.0,19.0,21,1.0,2.0,1,1,2.0,1,1.0,2.0,1000,0.0,2.0,2.0,0,40.0,2.0,1,2.0,0,2001.0,52.0,1,38,999,1.0,12000.0,13000.0,0.0,0.0,5.0,300,1.0,1,2,0.0,1,2,3.0,4.0,1
0,303.0,50000.0,71,50000.0,50000.0,96,4.0,88,1.0,18.0,20,1.0,1.0,2,1,2.0,1,2.0,3.0,1000,0.0,3.0,3.0,0,40.0,2.0,1,2.0,0,2020.0,52.0,1,6,32,5.0,0.0,0.0,0.0,0.0,5.0,500,1.0,2,2,0.0,1,2,3.0,1.0,1
0,303.0,11000.0,96,11000.0,11000.0,53,6.0,32,1.0,18.0,21,1.0,2.0,2,1,2.0,1,2.0,2.0,1000,0.0,2.0,2.0,0,28.0,2.0,1,2.0,0,2020.0,38.0,1,24,94,1.0,0.0,0.0,0.0,0.0,5.0,500,1.0,2,2,0.0,1,2,3.0,4.0,1
0,501.0,120000.0,02,120000.0,120000.0,01,1.0,32,1.0,20.0,20,6.0,1.0,1,5,1.0,16,1.0,3.0,9000,0.0,3.0,3.0,0,55.0,2.0,9,2.0,0,1995.0,52.0,1,38,82,7.0,0.0,0.0,0.0,0.0,5.0,500,1.0,2,2,0.0,1,1,3.0,4.0,1
0,329.0,46900.0,62,48000.0,0.0,07,1.0,32,1.0,16.0,20,3.0,1.0,2,2,2.0,1,2.0,3.0,1000,0.0,3.0,3.0,2,35.0,2.0,1,2.0,0,1979.0,52.0,1,38,999,6.0,0.0,0.0,0.0,0.0,5.0,400,1.0,1,2,-1100.0,1,2,3.0,4.0,1
0,424.0,0.0,42,0.0,0.0,69,6.0,920,3.0,17.0,21,1.0,2.0,1,1,2.0,3,1.0,2.0,5013,0.0,2.0,2.0,2,40.0,1.0,3,1.0,1,1991.0,52.0,0,38,999,1.0,0.0,0.0,0.0,0.0,5.0,500,1.0,1,2,0.0,1,2,3.0,4.0,1
0,501.0,120000.0,63,120000.0,120000.0,07,1.0,82,1.0,16.0,20,1.0,1.0,2,1,2.0,1,2.0,3.0,1000,0.0,3.0,3.0,0,50.0,2.0,1,2.0,0,2008.0,48.0,1,38,88,1.0,0.0,0.0,0.0,0.0,5.0,100,1.0,2,2,0.0,1,2,3.0,4.0,1
0,501.0,85000.0,33,85000.0,85000.0,81,1.0,142,1.0,20.0,21,1.0,1.0,2,1,2.0,1,2.0,3.0,1000,0.0,3.0,3.0,0,40.0,2.0,1,2.0,0,2008.0,48.0,1,30,999,2.0,0.0,0.0,0.0,0.0,5.0,100,1.0,1,2,0.0,1,2,3.0,4.0,1
0,258.0,49600.0,28,16500.0,15000.0,78,1.0,999,1.0,24.0,20,1.0,1.0,2,1,2.0,1,2.0,3.0,1000,0.0,3.0,3.0,0,45.0,2.0,1,2.0,0,2001.0,12.0,1,38,999,4.0,0.0,0.0,15600.0,17500.0,5.0,600,1.0,4,2,0.0,1,2,3.0,4.0,1
0,258.0,30000.0,52,30000.0,30000.0,02,1.0,999,1.0,24.0,21,1.0,1.0,2,1,2.0,1,2.0,3.0,1000,0.0,3.0,3.0,0,60.0,2.0,1,2.0,0,2001.0,52.0,1,38,999,1.0,0.0,0.0,0.0,0.0,5.0,600,1.0,4,2,0.0,1,2,3.0,4.0,1
0,501.0,151000.0,04,146000.0,146000.0,39,1.0,82,1.0,21.0,20,1.0,1.0,2,1,2.0,1,2.0,3.0,1000,0.0,3.0,3.0,0,50.0,2.0,1,2.0,0,2019.0,52.0,1,38,999,1.0,0.0,0.0,0.0,0.0,5.0,600,1.0,1,2,5000.0,1,2,3.0,4.0,1
0,501.0,62000.0,31,57000.0,57000.0,81,1.0,999,1.0,22.0,21,1.0,1.0,2,1,2.0,1,2.0,3.0,1000,0.0,3.0,3.0,0,45.0,2.0,1,2.0,0,2019.0,52.0,1,38,999,1.0,0.0,0.0,0.0,0.0,5.0,600,1.0,4,2,5000.0,1,2,3.0,4.0,1
0,501.0,86800.0,02,80000.0,10000.0,01,6.0,32,1.0,16.0,20,6.0,2.0,2,5,2.0,1,2.0,2.0,1000,0.0,2.0,2.0,2,7.0,2.0,1,2.0,0,1995.0,30.0,1,53,82,6.0,0.0,0.0,0.0,0.0,1.0,400,1.0,2,2,6800.0,1,2,3.0,4.0,1
0,501.0,33000.0,23,33000.0,33000.0,78,1.0,32,1.0,21.0,20,1.0,1.0,2,1,2.0,1,2.0,3.0,1000,0.0,3.0,3.0,0,60.0,2.0,1,2.0,0,2015.0,52.0,1,38,999,3.0,0.0,0.0,0.0,0.0,5.0,400,1.0,1,2,0.0,1,2,3.0,4.0,1
0,415.0,18800.0,40,18800.0,18800.0,84,1.0,996,1.0,20.0,20,1.0,1.0,2,1,2.0,1,2.0,3.0,1000,0.0,3.0,3.0,0,20.0,2.0,1,2.0,0,2009.0,52.0,1,38,999,1.0,0.0,0.0,0.0,0.0,5.0,300,1.0,3,2,0.0,1,2,3.0,4.0,1
0,415.0,105000.0,32,105000.0,105000.0,81,1.0,999,1.0,21.0,21,1.0,1.0,2,1,2.0,1,2.0,3.0,1000,0.0,3.0,3.0,0,55.0,2.0,1,2.0,0,2009.0,48.0,1,38,999,1.0,0.0,0.0,0.0,0.0,5.0,300,1.0,4,2,0.0,1,2,3.0,4.0,1
0,501.0,120000.0,11,120000.0,120000.0,05,1.0,999,1.0,21.0,20,6.0,1.0,2,5,2.0,3,2.0,3.0,5013,0.0,3.0,3.0,2,50.0,2.0,3,2.0,1,1995.0,52.0,0,35,999,1.0,0.0,0.0,0.0,0.0,5.0,300,1.0,4,2,0.0,1,2,3.0,4.0,1
0,304.0,63000.0,11,63000.0,63000.0,73,1.0,82,1.0,18.0,20,1.0,1.0,2,1,2.0,1,2.0,3.0,1000,0.0,3.0,3.0,0,40.0,2.0,1,2.0,0,1985.0,52.0,1,27,26,1.0,0.0,0.0,0.0,0.0,5.0,500,1.0,2,2,0.0,1,2,3.0,4.0,1
0,91.0,18170.0,42,18000.0,18000.0,86,1.0,917,1.0,18.0,20,5.0,1.0,1,4,2.0,3,2.0,3.0,5013,0.0,3.0,3.0,0,40.0,1.0,3,2.0,1,1994.0,52.0,0,17,32,1.0,0.0,0.0,0.0,170.0,5.0,400,1.0,2,1,0.0,1,1,3.0,4.0,1
0,91.0,400.0,42,0.0,0.0,69,6.0,999,3.0,1.0,25,6.0,1.0,2,5,2.0,3,2.0,3.0,5013,0.0,3.0,3.0,0,40.0,2.0,3,2.0,1,1995.0,52.0,0,5,999,1.0,0.0,0.0,0.0,400.0,5.0,400,1.0,4,2,0.0,1,2,3.0,4.0,1
0,325.0,50000.0,55,50000.0,50000.0,63,1.0,82,1.0,16.0,20,6.0,1.0,2,5,2.0,1,2.0,3.0,1000,0.0,3.0,3.0,2,40.0,2.0,1,2.0,0,1995.0,52.0,1,8,999,5.0,0.0,0.0,0.0,0.0,5.0,500,3.0,1,2,0.0,1,2,3.0,4.0,1
0,185.0,32000.0,36,32000.0,32000.0,79,1.0,32,1.0,20.0,20,1.0,1.0,2,1,2.0,1,2.0,3.0,1000,0.0,3.0,3.0,2,37.0,2.0,1,2.0,0,2007.0,52.0,1,38,82,1.0,0.0,0.0,0.0,0.0,5.0,500,1.0,2,2,0.0,1,2,3.0,4.0,1
0,185.0,40500.0,60,40000.0,40000.0,01,1.0,32,1.0,16.0,21,1.0,1.0,2,1,2.0,1,2.0,3.0,1000,0.0,3.0,3.0,0,50.0,2.0,1,2.0,0,2007.0,52.0,1,30,82,1.0,0.0,0.0,500.0,0.0,5.0,500,1.0,2,2,0.0,1,2,3.0,2.0,1
0,235.0,47000.0,79,47000.0,47000.0,27,1.0,32,1.0,17.0,20,4.0,1.0,2,3,2.0,1,2.0,3.0,1000,0.0,3.0,3.0,0,40.0,2.0,1,2.0,0,1987.0,52.0,1,27,82,1.0,0.0,0.0,0.0,0.0,5.0,500,1.0,2,2,0.0,1,2,3.0,4.0,1
0,235.0,0.0,42,0.0,0.0,76,6.0,32,2.0,17.0,25,6.0,2.0,2,5,2.0,1,2.0,2.0,1000,0.0,2.0,2.0,0,40.0,2.0,1,2.0,0,1995.0,52.0,1,27,999,1.0,0.0,0.0,0.0,0.0,5.0,500,1.0,1,2,0.0,1,2,3.0,4.0,1
0,19.0,3000.0,42,0.0,0.0,76,6.0,50,2.0,12.0,36,6.0,2.0,1,5,1.0,1,1.0,2.0,1000,0.0,2.0,2.0,2,40.0,1.0,1,2.0,0,1995.0,52.0,1,27,999,1.0,0.0,0.0,0.0,3000.0,5.0,500,1.0,1,2,0.0,1,2,3.0,4.0,1
0,501.0,125000.0,36,68000.0,68000.0,95,1.0,32,1.0,22.0,20,2.0,1.0,2,1,2.0,1,2.0,3.0,1000,0.0,3.0,3.0,0,40.0,2.0,1,2.0,0,2015.0,52.0,1,20,148,5.0,0.0,42000.0,15000.0,0.0,5.0,200,1.0,2,2,0.0,1,2,3.0,2.0,1
0,265.0,0.0,42,0.0,0.0,69,6.0,999,3.0,17.0,20,1.0,1.0,1,1,2.0,1,1.0,3.0,1000,0.0,3.0,3.0,0,40.0,2.0,1,2.0,0,1992.0,52.0,1,27,999,1.0,0.0,0.0,0.0,0.0,5.0,100,1.0,4,2,0.0,1,2,3.0,4.0,1
0,265.0,54000.0,23,54000.0,0.0,78,1.0,999,1.0,21.0,21,1.0,1.0,2,1,2.0,1,2.0,3.0,1000,0.0,3.0,3.0,0,60.0,2.0,1,2.0,0,1992.0,52.0,1,27,999,6.0,0.0,0.0,0.0,0.0,5.0,100,1.0,4,2,0.0,1,2,3.0,4.0,1
0,449.0,65000.0,32,65000.0,65000.0,81,1.0,935,1.0,21.0,20,1.0,1.0,2,1,2.0,17,2.0,3.0,9000,0.0,3.0,3.0,0,40.0,2.0,9,2.0,1,2011.0,52.0,1,38,24,2.0,0.0,0.0,0.0,0.0,5.0,400,1.0,2,2,0.0,1,2,3.0,4.0,1
0,449.0,45000.0,62,45000.0,45000.0,07,1.0,935,1.0,18.0,21,1.0,1.0,2,1,2.0,17,2.0,3.0,9000,0.0,3.0,3.0,0,40.0,2.0,9,2.0,1,2011.0,52.0,1,38,920,1.0,0.0,0.0,0.0,0.0,5.0,400,1.0,2,2,0.0,1,2,3.0,4.0,1
0,388.0,56500.0,47,37600.0,37600.0,53,1.0,32,1.0,16.0,20,4.0,1.0,2,3,2.0,1,2.0,2.0,1000,0.0,2.0,2.0,0,40.0,2.0,1,2.0,0,1973.0,52.0,1,38,94,1.0,0.0,0.0,18900.0,0.0,5.0,200,1.0,2,2,0.0,1,2,2.0,4.0,1
0,189.0,58000.0,34,58000.0,55000.0,50,1.0,999,1.0,18.0,20,2.0,1.0,2,1,2.0,1,2.0,3.0,1000,0.0,3.0,3.0,0,34.0,2.0,1,2.0,0,2012.0,52.0,1,27,999,1.0,0.0,0.0,0.0,0.0,5.0,400,1.0,4,2,0.0,1,2,3.0,4.0,1
0,501.0,170000.0,10,170000.0,170000.0,73,1.0,32,1.0,21.0,20,1.0,1.0,2,1,2.0,1,2.0,3.0,1000,0.0,3.0,3.0,0,40.0,2.0,1,2.0,0,2004.0,52.0,1,12,999,1.0,0.0,0.0,0.0,0.0,5.0,400,1.0,1,2,0.0,1,2,3.0,4.0,1
0,501.0,143000.0,14,143000.0,143000.0,33,1.0,98,1.0,21.0,21,1.0,1.0,2,1,2.0,1,2.0,3.0,1000,0.0,3.0,3.0,0,40.0,2.0,1,2.0,0,2004.0,52.0,1,53,32,1.0,0.0,0.0,0.0,0.0,5.0,400,1.0,2,2,0.0,1,2,3.0,4.0,1
0,501.0,100000.0,01,100000.0,100000.0,60,1.0,32,1.0,22.0,21,1.0,1.0,2,1,2.0,1,2.0,3.0,1000,0.0,3.0,3.0,0,40.0,2.0,1,2.0,0,2021.0,52.0,1,19,999,1.0,0.0,0.0,0.0,0.0,5.0,500,1.0,1,2,0.0,1,2,3.0,4.0,1
0,501.0,55000.0,36,55000.0,55000.0,82,1.0,122,1.0,16.0,20,1.0,1.0,2,1,2.0,1,2.0,3.0,1000,0.0,3.0,3.0,0,40.0,2.0,1,2.0,0,2013.0,52.0,1,38,999,2.0,0.0,0.0,0.0,0.0,5.0,300,1.0,1,2,0.0,1,2,3.0,4.0,1
0,501.0,62000.0,73,62000.0,62000.0,83,1.0,122,1.0,17.0,21,1.0,1.0,2,1,2.0,1,2.0,3.0,1000,0.0,3.0,3.0,0,40.0,2.0,1,2.0,0,2013.0,52.0,1,38,999,2.0,0.0,0.0,0.0,0.0,5.0,300,1.0,1,2,0.0,1,2,3.0,4.0,1
0,130.0,20000.0,47,20000.0,20000.0,50,1.0,195,1.0,21.0,20,6.0,1.0,2,5,2.0,1,2.0,3.0,1000,0.0,3.0,3.0,1,45.0,2.0,1,2.0,0,1995.0,52.0,1,53,999,1.0,0.0,0.0,0.0,0.0,5.0,500,1.0,1,2,0.0,1,2,3.0,4.0,1
0,501.0,60000.0,72,60000.0,60000.0,46,1.0,32,1.0,18.0,20,6.0,1.0,2,5,2.0,1,2.0,3.0,1000,0.0,3.0,3.0,0,42.0,2.0,1,2.0,0,1995.0,52.0,1,38,999,1.0,0.0,0.0,0.0,0.0,5.0,300,1.0,1,2,0.0,1,2,3.0,4.0,1
0,501.0,100000.0,73,100000.0,100000.0,07,1.0,32,1.0,16.0,28,6.0,1.0,2,5,2.0,1,2.0,3.0,1000,0.0,3.0,3.0,0,70.0,2.0,1,2.0,0,1995.0,30.0,1,38,999,1.0,0.0,0.0,0.0,0.0,5.0,300,1.0,1,2,0.0,1,2,3.0,4.0,1
0,501.0,8000.0,57,8000.0,8000.0,79,1.0,82,1.0,21.0,21,1.0,1.0,2,1,2.0,1,2.0,3.0,1000,0.0,3.0,3.0,0,25.0,2.0,1,2.0,0,1999.0,20.0,1,38,88,1.0,0.0,0.0,0.0,0.0,5.0,600,1.0,2,2,0.0,1,2,3.0,4.0,1
0,96.0,34000.0,34,34000.0,34000.0,81,1.0,996,1.0,16.0,20,6.0,1.0,2,5,2.0,1,2.0,3.0,1000,0.0,3.0,3.0,0,40.0,2.0,1,2.0,0,1995.0,52.0,1,18,999,2.0,0.0,0.0,0.0,0.0,5.0,600,1.0,3,2,0.0,1,2,3.0,4.0,1
0,216.0,34000.0,93,34000.0,34000.0,87,1.0,996,1.0,16.0,34,6.0,1.0,2,5,2.0,1,2.0,3.0,1000,0.0,3.0,3.0,0,40.0,2.0,1,2.0,0,1995.0,52.0,1,48,999,1.0,0.0,0.0,0.0,0.0,5.0,600,1.0,3,2,0.0,1,2,3.0,4.0,1
0,431.0,65000.0,32,65000.0,65000.0,79,1.0,999,1.0,21.0,20,1.0,1.0,2,1,2.0,1,2.0,3.0,1000,0.0,3.0,3.0,0,40.0,2.0,1,2.0,0,2020.0,52.0,1,38,999,1.0,0.0,0.0,0.0,0.0,5.0,300,1.0,4,2,0.0,1,2,3.0,4.0,1
0,431.0,63000.0,64,63000.0,63000.0,20,1.0,999,1.0,19.0,21,1.0,1.0,2,1,2.0,1,2.0,3.0,1000,0.0,3.0,3.0,0,50.0,2.0,1,2.0,0,2020.0,52.0,1,30,999,1.0,0.0,0.0,0.0,0.0,5.0,300,1.0,4,2,0.0,1,2,3.0,4.0,1
0,314.0,43200.0,02,31000.0,0.0,01,1.0,32,1.0,16.0,20,1.0,1.0,2,1,2.0,1,2.0,2.0,1000,0.0,2.0,2.0,1,40.0,2.0,1,2.0,0,1978.0,52.0,1,38,50,6.0,0.0,0.0,0.0,0.0,5.0,100,1.0,2,2,12200.0,1,2,3.0,4.0,1
0,314.0,12400.0,02,2400.0,0.0,01,1.0,32,1.0,16.0,21,1.0,1.0,2,1,2.0,1,2.0,3.0,1000,0.0,3.0,3.0,1,2.0,2.0,1,2.0,0,1978.0,52.0,1,38,50,6.0,0.0,0.0,0.0,0.0,5.0,100,1.0,2,2,10000.0,1,2,3.0,4.0,1
0,317.0,49000.0,47,49000.0,49000.0,46,1.0,939,1.0,20.0,20,4.0,1.0,2,3,2.0,1,2.0,3.0,1000,0.0,3.0,3.0,0,40.0,2.0,1,2.0,0,2005.0,52.0,1,1,999,1.0,0.0,0.0,0.0,0.0,5.0,400,1.0,1,2,0.0,1,2,3.0,4.0,1
0,298.0,46000.0,47,46000.0,46000.0,53,1.0,939,1.0,17.0,22,3.0,1.0,2,2,2.0,1,2.0,3.0,1000,0.0,3.0,3.0,0,52.0,2.0,1,2.0,0,1989.0,52.0,1,45,999,1.0,0.0,0.0,0.0,0.0,5.0,400,1.0,1,2,0.0,1,2,3.0,4.0,1
0,185.0,0.0,42,0.0,0.0,69,6.0,32,3.0,21.0,20,1.0,2.0,2,1,2.0,1,2.0,2.0,1000,0.0,2.0,2.0,2,40.0,2.0,1,2.0,0,2015.0,52.0,1,38,999,1.0,0.0,0.0,0.0,0.0,5.0,400,3.0,1,2,0.0,1,2,3.0,4.0,1
0,185.0,67000.0,02,60000.0,0.0,01,1.0,32,1.0,20.0,21,1.0,1.0,2,1,2.0,1,2.0,3.0,1000,0.0,3.0,3.0,2,60.0,2.0,1,2.0,0,2015.0,52.0,1,38,999,6.0,0.0,0.0,0.0,0.0,5.0,400,3.0,1,2,7000.0,1,2,3.0,4.0,1
0,256.0,40000.0,85,40000.0,40000.0,38,1.0,32,1.0,18.0,20,6.0,1.0,2,5,2.0,1,2.0,3.0,1000,0.0,3.0,3.0,0,45.0,2.0,1,2.0,0,1995.0,44.0,1,38,290,1.0,0.0,0.0,0.0,0.0,5.0,500,3.0,2,2,0.0,1,2,3.0,4.0,1
0,112.0,17600.0,96,17000.0,7000.0,63,6.0,425,1.0,19.0,34,6.0,2.0,2,5,2.0,1,2.0,2.0,1000,0.0,2.0,2.0,2,8.0,2.0,1,2.0,0,1995.0,16.0,1,38,999,1.0,0.0,0.0,0.0,0.0,5.0,500,3.0,1,2,600.0,1,2,3.0,4.0,1
0,173.0,27000.0,47,27000.0,27000.0,51,1.0,50,1.0,19.0,34,6.0,1.0,2,5,2.0,1,2.0,3.0,1000,0.0,3.0,3.0,2,32.0,2.0,1,2.0,0,1995.0,52.0,1,38,999,1.0,0.0,0.0,0.0,0.0,5.0,500,1.0,1,2,0.0,1,2,3.0,4.0,1
0,501.0,103000.0,16,100000.0,100000.0,94,1.0,50,1.0,22.0,20,2.0,1.0,2,1,2.0,1,2.0,3.0,1000,0.0,3.0,3.0,0,40.0,2.0,1,2.0,0,2004.0,52.0,1,38,32,5.0,0.0,0.0,0.0,0.0,5.0,400,1.0,2,2,3000.0,1,2,3.0,4.0,1
0,256.0,40000.0,02,40000.0,0.0,01,1.0,32,1.0,19.0,20,1.0,1.0,2,1,2.0,1,2.0,3.0,1000,0.0,3.0,3.0,1,70.0,2.0,1,2.0,0,1997.0,52.0,1,38,995,6.0,0.0,0.0,0.0,0.0,5.0,400,1.0,1,2,0.0,1,2,3.0,4.0,1
0,256.0,17000.0,32,17000.0,17000.0,81,1.0,995,1.0,21.0,21,1.0,1.0,1,1,1.0,1,2.0,3.0,1000,0.0,3.0,3.0,1,12.0,2.0,1,2.0,0,1997.0,48.0,1,31,999,1.0,0.0,0.0,0.0,0.0,5.0,400,1.0,3,2,0.0,1,2,3.0,4.0,1
0,501.0,99000.0,57,99000.0,99000.0,19,1.0,32,1.0,19.0,20,1.0,1.0,2,1,2.0,1,2.0,3.0,1000,0.0,3.0,3.0,0,45.0,2.0,1,2.0,0,1987.0,52.0,1,27,999,1.0,0.0,0.0,0.0,0.0,5.0,400,1.0,1,2,0.0,1,2,3.0,4.0,1
0,501.0,62000.0,86,62000.0,62000.0,05,1.0,82,1.0,16.0,21,1.0,1.0,2,1,2.0,1,2.0,3.0,1000,0.0,3.0,3.0,0,40.0,2.0,1,2.0,0,1987.0,52.0,1,27,999,1.0,0.0,0.0,0.0,0.0,5.0,400,1.0,1,2,0.0,1,2,3.0,4.0,1
0,398.0,75000.0,52,75000.0,75000.0,66,1.0,142,1.0,19.0,20,1.0,1.0,2,1,2.0,1,2.0,3.0,1000,0.0,3.0,3.0,0,40.0,2.0,1,2.0,0,2008.0,52.0,1,27,8,2.0,0.0,0.0,0.0,0.0,5.0,100,1.0,2,2,0.0,1,2,3.0,4.0,1
0,398.0,4900.0,52,6000.0,6000.0,44,1.0,82,1.0,18.0,21,1.0,1.0,2,1,2.0,1,2.0,3.0,1000,0.0,3.0,3.0,0,40.0,2.0,1,2.0,0,2008.0,52.0,1,38,32,2.0,0.0,0.0,0.0,0.0,5.0,100,1.0,2,2,-1100.0,1,2,3.0,4.0,1
0,191.0,45000.0,02,45000.0,0.0,01,1.0,924,1.0,19.0,20,1.0,1.0,2,1,2.0,1,2.0,3.0,1000,0.0,3.0,3.0,2,85.0,2.0,1,2.0,0,2011.0,52.0,1,38,999,6.0,0.0,0.0,0.0,0.0,5.0,400,1.0,1,2,0.0,1,2,3.0,4.0,1
0,191.0,32400.0,02,24000.0,0.0,01,1.0,924,1.0,16.0,21,1.0,1.0,2,1,2.0,1,2.0,3.0,1000,0.0,3.0,3.0,1,45.0,2.0,1,2.0,0,2011.0,52.0,1,38,999,6.0,0.0,0.0,8400.0,0.0,5.0,400,1.0,1,2,0.0,1,2,3.0,4.0,1
0,191.0,0.0,42,0.0,0.0,69,6.0,924,3.0,15.0,27,6.0,2.0,2,5,2.0,1,2.0,2.0,1000,0.0,2.0,2.0,2,40.0,2.0,1,2.0,0,1995.0,52.0,1,38,999,1.0,0.0,0.0,0.0,0.0,5.0,400,1.0,1,2,0.0,1,2,3.0,4.0,1
0,429.0,73000.0,10,73000.0,73000.0,81,1.0,999,1.0,21.0,20,1.0,1.0,2,1,2.0,1,2.0,3.0,1000,0.0,3.0,3.0,0,40.0,2.0,1,2.0,0,2015.0,52.0,1,27,999,2.0,0.0,0.0,0.0,0.0,5.0,500,1.0,4,2,0.0,1,2,3.0,4.0,1
0,429.0,55000.0,47,55000.0,55000.0,48,1.0,999,1.0,19.0,21,1.0,1.0,1,1,2.0,1,1.0,3.0,1000,0.0,3.0,3.0,0,43.0,2.0,1,2.0,0,2015.0,52.0,1,38,999,1.0,0.0,0.0,0.0,0.0,5.0,500,1.0,4,2,0.0,1,2,3.0,4.0,1
0,420.0,64000.0,96,64000.0,64000.0,45,1.0,999,1.0,15.0,20,6.0,1.0,2,5,2.0,1,2.0,3.0,1000,0.0,3.0,3.0,0,52.0,2.0,1,2.0,0,1995.0,48.0,1,46,999,1.0,0.0,0.0,0.0,0.0,5.0,400,3.0,4,2,0.0,1,2,3.0,4.0,1
0,229.0,35120.0,28,35100.0,35000.0,65,1.0,32,1.0,21.0,20,6.0,1.0,2,5,2.0,1,2.0,3.0,1000,0.0,3.0,3.0,0,35.0,2.0,1,2.0,0,1995.0,52.0,1,38,999,1.0,0.0,0.0,0.0,0.0,5.0,300,1.0,1,2,20.0,1,2,3.0,4.0,1
0,238.0,37000.0,72,37000.0,37000.0,87,1.0,32,1.0,20.0,20,6.0,1.0,2,5,2.0,1,2.0,3.0,1000,0.0,3.0,3.0,1,40.0,2.0,1,2.0,0,1995.0,52.0,1,38,999,1.0,0.0,0.0,0.0,0.0,5.0,400,1.0,1,2,0.0,1,2,3.0,4.0,1
0,472.0,0.0,42,0.0,0.0,69,6.0,999,3.0,16.0,21,1.0,1.0,2,1,2.0,1,2.0,3.0,1000,0.0,3.0,3.0,0,40.0,2.0,1,2.0,0,1999.0,52.0,1,38,999,1.0,0.0,0.0,0.0,0.0,5.0,400,1.0,4,2,0.0,1,2,3.0,4.0,1
0,326.0,52000.0,09,52000.0,52000.0,68,1.0,82,1.0,21.0,20,1.0,1.0,2,1,2.0,1,2.0,3.0,1000,0.0,3.0,3.0,0,40.0,2.0,1,2.0,0,2017.0,52.0,1,38,89,1.0,0.0,0.0,0.0,0.0,5.0,600,1.0,2,2,0.0,1,2,3.0,4.0,1
0,326.0,48000.0,23,48000.0,48000.0,78,1.0,82,1.0,22.0,21,1.0,1.0,2,1,2.0,1,2.0,3.0,1000,0.0,3.0,3.0,0,40.0,2.0,1,2.0,0,2017.0,38.0,1,38,32,3.0,0.0,0.0,0.0,0.0,5.0,600,1.0,2,2,0.0,1,2,3.0,4.0,1
0,501.0,47300.0,89,47300.0,47300.0,10,1.0,999,1.0,16.0,20,1.0,1.0,1,1,1.0,1,2.0,3.0,1000,0.0,3.0,3.0,0,40.0,2.0,1,2.0,0,2019.0,45.0,1,38,999,1.0,0.0,0.0,0.0,0.0,5.0,400,1.0,4,1,0.0,1,2,3.0,4.0,1
0,501.0,100000.0,23,100000.0,100000.0,30,1.0,999,1.0,21.0,23,1.0,1.0,2,1,2.0,1,2.0,3.0,1000,0.0,3.0,3.0,0,40.0,2.0,1,2.0,0,2019.0,52.0,1,38,999,1.0,0.0,0.0,0.0,0.0,5.0,400,1.0,4,2,0.0,1,2,3.0,4.0,1
0,404.0,63000.0,55,63000.0,63000.0,63,1.0,32,1.0,19.0,20,6.0,1.0,1,5,2.0,1,2.0,3.0,1000,0.0,3.0,3.0,0,42.0,2.0,1,2.0,0,1995.0,52.0,1,38,50,1.0,0.0,0.0,0.0,0.0,5.0,200,1.0,2,2,0.0,1,1,3.0,4.0,1
1,114.0,24000.0,91,24000.0,24000.0,63,1.0,211,1.0,17.0,20,2.0,1.0,1,1,1.0,15,2.0,3.0,8000,0.0,3.0,3.0,0,30.0,2.0,8,2.0,0,2019.0,52.0,0,31,999,1.0,0.0,0.0,0.0,0.0,5.0,100,1.0,1,2,0.0,1,2,3.0,4.0,2
0,332.0,20000.0,02,15000.0,15000.0,07,1.0,82,1.0,20.0,20,1.0,1.0,2,1,2.0,1,2.0,3.0,1000,0.0,3.0,3.0,1,20.0,2.0,1,2.0,0,2016.0,52.0,1,38,999,7.0,0.0,0.0,0.0,0.0,5.0,500,1.0,1,2,5000.0,1,2,3.0,4.0,1
0,332.0,110000.0,02,110000.0,60000.0,07,1.0,82,1.0,18.0,21,1.0,1.0,2,1,2.0,1,2.0,3.0,1000,0.0,3.0,3.0,2,40.0,2.0,1,2.0,0,2016.0,52.0,1,38,999,7.0,0.0,0.0,0.0,0.0,5.0,500,1.0,1,2,0.0,1,2,3.0,4.0,1
0,501.0,0.0,42,0.0,0.0,69,6.0,50,3.0,21.0,21,1.0,2.0,2,1,2.0,1,2.0,2.0,1000,0.0,2.0,2.0,0,40.0,2.0,1,2.0,0,1985.0,52.0,1,27,999,1.0,0.0,0.0,0.0,0.0,5.0,600,1.0,1,2,0.0,1,2,3.0,4.0,1
0,501.0,40000.0,96,40000.0,40000.0,44,3.0,32,1.0,17.0,25,6.0,2.0,2,5,2.0,1,2.0,1.0,1000,0.0,2.0,2.0,0,50.0,2.0,1,2.0,0,1995.0,44.0,1,38,999,1.0,0.0,0.0,0.0,0.0,1.0,600,1.0,1,2,0.0,1,2,3.0,4.0,1
0,280.0,73000.0,19,73000.0,57000.0,01,1.0,20,1.0,20.0,20,1.0,1.0,2,1,2.0,1,2.0,3.0,1000,0.0,3.0,3.0,0,40.0,2.0,1,2.0,0,2018.0,52.0,1,38,999,1.0,0.0,0.0,0.0,0.0,5.0,100,1.0,1,2,0.0,1,2,3.0,4.0,1
0,280.0,15000.0,36,15000.0,15000.0,81,1.0,995,1.0,16.0,21,1.0,1.0,2,1,2.0,29,2.0,3.0,9000,0.0,3.0,3.0,0,32.0,2.0,9,2.0,0,2018.0,26.0,1,38,999,1.0,0.0,0.0,0.0,0.0,5.0,100,1.0,3,2,0.0,1,2,3.0,4.0,1
0,280.0,0.0,42,0.0,0.0,69,6.0,32,3.0,16.0,27,6.0,2.0,2,5,2.0,1,2.0,2.0,1000,0.0,2.0,2.0,0,40.0,2.0,1,2.0,0,1995.0,52.0,1,38,999,1.0,0.0,0.0,0.0,0.0,5.0,100,1.0,1,2,0.0,1,2,3.0,4.0,1
0,89.0,14000.0,32,14000.0,14000.0,81,1.0,999,1.0,21.0,20,6.0,1.0,2,5,2.0,1,2.0,3.0,1000,0.0,3.0,3.0,0,45.0,2.0,1,2.0,0,1995.0,52.0,1,38,999,1.0,0.0,0.0,0.0,0.0,5.0,500,1.0,4,2,0.0,1,2,3.0,4.0,1
0,243.0,38000.0,36,38000.0,38000.0,92,1.0,20,1.0,20.0,34,6.0,1.0,2,5,2.0,1,2.0,3.0,1000,0.0,3.0,3.0,0,12.0,2.0,1,2.0,0,1995.0,52.0,1,27,89,1.0,0.0,0.0,0.0,0.0,5.0,500,1.0,2,2,0.0,1,2,3.0,4.0,1
0,89.0,14000.0,01,14000.0,14000.0,74,1.0,999,1.0,21.0,34,6.0,1.0,2,5,2.0,1,2.0,3.0,1000,0.0,3.0,3.0,0,40.0,2.0,1,2.0,0,1995.0,52.0,1,38,999,1.0,0.0,0.0,0.0,0.0,5.0,500,3.0,4,2,0.0,1,2,3.0,4.0,1
1,56.0,8900.0,42,0.0,0.0,69,6.0,999,3.0,16.0,20,6.0,1.0,1,5,1.0,1,2.0,3.0,1000,0.0,3.0,3.0,0,40.0,2.0,1,2.0,0,1995.0,52.0,1,11,999,1.0,8900.0,0.0,0.0,0.0,5.0,300,1.0,4,2,0.0,1,2,3.0,4.0,1
0,454.0,110000.0,36,110000.0,110000.0,81,1.0,541,1.0,16.0,20,5.0,1.0,2,4,2.0,2,2.0,3.0,3000,0.0,3.0,3.0,0,50.0,2.0,2,2.0,0,2001.0,52.0,0,429,999,1.0,0.0,0.0,0.0,0.0,5.0,600,3.0,1,2,0.0,6,2,3.0,4.0,1
0,323.0,38000.0,82,38000.0,38000.0,19,1.0,32,1.0,16.0,20,1.0,1.0,2,1,2.0,1,2.0,3.0,1000,0.0,3.0,3.0,0,40.0,2.0,1,2.0,0,2017.0,52.0,1,38,82,1.0,0.0,0.0,0.0,0.0,5.0,600,1.0,2,2,0.0,1,2,3.0,4.0,1
0,323.0,27000.0,48,27000.0,27000.0,81,1.0,32,1.0,18.0,21,1.0,1.0,2,1,2.0,1,2.0,3.0,1000,0.0,3.0,3.0,0,40.0,2.0,1,2.0,0,2017.0,52.0,1,38,82,1.0,0.0,0.0,0.0,0.0,5.0,600,1.0,2,2,0.0,1,2,3.0,4.0,1
0,207.0,27000.0,52,27000.0,27000.0,68,1.0,999,1.0,20.0,20,6.0,1.0,2,5,2.0,29,2.0,3.0,9000,0.0,3.0,3.0,0,40.0,2.0,9,2.0,0,1995.0,52.0,1,38,999,1.0,0.0,0.0,0.0,0.0,5.0,100,1.0,4,2,0.0,1,2,3.0,4.0,1
0,328.0,50000.0,73,50000.0,50000.0,70,1.0,32,1.0,21.0,20,6.0,1.0,2,5,2.0,1,2.0,3.0,1000,0.0,3.0,3.0,0,40.0,2.0,1,2.0,0,1995.0,52.0,1,38,999,1.0,0.0,0.0,0.0,0.0,5.0,600,1.0,1,2,0.0,1,2,3.0,4.0,1
0,501.0,34000.0,47,22000.0,22000.0,50,1.0,89,1.0,16.0,21,1.0,1.0,2,1,2.0,1,2.0,3.0,1000,0.0,3.0,3.0,0,32.0,2.0,1,2.0,0,1982.0,52.0,1,38,999,1.0,12000.0,0.0,0.0,0.0,5.0,400,1.0,1,2,0.0,1,2,3.0,4.0,1
0,240.0,38000.0,37,38000.0,38000.0,94,1.0,32,1.0,19.0,20,6.0,1.0,2,5,2.0,1,2.0,3.0,1000,0.0,3.0,3.0,0,40.0,2.0,1,2.0,0,1995.0,52.0,1,38,999,5.0,0.0,0.0,0.0,0.0,5.0,100,1.0,1,2,0.0,1,2,3.0,4.0,1
0,208.0,36200.0,96,36200.0,36200.0,10,1.0,32,1.0,20.0,21,1.0,1.0,2,1,2.0,1,2.0,3.0,1000,0.0,3.0,3.0,0,40.0,2.0,1,2.0,0,1991.0,52.0,1,38,999,1.0,0.0,0.0,0.0,0.0,5.0,600,1.0,1,2,0.0,1,2,3.0,4.0,1
0,36.0,5300.0,02,-6700.0,0.0,01,6.0,195,1.0,19.0,20,6.0,2.0,1,5,1.0,1,2.0,2.0,1000,0.0,2.0,2.0,0,80.0,2.0,1,2.0,0,1995.0,52.0,1,30,999,6.0,0.0,0.0,0.0,0.0,5.0,100,1.0,1,2,12000.0,1,1,3.0,4.0,1
0,307.0,48500.0,62,48500.0,48500.0,07,1.0,999,1.0,20.0,20,6.0,1.0,2,5,2.0,1,2.0,3.0,1000,0.0,3.0,3.0,0,40.0,2.0,1,2.0,0,1995.0,52.0,1,38,999,1.0,0.0,0.0,0.0,0.0,5.0,500,1.0,4,2,0.0,1,2,3.0,4.0,1
0,501.0,74000.0,38,74000.0,74000.0,94,1.0,996,1.0,21.0,20,1.0,1.0,2,1,2.0,1,2.0,2.0,1000,0.0,3.0,3.0,0,40.0,2.0,1,2.0,0,2010.0,52.0,1,27,999,4.0,0.0,0.0,0.0,0.0,5.0,600,3.0,3,2,0.0,1,2,3.0,4.0,1
0,501.0,51000.0,23,51000.0,51000.0,78,1.0,50,1.0,21.0,20,1.0,1.0,2,1,2.0,1,2.0,3.0,1000,0.0,3.0,3.0,2,40.0,2.0,1,2.0,0,2023.0,52.0,1,27,82,3.0,0.0,0.0,0.0,0.0,5.0,100,1.0,2,2,0.0,1,2,3.0,4.0,1
0,501.0,54000.0,60,54000.0,54000.0,01,1.0,32,1.0,21.0,21,1.0,1.0,2,1,2.0,1,2.0,3.0,1000,0.0,3.0,3.0,2,40.0,2.0,1,2.0,0,2023.0,52.0,1,27,82,5.0,0.0,0.0,0.0,0.0,5.0,100,1.0,2,2,0.0,1,2,3.0,4.0,1
0,285.0,86000.0,68,86000.0,86000.0,04,1.0,21,1.0,20.0,20,1.0,1.0,2,1,2.0,1,2.0,3.0,1000,0.0,3.0,3.0,0,84.0,2.0,1,2.0,0,2021.0,26.0,1,301,22,1.0,0.0,0.0,0.0,0.0,5.0,100,3.0,2,2,0.0,7,2,3.0,2.0,1
0,285.0,0.0,41,0.0,0.0,86,6.0,32,2.0,16.0,21,1.0,2.0,2,1,2.0,1,2.0,2.0,1000,0.0,2.0,2.0,0,40.0,2.0,1,2.0,0,2021.0,52.0,1,30,26,1.0,0.0,0.0,0.0,0.0,5.0,100,1.0,2,2,0.0,1,2,3.0,4.0,1
0,7.0,1200.0,40,1200.0,1200.0,86,1.0,999,1.0,16.0,20,6.0,1.0,2,5,2.0,1,2.0,3.0,1000,0.0,3.0,3.0,0,8.0,2.0,1,2.0,0,1995.0,40.0,1,6,999,1.0,0.0,0.0,0.0,0.0,5.0,300,1.0,4,2,0.0,1,2,3.0,4.0,1
0,386.0,35000.0,42,35000.0,35000.0,68,1.0,210,1.0,16.0,20,1.0,1.0,2,1,2.0,29,2.0,2.0,9000,0.0,2.0,2.0,1,40.0,2.0,9,2.0,0,2006.0,52.0,1,303,999,1.0,0.0,0.0,0.0,0.0,5.0,200,1.0,1,2,0.0,3,2,3.0,4.0,2
0,386.0,42000.0,72,42000.0,42000.0,46,1.0,290,1.0,16.0,21,1.0,1.0,2,1,2.0,29,2.0,3.0,9000,0.0,3.0,3.0,0,45.0,2.0,9,2.0,0,2006.0,52.0,1,313,999,1.0,0.0,0.0,0.0,0.0,5.0,200,1.0,1,2,0.0,3,2,3.0,4.0,7
0,356.0,55000.0,63,55000.0,55000.0,07,1.0,82,1.0,20.0,20,6.0,1.0,2,5,2.0,1,2.0,3.0,1000,0.0,3.0,3.0,0,40.0,2.0,1,2.0,0,1995.0,52.0,1,13,999,3.0,0.0,0.0,0.0,0.0,5.0,200,1.0,1,2,0.0,1,2,3.0,4.0,1
0,426.0,107000.0,02,105000.0,0.0,01,1.0,82,1.0,21.0,20,1.0,1.0,2,1,2.0,1,2.0,3.0,1000,0.0,3.0,3.0,1,50.0,2.0,1,2.0,0,2006.0,46.0,1,53,999,6.0,0.0,0.0,0.0,0.0,5.0,600,1.0,1,2,2000.0,1,2,3.0,4.0,1
0,426.0,12000.0,23,12000.0,12000.0,84,1.0,32,1.0,21.0,21,1.0,1.0,2,1,2.0,1,2.0,3.0,1000,0.0,3.0,3.0,1,30.0,2.0,1,2.0,0,2006.0,35.0,1,38,999,1.0,0.0,0.0,0.0,0.0,5.0,600,1.0,1,2,0.0,1,2,3.0,4.0,1
0,304.0,40000.0,70,40000.0,40000.0,96,4.0,51,1.0,19.0,20,1.0,1.0,2,1,2.0,1,2.0,3.0,1000,0.0,3.0,3.0,0,40.0,2.0,1,2.0,0,2022.0,52.0,1,16,5,5.0,0.0,0.0,0.0,0.0,5.0,200,3.0,2,2,0.0,1,2,3.0,1.0,1
0,304.0,20000.0,43,20000.0,20000.0,90,1.0,142,1.0,16.0,21,1.0,1.0,2,1,2.0,1,2.0,3.0,1000,0.0,3.0,3.0,0,40.0,2.0,1,2.0,0,2022.0,40.0,1,16,434,2.0,0.0,0.0,0.0,0.0,5.0,200,3.0,2,2,0.0,1,2,3.0,4.0,1
1,180.0,71300.0,91,50000.0,50000.0,07,3.0,50,1.0,19.0,20,1.0,2.0,1,1,1.0,1,2.0,3.0,1000,0.0,1.0,3.0,0,70.0,2.0,1,2.0,0,2019.0,40.0,1,18,999,1.0,0.0,1300.0,20000.0,0.0,1.0,600,3.0,1,2,0.0,1,2,1.0,3.0,1
1,180.0,0.0,42,0.0,0.0,69,6.0,82,3.0,17.0,21,1.0,2.0,1,1,2.0,1,2.0,2.0,1000,0.0,2.0,2.0,0,40.0,2.0,1,2.0,0,2019.0,52.0,1,38,999,1.0,0.0,0.0,0.0,0.0,5.0,600,3.0,1,2,0.0,1,1,3.0,4.0,1
0,501.0,62000.0,23,62000.0,62000.0,78,1.0,999,1.0,22.0,20,1.0,1.0,2,1,2.0,1,2.0,3.0,1000,0.0,3.0,3.0,2,48.0,2.0,1,2.0,0,2009.0,52.0,1,38,999,3.0,0.0,0.0,0.0,0.0,5.0,300,1.0,4,2,0.0,1,2,3.0,4.0,1
0,501.0,61000.0,68,61000.0,61000.0,04,1.0,999,1.0,21.0,21,1.0,1.0,2,1,2.0,1,2.0,3.0,1000,0.0,3.0,3.0,0,50.0,2.0,1,2.0,0,2009.0,52.0,1,110,999,3.0,0.0,0.0,0.0,0.0,5.0,300,1.0,4,2,0.0,5,2,3.0,4.0,1
0,501.0,6000.0,41,6000.0,6000.0,86,2.0,50,1.0,19.0,20,1.0,2.0,2,1,2.0,1,2.0,3.0,1000,0.0,2.0,1.0,0,25.0,2.0,1,2.0,0,1998.0,44.0,1,27,32,1.0,0.0,0.0,0.0,0.0,5.0,400,1.0,2,2,0.0,1,2,3.0,4.0,1
0,501.0,135000.0,86,135000.0,135000.0,05,1.0,32,1.0,18.0,21,1.0,1.0,2,1,2.0,1,2.0,3.0,1000,0.0,3.0,3.0,0,60.0,2.0,1,2.0,0,1998.0,46.0,1,38,88,1.0,0.0,0.0,0.0,0.0,5.0,400,1.0,2,2,0.0,1,2,3.0,4.0,1
0,501.0,23500.0,21,23500.0,23500.0,72,1.0,32,1.0,16.0,20,1.0,1.0,2,1,2.0,1,2.0,3.0,1000,0.0,3.0,3.0,0,30.0,2.0,1,2.0,0,2019.0,39.0,1,38,999,1.0,0.0,0.0,0.0,0.0,5.0,100,1.0,1,2,0.0,1,2,3.0,4.0,1
0,501.0,139000.0,86,139000.0,139000.0,20,1.0,142,1.0,17.0,21,1.0,1.0,2,1,2.0,1,2.0,3.0,1000,0.0,3.0,3.0,0,40.0,2.0,1,2.0,0,2019.0,52.0,1,38,999,1.0,0.0,0.0,0.0,0.0,5.0,100,1.0,1,2,0.0,1,2,3.0,4.0,1
0,501.0,150000.0,02,150000.0,0.0,01,1.0,32,1.0,18.0,20,2.0,1.0,2,1,2.0,1,2.0,3.0,1000,0.0,3.0,3.0,2,99.0,2.0,1,2.0,0,2016.0,52.0,1,38,999,6.0,0.0,0.0,0.0,0.0,5.0,300,1.0,1,2,0.0,1,2,3.0,4.0,1
0,501.0,0.0,46,0.0,0.0,84,6.0,26,2.0,20.0,20,1.0,2.0,2,1,2.0,1,2.0,2.0,1000,0.0,2.0,2.0,0,40.0,2.0,1,2.0,0,1983.0,52.0,1,38,32,4.0,0.0,0.0,0.0,0.0,5.0,200,3.0,2,2,0.0,1,2,3.0,4.0,1
0,501.0,113000.0,77,85000.0,85000.0,06,1.0,26,1.0,16.0,21,1.0,1.0,2,1,2.0,1,2.0,3.0,1000,0.0,3.0,3.0,0,45.0,2.0,1,2.0,0,1983.0,52.0,1,38,82,3.0,0.0,28000.0,0.0,0.0,5.0,200,3.0,2,2,0.0,1,2,3.0,4.0,1
0,501.0,178000.0,90,178000.0,28000.0,02,1.0,999,1.0,16.0,20,6.0,1.0,2,5,2.0,1,2.0,3.0,1000,0.0,3.0,3.0,1,50.0,2.0,1,2.0,0,1995.0,52.0,1,38,999,7.0,0.0,0.0,0.0,0.0,5.0,400,3.0,4,2,0.0,1,2,3.0,4.0,1
0,501.0,10000.0,40,10000.0,10000.0,86,1.0,999,1.0,18.0,25,6.0,1.0,2,5,2.0,1,2.0,3.0,1000,0.0,3.0,3.0,2,25.0,2.0,1,2.0,0,1995.0,52.0,1,38,999,1.0,0.0,0.0,0.0,0.0,5.0,400,3.0,4,2,0.0,1,2,3.0,4.0,1
0,501.0,165000.0,08,165000.0,165000.0,72,1.0,32,1.0,23.0,20,1.0,1.0,2,1,2.0,1,2.0,3.0,1000,0.0,3.0,3.0,0,40.0,2.0,1,2.0,0,2003.0,52.0,1,110,999,1.0,0.0,0.0,0.0,0.0,5.0,500,3.0,1,2,0.0,5,2,3.0,4.0,1
0,501.0,15000.0,47,15000.0,0.0,51,1.0,51,1.0,18.0,21,1.0,1.0,2,1,2.0,1,2.0,3.0,1000,0.0,3.0,3.0,0,30.0,2.0,1,2.0,0,2003.0,26.0,1,32,84,6.0,0.0,0.0,0.0,0.0,5.0,500,3.0,2,2,0.0,1,2,3.0,4.0,1
0,501.0,7000.0,40,7000.0,7000.0,86,1.0,32,1.0,16.0,25,6.0,1.0,2,5,2.0,1,2.0,3.0,1000,0.0,3.0,3.0,0,20.0,2.0,1,2.0,0,1995.0,30.0,1,21,51,1.0,0.0,0.0,0.0,0.0,5.0,500,3.0,2,2,0.0,1,2,3.0,4.0,1
0,297.0,52000.0,23,50000.0,50000.0,78,1.0,82,1.0,23.0,20,1.0,1.0,2,1,2.0,1,2.0,3.0,1000,0.0,3.0,3.0,0,40.0,2.0,1,2.0,0,2007.0,52.0,1,38,935,4.0,0.0,0.0,0.0,0.0,5.0,400,1.0,2,2,2000.0,1,2,3.0,4.0,1
0,297.0,55000.0,23,55000.0,55000.0,78,1.0,920,1.0,21.0,21,1.0,1.0,2,1,2.0,3,2.0,3.0,5013,0.0,3.0,3.0,0,40.0,2.0,3,2.0,1,2007.0,52.0,0,38,999,4.0,0.0,0.0,0.0,0.0,5.0,400,1.0,1,2,0.0,1,2,3.0,4.0,1
0,145.0,23000.0,42,0.0,0.0,69,6.0,21,3.0,23.0,20,6.0,2.0,2,5,2.0,1,2.0,2.0,1000,0.0,2.0,2.0,0,40.0,2.0,1,2.0,0,1995.0,52.0,1,53,999,1.0,21400.0,0.0,0.0,0.0,5.0,500,1.0,1,2,1600.0,1,2,3.0,4.0,1
0,237.0,36700.0,53,2200.0,2200.0,67,1.0,999,1.0,19.0,20,3.0,1.0,1,2,2.0,1,1.0,3.0,1000,0.0,3.0,3.0,0,4.0,1.0,1,2.0,0,1989.0,52.0,1,46,999,2.0,26500.0,8000.0,0.0,0.0,5.0,500,1.0,4,2,0.0,1,2,3.0,4.0,1
0,501.0,9700.0,51,6700.0,6700.0,01,1.0,939,1.0,21.0,20,1.0,1.0,2,1,2.0,1,2.0,3.0,1000,0.0,3.0,3.0,2,60.0,2.0,1,2.0,0,1986.0,52.0,1,38,999,1.0,0.0,0.0,0.0,0.0,5.0,400,1.0,1,2,3000.0,1,2,3.0,4.0,1
0,326.0,36000.0,52,36000.0,36000.0,85,1.0,32,1.0,22.0,20,1.0,1.0,2,1,2.0,1,2.0,3.0,1000,0.0,3.0,3.0,1,40.0,2.0,1,2.0,0,2000.0,52.0,1,55,999,1.0,0.0,0.0,0.0,0.0,5.0,600,1.0,1,2,0.0,1,2,3.0,3.0,1
0,326.0,48000.0,07,48000.0,48000.0,73,1.0,32,1.0,21.0,21,1.0,1.0,2,1,2.0,1,2.0,3.0,1000,0.0,3.0,3.0,2,40.0,2.0,1,2.0,0,2000.0,52.0,1,27,999,7.0,0.0,0.0,0.0,0.0,5.0,600,1.0,1,2,0.0,1,2,3.0,4.0,1
0,326.0,20000.0,72,20000.0,20000.0,46,1.0,999,1.0,21.0,25,6.0,1.0,2,5,2.0,1,2.0,3.0,1000,0.0,3.0,3.0,2,30.0,2.0,1,2.0,0,1995.0,52.0,1,38,999,1.0,0.0,0.0,0.0,0.0,5.0,600,1.0,4,2,0.0,1,2,3.0,4.0,1
0,346.0,90000.0,02,90000.0,90000.0,01,1.0,82,1.0,19.0,20,1.0,1.0,2,1,2.0,1,2.0,3.0,1000,0.0,3.0,3.0,2,55.0,2.0,1,2.0,0,2005.0,52.0,1,38,49,7.0,0.0,0.0,0.0,0.0,5.0,500,1.0,2,2,0.0,1,2,3.0,4.0,1
0,346.0,33000.0,58,33000.0,33000.0,01,1.0,88,1.0,21.0,21,1.0,1.0,2,1,2.0,1,2.0,3.0,1000,0.0,3.0,3.0,2,30.0,2.0,1,2.0,0,2005.0,52.0,1,38,26,1.0,0.0,0.0,0.0,0.0,5.0,500,1.0,2,2,0.0,1,2,3.0,4.0,1
0,501.0,130000.0,02,120000.0,0.0,01,1.0,82,1.0,19.0,25,4.0,1.0,2,3,2.0,1,2.0,3.0,1000,0.0,3.0,3.0,0,70.0,2.0,1,2.0,0,1995.0,52.0,1,46,32,6.0,0.0,0.0,0.0,0.0,5.0,400,1.0,2,2,10000.0,1,2,3.0,4.0,1
0,383.0,60000.0,47,60000.0,60000.0,48,1.0,32,1.0,19.0,20,4.0,1.0,1,3,2.0,1,2.0,3.0,1000,0.0,3.0,3.0,0,40.0,2.0,1,2.0,0,1992.0,52.0,1,38,999,1.0,0.0,0.0,0.0,0.0,5.0,200,1.0,1,2,0.0,1,1,3.0,4.0,1
0,258.0,40500.0,20,40500.0,40000.0,91,1.0,931,1.0,16.0,20,6.0,1.0,2,5,2.0,1,2.0,3.0,1000,0.0,3.0,3.0,0,40.0,2.0,1,2.0,0,1995.0,52.0,1,8,999,2.0,0.0,0.0,0.0,0.0,5.0,500,1.0,1,2,0.0,1,2,3.0,4.0,1
0,352.0,55000.0,71,55000.0,55000.0,35,1.0,32,1.0,19.0,20,4.0,1.0,2,3,2.0,1,2.0,3.0,1000,0.0,3.0,3.0,0,55.0,2.0,1,2.0,0,1990.0,52.0,1,27,82,1.0,0.0,0.0,0.0,0.0,5.0,500,1.0,2,2,0.0,1,2,3.0,4.0,1
0,501.0,82000.0,10,50000.0,50000.0,68,1.0,32,1.0,19.0,20,4.0,1.0,2,3,2.0,1,2.0,3.0,1000,0.0,3.0,3.0,0,40.0,2.0,1,2.0,0,2001.0,52.0,1,38,82,1.0,0.0,32000.0,0.0,0.0,5.0,200,1.0,2,2,0.0,1,2,3.0,4.0,1
0,329.0,52000.0,40,52000.0,52000.0,86,1.0,32,1.0,16.0,20,6.0,1.0,2,5,2.0,1,2.0,3.0,1000,0.0,3.0,3.0,2,38.0,2.0,1,2.0,0,1995.0,52.0,1,8,999,1.0,0.0,0.0,0.0,0.0,5.0,300,3.0,1,2,0.0,1,2,3.0,4.0,1
0,469.0,48000.0,32,48000.0,48000.0,81,1.0,82,1.0,21.0,20,1.0,1.0,2,1,2.0,1,2.0,3.0,1000,0.0,3.0,3.0,0,24.0,2.0,1,2.0,0,1997.0,52.0,1,38,999,1.0,0.0,0.0,0.0,0.0,5.0,500,1.0,1,2,0.0,1,2,3.0,4.0,1
0,469.0,102000.0,04,90000.0,90000.0,95,1.0,89,1.0,21.0,21,1.0,1.0,2,1,2.0,1,2.0,3.0,1000,0.0,3.0,3.0,0,40.0,2.0,1,2.0,0,1997.0,52.0,1,36,999,5.0,0.0,0.0,12000.0,0.0,5.0,500,1.0,1,2,0.0,1,2,3.0,2.0,1
0,469.0,24000.0,60,24000.0,24000.0,01,1.0,82,1.0,16.0,25,6.0,1.0,2,5,2.0,1,2.0,3.0,1000,0.0,3.0,3.0,0,50.0,2.0,1,2.0,0,1995.0,48.0,1,38,999,1.0,0.0,0.0,0.0,0.0,5.0,500,1.0,1,2,0.0,1,2,3.0,4.0,1
1,469.0,950.0,91,150.0,150.0,86,6.0,82,1.0,19.0,33,6.0,2.0,2,5,2.0,1,2.0,2.0,1000,0.0,2.0,2.0,0,20.0,2.0,1,2.0,0,1995.0,2.0,1,38,999,1.0,0.0,0.0,0.0,800.0,5.0,500,3.0,1,2,0.0,1,2,3.0,4.0,1
0,501.0,100000.0,04,100000.0,100000.0,04,1.0,98,1.0,18.0,21,1.0,1.0,2,1,2.0,1,2.0,3.0,1000,0.0,3.0,3.0,2,40.0,2.0,1,2.0,0,2014.0,52.0,1,53,22,1.0,0.0,0.0,0.0,0.0,5.0,100,1.0,2,2,0.0,1,2,3.0,3.0,1
0,501.0,0.0,42,0.0,0.0,69,6.0,680,3.0,16.0,27,6.0,2.0,2,5,2.0,93,2.0,2.0,9000,0.0,2.0,2.0,0,40.0,2.0,9,2.0,0,1995.0,52.0,1,53,615,1.0,0.0,0.0,0.0,0.0,5.0,100,1.0,2,2,0.0,1,2,3.0,4.0,1
1,501.0,7100.0,74,7100.0,7100.0,77,1.0,22,1.0,12.0,28,2.0,1.0,1,1,2.0,1,2.0,3.0,1000,0.0,3.0,3.0,0,35.0,2.0,1,2.0,0,1993.0,17.0,1,6,32,1.0,0.0,0.0,0.0,0.0,5.0,100,1.0,2,2,0.0,1,1,3.0,4.0,1
0,273.0,42000.0,23,42000.0,42000.0,78,1.0,999,1.0,22.0,22,4.0,1.0,2,3,2.0,1,2.0,3.0,1000,0.0,3.0,3.0,2,40.0,2.0,1,2.0,0,2019.0,52.0,1,38,999,3.0,0.0,0.0,0.0,0.0,5.0,200,1.0,4,2,0.0,1,2,3.0,4.0,1
0,227.0,36000.0,53,36000.0,36000.0,81,1.0,939,1.0,19.0,20,3.0,1.0,1,2,2.0,1,2.0,1.0,1000,0.0,2.0,2.0,0,40.0,2.0,1,2.0,0,2000.0,52.0,1,38,999,1.0,0.0,0.0,0.0,0.0,1.0,300,1.0,1,2,0.0,1,1,3.0,4.0,1
0,199.0,30900.0,47,12000.0,12000.0,48,6.0,999,1.0,20.0,20,4.0,1.0,1,3,1.0,1,2.0,3.0,1000,0.0,3.0,3.0,0,24.0,2.0,1,2.0,0,1998.0,35.0,1,12,999,1.0,18900.0,0.0,0.0,0.0,5.0,400,1.0,4,1,0.0,1,2,3.0,4.0,1
0,501.0,14100.0,40,14100.0,14100.0,78,1.0,50,1.0,16.0,20,1.0,1.0,2,1,2.0,1,2.0,3.0,1000,0.0,3.0,3.0,2,25.0,2.0,1,2.0,0,2002.0,40.0,1,53,999,3.0,0.0,0.0,0.0,0.0,5.0,200,1.0,1,2,0.0,1,2,3.0,4.0,1
0,501.0,15000.0,52,15000.0,15000.0,49,1.0,50,1.0,16.0,25,6.0,1.0,2,5,2.0,1,2.0,3.0,1000,0.0,3.0,3.0,2,25.0,2.0,1,2.0,0,1995.0,20.0,1,6,999,1.0,0.0,0.0,0.0,0.0,5.0,200,1.0,1,2,0.0,1,2,3.0,3.0,1
0,501.0,29000.0,40,29000.0,29000.0,86,1.0,50,1.0,16.0,25,6.0,1.0,2,5,2.0,1,2.0,3.0,1000,0.0,3.0,3.0,2,40.0,2.0,1,2.0,0,1995.0,52.0,1,6,999,1.0,0.0,0.0,0.0,0.0,5.0,200,1.0,1,2,0.0,1,2,3.0,4.0,1
0,418.0,65000.0,89,65000.0,65000.0,88,1.0,261,1.0,19.0,20,6.0,1.0,2,5,2.0,15,2.0,3.0,8000,0.0,3.0,3.0,2,65.0,2.0,8,2.0,0,1995.0,52.0,0,72,999,1.0,0.0,0.0,0.0,0.0,5.0,400,1.0,1,2,0.0,2,2,3.0,4.0,3
0,218.0,32200.0,77,0.0,0.0,05,6.0,82,2.0,21.0,20,1.0,2.0,2,1,2.0,1,2.0,2.0,1000,0.0,2.0,2.0,0,40.0,2.0,1,2.0,0,1982.0,52.0,1,27,999,1.0,25000.0,7200.0,0.0,0.0,5.0,200,1.0,1,2,0.0,1,2,3.0,4.0,1
0,218.0,12000.0,47,0.0,0.0,47,6.0,32,2.0,20.0,21,1.0,2.0,2,1,2.0,1,2.0,2.0,1000,0.0,2.0,2.0,0,40.0,2.0,1,2.0,0,1982.0,52.0,1,27,999,7.0,12000.0,0.0,0.0,0.0,5.0,200,1.0,1,2,0.0,1,2,3.0,4.0,1
0,420.0,80100.0,16,80000.0,80000.0,94,1.0,999,1.0,21.0,20,1.0,1.0,2,1,2.0,1,2.0,3.0,1000,0.0,3.0,3.0,2,40.0,2.0,1,2.0,0,2021.0,52.0,1,38,999,5.0,0.0,0.0,0.0,0.0,5.0,400,1.0,4,2,100.0,1,2,3.0,4.0,1
0,420.0,20000.0,53,20000.0,0.0,23,1.0,999,1.0,17.0,21,1.0,1.0,2,1,2.0,1,2.0,3.0,1000,0.0,3.0,3.0,2,20.0,2.0,1,2.0,0,2021.0,52.0,1,30,999,6.0,0.0,0.0,0.0,0.0,5.0,400,1.0,4,2,0.0,1,2,3.0,4.0,1
0,258.0,25000.0,23,25000.0,25000.0,78,1.0,999,1.0,21.0,20,1.0,1.0,2,1,2.0,1,2.0,3.0,1000,0.0,3.0,3.0,0,40.0,2.0,1,2.0,0,2022.0,52.0,1,38,999,3.0,0.0,0.0,0.0,0.0,1.0,400,3.0,4,2,0.0,1,2,3.0,4.0,1
0,258.0,25700.0,98,25700.0,25700.0,97,4.0,999,1.0,16.0,21,1.0,1.0,2,1,2.0,1,2.0,3.0,1000,0.0,3.0,3.0,0,40.0,2.0,1,2.0,0,2022.0,52.0,1,38,999,5.0,0.0,0.0,0.0,0.0,1.0,400,3.0,4,2,0.0,1,2,3.0,1.0,1
0,367.0,56500.0,50,56500.0,55000.0,61,1.0,32,1.0,19.0,20,4.0,1.0,2,3,2.0,1,2.0,3.0,1000,0.0,3.0,3.0,2,40.0,2.0,1,2.0,0,1993.0,52.0,1,38,999,1.0,0.0,0.0,0.0,0.0,5.0,400,1.0,1,2,0.0,1,2,3.0,4.0,1
0,498.0,85000.0,02,85000.0,85000.0,01,1.0,32,1.0,19.0,20,1.0,1.0,2,1,2.0,1,2.0,3.0,1000,0.0,3.0,3.0,0,42.0,2.0,1,2.0,0,1993.0,52.0,1,38,999,1.0,0.0,0.0,0.0,0.0,5.0,300,1.0,1,2,0.0,1,2,3.0,4.0,1
0,498.0,25000.0,08,25000.0,25000.0,07,1.0,32,1.0,20.0,21,1.0,1.0,2,1,2.0,1,2.0,3.0,1000,0.0,3.0,3.0,0,30.0,2.0,1,2.0,0,1993.0,52.0,1,56,50,1.0,0.0,0.0,0.0,0.0,5.0,300,1.0,2,2,0.0,1,2,3.0,4.0,1
0,498.0,4000.0,47,4000.0,4000.0,49,1.0,999,1.0,19.0,25,6.0,1.0,2,5,2.0,1,2.0,3.0,1000,0.0,3.0,3.0,0,21.0,2.0,1,2.0,0,1995.0,40.0,1,38,999,1.0,0.0,0.0,0.0,0.0,5.0,300,1.0,4,2,0.0,1,2,3.0,4.0,1
0,501.0,80000.0,02,80000.0,80000.0,78,1.0,82,1.0,22.0,20,1.0,1.0,2,1,2.0,1,2.0,3.0,1000,0.0,3.0,3.0,2,60.0,2.0,1,2.0,0,2003.0,48.0,1,38,32,1.0,0.0,0.0,0.0,0.0,5.0,600,1.0,2,2,0.0,1,2,3.0,4.0,1
0,501.0,150000.0,48,150000.0,150000.0,75,1.0,32,1.0,18.0,21,1.0,1.0,2,1,2.0,1,2.0,3.0,1000,0.0,3.0,3.0,2,50.0,2.0,1,2.0,0,2003.0,50.0,1,38,999,7.0,0.0,0.0,0.0,0.0,5.0,600,1.0,1,2,0.0,1,2,3.0,4.0,1
0,477.0,42300.0,51,24000.0,24000.0,72,1.0,82,1.0,16.0,20,1.0,1.0,2,1,2.0,1,2.0,2.0,1000,0.0,2.0,2.0,0,40.0,2.0,1,2.0,0,1978.0,52.0,1,55,89,1.0,10800.0,7500.0,0.0,0.0,5.0,300,1.0,2,2,0.0,1,2,3.0,4.0,1
0,501.0,15000.0,55,15000.0,15000.0,63,1.0,32,1.0,18.0,20,1.0,1.0,2,1,2.0,1,2.0,3.0,1000,0.0,3.0,3.0,0,30.0,2.0,1,2.0,0,1995.0,52.0,1,38,82,5.0,0.0,0.0,0.0,0.0,5.0,500,1.0,2,2,0.0,1,2,3.0,4.0,1
0,501.0,100000.0,73,100000.0,100000.0,07,1.0,82,1.0,16.0,21,1.0,1.0,2,1,2.0,1,2.0,3.0,1000,0.0,3.0,3.0,0,60.0,2.0,1,2.0,0,1995.0,52.0,1,38,88,1.0,0.0,0.0,0.0,0.0,5.0,500,1.0,2,2,0.0,1,2,3.0,4.0,1
0,501.0,85000.0,32,85000.0,85000.0,82,1.0,32,1.0,21.0,20,1.0,1.0,2,1,2.0,1,2.0,3.0,1000,0.0,3.0,3.0,0,60.0,2.0,1,2.0,0,1995.0,52.0,1,38,148,2.0,0.0,0.0,0.0,0.0,5.0,300,1.0,2,2,0.0,1,2,3.0,4.0,1
0,501.0,75000.0,96,75000.0,75000.0,75,1.0,32,1.0,21.0,21,1.0,1.0,2,1,2.0,1,2.0,3.0,1000,0.0,3.0,3.0,0,50.0,2.0,1,2.0,0,1995.0,52.0,1,38,148,1.0,0.0,0.0,0.0,0.0,5.0,300,1.0,2,2,0.0,1,2,3.0,4.0,1
0,501.0,37900.0,51,37900.0,37900.0,68,1.0,32,1.0,20.0,25,6.0,1.0,2,5,2.0,1,2.0,3.0,1000,0.0,3.0,3.0,0,40.0,2.0,1,2.0,0,1995.0,52.0,1,38,148,1.0,0.0,0.0,0.0,0.0,5.0,300,1.0,2,2,0.0,1,2,3.0,4.0,1
0,501.0,85000.0,48,85000.0,85000.0,42,1.0,32,1.0,21.0,20,1.0,1.0,2,1,2.0,1,2.0,3.0,1000,0.0,3.0,3.0,0,45.0,2.0,1,2.0,0,2001.0,52.0,1,38,112,1.0,0.0,0.0,0.0,0.0,5.0,400,1.0,2,2,0.0,1,2,3.0,4.0,1
0,501.0,35000.0,47,35000.0,35000.0,46,1.0,50,1.0,18.0,21,1.0,1.0,2,1,2.0,1,2.0,3.0,1000,0.0,3.0,3.0,0,40.0,2.0,1,2.0,0,2001.0,52.0,1,48,999,1.0,0.0,0.0,0.0,0.0,5.0,400,1.0,1,2,0.0,1,2,3.0,4.0,1
0,307.0,50000.0,02,50000.0,0.0,01,1.0,82,1.0,19.0,20,1.0,1.0,2,1,2.0,1,2.0,2.0,1000,0.0,2.0,2.0,2,60.0,2.0,1,2.0,0,2004.0,52.0,1,38,999,6.0,0.0,0.0,0.0,0.0,5.0,500,1.0,1,2,0.0,1,2,3.0,4.0,1
0,307.0,12000.0,60,0.0,0.0,01,6.0,89,2.0,19.0,21,1.0,2.0,2,1,2.0,1,2.0,2.0,1000,0.0,2.0,2.0,2,40.0,2.0,1,2.0,0,2004.0,52.0,1,38,999,8.0,12000.0,0.0,0.0,0.0,5.0,500,1.0,1,2,0.0,1,2,3.0,4.0,1
1,153.0,23800.0,87,23800.0,23800.0,39,3.0,26,1.0,20.0,20,4.0,2.0,1,3,1.0,1,2.0,1.0,1000,0.0,2.0,2.0,0,40.0,2.0,1,2.0,0,2009.0,26.0,1,42,50,1.0,0.0,0.0,0.0,0.0,1.0,600,3.0,2,2,0.0,1,2,3.0,4.0,1
0,501.0,47200.0,57,47200.0,46000.0,94,1.0,32,1.0,20.0,20,1.0,1.0,2,1,2.0,1,2.0,3.0,1000,0.0,3.0,3.0,0,37.0,2.0,1,2.0,0,1986.0,52.0,1,38,82,3.0,0.0,0.0,0.0,0.0,5.0,200,1.0,2,2,0.0,1,2,3.0,4.0,1
0,501.0,55000.0,62,55000.0,55000.0,07,1.0,50,1.0,16.0,21,1.0,1.0,2,1,2.0,1,2.0,3.0,1000,0.0,3.0,3.0,0,45.0,2.0,1,2.0,0,1986.0,52.0,1,38,32,1.0,0.0,0.0,0.0,0.0,5.0,200,1.0,2,2,0.0,1,2,3.0,4.0,1
0,501.0,60000.0,09,60000.0,60000.0,68,1.0,32,1.0,21.0,25,6.0,1.0,2,5,2.0,1,2.0,3.0,1000,0.0,3.0,3.0,0,40.0,2.0,1,2.0,0,1995.0,52.0,1,38,82,1.0,0.0,0.0,0.0,0.0,5.0,200,1.0,2,2,0.0,1,2,3.0,4.0,1
0,501.0,89400.0,91,64000.0,64000.0,38,1.0,996,1.0,20.0,20,4.0,1.0,2,3,2.0,1,2.0,3.0,1000,0.0,3.0,3.0,0,40.0,2.0,1,2.0,0,2007.0,52.0,1,8,999,1.0,0.0,0.0,0.0,0.0,5.0,600,3.0,3,2,25400.0,1,2,3.0,4.0,1
0,501.0,59000.0,50,59000.0,59000.0,94,1.0,82,1.0,19.0,20,1.0,1.0,2,1,2.0,1,2.0,3.0,1000,0.0,3.0,3.0,0,40.0,2.0,1,2.0,0,1994.0,52.0,1,38,24,3.0,0.0,0.0,0.0,0.0,5.0,400,1.0,2,2,0.0,1,2,3.0,4.0,1
0,501.0,105000.0,01,105000.0,105000.0,30,1.0,917,1.0,21.0,21,1.0,1.0,2,1,2.0,3,2.0,3.0,5013,0.0,3.0,3.0,0,40.0,2.0,3,2.0,1,1994.0,52.0,0,38,82,1.0,0.0,0.0,0.0,0.0,5.0,400,1.0,2,2,0.0,1,2,3.0,4.0,1
0,189.0,52000.0,20,52000.0,52000.0,91,1.0,939,1.0,19.0,20,1.0,1.0,2,1,2.0,1,2.0,3.0,1000,0.0,3.0,3.0,0,45.0,2.0,1,2.0,0,2008.0,52.0,1,53,999,2.0,0.0,0.0,0.0,0.0,5.0,200,1.0,1,2,0.0,1,2,3.0,4.0,1
0,189.0,6500.0,42,6500.0,6500.0,91,1.0,939,1.0,19.0,21,1.0,1.0,2,1,2.0,1,2.0,3.0,1000,0.0,3.0,3.0,0,5.0,2.0,1,2.0,0,2008.0,52.0,1,38,999,2.0,0.0,0.0,0.0,0.0,5.0,200,1.0,1,2,0.0,1,2,3.0,4.0,1
0,501.0,84000.0,63,73000.0,73000.0,07,1.0,32,1.0,16.0,20,4.0,1.0,2,3,2.0,1,2.0,3.0,1000,0.0,3.0,3.0,0,42.0,2.0,1,2.0,0,1980.0,52.0,1,38,22,3.0,0.0,0.0,0.0,0.0,5.0,500,1.0,2,2,11000.0,1,2,3.0,4.0,1
0,501.0,65000.0,47,65000.0,65000.0,47,1.0,924,1.0,19.0,20,1.0,1.0,2,1,2.0,1,2.0,3.0,1000,0.0,3.0,3.0,0,50.0,2.0,1,2.0,0,2010.0,47.0,1,38,82,1.0,0.0,0.0,0.0,0.0,5.0,500,1.0,2,2,0.0,1,2,3.0,4.0,1
0,501.0,53000.0,20,51000.0,51000.0,94,1.0,32,1.0,21.0,21,1.0,1.0,2,1,2.0,1,2.0,2.0,1000,0.0,2.0,2.0,0,40.0,2.0,1,2.0,0,2010.0,41.0,1,38,999,3.0,0.0,0.0,2000.0,0.0,5.0,500,1.0,1,2,0.0,1,2,3.0,2.0,1
0,412.0,9600.0,42,9000.0,9000.0,86,3.0,999,1.0,16.0,25,6.0,2.0,1,5,2.0,1,2.0,1.0,1000,0.0,2.0,2.0,0,30.0,2.0,1,2.0,0,1995.0,20.0,1,53,999,1.0,0.0,0.0,600.0,0.0,1.0,500,1.0,4,1,0.0,1,1,3.0,4.0,1
0,389.0,30000.0,58,30000.0,30000.0,82,1.0,570,1.0,20.0,20,4.0,1.0,2,3,2.0,16,2.0,3.0,9000,0.0,3.0,3.0,0,40.0,2.0,9,2.0,0,2012.0,52.0,1,449,999,1.0,0.0,0.0,0.0,0.0,5.0,400,1.0,1,2,0.0,6,2,3.0,4.0,1
0,389.0,48000.0,91,48000.0,48000.0,48,1.0,570,1.0,16.0,25,6.0,1.0,2,5,2.0,16,2.0,3.0,9000,0.0,3.0,3.0,0,99.0,2.0,9,2.0,0,1995.0,52.0,1,449,999,1.0,0.0,0.0,0.0,0.0,5.0,400,1.0,1,2,0.0,6,2,3.0,4.0,1
0,126.0,20000.0,49,20000.0,0.0,70,1.0,32,1.0,21.0,20,6.0,1.0,1,5,2.0,1,2.0,3.0,1000,0.0,3.0,3.0,0,50.0,2.0,1,2.0,0,1995.0,52.0,1,38,999,6.0,0.0,0.0,0.0,0.0,5.0,300,1.0,1,2,0.0,1,1,3.0,4.0,1
0,501.0,132000.0,10,132000.0,132000.0,30,1.0,40,1.0,21.0,20,1.0,1.0,2,1,2.0,1,2.0,3.0,1000,0.0,3.0,3.0,0,40.0,2.0,1,2.0,0,2010.0,52.0,1,38,999,1.0,0.0,0.0,0.0,0.0,5.0,300,3.0,1,2,0.0,1,2,3.0,4.0,1
0,501.0,68000.0,11,68000.0,68000.0,30,1.0,187,1.0,22.0,21,1.0,1.0,2,1,2.0,1,2.0,3.0,1000,0.0,3.0,3.0,0,40.0,2.0,1,2.0,0,2010.0,52.0,1,30,999,1.0,0.0,0.0,0.0,0.0,5.0,300,3.0,1,2,0.0,1,2,3.0,4.0,1
0,501.0,50000.0,20,50000.0,50000.0,83,1.0,32,1.0,21.0,21,1.0,1.0,2,1,2.0,1,2.0,2.0,1000,0.0,2.0,2.0,1,40.0,2.0,1,2.0,0,2019.0,52.0,1,38,999,3.0,0.0,0.0,0.0,0.0,3.0,400,1.0,1,2,0.0,1,2,2.0,4.0,1
0,120.0,24800.0,33,24800.0,24800.0,81,1.0,999,1.0,18.0,20,6.0,1.0,2,5,2.0,1,2.0,3.0,1000,0.0,3.0,3.0,0,38.0,2.0,1,2.0,0,1995.0,52.0,1,30,999,1.0,0.0,0.0,0.0,0.0,5.0,100,1.0,4,2,0.0,1,2,3.0,4.0,1
0,212.0,33000.0,55,33000.0,33000.0,63,1.0,999,1.0,18.0,36,6.0,1.0,2,5,2.0,1,2.0,3.0,1000,0.0,3.0,3.0,0,40.0,2.0,1,2.0,0,1995.0,52.0,1,27,999,1.0,0.0,0.0,0.0,0.0,5.0,100,1.0,4,2,0.0,1,2,3.0,4.0,1
0,501.0,89000.0,22,83000.0,83000.0,78,1.0,553,1.0,24.0,21,1.0,1.0,2,1,2.0,2,2.0,3.0,3000,0.0,3.0,3.0,0,98.0,2.0,2,2.0,0,1984.0,52.0,0,440,999,4.0,6000.0,0.0,0.0,0.0,5.0,600,1.0,1,2,0.0,6,2,3.0,4.0,1
0,248.0,38000.0,02,20000.0,0.0,01,1.0,999,1.0,21.0,20,6.0,1.0,1,5,2.0,1,2.0,3.0,1000,0.0,3.0,3.0,0,40.0,2.0,1,2.0,0,1995.0,52.0,1,38,999,6.0,0.0,18000.0,0.0,0.0,5.0,400,1.0,4,1,0.0,1,2,3.0,4.0,1
0,148.0,22700.0,41,22700.0,22700.0,86,1.0,931,1.0,19.0,20,6.0,1.0,1,5,1.0,1,1.0,3.0,1000,0.0,3.0,3.0,0,32.0,2.0,1,2.0,0,1995.0,2.0,1,38,999,1.0,0.0,0.0,0.0,0.0,5.0,300,1.0,1,2,0.0,1,2,3.0,4.0,1
0,343.0,82000.0,73,82000.0,82000.0,10,1.0,82,1.0,16.0,20,1.0,1.0,2,1,2.0,1,2.0,3.0,1000,0.0,3.0,3.0,0,40.0,2.0,1,2.0,0,2023.0,52.0,1,38,89,1.0,0.0,0.0,0.0,0.0,5.0,500,1.0,2,2,0.0,1,2,3.0,4.0,1
0,343.0,0.0,47,0.0,0.0,51,6.0,82,2.0,18.0,21,1.0,2.0,2,1,2.0,1,2.0,2.0,1000,0.0,2.0,2.0,0,40.0,2.0,1,2.0,0,2023.0,52.0,1,38,89,1.0,0.0,0.0,0.0,0.0,5.0,500,1.0,2,2,0.0,1,2,3.0,4.0,1
0,423.0,65800.0,08,55000.0,55000.0,69,1.0,82,1.0,21.0,20,4.0,1.0,2,3,2.0,1,2.0,3.0,1000,0.0,3.0,3.0,2,40.0,2.0,1,2.0,0,2011.0,52.0,1,38,32,7.0,0.0,0.0,0.0,0.0,5.0,400,1.0,2,2,10800.0,1,2,3.0,4.0,1
0,234.0,30000.0,57,30000.0,30000.0,78,1.0,211,1.0,19.0,20,2.0,1.0,2,1,2.0,15,2.0,3.0,8000,0.0,3.0,3.0,0,40.0,2.0,8,2.0,0,2022.0,52.0,0,48,999,2.0,0.0,0.0,0.0,0.0,5.0,500,1.0,1,2,0.0,1,2,3.0,4.0,2
0,234.0,40000.0,36,40000.0,40000.0,81,1.0,999,1.0,16.0,25,6.0,1.0,2,5,2.0,15,2.0,3.0,8000,0.0,3.0,3.0,0,32.0,2.0,8,2.0,0,1995.0,52.0,0,364,999,2.0,0.0,0.0,0.0,0.0,5.0,500,3.0,4,2,0.0,3,2,3.0,4.0,2
0,370.0,57000.0,77,57000.0,57000.0,30,1.0,32,1.0,16.0,20,6.0,1.0,2,5,2.0,1,2.0,3.0,1000,0.0,3.0,3.0,0,50.0,2.0,1,2.0,0,1995.0,52.0,1,27,50,1.0,0.0,0.0,0.0,0.0,5.0,400,1.0,2,2,0.0,1,2,3.0,4.0,1
0,309.0,55000.0,72,55000.0,55000.0,46,1.0,88,1.0,20.0,20,1.0,1.0,2,1,2.0,1,2.0,3.0,1000,0.0,3.0,3.0,0,80.0,2.0,1,2.0,0,2019.0,52.0,1,48,999,1.0,0.0,0.0,0.0,0.0,5.0,500,3.0,1,2,0.0,1,2,3.0,2.0,1
0,309.0,40000.0,46,40000.0,40000.0,84,1.0,210,1.0,16.0,21,1.0,1.0,2,1,2.0,15,2.0,3.0,8000,0.0,3.0,3.0,0,40.0,2.0,8,2.0,0,2019.0,52.0,0,38,999,1.0,0.0,0.0,0.0,0.0,5.0,500,3.0,1,2,0.0,1,2,3.0,4.0,2
0,202.0,38000.0,56,38000.0,38000.0,77,1.0,996,1.0,16.0,20,1.0,1.0,1,1,1.0,1,1.0,3.0,1000,0.0,3.0,3.0,0,40.0,2.0,1,2.0,0,2020.0,52.0,1,53,999,1.0,0.0,0.0,0.0,0.0,5.0,200,1.0,3,2,0.0,1,2,3.0,4.0,1
0,202.0,10000.0,40,10000.0,10000.0,86,1.0,996,1.0,16.0,21,1.0,1.0,2,1,2.0,1,2.0,3.0,1000,0.0,3.0,3.0,0,20.0,2.0,1,2.0,0,2020.0,52.0,1,38,999,1.0,0.0,0.0,0.0,0.0,5.0,200,1.0,3,2,0.0,1,2,3.0,4.0,1
0,501.0,62000.0,31,62000.0,62000.0,81,1.0,82,1.0,22.0,20,1.0,1.0,2,1,2.0,1,2.0,3.0,1000,0.0,3.0,3.0,0,40.0,2.0,1,2.0,0,2022.0,52.0,1,38,999,2.0,0.0,0.0,0.0,0.0,5.0,600,1.0,1,2,0.0,1,2,3.0,4.0,1
0,501.0,82000.0,32,82000.0,82000.0,81,1.0,148,1.0,20.0,21,1.0,1.0,2,1,2.0,1,2.0,3.0,1000,0.0,3.0,3.0,2,45.0,2.0,1,2.0,0,2022.0,52.0,1,35,32,1.0,0.0,0.0,0.0,0.0,5.0,600,1.0,2,2,0.0,1,2,3.0,4.0,1
0,475.0,74800.0,42,74000.0,74000.0,81,1.0,999,1.0,20.0,20,4.0,1.0,2,3,2.0,3,2.0,3.0,5013,0.0,3.0,3.0,0,40.0,2.0,3,2.0,1,2012.0,52.0,0,6,999,5.0,0.0,0.0,800.0,0.0,5.0,100,1.0,4,2,0.0,1,2,3.0,3.0,1
0,330.0,52000.0,03,52000.0,52000.0,81,1.0,999,1.0,24.0,36,6.0,1.0,2,5,2.0,1,2.0,3.0,1000,0.0,3.0,3.0,0,40.0,2.0,1,2.0,0,1995.0,52.0,1,38,999,2.0,0.0,0.0,0.0,0.0,5.0,100,1.0,4,2,0.0,1,2,3.0,4.0,1
0,485.0,42000.0,58,42000.0,42000.0,93,1.0,32,1.0,19.0,20,6.0,1.0,2,5,2.0,1,2.0,3.0,1000,0.0,3.0,3.0,0,40.0,2.0,1,2.0,0,1995.0,52.0,1,37,999,3.0,0.0,0.0,0.0,0.0,5.0,500,1.0,1,2,0.0,1,2,3.0,4.0,1
0,146.0,22300.0,43,20000.0,20000.0,90,1.0,26,1.0,16.0,20,6.0,1.0,1,5,2.0,1,1.0,3.0,1000,0.0,3.0,3.0,0,40.0,2.0,1,2.0,0,1995.0,52.0,1,38,32,2.0,0.0,0.0,0.0,2300.0,5.0,200,3.0,2,2,0.0,1,2,3.0,4.0,1
0,501.0,108000.0,63,108000.0,108000.0,95,1.0,82,1.0,20.0,20,1.0,1.0,2,1,2.0,1,2.0,3.0,1000,0.0,3.0,3.0,0,50.0,2.0,1,2.0,0,2017.0,52.0,1,27,50,5.0,0.0,0.0,0.0,0.0,5.0,200,1.0,2,2,0.0,1,2,3.0,4.0,1
0,501.0,40000.0,23,40000.0,40000.0,78,1.0,82,1.0,22.0,21,1.0,1.0,2,1,2.0,1,2.0,3.0,1000,0.0,3.0,3.0,0,45.0,2.0,1,2.0,0,2017.0,12.0,1,38,999,3.0,0.0,0.0,0.0,0.0,5.0,200,1.0,1,2,0.0,1,2,3.0,4.0,1
0,501.0,62000.0,32,62000.0,62000.0,81,1.0,32,1.0,21.0,20,1.0,1.0,2,1,2.0,1,2.0,3.0,1000,0.0,3.0,3.0,2,40.0,2.0,1,2.0,0,1994.0,52.0,1,38,148,2.0,0.0,0.0,0.0,0.0,5.0,300,1.0,2,2,0.0,1,2,3.0,4.0,1
0,501.0,70000.0,47,70000.0,70000.0,48,1.0,32,1.0,20.0,21,1.0,1.0,2,1,2.0,1,2.0,3.0,1000,0.0,3.0,3.0,2,50.0,2.0,1,2.0,0,1994.0,52.0,1,38,125,1.0,0.0,0.0,0.0,0.0,5.0,300,1.0,2,2,0.0,1,2,3.0,4.0,1
0,501.0,100000.0,79,100000.0,100000.0,30,1.0,999,1.0,16.0,20,6.0,1.0,2,5,2.0,1,2.0,3.0,1000,0.0,3.0,3.0,0,64.0,2.0,1,2.0,0,1995.0,52.0,1,38,999,1.0,0.0,0.0,0.0,0.0,5.0,400,3.0,4,2,0.0,1,2,3.0,4.0,1
1,22.0,4600.0,62,0.0,0.0,07,6.0,32,2.0,17.0,20,1.0,2.0,2,1,2.0,1,2.0,2.0,1000,0.0,2.0,2.0,0,40.0,2.0,1,2.0,0,1994.0,52.0,1,30,999,3.0,0.0,4600.0,0.0,0.0,5.0,200,1.0,1,2,0.0,1,2,3.0,4.0,1
1,22.0,0.0,40,0.0,0.0,86,6.0,32,2.0,13.0,21,1.0,2.0,2,1,2.0,1,2.0,2.0,1000,0.0,2.0,2.0,0,40.0,2.0,1,2.0,0,1994.0,52.0,1,30,999,1.0,0.0,0.0,0.0,0.0,5.0,200,1.0,1,2,0.0,1,2,3.0,4.0,1
0,352.0,55500.0,08,55000.0,55000.0,05,1.0,32,1.0,21.0,20,6.0,1.0,2,5,2.0,1,2.0,1.0,1000,0.0,2.0,2.0,2,40.0,2.0,1,2.0,0,1995.0,52.0,1,38,82,1.0,0.0,0.0,0.0,0.0,1.0,600,3.0,2,2,500.0,1,2,3.0,4.0,1
0,501.0,38000.0,46,26000.0,26000.0,82,1.0,999,1.0,16.0,20,1.0,1.0,2,1,2.0,17,2.0,2.0,9000,0.0,2.0,2.0,0,26.0,2.0,9,2.0,1,2003.0,52.0,1,38,999,1.0,12000.0,0.0,0.0,0.0,1.0,200,1.0,4,2,0.0,1,2,2.0,4.0,1
0,501.0,96000.0,60,96000.0,0.0,01,1.0,999,1.0,16.0,21,1.0,1.0,2,1,2.0,1,2.0,2.0,1000,0.0,1.0,2.0,1,60.0,2.0,1,2.0,0,2003.0,52.0,1,38,999,6.0,0.0,0.0,0.0,0.0,3.0,200,1.0,4,2,0.0,1,2,1.0,4.0,1
0,501.0,80000.0,57,80000.0,80000.0,93,1.0,917,1.0,21.0,21,1.0,1.0,2,1,2.0,3,2.0,3.0,5024,0.0,3.0,3.0,0,50.0,2.0,3,2.0,1,2009.0,52.0,0,6,999,3.0,0.0,0.0,0.0,0.0,5.0,100,1.0,1,2,0.0,1,2,3.0,4.0,1
0,501.0,39400.0,51,39400.0,25000.0,01,1.0,32,1.0,21.0,20,1.0,1.0,2,1,2.0,1,2.0,3.0,1000,0.0,3.0,3.0,0,20.0,2.0,1,2.0,0,2010.0,52.0,1,38,82,7.0,0.0,0.0,0.0,0.0,5.0,200,1.0,2,2,0.0,1,2,3.0,4.0,1
0,258.0,105000.0,10,105000.0,105000.0,73,1.0,21,1.0,21.0,20,1.0,1.0,2,1,2.0,1,2.0,3.0,1000,0.0,3.0,3.0,0,40.0,2.0,1,2.0,0,1996.0,52.0,1,6,51,1.0,0.0,0.0,0.0,0.0,5.0,500,1.0,2,2,0.0,1,2,3.0,4.0,1
0,258.0,0.0,42,0.0,0.0,69,6.0,32,3.0,21.0,21,1.0,2.0,2,1,2.0,1,2.0,2.0,1000,0.0,2.0,2.0,0,40.0,2.0,1,2.0,0,1996.0,52.0,1,38,999,1.0,0.0,0.0,0.0,0.0,5.0,500,1.0,1,2,0.0,1,2,3.0,4.0,1
0,208.0,32000.0,73,32000.0,32000.0,96,4.0,999,1.0,18.0,20,6.0,1.0,2,5,2.0,1,2.0,3.0,1000,0.0,3.0,3.0,0,40.0,2.0,1,2.0,0,1995.0,52.0,1,6,999,5.0,0.0,0.0,0.0,0.0,5.0,200,1.0,4,2,0.0,1,2,3.0,1.0,1
0,501.0,56000.0,12,56000.0,56000.0,73,1.0,82,1.0,24.0,20,1.0,1.0,2,1,2.0,1,2.0,3.0,1000,0.0,3.0,3.0,0,30.0,2.0,1,2.0,0,1997.0,52.0,1,29,89,1.0,0.0,0.0,0.0,0.0,5.0,300,1.0,2,2,0.0,1,2,3.0,4.0,1
0,501.0,91000.0,12,91000.0,91000.0,73,1.0,32,1.0,22.0,21,1.0,1.0,2,1,2.0,1,2.0,3.0,1000,0.0,3.0,3.0,0,40.0,2.0,1,2.0,0,1997.0,52.0,1,19,999,1.0,0.0,0.0,0.0,0.0,5.0,300,1.0,1,2,0.0,1,2,3.0,4.0,1
0,453.0,70000.0,63,70000.0,70000.0,07,1.0,50,1.0,12.0,20,4.0,1.0,2,3,2.0,1,2.0,3.0,1000,0.0,3.0,3.0,2,50.0,2.0,1,2.0,0,2000.0,40.0,1,24,999,1.0,0.0,0.0,0.0,0.0,5.0,400,1.0,1,2,0.0,1,2,3.0,4.0,1
0,157.0,36000.0,32,36000.0,36000.0,69,1.0,32,1.0,21.0,20,1.0,1.0,1,1,1.0,1,1.0,3.0,1000,0.0,3.0,3.0,0,44.0,1.0,1,1.0,0,1987.0,52.0,1,38,999,1.0,0.0,0.0,0.0,0.0,5.0,400,1.0,1,2,0.0,1,2,3.0,4.0,1
0,157.0,2000.0,77,0.0,0.0,15,6.0,32,2.0,18.0,21,1.0,2.0,1,1,1.0,1,1.0,2.0,1000,0.0,2.0,2.0,0,40.0,1.0,1,1.0,0,1987.0,52.0,1,38,999,1.0,0.0,2000.0,0.0,0.0,5.0,400,1.0,1,2,0.0,1,2,3.0,4.0,1
1,437.0,102800.0,47,20000.0,20000.0,49,6.0,924,1.0,16.0,20,1.0,2.0,2,1,2.0,1,2.0,2.0,1000,0.0,2.0,2.0,0,35.0,2.0,1,2.0,0,2018.0,26.0,1,31,999,1.0,16800.0,0.0,0.0,0.0,5.0,400,1.0,1,2,66000.0,1,2,3.0,4.0,1
0,437.0,40000.0,96,40000.0,40000.0,30,6.0,924,1.0,11.0,21,1.0,2.0,2,1,2.0,1,2.0,2.0,1000,0.0,2.0,2.0,0,45.0,2.0,1,2.0,0,2018.0,26.0,1,38,999,1.0,0.0,0.0,0.0,0.0,5.0,400,1.0,1,2,0.0,1,2,3.0,4.0,1
0,493.0,148000.0,86,148000.0,148000.0,20,1.0,20,1.0,17.0,20,1.0,1.0,2,1,2.0,1,2.0,3.0,1000,0.0,3.0,3.0,0,48.0,2.0,1,2.0,0,2011.0,52.0,1,49,82,1.0,0.0,0.0,0.0,0.0,5.0,100,1.0,2,2,0.0,1,2,3.0,4.0,1
0,493.0,0.0,42,0.0,0.0,69,6.0,88,3.0,16.0,21,1.0,2.0,2,1,2.0,1,2.0,2.0,1000,0.0,2.0,2.0,0,40.0,2.0,1,2.0,0,2011.0,52.0,1,49,32,1.0,0.0,0.0,0.0,0.0,5.0,100,1.0,2,2,0.0,1,2,3.0,4.0,1
0,277.0,58000.0,21,58000.0,58000.0,72,1.0,50,1.0,21.0,20,4.0,1.0,2,3,2.0,1,2.0,3.0,1000,0.0,3.0,3.0,0,40.0,2.0,1,2.0,0,2006.0,52.0,1,38,82,1.0,0.0,0.0,0.0,0.0,5.0,500,1.0,2,2,0.0,1,2,3.0,4.0,1
0,501.0,80000.0,62,80000.0,80000.0,07,1.0,82,1.0,19.0,22,4.0,1.0,2,3,2.0,1,2.0,3.0,1000,0.0,3.0,3.0,0,70.0,2.0,1,2.0,0,2002.0,52.0,1,27,999,1.0,0.0,0.0,0.0,0.0,5.0,500,1.0,1,2,0.0,1,2,3.0,4.0,1
0,501.0,10000.0,02,0.0,0.0,07,6.0,999,2.0,20.0,20,1.0,1.0,2,1,2.0,1,2.0,3.0,1000,0.0,3.0,3.0,2,40.0,2.0,1,2.0,0,1983.0,52.0,1,38,999,1.0,0.0,0.0,10000.0,0.0,5.0,300,1.0,4,2,0.0,1,2,3.0,2.0,1
0,501.0,40000.0,32,40000.0,40000.0,81,1.0,999,1.0,19.0,21,1.0,1.0,2,1,2.0,1,2.0,3.0,1000,0.0,3.0,3.0,2,24.0,2.0,1,2.0,0,1983.0,52.0,1,38,999,2.0,0.0,0.0,0.0,0.0,5.0,300,1.0,4,2,0.0,1,2,3.0,4.0,1
0,501.0,145700.0,01,145000.0,145000.0,68,1.0,999,1.0,21.0,25,2.0,1.0,2,1,2.0,1,2.0,3.0,1000,0.0,3.0,3.0,0,45.0,2.0,1,2.0,0,2019.0,52.0,1,38,999,1.0,0.0,0.0,0.0,0.0,5.0,300,1.0,4,2,700.0,1,2,3.0,4.0,1
0,501.0,8600.0,42,0.0,0.0,69,6.0,999,3.0,15.0,25,6.0,1.0,2,5,2.0,1,2.0,3.0,1000,8600.0,3.0,3.0,2,40.0,2.0,1,2.0,0,1995.0,52.0,1,38,999,1.0,0.0,0.0,0.0,0.0,5.0,300,1.0,4,2,0.0,1,2,3.0,4.0,1
0,478.0,52000.0,45,52000.0,0.0,89,1.0,999,1.0,19.0,20,1.0,1.0,2,1,2.0,1,2.0,3.0,1000,0.0,3.0,3.0,0,40.0,2.0,1,2.0,0,2020.0,52.0,1,38,999,6.0,0.0,0.0,0.0,0.0,5.0,500,1.0,4,2,0.0,1,2,3.0,4.0,1
0,478.0,120000.0,69,120000.0,120000.0,04,1.0,999,1.0,16.0,21,1.0,1.0,2,1,2.0,1,2.0,3.0,1000,0.0,3.0,3.0,0,44.0,2.0,1,2.0,0,2020.0,52.0,1,38,999,1.0,0.0,0.0,0.0,0.0,5.0,500,1.0,4,2,0.0,1,2,3.0,4.0,1
0,16.0,2600.0,42,2600.0,2600.0,82,1.0,82,1.0,19.0,20,6.0,1.0,2,5,2.0,1,2.0,3.0,1000,0.0,3.0,3.0,0,7.0,2.0,1,2.0,0,1995.0,52.0,1,38,32,2.0,0.0,0.0,0.0,0.0,5.0,500,1.0,2,2,0.0,1,2,3.0,4.0,1
0,206.0,42000.0,33,41500.0,41500.0,81,3.0,995,1.0,21.0,20,1.0,2.0,1,1,1.0,29,2.0,1.0,9000,0.0,1.0,3.0,0,40.0,2.0,9,2.0,0,1987.0,12.0,1,27,999,1.0,0.0,0.0,0.0,0.0,1.0,600,1.0,3,1,500.0,1,1,2.0,4.0,1
0,206.0,30.0,01,0.0,0.0,68,3.0,995,2.0,21.0,21,1.0,2.0,1,1,2.0,29,2.0,1.0,9000,0.0,2.0,2.0,0,40.0,2.0,9,2.0,0,1987.0,52.0,1,8,999,1.0,0.0,30.0,0.0,0.0,1.0,600,1.0,3,1,0.0,1,2,3.0,4.0,1
0,501.0,113000.0,38,98000.0,98000.0,94,1.0,999,1.0,16.0,20,1.0,1.0,2,1,2.0,1,2.0,2.0,1000,0.0,2.0,2.0,0,40.0,2.0,1,2.0,0,1996.0,52.0,1,6,999,3.0,15000.0,0.0,0.0,0.0,5.0,400,1.0,4,2,0.0,1,2,3.0,4.0,1
0,501.0,60050.0,04,60000.0,60000.0,83,1.0,50,1.0,20.0,20,1.0,1.0,1,1,1.0,1,2.0,3.0,1000,0.0,3.0,3.0,0,48.0,2.0,1,2.0,0,2022.0,52.0,1,6,999,4.0,0.0,0.0,0.0,0.0,5.0,600,1.0,1,2,50.0,1,2,3.0,4.0,2
0,501.0,89600.0,09,80000.0,80000.0,70,1.0,999,1.0,16.0,21,1.0,1.0,2,1,2.0,1,2.0,3.0,1000,0.0,3.0,3.0,0,40.0,2.0,1,2.0,0,2022.0,52.0,1,38,999,1.0,0.0,0.0,0.0,0.0,5.0,600,1.0,4,2,9600.0,1,2,3.0,4.0,1
0,501.0,50000.0,35,50000.0,50000.0,81,1.0,49,1.0,20.0,20,1.0,1.0,1,1,2.0,1,2.0,3.0,1000,0.0,3.0,3.0,0,40.0,2.0,1,2.0,0,1981.0,52.0,1,38,999,1.0,0.0,0.0,0.0,0.0,5.0,500,1.0,1,1,0.0,1,2,3.0,4.0,1
0,501.0,115900.0,02,100000.0,100000.0,01,1.0,32,1.0,10.0,21,1.0,1.0,2,1,2.0,1,2.0,3.0,1000,0.0,3.0,3.0,0,40.0,2.0,1,2.0,0,1981.0,52.0,1,38,999,7.0,14400.0,0.0,0.0,0.0,5.0,500,1.0,1,2,1500.0,1,2,3.0,4.0,1
0,501.0,7300.0,42,0.0,0.0,69,6.0,999,3.0,22.0,25,4.0,1.0,2,3,2.0,1,2.0,3.0,1000,7300.0,3.0,3.0,0,40.0,2.0,1,2.0,0,2009.0,52.0,1,18,999,1.0,0.0,0.0,0.0,0.0,5.0,500,1.0,4,2,0.0,1,2,3.0,4.0,1
0,501.0,79100.0,55,71000.0,71000.0,25,1.0,82,1.0,20.0,20,1.0,1.0,2,1,2.0,1,2.0,3.0,1000,0.0,3.0,3.0,0,55.0,2.0,1,2.0,0,2016.0,40.0,1,38,125,1.0,0.0,0.0,8100.0,0.0,5.0,100,1.0,2,2,0.0,1,2,3.0,4.0,1
0,501.0,100000.0,91,100000.0,100000.0,04,1.0,999,1.0,18.0,20,1.0,1.0,2,1,2.0,1,2.0,3.0,1000,0.0,3.0,3.0,0,40.0,2.0,1,2.0,0,2003.0,52.0,1,30,999,1.0,0.0,0.0,0.0,0.0,5.0,200,1.0,4,2,0.0,1,2,3.0,4.0,1
0,501.0,11500.0,32,11500.0,11500.0,81,1.0,999,1.0,20.0,21,1.0,1.0,2,1,2.0,1,2.0,3.0,1000,0.0,3.0,3.0,0,35.0,2.0,1,2.0,0,2003.0,52.0,1,6,999,1.0,0.0,0.0,0.0,0.0,5.0,200,1.0,4,2,0.0,1,2,3.0,4.0,1
0,335.0,51100.0,60,39000.0,39000.0,01,1.0,939,1.0,19.0,20,4.0,1.0,2,3,2.0,1,2.0,3.0,1000,0.0,3.0,3.0,1,30.0,2.0,1,2.0,0,1983.0,52.0,1,38,999,1.0,0.0,0.0,0.0,0.0,5.0,400,1.0,1,2,12100.0,1,2,3.0,4.0,1
0,365.0,320.0,42,0.0,0.0,69,6.0,32,3.0,20.0,20,1.0,2.0,2,1,2.0,1,2.0,2.0,1000,0.0,2.0,2.0,0,40.0,2.0,1,2.0,0,2012.0,52.0,1,31,50,1.0,0.0,0.0,0.0,0.0,5.0,200,1.0,2,2,320.0,1,2,3.0,4.0,1
0,365.0,130000.0,00,130000.0,130000.0,21,1.0,32,1.0,20.0,21,1.0,1.0,1,1,2.0,1,2.0,3.0,1000,0.0,3.0,3.0,0,44.0,2.0,1,2.0,0,2012.0,52.0,1,38,999,1.0,0.0,0.0,0.0,0.0,5.0,200,1.0,1,1,0.0,1,2,3.0,4.0,1
0,501.0,164000.0,21,32000.0,12000.0,72,1.0,32,1.0,23.0,20,1.0,1.0,2,1,2.0,1,2.0,3.0,1000,0.0,3.0,3.0,0,10.0,2.0,1,2.0,0,2018.0,20.0,1,38,999,1.0,12000.0,0.0,0.0,0.0,5.0,500,1.0,1,2,120000.0,1,2,3.0,4.0,1
0,501.0,138800.0,00,136500.0,135000.0,78,1.0,32,1.0,22.0,21,1.0,1.0,2,1,2.0,1,2.0,3.0,1000,0.0,3.0,3.0,0,40.0,2.0,1,2.0,0,2018.0,52.0,1,38,999,3.0,0.0,0.0,0.0,0.0,5.0,500,1.0,1,2,2300.0,1,2,3.0,4.0,1
0,259.0,72000.0,06,72000.0,72000.0,38,1.0,32,1.0,21.0,20,1.0,1.0,2,1,2.0,1,2.0,3.0,1000,0.0,3.0,3.0,0,40.0,2.0,1,2.0,0,2010.0,52.0,1,38,82,1.0,0.0,0.0,0.0,0.0,5.0,400,1.0,2,2,0.0,1,2,3.0,4.0,1
0,259.0,6500.0,42,6500.0,6500.0,91,1.0,999,1.0,19.0,21,1.0,1.0,2,1,2.0,1,2.0,3.0,1000,0.0,3.0,3.0,2,5.0,2.0,1,2.0,0,2010.0,52.0,1,38,999,2.0,0.0,0.0,0.0,0.0,5.0,400,1.0,4,2,0.0,1,2,3.0,4.0,1
0,501.0,36900.0,51,36900.0,36900.0,87,1.0,32,1.0,18.0,20,1.0,1.0,2,1,2.0,1,2.0,3.0,1000,0.0,3.0,3.0,0,40.0,2.0,1,2.0,0,1983.0,52.0,1,38,142,1.0,0.0,0.0,0.0,0.0,5.0,400,1.0,2,2,0.0,1,2,3.0,4.0,1
0,501.0,133000.0,02,11000.0,0.0,01,1.0,21,1.0,16.0,21,1.0,1.0,2,1,2.0,1,2.0,3.0,1000,0.0,3.0,3.0,0,70.0,2.0,1,2.0,0,1983.0,20.0,1,27,999,6.0,0.0,0.0,0.0,0.0,5.0,400,1.0,1,2,122000.0,1,2,3.0,4.0,1
0,501.0,86000.0,31,86000.0,86000.0,80,1.0,32,1.0,21.0,20,1.0,1.0,2,1,2.0,1,2.0,3.0,1000,0.0,3.0,3.0,0,40.0,2.0,1,2.0,0,2020.0,52.0,1,38,82,1.0,0.0,0.0,0.0,0.0,5.0,400,1.0,2,2,0.0,1,2,3.0,4.0,1
0,501.0,49900.0,02,49900.0,21100.0,01,1.0,999,1.0,21.0,21,1.0,1.0,2,1,2.0,1,2.0,3.0,1000,0.0,3.0,3.0,0,80.0,2.0,1,2.0,0,2020.0,52.0,1,38,999,6.0,0.0,0.0,0.0,0.0,5.0,400,1.0,4,2,0.0,1,2,3.0,4.0,1
0,501.0,90000.0,04,90000.0,90000.0,94,1.0,32,1.0,22.0,20,1.0,1.0,2,1,2.0,1,2.0,3.0,1000,0.0,3.0,3.0,0,40.0,2.0,1,2.0,0,2009.0,52.0,1,38,50,4.0,0.0,0.0,0.0,0.0,5.0,300,1.0,2,2,0.0,1,2,3.0,4.0,1
0,501.0,120000.0,95,120000.0,120000.0,05,1.0,171,1.0,18.0,21,1.0,1.0,2,1,2.0,1,2.0,3.0,1000,0.0,3.0,3.0,0,50.0,2.0,1,2.0,0,2009.0,52.0,1,38,999,1.0,0.0,0.0,0.0,0.0,5.0,300,1.0,1,2,0.0,1,2,3.0,4.0,1
0,501.0,40000.0,36,40000.0,40000.0,81,1.0,615,1.0,21.0,25,6.0,1.0,2,5,2.0,4,2.0,3.0,4015,0.0,3.0,3.0,0,32.0,2.0,6,2.0,0,1995.0,52.0,0,24,999,2.0,0.0,0.0,0.0,0.0,5.0,600,1.0,1,2,0.0,1,2,3.0,4.0,1
0,350.0,55000.0,47,55000.0,55000.0,42,1.0,26,1.0,18.0,20,4.0,1.0,1,3,2.0,1,2.0,3.0,1000,0.0,3.0,3.0,0,40.0,2.0,1,2.0,0,1996.0,52.0,1,27,32,1.0,0.0,0.0,0.0,0.0,5.0,500,1.0,2,2,0.0,1,1,3.0,2.0,1
0,350.0,29000.0,45,29000.0,29000.0,89,1.0,26,1.0,19.0,25,6.0,1.0,2,5,2.0,1,2.0,3.0,1000,0.0,3.0,3.0,0,40.0,2.0,1,2.0,0,1995.0,52.0,1,38,32,1.0,0.0,0.0,0.0,0.0,5.0,500,1.0,2,2,0.0,1,2,3.0,4.0,1
0,501.0,40000.0,40,40000.0,0.0,86,1.0,32,1.0,16.0,21,1.0,1.0,2,1,2.0,1,2.0,3.0,1000,0.0,2.0,2.0,2,40.0,2.0,1,2.0,0,1976.0,52.0,1,38,999,6.0,0.0,0.0,0.0,0.0,5.0,500,1.0,1,2,0.0,1,2,3.0,4.0,1
0,501.0,53870.0,32,53000.0,53000.0,81,1.0,32,1.0,21.0,20,1.0,1.0,2,1,2.0,1,2.0,3.0,1000,0.0,3.0,3.0,2,32.0,2.0,1,2.0,0,2017.0,52.0,1,38,999,2.0,0.0,0.0,0.0,0.0,5.0,600,3.0,1,2,870.0,1,2,3.0,4.0,1
0,501.0,82000.0,38,82000.0,82000.0,94,1.0,999,1.0,21.0,21,1.0,1.0,2,1,2.0,1,2.0,3.0,1000,0.0,3.0,3.0,2,40.0,2.0,1,2.0,0,2017.0,52.0,1,38,999,3.0,0.0,0.0,0.0,0.0,5.0,600,3.0,4,2,0.0,1,2,3.0,4.0,1
0,138.0,1900.0,26,1900.0,1900.0,54,6.0,999,1.0,22.0,20,1.0,2.0,2,1,2.0,17,2.0,1.0,9000,0.0,2.0,2.0,0,15.0,2.0,9,2.0,1,2007.0,8.0,1,29,999,3.0,0.0,0.0,0.0,0.0,3.0,500,1.0,4,2,0.0,1,2,3.0,4.0,1
0,138.0,65000.0,38,65000.0,65000.0,94,1.0,999,1.0,21.0,21,1.0,1.0,2,1,2.0,1,2.0,3.0,1000,0.0,3.0,3.0,0,50.0,2.0,1,2.0,0,2007.0,52.0,1,38,999,3.0,0.0,0.0,0.0,0.0,5.0,500,1.0,4,2,0.0,1,2,3.0,4.0,1
0,501.0,70000.0,32,70000.0,70000.0,82,1.0,32,1.0,21.0,20,1.0,1.0,2,1,2.0,1,2.0,3.0,1000,0.0,3.0,3.0,0,40.0,2.0,1,2.0,0,2020.0,52.0,1,38,999,1.0,0.0,0.0,0.0,0.0,5.0,600,1.0,1,2,0.0,1,2,3.0,4.0,1
0,501.0,60000.0,23,60000.0,60000.0,78,1.0,32,1.0,21.0,21,1.0,1.0,2,1,2.0,1,2.0,3.0,1000,0.0,3.0,3.0,0,40.0,2.0,1,2.0,0,1993.0,52.0,1,38,999,3.0,0.0,0.0,0.0,0.0,5.0,500,1.0,1,2,0.0,1,2,3.0,4.0,1
0,44.0,7100.0,04,7100.0,7100.0,83,3.0,999,1.0,20.0,20,3.0,1.0,2,2,2.0,29,2.0,3.0,9000,0.0,3.0,3.0,0,40.0,2.0,9,2.0,0,1988.0,9.0,1,18,999,1.0,0.0,0.0,0.0,0.0,5.0,100,3.0,4,2,0.0,1,2,3.0,4.0,2
0,71.0,11100.0,42,0.0,0.0,69,6.0,996,3.0,17.0,20,6.0,2.0,1,5,1.0,1,1.0,2.0,1000,0.0,2.0,2.0,0,40.0,2.0,1,2.0,0,1995.0,52.0,1,38,999,1.0,0.0,0.0,0.0,11100.0,3.0,500,1.0,3,2,0.0,1,2,3.0,4.0,1
1,358.0,32300.0,42,0.0,0.0,69,6.0,920,3.0,16.0,20,6.0,2.0,1,5,2.0,3,1.0,2.0,5013,0.0,2.0,2.0,0,40.0,1.0,3,2.0,1,1995.0,52.0,0,38,999,1.0,17300.0,15000.0,0.0,0.0,5.0,100,1.0,1,2,0.0,1,2,3.0,4.0,1
0,358.0,40000.0,47,40000.0,40000.0,57,1.0,917,1.0,17.0,29,2.0,1.0,2,1,2.0,3,2.0,3.0,5013,0.0,3.0,3.0,0,40.0,2.0,3,2.0,1,1990.0,52.0,0,38,999,1.0,0.0,0.0,0.0,0.0,5.0,100,3.0,1,2,0.0,1,2,3.0,4.0,1
0,365.0,80000.0,13,80000.0,80000.0,81,1.0,82,1.0,21.0,20,1.0,1.0,2,1,2.0,1,2.0,3.0,1000,0.0,3.0,3.0,2,40.0,2.0,1,2.0,0,2004.0,52.0,1,38,999,5.0,0.0,0.0,0.0,0.0,5.0,600,1.0,1,2,0.0,1,2,3.0,2.0,1
0,365.0,30000.0,96,30000.0,30000.0,43,1.0,32,1.0,21.0,21,1.0,1.0,2,1,2.0,1,2.0,3.0,1000,0.0,3.0,3.0,2,40.0,2.0,1,2.0,0,2004.0,52.0,1,38,999,1.0,0.0,0.0,0.0,0.0,5.0,600,1.0,1,2,0.0,1,2,3.0,2.0,1
0,404.0,63000.0,47,63000.0,63000.0,48,1.0,999,1.0,19.0,20,6.0,1.0,2,5,2.0,1,2.0,3.0,1000,0.0,3.0,3.0,0,42.0,2.0,1,2.0,0,1995.0,52.0,1,30,999,1.0,0.0,0.0,0.0,0.0,5.0,200,1.0,4,2,0.0,1,2,3.0,4.0,1
0,501.0,96000.0,03,96000.0,95000.0,80,1.0,32,1.0,21.0,20,1.0,1.0,2,1,2.0,1,2.0,3.0,1000,0.0,3.0,3.0,0,45.0,2.0,1,2.0,0,2011.0,52.0,1,38,999,2.0,0.0,0.0,0.0,0.0,5.0,200,1.0,1,2,0.0,1,2,3.0,4.0,1
0,501.0,130000.0,00,130000.0,130000.0,05,1.0,32,1.0,20.0,21,1.0,1.0,2,1,2.0,1,2.0,3.0,1000,0.0,3.0,3.0,0,50.0,2.0,1,2.0,0,2011.0,52.0,1,38,999,1.0,0.0,0.0,0.0,0.0,5.0,200,1.0,1,2,0.0,1,2,3.0,4.0,1
0,363.0,37500.0,47,30000.0,30000.0,49,3.0,917,1.0,17.0,30,6.0,2.0,2,5,2.0,3,2.0,3.0,5025,0.0,1.0,3.0,2,20.0,2.0,5,2.0,1,1995.0,30.0,0,30,999,1.0,0.0,0.0,7500.0,0.0,1.0,200,1.0,1,2,0.0,1,2,1.0,4.0,1
0,370.0,40000.0,62,40000.0,40000.0,96,4.0,22,1.0,16.0,20,1.0,1.0,2,1,2.0,1,2.0,3.0,1000,0.0,3.0,3.0,0,40.0,2.0,1,2.0,0,2022.0,52.0,1,17,999,5.0,0.0,0.0,0.0,0.0,5.0,200,3.0,1,2,0.0,1,2,3.0,1.0,1
0,370.0,35000.0,35,35000.0,35000.0,81,1.0,22,1.0,20.0,21,1.0,1.0,2,1,2.0,1,2.0,3.0,1000,0.0,3.0,3.0,0,20.0,2.0,1,2.0,0,2022.0,52.0,1,17,999,1.0,0.0,0.0,0.0,0.0,5.0,200,3.0,1,2,0.0,1,2,3.0,4.0,1
0,196.0,30000.0,56,30000.0,30000.0,43,1.0,939,1.0,16.0,20,6.0,1.0,2,5,2.0,1,2.0,3.0,1000,0.0,3.0,3.0,0,40.0,2.0,1,2.0,0,1995.0,38.0,1,6,999,1.0,0.0,0.0,0.0,0.0,5.0,600,1.0,1,2,0.0,1,2,3.0,2.0,1
0,498.0,102000.0,48,67000.0,67000.0,69,1.0,32,1.0,21.0,20,4.0,1.0,2,3,2.0,1,2.0,3.0,1000,0.0,3.0,3.0,0,40.0,2.0,1,2.0,0,2012.0,52.0,1,38,50,7.0,0.0,0.0,0.0,0.0,5.0,400,1.0,2,2,35000.0,1,2,3.0,4.0,1
0,501.0,9900.0,83,0.0,0.0,45,6.0,22,2.0,13.0,21,1.0,2.0,2,1,2.0,1,2.0,2.0,1000,0.0,2.0,2.0,0,40.0,2.0,1,2.0,0,1980.0,52.0,1,13,999,2.0,9900.0,0.0,0.0,0.0,5.0,500,1.0,1,2,0.0,1,2,3.0,4.0,1
0,465.0,97000.0,02,97000.0,97000.0,78,1.0,999,1.0,22.0,20,1.0,1.0,2,1,2.0,1,2.0,3.0,1000,0.0,3.0,3.0,0,40.0,2.0,1,2.0,0,2017.0,52.0,1,48,999,3.0,0.0,0.0,0.0,0.0,5.0,500,1.0,4,2,0.0,1,2,3.0,4.0,1
0,465.0,43000.0,46,43000.0,0.0,84,1.0,999,1.0,19.0,21,1.0,1.0,2,1,2.0,1,2.0,3.0,1000,0.0,3.0,3.0,0,50.0,2.0,1,2.0,0,2017.0,52.0,1,38,999,6.0,0.0,0.0,0.0,0.0,5.0,500,1.0,4,2,0.0,1,2,3.0,4.0,1
0,397.0,37000.0,42,37000.0,37000.0,78,1.0,82,1.0,15.0,21,1.0,1.0,2,1,2.0,1,2.0,3.0,1000,0.0,3.0,3.0,0,40.0,2.0,1,2.0,0,1977.0,52.0,1,38,999,3.0,0.0,0.0,0.0,0.0,5.0,500,1.0,1,2,0.0,1,2,3.0,4.0,1
0,497.0,64000.0,07,64000.0,64000.0,46,1.0,32,1.0,18.0,20,1.0,1.0,2,1,2.0,1,2.0,3.0,1000,0.0,3.0,3.0,0,45.0,2.0,1,2.0,0,1979.0,52.0,1,38,999,1.0,0.0,0.0,0.0,0.0,5.0,400,1.0,1,2,0.0,1,2,3.0,4.0,1
0,418.0,65000.0,63,65000.0,65000.0,07,1.0,999,1.0,19.0,20,6.0,1.0,2,5,2.0,1,2.0,3.0,1000,0.0,3.0,3.0,0,40.0,2.0,1,2.0,0,1995.0,52.0,1,38,999,1.0,0.0,0.0,0.0,0.0,5.0,300,1.0,4,2,0.0,1,2,3.0,4.0,1
0,501.0,0.0,41,0.0,0.0,86,6.0,32,2.0,18.0,20,1.0,2.0,1,1,1.0,17,1.0,2.0,9000,0.0,2.0,2.0,0,40.0,1.0,9,1.0,1,2015.0,52.0,1,36,144,1.0,0.0,0.0,0.0,0.0,5.0,100,1.0,2,2,0.0,1,1,3.0,4.0,1
0,501.0,117000.0,72,117000.0,117000.0,42,1.0,82,1.0,16.0,21,1.0,1.0,2,1,2.0,1,2.0,3.0,1000,0.0,3.0,3.0,0,90.0,2.0,1,2.0,0,2015.0,52.0,1,46,999,2.0,0.0,0.0,0.0,0.0,5.0,100,1.0,1,2,0.0,1,2,3.0,4.0,1
0,501.0,91000.0,09,91000.0,91000.0,68,1.0,32,1.0,21.0,20,6.0,1.0,2,5,2.0,1,2.0,3.0,1000,0.0,3.0,3.0,0,40.0,2.0,1,2.0,0,1995.0,52.0,1,31,999,1.0,0.0,0.0,0.0,0.0,5.0,600,1.0,1,2,0.0,1,2,3.0,4.0,1
0,501.0,45800.0,42,0.0,0.0,69,6.0,111,3.0,16.0,20,1.0,2.0,2,1,2.0,1,2.0,2.0,1000,0.0,2.0,2.0,2,40.0,2.0,1,2.0,0,1985.0,52.0,1,38,999,1.0,12400.0,0.0,33400.0,0.0,5.0,100,1.0,1,2,0.0,1,2,3.0,4.0,1
0,501.0,57400.0,02,2400.0,0.0,01,1.0,111,1.0,21.0,21,1.0,1.0,1,1,2.0,1,2.0,3.0,1000,0.0,3.0,3.0,2,22.0,2.0,1,2.0,0,1985.0,52.0,1,38,999,6.0,0.0,0.0,0.0,0.0,5.0,100,1.0,1,2,55000.0,1,1,3.0,4.0,1
0,185.0,29000.0,52,29000.0,29000.0,68,1.0,82,1.0,19.0,20,6.0,1.0,2,5,2.0,1,2.0,3.0,1000,0.0,3.0,3.0,0,85.0,2.0,1,2.0,0,1995.0,52.0,1,38,32,1.0,0.0,0.0,0.0,0.0,5.0,600,1.0,2,2,0.0,1,2,3.0,4.0,1
1,94.0,28900.0,46,16000.0,0.0,84,1.0,32,1.0,16.0,20,4.0,1.0,2,3,2.0,1,2.0,3.0,1000,0.0,3.0,3.0,0,40.0,2.0,1,2.0,0,2010.0,52.0,1,38,999,6.0,0.0,0.0,12900.0,0.0,5.0,400,1.0,1,2,0.0,1,2,3.0,4.0,1
0,351.0,90000.0,01,90000.0,90000.0,66,1.0,190,1.0,21.0,20,1.0,1.0,2,1,2.0,17,2.0,3.0,9000,0.0,3.0,3.0,0,40.0,2.0,9,2.0,1,2009.0,52.0,1,13,999,1.0,0.0,0.0,0.0,0.0,5.0,100,1.0,1,2,0.0,1,2,3.0,4.0,1
0,351.0,50000.0,06,50000.0,50000.0,07,1.0,21,1.0,21.0,21,1.0,1.0,2,1,2.0,17,2.0,2.0,9000,0.0,2.0,3.0,0,48.0,2.0,9,2.0,1,2009.0,52.0,1,53,171,1.0,0.0,0.0,0.0,0.0,5.0,100,1.0,2,2,0.0,1,2,3.0,4.0,1
0,307.0,47700.0,32,47700.0,47700.0,80,1.0,999,1.0,20.0,22,6.0,1.0,2,5,2.0,1,2.0,2.0,1000,0.0,2.0,2.0,0,36.0,2.0,1,2.0,0,1995.0,52.0,1,48,999,1.0,0.0,0.0,0.0,0.0,5.0,400,1.0,4,2,0.0,1,2,1.0,4.0,1
0,501.0,30000.0,03,30000.0,30000.0,86,1.0,32,1.0,22.0,20,1.0,1.0,2,1,2.0,1,2.0,3.0,1000,0.0,3.0,3.0,2,50.0,2.0,1,2.0,0,1994.0,52.0,1,38,89,1.0,0.0,0.0,0.0,0.0,5.0,100,1.0,2,2,0.0,1,2,3.0,4.0,1
0,501.0,22400.0,42,0.0,0.0,69,6.0,91,3.0,21.0,21,1.0,2.0,1,1,1.0,1,1.0,2.0,1000,0.0,2.0,2.0,0,40.0,1.0,1,1.0,0,1985.0,52.0,1,38,32,1.0,16900.0,5500.0,0.0,0.0,5.0,300,1.0,2,2,0.0,1,2,3.0,4.0,1
0,253.0,28000.0,26,28000.0,28000.0,54,1.0,32,1.0,16.0,20,1.0,1.0,2,1,2.0,1,2.0,3.0,1000,0.0,3.0,3.0,0,40.0,2.0,1,2.0,0,2017.0,52.0,1,38,999,1.0,0.0,0.0,0.0,0.0,5.0,200,1.0,1,2,0.0,1,2,3.0,4.0,1
0,253.0,50000.0,70,50000.0,50000.0,85,1.0,999,1.0,16.0,21,1.0,1.0,2,1,2.0,1,2.0,3.0,1000,0.0,3.0,3.0,0,40.0,2.0,1,2.0,0,2017.0,52.0,1,38,999,4.0,0.0,0.0,0.0,0.0,5.0,200,1.0,4,2,0.0,1,2,3.0,4.0,1
1,6.0,1100.0,06,0.0,0.0,69,6.0,122,2.0,20.0,20,4.0,2.0,1,3,2.0,1,1.0,2.0,1000,0.0,2.0,2.0,0,40.0,1.0,1,2.0,0,1995.0,52.0,1,53,32,1.0,1100.0,0.0,0.0,0.0,3.0,500,1.0,2,2,0.0,1,2,3.0,4.0,1
0,216.0,34000.0,64,34000.0,34000.0,28,1.0,82,1.0,14.0,22,6.0,1.0,2,5,2.0,1,2.0,1.0,1000,0.0,3.0,3.0,0,40.0,2.0,1,2.0,0,1995.0,52.0,1,53,999,1.0,0.0,0.0,0.0,0.0,5.0,500,1.0,1,2,0.0,1,2,3.0,4.0,1
0,442.0,65000.0,35,65000.0,65000.0,82,1.0,22,1.0,20.0,20,1.0,1.0,2,1,2.0,1,2.0,3.0,1000,0.0,3.0,3.0,2,42.0,2.0,1,2.0,0,2014.0,52.0,1,51,50,1.0,0.0,0.0,0.0,0.0,5.0,300,1.0,2,2,0.0,1,2,3.0,4.0,1
0,442.0,22500.0,77,22500.0,22500.0,30,1.0,32,1.0,16.0,21,1.0,1.0,2,1,2.0,1,2.0,3.0,1000,0.0,3.0,3.0,2,50.0,2.0,1,2.0,0,2014.0,20.0,1,38,50,1.0,0.0,0.0,0.0,0.0,5.0,300,1.0,2,2,0.0,1,2,3.0,2.0,1
0,57.0,0.0,42,0.0,0.0,69,6.0,50,3.0,16.0,20,1.0,2.0,1,1,1.0,1,1.0,2.0,1000,0.0,2.0,2.0,0,40.0,1.0,1,2.0,0,1978.0,52.0,1,6,22,1.0,0.0,0.0,0.0,0.0,5.0,400,1.0,2,2,0.0,1,2,3.0,4.0,1
0,57.0,11500.0,89,7000.0,7000.0,63,1.0,919,1.0,15.0,21,1.0,1.0,2,1,2.0,17,2.0,3.0,9000,0.0,3.0,3.0,0,50.0,2.0,9,2.0,1,1978.0,52.0,1,6,999,1.0,0.0,4500.0,0.0,0.0,5.0,400,1.0,1,2,0.0,1,2,3.0,4.0,1
1,63.0,9400.0,52,9400.0,9400.0,75,1.0,920,1.0,20.0,20,4.0,1.0,2,3,2.0,3,2.0,3.0,5025,0.0,3.0,3.0,0,20.0,2.0,5,2.0,1,2005.0,52.0,0,38,999,1.0,0.0,0.0,0.0,0.0,5.0,400,1.0,1,2,0.0,1,2,3.0,4.0,1
1,63.0,6000.0,52,6000.0,6000.0,53,6.0,920,1.0,16.0,25,6.0,2.0,2,5,2.0,3,2.0,2.0,5025,0.0,2.0,2.0,0,36.0,2.0,5,2.0,1,1995.0,12.0,0,38,999,1.0,0.0,0.0,0.0,0.0,5.0,400,3.0,1,2,0.0,1,2,3.0,4.0,1
1,96.0,15000.0,61,15000.0,15000.0,94,1.0,917,1.0,19.0,20,6.0,1.0,2,5,2.0,3,2.0,3.0,5013,0.0,3.0,3.0,0,40.0,2.0,3,2.0,1,1995.0,28.0,0,38,999,4.0,0.0,0.0,0.0,0.0,5.0,400,3.0,1,2,0.0,1,2,3.0,4.0,1
1,0.0,0.0,47,0.0,0.0,49,6.0,148,2.0,19.0,22,6.0,2.0,2,5,2.0,1,2.0,2.0,1000,0.0,2.0,2.0,0,40.0,2.0,1,2.0,0,1995.0,52.0,1,38,142,1.0,0.0,0.0,0.0,0.0,5.0,400,3.0,2,2,0.0,1,2,3.0,4.0,1
0,312.0,48600.0,35,48600.0,48600.0,81,1.0,82,1.0,20.0,20,6.0,1.0,2,5,2.0,1,2.0,2.0,1000,0.0,3.0,3.0,0,36.0,2.0,1,2.0,0,1995.0,52.0,1,38,434,1.0,0.0,0.0,0.0,0.0,5.0,600,1.0,2,2,0.0,1,2,3.0,4.0,1
0,392.0,61000.0,03,61000.0,61000.0,86,1.0,20,1.0,19.0,22,6.0,1.0,2,5,2.0,1,2.0,2.0,1000,0.0,2.0,2.0,0,50.0,2.0,1,2.0,0,1995.0,52.0,1,38,50,1.0,0.0,0.0,0.0,0.0,5.0,600,1.0,2,2,0.0,1,2,3.0,4.0,1
0,65.0,10040.0,62,440.0,440.0,53,1.0,82,1.0,19.0,20,6.0,1.0,2,5,2.0,1,2.0,3.0,1000,9600.0,3.0,3.0,0,10.0,2.0,1,2.0,0,1995.0,1.0,1,38,32,1.0,0.0,0.0,0.0,0.0,5.0,100,3.0,2,2,0.0,1,2,3.0,4.0,1
0,372.0,51300.0,02,51300.0,58000.0,69,1.0,82,1.0,19.0,20,1.0,1.0,2,1,2.0,1,2.0,3.0,1000,0.0,3.0,3.0,0,70.0,2.0,1,2.0,0,1987.0,52.0,1,38,999,6.0,0.0,0.0,0.0,0.0,5.0,500,1.0,1,2,0.0,1,2,3.0,4.0,1
0,372.0,23500.0,01,23500.0,23500.0,68,1.0,114,1.0,19.0,21,1.0,1.0,2,1,2.0,1,2.0,3.0,1000,0.0,3.0,3.0,0,17.0,2.0,1,2.0,0,1987.0,52.0,1,38,999,1.0,0.0,0.0,0.0,0.0,5.0,500,1.0,1,2,0.0,1,2,3.0,4.0,1
0,438.0,60000.0,16,60000.0,60000.0,94,1.0,32,1.0,21.0,20,1.0,1.0,2,1,2.0,1,2.0,3.0,1000,0.0,3.0,3.0,0,40.0,2.0,1,2.0,0,2014.0,52.0,1,38,82,4.0,0.0,0.0,0.0,0.0,5.0,100,1.0,2,2,0.0,1,2,3.0,4.0,1
0,438.0,75000.0,20,75000.0,75000.0,94,1.0,82,1.0,22.0,21,1.0,1.0,2,1,2.0,1,2.0,3.0,1000,0.0,3.0,3.0,0,40.0,2.0,1,2.0,0,2014.0,52.0,1,38,32,4.0,0.0,0.0,0.0,0.0,5.0,100,1.0,2,2,0.0,1,2,3.0,4.0,1
0,199.0,9300.0,57,0.0,0.0,91,6.0,122,2.0,18.0,21,1.0,2.0,2,1,2.0,1,2.0,2.0,1000,0.0,2.0,2.0,0,40.0,2.0,1,2.0,0,1977.0,52.0,1,38,999,2.0,9300.0,0.0,0.0,0.0,5.0,300,1.0,1,2,0.0,1,2,3.0,4.0,1
0,64.0,10000.0,02,10000.0,0.0,01,6.0,32,1.0,16.0,20,6.0,2.0,2,5,2.0,1,2.0,2.0,1000,0.0,2.0,2.0,2,6.0,2.0,1,2.0,0,1995.0,2.0,1,38,148,6.0,0.0,0.0,0.0,0.0,5.0,400,1.0,2,2,0.0,1,2,3.0,4.0,1
0,501.0,56000.0,04,56000.0,56000.0,94,1.0,122,1.0,21.0,20,1.0,1.0,2,1,2.0,1,2.0,3.0,1000,0.0,3.0,3.0,0,40.0,2.0,1,2.0,0,2001.0,52.0,1,38,999,4.0,0.0,0.0,0.0,0.0,5.0,200,1.0,1,2,0.0,1,2,3.0,4.0,1
0,501.0,136000.0,47,136000.0,136000.0,42,1.0,122,1.0,20.0,21,1.0,1.0,2,1,2.0,1,2.0,3.0,1000,0.0,3.0,3.0,0,40.0,2.0,1,2.0,0,2001.0,52.0,1,38,999,1.0,0.0,0.0,0.0,0.0,5.0,200,1.0,1,2,0.0,1,2,3.0,4.0,1
0,501.0,6000.0,65,6000.0,6000.0,07,1.0,122,1.0,14.0,25,6.0,1.0,2,5,2.0,1,2.0,3.0,1000,0.0,3.0,3.0,0,40.0,2.0,1,2.0,0,1995.0,16.0,1,38,999,1.0,0.0,0.0,0.0,0.0,5.0,200,1.0,1,2,0.0,1,2,3.0,4.0,1
1,69.0,11000.0,96,11000.0,11000.0,53,6.0,999,1.0,15.0,20,6.0,1.0,2,5,2.0,1,2.0,3.0,1000,0.0,3.0,3.0,0,28.0,2.0,1,2.0,0,1995.0,38.0,1,38,999,1.0,0.0,0.0,0.0,0.0,5.0,300,3.0,4,2,0.0,1,2,3.0,4.0,1
0,50.0,8000.0,41,8000.0,8000.0,86,1.0,999,1.0,18.0,34,6.0,1.0,2,5,2.0,1,2.0,3.0,1000,0.0,3.0,3.0,0,35.0,2.0,1,2.0,0,1995.0,49.0,1,32,999,1.0,0.0,0.0,0.0,0.0,5.0,300,1.0,4,2,0.0,1,2,3.0,4.0,1
0,183.0,29000.0,88,29000.0,29000.0,21,1.0,999,1.0,12.0,34,6.0,1.0,2,5,2.0,1,2.0,3.0,1000,0.0,3.0,3.0,0,40.0,2.0,1,2.0,0,1995.0,52.0,1,38,999,1.0,0.0,0.0,0.0,0.0,5.0,300,1.0,4,2,0.0,1,2,3.0,4.0,1
1,75.0,12000.0,52,12000.0,12000.0,44,1.0,999,1.0,19.0,34,6.0,1.0,2,5,2.0,1,2.0,3.0,1000,0.0,3.0,3.0,0,34.0,2.0,1,2.0,0,1995.0,49.0,1,26,999,1.0,0.0,0.0,0.0,0.0,5.0,300,1.0,4,2,0.0,1,2,3.0,4.0,1
0,480.0,73500.0,02,70000.0,0.0,01,1.0,32,1.0,20.0,20,6.0,1.0,2,5,2.0,1,2.0,3.0,1000,0.0,3.0,3.0,1,55.0,2.0,1,2.0,0,1995.0,52.0,1,38,26,6.0,0.0,0.0,0.0,0.0,5.0,200,1.0,2,2,3500.0,1,2,3.0,4.0,1
0,353.0,35000.0,36,35000.0,35000.0,81,1.0,89,1.0,18.0,20,1.0,1.0,2,1,2.0,1,2.0,3.0,1000,0.0,3.0,3.0,0,40.0,2.0,1,2.0,0,2020.0,40.0,1,41,999,2.0,0.0,0.0,0.0,0.0,5.0,200,1.0,1,2,0.0,1,2,3.0,4.0,1
0,353.0,70000.0,96,70000.0,70000.0,48,1.0,50,1.0,17.0,21,1.0,1.0,2,1,2.0,1,2.0,3.0,1000,0.0,3.0,3.0,0,60.0,2.0,1,2.0,0,2020.0,52.0,1,27,999,1.0,0.0,0.0,0.0,0.0,5.0,200,1.0,1,2,0.0,1,2,3.0,4.0,1
0,441.0,74000.0,16,68000.0,68000.0,10,1.0,999,1.0,24.0,20,1.0,1.0,2,1,2.0,1,2.0,3.0,1000,0.0,3.0,3.0,0,32.0,2.0,1,2.0,0,1996.0,52.0,1,45,999,1.0,0.0,0.0,0.0,0.0,5.0,400,1.0,4,2,6000.0,1,2,3.0,4.0,1
0,441.0,60000.0,98,60000.0,60000.0,97,4.0,999,1.0,21.0,21,1.0,1.0,2,1,2.0,1,2.0,3.0,1000,0.0,3.0,3.0,0,40.0,2.0,1,2.0,0,1996.0,52.0,1,1,999,5.0,0.0,0.0,0.0,0.0,5.0,400,1.0,4,2,0.0,1,2,3.0,1.0,1
0,57.0,12000.0,40,12000.0,0.0,86,1.0,706,1.0,22.0,20,5.0,1.0,2,4,2.0,5,2.0,3.0,4000,0.0,3.0,3.0,1,60.0,2.0,6,2.0,0,2019.0,14.0,0,207,999,6.0,0.0,0.0,0.0,0.0,5.0,400,3.0,1,2,0.0,4,2,3.0,4.0,1
0,192.0,30000.0,59,30000.0,30000.0,78,1.0,920,1.0,20.0,20,1.0,1.0,2,1,2.0,3,2.0,3.0,5013,0.0,3.0,3.0,0,40.0,2.0,3,2.0,1,1995.0,52.0,0,38,999,3.0,0.0,0.0,0.0,0.0,5.0,100,1.0,1,2,0.0,1,2,3.0,4.0,1
1,192.0,23000.0,42,0.0,0.0,69,6.0,920,3.0,20.0,21,1.0,2.0,1,1,2.0,3,1.0,2.0,5013,0.0,2.0,2.0,0,40.0,1.0,3,2.0,1,1995.0,52.0,0,38,999,1.0,0.0,23000.0,0.0,0.0,5.0,100,1.0,1,2,0.0,1,2,3.0,4.0,1
0,192.0,17000.0,25,17000.0,17000.0,78,1.0,999,1.0,14.0,25,6.0,1.0,2,5,2.0,3,2.0,3.0,5013,0.0,3.0,3.0,0,40.0,2.0,3,2.0,1,1995.0,40.0,0,38,999,3.0,0.0,0.0,0.0,0.0,5.0,100,1.0,4,2,0.0,1,2,3.0,4.0,1
0,193.0,30000.0,20,30000.0,30000.0,91,1.0,999,1.0,18.0,36,6.0,1.0,2,5,2.0,3,2.0,3.0,5013,0.0,3.0,3.0,0,40.0,2.0,3,2.0,1,1995.0,52.0,0,38,999,7.0,0.0,0.0,0.0,0.0,5.0,100,1.0,4,2,0.0,1,2,3.0,4.0,1
0,381.0,30000.0,91,30000.0,30000.0,44,1.0,82,1.0,16.0,20,1.0,1.0,2,1,2.0,1,2.0,2.0,1000,0.0,3.0,3.0,0,45.0,2.0,1,2.0,0,1997.0,52.0,1,38,999,1.0,0.0,0.0,0.0,0.0,1.0,500,1.0,1,2,0.0,1,2,3.0,4.0,1
0,381.0,40000.0,36,40000.0,40000.0,81,1.0,82,1.0,20.0,21,1.0,1.0,2,1,2.0,1,2.0,2.0,1000,0.0,2.0,1.0,0,43.0,2.0,1,2.0,0,1997.0,40.0,1,27,999,2.0,0.0,0.0,0.0,0.0,1.0,500,1.0,1,2,0.0,1,2,2.0,4.0,1
0,221.0,35000.0,54,35000.0,35000.0,48,1.0,171,1.0,21.0,20,6.0,1.0,2,5,2.0,1,2.0,3.0,1000,0.0,3.0,3.0,0,40.0,2.0,1,2.0,0,1995.0,52.0,1,38,999,1.0,0.0,0.0,0.0,0.0,5.0,200,1.0,1,2,0.0,1,2,3.0,4.0,1
1,261.0,93000.0,36,50000.0,50000.0,82,1.0,996,1.0,18.0,20,6.0,1.0,2,5,2.0,1,2.0,3.0,1000,0.0,3.0,3.0,0,53.0,2.0,1,2.0,0,1995.0,52.0,1,37,999,1.0,0.0,43000.0,0.0,0.0,5.0,400,3.0,3,2,0.0,1,2,3.0,4.0,1
1,501.0,12000.0,25,12000.0,12000.0,84,1.0,999,1.0,16.0,21,1.0,1.0,2,1,2.0,1,2.0,3.0,1000,0.0,3.0,3.0,0,40.0,2.0,1,2.0,0,2020.0,52.0,1,38,999,1.0,0.0,0.0,0.0,0.0,5.0,100,1.0,4,2,0.0,1,2,3.0,4.0,1
0,501.0,8800.0,51,8800.0,0.0,01,1.0,82,1.0,21.0,21,1.0,1.0,2,1,2.0,1,2.0,3.0,1000,0.0,3.0,3.0,0,40.0,2.0,1,2.0,0,1983.0,52.0,1,38,32,6.0,0.0,0.0,0.0,0.0,5.0,400,1.0,2,2,0.0,1,2,3.0,4.0,1
0,501.0,150000.0,11,150000.0,150000.0,24,1.0,999,1.0,18.0,20,1.0,1.0,2,1,2.0,17,2.0,3.0,9000,0.0,2.0,2.0,2,90.0,2.0,9,2.0,1,2008.0,52.0,1,24,999,1.0,0.0,0.0,0.0,0.0,5.0,400,1.0,4,2,0.0,1,2,3.0,2.0,1
0,501.0,29000.0,47,29000.0,29000.0,50,1.0,210,1.0,15.0,21,1.0,1.0,2,1,2.0,1,2.0,3.0,1000,0.0,3.0,3.0,0,36.0,2.0,1,2.0,0,2008.0,52.0,1,6,999,1.0,0.0,0.0,0.0,0.0,5.0,400,1.0,1,2,0.0,1,2,3.0,4.0,2
0,96.0,15000.0,15,15000.0,15000.0,75,1.0,51,1.0,16.0,20,6.0,1.0,2,5,2.0,1,2.0,3.0,1000,0.0,3.0,3.0,2,40.0,2.0,1,2.0,0,1995.0,29.0,1,36,142,1.0,0.0,0.0,0.0,0.0,5.0,300,3.0,2,2,0.0,1,2,3.0,4.0,1
0,437.0,84220.0,07,84000.0,84000.0,69,1.0,26,1.0,21.0,20,1.0,1.0,2,1,2.0,1,2.0,3.0,1000,0.0,3.0,3.0,0,40.0,2.0,1,2.0,0,2010.0,52.0,1,38,32,1.0,0.0,0.0,0.0,0.0,5.0,600,1.0,2,2,220.0,1,2,3.0,4.0,1
0,437.0,177000.0,50,177000.0,177000.0,72,1.0,122,1.0,22.0,21,1.0,1.0,2,1,2.0,1,2.0,3.0,1000,0.0,3.0,3.0,0,45.0,2.0,1,2.0,0,2010.0,52.0,1,38,999,1.0,0.0,0.0,0.0,0.0,5.0,600,1.0,1,2,0.0,1,2,3.0,4.0,1
0,165.0,26000.0,22,26000.0,26000.0,78,1.0,22,1.0,24.0,20,6.0,1.0,2,5,2.0,1,2.0,3.0,1000,0.0,3.0,3.0,0,40.0,2.0,1,2.0,0,1995.0,44.0,1,110,32,4.0,0.0,0.0,0.0,0.0,5.0,600,3.0,2,2,0.0,5,2,3.0,4.0,1
0,498.0,90320.0,60,90000.0,90000.0,01,1.0,32,1.0,21.0,20,1.0,1.0,2,1,2.0,1,2.0,3.0,1000,0.0,3.0,3.0,0,40.0,2.0,1,2.0,0,2016.0,52.0,1,19,50,5.0,0.0,320.0,0.0,0.0,5.0,100,1.0,2,2,0.0,1,2,3.0,2.0,1
0,498.0,90000.0,51,90000.0,90000.0,75,1.0,98,1.0,20.0,21,1.0,1.0,2,1,2.0,1,2.0,3.0,1000,0.0,3.0,3.0,0,50.0,2.0,1,2.0,0,2016.0,52.0,1,38,999,1.0,0.0,0.0,0.0,0.0,5.0,100,1.0,1,2,0.0,1,2,3.0,4.0,1
0,501.0,140000.0,20,140000.0,140000.0,91,1.0,32,1.0,21.0,20,1.0,1.0,2,1,2.0,1,2.0,3.0,1000,0.0,3.0,3.0,0,40.0,2.0,1,2.0,0,2011.0,52.0,1,38,999,2.0,0.0,0.0,0.0,0.0,5.0,300,1.0,1,2,0.0,1,2,3.0,4.0,1
0,501.0,32000.0,23,32000.0,32000.0,78,1.0,22,1.0,22.0,21,1.0,1.0,1,1,2.0,1,2.0,3.0,1000,0.0,3.0,3.0,0,24.0,2.0,1,2.0,0,2011.0,52.0,1,38,999,3.0,0.0,0.0,0.0,0.0,5.0,300,1.0,1,1,0.0,1,2,3.0,4.0,1
0,242.0,55000.0,91,55000.0,55000.0,44,1.0,290,1.0,21.0,21,1.0,1.0,1,1,2.0,29,2.0,3.0,9000,0.0,3.0,3.0,0,50.0,2.0,9,2.0,0,1985.0,52.0,1,30,999,1.0,0.0,0.0,0.0,0.0,5.0,100,1.0,1,2,0.0,1,1,3.0,4.0,2
0,501.0,114000.0,42,0.0,0.0,69,6.0,82,3.0,22.0,20,1.0,2.0,1,1,1.0,1,2.0,2.0,1000,0.0,2.0,2.0,0,40.0,1.0,1,2.0,0,1978.0,52.0,1,6,999,1.0,23000.0,51000.0,40000.0,0.0,5.0,200,1.0,1,2,0.0,1,1,3.0,2.0,1
0,501.0,0.0,42,0.0,0.0,69,6.0,51,3.0,19.0,21,1.0,2.0,2,1,2.0,1,2.0,2.0,1000,0.0,2.0,2.0,0,40.0,2.0,1,2.0,0,1978.0,52.0,1,37,999,1.0,0.0,0.0,0.0,0.0,5.0,200,1.0,1,2,0.0,1,2,3.0,4.0,1
0,501.0,92000.0,68,92000.0,92000.0,04,1.0,32,1.0,18.0,20,6.0,1.0,2,5,2.0,1,2.0,3.0,1000,0.0,3.0,3.0,0,40.0,2.0,1,2.0,0,1995.0,52.0,1,27,999,1.0,0.0,0.0,0.0,0.0,5.0,200,3.0,1,2,0.0,1,2,3.0,4.0,1
0,455.0,70000.0,87,70000.0,70000.0,46,1.0,32,1.0,20.0,20,4.0,1.0,2,3,2.0,1,2.0,3.0,1000,0.0,3.0,3.0,0,45.0,2.0,1,2.0,0,2011.0,52.0,1,46,999,1.0,0.0,0.0,0.0,0.0,5.0,300,1.0,1,2,0.0,1,2,3.0,4.0,1
0,305.0,47000.0,06,47000.0,47000.0,77,1.0,32,1.0,19.0,22,4.0,1.0,2,3,2.0,1,2.0,3.0,1000,0.0,3.0,3.0,0,45.0,2.0,1,2.0,0,2010.0,52.0,1,38,112,1.0,0.0,0.0,0.0,0.0,5.0,300,1.0,2,2,0.0,1,2,3.0,4.0,1
0,501.0,100000.0,30,80000.0,80000.0,79,1.0,32,1.0,24.0,20,1.0,1.0,2,1,2.0,1,2.0,3.0,1000,0.0,3.0,3.0,0,36.0,2.0,1,2.0,0,2003.0,50.0,1,38,999,7.0,0.0,0.0,0.0,0.0,5.0,300,1.0,1,2,20000.0,1,2,3.0,4.0,1
0,501.0,96000.0,08,96000.0,96000.0,68,1.0,32,1.0,21.0,21,1.0,1.0,2,1,2.0,1,2.0,3.0,1000,0.0,3.0,3.0,0,40.0,2.0,1,2.0,0,2003.0,52.0,1,38,999,1.0,0.0,0.0,0.0,0.0,5.0,300,1.0,1,2,0.0,1,2,3.0,4.0,1
0,501.0,20500.0,42,0.0,0.0,69,6.0,82,3.0,16.0,21,1.0,2.0,2,1,2.0,1,2.0,2.0,1000,0.0,2.0,2.0,0,40.0,2.0,1,2.0,0,1980.0,52.0,1,38,999,1.0,19000.0,0.0,0.0,0.0,5.0,100,1.0,1,2,1500.0,1,2,3.0,4.0,1
0,501.0,163800.0,48,88000.0,0.0,69,1.0,996,1.0,21.0,20,4.0,1.0,1,3,2.0,17,2.0,3.0,9000,0.0,3.0,3.0,2,35.0,1.0,9,2.0,1,1997.0,52.0,1,8,999,6.0,13600.0,12500.0,0.0,0.0,5.0,400,1.0,3,2,49700.0,1,2,3.0,4.0,1
0,391.0,61000.0,52,50000.0,50000.0,68,1.0,999,1.0,18.0,21,1.0,1.0,2,1,2.0,1,2.0,3.0,1000,0.0,3.0,3.0,0,40.0,2.0,1,2.0,0,1978.0,52.0,1,38,999,1.0,11000.0,0.0,0.0,0.0,5.0,400,1.0,4,2,0.0,1,2,3.0,4.0,1
0,501.0,85000.0,89,85000.0,85000.0,22,1.0,999,1.0,16.0,20,6.0,1.0,2,5,2.0,1,2.0,3.0,1000,0.0,3.0,3.0,0,55.0,2.0,1,2.0,0,1995.0,52.0,1,38,999,1.0,0.0,0.0,0.0,0.0,5.0,100,1.0,4,2,0.0,1,2,3.0,4.0,1
0,385.0,60000.0,46,60000.0,60000.0,84,1.0,999,1.0,21.0,22,6.0,1.0,2,5,2.0,1,2.0,3.0,1000,0.0,3.0,3.0,0,40.0,2.0,1,2.0,0,1995.0,52.0,1,38,999,1.0,0.0,0.0,0.0,0.0,5.0,100,1.0,4,2,0.0,1,2,3.0,4.0,1
0,23.0,3400.0,42,0.0,0.0,69,6.0,917,3.0,11.0,20,6.0,2.0,1,5,1.0,3,1.0,2.0,5013,0.0,2.0,2.0,0,40.0,1.0,3,2.0,1,1995.0,52.0,0,17,999,1.0,0.0,0.0,0.0,3400.0,5.0,100,1.0,1,2,0.0,1,2,3.0,4.0,1
0,195.0,30000.0,82,30000.0,30000.0,23,1.0,599,1.0,21.0,20,6.0,1.0,2,5,2.0,2,2.0,3.0,3000,0.0,3.0,3.0,0,40.0,2.0,2,2.0,0,1995.0,52.0,0,429,999,1.0,0.0,0.0,0.0,0.0,5.0,600,1.0,1,2,0.0,6,2,3.0,4.0,1
0,501.0,1100.0,42,0.0,0.0,69,6.0,49,3.0,16.0,20,1.0,2.0,2,1,2.0,1,2.0,2.0,1000,0.0,2.0,2.0,2,40.0,2.0,1,2.0,0,1985.0,52.0,1,38,22,1.0,0.0,1100.0,0.0,0.0,5.0,500,1.0,2,2,0.0,1,2,3.0,4.0,1
0,501.0,100000.0,02,100000.0,0.0,01,6.0,32,1.0,16.0,21,1.0,2.0,1,1,2.0,1,2.0,2.0,1000,0.0,2.0,2.0,2,40.0,2.0,1,2.0,0,1985.0,52.0,1,38,50,6.0,0.0,0.0,0.0,0.0,5.0,500,1.0,2,2,0.0,1,1,3.0,4.0,1
0,501.0,101200.0,32,100000.0,100000.0,81,1.0,82,1.0,22.0,20,1.0,1.0,2,1,2.0,1,2.0,3.0,1000,0.0,3.0,3.0,0,40.0,2.0,1,2.0,0,1984.0,52.0,1,24,999,5.0,0.0,0.0,0.0,0.0,5.0,100,1.0,1,2,1200.0,1,2,3.0,4.0,1
0,501.0,80000.0,10,80000.0,80000.0,68,1.0,32,1.0,21.0,21,1.0,1.0,2,1,2.0,1,2.0,1.0,1000,0.0,1.0,3.0,0,40.0,2.0,1,2.0,0,1984.0,52.0,1,19,999,1.0,0.0,0.0,0.0,0.0,1.0,100,1.0,1,2,0.0,1,2,2.0,4.0,1
0,448.0,84010.0,15,84000.0,84000.0,93,1.0,939,1.0,21.0,20,1.0,1.0,1,1,2.0,1,2.0,2.0,1000,0.0,2.0,2.0,0,50.0,2.0,1,2.0,0,2019.0,52.0,1,38,999,4.0,0.0,0.0,0.0,0.0,5.0,300,1.0,1,2,10.0,1,1,2.0,4.0,1
1,501.0,10600.0,42,0.0,0.0,69,6.0,999,3.0,17.0,20,1.0,2.0,1,1,2.0,1,2.0,2.0,1000,10600.0,2.0,2.0,0,40.0,1.0,1,2.0,0,2020.0,52.0,1,27,999,1.0,0.0,0.0,0.0,0.0,5.0,600,1.0,4,2,0.0,1,2,3.0,4.0,1
1,501.0,360.0,68,360.0,360.0,04,6.0,82,1.0,12.0,25,6.0,2.0,2,5,2.0,1,2.0,2.0,1000,0.0,2.0,2.0,0,8.0,2.0,1,2.0,0,1995.0,1.0,1,27,50,1.0,0.0,0.0,0.0,0.0,1.0,600,1.0,2,2,0.0,1,2,2.0,4.0,1
0,435.0,130000.0,86,130000.0,130000.0,20,1.0,91,1.0,11.0,20,1.0,1.0,2,1,2.0,1,2.0,3.0,1000,0.0,3.0,3.0,1,48.0,2.0,1,2.0,0,2000.0,52.0,1,42,999,1.0,0.0,0.0,0.0,0.0,5.0,100,1.0,1,2,0.0,1,2,3.0,4.0,1
0,435.0,0.0,42,0.0,0.0,69,6.0,91,3.0,11.0,21,1.0,2.0,2,1,2.0,1,2.0,2.0,1000,0.0,2.0,2.0,1,40.0,2.0,1,2.0,0,2000.0,52.0,1,39,999,1.0,0.0,0.0,0.0,0.0,5.0,100,1.0,1,2,0.0,1,2,3.0,4.0,1
1,90.0,10600.0,47,10600.0,10600.0,53,1.0,82,1.0,19.0,20,4.0,1.0,2,3,2.0,1,2.0,2.0,1000,0.0,2.0,2.0,0,10.0,2.0,1,2.0,0,2009.0,52.0,1,38,20,1.0,0.0,0.0,0.0,0.0,5.0,200,1.0,2,2,0.0,1,2,2.0,4.0,1
1,90.0,10700.0,40,10700.0,10700.0,86,1.0,82,1.0,20.0,25,6.0,1.0,2,5,2.0,1,2.0,2.0,1000,0.0,2.0,2.0,0,32.0,2.0,1,2.0,0,1995.0,52.0,1,38,20,1.0,0.0,0.0,0.0,0.0,5.0,200,1.0,2,2,0.0,1,2,2.0,4.0,1
1,90.0,0.0,42,0.0,0.0,69,6.0,82,3.0,14.0,25,6.0,2.0,1,5,1.0,1,1.0,2.0,1000,0.0,2.0,2.0,0,40.0,1.0,1,2.0,0,1995.0,52.0,1,38,20,1.0,0.0,0.0,0.0,0.0,5.0,200,1.0,2,2,0.0,1,2,2.0,4.0,1
0,501.0,115000.0,37,115000.0,115000.0,94,1.0,82,1.0,21.0,20,1.0,1.0,2,1,2.0,1,2.0,3.0,1000,0.0,3.0,3.0,0,52.0,2.0,1,2.0,0,1989.0,52.0,1,38,999,3.0,0.0,0.0,0.0,0.0,5.0,600,1.0,1,2,0.0,1,2,3.0,4.0,1
0,501.0,0.0,42,0.0,0.0,69,6.0,999,3.0,16.0,21,1.0,1.0,1,1,2.0,1,1.0,3.0,1000,0.0,3.0,3.0,0,40.0,1.0,1,2.0,0,1989.0,52.0,1,38,999,1.0,0.0,0.0,0.0,0.0,5.0,600,1.0,4,1,0.0,1,2,3.0,4.0,1
0,501.0,80000.0,91,80000.0,80000.0,63,1.0,32,1.0,19.0,20,1.0,1.0,2,1,2.0,1,2.0,3.0,1000,0.0,3.0,3.0,0,55.0,2.0,1,2.0,0,2007.0,50.0,1,27,999,1.0,0.0,0.0,0.0,0.0,5.0,600,1.0,1,2,0.0,1,2,3.0,4.0,1
0,501.0,36000.0,20,36000.0,36000.0,80,1.0,89,1.0,22.0,21,1.0,1.0,2,1,2.0,1,2.0,3.0,1000,0.0,3.0,3.0,0,45.0,2.0,1,2.0,0,2007.0,52.0,1,38,999,7.0,0.0,0.0,0.0,0.0,5.0,600,1.0,1,2,0.0,1,2,3.0,4.0,1
0,449.0,45000.0,51,45000.0,45000.0,66,1.0,999,1.0,19.0,20,1.0,1.0,2,1,2.0,1,2.0,3.0,1000,0.0,3.0,3.0,0,40.0,2.0,1,2.0,0,1997.0,52.0,1,38,999,1.0,0.0,0.0,0.0,0.0,5.0,300,1.0,4,2,0.0,1,2,3.0,4.0,1
0,449.0,46000.0,02,25000.0,0.0,01,1.0,999,1.0,21.0,21,1.0,1.0,2,1,2.0,1,2.0,3.0,1000,0.0,3.0,3.0,0,40.0,2.0,1,2.0,0,1997.0,48.0,1,38,999,6.0,0.0,0.0,0.0,0.0,5.0,300,1.0,4,2,21000.0,1,2,3.0,4.0,1
0,501.0,48000.0,46,48000.0,48000.0,82,1.0,32,1.0,16.0,21,1.0,1.0,2,1,2.0,1,2.0,3.0,1000,0.0,3.0,3.0,0,40.0,2.0,1,2.0,0,1982.0,52.0,1,38,999,2.0,0.0,0.0,0.0,0.0,5.0,200,1.0,1,2,0.0,1,2,3.0,4.0,1
0,318.0,20000.0,40,20000.0,20000.0,86,1.0,210,1.0,16.0,20,1.0,1.0,2,1,2.0,15,2.0,3.0,8000,0.0,3.0,3.0,0,40.0,2.0,8,2.0,0,2019.0,52.0,0,48,999,1.0,0.0,0.0,0.0,0.0,5.0,400,2.0,1,2,0.0,1,2,3.0,4.0,2
0,318.0,43000.0,91,3000.0,3000.0,01,6.0,82,1.0,19.0,23,1.0,2.0,1,1,1.0,1,1.0,2.0,1000,0.0,2.0,2.0,0,20.0,2.0,1,1.0,0,2019.0,12.0,1,38,89,1.0,0.0,40000.0,0.0,0.0,5.0,400,2.0,2,1,0.0,1,1,3.0,2.0,1
0,296.0,60000.0,74,0.0,0.0,05,6.0,32,2.0,19.0,20,1.0,2.0,2,1,2.0,1,2.0,3.0,1000,0.0,3.0,3.0,0,40.0,2.0,1,2.0,0,1982.0,52.0,1,38,999,1.0,0.0,60000.0,0.0,0.0,5.0,200,1.0,1,2,0.0,1,2,3.0,4.0,1
0,296.0,0.0,52,0.0,0.0,66,6.0,32,2.0,20.0,21,1.0,1.0,2,1,2.0,1,2.0,2.0,1000,0.0,3.0,3.0,0,40.0,2.0,1,2.0,0,1982.0,52.0,1,38,148,1.0,0.0,0.0,0.0,0.0,5.0,200,1.0,2,2,0.0,1,2,3.0,4.0,1
0,283.0,36400.0,50,36400.0,36400.0,07,1.0,98,1.0,16.0,20,1.0,1.0,2,1,2.0,1,2.0,3.0,1000,0.0,3.0,3.0,0,25.0,2.0,1,2.0,0,2007.0,52.0,1,39,22,1.0,0.0,0.0,0.0,0.0,5.0,100,1.0,2,2,0.0,1,2,3.0,4.0,1
0,283.0,50000.0,02,50000.0,0.0,07,1.0,999,1.0,18.0,21,1.0,1.0,1,1,2.0,1,2.0,3.0,1000,0.0,3.0,3.0,0,50.0,2.0,1,2.0,0,2007.0,52.0,1,39,999,6.0,0.0,0.0,0.0,0.0,5.0,100,1.0,4,2,0.0,1,1,3.0,4.0,1
0,420.0,12000.0,57,12000.0,6000.0,35,1.0,32,1.0,19.0,20,1.0,1.0,2,1,2.0,1,2.0,3.0,1000,0.0,3.0,3.0,1,24.0,2.0,1,2.0,0,1983.0,10.0,1,2,999,1.0,0.0,0.0,0.0,0.0,5.0,200,1.0,1,2,0.0,1,2,3.0,4.0,1
0,420.0,71200.0,04,70000.0,0.0,07,1.0,98,1.0,16.0,21,1.0,1.0,1,1,2.0,1,2.0,3.0,1000,0.0,3.0,3.0,1,80.0,2.0,1,2.0,0,1983.0,52.0,1,38,22,6.0,0.0,0.0,0.0,0.0,5.0,200,1.0,2,2,1200.0,1,1,3.0,4.0,1
0,501.0,120000.0,02,100000.0,0.0,01,1.0,82,1.0,18.0,20,1.0,1.0,2,1,2.0,1,2.0,3.0,1000,0.0,3.0,3.0,0,50.0,2.0,1,2.0,0,1984.0,52.0,1,38,999,6.0,0.0,0.0,0.0,0.0,5.0,400,1.0,1,2,20000.0,1,2,3.0,4.0,1
0,501.0,2000.0,34,2000.0,2000.0,48,6.0,82,1.0,20.0,21,1.0,2.0,2,1,2.0,1,2.0,2.0,1000,0.0,2.0,2.0,0,20.0,2.0,1,2.0,0,1984.0,10.0,1,38,999,1.0,0.0,0.0,0.0,0.0,3.0,400,1.0,1,2,0.0,1,2,2.0,4.0,1
0,501.0,114000.0,69,114000.0,114000.0,03,1.0,32,1.0,16.0,21,1.0,1.0,2,1,2.0,1,2.0,3.0,1000,0.0,3.0,3.0,0,40.0,2.0,1,2.0,0,2016.0,52.0,1,38,999,1.0,0.0,0.0,0.0,0.0,5.0,300,3.0,1,2,0.0,1,2,3.0,4.0,1
0,501.0,80000.0,00,80000.0,80000.0,03,1.0,142,1.0,18.0,20,6.0,1.0,2,5,2.0,1,2.0,3.0,1000,0.0,2.0,3.0,0,45.0,2.0,1,2.0,0,1995.0,44.0,1,38,999,1.0,0.0,0.0,0.0,0.0,5.0,100,1.0,1,2,0.0,1,2,3.0,4.0,1
0,501.0,74000.0,15,74000.0,74000.0,74,1.0,87,1.0,18.0,20,1.0,1.0,2,1,2.0,1,2.0,3.0,1000,0.0,3.0,3.0,0,40.0,2.0,1,2.0,0,2018.0,52.0,1,27,920,4.0,0.0,0.0,0.0,0.0,5.0,500,1.0,2,2,0.0,1,2,3.0,4.0,1
0,501.0,50000.0,35,50000.0,50000.0,82,1.0,999,1.0,16.0,21,1.0,1.0,2,1,2.0,1,2.0,3.0,1000,0.0,3.0,3.0,0,40.0,2.0,1,2.0,0,2018.0,52.0,1,38,999,2.0,0.0,0.0,0.0,0.0,5.0,500,1.0,4,2,0.0,1,2,3.0,4.0,1
1,0.0,0.0,42,0.0,0.0,69,6.0,999,3.0,15.0,20,4.0,1.0,1,3,2.0,1,1.0,3.0,1000,0.0,3.0,3.0,0,40.0,1.0,1,2.0,0,1993.0,52.0,1,29,999,1.0,0.0,0.0,0.0,0.0,5.0,100,1.0,4,2,0.0,1,2,3.0,4.0,2
0,143.0,12010.0,00,110.0,110.0,93,1.0,88,1.0,16.0,20,1.0,1.0,2,1,2.0,1,2.0,3.0,1000,0.0,3.0,3.0,1,1.0,2.0,1,2.0,0,1981.0,8.0,1,27,82,3.0,10400.0,0.0,0.0,0.0,5.0,100,1.0,2,2,1500.0,1,2,3.0,4.0,1
0,143.0,16900.0,42,1000.0,1000.0,04,1.0,97,1.0,15.0,21,1.0,1.0,2,1,2.0,1,2.0,3.0,1000,0.0,3.0,3.0,0,3.0,2.0,1,2.0,0,1981.0,10.0,1,38,995,1.0,14400.0,0.0,0.0,0.0,5.0,100,1.0,1,2,1500.0,1,2,3.0,4.0,1
0,501.0,65000.0,48,65000.0,65000.0,68,1.0,32,1.0,20.0,20,1.0,1.0,2,1,2.0,1,2.0,3.0,1000,0.0,3.0,3.0,0,32.0,2.0,1,2.0,0,1980.0,52.0,1,38,999,1.0,0.0,0.0,0.0,0.0,5.0,200,1.0,1,2,0.0,1,2,3.0,4.0,1
0,501.0,57000.0,91,55000.0,48000.0,07,1.0,32,1.0,20.0,21,1.0,1.0,2,1,2.0,1,2.0,3.0,1000,0.0,3.0,3.0,0,40.0,2.0,1,2.0,0,1980.0,52.0,1,38,999,3.0,0.0,0.0,0.0,0.0,5.0,200,1.0,1,2,2000.0,1,2,3.0,4.0,1
0,182.0,28000.0,47,28000.0,28000.0,75,1.0,32,1.0,21.0,20,6.0,1.0,2,5,2.0,1,2.0,3.0,1000,0.0,3.0,3.0,0,40.0,2.0,1,2.0,0,1995.0,49.0,1,38,22,1.0,0.0,0.0,0.0,0.0,5.0,600,3.0,2,2,0.0,1,2,3.0,4.0,1
1,225.0,31800.0,07,31800.0,31800.0,81,1.0,999,1.0,17.0,20,1.0,1.0,2,1,2.0,3,2.0,3.0,5013,0.0,3.0,3.0,0,36.0,2.0,3,2.0,1,2017.0,52.0,0,38,999,2.0,0.0,0.0,0.0,0.0,5.0,200,1.0,4,2,0.0,1,2,3.0,4.0,1
1,225.0,41000.0,57,41000.0,41000.0,79,1.0,999,1.0,16.0,21,1.0,1.0,2,1,2.0,3,2.0,3.0,5013,0.0,3.0,3.0,0,39.0,2.0,3,2.0,1,2017.0,52.0,0,4,999,1.0,0.0,0.0,0.0,0.0,5.0,200,1.0,4,2,0.0,1,2,3.0,4.0,1
0,225.0,21000.0,42,18000.0,18000.0,76,1.0,999,1.0,17.0,27,6.0,1.0,2,5,2.0,3,2.0,3.0,5013,0.0,3.0,3.0,0,40.0,2.0,3,2.0,1,1995.0,52.0,0,4,999,2.0,0.0,0.0,3000.0,0.0,5.0,200,1.0,4,2,0.0,1,2,3.0,4.0,1
0,169.0,59000.0,47,59000.0,59000.0,57,1.0,999,1.0,16.0,20,1.0,1.0,2,1,2.0,1,2.0,3.0,1000,0.0,3.0,3.0,0,45.0,2.0,1,2.0,0,2018.0,52.0,1,38,999,1.0,0.0,0.0,0.0,0.0,5.0,200,1.0,4,2,0.0,1,2,3.0,4.0,1
0,169.0,0.0,36,0.0,0.0,82,6.0,999,2.0,19.0,21,1.0,2.0,2,1,2.0,1,2.0,2.0,1000,0.0,2.0,2.0,0,40.0,2.0,1,2.0,0,2018.0,52.0,1,24,999,1.0,0.0,0.0,0.0,0.0,5.0,200,1.0,4,2,0.0,1,2,3.0,4.0,1
0,63.0,10000.0,35,10000.0,10000.0,82,1.0,82,1.0,20.0,20,6.0,1.0,2,5,2.0,1,2.0,3.0,1000,0.0,3.0,3.0,2,16.0,2.0,1,2.0,0,1995.0,24.0,1,27,32,1.0,0.0,0.0,0.0,0.0,5.0,500,1.0,2,2,0.0,1,2,3.0,4.0,1
0,202.0,41000.0,36,40000.0,40000.0,82,1.0,210,1.0,19.0,20,4.0,1.0,2,3,2.0,15,2.0,3.0,8000,0.0,3.0,3.0,0,38.0,2.0,8,2.0,0,2007.0,52.0,0,48,999,2.0,0.0,0.0,1000.0,0.0,5.0,500,1.0,1,2,0.0,1,2,3.0,4.0,2
0,420.0,34000.0,42,0.0,0.0,69,6.0,82,3.0,21.0,20,1.0,2.0,2,1,2.0,1,2.0,2.0,1000,0.0,2.0,2.0,0,40.0,2.0,1,2.0,0,1981.0,52.0,1,38,89,1.0,0.0,34000.0,0.0,0.0,5.0,500,1.0,2,2,0.0,1,2,3.0,4.0,1
0,420.0,50150.0,48,50000.0,50000.0,45,1.0,82,1.0,18.0,21,1.0,1.0,2,1,2.0,1,2.0,3.0,1000,0.0,3.0,3.0,0,15.0,2.0,1,2.0,0,1981.0,40.0,1,38,32,1.0,0.0,0.0,0.0,0.0,5.0,500,1.0,2,2,150.0,1,2,3.0,4.0,1
0,97.0,15000.0,36,15000.0,15000.0,81,1.0,32,1.0,19.0,20,6.0,1.0,2,5,2.0,1,2.0,3.0,1000,0.0,3.0,3.0,1,25.0,2.0,1,2.0,0,1995.0,52.0,1,38,50,1.0,0.0,0.0,0.0,0.0,5.0,200,3.0,2,2,0.0,1,2,3.0,4.0,1
0,162.0,23000.0,02,23000.0,0.0,01,1.0,939,1.0,20.0,20,1.0,1.0,2,1,2.0,1,2.0,3.0,1000,0.0,3.0,3.0,1,60.0,2.0,1,2.0,0,2000.0,52.0,1,38,999,6.0,0.0,0.0,0.0,0.0,5.0,400,1.0,1,2,0.0,1,2,3.0,4.0,1
0,162.0,35000.0,02,35000.0,35000.0,01,1.0,999,1.0,18.0,21,1.0,1.0,2,1,2.0,1,2.0,3.0,1000,0.0,3.0,3.0,1,35.0,2.0,1,2.0,0,2000.0,50.0,1,38,999,7.0,0.0,0.0,0.0,0.0,5.0,400,1.0,4,2,0.0,1,2,3.0,4.0,1
0,382.0,31000.0,25,31000.0,31000.0,78,1.0,999,1.0,21.0,20,1.0,1.0,2,1,2.0,1,2.0,3.0,1000,0.0,3.0,3.0,0,35.0,2.0,1,2.0,0,2021.0,40.0,1,38,999,3.0,0.0,0.0,0.0,0.0,5.0,200,1.0,4,2,0.0,1,2,3.0,4.0,1
0,382.0,60000.0,19,60000.0,60000.0,42,1.0,89,1.0,19.0,21,1.0,1.0,2,1,2.0,3,2.0,3.0,5013,0.0,3.0,3.0,0,40.0,2.0,3,2.0,1,2021.0,52.0,0,38,920,1.0,0.0,0.0,0.0,0.0,5.0,200,1.0,2,2,0.0,1,2,3.0,4.0,1
0,501.0,121000.0,01,120000.0,120000.0,68,1.0,32,1.0,21.0,20,1.0,1.0,2,1,2.0,1,2.0,3.0,1000,0.0,3.0,3.0,0,40.0,2.0,1,2.0,0,2014.0,52.0,1,38,999,4.0,0.0,0.0,0.0,0.0,5.0,300,1.0,1,2,1000.0,1,2,3.0,4.0,1
0,501.0,61000.0,08,60000.0,60000.0,72,1.0,32,1.0,21.0,21,1.0,1.0,2,1,2.0,1,2.0,3.0,1000,0.0,3.0,3.0,0,40.0,2.0,1,2.0,0,2014.0,52.0,1,38,999,7.0,0.0,0.0,0.0,0.0,5.0,300,1.0,1,2,1000.0,1,2,3.0,4.0,1
0,249.0,15000.0,02,15000.0,0.0,01,6.0,32,1.0,16.0,20,1.0,2.0,2,1,2.0,1,2.0,2.0,1000,0.0,2.0,2.0,0,40.0,2.0,1,2.0,0,2003.0,8.0,1,38,148,6.0,0.0,0.0,0.0,0.0,5.0,400,1.0,2,2,0.0,1,2,3.0,4.0,1
0,249.0,35000.0,36,35000.0,35000.0,82,1.0,32,1.0,19.0,21,1.0,1.0,2,1,2.0,1,2.0,3.0,1000,0.0,3.0,3.0,0,32.0,2.0,1,2.0,0,2003.0,52.0,1,38,148,1.0,0.0,0.0,0.0,0.0,5.0,400,1.0,2,2,0.0,1,2,3.0,4.0,1
0,327.0,60000.0,01,60000.0,60000.0,48,1.0,190,1.0,22.0,20,1.0,1.0,2,1,2.0,1,2.0,3.0,1000,0.0,3.0,3.0,0,40.0,2.0,1,2.0,0,2010.0,52.0,1,38,999,1.0,0.0,0.0,0.0,0.0,5.0,500,1.0,1,2,0.0,1,2,3.0,4.0,1
0,327.0,40000.0,07,40000.0,40000.0,68,1.0,98,1.0,21.0,21,1.0,1.0,2,1,2.0,1,2.0,3.0,1000,0.0,3.0,3.0,0,40.0,2.0,1,2.0,0,2010.0,52.0,1,38,999,1.0,0.0,0.0,0.0,0.0,5.0,500,1.0,1,2,0.0,1,2,3.0,4.0,1
0,501.0,14400.0,02,14400.0,0.0,01,1.0,32,1.0,16.0,20,1.0,1.0,2,1,2.0,1,2.0,3.0,1000,0.0,3.0,3.0,2,40.0,2.0,1,2.0,0,1988.0,52.0,1,38,999,6.0,0.0,0.0,0.0,0.0,5.0,400,1.0,1,2,0.0,1,2,3.0,4.0,1
0,501.0,42000.0,57,42000.0,42000.0,41,1.0,32,1.0,21.0,20,1.0,1.0,2,1,2.0,1,2.0,3.0,1000,0.0,3.0,3.0,0,40.0,2.0,1,2.0,0,1996.0,52.0,1,30,999,1.0,0.0,0.0,0.0,0.0,5.0,200,1.0,1,2,0.0,1,2,3.0,4.0,1
0,501.0,80000.0,90,80000.0,80000.0,04,1.0,50,1.0,16.0,21,1.0,1.0,2,1,2.0,1,2.0,3.0,1000,0.0,3.0,3.0,0,60.0,2.0,1,2.0,0,1996.0,52.0,1,38,999,1.0,0.0,0.0,0.0,0.0,5.0,200,1.0,1,2,0.0,1,2,3.0,4.0,1
0,501.0,25000.0,08,25000.0,25000.0,68,1.0,32,1.0,19.0,25,6.0,1.0,2,5,2.0,1,2.0,3.0,1000,0.0,3.0,3.0,0,30.0,2.0,1,2.0,0,1995.0,52.0,1,38,999,1.0,0.0,0.0,0.0,0.0,5.0,200,1.0,1,2,0.0,1,2,3.0,4.0,1
0,256.0,36900.0,41,20000.0,20000.0,53,1.0,917,1.0,19.0,20,6.0,1.0,2,5,2.0,17,2.0,3.0,9000,0.0,3.0,3.0,0,20.0,2.0,9,2.0,1,1995.0,52.0,1,46,999,2.0,2100.0,14800.0,0.0,0.0,5.0,300,1.0,1,2,0.0,1,2,3.0,4.0,1
0,328.0,50000.0,47,50000.0,50000.0,46,1.0,999,1.0,16.0,20,4.0,1.0,2,3,2.0,1,2.0,3.0,1000,0.0,3.0,3.0,0,40.0,2.0,1,2.0,0,1999.0,52.0,1,38,999,1.0,0.0,0.0,0.0,0.0,5.0,500,1.0,4,2,0.0,1,2,3.0,4.0,1
0,237.0,32000.0,91,32000.0,32000.0,61,1.0,999,1.0,20.0,20,1.0,1.0,1,1,2.0,1,2.0,3.0,1000,0.0,3.0,3.0,0,45.0,1.0,1,2.0,0,2002.0,52.0,1,38,999,1.0,0.0,0.0,0.0,0.0,5.0,600,1.0,4,2,0.0,1,2,3.0,4.0,1
0,237.0,40000.0,47,40000.0,40000.0,87,1.0,999,1.0,18.0,21,1.0,1.0,2,1,2.0,1,2.0,3.0,1000,0.0,3.0,3.0,0,50.0,2.0,1,2.0,0,2002.0,52.0,1,38,999,1.0,0.0,0.0,0.0,0.0,5.0,600,1.0,4,2,0.0,1,2,3.0,4.0,1
0,237.0,1600.0,41,1600.0,1600.0,86,1.0,999,1.0,16.0,25,6.0,1.0,2,5,2.0,1,2.0,3.0,1000,0.0,3.0,3.0,0,10.0,2.0,1,2.0,0,1995.0,30.0,1,38,999,1.0,0.0,0.0,0.0,0.0,5.0,600,1.0,4,2,0.0,1,2,3.0,4.0,1
0,282.0,43700.0,87,43700.0,43700.0,69,1.0,32,1.0,20.0,20,1.0,1.0,2,1,2.0,1,2.0,3.0,1000,0.0,3.0,3.0,0,40.0,2.0,1,2.0,0,2012.0,52.0,1,38,82,2.0,0.0,0.0,0.0,0.0,5.0,600,1.0,2,2,0.0,1,2,3.0,4.0,1
0,282.0,43000.0,07,43000.0,43000.0,69,1.0,51,1.0,19.0,21,1.0,1.0,2,1,2.0,1,2.0,3.0,1000,0.0,3.0,3.0,0,40.0,2.0,1,2.0,0,2012.0,52.0,1,38,32,2.0,0.0,0.0,0.0,0.0,5.0,600,1.0,2,2,0.0,1,2,3.0,4.0,1
0,368.0,56350.0,23,56350.0,56000.0,78,1.0,32,1.0,21.0,20,4.0,1.0,2,3,2.0,1,2.0,3.0,1000,0.0,3.0,3.0,0,48.0,2.0,1,2.0,0,1981.0,52.0,1,38,82,3.0,0.0,0.0,0.0,0.0,5.0,400,1.0,2,2,0.0,1,2,3.0,4.0,1
0,475.0,75000.0,04,75000.0,75000.0,60,1.0,142,1.0,21.0,20,6.0,1.0,2,5,2.0,1,2.0,3.0,1000,0.0,3.0,3.0,0,45.0,2.0,1,2.0,0,1995.0,52.0,1,38,32,1.0,0.0,0.0,0.0,0.0,5.0,500,1.0,2,2,0.0,1,2,3.0,4.0,1
0,349.0,55000.0,38,55000.0,55000.0,94,1.0,32,1.0,20.0,20,6.0,1.0,2,5,2.0,1,2.0,3.0,1000,0.0,3.0,3.0,0,40.0,2.0,1,2.0,0,1995.0,52.0,1,27,999,3.0,0.0,0.0,0.0,0.0,5.0,500,1.0,1,2,0.0,1,2,3.0,4.0,1
0,379.0,60000.0,96,60000.0,60000.0,30,1.0,32,1.0,17.0,20,4.0,1.0,2,3,2.0,1,2.0,3.0,1000,0.0,3.0,3.0,0,40.0,2.0,1,2.0,0,1994.0,52.0,1,27,148,1.0,0.0,0.0,0.0,0.0,5.0,400,1.0,2,2,0.0,1,2,3.0,3.0,1
0,230.0,36000.0,42,36000.0,36000.0,77,1.0,32,1.0,24.0,20,4.0,1.0,1,3,1.0,1,2.0,3.0,1000,0.0,3.0,3.0,2,20.0,2.0,1,2.0,0,1994.0,52.0,1,38,82,1.0,0.0,0.0,0.0,0.0,5.0,600,1.0,2,2,0.0,1,2,3.0,4.0,1
0,501.0,79000.0,51,0.0,0.0,78,6.0,82,2.0,16.0,20,3.0,2.0,2,2,2.0,1,2.0,2.0,1000,0.0,2.0,2.0,0,40.0,2.0,1,2.0,0,1987.0,52.0,1,38,999,3.0,0.0,14000.0,0.0,0.0,5.0,100,1.0,1,2,65000.0,1,2,3.0,4.0,1
0,443.0,50000.0,47,50000.0,50000.0,61,1.0,924,1.0,16.0,20,1.0,1.0,2,1,2.0,1,2.0,2.0,1000,0.0,2.0,2.0,0,40.0,2.0,1,2.0,0,1998.0,52.0,1,38,999,1.0,0.0,0.0,0.0,0.0,5.0,300,1.0,1,2,0.0,1,2,3.0,4.0,1
0,443.0,40000.0,42,40000.0,40000.0,76,1.0,924,1.0,13.0,21,1.0,1.0,2,1,2.0,1,2.0,2.0,1000,0.0,2.0,2.0,0,40.0,2.0,1,2.0,0,1998.0,52.0,1,38,999,1.0,0.0,0.0,0.0,0.0,5.0,300,1.0,1,2,0.0,1,2,3.0,4.0,1
0,501.0,74600.0,32,66000.0,66000.0,81,6.0,82,1.0,22.0,20,1.0,2.0,2,1,2.0,1,2.0,2.0,1000,0.0,2.0,2.0,2,24.0,2.0,1,2.0,0,1984.0,38.0,1,27,999,2.0,7100.0,1500.0,0.0,0.0,5.0,600,1.0,1,2,0.0,1,2,3.0,4.0,1
0,501.0,62000.0,28,62000.0,62000.0,64,1.0,32,1.0,21.0,21,1.0,1.0,2,1,2.0,1,2.0,3.0,1000,0.0,3.0,3.0,0,40.0,2.0,1,2.0,0,1984.0,52.0,1,110,999,1.0,0.0,0.0,0.0,0.0,5.0,600,1.0,1,2,0.0,5,2,3.0,2.0,1
0,501.0,73000.0,77,10000.0,10000.0,30,1.0,32,1.0,20.0,20,6.0,1.0,2,5,2.0,1,2.0,3.0,1000,0.0,3.0,3.0,0,32.0,2.0,1,2.0,0,1995.0,16.0,1,27,82,1.0,21000.0,42000.0,0.0,0.0,5.0,400,1.0,2,2,0.0,1,2,3.0,4.0,1
0,501.0,80000.0,04,80000.0,80000.0,96,4.0,99,1.0,19.0,20,1.0,1.0,2,1,2.0,1,2.0,3.0,1000,0.0,3.0,3.0,0,64.0,2.0,1,2.0,0,2018.0,52.0,1,12,999,5.0,0.0,0.0,0.0,0.0,5.0,200,1.0,1,2,0.0,1,2,3.0,1.0,1
0,501.0,30600.0,40,30600.0,30600.0,86,1.0,271,1.0,19.0,21,1.0,1.0,2,1,2.0,15,2.0,3.0,8000,0.0,3.0,3.0,0,24.0,2.0,8,2.0,0,2018.0,52.0,0,17,999,1.0,0.0,0.0,0.0,0.0,5.0,200,1.0,1,2,0.0,1,2,3.0,4.0,4
0,442.0,85500.0,39,61500.0,60000.0,85,1.0,122,1.0,21.0,20,1.0,1.0,2,1,2.0,1,2.0,2.0,1000,0.0,2.0,2.0,0,8.0,2.0,1,2.0,0,2009.0,52.0,1,38,82,3.0,0.0,24000.0,0.0,0.0,5.0,300,1.0,2,2,0.0,1,2,3.0,2.0,1
0,442.0,75000.0,32,75000.0,75000.0,69,1.0,32,1.0,21.0,21,1.0,1.0,2,1,2.0,1,2.0,3.0,1000,0.0,3.0,3.0,0,40.0,2.0,1,2.0,0,2009.0,52.0,1,38,50,1.0,0.0,0.0,0.0,0.0,5.0,300,1.0,2,2,0.0,1,2,3.0,3.0,1
0,501.0,85610.0,71,85000.0,85000.0,44,1.0,82,1.0,19.0,20,4.0,1.0,1,3,2.0,1,2.0,3.0,1000,0.0,3.0,3.0,2,40.0,2.0,1,2.0,0,2001.0,52.0,1,38,26,5.0,0.0,260.0,0.0,0.0,5.0,500,1.0,2,1,350.0,1,2,3.0,4.0,1
0,501.0,49000.0,23,12000.0,12000.0,85,1.0,32,1.0,21.0,20,1.0,1.0,2,1,2.0,1,2.0,3.0,1000,0.0,3.0,3.0,0,20.0,2.0,1,2.0,0,1986.0,40.0,1,38,999,4.0,0.0,32000.0,0.0,0.0,5.0,200,1.0,1,2,5000.0,1,2,3.0,4.0,1
1,96.0,24700.0,40,24000.0,24000.0,86,1.0,939,1.0,16.0,20,4.0,1.0,2,3,2.0,1,2.0,3.0,1000,0.0,3.0,3.0,0,35.0,2.0,1,2.0,0,2003.0,52.0,1,37,999,1.0,0.0,0.0,0.0,700.0,5.0,100,1.0,1,2,0.0,1,2,3.0,4.0,1
1,128.0,20000.0,40,20000.0,20000.0,86,1.0,939,1.0,16.0,22,4.0,1.0,2,3,2.0,1,2.0,3.0,1000,0.0,3.0,3.0,0,30.0,2.0,1,2.0,0,1999.0,52.0,1,19,999,1.0,0.0,0.0,0.0,0.0,5.0,100,1.0,1,2,0.0,1,2,3.0,4.0,1
1,71.0,11200.0,42,0.0,0.0,69,6.0,999,3.0,19.0,20,6.0,2.0,2,5,2.0,1,2.0,2.0,1000,0.0,2.0,2.0,0,40.0,2.0,1,2.0,0,1995.0,52.0,1,38,999,1.0,4200.0,7000.0,0.0,0.0,5.0,400,1.0,4,2,0.0,1,2,3.0,4.0,1
0,501.0,125000.0,47,125000.0,50000.0,11,1.0,32,1.0,20.0,21,1.0,1.0,2,1,2.0,1,2.0,3.0,1000,0.0,3.0,3.0,0,40.0,2.0,1,2.0,0,2019.0,52.0,1,27,109,7.0,0.0,0.0,0.0,0.0,5.0,600,3.0,2,2,0.0,1,2,3.0,4.0,1
0,501.0,94300.0,28,65000.0,65000.0,64,1.0,82,1.0,22.0,20,6.0,1.0,2,5,2.0,1,2.0,3.0,1000,0.0,3.0,3.0,2,40.0,2.0,1,2.0,0,1995.0,52.0,1,49,22,1.0,26200.0,0.0,0.0,3100.0,5.0,600,1.0,2,2,0.0,1,2,3.0,4.0,1
1,176.0,27800.0,42,0.0,0.0,69,6.0,720,3.0,21.0,20,6.0,2.0,1,5,1.0,96,2.0,2.0,9000,13900.0,2.0,2.0,0,40.0,2.0,9,2.0,0,1995.0,52.0,0,66,822,1.0,13900.0,0.0,0.0,0.0,5.0,400,3.0,2,2,0.0,2,2,3.0,4.0,1
0,274.0,43200.0,33,43200.0,43200.0,81,1.0,720,1.0,21.0,20,6.0,1.0,2,5,2.0,6,2.0,3.0,4008,0.0,3.0,3.0,0,40.0,2.0,6,2.0,0,1995.0,52.0,0,233,999,2.0,0.0,0.0,0.0,0.0,5.0,500,1.0,1,2,0.0,4,2,3.0,4.0,1
0,83.0,13000.0,02,13000.0,13000.0,78,6.0,795,1.0,22.0,20,2.0,2.0,2,1,2.0,4,2.0,2.0,4015,0.0,2.0,2.0,0,20.0,2.0,6,2.0,0,2021.0,30.0,0,231,999,2.0,0.0,0.0,0.0,0.0,5.0,600,2.0,1,2,0.0,4,2,3.0,4.0,1
0,0.0,0.0,42,0.0,0.0,69,6.0,795,3.0,1.0,36,2.0,2.0,2,1,2.0,4,2.0,2.0,4015,0.0,2.0,2.0,0,40.0,2.0,6,2.0,0,2021.0,52.0,0,231,999,1.0,0.0,0.0,0.0,0.0,5.0,600,2.0,1,2,0.0,4,2,3.0,4.0,1
0,256.0,20000.0,02,20000.0,0.0,01,1.0,32,1.0,19.0,20,1.0,1.0,2,1,2.0,1,2.0,3.0,1000,0.0,3.0,3.0,0,40.0,2.0,1,2.0,0,1992.0,52.0,1,38,999,6.0,0.0,0.0,0.0,0.0,5.0,500,1.0,1,2,0.0,1,2,3.0,4.0,1
0,256.0,32000.0,22,32000.0,32000.0,78,1.0,32,1.0,20.0,21,1.0,1.0,2,1,2.0,1,2.0,3.0,1000,0.0,3.0,3.0,0,40.0,2.0,1,2.0,0,1992.0,52.0,1,6,999,3.0,0.0,0.0,0.0,0.0,5.0,500,1.0,1,2,0.0,1,2,3.0,4.0,1
0,501.0,50000.0,32,50000.0,50000.0,81,1.0,703,1.0,20.0,20,1.0,1.0,2,1,2.0,24,2.0,2.0,9000,0.0,2.0,2.0,0,40.0,2.0,9,2.0,0,2022.0,52.0,1,53,999,1.0,0.0,0.0,0.0,0.0,5.0,100,1.0,1,2,0.0,1,2,3.0,4.0,1
0,501.0,93000.0,91,93000.0,93000.0,56,1.0,924,1.0,16.0,21,1.0,1.0,2,1,2.0,1,2.0,2.0,1000,0.0,2.0,2.0,0,60.0,2.0,1,2.0,0,2022.0,52.0,1,53,999,1.0,0.0,0.0,0.0,0.0,5.0,100,1.0,1,2,0.0,1,2,3.0,4.0,1
0,246.0,50000.0,26,50000.0,50000.0,74,1.0,924,1.0,22.0,20,6.0,1.0,2,5,2.0,1,2.0,3.0,1000,0.0,3.0,3.0,0,40.0,2.0,1,2.0,0,1995.0,52.0,1,38,999,1.0,0.0,0.0,0.0,0.0,5.0,500,1.0,1,2,0.0,1,2,3.0,4.0,1
0,501.0,100000.0,96,100000.0,100000.0,44,1.0,924,1.0,16.0,22,4.0,1.0,2,3,2.0,1,2.0,3.0,1000,0.0,3.0,3.0,0,40.0,2.0,1,2.0,0,2013.0,52.0,1,38,999,1.0,0.0,0.0,0.0,0.0,5.0,500,1.0,1,2,0.0,1,2,3.0,4.0,1
0,429.0,35000.0,42,35000.0,35000.0,68,1.0,999,1.0,16.0,20,4.0,1.0,1,3,2.0,3,2.0,3.0,5013,0.0,3.0,3.0,0,40.0,1.0,3,2.0,1,1993.0,52.0,0,38,999,1.0,0.0,0.0,0.0,0.0,5.0,400,1.0,4,2,0.0,1,2,3.0,4.0,1
0,429.0,50000.0,91,14000.0,14000.0,61,6.0,999,1.0,12.0,28,4.0,1.0,1,3,2.0,3,2.0,3.0,5013,0.0,3.0,3.0,0,60.0,1.0,3,2.0,1,2006.0,20.0,0,38,999,1.0,0.0,36000.0,0.0,0.0,5.0,400,1.0,4,2,0.0,1,2,3.0,4.0,1
0,501.0,120000.0,26,120000.0,120000.0,73,1.0,32,1.0,21.0,21,1.0,1.0,2,1,2.0,1,2.0,3.0,1000,0.0,3.0,3.0,0,45.0,2.0,1,2.0,0,2000.0,52.0,1,27,999,7.0,0.0,0.0,0.0,0.0,5.0,600,1.0,1,2,0.0,1,2,3.0,4.0,1
0,501.0,125000.0,92,125000.0,125000.0,60,1.0,32,1.0,20.0,20,1.0,1.0,2,1,2.0,1,2.0,3.0,1000,0.0,3.0,3.0,0,50.0,2.0,1,2.0,0,1981.0,52.0,1,38,82,1.0,0.0,0.0,0.0,0.0,5.0,200,1.0,2,2,0.0,1,2,3.0,4.0,1
0,501.0,85000.0,48,85000.0,85000.0,22,1.0,82,1.0,21.0,21,1.0,1.0,2,1,2.0,1,2.0,3.0,1000,0.0,3.0,3.0,0,55.0,2.0,1,2.0,0,1981.0,52.0,1,38,999,1.0,0.0,0.0,0.0,0.0,5.0,200,1.0,1,2,0.0,1,2,3.0,4.0,1
0,381.0,58000.0,57,58000.0,58000.0,04,1.0,924,1.0,16.0,20,3.0,1.0,2,2,2.0,1,2.0,2.0,1000,0.0,2.0,2.0,0,40.0,2.0,1,2.0,0,1988.0,52.0,1,38,999,1.0,0.0,0.0,0.0,0.0,5.0,100,1.0,1,2,0.0,1,2,3.0,4.0,1
0,356.0,18000.0,47,18000.0,18000.0,47,1.0,32,1.0,19.0,20,1.0,1.0,2,1,2.0,1,2.0,3.0,1000,0.0,3.0,3.0,0,20.0,2.0,1,2.0,0,2019.0,52.0,1,17,50,1.0,0.0,0.0,0.0,0.0,5.0,300,1.0,2,2,0.0,1,2,3.0,4.0,1
0,356.0,68000.0,72,68000.0,68000.0,88,1.0,82,1.0,20.0,21,1.0,1.0,2,1,2.0,1,2.0,3.0,1000,0.0,3.0,3.0,0,40.0,2.0,1,2.0,0,2019.0,52.0,1,35,50,1.0,0.0,0.0,0.0,0.0,5.0,300,1.0,2,2,0.0,1,2,3.0,4.0,1
0,501.0,0.0,42,0.0,0.0,69,6.0,939,3.0,21.0,20,1.0,2.0,2,1,2.0,1,2.0,2.0,1000,0.0,2.0,2.0,0,40.0,2.0,1,2.0,0,2003.0,52.0,1,38,999,1.0,0.0,0.0,0.0,0.0,5.0,100,3.0,1,2,0.0,1,2,3.0,4.0,1
0,501.0,80200.0,14,79000.0,79000.0,35,1.0,148,1.0,22.0,20,1.0,1.0,1,1,2.0,1,2.0,3.0,1000,0.0,3.0,3.0,0,40.0,2.0,1,2.0,0,2007.0,52.0,1,163,999,1.0,0.0,0.0,0.0,0.0,5.0,500,1.0,1,1,1200.0,5,2,3.0,4.0,1
0,429.0,65000.0,42,65000.0,65000.0,30,1.0,999,1.0,16.0,21,1.0,1.0,2,1,2.0,1,2.0,3.0,1000,0.0,3.0,3.0,0,40.0,2.0,1,2.0,0,1987.0,52.0,1,27,999,1.0,0.0,0.0,0.0,0.0,5.0,400,1.0,4,2,0.0,1,2,3.0,4.0,1
0,120.0,18400.0,40,0.0,0.0,86,6.0,32,2.0,18.0,20,4.0,2.0,2,3,2.0,1,2.0,2.0,1000,0.0,2.0,2.0,2,40.0,2.0,1,2.0,0,1982.0,52.0,1,27,82,1.0,0.0,18400.0,0.0,0.0,5.0,500,3.0,2,2,0.0,1,2,3.0,4.0,1
0,501.0,60300.0,33,60000.0,60000.0,80,1.0,32,1.0,20.0,21,1.0,1.0,2,1,2.0,1,2.0,3.0,1000,0.0,3.0,3.0,0,38.0,2.0,1,2.0,0,1977.0,52.0,1,38,999,1.0,0.0,0.0,0.0,0.0,5.0,600,1.0,1,2,300.0,1,2,3.0,4.0,1
0,501.0,120000.0,35,120000.0,120000.0,81,1.0,22,1.0,21.0,21,1.0,1.0,2,1,2.0,1,2.0,3.0,1000,0.0,3.0,3.0,0,40.0,2.0,1,2.0,0,1990.0,52.0,1,38,32,1.0,0.0,0.0,0.0,0.0,5.0,300,1.0,2,2,0.0,1,2,3.0,4.0,1
0,501.0,2000.0,20,2000.0,2000.0,91,1.0,183,1.0,20.0,25,6.0,1.0,2,5,2.0,1,2.0,3.0,1000,0.0,3.0,3.0,0,8.0,2.0,1,2.0,0,1995.0,40.0,1,38,999,2.0,0.0,0.0,0.0,0.0,5.0,300,1.0,1,2,0.0,1,2,3.0,4.0,1
0,501.0,65900.0,57,49000.0,49000.0,80,1.0,32,1.0,16.0,20,1.0,1.0,2,1,2.0,1,2.0,3.0,1000,0.0,3.0,3.0,0,40.0,2.0,1,2.0,0,1982.0,52.0,1,38,999,2.0,0.0,0.0,0.0,0.0,5.0,500,1.0,1,2,16900.0,1,2,3.0,4.0,1
0,501.0,97000.0,48,97000.0,85000.0,44,1.0,32,1.0,16.0,21,1.0,1.0,2,1,2.0,1,2.0,3.0,1000,0.0,3.0,3.0,0,50.0,2.0,1,2.0,0,1982.0,52.0,1,38,142,1.0,0.0,0.0,0.0,0.0,5.0,500,1.0,2,2,0.0,1,2,3.0,4.0,1
0,24.0,5000.0,41,5000.0,5000.0,86,1.0,82,1.0,19.0,20,6.0,1.0,2,5,2.0,1,2.0,3.0,1000,0.0,3.0,3.0,0,6.0,2.0,1,2.0,0,1995.0,40.0,1,38,999,1.0,0.0,0.0,0.0,0.0,5.0,400,1.0,1,2,0.0,1,2,3.0,4.0,1
0,501.0,0.0,32,0.0,0.0,82,6.0,176,2.0,20.0,20,1.0,2.0,2,1,2.0,1,2.0,2.0,1000,0.0,2.0,2.0,0,40.0,2.0,1,2.0,0,1985.0,52.0,1,301,999,1.0,0.0,0.0,0.0,0.0,5.0,300,1.0,1,2,0.0,7,2,3.0,4.0,1
0,501.0,134000.0,38,130000.0,130000.0,94,1.0,171,1.0,18.0,20,4.0,1.0,2,3,2.0,15,2.0,3.0,8000,0.0,3.0,3.0,0,50.0,2.0,8,2.0,0,1992.0,52.0,0,38,999,5.0,0.0,0.0,0.0,0.0,5.0,200,3.0,1,2,4000.0,1,2,3.0,4.0,1
0,501.0,82000.0,10,82000.0,82000.0,73,1.0,924,1.0,21.0,20,1.0,1.0,2,1,2.0,1,2.0,3.0,1000,0.0,3.0,3.0,0,40.0,2.0,1,2.0,0,2016.0,52.0,1,38,999,1.0,0.0,0.0,0.0,0.0,5.0,600,1.0,1,2,0.0,1,2,3.0,4.0,1
0,501.0,64000.0,23,64000.0,64000.0,78,1.0,999,1.0,22.0,21,1.0,1.0,2,1,2.0,1,2.0,3.0,1000,0.0,3.0,3.0,0,40.0,2.0,1,2.0,0,2016.0,52.0,1,38,999,3.0,0.0,0.0,0.0,0.0,5.0,600,1.0,4,2,0.0,1,2,3.0,4.0,1
0,501.0,100000.0,02,100000.0,0.0,01,1.0,32,1.0,16.0,20,1.0,1.0,2,1,2.0,1,2.0,3.0,1000,0.0,3.0,3.0,2,99.0,2.0,1,2.0,0,2013.0,52.0,1,38,999,6.0,0.0,0.0,0.0,0.0,5.0,400,1.0,1,2,0.0,1,2,3.0,4.0,1
0,501.0,97000.0,02,97000.0,0.0,01,1.0,32,1.0,21.0,21,1.0,1.0,2,1,2.0,1,2.0,3.0,1000,0.0,3.0,3.0,1,35.0,2.0,1,2.0,0,2013.0,52.0,1,38,999,6.0,0.0,0.0,0.0,0.0,5.0,400,1.0,1,2,0.0,1,2,3.0,4.0,1
0,501.0,160000.0,00,0.0,0.0,52,6.0,32,2.0,20.0,25,2.0,1.0,2,1,2.0,1,2.0,3.0,1000,0.0,3.0,3.0,0,40.0,2.0,1,2.0,0,2017.0,52.0,1,38,82,1.0,0.0,160000.0,0.0,0.0,5.0,400,3.0,2,2,0.0,1,2,3.0,4.0,1
0,501.0,165000.0,02,150000.0,0.0,01,1.0,32,1.0,20.0,25,6.0,1.0,2,5,2.0,1,2.0,3.0,1000,0.0,3.0,3.0,0,50.0,2.0,1,2.0,0,1995.0,52.0,1,38,999,6.0,0.0,0.0,0.0,0.0,5.0,400,1.0,1,2,15000.0,1,2,3.0,4.0,1
0,501.0,17000.0,25,17000.0,17000.0,78,3.0,920,1.0,19.0,25,6.0,2.0,2,5,2.0,3,2.0,1.0,5013,0.0,2.0,2.0,0,40.0,2.0,3,2.0,1,1995.0,36.0,0,46,999,3.0,0.0,0.0,0.0,0.0,1.0,100,1.0,1,2,0.0,1,2,3.0,4.0,2
0,501.0,30000.0,36,30000.0,30000.0,82,1.0,920,1.0,18.0,25,6.0,1.0,2,5,2.0,3,2.0,3.0,5013,0.0,3.0,3.0,0,30.0,2.0,3,2.0,1,1995.0,52.0,0,38,999,1.0,0.0,0.0,0.0,0.0,5.0,100,1.0,1,2,0.0,1,2,3.0,4.0,2
0,286.0,44000.0,25,44000.0,44000.0,78,1.0,82,1.0,21.0,20,6.0,1.0,2,5,2.0,1,2.0,3.0,1000,0.0,3.0,3.0,0,40.0,2.0,1,2.0,0,1995.0,52.0,1,38,32,4.0,0.0,0.0,0.0,0.0,5.0,600,1.0,2,2,0.0,1,2,3.0,4.0,1
0,292.0,45000.0,09,45000.0,45000.0,68,1.0,82,1.0,21.0,22,6.0,1.0,2,5,2.0,1,2.0,3.0,1000,0.0,3.0,3.0,0,40.0,2.0,1,2.0,0,1995.0,52.0,1,38,32,1.0,0.0,0.0,0.0,0.0,5.0,600,1.0,2,2,0.0,1,2,3.0,4.0,1
0,501.0,115000.0,42,65000.0,65000.0,76,1.0,996,1.0,17.0,20,6.0,1.0,2,5,2.0,1,2.0,3.0,1000,0.0,3.0,3.0,2,50.0,2.0,1,2.0,0,1995.0,52.0,1,27,999,7.0,0.0,0.0,0.0,0.0,5.0,600,1.0,3,2,50000.0,1,2,3.0,4.0,1
0,501.0,38300.0,25,0.0,0.0,78,6.0,999,2.0,20.0,21,1.0,1.0,2,1,2.0,1,2.0,3.0,1000,0.0,3.0,3.0,0,40.0,2.0,1,2.0,0,1976.0,52.0,1,27,999,1.0,14800.0,23500.0,0.0,0.0,5.0,300,1.0,4,2,0.0,1,2,3.0,4.0,1
0,174.0,27000.0,20,27000.0,27000.0,83,1.0,32,1.0,21.0,20,6.0,1.0,2,5,2.0,1,2.0,3.0,1000,0.0,3.0,3.0,0,46.0,2.0,1,2.0,0,1995.0,52.0,1,38,148,2.0,0.0,0.0,0.0,0.0,5.0,500,3.0,2,2,0.0,1,2,3.0,4.0,1
1,501.0,98600.0,96,86000.0,86000.0,49,1.0,939,1.0,16.0,20,6.0,1.0,1,5,1.0,1,2.0,3.0,1000,0.0,3.0,3.0,0,40.0,2.0,1,2.0,0,1995.0,32.0,1,38,999,2.0,12600.0,0.0,0.0,0.0,5.0,300,1.0,1,2,0.0,1,2,3.0,4.0,1
0,190.0,30000.0,54,30000.0,30000.0,80,1.0,82,1.0,16.0,20,6.0,1.0,1,5,1.0,1,1.0,3.0,1000,0.0,3.0,3.0,0,40.0,2.0,1,2.0,0,1995.0,52.0,1,38,999,2.0,0.0,0.0,0.0,0.0,5.0,500,3.0,1,2,0.0,1,2,3.0,4.0,1
0,0.0,0.0,42,0.0,0.0,69,6.0,82,3.0,19.0,36,6.0,2.0,1,5,2.0,1,1.0,3.0,1000,0.0,2.0,2.0,0,40.0,2.0,1,2.0,0,1995.0,52.0,1,27,999,1.0,0.0,0.0,0.0,0.0,5.0,500,3.0,1,2,0.0,1,2,3.0,4.0,1
0,95.0,15000.0,01,15000.0,15000.0,68,1.0,999,1.0,19.0,36,6.0,1.0,2,5,2.0,1,2.0,3.0,1000,0.0,3.0,3.0,0,30.0,2.0,1,2.0,0,1995.0,52.0,1,38,999,1.0,0.0,0.0,0.0,0.0,5.0,500,3.0,4,2,0.0,1,2,3.0,4.0,1
0,260.0,56500.0,23,56500.0,55000.0,78,1.0,32,1.0,21.0,20,1.0,1.0,1,1,1.0,1,2.0,3.0,1000,0.0,3.0,3.0,2,80.0,2.0,1,2.0,0,2001.0,52.0,1,38,40,3.0,0.0,0.0,0.0,0.0,5.0,200,1.0,2,2,0.0,1,2,3.0,4.0,1
0,260.0,20600.0,46,20600.0,0.0,84,1.0,32,1.0,21.0,21,1.0,1.0,2,1,2.0,1,2.0,3.0,1000,0.0,3.0,3.0,2,80.0,2.0,1,2.0,0,2001.0,52.0,1,38,82,6.0,0.0,0.0,0.0,0.0,5.0,200,1.0,2,2,0.0,1,2,3.0,4.0,1
0,261.0,12000.0,42,0.0,0.0,69,6.0,32,3.0,16.0,20,1.0,2.0,2,1,2.0,1,2.0,2.0,1000,0.0,2.0,2.0,0,40.0,2.0,1,2.0,0,1986.0,52.0,1,38,999,1.0,0.0,12000.0,0.0,0.0,5.0,400,1.0,1,2,0.0,1,2,3.0,4.0,1
0,261.0,40100.0,42,0.0,0.0,69,6.0,82,3.0,21.0,21,1.0,2.0,2,1,2.0,1,2.0,2.0,1000,0.0,2.0,2.0,0,40.0,2.0,1,2.0,0,1986.0,52.0,1,38,999,1.0,40100.0,0.0,0.0,0.0,5.0,400,1.0,1,2,0.0,1,2,3.0,4.0,1
0,139.0,32800.0,23,32800.0,32800.0,78,1.0,82,1.0,22.0,20,4.0,1.0,2,3,2.0,1,2.0,3.0,1000,0.0,3.0,3.0,2,40.0,2.0,1,2.0,0,2000.0,52.0,1,38,32,3.0,0.0,0.0,0.0,0.0,5.0,200,3.0,2,2,0.0,1,2,3.0,4.0,1
0,501.0,132000.0,94,130000.0,130000.0,60,1.0,999,1.0,18.0,20,1.0,1.0,2,1,2.0,1,2.0,3.0,1000,0.0,3.0,3.0,0,80.0,2.0,1,2.0,0,2005.0,52.0,1,38,999,1.0,0.0,0.0,2000.0,0.0,5.0,400,1.0,4,2,0.0,1,2,3.0,4.0,1
0,501.0,40000.0,02,40000.0,0.0,01,1.0,999,1.0,19.0,21,1.0,1.0,2,1,2.0,1,2.0,3.0,1000,0.0,3.0,3.0,0,80.0,2.0,1,2.0,0,2005.0,52.0,1,11,999,6.0,0.0,0.0,0.0,0.0,5.0,400,1.0,4,2,0.0,1,2,3.0,4.0,1
0,501.0,9700.0,51,6700.0,6700.0,01,1.0,999,1.0,22.0,29,3.0,1.0,2,2,2.0,1,2.0,3.0,1000,0.0,3.0,3.0,0,60.0,2.0,1,2.0,0,2000.0,52.0,1,53,999,1.0,0.0,0.0,0.0,0.0,5.0,400,1.0,4,2,3000.0,1,2,3.0,4.0,1
0,501.0,72000.0,08,72000.0,72000.0,07,1.0,999,1.0,22.0,29,4.0,1.0,2,3,2.0,1,2.0,3.0,1000,0.0,3.0,3.0,0,42.0,2.0,1,2.0,0,2000.0,52.0,1,41,999,1.0,0.0,0.0,0.0,0.0,5.0,400,1.0,4,2,0.0,1,2,3.0,2.0,1
0,347.0,20000.0,11,20000.0,20000.0,73,1.0,32,1.0,20.0,20,1.0,1.0,2,1,2.0,1,2.0,3.0,1000,0.0,3.0,3.0,0,40.0,2.0,1,2.0,0,2022.0,52.0,1,27,50,1.0,0.0,0.0,0.0,0.0,5.0,600,1.0,2,2,0.0,1,2,3.0,4.0,1
0,347.0,49000.0,10,49000.0,49000.0,73,1.0,765,1.0,16.0,21,1.0,1.0,2,1,2.0,10,2.0,3.0,4010,0.0,3.0,3.0,0,40.0,2.0,6,2.0,0,2022.0,52.0,0,27,999,1.0,0.0,0.0,0.0,0.0,5.0,600,1.0,1,2,0.0,1,2,3.0,4.0,1
0,275.0,4000.0,42,0.0,0.0,69,6.0,32,3.0,21.0,20,1.0,2.0,2,1,2.0,1,2.0,2.0,1000,0.0,2.0,2.0,0,40.0,2.0,1,2.0,0,2010.0,52.0,1,38,82,1.0,0.0,0.0,0.0,0.0,5.0,600,1.0,2,2,4000.0,1,2,3.0,4.0,1
0,275.0,96000.0,02,96000.0,48000.0,07,1.0,32,1.0,18.0,21,1.0,1.0,2,1,2.0,1,2.0,3.0,1000,0.0,3.0,3.0,0,50.0,2.0,1,2.0,0,2010.0,52.0,1,38,82,7.0,0.0,0.0,0.0,0.0,5.0,600,1.0,2,2,0.0,1,2,3.0,4.0,1
0,303.0,48000.0,36,48000.0,48000.0,82,1.0,32,1.0,20.0,20,4.0,1.0,2,3,2.0,1,2.0,3.0,1000,0.0,3.0,3.0,0,40.0,2.0,1,2.0,0,1989.0,52.0,1,38,999,2.0,0.0,0.0,0.0,0.0,5.0,400,1.0,1,2,0.0,1,2,3.0,4.0,1
0,208.0,9000.0,47,9000.0,9000.0,53,1.0,32,1.0,20.0,20,1.0,1.0,1,1,1.0,1,1.0,3.0,1000,0.0,3.0,3.0,2,12.0,2.0,1,2.0,0,2015.0,49.0,1,38,82,1.0,0.0,0.0,0.0,0.0,5.0,200,1.0,2,2,0.0,1,2,3.0,4.0,1
0,208.0,40000.0,96,40000.0,40000.0,53,1.0,195,1.0,16.0,21,1.0,1.0,1,1,1.0,1,1.0,3.0,1000,0.0,3.0,3.0,2,40.0,2.0,1,2.0,0,2015.0,51.0,1,38,82,1.0,0.0,0.0,0.0,0.0,5.0,200,1.0,2,2,0.0,1,2,3.0,4.0,1
0,501.0,55000.0,06,55000.0,55000.0,78,1.0,88,1.0,21.0,20,1.0,1.0,2,1,2.0,1,2.0,3.0,1000,0.0,3.0,3.0,0,40.0,2.0,1,2.0,0,2021.0,52.0,1,38,32,4.0,0.0,0.0,0.0,0.0,5.0,500,1.0,2,2,0.0,1,2,3.0,4.0,1
0,501.0,40000.0,91,40000.0,40000.0,63,1.0,82,1.0,19.0,21,1.0,1.0,2,1,2.0,1,2.0,3.0,1000,0.0,3.0,3.0,0,40.0,2.0,1,2.0,0,2021.0,40.0,1,38,999,1.0,0.0,0.0,0.0,0.0,5.0,500,1.0,1,2,0.0,1,2,3.0,4.0,1
0,501.0,28000.0,58,28000.0,28000.0,79,1.0,82,1.0,19.0,28,6.0,1.0,2,5,2.0,1,2.0,3.0,1000,0.0,3.0,3.0,0,32.0,2.0,1,2.0,0,1995.0,52.0,1,38,999,1.0,0.0,0.0,0.0,0.0,5.0,500,1.0,1,2,0.0,1,2,3.0,4.0,1
0,307.0,24000.0,51,24000.0,24000.0,74,1.0,939,1.0,19.0,20,1.0,1.0,2,1,2.0,1,2.0,3.0,1000,0.0,3.0,3.0,2,20.0,2.0,1,2.0,0,1994.0,52.0,1,46,999,1.0,0.0,0.0,0.0,0.0,5.0,100,1.0,1,2,0.0,1,2,3.0,4.0,1
0,307.0,38400.0,32,38400.0,38400.0,74,1.0,939,1.0,23.0,21,1.0,1.0,2,1,2.0,1,2.0,3.0,1000,0.0,3.0,3.0,2,60.0,2.0,1,2.0,0,1994.0,52.0,1,31,999,7.0,0.0,0.0,0.0,0.0,5.0,100,1.0,1,2,0.0,1,2,3.0,4.0,1
0,163.0,25000.0,58,25000.0,25000.0,21,1.0,939,1.0,16.0,20,3.0,1.0,2,2,2.0,1,2.0,3.0,1000,0.0,3.0,3.0,0,40.0,2.0,1,2.0,0,1979.0,52.0,1,38,32,1.0,0.0,0.0,0.0,0.0,5.0,600,1.0,2,2,0.0,1,2,3.0,4.0,1
0,501.0,10000.0,42,0.0,0.0,69,6.0,32,3.0,22.0,21,1.0,2.0,1,1,2.0,1,2.0,2.0,1000,0.0,2.0,2.0,0,40.0,2.0,1,2.0,0,2000.0,52.0,1,36,82,1.0,0.0,0.0,0.0,0.0,5.0,600,1.0,2,2,10000.0,1,1,3.0,4.0,1
0,501.0,30000.0,57,30000.0,30000.0,87,1.0,996,1.0,17.0,20,1.0,1.0,2,1,2.0,1,2.0,3.0,1000,0.0,3.0,3.0,0,40.0,2.0,1,2.0,0,2001.0,52.0,1,110,999,7.0,0.0,0.0,0.0,0.0,5.0,200,1.0,3,2,0.0,5,2,3.0,4.0,1
0,501.0,30000.0,72,30000.0,30000.0,87,1.0,996,1.0,16.0,25,6.0,1.0,2,5,2.0,1,2.0,3.0,1000,0.0,3.0,3.0,0,40.0,2.0,1,2.0,0,1995.0,52.0,1,38,999,7.0,0.0,0.0,0.0,0.0,5.0,200,1.0,3,2,0.0,1,2,3.0,4.0,1
0,427.0,66000.0,47,66000.0,66000.0,49,1.0,82,1.0,16.0,20,4.0,1.0,2,3,2.0,1,2.0,2.0,1000,0.0,2.0,2.0,0,32.0,2.0,1,2.0,0,1981.0,36.0,1,38,999,1.0,0.0,0.0,0.0,0.0,1.0,100,1.0,1,2,0.0,1,2,3.0,4.0,1
0,412.0,100000.0,04,100000.0,100000.0,06,1.0,999,1.0,21.0,20,1.0,1.0,2,1,2.0,1,2.0,3.0,1000,0.0,3.0,3.0,0,45.0,2.0,1,2.0,0,2014.0,52.0,1,27,999,4.0,0.0,0.0,0.0,0.0,5.0,500,1.0,4,2,0.0,1,2,3.0,4.0,1
0,412.0,44000.0,32,44000.0,44000.0,84,1.0,999,1.0,21.0,21,1.0,1.0,2,1,2.0,1,2.0,3.0,1000,0.0,3.0,3.0,0,40.0,2.0,1,2.0,0,2014.0,40.0,1,27,999,3.0,0.0,0.0,0.0,0.0,5.0,500,1.0,4,2,0.0,1,2,3.0,4.0,1
0,292.0,45000.0,14,45000.0,45000.0,39,1.0,999,1.0,20.0,20,4.0,1.0,1,3,2.0,1,2.0,3.0,1000,0.0,3.0,3.0,0,50.0,2.0,1,2.0,0,1990.0,52.0,1,38,999,1.0,0.0,0.0,0.0,0.0,5.0,400,1.0,4,1,0.0,1,2,3.0,2.0,1
0,256.0,40000.0,71,40000.0,40000.0,96,4.0,50,1.0,16.0,20,4.0,1.0,2,3,2.0,1,2.0,2.0,1000,0.0,2.0,2.0,0,40.0,2.0,1,2.0,0,2019.0,52.0,1,39,88,5.0,0.0,0.0,0.0,0.0,5.0,200,1.0,2,2,0.0,1,2,3.0,1.0,1
0,54.0,11000.0,91,11000.0,11000.0,63,1.0,421,1.0,21.0,20,1.0,1.0,2,1,2.0,1,2.0,3.0,1000,0.0,3.0,3.0,1,3.0,2.0,1,2.0,0,1991.0,40.0,1,222,999,1.0,0.0,0.0,0.0,0.0,5.0,600,1.0,1,2,0.0,4,2,3.0,4.0,1
0,54.0,0.0,42,0.0,0.0,69,6.0,421,3.0,19.0,21,1.0,2.0,2,1,2.0,1,2.0,2.0,1000,0.0,2.0,2.0,1,40.0,2.0,1,2.0,0,1991.0,52.0,1,216,999,1.0,0.0,0.0,0.0,0.0,5.0,600,1.0,1,2,0.0,4,2,3.0,4.0,1
0,473.0,29000.0,25,29000.0,29000.0,78,1.0,82,1.0,21.0,20,1.0,1.0,2,1,2.0,1,2.0,2.0,1000,0.0,2.0,2.0,0,40.0,2.0,1,2.0,0,2009.0,40.0,1,46,32,3.0,0.0,0.0,0.0,0.0,5.0,500,1.0,2,2,0.0,1,2,3.0,4.0,1
0,473.0,70000.0,91,70000.0,70000.0,61,1.0,142,1.0,18.0,21,1.0,1.0,2,1,2.0,1,2.0,2.0,1000,0.0,2.0,2.0,0,50.0,2.0,1,2.0,0,2009.0,52.0,1,38,999,7.0,0.0,0.0,0.0,0.0,5.0,500,1.0,1,2,0.0,1,2,3.0,4.0,1
0,473.0,10000.0,46,10000.0,10000.0,84,1.0,32,1.0,14.0,25,6.0,1.0,2,5,2.0,1,2.0,3.0,1000,0.0,3.0,3.0,0,15.0,2.0,1,2.0,0,1995.0,52.0,1,38,142,2.0,0.0,0.0,0.0,0.0,5.0,500,1.0,2,2,0.0,1,2,3.0,4.0,1
0,501.0,65000.0,35,65000.0,35000.0,79,1.0,32,1.0,19.0,20,1.0,1.0,2,1,2.0,1,2.0,2.0,1000,0.0,2.0,2.0,0,36.0,2.0,1,2.0,0,2010.0,52.0,1,38,148,1.0,0.0,0.0,0.0,0.0,5.0,400,1.0,2,2,0.0,1,2,2.0,4.0,1
0,501.0,67000.0,55,67000.0,67000.0,63,1.0,32,1.0,18.0,21,1.0,1.0,2,1,2.0,1,2.0,3.0,1000,0.0,3.0,3.0,0,40.0,2.0,1,2.0,0,2010.0,52.0,1,38,82,5.0,0.0,0.0,0.0,0.0,5.0,400,1.0,2,2,0.0,1,2,3.0,2.0,1
0,219.0,6900.0,34,6900.0,6900.0,74,1.0,999,1.0,21.0,20,1.0,1.0,2,1,2.0,1,2.0,3.0,1000,0.0,3.0,3.0,0,20.0,2.0,1,2.0,0,2009.0,16.0,1,38,999,1.0,0.0,0.0,0.0,0.0,5.0,300,1.0,4,2,0.0,1,2,3.0,4.0,1
0,219.0,60000.0,95,60000.0,60000.0,05,1.0,999,1.0,20.0,21,1.0,1.0,2,1,2.0,1,2.0,3.0,1000,0.0,3.0,3.0,0,40.0,2.0,1,2.0,0,2009.0,52.0,1,38,999,1.0,0.0,0.0,0.0,0.0,5.0,300,1.0,4,2,0.0,1,2,3.0,4.0,1
0,351.0,54000.0,71,54000.0,54000.0,96,4.0,50,1.0,16.0,20,6.0,1.0,2,5,2.0,1,2.0,3.0,1000,0.0,3.0,3.0,0,50.0,2.0,1,2.0,0,1995.0,52.0,1,51,999,5.0,0.0,0.0,0.0,0.0,5.0,200,2.0,1,2,0.0,1,2,3.0,1.0,1
0,84.0,13200.0,42,0.0,0.0,69,6.0,82,3.0,18.0,20,6.0,2.0,1,5,2.0,1,1.0,2.0,1000,0.0,2.0,2.0,2,40.0,2.0,1,2.0,0,1995.0,52.0,1,27,89,1.0,13200.0,0.0,0.0,0.0,3.0,500,1.0,2,2,0.0,1,2,3.0,4.0,1
1,501.0,157000.0,02,157000.0,0.0,01,6.0,111,1.0,16.0,20,1.0,2.0,2,1,2.0,1,2.0,2.0,1000,0.0,2.0,2.0,0,50.0,2.0,1,2.0,0,1987.0,28.0,1,38,32,6.0,0.0,0.0,0.0,0.0,5.0,500,1.0,2,2,0.0,1,2,3.0,4.0,1
0,501.0,700.0,27,700.0,700.0,91,6.0,82,1.0,16.0,21,1.0,2.0,2,1,2.0,1,2.0,2.0,1000,0.0,2.0,2.0,2,10.0,2.0,1,2.0,0,1987.0,3.0,1,38,999,2.0,0.0,0.0,0.0,0.0,3.0,500,1.0,1,2,0.0,1,2,3.0,4.0,1
0,356.0,21000.0,62,10200.0,10200.0,07,1.0,32,1.0,16.0,26,6.0,1.0,2,5,2.0,1,2.0,3.0,1000,10800.0,3.0,3.0,2,38.0,2.0,1,2.0,0,1995.0,52.0,1,38,999,2.0,0.0,0.0,0.0,0.0,5.0,500,1.0,1,2,0.0,1,2,3.0,4.0,1
0,452.0,95200.0,02,57000.0,57000.0,78,1.0,21,1.0,21.0,20,3.0,1.0,2,2,2.0,1,2.0,3.0,1000,0.0,3.0,3.0,0,40.0,2.0,1,2.0,0,2002.0,52.0,1,19,32,3.0,0.0,38000.0,0.0,0.0,5.0,400,1.0,2,2,200.0,1,2,3.0,4.0,1
0,452.0,11100.0,91,2300.0,2300.0,86,1.0,32,1.0,16.0,25,6.0,1.0,1,5,1.0,1,2.0,3.0,1000,0.0,3.0,3.0,0,25.0,2.0,1,2.0,0,1995.0,10.0,1,38,21,1.0,0.0,8800.0,0.0,0.0,5.0,400,1.0,2,2,0.0,1,2,3.0,4.0,1
0,279.0,52000.0,38,52000.0,52000.0,94,1.0,32,1.0,21.0,20,1.0,1.0,2,1,2.0,1,2.0,3.0,1000,0.0,3.0,3.0,0,40.0,2.0,1,2.0,0,2018.0,52.0,1,27,82,3.0,0.0,0.0,0.0,0.0,5.0,100,1.0,2,2,0.0,1,2,3.0,4.0,1
0,279.0,32000.0,36,32000.0,32000.0,81,1.0,22,1.0,16.0,21,1.0,1.0,2,1,2.0,1,2.0,3.0,1000,0.0,3.0,3.0,0,30.0,2.0,1,2.0,0,2018.0,52.0,1,38,50,1.0,0.0,0.0,0.0,0.0,5.0,100,1.0,2,2,0.0,1,2,3.0,4.0,1
0,501.0,83000.0,08,83000.0,83000.0,70,1.0,32,1.0,21.0,20,6.0,1.0,2,5,2.0,1,2.0,3.0,1000,0.0,3.0,3.0,0,50.0,2.0,1,2.0,0,1995.0,52.0,1,38,999,1.0,0.0,0.0,0.0,0.0,5.0,300,1.0,1,2,0.0,1,2,3.0,4.0,1
0,418.0,44000.0,51,44000.0,44000.0,85,1.0,32,1.0,16.0,20,1.0,1.0,2,1,2.0,1,2.0,2.0,1000,0.0,2.0,2.0,0,40.0,2.0,1,2.0,0,2003.0,52.0,1,38,89,1.0,0.0,0.0,0.0,0.0,5.0,400,1.0,2,2,0.0,1,2,3.0,4.0,1
0,418.0,85000.0,67,85000.0,85000.0,07,1.0,82,1.0,16.0,21,1.0,1.0,2,1,2.0,1,2.0,2.0,1000,0.0,2.0,2.0,0,50.0,2.0,1,2.0,0,2003.0,52.0,1,38,999,4.0,0.0,0.0,0.0,0.0,5.0,400,1.0,1,2,0.0,1,2,2.0,4.0,1
0,418.0,0.0,96,0.0,0.0,49,6.0,82,2.0,16.0,25,6.0,2.0,2,5,2.0,1,2.0,2.0,1000,0.0,2.0,2.0,0,40.0,2.0,1,2.0,0,1995.0,52.0,1,38,999,1.0,0.0,0.0,0.0,0.0,5.0,400,1.0,1,2,0.0,1,2,3.0,4.0,1
0,288.0,45000.0,35,45000.0,45000.0,07,1.0,82,1.0,19.0,20,6.0,1.0,2,5,2.0,1,2.0,3.0,1000,0.0,3.0,3.0,0,50.0,2.0,1,2.0,0,1995.0,52.0,1,38,142,1.0,0.0,0.0,0.0,0.0,5.0,500,3.0,2,2,0.0,1,2,3.0,4.0,1
0,0.0,0.0,42,0.0,0.0,69,6.0,999,3.0,19.0,22,6.0,1.0,1,5,2.0,1,2.0,3.0,1000,0.0,3.0,3.0,0,40.0,1.0,1,2.0,0,1995.0,52.0,1,38,999,1.0,0.0,0.0,0.0,0.0,5.0,500,3.0,4,1,0.0,1,2,3.0,4.0,1
0,400.0,98000.0,65,98000.0,98000.0,28,1.0,142,1.0,19.0,20,1.0,1.0,2,1,2.0,1,2.0,2.0,1000,0.0,2.0,2.0,0,55.0,2.0,1,2.0,0,2023.0,52.0,1,38,999,1.0,0.0,0.0,0.0,0.0,5.0,600,1.0,1,2,0.0,1,2,2.0,4.0,1
0,400.0,45000.0,57,45000.0,45000.0,49,1.0,32,1.0,20.0,21,1.0,1.0,2,1,2.0,1,2.0,3.0,1000,0.0,3.0,3.0,0,40.0,2.0,1,2.0,0,2023.0,40.0,1,38,999,1.0,0.0,0.0,0.0,0.0,5.0,600,1.0,1,2,0.0,1,2,3.0,4.0,1
0,501.0,91000.0,27,91000.0,91000.0,78,1.0,32,1.0,24.0,20,6.0,1.0,2,5,2.0,1,2.0,3.0,1000,0.0,3.0,3.0,0,50.0,2.0,1,2.0,0,1995.0,52.0,1,38,142,2.0,0.0,0.0,0.0,0.0,5.0,300,1.0,2,2,0.0,1,2,3.0,4.0,1
0,234.0,11100.0,46,0.0,0.0,84,6.0,935,2.0,15.0,20,1.0,2.0,2,1,2.0,1,2.0,2.0,1000,0.0,2.0,2.0,0,40.0,2.0,1,2.0,0,1981.0,52.0,1,38,82,6.0,1100.0,10000.0,0.0,0.0,5.0,500,1.0,2,2,0.0,1,2,3.0,4.0,1
0,234.0,35000.0,74,0.0,0.0,05,6.0,32,2.0,18.0,21,1.0,2.0,2,1,2.0,1,2.0,2.0,1000,0.0,2.0,2.0,0,40.0,2.0,1,2.0,0,1981.0,52.0,1,46,89,1.0,25000.0,10000.0,0.0,0.0,5.0,500,1.0,2,2,0.0,1,2,3.0,4.0,1
0,501.0,110000.0,91,60000.0,60000.0,61,1.0,32,1.0,21.0,20,1.0,1.0,2,1,2.0,1,2.0,3.0,1000,0.0,3.0,3.0,0,50.0,2.0,1,2.0,0,1985.0,52.0,1,38,999,1.0,0.0,30000.0,20000.0,0.0,5.0,300,1.0,1,2,0.0,1,2,3.0,2.0,1
0,501.0,25000.0,54,25000.0,25000.0,79,1.0,32,1.0,16.0,21,1.0,1.0,2,1,2.0,1,2.0,3.0,1000,0.0,3.0,3.0,0,24.0,2.0,1,2.0,0,1985.0,52.0,1,38,999,1.0,0.0,0.0,0.0,0.0,5.0,300,1.0,1,2,0.0,1,2,3.0,4.0,1
0,501.0,10000.0,42,10000.0,10000.0,80,1.0,32,1.0,18.0,25,6.0,1.0,2,5,2.0,1,2.0,1.0,1000,0.0,2.0,2.0,0,30.0,2.0,1,2.0,0,1995.0,52.0,1,8,999,1.0,0.0,0.0,0.0,0.0,1.0,300,1.0,1,2,0.0,1,2,3.0,4.0,1
0,418.0,30000.0,58,30000.0,30000.0,82,1.0,999,1.0,19.0,20,1.0,1.0,2,1,2.0,1,2.0,3.0,1000,0.0,3.0,3.0,0,40.0,2.0,1,2.0,0,1991.0,52.0,1,46,999,1.0,0.0,0.0,0.0,0.0,5.0,400,1.0,4,2,0.0,1,2,3.0,4.0,1
0,418.0,54000.0,42,54000.0,54000.0,82,1.0,999,1.0,19.0,21,1.0,1.0,2,1,2.0,1,2.0,3.0,1000,0.0,3.0,3.0,0,40.0,2.0,1,2.0,0,1991.0,52.0,1,38,999,2.0,0.0,0.0,0.0,0.0,5.0,400,1.0,4,2,0.0,1,2,3.0,4.0,1
0,428.0,75000.0,08,70000.0,70000.0,98,4.0,32,1.0,22.0,20,1.0,1.0,2,1,2.0,1,2.0,3.0,1000,0.0,3.0,3.0,0,40.0,2.0,1,2.0,0,2014.0,52.0,1,38,82,5.0,0.0,0.0,0.0,0.0,5.0,300,1.0,2,2,5000.0,1,2,3.0,3.0,1
0,428.0,54000.0,09,54000.0,54000.0,68,1.0,22,1.0,21.0,21,1.0,1.0,2,1,2.0,1,2.0,3.0,1000,0.0,3.0,3.0,0,40.0,2.0,1,2.0,0,2014.0,52.0,1,46,111,1.0,0.0,0.0,0.0,0.0,5.0,300,1.0,2,2,0.0,1,2,3.0,4.0,1
0,433.0,55000.0,12,55000.0,55000.0,93,1.0,32,1.0,21.0,20,1.0,1.0,2,1,2.0,1,2.0,3.0,1000,0.0,3.0,3.0,0,40.0,2.0,1,2.0,0,2018.0,52.0,1,38,999,4.0,0.0,0.0,0.0,0.0,5.0,200,1.0,1,2,0.0,1,2,3.0,4.0,1
0,433.0,50000.0,04,50000.0,50000.0,83,1.0,32,1.0,21.0,21,1.0,1.0,2,1,2.0,1,2.0,3.0,1000,0.0,3.0,3.0,1,40.0,2.0,1,2.0,0,2018.0,52.0,1,38,999,2.0,0.0,0.0,0.0,0.0,5.0,200,1.0,1,2,0.0,1,2,3.0,4.0,1
0,119.0,25000.0,47,25000.0,25000.0,45,1.0,32,1.0,16.0,20,5.0,1.0,2,4,2.0,1,2.0,2.0,1000,0.0,2.0,2.0,0,46.0,2.0,1,2.0,0,2012.0,52.0,1,53,82,1.0,0.0,0.0,0.0,0.0,5.0,400,3.0,2,2,0.0,1,2,3.0,4.0,1
0,0.0,0.0,36,0.0,0.0,81,6.0,8,2.0,20.0,22,6.0,2.0,2,5,2.0,1,2.0,2.0,1000,0.0,2.0,2.0,0,40.0,2.0,1,2.0,0,1995.0,52.0,1,38,82,1.0,0.0,0.0,0.0,0.0,1.0,400,1.0,2,2,0.0,1,2,2.0,4.0,1
1,46.0,6000.0,42,6000.0,6000.0,76,1.0,195,1.0,21.0,20,5.0,1.0,2,4,2.0,1,2.0,3.0,1000,0.0,3.0,3.0,0,18.0,2.0,1,2.0,0,2002.0,48.0,1,39,999,1.0,0.0,0.0,0.0,0.0,5.0,200,1.0,1,2,0.0,1,2,3.0,4.0,1
0,76.0,12000.0,96,12000.0,12000.0,07,1.0,999,1.0,20.0,20,4.0,1.0,2,3,2.0,1,2.0,3.0,1000,0.0,3.0,3.0,1,10.0,2.0,1,2.0,0,2008.0,50.0,1,38,999,1.0,0.0,0.0,0.0,0.0,5.0,500,1.0,4,2,0.0,1,2,3.0,4.0,1
0,501.0,4000.0,02,4000.0,0.0,01,6.0,82,1.0,21.0,21,1.0,2.0,2,1,2.0,1,2.0,2.0,1000,0.0,2.0,2.0,2,8.0,2.0,1,2.0,0,1991.0,10.0,1,30,999,6.0,0.0,0.0,0.0,0.0,5.0,400,1.0,1,2,0.0,1,2,2.0,4.0,1
0,501.0,105000.0,02,105000.0,105000.0,07,1.0,122,1.0,21.0,20,1.0,1.0,2,1,2.0,1,2.0,3.0,1000,0.0,3.0,3.0,0,45.0,2.0,1,2.0,0,2000.0,52.0,1,38,999,1.0,0.0,0.0,0.0,0.0,5.0,300,1.0,1,2,0.0,1,2,3.0,4.0,1
0,424.0,84000.0,17,84000.0,84000.0,74,1.0,416,1.0,24.0,20,1.0,1.0,2,1,2.0,1,2.0,3.0,1000,0.0,3.0,3.0,0,40.0,2.0,1,2.0,0,2003.0,52.0,1,212,999,4.0,0.0,0.0,0.0,0.0,5.0,500,3.0,1,2,0.0,4,2,3.0,4.0,1
0,424.0,16000.0,96,16000.0,16000.0,53,1.0,416,1.0,19.0,21,1.0,1.0,2,1,2.0,1,2.0,3.0,1000,0.0,3.0,3.0,0,20.0,2.0,1,2.0,0,2003.0,52.0,1,212,999,1.0,0.0,0.0,0.0,0.0,5.0,500,3.0,1,2,0.0,4,2,3.0,4.0,1
0,406.0,72000.0,91,72000.0,72000.0,63,1.0,82,1.0,16.0,20,4.0,1.0,2,3,2.0,1,2.0,3.0,1000,0.0,3.0,3.0,2,43.0,2.0,1,2.0,0,1998.0,52.0,1,38,999,1.0,0.0,0.0,0.0,0.0,5.0,200,1.0,1,2,0.0,1,2,3.0,4.0,1
0,406.0,10000.0,25,10000.0,10000.0,78,1.0,82,1.0,16.0,26,6.0,1.0,2,5,2.0,1,2.0,3.0,1000,0.0,3.0,3.0,0,10.0,2.0,1,2.0,0,1995.0,30.0,1,38,999,3.0,0.0,0.0,0.0,0.0,5.0,200,1.0,1,2,0.0,1,2,3.0,4.0,1
0,431.0,27800.0,42,0.0,0.0,69,6.0,32,3.0,16.0,20,1.0,2.0,2,1,2.0,1,2.0,2.0,1000,0.0,2.0,2.0,0,40.0,2.0,1,2.0,0,1985.0,52.0,1,38,999,1.0,0.0,27800.0,0.0,0.0,1.0,300,1.0,1,2,0.0,1,2,3.0,4.0,1
0,431.0,60000.0,42,0.0,0.0,69,6.0,32,3.0,20.0,21,1.0,2.0,2,1,2.0,1,2.0,2.0,1000,0.0,2.0,2.0,0,40.0,2.0,1,2.0,0,1985.0,52.0,1,38,999,1.0,0.0,60000.0,0.0,0.0,1.0,300,1.0,1,2,0.0,1,2,3.0,4.0,1
0,501.0,76000.0,01,76000.0,76000.0,86,1.0,32,1.0,21.0,20,1.0,1.0,2,1,2.0,1,2.0,3.0,1000,0.0,3.0,3.0,0,40.0,2.0,1,2.0,0,2020.0,52.0,1,38,999,7.0,0.0,0.0,0.0,0.0,5.0,600,1.0,1,2,0.0,1,2,3.0,4.0,1
0,501.0,120000.0,02,120000.0,120000.0,07,1.0,32,1.0,20.0,21,1.0,1.0,2,1,2.0,1,2.0,3.0,1000,0.0,3.0,3.0,0,50.0,2.0,1,2.0,0,2020.0,52.0,1,38,26,7.0,0.0,0.0,0.0,0.0,5.0,600,1.0,2,2,0.0,1,2,3.0,4.0,1
0,365.0,27000.0,47,15000.0,15000.0,49,1.0,32,1.0,20.0,20,1.0,1.0,2,1,2.0,1,2.0,3.0,1000,0.0,3.0,3.0,0,23.0,2.0,1,2.0,0,1996.0,52.0,1,38,999,1.0,12000.0,0.0,0.0,0.0,5.0,600,1.0,1,2,0.0,1,2,3.0,4.0,1
0,365.0,40000.0,91,40000.0,40000.0,61,6.0,82,1.0,16.0,21,1.0,2.0,2,1,2.0,1,2.0,2.0,1000,0.0,2.0,2.0,0,40.0,2.0,1,2.0,0,1996.0,26.0,1,38,32,1.0,0.0,0.0,0.0,0.0,5.0,600,1.0,2,2,0.0,1,2,3.0,4.0,1
0,501.0,96000.0,21,96000.0,96000.0,72,1.0,32,1.0,23.0,20,6.0,1.0,2,5,2.0,1,2.0,3.0,1000,0.0,3.0,3.0,0,40.0,2.0,1,2.0,0,1995.0,52.0,1,27,999,1.0,0.0,0.0,0.0,0.0,5.0,600,1.0,1,2,0.0,1,2,3.0,4.0,1
0,501.0,65000.0,32,65000.0,65000.0,81,1.0,32,1.0,21.0,28,6.0,1.0,2,5,2.0,1,2.0,3.0,1000,0.0,3.0,3.0,0,40.0,2.0,1,2.0,0,1995.0,52.0,1,27,999,1.0,0.0,0.0,0.0,0.0,5.0,600,1.0,1,2,0.0,1,2,3.0,4.0,1
0,501.0,90000.0,48,90000.0,90000.0,69,1.0,50,1.0,21.0,34,6.0,1.0,2,5,2.0,1,2.0,3.0,1000,0.0,3.0,3.0,0,40.0,2.0,1,2.0,0,1995.0,52.0,1,30,999,1.0,0.0,0.0,0.0,0.0,5.0,600,1.0,1,2,0.0,1,2,3.0,4.0,1
0,446.0,56000.0,32,56000.0,56000.0,69,1.0,32,1.0,20.0,20,1.0,1.0,2,1,2.0,1,2.0,3.0,1000,0.0,3.0,3.0,0,40.0,2.0,1,2.0,0,2018.0,52.0,1,38,999,1.0,0.0,0.0,0.0,0.0,5.0,300,1.0,1,2,0.0,1,2,3.0,4.0,1
0,446.0,80000.0,92,80000.0,80000.0,60,1.0,32,1.0,19.0,21,1.0,1.0,2,1,2.0,1,2.0,3.0,1000,0.0,3.0,3.0,0,40.0,2.0,1,2.0,0,2018.0,52.0,1,38,82,1.0,0.0,0.0,0.0,0.0,5.0,300,1.0,2,2,0.0,1,2,3.0,4.0,1
0,501.0,100000.0,15,100000.0,100000.0,05,1.0,999,1.0,21.0,20,6.0,1.0,2,5,2.0,1,2.0,3.0,1000,0.0,3.0,3.0,0,40.0,2.0,1,2.0,0,1995.0,52.0,1,38,999,1.0,0.0,0.0,0.0,0.0,5.0,300,1.0,4,2,0.0,1,2,3.0,4.0,1
0,255.0,30000.0,90,30000.0,30000.0,56,1.0,917,1.0,19.0,20,1.0,1.0,2,1,2.0,3,2.0,3.0,5013,0.0,3.0,3.0,0,80.0,2.0,3,2.0,1,2000.0,52.0,0,38,999,3.0,0.0,0.0,0.0,0.0,5.0,500,1.0,1,2,0.0,1,2,3.0,4.0,1
0,255.0,20000.0,63,20000.0,20000.0,07,1.0,917,1.0,16.0,21,1.0,1.0,2,1,2.0,3,2.0,3.0,5013,0.0,3.0,3.0,0,40.0,2.0,3,2.0,1,2000.0,52.0,0,38,999,3.0,0.0,0.0,0.0,0.0,5.0,500,1.0,1,2,0.0,1,2,3.0,4.0,1
0,478.0,75000.0,08,75000.0,75000.0,61,1.0,98,1.0,21.0,20,6.0,1.0,2,5,2.0,1,2.0,3.0,1000,0.0,3.0,3.0,0,40.0,2.0,1,2.0,0,1995.0,52.0,1,27,999,1.0,0.0,0.0,0.0,0.0,5.0,600,3.0,1,2,0.0,1,2,3.0,4.0,1
0,382.0,60000.0,18,60000.0,60000.0,80,1.0,210,1.0,24.0,22,6.0,1.0,2,5,2.0,29,2.0,3.0,9000,0.0,3.0,3.0,0,40.0,2.0,9,2.0,0,1995.0,52.0,1,48,32,1.0,0.0,0.0,0.0,0.0,5.0,600,3.0,2,2,0.0,1,2,3.0,4.0,2
0,501.0,27000.0,32,27000.0,27000.0,80,1.0,82,1.0,20.0,20,1.0,1.0,2,1,2.0,1,2.0,3.0,1000,0.0,3.0,3.0,0,40.0,2.0,1,2.0,0,2016.0,52.0,1,27,32,1.0,0.0,0.0,0.0,0.0,5.0,600,1.0,2,2,0.0,1,2,3.0,4.0,1
0,501.0,78000.0,62,78000.0,78000.0,07,1.0,32,1.0,15.0,21,1.0,1.0,2,1,2.0,1,2.0,3.0,1000,0.0,3.0,3.0,0,80.0,2.0,1,2.0,0,2016.0,30.0,1,27,148,2.0,0.0,0.0,0.0,0.0,5.0,600,1.0,2,2,0.0,1,2,3.0,4.0,1
0,323.0,50000.0,42,0.0,0.0,69,6.0,82,3.0,16.0,20,6.0,2.0,2,5,2.0,1,2.0,2.0,1000,0.0,2.0,2.0,2,40.0,2.0,1,2.0,0,1995.0,52.0,1,38,999,1.0,0.0,46000.0,0.0,0.0,5.0,200,1.0,1,2,4000.0,1,2,3.0,4.0,1
0,501.0,140000.0,05,140000.0,140000.0,68,1.0,82,1.0,20.0,20,1.0,1.0,2,1,2.0,1,2.0,3.0,1000,0.0,3.0,3.0,0,50.0,2.0,1,2.0,0,2018.0,52.0,1,38,49,1.0,0.0,0.0,0.0,0.0,5.0,500,1.0,2,2,0.0,1,2,3.0,4.0,1
0,501.0,110000.0,04,110000.0,110000.0,95,1.0,50,1.0,16.0,21,1.0,1.0,2,1,2.0,1,2.0,3.0,1000,0.0,3.0,3.0,0,40.0,2.0,1,2.0,0,2018.0,52.0,1,38,999,5.0,0.0,0.0,0.0,0.0,5.0,500,1.0,1,2,0.0,1,2,3.0,4.0,1
0,311.0,31300.0,54,31300.0,31300.0,40,1.0,32,1.0,16.0,20,1.0,1.0,2,1,2.0,1,2.0,3.0,1000,0.0,3.0,3.0,0,40.0,2.0,1,2.0,0,1991.0,52.0,1,38,999,1.0,0.0,0.0,0.0,0.0,5.0,400,1.0,1,2,0.0,1,2,3.0,4.0,1
0,311.0,42400.0,67,42400.0,42400.0,07,1.0,32,1.0,16.0,21,1.0,1.0,2,1,2.0,1,2.0,3.0,1000,0.0,3.0,3.0,0,40.0,2.0,1,2.0,0,1991.0,52.0,1,38,999,3.0,0.0,0.0,0.0,0.0,5.0,400,1.0,1,2,0.0,1,2,3.0,4.0,1
0,285.0,75000.0,98,75000.0,75000.0,96,4.0,50,1.0,20.0,20,1.0,1.0,2,1,2.0,1,2.0,3.0,1000,0.0,3.0,3.0,0,50.0,2.0,1,2.0,0,2010.0,49.0,1,39,22,5.0,0.0,0.0,0.0,0.0,5.0,200,1.0,2,2,0.0,1,2,3.0,1.0,1
0,285.0,11000.0,25,11000.0,11000.0,78,1.0,50,1.0,20.0,21,1.0,1.0,2,1,2.0,1,2.0,3.0,1000,0.0,3.0,3.0,0,15.0,2.0,1,2.0,0,2010.0,40.0,1,12,51,3.0,0.0,0.0,0.0,0.0,5.0,200,1.0,2,2,0.0,1,2,3.0,4.0,1
0,218.0,34000.0,91,34000.0,34000.0,30,1.0,88,1.0,19.0,20,6.0,1.0,2,5,2.0,1,2.0,3.0,1000,0.0,3.0,3.0,0,50.0,2.0,1,2.0,0,1995.0,52.0,1,26,22,1.0,0.0,0.0,0.0,0.0,5.0,400,1.0,2,2,0.0,1,2,3.0,4.0,1
0,359.0,55000.0,67,55000.0,55000.0,06,1.0,999,1.0,21.0,20,6.0,1.0,2,5,2.0,29,2.0,3.0,9000,0.0,3.0,3.0,1,40.0,2.0,9,2.0,0,1995.0,52.0,1,30,999,3.0,0.0,0.0,0.0,0.0,5.0,200,1.0,4,2,0.0,1,2,3.0,4.0,1
0,210.0,33300.0,04,33300.0,40000.0,77,1.0,32,1.0,19.0,20,6.0,1.0,2,5,2.0,1,2.0,3.0,1000,0.0,3.0,3.0,0,40.0,2.0,1,2.0,0,1995.0,52.0,1,38,89,1.0,0.0,0.0,0.0,0.0,5.0,600,1.0,2,2,0.0,1,2,3.0,4.0,1
0,316.0,50000.0,06,50000.0,50000.0,22,1.0,999,1.0,19.0,22,6.0,1.0,2,5,2.0,1,2.0,3.0,1000,0.0,3.0,3.0,0,40.0,2.0,1,2.0,0,1995.0,52.0,1,18,999,1.0,0.0,0.0,0.0,0.0,5.0,600,1.0,4,2,0.0,1,2,3.0,4.0,1
0,12.0,2000.0,42,2000.0,2000.0,46,1.0,999,1.0,16.0,34,6.0,1.0,2,5,2.0,1,2.0,3.0,1000,0.0,3.0,3.0,2,3.0,2.0,1,2.0,0,1995.0,52.0,1,27,999,1.0,0.0,0.0,0.0,0.0,5.0,600,1.0,4,2,0.0,1,2,3.0,4.0,1
0,501.0,110000.0,22,110000.0,110000.0,78,1.0,999,1.0,21.0,34,2.0,1.0,2,1,2.0,17,2.0,3.0,9000,0.0,3.0,3.0,2,40.0,2.0,9,2.0,1,2021.0,52.0,1,48,999,4.0,0.0,0.0,0.0,0.0,5.0,600,1.0,4,2,0.0,1,2,3.0,4.0,4
0,501.0,105000.0,48,100000.0,60000.0,40,1.0,82,1.0,21.0,20,1.0,1.0,2,1,2.0,1,2.0,3.0,1000,0.0,3.0,3.0,0,40.0,2.0,1,2.0,0,2017.0,52.0,1,38,89,1.0,0.0,0.0,0.0,0.0,5.0,200,1.0,2,2,5000.0,1,2,3.0,4.0,1
0,501.0,70000.0,53,70000.0,70000.0,68,1.0,210,1.0,22.0,21,1.0,1.0,2,1,2.0,29,2.0,3.0,9000,0.0,3.0,3.0,0,40.0,2.0,9,2.0,0,2017.0,52.0,1,6,51,1.0,0.0,0.0,0.0,0.0,5.0,200,1.0,2,2,0.0,1,2,3.0,4.0,2
0,239.0,37800.0,36,14300.0,14300.0,81,1.0,51,1.0,20.0,20,6.0,1.0,1,5,1.0,1,2.0,3.0,1000,23500.0,3.0,3.0,2,22.0,2.0,1,2.0,0,1995.0,35.0,1,38,931,1.0,0.0,0.0,0.0,0.0,5.0,600,1.0,2,2,0.0,1,2,3.0,4.0,1
0,370.0,150000.0,60,150000.0,150000.0,01,1.0,999,1.0,21.0,20,1.0,1.0,2,1,2.0,1,2.0,3.0,1000,0.0,3.0,3.0,0,50.0,2.0,1,2.0,0,2004.0,52.0,1,27,999,1.0,0.0,0.0,0.0,0.0,5.0,400,1.0,4,2,0.0,1,2,3.0,4.0,1
0,370.0,0.0,42,0.0,0.0,69,6.0,999,3.0,21.0,21,1.0,2.0,2,1,2.0,1,2.0,2.0,1000,0.0,2.0,2.0,0,40.0,2.0,1,2.0,0,2004.0,52.0,1,27,999,1.0,0.0,0.0,0.0,0.0,5.0,400,1.0,4,2,0.0,1,2,3.0,4.0,1
0,501.0,62000.0,23,62000.0,62000.0,78,1.0,32,1.0,24.0,20,1.0,1.0,2,1,2.0,1,2.0,3.0,1000,0.0,3.0,3.0,0,40.0,2.0,1,2.0,0,2001.0,52.0,1,38,999,3.0,0.0,0.0,0.0,0.0,5.0,600,1.0,1,2,0.0,1,2,3.0,4.0,1
0,501.0,70000.0,10,70000.0,70000.0,66,1.0,89,1.0,19.0,21,1.0,1.0,2,1,2.0,1,2.0,3.0,1000,0.0,3.0,3.0,0,40.0,2.0,1,2.0,0,2001.0,52.0,1,12,999,1.0,0.0,0.0,0.0,0.0,5.0,600,1.0,1,2,0.0,1,2,3.0,4.0,1
0,472.0,72000.0,16,72000.0,72000.0,95,1.0,51,1.0,21.0,20,1.0,1.0,2,1,2.0,1,2.0,3.0,1000,0.0,3.0,3.0,0,40.0,2.0,1,2.0,0,2014.0,52.0,1,27,32,5.0,0.0,0.0,0.0,0.0,5.0,400,1.0,2,2,0.0,1,2,3.0,4.0,1
0,472.0,70000.0,32,70000.0,70000.0,94,1.0,32,1.0,20.0,21,1.0,1.0,2,1,2.0,1,2.0,3.0,1000,0.0,3.0,3.0,0,40.0,2.0,1,2.0,0,2014.0,52.0,1,38,82,4.0,0.0,0.0,0.0,0.0,5.0,400,1.0,2,2,0.0,1,2,3.0,4.0,1
1,129.0,26000.0,55,26000.0,26000.0,83,1.0,32,1.0,18.0,20,1.0,1.0,2,1,2.0,1,2.0,3.0,1000,0.0,3.0,3.0,0,40.0,2.0,1,2.0,0,2017.0,52.0,1,38,999,2.0,0.0,0.0,0.0,0.0,5.0,400,1.0,1,2,0.0,1,2,3.0,4.0,1
1,129.0,0.0,40,0.0,0.0,85,6.0,917,2.0,19.0,21,1.0,2.0,2,1,2.0,3,2.0,2.0,5013,0.0,2.0,2.0,0,40.0,2.0,3,2.0,1,2017.0,52.0,0,38,999,2.0,0.0,0.0,0.0,0.0,5.0,400,1.0,1,2,0.0,1,2,3.0,4.0,1
0,396.0,80000.0,02,80000.0,0.0,01,1.0,82,1.0,21.0,20,1.0,1.0,2,1,2.0,1,2.0,3.0,1000,0.0,3.0,3.0,1,60.0,2.0,1,2.0,0,1984.0,52.0,1,38,999,6.0,0.0,0.0,0.0,0.0,5.0,500,1.0,1,2,0.0,1,2,3.0,4.0,1
0,396.0,0.0,42,0.0,0.0,69,6.0,82,3.0,21.0,21,1.0,2.0,2,1,2.0,1,2.0,2.0,1000,0.0,2.0,2.0,2,40.0,2.0,1,2.0,0,1984.0,52.0,1,38,999,1.0,0.0,0.0,0.0,0.0,5.0,500,1.0,1,2,0.0,1,2,3.0,4.0,1
0,423.0,86000.0,81,86000.0,86000.0,10,1.0,939,1.0,17.0,20,6.0,1.0,2,5,2.0,1,2.0,3.0,1000,0.0,3.0,3.0,0,40.0,2.0,1,2.0,0,1995.0,52.0,1,27,999,1.0,0.0,0.0,0.0,0.0,5.0,500,1.0,1,2,0.0,1,2,3.0,4.0,1
1,101.0,16000.0,46,16000.0,16000.0,84,1.0,939,1.0,16.0,22,6.0,1.0,2,5,2.0,1,2.0,3.0,1000,0.0,3.0,3.0,0,40.0,2.0,1,2.0,0,1995.0,52.0,1,27,999,2.0,0.0,0.0,0.0,0.0,5.0,500,1.0,1,2,0.0,1,2,3.0,4.0,1
0,423.0,17000.0,81,17000.0,17000.0,28,1.0,939,1.0,18.0,25,6.0,1.0,2,5,2.0,1,2.0,2.0,1000,0.0,2.0,2.0,0,40.0,2.0,1,2.0,0,1995.0,52.0,1,38,999,1.0,0.0,0.0,0.0,0.0,5.0,500,1.0,1,2,0.0,1,2,2.0,4.0,1
0,501.0,52930.0,47,52000.0,52000.0,48,1.0,22,1.0,20.0,20,1.0,1.0,2,1,2.0,1,2.0,3.0,1000,0.0,3.0,3.0,0,55.0,2.0,1,2.0,0,2012.0,52.0,1,38,999,1.0,0.0,0.0,0.0,0.0,5.0,100,1.0,1,2,930.0,1,2,3.0,4.0,1
0,501.0,61860.0,52,61860.0,61000.0,93,1.0,999,1.0,18.0,21,1.0,1.0,2,1,2.0,1,2.0,3.0,1000,0.0,3.0,3.0,0,40.0,2.0,1,2.0,0,2012.0,52.0,1,38,999,4.0,0.0,0.0,0.0,0.0,5.0,100,1.0,4,2,0.0,1,2,3.0,4.0,1
0,282.0,14400.0,04,14400.0,14400.0,73,1.0,999,1.0,17.0,20,1.0,1.0,2,1,2.0,1,2.0,3.0,1000,0.0,3.0,3.0,0,40.0,2.0,1,2.0,0,2021.0,52.0,1,38,999,1.0,0.0,0.0,0.0,0.0,5.0,200,1.0,4,2,0.0,1,2,3.0,4.0,1
0,282.0,42000.0,23,42000.0,42000.0,78,1.0,999,1.0,21.0,21,1.0,1.0,2,1,2.0,1,2.0,3.0,1000,0.0,3.0,3.0,0,45.0,2.0,1,2.0,0,2021.0,52.0,1,38,999,3.0,0.0,0.0,0.0,0.0,5.0,200,1.0,4,2,0.0,1,2,3.0,4.0,1
0,392.0,60000.0,64,60000.0,60000.0,07,1.0,920,1.0,16.0,20,5.0,1.0,2,4,2.0,3,2.0,2.0,5013,0.0,2.0,2.0,0,45.0,2.0,3,2.0,1,2013.0,52.0,0,38,999,1.0,0.0,0.0,0.0,0.0,1.0,100,1.0,1,2,0.0,1,2,2.0,4.0,1
0,101.0,15900.0,42,0.0,0.0,69,6.0,82,3.0,18.0,20,6.0,2.0,1,5,1.0,1,1.0,2.0,1000,0.0,2.0,2.0,2,40.0,1.0,1,1.0,0,1995.0,52.0,1,38,939,1.0,0.0,15900.0,0.0,0.0,5.0,100,1.0,2,2,0.0,1,2,3.0,4.0,1
0,419.0,60000.0,13,60000.0,60000.0,07,1.0,939,1.0,21.0,21,1.0,1.0,2,1,2.0,1,2.0,3.0,1000,0.0,3.0,3.0,0,40.0,2.0,1,2.0,0,1987.0,52.0,1,30,999,1.0,0.0,0.0,0.0,0.0,5.0,300,1.0,1,2,0.0,1,2,3.0,4.0,1
0,489.0,85600.0,51,76000.0,76000.0,95,1.0,32,1.0,19.0,20,1.0,1.0,1,1,2.0,1,2.0,3.0,1000,0.0,3.0,3.0,0,40.0,2.0,1,2.0,0,1993.0,52.0,1,27,999,5.0,0.0,0.0,9600.0,0.0,5.0,300,1.0,1,2,0.0,1,1,3.0,2.0,1
0,489.0,3000.0,46,3000.0,0.0,84,6.0,82,1.0,21.0,21,1.0,2.0,1,1,2.0,1,2.0,2.0,1000,0.0,2.0,2.0,0,40.0,1.0,1,2.0,0,1993.0,10.0,1,27,999,6.0,0.0,0.0,0.0,0.0,5.0,300,1.0,1,2,0.0,1,2,3.0,4.0,1
0,489.0,26000.0,46,26000.0,26000.0,83,1.0,82,1.0,21.0,25,6.0,1.0,2,5,2.0,1,2.0,3.0,1000,0.0,3.0,3.0,0,32.0,2.0,1,2.0,0,1995.0,52.0,1,38,999,2.0,0.0,0.0,0.0,0.0,5.0,300,1.0,1,2,0.0,1,2,3.0,4.0,1
0,492.0,89000.0,10,89000.0,89000.0,35,1.0,32,1.0,19.0,20,1.0,1.0,2,1,2.0,1,2.0,3.0,1000,0.0,3.0,3.0,0,40.0,2.0,1,2.0,0,2010.0,52.0,1,38,50,1.0,0.0,0.0,0.0,0.0,5.0,400,3.0,2,2,0.0,1,2,3.0,4.0,1
0,492.0,58000.0,06,58000.0,58000.0,83,1.0,82,1.0,20.0,21,1.0,1.0,2,1,2.0,1,2.0,3.0,1000,0.0,3.0,3.0,0,45.0,2.0,1,2.0,0,2010.0,52.0,1,38,32,2.0,0.0,0.0,0.0,0.0,5.0,400,3.0,2,2,0.0,1,2,3.0,4.0,1
0,501.0,78000.0,46,78000.0,78000.0,84,1.0,32,1.0,20.0,20,1.0,1.0,2,1,2.0,1,2.0,3.0,1000,0.0,3.0,3.0,1,60.0,2.0,1,2.0,0,2021.0,52.0,1,27,999,1.0,0.0,0.0,0.0,0.0,5.0,600,1.0,1,2,0.0,1,2,3.0,4.0,1
0,501.0,70000.0,67,70000.0,70000.0,07,1.0,32,1.0,19.0,21,1.0,1.0,2,1,2.0,1,2.0,3.0,1000,0.0,3.0,3.0,0,52.0,2.0,1,2.0,0,2021.0,52.0,1,38,999,3.0,0.0,0.0,0.0,0.0,5.0,600,1.0,1,2,0.0,1,2,3.0,4.0,1
0,341.0,70000.0,02,70000.0,70000.0,02,1.0,924,1.0,19.0,20,1.0,1.0,2,1,2.0,1,2.0,3.0,1000,0.0,3.0,3.0,0,60.0,2.0,1,2.0,0,2007.0,52.0,1,38,999,7.0,0.0,0.0,0.0,0.0,5.0,400,1.0,1,2,0.0,1,2,3.0,4.0,1
0,341.0,33000.0,58,28000.0,28000.0,69,1.0,924,1.0,19.0,21,1.0,1.0,2,1,2.0,1,2.0,3.0,1000,0.0,3.0,3.0,0,39.0,2.0,1,2.0,0,2007.0,52.0,1,38,999,1.0,0.0,0.0,0.0,0.0,5.0,400,1.0,1,2,5000.0,1,2,3.0,4.0,1
0,501.0,116120.0,05,116000.0,116000.0,01,1.0,142,1.0,18.0,20,4.0,1.0,2,3,2.0,1,2.0,3.0,1000,0.0,3.0,3.0,0,45.0,2.0,1,2.0,0,1981.0,52.0,1,27,89,1.0,0.0,0.0,0.0,0.0,5.0,500,3.0,2,2,120.0,1,2,3.0,4.0,1
0,328.0,50000.0,10,50000.0,50000.0,44,1.0,82,1.0,20.0,20,6.0,1.0,2,5,2.0,1,2.0,3.0,1000,0.0,3.0,3.0,0,40.0,2.0,1,2.0,0,1995.0,52.0,1,38,32,1.0,0.0,0.0,0.0,0.0,5.0,600,3.0,2,2,0.0,1,2,3.0,4.0,1
0,273.0,80000.0,62,80000.0,0.0,07,1.0,82,1.0,20.0,20,1.0,1.0,2,1,2.0,1,2.0,3.0,1000,0.0,3.0,3.0,0,40.0,2.0,1,2.0,0,2005.0,52.0,1,38,148,6.0,0.0,0.0,0.0,0.0,5.0,200,1.0,2,2,0.0,1,2,3.0,4.0,1
0,273.0,14000.0,50,14000.0,14000.0,81,1.0,82,1.0,19.0,21,1.0,1.0,2,1,2.0,17,2.0,2.0,9000,0.0,2.0,2.0,0,40.0,2.0,9,2.0,1,2005.0,52.0,1,38,935,2.0,0.0,0.0,0.0,0.0,5.0,200,1.0,2,2,0.0,1,2,3.0,4.0,1
0,381.0,60000.0,23,60000.0,60000.0,78,1.0,32,1.0,22.0,20,4.0,1.0,2,3,2.0,1,2.0,3.0,1000,0.0,3.0,3.0,0,50.0,2.0,1,2.0,0,1998.0,52.0,1,38,94,3.0,0.0,0.0,0.0,0.0,5.0,400,1.0,2,2,0.0,1,2,3.0,4.0,1
0,501.0,72000.0,55,72000.0,72000.0,63,1.0,50,1.0,16.0,25,1.0,1.0,1,1,2.0,1,2.0,3.0,1000,0.0,3.0,3.0,0,36.0,2.0,1,2.0,0,2018.0,52.0,1,6,32,5.0,0.0,0.0,0.0,0.0,5.0,200,1.0,2,2,0.0,1,1,3.0,4.0,1
0,501.0,38000.0,81,38000.0,38000.0,30,1.0,32,1.0,19.0,32,1.0,1.0,1,1,2.0,1,2.0,3.0,1000,0.0,3.0,3.0,0,40.0,2.0,1,2.0,0,2018.0,52.0,1,38,999,1.0,0.0,0.0,0.0,0.0,5.0,200,1.0,1,2,0.0,1,1,3.0,4.0,1
0,501.0,0.0,42,0.0,0.0,69,6.0,91,3.0,21.0,21,1.0,2.0,2,1,2.0,1,2.0,2.0,1000,0.0,2.0,2.0,0,40.0,2.0,1,2.0,0,1986.0,52.0,1,46,32,1.0,0.0,0.0,0.0,0.0,5.0,100,1.0,2,2,0.0,1,2,3.0,4.0,1
0,7.0,1200.0,02,1000.0,0.0,01,1.0,32,1.0,16.0,20,4.0,1.0,2,3,2.0,1,2.0,2.0,1000,0.0,2.0,2.0,0,8.0,2.0,1,2.0,0,1994.0,45.0,1,46,999,6.0,0.0,0.0,0.0,0.0,5.0,300,2.0,1,2,200.0,1,2,3.0,4.0,1
0,260.0,7000.0,91,0.0,0.0,07,6.0,939,2.0,19.0,20,1.0,2.0,2,1,2.0,1,2.0,2.0,1000,0.0,2.0,2.0,0,40.0,2.0,1,2.0,0,1978.0,52.0,1,38,999,7.0,7000.0,0.0,0.0,0.0,5.0,400,1.0,1,2,0.0,1,2,3.0,4.0,1
0,260.0,45000.0,36,45000.0,45000.0,83,1.0,939,1.0,16.0,21,1.0,1.0,2,1,2.0,1,2.0,3.0,1000,0.0,3.0,3.0,0,37.0,2.0,1,2.0,0,1978.0,52.0,1,38,999,2.0,0.0,0.0,0.0,0.0,5.0,400,1.0,1,2,0.0,1,2,3.0,4.0,1
0,380.0,15000.0,57,15000.0,15000.0,07,6.0,32,1.0,18.0,20,1.0,2.0,2,1,2.0,1,2.0,2.0,1000,0.0,2.0,2.0,1,20.0,2.0,1,2.0,0,1996.0,40.0,1,38,999,7.0,0.0,0.0,0.0,0.0,5.0,400,1.0,1,2,0.0,1,2,3.0,4.0,1
0,380.0,100000.0,62,100000.0,100000.0,07,6.0,32,1.0,16.0,21,1.0,2.0,2,1,2.0,1,2.0,2.0,1000,0.0,2.0,2.0,1,50.0,2.0,1,2.0,0,1996.0,38.0,1,38,999,7.0,0.0,0.0,0.0,0.0,5.0,400,1.0,1,2,0.0,1,2,3.0,4.0,1
0,380.0,22000.0,62,22000.0,22000.0,07,6.0,32,1.0,19.0,25,6.0,2.0,2,5,2.0,1,2.0,2.0,1000,0.0,2.0,2.0,1,30.0,2.0,1,2.0,0,1995.0,32.0,1,38,999,1.0,0.0,0.0,0.0,0.0,5.0,400,1.0,1,2,0.0,1,2,3.0,4.0,1
0,71.0,10900.0,32,12000.0,12000.0,81,1.0,999,1.0,19.0,20,6.0,1.0,2,5,2.0,1,2.0,3.0,1000,0.0,3.0,3.0,1,15.0,2.0,1,2.0,0,1995.0,52.0,1,38,999,1.0,0.0,0.0,0.0,0.0,5.0,500,3.0,4,2,-1100.0,1,2,3.0,4.0,1
1,178.0,15000.0,36,15000.0,15000.0,81,1.0,939,1.0,16.0,20,1.0,1.0,2,1,2.0,1,2.0,3.0,1000,0.0,3.0,3.0,0,35.0,2.0,1,2.0,0,2023.0,35.0,1,12,999,5.0,0.0,0.0,0.0,0.0,5.0,300,3.0,1,2,0.0,1,2,3.0,4.0,1
0,178.0,40000.0,88,40000.0,40000.0,06,1.0,939,1.0,20.0,21,1.0,1.0,2,1,2.0,1,2.0,3.0,1000,0.0,3.0,3.0,0,40.0,2.0,1,2.0,0,2023.0,52.0,1,38,999,2.0,0.0,0.0,0.0,0.0,5.0,300,3.0,1,2,0.0,1,2,3.0,4.0,1
0,501.0,98000.0,32,98000.0,98000.0,81,1.0,32,1.0,21.0,20,4.0,1.0,2,3,2.0,1,2.0,3.0,1000,0.0,3.0,3.0,0,40.0,2.0,1,2.0,0,1998.0,52.0,1,46,82,2.0,0.0,0.0,0.0,0.0,5.0,200,1.0,2,2,0.0,1,2,3.0,4.0,1
0,501.0,100000.0,70,100000.0,100000.0,66,1.0,32,1.0,19.0,22,4.0,1.0,2,3,2.0,1,2.0,3.0,1000,0.0,3.0,3.0,0,40.0,2.0,1,2.0,0,1998.0,52.0,1,38,82,1.0,0.0,0.0,0.0,0.0,5.0,200,1.0,2,2,0.0,1,2,3.0,4.0,1
0,501.0,55000.0,32,55000.0,55000.0,81,1.0,32,1.0,21.0,25,6.0,1.0,2,5,2.0,1,2.0,3.0,1000,0.0,3.0,3.0,0,40.0,2.0,1,2.0,0,1995.0,52.0,1,38,82,2.0,0.0,0.0,0.0,0.0,5.0,200,1.0,2,2,0.0,1,2,3.0,4.0,1
0,119.0,24800.0,33,24800.0,24800.0,81,1.0,999,1.0,20.0,20,4.0,1.0,2,3,2.0,1,2.0,3.0,1000,0.0,3.0,3.0,2,38.0,2.0,1,2.0,0,2009.0,52.0,1,38,999,1.0,0.0,0.0,0.0,0.0,5.0,300,1.0,4,2,0.0,1,2,3.0,4.0,1
0,501.0,145000.0,01,145000.0,140000.0,69,1.0,26,1.0,22.0,20,6.0,1.0,2,5,2.0,1,2.0,3.0,1000,0.0,3.0,3.0,0,55.0,2.0,1,2.0,0,1995.0,52.0,1,38,999,1.0,0.0,0.0,0.0,0.0,5.0,600,1.0,1,2,0.0,1,2,3.0,4.0,1
0,467.0,36600.0,40,36600.0,28800.0,86,1.0,999,1.0,16.0,20,1.0,1.0,2,1,2.0,1,2.0,3.0,1000,0.0,3.0,3.0,0,40.0,2.0,1,2.0,0,2021.0,52.0,1,55,999,1.0,0.0,0.0,0.0,0.0,5.0,400,1.0,4,2,0.0,1,2,3.0,4.0,1
0,467.0,75000.0,03,75000.0,75000.0,86,1.0,999,1.0,16.0,21,1.0,1.0,2,1,2.0,1,2.0,3.0,1000,0.0,3.0,3.0,0,40.0,2.0,1,2.0,0,2021.0,48.0,1,38,999,1.0,0.0,0.0,0.0,0.0,5.0,400,1.0,4,2,0.0,1,2,3.0,3.0,1
0,501.0,100000.0,68,100000.0,100000.0,03,1.0,32,1.0,16.0,20,1.0,1.0,2,1,2.0,1,2.0,3.0,1000,0.0,3.0,3.0,0,40.0,2.0,1,2.0,0,2016.0,52.0,1,38,999,1.0,0.0,0.0,0.0,0.0,5.0,300,1.0,1,2,0.0,1,2,3.0,4.0,1
0,501.0,50000.0,51,50000.0,50000.0,93,1.0,82,1.0,19.0,21,1.0,1.0,2,1,2.0,1,2.0,3.0,1000,0.0,3.0,3.0,0,40.0,2.0,1,2.0,0,2016.0,52.0,1,38,999,3.0,0.0,0.0,0.0,0.0,5.0,300,1.0,1,2,0.0,1,2,3.0,4.0,1
0,44.0,7000.0,40,7000.0,7000.0,86,2.0,32,1.0,19.0,20,6.0,2.0,2,5,2.0,1,2.0,3.0,1000,0.0,2.0,1.0,2,25.0,2.0,1,2.0,0,1995.0,40.0,1,38,999,1.0,0.0,0.0,0.0,0.0,5.0,600,3.0,1,2,0.0,1,2,3.0,4.0,1
1,152.0,24000.0,51,24000.0,24000.0,68,1.0,22,1.0,19.0,22,6.0,1.0,2,5,2.0,1,2.0,3.0,1000,0.0,3.0,3.0,0,30.0,2.0,1,2.0,0,1995.0,52.0,1,32,26,1.0,0.0,0.0,0.0,0.0,5.0,600,3.0,2,2,0.0,1,2,3.0,4.0,1
1,0.0,0.0,36,0.0,0.0,94,6.0,996,2.0,16.0,20,6.0,2.0,2,5,2.0,1,2.0,2.0,1000,0.0,2.0,2.0,0,40.0,2.0,1,2.0,0,1995.0,52.0,1,27,999,5.0,0.0,0.0,0.0,0.0,5.0,400,1.0,3,2,0.0,1,2,3.0,4.0,1
1,224.0,35000.0,62,35000.0,35000.0,07,1.0,996,1.0,17.0,22,6.0,1.0,2,5,2.0,1,2.0,3.0,1000,0.0,3.0,3.0,0,40.0,2.0,1,2.0,0,1995.0,30.0,1,27,999,1.0,0.0,0.0,0.0,0.0,5.0,400,1.0,3,2,0.0,1,2,3.0,4.0,1
0,404.0,79600.0,86,74000.0,74000.0,60,1.0,82,1.0,13.0,20,4.0,1.0,2,3,2.0,1,2.0,2.0,1000,0.0,2.0,2.0,0,40.0,2.0,1,2.0,0,1995.0,50.0,1,38,999,1.0,0.0,6700.0,0.0,0.0,5.0,100,1.0,1,2,-1100.0,1,2,3.0,4.0,1
0,404.0,0.0,42,0.0,0.0,69,6.0,999,3.0,21.0,25,6.0,1.0,2,5,2.0,1,2.0,3.0,1000,0.0,3.0,3.0,0,40.0,2.0,1,2.0,0,1995.0,52.0,1,38,999,1.0,0.0,0.0,0.0,0.0,5.0,100,1.0,4,2,0.0,1,2,3.0,4.0,1
0,501.0,125000.0,81,125000.0,125000.0,03,1.0,82,1.0,20.0,20,1.0,1.0,2,1,2.0,1,2.0,3.0,1000,0.0,3.0,3.0,0,45.0,2.0,1,2.0,0,2021.0,52.0,1,38,999,1.0,0.0,0.0,0.0,0.0,5.0,300,1.0,1,2,0.0,1,2,3.0,4.0,1
0,501.0,25000.0,40,25000.0,25000.0,78,1.0,142,1.0,20.0,21,1.0,1.0,2,1,2.0,1,2.0,3.0,1000,0.0,3.0,3.0,0,40.0,2.0,1,2.0,0,2021.0,52.0,1,27,999,1.0,0.0,0.0,0.0,0.0,5.0,300,1.0,1,2,0.0,1,2,3.0,4.0,1
0,410.0,85000.0,26,85000.0,85000.0,81,1.0,999,1.0,20.0,20,6.0,1.0,2,5,2.0,1,2.0,3.0,1000,0.0,3.0,3.0,0,40.0,2.0,1,2.0,0,1995.0,52.0,1,38,999,2.0,0.0,0.0,0.0,0.0,5.0,500,1.0,4,2,0.0,1,2,3.0,4.0,1
0,501.0,48000.0,50,48000.0,48000.0,74,1.0,82,1.0,19.0,20,1.0,1.0,2,1,2.0,1,2.0,3.0,1000,0.0,3.0,3.0,0,40.0,2.0,1,2.0,0,2008.0,52.0,1,38,999,1.0,0.0,0.0,0.0,0.0,5.0,400,1.0,1,2,0.0,1,2,3.0,4.0,1
0,501.0,73000.0,77,73000.0,73000.0,06,1.0,82,1.0,16.0,21,1.0,1.0,2,1,2.0,1,2.0,3.0,1000,0.0,3.0,3.0,0,40.0,2.0,1,2.0,0,2008.0,52.0,1,38,999,3.0,0.0,0.0,0.0,0.0,5.0,400,1.0,1,2,0.0,1,2,3.0,4.0,1
0,501.0,56000.0,23,56000.0,56000.0,78,1.0,999,1.0,21.0,20,1.0,1.0,2,1,2.0,1,2.0,3.0,1000,0.0,3.0,3.0,0,40.0,2.0,1,2.0,0,2005.0,52.0,1,38,999,2.0,0.0,0.0,0.0,0.0,5.0,100,3.0,4,2,0.0,1,2,3.0,4.0,1
0,501.0,125000.0,04,125000.0,125000.0,02,1.0,999,1.0,22.0,21,1.0,1.0,2,1,2.0,1,2.0,3.0,1000,0.0,3.0,3.0,0,40.0,2.0,1,2.0,0,2005.0,52.0,1,38,999,1.0,0.0,0.0,0.0,0.0,5.0,100,3.0,4,2,0.0,1,2,3.0,4.0,1
0,373.0,34000.0,58,34000.0,34000.0,44,1.0,122,1.0,19.0,25,4.0,1.0,2,3,2.0,1,2.0,2.0,1000,0.0,2.0,2.0,0,45.0,2.0,1,2.0,0,1990.0,52.0,1,38,999,1.0,0.0,0.0,0.0,0.0,5.0,100,3.0,1,2,0.0,1,2,2.0,4.0,1
0,294.0,45000.0,36,45000.0,45000.0,81,1.0,32,1.0,19.0,20,6.0,1.0,2,5,2.0,1,2.0,3.0,1000,0.0,3.0,3.0,0,38.0,2.0,1,2.0,0,1995.0,52.0,1,46,999,1.0,0.0,0.0,0.0,0.0,5.0,100,1.0,1,2,0.0,1,2,3.0,4.0,1
0,501.0,21000.0,60,21000.0,21000.0,01,1.0,20,1.0,18.0,21,1.0,1.0,2,1,2.0,1,2.0,3.0,1000,0.0,3.0,3.0,0,10.0,2.0,1,2.0,0,1980.0,52.0,1,38,999,1.0,0.0,0.0,0.0,0.0,5.0,200,1.0,1,2,0.0,1,2,3.0,4.0,1
0,314.0,45000.0,35,45000.0,45000.0,81,1.0,148,1.0,20.0,20,1.0,1.0,2,1,2.0,1,2.0,3.0,1000,0.0,3.0,3.0,0,40.0,2.0,1,2.0,0,2003.0,52.0,1,46,32,1.0,0.0,0.0,0.0,0.0,5.0,400,1.0,2,2,0.0,1,2,3.0,4.0,1
0,314.0,46600.0,96,45000.0,45000.0,39,1.0,999,1.0,16.0,21,1.0,1.0,2,1,2.0,1,2.0,3.0,1000,0.0,3.0,3.0,0,40.0,2.0,1,2.0,0,2003.0,52.0,1,17,999,1.0,0.0,0.0,1600.0,0.0,5.0,400,1.0,4,2,0.0,1,2,3.0,2.0,1
0,501.0,107400.0,47,107400.0,100000.0,48,1.0,32,1.0,16.0,20,1.0,1.0,2,1,2.0,1,2.0,3.0,1000,0.0,3.0,3.0,0,50.0,2.0,1,2.0,0,2006.0,52.0,1,38,999,1.0,0.0,0.0,0.0,0.0,5.0,500,1.0,1,2,0.0,1,2,3.0,4.0,1
0,501.0,45000.0,21,45000.0,45000.0,72,1.0,50,1.0,20.0,21,1.0,1.0,2,1,2.0,1,2.0,3.0,1000,0.0,3.0,3.0,0,40.0,2.0,1,2.0,0,2006.0,52.0,1,6,999,3.0,0.0,0.0,0.0,0.0,5.0,500,1.0,1,2,0.0,1,2,3.0,4.0,1
0,501.0,44200.0,02,44200.0,44200.0,01,1.0,82,1.0,19.0,20,1.0,1.0,2,1,2.0,1,2.0,3.0,1000,0.0,3.0,3.0,2,32.0,2.0,1,2.0,0,1989.0,52.0,1,27,999,7.0,0.0,0.0,0.0,0.0,5.0,400,1.0,1,2,0.0,1,2,3.0,4.0,1
0,501.0,16000.0,96,15400.0,15400.0,53,1.0,999,1.0,20.0,25,6.0,1.0,2,5,2.0,29,2.0,3.0,9000,0.0,3.0,3.0,2,24.0,2.0,9,2.0,0,1995.0,52.0,1,27,999,1.0,0.0,0.0,0.0,0.0,5.0,400,1.0,4,2,600.0,1,2,3.0,4.0,1
0,130.0,20000.0,90,20000.0,20000.0,50,1.0,122,1.0,20.0,20,6.0,1.0,2,5,2.0,1,2.0,3.0,1000,0.0,3.0,3.0,0,50.0,2.0,1,2.0,0,1995.0,52.0,1,38,999,1.0,0.0,0.0,0.0,0.0,5.0,500,1.0,1,2,0.0,1,2,3.0,4.0,1
0,213.0,45250.0,51,45000.0,45000.0,66,1.0,82,1.0,20.0,20,4.0,1.0,1,3,2.0,1,2.0,3.0,1000,0.0,3.0,3.0,0,40.0,2.0,1,2.0,0,2006.0,52.0,1,38,24,2.0,0.0,0.0,0.0,0.0,5.0,600,1.0,2,2,250.0,1,1,3.0,4.0,1
0,364.0,57000.0,52,57000.0,57000.0,57,1.0,999,1.0,20.0,20,4.0,1.0,2,3,2.0,1,2.0,3.0,1000,0.0,3.0,3.0,0,40.0,2.0,1,2.0,0,1980.0,52.0,1,27,999,1.0,0.0,0.0,0.0,0.0,5.0,600,1.0,4,2,0.0,1,2,3.0,4.0,1
0,261.0,50000.0,73,50000.0,50000.0,69,1.0,26,1.0,15.0,20,1.0,1.0,2,1,2.0,1,2.0,3.0,1000,0.0,3.0,3.0,0,40.0,2.0,1,2.0,0,2006.0,52.0,1,109,999,1.0,0.0,0.0,0.0,0.0,5.0,200,1.0,1,2,0.0,5,2,3.0,4.0,1
0,501.0,119800.0,20,117000.0,117000.0,81,1.0,917,1.0,22.0,20,1.0,1.0,2,1,2.0,3,2.0,3.0,5013,0.0,3.0,3.0,0,45.0,2.0,3,2.0,1,2009.0,52.0,0,38,999,5.0,0.0,1400.0,0.0,0.0,5.0,400,1.0,1,2,1400.0,1,2,3.0,4.0,1
0,501.0,58500.0,63,54000.0,54000.0,07,1.0,999,1.0,21.0,21,1.0,1.0,2,1,2.0,3,2.0,3.0,5013,0.0,3.0,3.0,0,40.0,2.0,3,2.0,1,2009.0,51.0,0,38,999,1.0,0.0,0.0,0.0,4500.0,5.0,400,1.0,4,2,0.0,1,2,3.0,4.0,1
0,501.0,4050.0,93,4000.0,4000.0,78,1.0,999,1.0,19.0,25,6.0,1.0,1,5,1.0,3,2.0,3.0,5013,0.0,3.0,3.0,0,10.0,2.0,3,2.0,1,1995.0,40.0,0,27,999,4.0,0.0,0.0,0.0,0.0,5.0,400,1.0,4,2,50.0,1,2,3.0,4.0,1
0,458.0,49000.0,02,49000.0,0.0,01,1.0,82,1.0,16.0,20,1.0,1.0,2,1,2.0,1,2.0,3.0,1000,0.0,3.0,3.0,0,50.0,2.0,1,2.0,0,2020.0,52.0,1,38,999,6.0,0.0,0.0,0.0,0.0,5.0,100,1.0,1,2,0.0,1,2,3.0,4.0,1
0,458.0,91000.0,51,91000.0,91000.0,68,1.0,82,1.0,21.0,21,1.0,1.0,2,1,2.0,1,2.0,3.0,1000,0.0,3.0,3.0,0,38.0,2.0,1,2.0,0,2020.0,52.0,1,38,999,1.0,0.0,0.0,0.0,0.0,5.0,100,1.0,1,2,0.0,1,2,3.0,4.0,1
0,203.0,31000.0,02,31000.0,30000.0,01,1.0,82,1.0,21.0,20,1.0,1.0,2,1,2.0,1,2.0,3.0,1000,0.0,3.0,3.0,2,40.0,2.0,1,2.0,0,1992.0,52.0,1,27,999,6.0,0.0,0.0,0.0,0.0,5.0,400,1.0,1,2,0.0,1,2,3.0,4.0,1
0,203.0,10000.0,02,10000.0,0.0,01,1.0,20,1.0,22.0,21,1.0,1.0,2,1,2.0,1,2.0,3.0,1000,0.0,3.0,3.0,2,40.0,2.0,1,2.0,0,1992.0,52.0,1,38,999,6.0,0.0,0.0,0.0,0.0,5.0,400,1.0,1,2,0.0,1,2,3.0,4.0,1
0,387.0,48500.0,21,48500.0,48500.0,72,1.0,917,1.0,20.0,20,1.0,1.0,2,1,2.0,3,2.0,3.0,5013,0.0,3.0,3.0,0,40.0,2.0,3,2.0,1,2021.0,52.0,0,38,999,5.0,0.0,0.0,0.0,0.0,5.0,400,1.0,1,2,0.0,1,2,3.0,4.0,1
0,387.0,50000.0,47,50000.0,50000.0,46,1.0,999,1.0,16.0,21,1.0,1.0,2,1,2.0,1,2.0,3.0,1000,0.0,3.0,3.0,0,40.0,2.0,1,2.0,0,2021.0,52.0,1,38,999,1.0,0.0,0.0,0.0,0.0,5.0,400,1.0,4,2,0.0,1,2,3.0,4.0,1
1,387.0,25000.0,40,25000.0,25000.0,86,6.0,917,1.0,13.0,30,6.0,2.0,2,5,2.0,3,2.0,2.0,5013,0.0,2.0,2.0,0,40.0,2.0,3,2.0,1,1995.0,52.0,0,38,999,1.0,0.0,0.0,0.0,0.0,5.0,400,1.0,1,2,0.0,1,2,3.0,4.0,1
0,430.0,52000.0,36,52000.0,52000.0,82,1.0,32,1.0,19.0,20,1.0,1.0,2,1,2.0,1,2.0,3.0,1000,0.0,3.0,3.0,0,40.0,2.0,1,2.0,0,2001.0,52.0,1,39,22,2.0,0.0,0.0,0.0,0.0,5.0,100,1.0,2,2,0.0,1,2,3.0,4.0,1
0,430.0,32300.0,47,32300.0,0.0,87,1.0,999,1.0,19.0,21,1.0,1.0,2,1,2.0,1,2.0,3.0,1000,0.0,3.0,3.0,0,40.0,2.0,1,2.0,0,2001.0,52.0,1,39,999,6.0,0.0,0.0,0.0,0.0,5.0,100,1.0,4,2,0.0,1,2,3.0,4.0,1
0,100.0,0.0,42,0.0,0.0,69,6.0,22,3.0,16.0,20,1.0,2.0,2,1,2.0,1,2.0,2.0,1000,0.0,2.0,2.0,0,40.0,2.0,1,2.0,0,1980.0,52.0,1,30,50,1.0,0.0,0.0,0.0,0.0,5.0,100,1.0,2,2,0.0,1,2,3.0,4.0,1
0,100.0,20000.0,04,20000.0,20000.0,03,1.0,82,1.0,14.0,21,1.0,1.0,2,1,2.0,1,2.0,3.0,1000,0.0,3.0,3.0,0,40.0,2.0,1,2.0,0,1980.0,52.0,1,46,26,1.0,0.0,0.0,0.0,0.0,5.0,100,1.0,2,2,0.0,1,2,3.0,4.0,1
1,152.0,24030.0,42,0.0,0.0,69,6.0,82,3.0,24.0,20,6.0,2.0,1,5,1.0,1,2.0,2.0,1000,0.0,2.0,2.0,0,40.0,2.0,1,2.0,0,1995.0,52.0,1,38,32,1.0,24000.0,0.0,0.0,0.0,5.0,600,1.0,2,2,30.0,1,2,3.0,4.0,1
0,421.0,15000.0,35,15000.0,15000.0,50,6.0,999,1.0,19.0,20,1.0,2.0,2,1,2.0,1,2.0,2.0,1000,0.0,2.0,2.0,0,32.0,2.0,1,2.0,0,2017.0,47.0,1,38,999,1.0,0.0,0.0,0.0,0.0,5.0,300,1.0,4,2,0.0,1,2,3.0,4.0,1
0,421.0,70000.0,96,70000.0,70000.0,48,1.0,999,1.0,17.0,21,1.0,1.0,2,1,2.0,1,2.0,3.0,1000,0.0,3.0,3.0,0,60.0,2.0,1,2.0,0,2017.0,52.0,1,38,999,1.0,0.0,0.0,0.0,0.0,5.0,300,1.0,4,2,0.0,1,2,3.0,4.0,1
0,152.0,24100.0,90,22100.0,22100.0,60,6.0,98,1.0,22.0,20,2.0,2.0,2,1,2.0,1,2.0,2.0,1000,0.0,2.0,2.0,0,50.0,2.0,1,2.0,0,2004.0,9.0,1,38,999,1.0,0.0,2000.0,0.0,0.0,5.0,600,1.0,1,2,0.0,1,2,3.0,4.0,1
0,348.0,43700.0,47,43700.0,43700.0,86,1.0,98,1.0,18.0,20,1.0,1.0,2,1,2.0,1,2.0,2.0,1000,0.0,2.0,3.0,0,45.0,2.0,1,2.0,0,2016.0,52.0,1,27,999,1.0,0.0,0.0,0.0,0.0,5.0,400,1.0,1,2,0.0,1,2,3.0,4.0,1
1,348.0,15700.0,36,9200.0,9200.0,82,1.0,195,1.0,16.0,25,6.0,1.0,2,5,2.0,1,2.0,2.0,1000,6500.0,2.0,2.0,0,10.0,2.0,1,2.0,0,1995.0,52.0,1,27,999,1.0,0.0,0.0,0.0,0.0,5.0,400,1.0,1,2,0.0,1,2,2.0,4.0,1
0,332.0,69000.0,81,69000.0,69000.0,32,1.0,996,1.0,18.0,20,4.0,1.0,2,3,2.0,1,2.0,3.0,1000,0.0,3.0,3.0,0,40.0,2.0,1,2.0,0,2008.0,52.0,1,8,999,1.0,0.0,0.0,0.0,0.0,5.0,400,1.0,3,2,0.0,1,2,3.0,2.0,1
0,501.0,103000.0,02,103000.0,103000.0,78,1.0,82,1.0,24.0,20,4.0,1.0,2,3,2.0,1,2.0,3.0,1000,0.0,3.0,3.0,0,58.0,2.0,1,2.0,0,1984.0,52.0,1,38,32,3.0,0.0,0.0,0.0,0.0,5.0,500,3.0,2,2,0.0,1,2,3.0,4.0,1
0,463.0,47000.0,52,47000.0,47000.0,17,3.0,32,1.0,19.0,20,1.0,2.0,1,1,2.0,1,1.0,1.0,1000,0.0,1.0,3.0,0,40.0,1.0,1,2.0,0,2010.0,45.0,1,38,82,1.0,0.0,0.0,0.0,0.0,1.0,600,1.0,2,2,0.0,1,2,2.0,4.0,1
0,463.0,47000.0,89,47000.0,47000.0,12,1.0,32,1.0,20.0,21,1.0,1.0,2,1,2.0,1,2.0,3.0,1000,0.0,3.0,3.0,0,50.0,2.0,1,2.0,0,2010.0,52.0,1,27,50,1.0,0.0,0.0,0.0,0.0,5.0,600,1.0,2,2,0.0,1,2,3.0,4.0,1
0,35.0,5600.0,96,5600.0,5600.0,50,1.0,924,1.0,17.0,20,4.0,1.0,2,3,2.0,1,2.0,2.0,1000,0.0,2.0,2.0,0,40.0,2.0,1,2.0,0,2003.0,24.0,1,6,999,1.0,0.0,0.0,0.0,0.0,5.0,400,2.0,1,2,0.0,1,2,2.0,4.0,1
0,279.0,55000.0,02,50000.0,0.0,01,1.0,32,1.0,21.0,20,1.0,1.0,2,1,2.0,1,2.0,3.0,1000,0.0,3.0,3.0,0,75.0,2.0,1,2.0,0,2016.0,52.0,1,38,999,6.0,0.0,0.0,0.0,0.0,5.0,100,1.0,1,2,5000.0,1,2,3.0,4.0,1
0,279.0,45000.0,23,45000.0,45000.0,78,1.0,999,1.0,21.0,21,1.0,1.0,2,1,2.0,1,2.0,3.0,1000,0.0,3.0,3.0,0,40.0,2.0,1,2.0,0,2016.0,52.0,1,38,999,3.0,0.0,0.0,0.0,0.0,5.0,100,1.0,4,2,0.0,1,2,3.0,4.0,1
0,316.0,52000.0,32,52000.0,52000.0,81,1.0,32,1.0,21.0,20,1.0,1.0,2,1,2.0,1,2.0,3.0,1000,0.0,3.0,3.0,0,40.0,2.0,1,2.0,0,1991.0,52.0,1,27,50,1.0,0.0,0.0,0.0,0.0,5.0,600,3.0,2,2,0.0,1,2,3.0,4.0,1
0,316.0,25000.0,91,25000.0,25000.0,07,1.0,32,1.0,19.0,21,1.0,1.0,2,1,2.0,1,2.0,3.0,1000,0.0,3.0,3.0,0,45.0,2.0,1,2.0,0,1991.0,52.0,1,27,21,1.0,0.0,0.0,0.0,0.0,5.0,600,3.0,2,2,0.0,1,2,3.0,4.0,1
0,500.0,176000.0,85,176000.0,140000.0,38,1.0,22,1.0,16.0,20,1.0,1.0,2,1,2.0,1,2.0,3.0,1000,0.0,3.0,3.0,0,45.0,2.0,1,2.0,0,2001.0,52.0,1,301,88,7.0,0.0,0.0,0.0,0.0,5.0,500,1.0,2,2,0.0,7,2,3.0,4.0,1
0,500.0,0.0,42,0.0,0.0,69,6.0,94,3.0,16.0,21,1.0,2.0,2,1,2.0,1,2.0,2.0,1000,0.0,2.0,2.0,0,40.0,2.0,1,2.0,0,2001.0,52.0,1,26,999,1.0,0.0,0.0,0.0,0.0,5.0,500,1.0,1,2,0.0,1,2,3.0,4.0,1
0,500.0,46000.0,58,46000.0,46000.0,38,1.0,22,1.0,16.0,25,6.0,1.0,2,5,2.0,1,2.0,3.0,1000,0.0,3.0,3.0,0,40.0,2.0,1,2.0,0,1995.0,52.0,1,301,94,1.0,0.0,0.0,0.0,0.0,5.0,500,1.0,2,2,0.0,7,2,3.0,4.0,1
0,500.0,42000.0,53,42000.0,42000.0,42,1.0,22,1.0,16.0,25,6.0,1.0,2,5,2.0,1,2.0,3.0,1000,0.0,3.0,3.0,0,40.0,2.0,1,2.0,0,1995.0,52.0,1,301,94,1.0,0.0,0.0,0.0,0.0,5.0,500,1.0,2,2,0.0,7,2,3.0,4.0,1
0,444.0,130000.0,47,130000.0,130000.0,48,1.0,999,1.0,20.0,20,1.0,1.0,2,1,2.0,1,2.0,3.0,1000,0.0,3.0,3.0,2,50.0,2.0,1,2.0,0,2000.0,50.0,1,38,999,1.0,0.0,0.0,0.0,0.0,5.0,400,1.0,4,2,0.0,1,2,3.0,4.0,1
0,444.0,25000.0,23,25000.0,25000.0,78,1.0,82,1.0,20.0,21,1.0,1.0,2,1,2.0,1,2.0,3.0,1000,0.0,3.0,3.0,0,40.0,2.0,1,2.0,0,2000.0,52.0,1,38,999,3.0,0.0,0.0,0.0,0.0,5.0,400,1.0,1,2,0.0,1,2,3.0,4.0,1
0,363.0,31000.0,23,0.0,0.0,78,6.0,114,2.0,21.0,20,1.0,2.0,1,1,2.0,1,2.0,2.0,1000,0.0,2.0,2.0,2,40.0,2.0,1,2.0,0,1982.0,52.0,1,38,999,3.0,0.0,30000.0,0.0,0.0,5.0,500,1.0,1,2,1000.0,1,1,3.0,4.0,1
0,363.0,41000.0,60,41000.0,41000.0,01,1.0,22,1.0,20.0,21,1.0,1.0,2,1,2.0,1,2.0,3.0,1000,0.0,1.0,3.0,2,70.0,2.0,1,2.0,0,1982.0,52.0,1,38,935,1.0,0.0,0.0,0.0,0.0,1.0,500,1.0,2,2,0.0,1,2,1.0,4.0,1
0,501.0,52700.0,51,52000.0,52000.0,66,1.0,32,1.0,16.0,20,1.0,1.0,2,1,2.0,1,2.0,3.0,1000,0.0,3.0,3.0,0,40.0,2.0,1,2.0,0,1993.0,52.0,1,38,148,1.0,0.0,0.0,0.0,0.0,5.0,300,1.0,2,2,700.0,1,2,3.0,4.0,1
0,72.0,8000.0,46,8000.0,8000.0,84,1.0,50,1.0,17.0,20,4.0,1.0,2,3,2.0,1,2.0,3.0,1000,0.0,3.0,3.0,1,30.0,2.0,1,2.0,0,2018.0,52.0,1,53,32,7.0,0.0,0.0,0.0,0.0,5.0,500,3.0,2,2,0.0,1,2,3.0,4.0,1
0,241.0,37000.0,52,37000.0,37000.0,80,1.0,82,1.0,21.0,20,6.0,1.0,2,5,2.0,1,2.0,3.0,1000,0.0,3.0,3.0,0,42.0,2.0,1,2.0,0,1995.0,52.0,1,27,142,1.0,0.0,0.0,0.0,0.0,5.0,200,1.0,2,2,0.0,1,2,3.0,4.0,1
0,444.0,90000.0,01,90000.0,90000.0,11,1.0,32,1.0,16.0,20,1.0,1.0,2,1,2.0,1,2.0,3.0,1000,0.0,3.0,3.0,0,40.0,2.0,1,2.0,0,2016.0,52.0,1,38,999,1.0,0.0,0.0,0.0,0.0,5.0,400,1.0,1,2,0.0,1,2,3.0,4.0,1
0,444.0,45000.0,35,45000.0,45000.0,81,1.0,32,1.0,17.0,21,1.0,1.0,2,1,2.0,1,2.0,3.0,1000,0.0,3.0,3.0,0,40.0,2.0,1,2.0,0,2016.0,52.0,1,38,999,1.0,0.0,0.0,0.0,0.0,5.0,400,1.0,1,2,0.0,1,2,3.0,4.0,1
0,501.0,29800.0,02,29800.0,0.0,01,1.0,32,1.0,21.0,20,1.0,1.0,2,1,2.0,1,2.0,3.0,1000,0.0,3.0,3.0,0,60.0,2.0,1,2.0,0,1986.0,50.0,1,56,999,6.0,0.0,0.0,0.0,0.0,5.0,100,1.0,1,2,0.0,1,2,3.0,4.0,1
0,501.0,103300.0,06,93300.0,100000.0,04,1.0,32,1.0,22.0,21,1.0,1.0,2,1,2.0,1,2.0,3.0,1000,0.0,3.0,3.0,0,40.0,2.0,1,2.0,0,1986.0,52.0,1,38,999,1.0,0.0,0.0,0.0,0.0,5.0,100,1.0,1,2,10000.0,1,2,3.0,4.0,1
0,243.0,50000.0,02,50000.0,0.0,01,1.0,82,1.0,21.0,20,6.0,1.0,2,5,2.0,1,2.0,3.0,1000,0.0,3.0,3.0,2,80.0,2.0,1,2.0,0,1995.0,52.0,1,38,32,6.0,0.0,0.0,0.0,0.0,5.0,200,1.0,2,2,0.0,1,2,3.0,4.0,1
0,368.0,40000.0,05,40000.0,40000.0,69,1.0,32,1.0,16.0,20,1.0,1.0,2,1,2.0,1,2.0,3.0,1000,0.0,3.0,3.0,0,40.0,2.0,1,2.0,0,2004.0,52.0,1,38,999,1.0,0.0,0.0,0.0,0.0,5.0,300,1.0,1,2,0.0,1,2,3.0,4.0,1
0,368.0,70000.0,91,70000.0,70000.0,61,1.0,32,1.0,16.0,21,1.0,1.0,2,1,2.0,1,2.0,3.0,1000,0.0,3.0,3.0,0,40.0,2.0,1,2.0,0,2004.0,52.0,1,38,999,1.0,0.0,0.0,0.0,0.0,5.0,300,1.0,1,2,0.0,1,2,3.0,4.0,1
0,501.0,127000.0,74,127000.0,127000.0,05,1.0,82,1.0,20.0,20,1.0,1.0,2,1,2.0,1,2.0,3.0,1000,0.0,3.0,3.0,0,40.0,2.0,1,2.0,0,2022.0,52.0,1,38,32,2.0,0.0,0.0,0.0,0.0,5.0,500,1.0,2,2,0.0,1,2,3.0,4.0,1
0,501.0,40000.0,57,40000.0,40000.0,01,1.0,82,1.0,21.0,21,1.0,1.0,2,1,2.0,1,2.0,3.0,1000,0.0,3.0,3.0,0,45.0,2.0,1,2.0,0,2022.0,52.0,1,38,32,1.0,0.0,0.0,0.0,0.0,5.0,500,1.0,2,2,0.0,1,2,3.0,4.0,1
0,252.0,58000.0,32,58000.0,58000.0,94,1.0,142,1.0,21.0,20,6.0,1.0,2,5,2.0,1,2.0,3.0,1000,0.0,3.0,3.0,0,40.0,2.0,1,2.0,0,1995.0,52.0,1,38,999,3.0,0.0,0.0,0.0,0.0,5.0,400,1.0,1,2,0.0,1,2,3.0,4.0,1
0,501.0,80000.0,72,80000.0,80000.0,88,1.0,924,1.0,16.0,22,6.0,1.0,2,5,2.0,1,2.0,3.0,1000,0.0,3.0,3.0,0,60.0,2.0,1,2.0,0,1995.0,52.0,1,38,999,1.0,0.0,0.0,0.0,0.0,5.0,400,1.0,1,2,0.0,1,2,3.0,4.0,1
0,501.0,105000.0,22,83000.0,83000.0,78,1.0,24,1.0,19.0,20,1.0,1.0,2,1,2.0,1,2.0,3.0,1000,0.0,3.0,3.0,0,40.0,2.0,1,2.0,0,1993.0,52.0,1,27,999,4.0,0.0,16000.0,0.0,0.0,5.0,500,1.0,1,2,6000.0,1,2,3.0,2.0,1
0,501.0,60000.0,82,60000.0,60000.0,35,1.0,82,1.0,16.0,21,1.0,1.0,2,1,2.0,1,2.0,3.0,1000,0.0,3.0,3.0,0,50.0,2.0,1,2.0,0,1993.0,52.0,1,27,32,1.0,0.0,0.0,0.0,0.0,5.0,500,1.0,2,2,0.0,1,2,3.0,4.0,1
0,256.0,40000.0,21,40000.0,40000.0,72,1.0,998,1.0,21.0,20,6.0,1.0,2,5,2.0,1,2.0,3.0,1000,0.0,3.0,3.0,2,45.0,2.0,1,2.0,0,1995.0,52.0,1,34,999,1.0,0.0,0.0,0.0,0.0,5.0,200,1.0,1,2,0.0,1,2,3.0,4.0,1
0,501.0,82000.0,53,82000.0,82000.0,78,1.0,26,1.0,20.0,20,1.0,1.0,2,1,2.0,1,2.0,3.0,1000,0.0,3.0,3.0,0,40.0,2.0,1,2.0,0,2000.0,52.0,1,38,82,3.0,0.0,0.0,0.0,0.0,5.0,600,1.0,2,2,0.0,1,2,3.0,4.0,1
0,501.0,65000.0,63,65000.0,65000.0,07,1.0,82,1.0,20.0,21,1.0,1.0,2,1,2.0,1,2.0,3.0,1000,0.0,3.0,3.0,0,40.0,2.0,1,2.0,0,2000.0,52.0,1,38,999,1.0,0.0,0.0,0.0,0.0,5.0,600,1.0,1,2,0.0,1,2,3.0,4.0,1
0,501.0,23000.0,63,23000.0,23000.0,07,1.0,26,1.0,20.0,25,6.0,1.0,2,5,2.0,1,2.0,3.0,1000,0.0,3.0,3.0,0,40.0,2.0,1,2.0,0,1995.0,52.0,1,38,82,1.0,0.0,0.0,0.0,0.0,5.0,600,1.0,2,2,0.0,1,2,3.0,4.0,1
0,501.0,0.0,32,0.0,0.0,78,6.0,32,2.0,22.0,20,1.0,2.0,2,1,2.0,1,2.0,2.0,1000,0.0,2.0,2.0,0,40.0,2.0,1,2.0,0,2008.0,52.0,1,38,999,2.0,0.0,0.0,0.0,0.0,5.0,600,1.0,1,2,0.0,1,2,3.0,4.0,1
0,501.0,75000.0,50,75000.0,75000.0,05,1.0,98,1.0,21.0,20,1.0,1.0,2,1,2.0,1,2.0,3.0,1000,0.0,3.0,3.0,0,40.0,2.0,1,2.0,0,2013.0,52.0,1,38,999,2.0,0.0,0.0,0.0,0.0,5.0,200,1.0,1,2,0.0,1,2,3.0,4.0,1
0,501.0,120000.0,09,120000.0,120000.0,68,1.0,195,1.0,21.0,21,1.0,1.0,2,1,2.0,17,2.0,3.0,9000,0.0,3.0,3.0,0,40.0,2.0,9,2.0,1,2013.0,52.0,1,301,999,1.0,0.0,0.0,0.0,0.0,5.0,200,1.0,1,2,0.0,7,2,3.0,4.0,1
0,501.0,175000.0,02,175000.0,75000.0,01,1.0,82,1.0,18.0,20,1.0,1.0,2,1,2.0,1,2.0,3.0,1000,0.0,3.0,3.0,0,60.0,2.0,1,2.0,0,2012.0,52.0,1,38,999,6.0,0.0,0.0,0.0,0.0,5.0,400,1.0,1,2,0.0,1,2,3.0,4.0,1
0,501.0,28000.0,32,28000.0,28000.0,81,1.0,82,1.0,20.0,21,1.0,1.0,2,1,2.0,1,2.0,3.0,1000,0.0,3.0,3.0,2,32.0,2.0,1,2.0,0,2012.0,52.0,1,38,999,2.0,0.0,0.0,0.0,0.0,5.0,400,1.0,1,2,0.0,1,2,3.0,4.0,1
0,501.0,130000.0,47,130000.0,130000.0,48,1.0,82,1.0,20.0,20,1.0,1.0,2,1,2.0,1,2.0,3.0,1000,0.0,3.0,3.0,0,50.0,2.0,1,2.0,0,1997.0,50.0,1,38,999,1.0,0.0,0.0,0.0,0.0,5.0,500,1.0,1,2,0.0,1,2,3.0,4.0,1
0,501.0,60000.0,04,60000.0,60000.0,93,1.0,142,1.0,21.0,21,1.0,1.0,2,1,2.0,1,2.0,3.0,1000,0.0,3.0,3.0,0,40.0,2.0,1,2.0,0,1997.0,50.0,1,38,999,3.0,0.0,0.0,0.0,0.0,5.0,500,1.0,1,2,0.0,1,2,3.0,4.0,1
0,501.0,80000.0,35,40000.0,40000.0,82,1.0,82,1.0,20.0,20,6.0,1.0,2,5,2.0,1,2.0,3.0,1000,0.0,3.0,3.0,0,40.0,2.0,1,2.0,0,1995.0,52.0,1,38,89,1.0,0.0,0.0,0.0,0.0,5.0,100,1.0,2,2,40000.0,1,2,3.0,4.0,1
0,501.0,87000.0,01,60000.0,50000.0,06,6.0,32,1.0,21.0,20,1.0,2.0,2,1,2.0,1,2.0,2.0,1000,0.0,2.0,2.0,0,50.0,2.0,1,2.0,0,1981.0,9.0,1,38,999,1.0,0.0,27000.0,0.0,0.0,5.0,200,1.0,1,2,0.0,1,2,3.0,4.0,1
0,501.0,80000.0,48,80000.0,0.0,69,6.0,82,1.0,18.0,21,1.0,2.0,2,1,2.0,1,2.0,2.0,1000,0.0,2.0,2.0,1,70.0,2.0,1,2.0,0,2006.0,3.0,1,27,999,6.0,0.0,0.0,0.0,0.0,3.0,400,1.0,1,2,0.0,1,2,2.0,4.0,1
0,384.0,60000.0,77,60000.0,60000.0,30,1.0,82,1.0,18.0,20,4.0,1.0,2,3,2.0,1,2.0,3.0,1000,0.0,1.0,3.0,0,58.0,2.0,1,2.0,0,1990.0,52.0,1,38,999,2.0,0.0,0.0,0.0,0.0,1.0,500,1.0,1,2,0.0,1,2,1.0,4.0,1
0,200.0,31000.0,10,31000.0,31000.0,30,1.0,51,1.0,16.0,20,6.0,1.0,2,5,2.0,1,2.0,3.0,1000,0.0,3.0,3.0,0,25.0,2.0,1,2.0,0,1995.0,49.0,1,27,32,1.0,0.0,0.0,0.0,0.0,5.0,600,1.0,2,2,0.0,1,2,3.0,4.0,1
0,155.0,24000.0,25,24000.0,24000.0,78,1.0,785,1.0,21.0,34,6.0,1.0,2,5,2.0,9,2.0,3.0,4014,0.0,3.0,3.0,0,10.0,2.0,6,2.0,0,1995.0,52.0,0,247,999,4.0,0.0,0.0,0.0,0.0,5.0,600,1.0,1,2,0.0,4,2,3.0,4.0,1
0,501.0,50000.0,57,50000.0,50000.0,94,1.0,32,1.0,20.0,20,1.0,1.0,2,1,2.0,1,2.0,3.0,1000,0.0,3.0,3.0,0,40.0,2.0,1,2.0,0,2007.0,52.0,1,301,999,5.0,0.0,0.0,0.0,0.0,5.0,300,1.0,1,2,0.0,7,2,3.0,4.0,1
0,501.0,90000.0,25,90000.0,90000.0,78,1.0,32,1.0,20.0,21,1.0,1.0,2,1,2.0,1,2.0,3.0,1000,0.0,2.0,2.0,0,45.0,2.0,1,2.0,0,2007.0,52.0,1,38,999,3.0,0.0,0.0,0.0,0.0,5.0,300,1.0,1,2,0.0,1,2,3.0,4.0,1
0,501.0,122000.0,63,110000.0,110000.0,77,1.0,32,1.0,21.0,20,1.0,1.0,2,1,2.0,1,2.0,3.0,1000,0.0,3.0,3.0,0,40.0,2.0,1,2.0,0,2002.0,52.0,1,38,999,3.0,0.0,0.0,12000.0,0.0,5.0,200,1.0,1,2,0.0,1,2,3.0,4.0,1
0,501.0,0.0,42,0.0,0.0,69,6.0,82,3.0,21.0,21,1.0,2.0,1,1,2.0,1,1.0,2.0,1000,0.0,2.0,2.0,0,40.0,1.0,1,1.0,0,2002.0,52.0,1,38,999,1.0,0.0,0.0,0.0,0.0,5.0,200,1.0,1,2,0.0,1,2,3.0,4.0,1
0,501.0,100000.0,47,100000.0,100000.0,69,1.0,995,1.0,18.0,20,1.0,1.0,2,1,2.0,29,2.0,3.0,9000,0.0,3.0,3.0,0,40.0,2.0,9,2.0,0,2000.0,52.0,1,38,999,2.0,0.0,0.0,0.0,0.0,5.0,600,1.0,3,2,0.0,1,2,3.0,4.0,1
0,501.0,129000.0,01,100000.0,100000.0,32,1.0,995,1.0,18.0,21,1.0,1.0,2,1,2.0,29,2.0,3.0,9000,0.0,3.0,3.0,0,40.0,2.0,9,2.0,0,2000.0,52.0,1,38,999,1.0,0.0,29000.0,0.0,0.0,5.0,600,1.0,3,2,0.0,1,2,3.0,4.0,1
0,501.0,20000.0,62,20000.0,20000.0,07,1.0,995,1.0,19.0,25,6.0,1.0,2,5,2.0,29,2.0,3.0,9000,0.0,3.0,3.0,0,15.0,2.0,9,2.0,0,1995.0,52.0,1,38,999,1.0,0.0,0.0,0.0,0.0,5.0,600,1.0,3,2,0.0,1,2,3.0,4.0,1
0,501.0,15000.0,25,15000.0,15000.0,78,1.0,995,1.0,19.0,25,6.0,1.0,2,5,2.0,29,2.0,3.0,9000,0.0,3.0,3.0,0,20.0,2.0,9,2.0,0,1995.0,52.0,1,38,999,3.0,0.0,0.0,0.0,0.0,5.0,600,1.0,3,2,0.0,1,2,3.0,4.0,1
0,501.0,150000.0,00,150000.0,150000.0,74,1.0,32,1.0,21.0,20,1.0,1.0,2,1,2.0,1,2.0,3.0,1000,0.0,3.0,3.0,0,40.0,2.0,1,2.0,0,2002.0,52.0,1,38,82,2.0,0.0,0.0,0.0,0.0,5.0,600,1.0,2,2,0.0,1,2,3.0,4.0,1
0,501.0,70000.0,01,70000.0,70000.0,01,1.0,82,1.0,21.0,21,1.0,1.0,2,1,2.0,1,2.0,3.0,1000,0.0,3.0,3.0,0,40.0,2.0,1,2.0,0,2002.0,52.0,1,38,32,1.0,0.0,0.0,0.0,0.0,5.0,600,1.0,2,2,0.0,1,2,3.0,4.0,1
0,501.0,24000.0,72,24000.0,24000.0,46,1.0,32,1.0,18.0,25,6.0,1.0,2,5,2.0,1,2.0,3.0,1000,0.0,3.0,3.0,0,20.0,2.0,1,2.0,0,1995.0,40.0,1,38,82,1.0,0.0,0.0,0.0,0.0,5.0,600,1.0,2,2,0.0,1,2,3.0,4.0,1
0,181.0,44800.0,23,44800.0,44800.0,78,1.0,82,1.0,21.0,20,1.0,1.0,2,1,2.0,1,2.0,3.0,1000,0.0,3.0,3.0,0,40.0,2.0,1,2.0,0,2010.0,36.0,1,38,22,3.0,0.0,0.0,0.0,0.0,5.0,500,1.0,2,2,0.0,1,2,3.0,4.0,1
1,181.0,20900.0,47,20900.0,20900.0,53,3.0,50,1.0,16.0,21,1.0,2.0,2,1,2.0,1,2.0,1.0,1000,0.0,2.0,2.0,0,40.0,2.0,1,2.0,0,2010.0,40.0,1,6,999,1.0,0.0,0.0,0.0,0.0,1.0,500,1.0,1,2,0.0,1,2,3.0,4.0,1
0,234.0,31200.0,72,31200.0,31200.0,46,1.0,939,1.0,16.0,25,2.0,1.0,2,1,2.0,1,2.0,3.0,1000,0.0,3.0,3.0,0,40.0,2.0,1,2.0,0,1996.0,52.0,1,56,999,2.0,0.0,0.0,0.0,0.0,5.0,200,1.0,1,2,0.0,1,2,3.0,4.0,1
0,234.0,5800.0,49,5800.0,5800.0,53,1.0,211,1.0,17.0,30,6.0,1.0,2,5,2.0,29,2.0,3.0,9000,0.0,2.0,2.0,0,40.0,2.0,9,2.0,0,1995.0,20.0,1,38,999,2.0,0.0,0.0,0.0,0.0,5.0,200,1.0,1,2,0.0,1,2,3.0,4.0,2
0,104.0,25500.0,02,18000.0,18000.0,01,1.0,82,1.0,20.0,20,6.0,1.0,2,5,2.0,1,2.0,3.0,1000,0.0,3.0,3.0,2,80.0,2.0,1,2.0,0,1995.0,52.0,1,38,999,7.0,0.0,0.0,0.0,0.0,5.0,400,1.0,1,2,7500.0,1,2,3.0,4.0,1
0,260.0,41000.0,36,41000.0,41000.0,82,1.0,32,1.0,16.0,22,6.0,1.0,2,5,2.0,1,2.0,3.0,1000,0.0,3.0,3.0,2,36.0,2.0,1,2.0,0,1995.0,52.0,1,12,999,1.0,0.0,0.0,0.0,0.0,5.0,400,1.0,1,2,0.0,1,2,3.0,4.0,1
0,98.0,15000.0,47,15000.0,15000.0,55,1.0,939,1.0,16.0,20,6.0,1.0,2,5,2.0,1,2.0,3.0,1000,0.0,3.0,3.0,0,40.0,2.0,1,2.0,0,1995.0,52.0,1,36,999,5.0,0.0,0.0,0.0,0.0,5.0,600,3.0,1,2,0.0,1,2,3.0,4.0,1
0,84.0,13000.0,06,13000.0,13000.0,49,1.0,939,1.0,17.0,22,6.0,1.0,2,5,2.0,1,2.0,3.0,1000,0.0,3.0,3.0,0,45.0,2.0,1,2.0,0,1995.0,52.0,1,36,999,5.0,0.0,0.0,0.0,0.0,5.0,600,3.0,1,2,0.0,1,2,3.0,4.0,1
0,38.0,6000.0,33,4000.0,4000.0,79,2.0,82,1.0,20.0,20,6.0,2.0,1,5,1.0,1,2.0,3.0,1000,0.0,2.0,1.0,2,10.0,2.0,1,2.0,0,1995.0,20.0,1,38,999,1.0,0.0,2000.0,0.0,0.0,5.0,600,1.0,1,2,0.0,1,2,3.0,4.0,1
0,253.0,40000.0,86,40000.0,40000.0,06,1.0,999,1.0,21.0,22,6.0,1.0,2,5,2.0,1,2.0,3.0,1000,0.0,3.0,3.0,0,40.0,2.0,1,2.0,0,1995.0,52.0,1,15,999,1.0,0.0,0.0,0.0,0.0,5.0,600,1.0,4,2,0.0,1,2,3.0,4.0,1
0,291.0,45000.0,35,45000.0,45000.0,07,1.0,32,1.0,19.0,20,6.0,1.0,2,5,2.0,1,2.0,3.0,1000,0.0,3.0,3.0,0,50.0,2.0,1,2.0,0,1995.0,52.0,1,38,999,1.0,0.0,0.0,0.0,0.0,5.0,500,3.0,1,2,0.0,1,2,3.0,2.0,1
0,126.0,2900.0,32,2900.0,2900.0,81,6.0,939,1.0,21.0,25,6.0,2.0,2,5,2.0,1,2.0,3.0,1000,0.0,1.0,3.0,0,40.0,2.0,1,2.0,0,1995.0,5.0,1,38,999,1.0,0.0,0.0,0.0,0.0,3.0,500,1.0,1,2,0.0,1,2,1.0,4.0,1
0,144.0,44000.0,20,44000.0,44000.0,91,1.0,924,1.0,22.0,20,1.0,1.0,2,1,2.0,1,2.0,3.0,1000,0.0,3.0,3.0,0,75.0,2.0,1,2.0,0,2012.0,52.0,1,26,32,2.0,0.0,0.0,0.0,0.0,5.0,200,1.0,2,2,0.0,1,2,3.0,4.0,1
0,144.0,0.0,42,0.0,0.0,69,6.0,924,3.0,21.0,21,1.0,2.0,2,1,2.0,1,2.0,2.0,1000,0.0,2.0,2.0,0,40.0,2.0,1,2.0,0,2012.0,52.0,1,29,32,1.0,0.0,0.0,0.0,0.0,5.0,200,1.0,2,2,0.0,1,2,3.0,4.0,1
0,501.0,22000.0,30,22000.0,22000.0,80,1.0,142,1.0,21.0,20,1.0,1.0,2,1,2.0,1,2.0,3.0,1000,0.0,3.0,3.0,0,15.0,2.0,1,2.0,0,2013.0,52.0,1,38,32,1.0,0.0,0.0,0.0,0.0,5.0,100,1.0,2,2,0.0,1,2,3.0,4.0,1
0,501.0,89000.0,48,89000.0,89000.0,32,1.0,999,1.0,16.0,20,1.0,1.0,2,1,2.0,1,2.0,3.0,1000,0.0,3.0,3.0,2,42.0,2.0,1,2.0,0,2023.0,52.0,1,38,999,1.0,0.0,0.0,0.0,0.0,5.0,100,1.0,4,2,0.0,1,2,3.0,4.0,1
0,501.0,52000.0,23,52000.0,52000.0,78,1.0,82,1.0,22.0,21,1.0,1.0,2,1,2.0,17,2.0,3.0,9000,0.0,3.0,3.0,2,40.0,2.0,9,2.0,1,2023.0,52.0,1,38,32,1.0,0.0,0.0,0.0,0.0,5.0,100,1.0,2,2,0.0,1,2,3.0,4.0,1
0,259.0,40000.0,47,40000.0,40000.0,53,1.0,999,1.0,16.0,20,6.0,1.0,1,5,1.0,17,2.0,3.0,9000,0.0,3.0,3.0,0,42.0,2.0,9,2.0,1,1995.0,52.0,1,38,999,1.0,0.0,0.0,0.0,0.0,5.0,400,1.0,4,2,0.0,1,2,3.0,4.0,1
0,501.0,45000.0,03,45000.0,45000.0,81,1.0,82,1.0,21.0,20,1.0,1.0,2,1,2.0,1,2.0,3.0,1000,0.0,3.0,3.0,0,40.0,2.0,1,2.0,0,2015.0,52.0,1,38,935,2.0,0.0,0.0,0.0,0.0,5.0,600,1.0,2,2,0.0,1,2,3.0,4.0,1
0,501.0,12600.0,64,12600.0,12600.0,07,1.0,82,1.0,16.0,25,6.0,1.0,2,5,2.0,1,2.0,3.0,1000,0.0,3.0,3.0,2,35.0,2.0,1,2.0,0,1995.0,20.0,1,38,935,1.0,0.0,0.0,0.0,0.0,5.0,600,1.0,2,2,0.0,1,2,3.0,4.0,1
0,501.0,63000.0,32,63000.0,63000.0,79,1.0,32,1.0,20.0,21,1.0,1.0,2,1,2.0,1,2.0,3.0,1000,0.0,3.0,3.0,0,40.0,2.0,1,2.0,0,1986.0,52.0,1,38,148,1.0,0.0,0.0,0.0,0.0,5.0,300,1.0,2,2,0.0,1,2,3.0,4.0,1
0,501.0,1500.0,57,1500.0,1500.0,01,1.0,82,1.0,21.0,20,1.0,1.0,2,1,2.0,1,2.0,3.0,1000,0.0,3.0,3.0,2,10.0,2.0,1,2.0,0,1981.0,40.0,1,38,999,8.0,0.0,0.0,0.0,0.0,5.0,200,1.0,1,2,0.0,1,2,3.0,4.0,1
0,501.0,139600.0,02,9600.0,0.0,01,1.0,82,1.0,21.0,21,1.0,1.0,2,1,2.0,1,2.0,3.0,1000,0.0,3.0,3.0,2,80.0,2.0,1,2.0,0,1981.0,50.0,1,27,999,6.0,0.0,0.0,0.0,0.0,5.0,200,1.0,1,2,130000.0,1,2,3.0,4.0,1
0,477.0,75000.0,04,75000.0,75000.0,82,1.0,87,1.0,18.0,20,6.0,1.0,2,5,2.0,1,2.0,3.0,1000,0.0,3.0,3.0,0,80.0,2.0,1,2.0,0,1995.0,52.0,1,38,97,2.0,0.0,0.0,0.0,0.0,5.0,500,1.0,2,2,0.0,1,2,3.0,4.0,1
0,501.0,125000.0,26,125000.0,125000.0,85,1.0,917,1.0,20.0,20,1.0,1.0,2,1,2.0,3,2.0,3.0,5013,0.0,3.0,3.0,0,40.0,2.0,3,2.0,1,2007.0,52.0,0,38,999,1.0,0.0,0.0,0.0,0.0,5.0,200,1.0,1,2,0.0,1,2,3.0,4.0,1
0,501.0,45300.0,01,45300.0,45300.0,91,1.0,924,1.0,18.0,21,1.0,1.0,2,1,2.0,1,2.0,3.0,1000,0.0,3.0,3.0,0,40.0,2.0,1,2.0,0,2007.0,52.0,1,38,999,2.0,0.0,0.0,0.0,0.0,5.0,200,1.0,1,2,0.0,1,2,3.0,4.0,1
0,302.0,32000.0,91,32000.0,32000.0,82,1.0,22,1.0,15.0,20,1.0,1.0,2,1,2.0,1,2.0,3.0,1000,0.0,3.0,3.0,0,32.0,2.0,1,2.0,0,2009.0,52.0,1,46,999,4.0,0.0,0.0,0.0,0.0,5.0,400,1.0,1,2,0.0,1,2,3.0,4.0,1
0,302.0,68000.0,77,68000.0,68000.0,30,1.0,22,1.0,19.0,21,1.0,1.0,2,1,2.0,1,2.0,3.0,1000,0.0,3.0,3.0,0,40.0,2.0,1,2.0,0,2009.0,52.0,1,38,999,1.0,0.0,0.0,0.0,0.0,5.0,400,1.0,1,2,0.0,1,2,3.0,4.0,1
0,307.0,47700.0,77,47700.0,47700.0,28,1.0,999,1.0,16.0,20,4.0,1.0,1,3,2.0,3,2.0,3.0,5013,0.0,3.0,3.0,0,50.0,1.0,3,2.0,1,1998.0,52.0,0,27,999,1.0,0.0,0.0,0.0,0.0,5.0,200,1.0,4,2,0.0,1,2,3.0,4.0,1
0,194.0,30000.0,23,30000.0,30000.0,84,1.0,82,1.0,18.0,22,4.0,1.0,2,3,2.0,1,2.0,3.0,1000,0.0,3.0,3.0,0,40.0,2.0,1,2.0,0,1996.0,52.0,1,6,999,2.0,0.0,0.0,0.0,0.0,5.0,200,1.0,1,2,0.0,1,2,3.0,4.0,1
0,307.0,18600.0,42,7100.0,7100.0,76,1.0,999,1.0,18.0,25,6.0,1.0,2,5,2.0,17,2.0,3.0,9000,0.0,3.0,3.0,0,20.0,2.0,9,2.0,1,1995.0,52.0,1,38,999,1.0,0.0,11500.0,0.0,0.0,5.0,200,1.0,4,2,0.0,1,2,3.0,4.0,1
0,307.0,5000.0,96,5000.0,5000.0,63,1.0,999,1.0,16.0,25,6.0,1.0,2,5,2.0,17,2.0,3.0,9000,0.0,3.0,3.0,0,30.0,2.0,9,2.0,1,1995.0,52.0,1,38,999,1.0,0.0,0.0,0.0,0.0,5.0,200,1.0,4,2,0.0,1,2,3.0,4.0,1
0,501.0,120500.0,32,120000.0,120000.0,81,1.0,999,1.0,22.0,20,4.0,1.0,2,3,2.0,1,2.0,1.0,1000,0.0,2.0,2.0,0,40.0,2.0,1,2.0,0,2012.0,52.0,1,38,999,2.0,0.0,0.0,0.0,0.0,3.0,600,3.0,4,2,500.0,1,2,2.0,4.0,1
0,501.0,12000.0,47,12000.0,12000.0,52,1.0,940,1.0,21.0,25,6.0,1.0,2,5,2.0,1,2.0,2.0,1000,0.0,3.0,3.0,1,35.0,2.0,1,2.0,0,1995.0,52.0,1,27,999,1.0,0.0,0.0,0.0,0.0,5.0,600,3.0,1,2,0.0,1,2,3.0,4.0,1
1,183.0,55000.0,32,53000.0,53000.0,82,1.0,32,1.0,20.0,20,4.0,1.0,2,3,2.0,1,2.0,2.0,1000,0.0,2.0,2.0,0,40.0,2.0,1,2.0,0,2011.0,46.0,1,38,999,2.0,0.0,0.0,0.0,0.0,5.0,300,1.0,1,2,2000.0,1,2,3.0,4.0,1
0,128.0,20000.0,46,20000.0,20000.0,84,1.0,215,1.0,16.0,20,6.0,1.0,2,5,2.0,17,2.0,3.0,9000,0.0,3.0,3.0,0,40.0,2.0,9,2.0,1,1995.0,52.0,1,38,999,3.0,0.0,0.0,0.0,0.0,5.0,500,1.0,1,2,0.0,1,2,3.0,4.0,2
0,328.0,51200.0,46,31200.0,31200.0,84,1.0,26,1.0,16.0,34,6.0,1.0,1,5,1.0,17,1.0,3.0,9000,0.0,3.0,3.0,1,40.0,2.0,9,2.0,1,1995.0,52.0,1,38,920,3.0,0.0,0.0,0.0,0.0,5.0,500,1.0,2,2,20000.0,1,2,3.0,4.0,1
0,155.0,24500.0,42,0.0,0.0,69,6.0,999,3.0,18.0,20,4.0,2.0,1,3,2.0,1,2.0,3.0,1000,0.0,2.0,1.0,2,40.0,2.0,1,2.0,0,2019.0,52.0,1,26,999,1.0,0.0,500.0,24000.0,0.0,5.0,500,1.0,4,2,0.0,1,1,3.0,2.0,1
0,501.0,5000.0,42,0.0,0.0,69,6.0,94,3.0,19.0,20,1.0,2.0,2,1,2.0,17,2.0,2.0,9000,0.0,2.0,2.0,2,40.0,2.0,9,2.0,1,2001.0,52.0,1,41,32,1.0,0.0,0.0,0.0,0.0,5.0,100,1.0,2,2,5000.0,1,2,3.0,4.0,1
0,501.0,62000.0,50,62000.0,62000.0,42,1.0,32,1.0,16.0,20,1.0,1.0,2,1,2.0,1,2.0,3.0,1000,0.0,3.0,3.0,0,40.0,2.0,1,2.0,0,2021.0,52.0,1,38,999,1.0,0.0,0.0,0.0,0.0,5.0,100,1.0,1,2,0.0,1,2,3.0,4.0,1
0,501.0,115000.0,01,115000.0,115000.0,05,1.0,999,1.0,16.0,21,1.0,1.0,2,1,2.0,1,2.0,3.0,1000,0.0,3.0,3.0,0,50.0,2.0,1,2.0,0,2021.0,52.0,1,20,999,1.0,0.0,0.0,0.0,0.0,5.0,100,1.0,4,2,0.0,1,2,3.0,3.0,1
0,2.0,310.0,47,310.0,310.0,57,1.0,996,1.0,19.0,20,6.0,1.0,2,5,2.0,1,2.0,3.0,1000,0.0,3.0,3.0,0,34.0,2.0,1,2.0,0,1995.0,1.0,1,53,999,1.0,0.0,0.0,0.0,0.0,5.0,600,3.0,3,2,0.0,1,2,3.0,2.0,1
0,501.0,480.0,03,0.0,0.0,86,6.0,32,2.0,16.0,21,1.0,2.0,2,1,2.0,1,2.0,2.0,1000,0.0,2.0,2.0,0,40.0,2.0,1,2.0,0,2014.0,52.0,1,8,22,1.0,0.0,0.0,480.0,0.0,5.0,100,1.0,2,2,0.0,1,2,3.0,4.0,1
0,501.0,28000.0,47,28000.0,28000.0,47,1.0,920,1.0,19.0,20,1.0,1.0,2,1,2.0,3,2.0,3.0,5013,0.0,3.0,3.0,0,40.0,2.0,3,2.0,1,2023.0,52.0,0,38,999,1.0,0.0,0.0,0.0,0.0,5.0,300,1.0,1,2,0.0,1,2,3.0,4.0,1
0,501.0,100000.0,98,100000.0,100000.0,97,4.0,999,1.0,20.0,21,1.0,1.0,2,1,2.0,2,2.0,3.0,3000,0.0,3.0,3.0,0,40.0,2.0,2,2.0,0,2023.0,50.0,0,48,999,5.0,0.0,0.0,0.0,0.0,5.0,300,1.0,4,2,0.0,1,2,3.0,1.0,3
0,501.0,122000.0,01,122000.0,122000.0,94,1.0,999,1.0,22.0,28,6.0,1.0,2,5,2.0,3,2.0,3.0,5013,0.0,3.0,3.0,0,40.0,2.0,3,2.0,1,1995.0,52.0,0,38,999,5.0,0.0,0.0,0.0,0.0,5.0,300,1.0,4,2,0.0,1,2,3.0,4.0,1
0,501.0,125000.0,30,125000.0,125000.0,80,1.0,98,1.0,23.0,20,1.0,1.0,2,1,2.0,1,2.0,3.0,1000,0.0,3.0,3.0,0,40.0,2.0,1,2.0,0,2001.0,52.0,1,27,999,2.0,0.0,0.0,0.0,0.0,5.0,500,1.0,1,2,0.0,1,2,3.0,4.0,1
0,501.0,66000.0,52,66000.0,66000.0,81,1.0,999,1.0,20.0,21,1.0,1.0,2,1,2.0,1,2.0,3.0,1000,0.0,3.0,3.0,0,40.0,2.0,1,2.0,0,2001.0,52.0,1,27,999,1.0,0.0,0.0,0.0,0.0,5.0,500,1.0,4,2,0.0,1,2,3.0,4.0,1
0,501.0,0.0,42,0.0,0.0,69,6.0,999,3.0,19.0,25,6.0,1.0,2,5,2.0,1,2.0,3.0,1000,0.0,3.0,3.0,0,40.0,2.0,1,2.0,0,1995.0,52.0,1,38,999,1.0,0.0,0.0,0.0,0.0,5.0,500,1.0,4,2,0.0,1,2,3.0,4.0,1
0,84.0,17000.0,91,0.0,0.0,61,6.0,902,2.0,19.0,20,1.0,2.0,1,1,2.0,2,2.0,2.0,3000,0.0,2.0,2.0,0,40.0,1.0,2,2.0,0,2020.0,52.0,0,48,999,7.0,17000.0,0.0,0.0,0.0,5.0,600,1.0,1,2,0.0,1,2,3.0,4.0,1
1,84.0,0.0,03,0.0,0.0,86,6.0,902,2.0,19.0,21,1.0,2.0,1,1,2.0,2,1.0,2.0,3000,0.0,2.0,2.0,0,40.0,1.0,2,2.0,0,2020.0,52.0,0,55,999,7.0,0.0,0.0,0.0,0.0,5.0,600,1.0,1,1,0.0,1,2,3.0,4.0,1
0,179.0,25000.0,58,25000.0,25000.0,69,1.0,996,1.0,1.0,20,1.0,1.0,2,1,2.0,1,2.0,3.0,1000,0.0,3.0,3.0,0,40.0,2.0,1,2.0,0,2016.0,52.0,1,38,999,1.0,0.0,0.0,0.0,0.0,5.0,200,1.0,3,2,0.0,1,2,3.0,4.0,1
0,179.0,40000.0,62,40000.0,40000.0,07,1.0,996,1.0,20.0,21,1.0,1.0,2,1,2.0,1,2.0,3.0,1000,0.0,3.0,3.0,0,40.0,2.0,1,2.0,0,2016.0,6.0,1,38,999,1.0,0.0,0.0,0.0,0.0,5.0,200,1.0,3,2,0.0,1,2,3.0,4.0,1
0,55.0,13500.0,33,9000.0,9000.0,81,1.0,148,1.0,21.0,20,4.0,1.0,2,3,2.0,1,2.0,2.0,1000,0.0,3.0,3.0,0,12.0,2.0,1,2.0,0,2012.0,52.0,1,253,999,1.0,0.0,4500.0,0.0,0.0,5.0,400,1.0,1,2,0.0,4,2,3.0,4.0,1
0,231.0,36600.0,57,36600.0,36600.0,81,1.0,999,1.0,19.0,20,1.0,1.0,2,1,2.0,1,2.0,3.0,1000,0.0,3.0,3.0,0,45.0,2.0,1,2.0,0,2004.0,52.0,1,38,999,4.0,0.0,0.0,0.0,0.0,5.0,400,1.0,4,2,0.0,1,2,3.0,4.0,1
0,231.0,12000.0,42,0.0,0.0,69,6.0,999,3.0,16.0,21,1.0,2.0,1,1,2.0,1,2.0,2.0,1000,0.0,2.0,2.0,0,40.0,1.0,1,1.0,0,2004.0,52.0,1,38,999,1.0,12000.0,0.0,0.0,0.0,5.0,400,1.0,4,2,0.0,1,2,3.0,4.0,1
0,231.0,15000.0,60,15000.0,15000.0,01,1.0,999,1.0,16.0,25,6.0,1.0,2,5,2.0,1,2.0,3.0,1000,0.0,3.0,3.0,0,40.0,2.0,1,2.0,0,1995.0,52.0,1,38,999,2.0,0.0,0.0,0.0,0.0,5.0,400,1.0,4,2,0.0,1,2,3.0,4.0,1
0,175.0,27600.0,73,2400.0,2400.0,82,1.0,32,1.0,16.0,20,4.0,1.0,1,3,1.0,1,1.0,3.0,1000,0.0,3.0,3.0,0,17.0,1.0,1,2.0,0,1994.0,12.0,1,38,999,1.0,16800.0,8400.0,0.0,0.0,5.0,400,1.0,1,2,0.0,1,2,3.0,4.0,1
0,5.0,1900.0,91,1900.0,0.0,61,1.0,22,1.0,13.0,20,1.0,1.0,2,1,2.0,1,2.0,3.0,1000,0.0,3.0,3.0,0,60.0,2.0,1,2.0,0,2003.0,52.0,1,49,999,6.0,0.0,0.0,0.0,0.0,5.0,100,1.0,1,2,0.0,1,2,3.0,4.0,1
0,5.0,0.0,42,0.0,0.0,69,6.0,22,3.0,16.0,21,1.0,2.0,2,1,2.0,1,2.0,2.0,1000,0.0,2.0,2.0,0,40.0,2.0,1,2.0,0,2003.0,52.0,1,16,999,1.0,0.0,0.0,0.0,0.0,5.0,100,1.0,1,2,0.0,1,2,3.0,4.0,1
0,5.0,520.0,42,520.0,520.0,78,1.0,22,1.0,14.0,25,6.0,1.0,2,5,2.0,1,2.0,3.0,1000,0.0,3.0,3.0,0,40.0,2.0,1,2.0,0,1995.0,1.0,1,16,999,3.0,0.0,0.0,0.0,0.0,5.0,100,1.0,1,2,0.0,1,2,3.0,4.0,1
0,501.0,115600.0,57,75900.0,65000.0,06,1.0,32,1.0,20.0,20,1.0,1.0,2,1,2.0,1,2.0,3.0,1000,0.0,3.0,3.0,0,35.0,2.0,1,2.0,0,1990.0,52.0,1,38,999,2.0,0.0,0.0,0.0,0.0,5.0,400,1.0,1,2,39700.0,1,2,3.0,4.0,1
0,501.0,65800.0,47,65800.0,39800.0,47,1.0,22,1.0,19.0,21,1.0,1.0,2,1,2.0,1,2.0,2.0,1000,0.0,2.0,2.0,0,35.0,2.0,1,2.0,0,1990.0,52.0,1,38,20,7.0,0.0,0.0,0.0,0.0,5.0,400,1.0,2,2,0.0,1,2,3.0,2.0,1
0,423.0,82000.0,79,82000.0,80000.0,02,1.0,32,1.0,19.0,20,1.0,1.0,2,1,2.0,1,2.0,3.0,1000,0.0,3.0,3.0,2,50.0,2.0,1,2.0,0,2010.0,52.0,1,38,148,1.0,0.0,0.0,0.0,0.0,5.0,100,3.0,2,2,0.0,1,2,3.0,4.0,1
0,423.0,20000.0,02,20000.0,0.0,01,1.0,32,1.0,20.0,21,1.0,1.0,2,1,2.0,1,2.0,3.0,1000,0.0,3.0,3.0,1,50.0,2.0,1,2.0,0,2010.0,52.0,1,38,999,6.0,0.0,0.0,0.0,0.0,5.0,100,3.0,1,2,0.0,1,2,3.0,4.0,1
0,395.0,61830.0,30,1700.0,1700.0,79,2.0,999,1.0,23.0,20,6.0,2.0,2,5,2.0,1,2.0,2.0,1000,0.0,2.0,1.0,2,70.0,2.0,1,2.0,0,1995.0,1.0,1,38,999,1.0,0.0,60000.0,0.0,0.0,5.0,400,3.0,4,2,130.0,1,2,3.0,4.0,1
0,290.0,70800.0,05,58000.0,58000.0,41,1.0,89,1.0,21.0,20,4.0,1.0,2,3,2.0,1,2.0,3.0,1000,0.0,3.0,3.0,0,40.0,2.0,1,2.0,0,2010.0,52.0,1,27,82,1.0,0.0,0.0,11000.0,1800.0,5.0,600,1.0,2,2,0.0,1,2,3.0,4.0,1
0,197.0,30000.0,36,30000.0,30000.0,83,1.0,50,1.0,16.0,20,4.0,1.0,2,3,2.0,1,2.0,3.0,1000,0.0,3.0,3.0,0,36.0,2.0,1,2.0,0,1986.0,52.0,1,6,32,1.0,0.0,0.0,0.0,0.0,5.0,100,1.0,2,2,0.0,1,2,3.0,4.0,1
1,412.0,65000.0,86,65000.0,65000.0,10,1.0,999,1.0,16.0,20,5.0,1.0,2,4,2.0,1,2.0,3.0,1000,0.0,3.0,3.0,0,60.0,2.0,1,2.0,0,2009.0,49.0,1,38,999,1.0,0.0,0.0,0.0,0.0,5.0,200,1.0,4,2,0.0,1,2,3.0,4.0,1
0,501.0,160000.0,02,160000.0,0.0,01,6.0,82,1.0,20.0,20,1.0,2.0,2,1,2.0,1,2.0,2.0,1000,0.0,2.0,2.0,2,40.0,2.0,1,2.0,0,2021.0,48.0,1,38,22,6.0,0.0,0.0,0.0,0.0,5.0,500,1.0,2,2,0.0,1,2,3.0,4.0,1
0,501.0,40000.0,32,40000.0,40000.0,81,1.0,98,1.0,21.0,21,1.0,1.0,2,1,2.0,1,2.0,3.0,1000,0.0,3.0,3.0,0,26.0,2.0,1,2.0,0,2021.0,52.0,1,38,999,2.0,0.0,0.0,0.0,0.0,5.0,500,1.0,1,2,0.0,1,2,3.0,4.0,1
0,501.0,135000.0,62,135000.0,80000.0,07,1.0,32,1.0,16.0,20,4.0,1.0,2,3,2.0,1,2.0,3.0,1000,0.0,2.0,3.0,2,30.0,2.0,1,2.0,0,2010.0,52.0,1,27,26,1.0,0.0,0.0,0.0,0.0,5.0,600,1.0,2,2,0.0,1,2,3.0,4.0,1
0,282.0,60000.0,71,60000.0,60000.0,60,1.0,82,1.0,20.0,20,1.0,1.0,1,1,2.0,1,2.0,2.0,1000,0.0,2.0,2.0,0,45.0,2.0,1,2.0,0,2007.0,52.0,1,27,999,1.0,0.0,0.0,0.0,0.0,5.0,600,1.0,1,1,0.0,1,2,3.0,4.0,1
0,282.0,36000.0,57,36000.0,36000.0,78,1.0,32,1.0,21.0,21,1.0,1.0,2,1,2.0,1,2.0,2.0,1000,0.0,3.0,3.0,0,40.0,2.0,1,2.0,0,2007.0,52.0,1,38,999,3.0,0.0,0.0,0.0,0.0,5.0,600,1.0,1,2,0.0,1,2,3.0,4.0,1
0,352.0,55500.0,58,48000.0,48000.0,04,1.0,32,1.0,20.0,20,4.0,1.0,2,3,2.0,1,2.0,3.0,1000,0.0,3.0,3.0,0,40.0,2.0,1,2.0,0,2011.0,52.0,1,38,999,1.0,0.0,0.0,0.0,7500.0,5.0,100,1.0,1,2,0.0,1,2,3.0,4.0,1
0,444.0,70000.0,51,70000.0,70000.0,35,1.0,32,1.0,21.0,22,6.0,1.0,2,5,2.0,1,2.0,3.0,1000,0.0,3.0,3.0,0,40.0,2.0,1,2.0,0,1995.0,52.0,1,48,999,1.0,0.0,0.0,0.0,0.0,5.0,100,1.0,1,2,0.0,1,2,3.0,4.0,1
1,83.0,1100.0,42,0.0,0.0,69,6.0,211,3.0,13.0,20,1.0,2.0,1,1,1.0,29,1.0,2.0,9000,0.0,2.0,2.0,0,40.0,1.0,9,1.0,0,1996.0,52.0,1,303,999,1.0,1100.0,0.0,0.0,0.0,5.0,500,1.0,1,1,0.0,3,1,3.0,4.0,2
1,83.0,15500.0,36,15500.0,0.0,83,1.0,211,1.0,11.0,21,1.0,1.0,2,1,2.0,29,2.0,3.0,9000,0.0,3.0,3.0,0,23.0,2.0,9,2.0,0,1996.0,12.0,1,48,999,6.0,0.0,0.0,0.0,0.0,5.0,500,1.0,1,2,0.0,1,2,3.0,4.0,2
0,501.0,85000.0,04,85000.0,85000.0,93,1.0,920,1.0,22.0,25,4.0,1.0,2,3,2.0,3,2.0,3.0,5013,0.0,3.0,3.0,0,40.0,2.0,3,2.0,1,1995.0,52.0,0,53,999,3.0,0.0,0.0,0.0,0.0,5.0,100,1.0,1,2,0.0,1,2,3.0,4.0,1
0,36.0,5800.0,27,5800.0,5800.0,86,1.0,88,1.0,19.0,20,4.0,1.0,2,3,2.0,1,2.0,3.0,1000,0.0,3.0,3.0,0,30.0,2.0,1,2.0,0,2003.0,4.0,1,30,999,1.0,0.0,0.0,0.0,0.0,5.0,400,1.0,1,2,0.0,1,2,3.0,4.0,1
0,38.0,6000.0,40,6000.0,6000.0,86,1.0,939,1.0,18.0,34,5.0,1.0,1,4,1.0,1,1.0,3.0,1000,0.0,3.0,3.0,0,35.0,2.0,1,2.0,0,2013.0,20.0,1,6,999,1.0,0.0,0.0,0.0,0.0,5.0,400,1.0,1,1,0.0,1,2,3.0,4.0,1
0,160.0,24900.0,83,19500.0,19500.0,90,1.0,32,1.0,16.0,20,6.0,1.0,2,5,2.0,1,2.0,3.0,1000,0.0,3.0,3.0,0,40.0,2.0,1,2.0,0,1995.0,52.0,1,27,50,1.0,0.0,5400.0,0.0,0.0,5.0,600,1.0,2,2,0.0,1,2,3.0,4.0,1
1,127.0,20000.0,42,20000.0,20000.0,76,1.0,924,1.0,17.0,20,4.0,1.0,1,3,2.0,1,2.0,3.0,1000,0.0,3.0,3.0,0,20.0,1.0,1,2.0,0,1999.0,52.0,1,38,999,1.0,0.0,0.0,0.0,0.0,5.0,300,1.0,1,1,0.0,1,1,3.0,4.0,1
0,319.0,15000.0,36,15000.0,15000.0,81,6.0,11,1.0,19.0,20,1.0,2.0,2,1,2.0,1,2.0,2.0,1000,0.0,2.0,2.0,0,40.0,2.0,1,2.0,0,2018.0,24.0,1,12,187,1.0,0.0,0.0,0.0,0.0,5.0,400,1.0,2,2,0.0,1,2,3.0,4.0,1
0,319.0,56000.0,82,56000.0,56000.0,30,1.0,11,1.0,19.0,21,1.0,1.0,2,1,2.0,1,2.0,3.0,1000,0.0,3.0,3.0,0,40.0,2.0,1,2.0,0,2018.0,52.0,1,301,999,1.0,0.0,0.0,0.0,0.0,5.0,400,1.0,1,2,0.0,7,2,3.0,4.0,1
0,501.0,80000.0,87,80000.0,80000.0,42,1.0,32,1.0,20.0,20,4.0,1.0,2,3,2.0,1,2.0,3.0,1000,0.0,3.0,3.0,0,45.0,2.0,1,2.0,0,1993.0,52.0,1,38,999,1.0,0.0,0.0,0.0,0.0,5.0,400,1.0,1,2,0.0,1,2,3.0,4.0,1
0,311.0,54000.0,72,54000.0,54000.0,93,1.0,32,1.0,19.0,20,1.0,1.0,1,1,2.0,29,2.0,3.0,9000,0.0,3.0,3.0,0,60.0,2.0,9,2.0,0,1993.0,52.0,1,38,26,3.0,0.0,0.0,0.0,0.0,5.0,200,1.0,2,2,0.0,1,1,3.0,4.0,1
0,311.0,9000.0,42,300.0,300.0,93,1.0,22,1.0,19.0,21,1.0,1.0,2,1,2.0,29,2.0,2.0,9000,0.0,2.0,2.0,0,3.0,2.0,9,2.0,0,1993.0,52.0,1,38,32,3.0,8200.0,0.0,0.0,0.0,5.0,200,1.0,2,2,500.0,1,2,3.0,4.0,1
0,237.0,37000.0,20,37000.0,37000.0,91,1.0,32,1.0,22.0,20,6.0,1.0,2,5,2.0,1,2.0,3.0,1000,0.0,3.0,3.0,0,50.0,2.0,1,2.0,0,1995.0,52.0,1,27,97,2.0,0.0,0.0,0.0,0.0,5.0,500,1.0,2,2,0.0,1,2,3.0,4.0,1
0,335.0,48000.0,58,48000.0,48000.0,82,1.0,999,1.0,16.0,20,1.0,1.0,2,1,2.0,1,2.0,3.0,1000,0.0,3.0,3.0,0,40.0,2.0,1,2.0,0,1981.0,52.0,1,38,999,2.0,0.0,0.0,0.0,0.0,5.0,300,1.0,4,2,0.0,1,2,3.0,4.0,1
0,335.0,20280.0,96,480.0,480.0,50,6.0,32,1.0,15.0,21,1.0,2.0,2,1,2.0,1,2.0,2.0,1000,0.0,2.0,2.0,1,3.0,2.0,1,2.0,0,1981.0,3.0,1,38,999,1.0,19800.0,0.0,0.0,0.0,5.0,300,1.0,1,2,0.0,1,2,3.0,4.0,1
0,292.0,60000.0,81,60000.0,60000.0,39,1.0,999,1.0,19.0,20,1.0,1.0,2,1,2.0,29,2.0,3.0,9000,0.0,3.0,3.0,0,60.0,2.0,9,2.0,0,2014.0,52.0,1,41,999,1.0,0.0,0.0,0.0,0.0,5.0,400,1.0,4,2,0.0,1,2,3.0,4.0,1
0,292.0,30000.0,02,30000.0,30000.0,01,1.0,999,1.0,18.0,21,1.0,1.0,2,1,2.0,29,2.0,3.0,9000,0.0,3.0,3.0,0,80.0,2.0,9,2.0,0,2014.0,52.0,1,27,999,7.0,0.0,0.0,0.0,0.0,5.0,400,1.0,4,2,0.0,1,2,3.0,4.0,1
0,342.0,70000.0,47,70000.0,70000.0,46,1.0,999,1.0,20.0,20,4.0,1.0,2,3,2.0,1,2.0,3.0,1000,0.0,3.0,3.0,0,40.0,2.0,1,2.0,0,2010.0,52.0,1,53,999,1.0,0.0,0.0,0.0,0.0,5.0,300,1.0,4,2,0.0,1,2,3.0,4.0,1
0,265.0,41000.0,36,41000.0,41000.0,82,1.0,999,1.0,16.0,22,4.0,1.0,2,3,2.0,1,2.0,3.0,1000,0.0,3.0,3.0,0,36.0,2.0,1,2.0,0,2008.0,52.0,1,38,999,1.0,0.0,0.0,0.0,0.0,5.0,300,1.0,4,2,0.0,1,2,3.0,4.0,1
0,490.0,75000.0,04,75000.0,75000.0,91,1.0,32,1.0,19.0,20,6.0,1.0,2,5,2.0,1,2.0,3.0,1000,0.0,3.0,3.0,2,60.0,2.0,1,2.0,0,1995.0,52.0,1,38,999,2.0,0.0,0.0,0.0,0.0,5.0,600,1.0,1,2,0.0,1,2,3.0,3.0,1
0,188.0,44000.0,38,44000.0,44000.0,93,1.0,999,1.0,17.0,20,4.0,1.0,2,3,2.0,1,2.0,3.0,1000,0.0,3.0,3.0,0,40.0,2.0,1,2.0,0,2010.0,52.0,1,38,999,3.0,0.0,0.0,0.0,0.0,5.0,400,1.0,4,2,0.0,1,2,3.0,4.0,1
0,191.0,40000.0,47,40000.0,40000.0,46,1.0,142,1.0,18.0,20,6.0,1.0,2,5,2.0,1,2.0,3.0,1000,0.0,3.0,3.0,2,45.0,2.0,1,2.0,0,1995.0,52.0,1,26,32,1.0,0.0,0.0,0.0,0.0,5.0,500,1.0,2,2,0.0,1,2,3.0,4.0,1
0,63.0,10000.0,91,10000.0,10000.0,63,1.0,32,1.0,17.0,22,6.0,1.0,2,5,2.0,1,2.0,3.0,1000,0.0,3.0,3.0,2,20.0,2.0,1,2.0,0,1995.0,52.0,1,13,50,1.0,0.0,0.0,0.0,0.0,5.0,500,1.0,2,2,0.0,1,2,3.0,4.0,1
0,160.0,39000.0,19,39000.0,39000.0,10,1.0,32,1.0,19.0,20,6.0,1.0,2,5,2.0,1,2.0,3.0,1000,0.0,3.0,3.0,0,42.0,2.0,1,2.0,0,1995.0,52.0,1,38,50,1.0,0.0,0.0,0.0,0.0,5.0,100,1.0,2,2,0.0,1,2,3.0,4.0,1
0,45.0,7000.0,96,7000.0,7000.0,01,6.0,920,1.0,14.0,22,6.0,2.0,2,5,2.0,3,2.0,2.0,5013,0.0,1.0,3.0,0,84.0,2.0,3,2.0,1,1995.0,11.0,0,38,999,1.0,0.0,0.0,0.0,0.0,5.0,100,1.0,1,2,0.0,1,2,2.0,4.0,1
0,367.0,55900.0,15,57000.0,57000.0,74,1.0,32,1.0,21.0,20,6.0,1.0,2,5,2.0,1,2.0,3.0,1000,0.0,3.0,3.0,0,40.0,2.0,1,2.0,0,1995.0,52.0,1,27,142,1.0,0.0,0.0,0.0,0.0,5.0,600,3.0,2,2,-1100.0,1,2,3.0,4.0,1
0,255.0,38900.0,08,40000.0,40000.0,42,1.0,82,1.0,21.0,22,6.0,1.0,2,5,2.0,1,2.0,3.0,1000,0.0,3.0,3.0,0,45.0,2.0,1,2.0,0,1995.0,52.0,1,27,88,1.0,0.0,0.0,0.0,0.0,5.0,600,3.0,2,2,-1100.0,1,2,3.0,4.0,1
0,187.0,29000.0,01,29000.0,29000.0,68,1.0,32,1.0,12.0,20,6.0,1.0,2,5,2.0,17,2.0,3.0,9000,0.0,3.0,3.0,0,35.0,2.0,9,2.0,1,1995.0,52.0,1,53,50,1.0,0.0,0.0,0.0,0.0,5.0,600,3.0,2,2,0.0,1,2,3.0,4.0,1
0,180.0,28000.0,26,28000.0,28000.0,53,1.0,32,1.0,13.0,22,6.0,1.0,2,5,2.0,17,2.0,3.0,9000,0.0,3.0,3.0,0,36.0,2.0,9,2.0,1,1995.0,52.0,1,38,920,1.0,0.0,0.0,0.0,0.0,5.0,600,3.0,2,2,0.0,1,2,3.0,4.0,1
0,0.0,0.0,07,0.0,0.0,12,6.0,32,2.0,18.0,20,6.0,2.0,2,5,2.0,1,2.0,2.0,1000,0.0,2.0,2.0,2,40.0,2.0,1,2.0,0,1995.0,52.0,1,38,999,1.0,0.0,0.0,0.0,0.0,5.0,600,3.0,1,2,0.0,1,2,3.0,4.0,1
0,196.0,31000.0,91,31000.0,16000.0,61,1.0,32,1.0,21.0,20,4.0,1.0,2,3,2.0,1,2.0,3.0,1000,0.0,3.0,3.0,0,70.0,2.0,1,2.0,0,1998.0,47.0,1,30,82,1.0,0.0,0.0,0.0,0.0,5.0,100,1.0,2,2,0.0,1,2,3.0,4.0,1
0,307.0,41300.0,22,41300.0,41300.0,78,1.0,26,1.0,21.0,20,1.0,1.0,2,1,2.0,1,2.0,3.0,1000,0.0,3.0,3.0,0,40.0,2.0,1,2.0,0,2012.0,52.0,1,38,125,4.0,0.0,0.0,0.0,0.0,5.0,100,1.0,2,2,0.0,1,2,3.0,4.0,1
0,307.0,50000.0,42,50000.0,50000.0,93,1.0,89,1.0,19.0,21,1.0,1.0,2,1,2.0,1,2.0,3.0,1000,0.0,3.0,3.0,0,40.0,2.0,1,2.0,0,2012.0,52.0,1,38,26,3.0,0.0,0.0,0.0,0.0,5.0,100,1.0,2,2,0.0,1,2,3.0,4.0,1
0,448.0,69000.0,03,69000.0,69000.0,66,1.0,21,1.0,18.0,20,4.0,1.0,2,3,2.0,1,2.0,3.0,1000,0.0,3.0,3.0,0,50.0,2.0,1,2.0,0,2000.0,52.0,1,38,50,2.0,0.0,0.0,0.0,0.0,5.0,600,1.0,2,2,0.0,1,2,3.0,4.0,1
0,85.0,13200.0,42,0.0,0.0,69,6.0,22,3.0,16.0,22,4.0,2.0,1,3,2.0,1,1.0,2.0,1000,0.0,2.0,2.0,2,40.0,1.0,1,1.0,0,2004.0,52.0,1,38,32,1.0,0.0,13200.0,0.0,0.0,5.0,600,1.0,2,2,0.0,1,2,2.0,4.0,1
0,501.0,106000.0,25,106000.0,106000.0,79,1.0,82,1.0,21.0,20,1.0,1.0,2,1,2.0,1,2.0,3.0,1000,0.0,3.0,3.0,0,40.0,2.0,1,2.0,0,2002.0,52.0,1,38,89,2.0,0.0,0.0,0.0,0.0,5.0,500,1.0,2,2,0.0,1,2,3.0,4.0,1
0,501.0,50000.0,77,50000.0,50000.0,39,1.0,996,1.0,16.0,21,1.0,1.0,2,1,2.0,1,2.0,3.0,1000,0.0,3.0,3.0,0,40.0,2.0,1,2.0,0,2002.0,52.0,1,38,999,1.0,0.0,0.0,0.0,0.0,5.0,500,1.0,3,2,0.0,1,2,3.0,4.0,1
0,501.0,20000.0,81,20000.0,20000.0,39,1.0,82,1.0,14.0,25,6.0,1.0,2,5,2.0,1,2.0,3.0,1000,0.0,3.0,3.0,0,16.0,2.0,1,2.0,0,1995.0,52.0,1,38,89,1.0,0.0,0.0,0.0,0.0,5.0,500,1.0,2,2,0.0,1,2,3.0,4.0,1
1,16.0,5000.0,40,5000.0,5000.0,86,1.0,999,1.0,16.0,20,4.0,1.0,1,3,1.0,1,2.0,3.0,1000,0.0,3.0,3.0,0,25.0,2.0,1,2.0,0,2013.0,52.0,1,27,999,1.0,0.0,0.0,0.0,0.0,5.0,400,1.0,4,2,0.0,1,2,3.0,4.0,1
0,383.0,58900.0,17,55000.0,55000.0,74,1.0,999,1.0,21.0,22,4.0,1.0,2,3,2.0,1,2.0,3.0,1000,0.0,3.0,3.0,0,40.0,2.0,1,2.0,0,2004.0,52.0,1,48,999,1.0,0.0,0.0,3900.0,0.0,5.0,400,1.0,4,2,0.0,1,2,3.0,4.0,1
0,258.0,80000.0,73,75000.0,75000.0,07,1.0,939,1.0,19.0,20,6.0,1.0,2,5,2.0,1,2.0,3.0,1000,0.0,1.0,3.0,0,40.0,2.0,1,2.0,0,1995.0,52.0,1,32,999,1.0,0.0,0.0,5000.0,0.0,5.0,300,3.0,1,2,0.0,1,2,1.0,4.0,1
1,158.0,25000.0,51,25000.0,25000.0,77,1.0,924,1.0,20.0,22,6.0,1.0,2,5,2.0,1,2.0,3.0,1000,0.0,3.0,3.0,0,20.0,2.0,1,2.0,0,1995.0,52.0,1,38,999,1.0,0.0,0.0,0.0,0.0,5.0,300,3.0,1,2,0.0,1,2,3.0,4.0,1
0,63.0,10000.0,36,10000.0,10000.0,81,1.0,32,1.0,16.0,20,6.0,1.0,2,5,2.0,1,2.0,3.0,1000,0.0,3.0,3.0,1,20.0,2.0,1,2.0,0,1995.0,52.0,1,38,999,1.0,0.0,0.0,0.0,0.0,5.0,500,3.0,1,2,0.0,1,2,3.0,4.0,1
0,95.0,15000.0,53,15000.0,15000.0,23,1.0,32,1.0,16.0,34,6.0,1.0,2,5,2.0,1,2.0,3.0,1000,0.0,3.0,3.0,0,26.0,2.0,1,2.0,0,1995.0,52.0,1,55,999,1.0,0.0,0.0,0.0,0.0,5.0,500,3.0,1,2,0.0,1,2,3.0,4.0,1
0,127.0,20000.0,52,20000.0,20000.0,53,1.0,82,1.0,19.0,34,6.0,1.0,1,5,2.0,1,1.0,3.0,1000,0.0,3.0,3.0,2,30.0,2.0,1,2.0,0,1995.0,40.0,1,46,999,1.0,0.0,0.0,0.0,0.0,5.0,500,3.0,1,2,0.0,1,2,3.0,4.0,1
0,501.0,150000.0,21,144000.0,144000.0,94,1.0,32,1.0,23.0,20,6.0,1.0,2,5,2.0,1,2.0,3.0,1000,0.0,3.0,3.0,0,40.0,2.0,1,2.0,0,1995.0,52.0,1,38,26,5.0,0.0,0.0,0.0,0.0,5.0,300,1.0,2,2,6000.0,1,2,3.0,4.0,1
0,234.0,15000.0,51,15000.0,15000.0,81,1.0,94,1.0,19.0,20,1.0,1.0,2,1,2.0,1,2.0,3.0,1000,0.0,3.0,3.0,0,40.0,2.0,1,2.0,0,2015.0,28.0,1,53,11,2.0,0.0,0.0,0.0,0.0,5.0,100,1.0,2,2,0.0,1,2,3.0,4.0,1
0,234.0,75000.0,91,75000.0,75000.0,61,1.0,50,1.0,15.0,21,1.0,1.0,2,1,2.0,1,2.0,3.0,1000,0.0,3.0,3.0,0,75.0,2.0,1,2.0,0,2015.0,52.0,1,53,32,1.0,0.0,0.0,0.0,0.0,5.0,100,1.0,2,2,0.0,1,2,3.0,4.0,1
0,501.0,145000.0,57,145000.0,145000.0,93,1.0,999,1.0,19.0,20,1.0,1.0,2,1,2.0,1,2.0,3.0,1000,0.0,3.0,3.0,2,40.0,2.0,1,2.0,0,1983.0,52.0,1,38,999,5.0,0.0,0.0,0.0,0.0,5.0,300,1.0,4,2,0.0,1,2,3.0,4.0,1
0,501.0,25000.0,59,25000.0,25000.0,50,1.0,999,1.0,16.0,21,1.0,1.0,2,1,2.0,1,2.0,3.0,1000,0.0,3.0,3.0,2,24.0,2.0,1,2.0,0,1983.0,52.0,1,38,999,1.0,0.0,0.0,0.0,0.0,5.0,300,1.0,4,2,0.0,1,2,3.0,4.0,1
0,471.0,90000.0,15,90000.0,90000.0,30,1.0,32,1.0,19.0,20,1.0,1.0,2,1,2.0,1,2.0,3.0,1000,0.0,3.0,3.0,0,45.0,2.0,1,2.0,0,2009.0,52.0,1,38,50,1.0,0.0,0.0,0.0,0.0,5.0,400,1.0,2,2,0.0,1,2,3.0,2.0,1
0,471.0,20000.0,26,20000.0,20000.0,54,3.0,82,1.0,21.0,21,1.0,2.0,2,1,2.0,1,2.0,1.0,1000,0.0,1.0,3.0,0,30.0,2.0,1,2.0,0,2009.0,48.0,1,38,20,1.0,0.0,0.0,0.0,0.0,1.0,400,1.0,2,2,0.0,1,2,2.0,4.0,1
0,501.0,100000.0,07,100000.0,100000.0,45,1.0,996,1.0,22.0,20,1.0,1.0,2,1,2.0,1,2.0,3.0,1000,0.0,3.0,3.0,0,55.0,2.0,1,2.0,0,2018.0,52.0,1,27,999,1.0,0.0,0.0,0.0,0.0,5.0,400,1.0,3,2,0.0,1,2,3.0,2.0,1
0,501.0,103000.0,32,103000.0,103000.0,81,1.0,999,1.0,19.0,21,1.0,1.0,2,1,2.0,1,2.0,3.0,1000,0.0,3.0,3.0,0,36.0,2.0,1,2.0,0,2018.0,52.0,1,6,999,2.0,0.0,0.0,0.0,0.0,5.0,400,1.0,4,2,0.0,1,2,3.0,4.0,2
0,501.0,40000.0,36,40000.0,40000.0,81,1.0,999,1.0,18.0,27,6.0,1.0,2,5,2.0,1,2.0,3.0,1000,0.0,3.0,3.0,0,32.0,2.0,1,2.0,0,1995.0,52.0,1,38,999,2.0,0.0,0.0,0.0,0.0,5.0,400,3.0,4,2,0.0,1,2,3.0,4.0,2
0,501.0,59000.0,60,59000.0,59000.0,01,1.0,999,1.0,18.0,27,6.0,1.0,2,5,2.0,1,2.0,3.0,1000,0.0,3.0,3.0,0,80.0,2.0,1,2.0,0,1995.0,34.0,1,38,999,1.0,0.0,0.0,0.0,0.0,5.0,400,1.0,4,2,0.0,1,2,3.0,4.0,2
0,501.0,3600.0,42,3600.0,0.0,92,1.0,999,1.0,18.0,27,6.0,1.0,2,5,2.0,1,2.0,3.0,1000,0.0,3.0,3.0,0,20.0,2.0,1,2.0,0,1995.0,52.0,1,38,999,6.0,0.0,0.0,0.0,0.0,5.0,400,1.0,4,2,0.0,1,2,3.0,4.0,2
0,501.0,62000.0,12,62000.0,62000.0,75,1.0,999,1.0,23.0,32,2.0,1.0,2,1,2.0,1,2.0,3.0,1000,0.0,3.0,3.0,0,40.0,2.0,1,2.0,0,2023.0,52.0,1,6,999,1.0,0.0,0.0,0.0,0.0,5.0,400,1.0,4,2,0.0,1,2,3.0,4.0,2
0,501.0,120000.0,47,120000.0,120000.0,51,1.0,82,1.0,21.0,20,4.0,1.0,2,3,2.0,1,2.0,2.0,1000,0.0,2.0,2.0,0,45.0,2.0,1,2.0,0,1988.0,52.0,1,46,999,1.0,0.0,0.0,0.0,0.0,5.0,200,1.0,1,2,0.0,1,2,3.0,4.0,1
0,501.0,79000.0,32,79000.0,79000.0,81,1.0,32,1.0,20.0,20,4.0,1.0,1,3,2.0,1,2.0,3.0,1000,0.0,3.0,3.0,0,40.0,1.0,1,2.0,0,1997.0,52.0,1,19,999,2.0,0.0,0.0,0.0,0.0,5.0,600,1.0,1,2,0.0,1,1,3.0,4.0,1
1,501.0,15300.0,33,0.0,0.0,81,6.0,32,2.0,20.0,25,6.0,2.0,1,5,1.0,1,1.0,2.0,1000,15300.0,2.0,2.0,0,40.0,1.0,1,1.0,0,1995.0,52.0,1,48,999,2.0,0.0,0.0,0.0,0.0,5.0,600,1.0,1,2,0.0,1,1,3.0,4.0,1
0,501.0,52000.0,81,52000.0,52000.0,07,1.0,290,1.0,16.0,25,6.0,1.0,2,5,2.0,29,2.0,3.0,9000,0.0,3.0,3.0,0,50.0,2.0,9,2.0,0,1995.0,52.0,1,48,999,1.0,0.0,0.0,0.0,0.0,5.0,600,1.0,1,2,0.0,1,2,3.0,4.0,2
0,156.0,28000.0,51,28000.0,28000.0,68,1.0,32,1.0,19.0,20,1.0,1.0,2,1,2.0,1,2.0,3.0,1000,0.0,3.0,3.0,0,35.0,2.0,1,2.0,0,2008.0,52.0,1,38,82,1.0,0.0,0.0,0.0,0.0,5.0,400,1.0,2,2,0.0,1,2,3.0,4.0,1
0,156.0,20000.0,72,20000.0,0.0,87,1.0,82,1.0,20.0,21,1.0,1.0,2,1,2.0,1,2.0,3.0,1000,0.0,3.0,3.0,0,50.0,2.0,1,2.0,0,2008.0,52.0,1,38,999,6.0,0.0,0.0,0.0,0.0,5.0,400,1.0,1,2,0.0,1,2,3.0,4.0,1
0,501.0,125000.0,02,125000.0,125000.0,78,1.0,32,1.0,22.0,20,1.0,1.0,2,1,2.0,1,2.0,3.0,1000,0.0,3.0,3.0,0,50.0,2.0,1,2.0,0,2015.0,33.0,1,38,26,3.0,0.0,0.0,0.0,0.0,5.0,100,1.0,2,2,0.0,1,2,3.0,4.0,1
0,501.0,70000.0,23,70000.0,70000.0,78,1.0,32,1.0,22.0,21,1.0,1.0,2,1,2.0,1,2.0,3.0,1000,0.0,3.0,3.0,0,50.0,2.0,1,2.0,0,2015.0,30.0,1,56,999,3.0,0.0,0.0,0.0,0.0,5.0,100,1.0,1,2,0.0,1,2,3.0,4.0,1
1,391.0,0.0,42,0.0,0.0,69,6.0,88,3.0,17.0,20,1.0,2.0,1,1,2.0,1,1.0,2.0,1000,0.0,2.0,2.0,0,40.0,2.0,1,2.0,0,2010.0,52.0,1,16,999,1.0,0.0,0.0,0.0,0.0,5.0,100,1.0,1,2,0.0,1,2,3.0,4.0,1
0,391.0,78000.0,69,78000.0,78000.0,04,1.0,22,1.0,15.0,21,1.0,1.0,2,1,2.0,1,2.0,3.0,1000,0.0,3.0,3.0,0,67.0,2.0,1,2.0,0,2010.0,26.0,1,16,999,1.0,0.0,0.0,0.0,0.0,5.0,100,1.0,1,2,0.0,1,2,3.0,4.0,1
0,473.0,94000.0,10,94000.0,94000.0,05,1.0,32,1.0,21.0,20,1.0,1.0,2,1,2.0,1,2.0,3.0,1000,0.0,3.0,3.0,0,40.0,2.0,1,2.0,0,2003.0,52.0,1,38,999,1.0,0.0,0.0,0.0,0.0,5.0,300,1.0,1,2,0.0,1,2,3.0,4.0,1
0,473.0,35000.0,34,35000.0,35000.0,80,1.0,32,1.0,20.0,21,1.0,1.0,2,1,2.0,1,2.0,3.0,1000,0.0,3.0,3.0,0,35.0,2.0,1,2.0,0,2003.0,52.0,1,38,111,1.0,0.0,0.0,0.0,0.0,5.0,300,1.0,2,2,0.0,1,2,3.0,4.0,1
0,501.0,117800.0,19,96000.0,96000.0,10,1.0,32,1.0,22.0,20,1.0,1.0,2,1,2.0,1,2.0,3.0,1000,0.0,3.0,3.0,0,60.0,2.0,1,2.0,0,2021.0,52.0,1,42,21,1.0,0.0,1700.0,20000.0,0.0,5.0,500,1.0,2,2,100.0,1,2,3.0,2.0,1
0,501.0,5200.0,41,4000.0,4000.0,86,3.0,50,1.0,16.0,21,1.0,2.0,2,1,2.0,1,2.0,1.0,1000,0.0,2.0,2.0,0,15.0,2.0,1,2.0,0,2021.0,6.0,1,27,22,1.0,0.0,0.0,1200.0,0.0,1.0,500,1.0,2,2,0.0,1,2,3.0,4.0,1
0,501.0,50000.0,20,50000.0,50000.0,78,1.0,999,1.0,22.0,21,1.0,1.0,2,1,2.0,1,2.0,3.0,1000,0.0,3.0,3.0,0,40.0,2.0,1,2.0,0,2005.0,52.0,1,38,999,3.0,0.0,0.0,0.0,0.0,5.0,100,1.0,4,2,0.0,1,2,3.0,4.0,1
0,501.0,82000.0,47,82000.0,82000.0,46,1.0,50,1.0,19.0,20,1.0,1.0,2,1,2.0,1,2.0,3.0,1000,0.0,3.0,3.0,0,55.0,2.0,1,2.0,0,2005.0,52.0,1,8,89,1.0,0.0,0.0,0.0,0.0,5.0,600,1.0,2,2,0.0,1,2,3.0,4.0,1
0,501.0,68000.0,35,68000.0,68000.0,81,1.0,939,1.0,20.0,21,1.0,1.0,2,1,2.0,1,2.0,3.0,1000,0.0,3.0,3.0,2,40.0,2.0,1,2.0,0,2005.0,52.0,1,38,999,2.0,0.0,0.0,0.0,0.0,5.0,600,1.0,1,2,0.0,1,2,3.0,4.0,1
0,307.0,48000.0,73,48000.0,48000.0,70,1.0,50,1.0,19.0,20,6.0,1.0,2,5,2.0,1,2.0,3.0,1000,0.0,3.0,3.0,0,37.0,2.0,1,2.0,0,1995.0,52.0,1,18,22,1.0,0.0,0.0,0.0,0.0,5.0,600,3.0,2,2,0.0,1,2,3.0,4.0,1
0,501.0,61800.0,42,60000.0,60000.0,85,1.0,32,1.0,18.0,20,1.0,1.0,2,1,2.0,1,2.0,3.0,1000,0.0,3.0,3.0,0,55.0,2.0,1,2.0,0,1997.0,52.0,1,38,999,5.0,0.0,0.0,1800.0,0.0,5.0,200,3.0,1,2,0.0,1,2,3.0,2.0,1
0,501.0,60000.0,05,60000.0,60000.0,69,2.0,32,1.0,18.0,21,1.0,1.0,2,1,2.0,1,2.0,3.0,1000,0.0,2.0,1.0,0,40.0,2.0,1,2.0,0,1997.0,52.0,1,38,82,4.0,0.0,0.0,0.0,0.0,5.0,200,3.0,2,2,0.0,1,2,3.0,4.0,1
0,400.0,61600.0,04,58000.0,55000.0,70,1.0,50,1.0,21.0,20,4.0,1.0,2,3,2.0,1,2.0,3.0,1000,0.0,3.0,3.0,0,5.0,2.0,1,2.0,0,1993.0,52.0,1,72,999,1.0,0.0,3600.0,0.0,0.0,5.0,300,1.0,1,2,0.0,2,2,3.0,2.0,1
1,90.0,1500.0,97,0.0,0.0,40,3.0,291,2.0,16.0,20,1.0,2.0,2,1,2.0,29,2.0,3.0,9000,0.0,1.0,3.0,0,40.0,2.0,9,2.0,0,2017.0,52.0,1,303,26,1.0,0.0,1500.0,0.0,0.0,1.0,500,3.0,2,2,0.0,3,2,1.0,4.0,2
0,90.0,20000.0,77,20000.0,20000.0,27,1.0,210,1.0,13.0,21,1.0,1.0,2,1,2.0,29,2.0,3.0,9000,0.0,3.0,3.0,0,40.0,2.0,9,2.0,0,2017.0,52.0,1,303,999,1.0,0.0,0.0,0.0,0.0,5.0,500,3.0,1,2,0.0,3,2,3.0,4.0,2
0,501.0,140000.0,68,140000.0,140000.0,04,1.0,82,1.0,19.0,20,4.0,1.0,2,3,2.0,1,2.0,3.0,1000,0.0,3.0,3.0,0,98.0,2.0,1,2.0,0,2017.0,46.0,1,27,89,1.0,0.0,0.0,0.0,0.0,5.0,400,1.0,2,2,0.0,1,2,3.0,2.0,1
0,70.0,11000.0,42,0.0,0.0,69,6.0,924,3.0,16.0,20,6.0,2.0,1,5,1.0,1,1.0,2.0,1000,11000.0,2.0,2.0,0,40.0,2.0,1,2.0,0,1995.0,52.0,1,27,999,1.0,0.0,0.0,0.0,0.0,5.0,500,1.0,1,2,0.0,1,2,3.0,4.0,1
0,501.0,82000.0,47,82000.0,82000.0,69,1.0,999,1.0,21.0,20,1.0,1.0,2,1,2.0,1,2.0,3.0,1000,0.0,3.0,3.0,0,45.0,2.0,1,2.0,0,2019.0,52.0,1,38,999,1.0,0.0,0.0,0.0,0.0,5.0,600,1.0,4,2,0.0,1,2,3.0,4.0,1
0,501.0,91000.0,62,80000.0,80000.0,07,1.0,999,1.0,19.0,21,1.0,1.0,2,1,2.0,1,2.0,3.0,1000,0.0,3.0,3.0,0,50.0,2.0,1,2.0,0,2019.0,12.0,1,38,999,1.0,0.0,0.0,11000.0,0.0,5.0,600,1.0,4,2,0.0,1,2,3.0,4.0,1
1,210.0,32200.0,60,28800.0,28800.0,01,1.0,82,1.0,16.0,20,4.0,1.0,2,3,2.0,1,2.0,3.0,1000,3400.0,3.0,3.0,0,50.0,2.0,1,2.0,0,1995.0,52.0,1,38,999,1.0,0.0,0.0,0.0,0.0,5.0,500,1.0,1,2,0.0,1,2,3.0,4.0,1
0,194.0,30000.0,51,30000.0,30000.0,49,1.0,999,1.0,19.0,20,4.0,1.0,1,3,1.0,1,2.0,3.0,1000,0.0,3.0,3.0,0,39.0,2.0,1,2.0,0,2005.0,52.0,1,31,999,1.0,0.0,0.0,0.0,0.0,5.0,500,1.0,4,1,0.0,1,2,3.0,4.0,1
0,501.0,100600.0,20,91000.0,91000.0,94,1.0,32,1.0,22.0,20,4.0,1.0,2,3,2.0,1,2.0,3.0,1000,0.0,3.0,3.0,0,40.0,2.0,1,2.0,0,2002.0,52.0,1,17,917,5.0,0.0,0.0,0.0,0.0,5.0,500,1.0,2,2,9600.0,1,2,3.0,4.0,1
1,72.0,11400.0,42,0.0,0.0,69,6.0,22,3.0,19.0,20,4.0,2.0,1,3,2.0,1,2.0,2.0,1000,0.0,2.0,2.0,0,40.0,1.0,1,2.0,0,1976.0,52.0,1,39,50,1.0,11400.0,0.0,0.0,0.0,5.0,300,1.0,2,2,0.0,1,2,3.0,4.0,1
0,501.0,80000.0,60,80000.0,80000.0,01,1.0,32,1.0,19.0,20,4.0,1.0,2,3,2.0,1,2.0,2.0,1000,0.0,2.0,2.0,2,40.0,2.0,1,2.0,0,1993.0,52.0,1,38,999,1.0,0.0,0.0,0.0,0.0,5.0,500,1.0,1,2,0.0,1,2,3.0,4.0,1
0,358.0,50600.0,44,16000.0,16000.0,90,1.0,82,1.0,20.0,20,4.0,1.0,2,3,2.0,1,2.0,3.0,1000,0.0,3.0,3.0,2,50.0,2.0,1,2.0,0,2005.0,6.0,1,38,32,1.0,20600.0,14000.0,0.0,0.0,5.0,300,1.0,2,2,0.0,1,2,3.0,4.0,1
0,414.0,80000.0,02,80000.0,80000.0,01,1.0,32,1.0,16.0,20,1.0,1.0,2,1,2.0,1,2.0,3.0,1000,0.0,3.0,3.0,2,80.0,2.0,1,2.0,0,2019.0,52.0,1,38,999,1.0,0.0,0.0,0.0,0.0,5.0,500,1.0,1,2,0.0,1,2,3.0,4.0,1
0,414.0,43000.0,23,43000.0,43000.0,78,1.0,82,1.0,21.0,21,1.0,1.0,2,1,2.0,1,2.0,3.0,1000,0.0,3.0,3.0,0,40.0,2.0,1,2.0,0,2019.0,52.0,1,38,999,1.0,0.0,0.0,0.0,0.0,5.0,500,1.0,1,2,0.0,1,2,3.0,4.0,1
0,427.0,36000.0,51,36000.0,36000.0,81,1.0,32,1.0,20.0,20,1.0,1.0,2,1,2.0,1,2.0,3.0,1000,0.0,3.0,3.0,0,40.0,2.0,1,2.0,0,2008.0,52.0,1,38,999,2.0,0.0,0.0,0.0,0.0,5.0,200,1.0,1,2,0.0,1,2,3.0,4.0,1
0,427.0,50000.0,72,50000.0,0.0,87,1.0,32,1.0,17.0,21,1.0,1.0,2,1,2.0,1,2.0,3.0,1000,0.0,3.0,3.0,0,40.0,2.0,1,2.0,0,2008.0,52.0,1,38,999,6.0,0.0,0.0,0.0,0.0,5.0,200,1.0,1,2,0.0,1,2,3.0,4.0,1
0,36.0,3000.0,02,3000.0,0.0,01,1.0,32,1.0,20.0,25,6.0,1.0,2,5,2.0,1,2.0,3.0,1000,0.0,3.0,3.0,0,80.0,2.0,1,2.0,0,1995.0,52.0,1,38,999,6.0,0.0,0.0,0.0,0.0,5.0,400,1.0,1,2,0.0,1,2,3.0,4.0,1
0,270.0,55000.0,23,55000.0,55000.0,78,2.0,26,1.0,21.0,20,1.0,2.0,2,1,2.0,1,2.0,3.0,1000,0.0,2.0,1.0,0,40.0,2.0,1,2.0,0,2017.0,38.0,1,38,32,2.0,0.0,0.0,0.0,0.0,5.0,100,1.0,2,2,0.0,1,2,1.0,4.0,1
0,270.0,65000.0,52,65000.0,65000.0,42,1.0,999,1.0,16.0,21,1.0,1.0,1,1,2.0,17,2.0,2.0,9000,0.0,2.0,2.0,0,40.0,2.0,9,2.0,1,2017.0,52.0,1,39,999,1.0,0.0,0.0,0.0,0.0,5.0,100,1.0,4,1,0.0,1,2,2.0,4.0,1
1,42.0,6400.0,42,0.0,0.0,69,6.0,917,3.0,16.0,20,4.0,2.0,2,3,2.0,3,2.0,2.0,5013,6400.0,2.0,2.0,0,40.0,2.0,3,2.0,1,2012.0,52.0,0,38,999,1.0,0.0,0.0,0.0,0.0,5.0,300,1.0,1,2,0.0,1,2,3.0,4.0,1
0,482.0,76000.0,52,76000.0,76000.0,42,1.0,97,1.0,19.0,20,6.0,1.0,2,5,2.0,1,2.0,3.0,1000,0.0,3.0,3.0,0,45.0,2.0,1,2.0,0,1995.0,52.0,1,47,999,1.0,0.0,0.0,0.0,0.0,5.0,600,1.0,1,2,0.0,1,2,3.0,4.0,1
0,497.0,118000.0,32,118000.0,93000.0,82,1.0,82,1.0,21.0,20,1.0,1.0,2,1,2.0,1,2.0,3.0,1000,0.0,3.0,3.0,0,40.0,2.0,1,2.0,0,1999.0,52.0,1,38,999,2.0,0.0,0.0,0.0,0.0,5.0,500,1.0,1,2,0.0,1,2,3.0,4.0,1
0,497.0,30000.0,02,30000.0,0.0,01,1.0,82,1.0,20.0,21,1.0,1.0,2,1,2.0,1,2.0,3.0,1000,0.0,3.0,3.0,0,30.0,2.0,1,2.0,0,1999.0,52.0,1,38,32,6.0,0.0,0.0,0.0,0.0,5.0,500,1.0,2,2,0.0,1,2,3.0,4.0,1
0,497.0,3000.0,36,3000.0,3000.0,82,6.0,82,1.0,14.0,25,6.0,2.0,2,5,2.0,1,2.0,2.0,1000,0.0,2.0,2.0,0,24.0,2.0,1,2.0,0,1995.0,12.0,1,38,32,2.0,0.0,0.0,0.0,0.0,5.0,500,1.0,2,2,0.0,1,2,3.0,4.0,1
0,321.0,63000.0,47,63000.0,63000.0,48,1.0,148,1.0,18.0,20,1.0,1.0,2,1,2.0,1,2.0,3.0,1000,0.0,3.0,3.0,0,42.0,2.0,1,2.0,0,2002.0,52.0,1,38,32,1.0,0.0,0.0,0.0,0.0,5.0,200,1.0,2,2,0.0,1,2,3.0,2.0,1
0,321.0,4900.0,42,0.0,0.0,69,6.0,22,3.0,22.0,21,1.0,2.0,2,1,2.0,1,2.0,2.0,1000,0.0,2.0,2.0,0,40.0,2.0,1,2.0,0,2002.0,52.0,1,56,999,1.0,1000.0,0.0,3900.0,0.0,5.0,200,1.0,1,2,0.0,1,2,3.0,2.0,1
0,321.0,8400.0,42,6000.0,6000.0,85,6.0,148,1.0,14.0,25,6.0,2.0,2,5,2.0,1,2.0,2.0,1000,0.0,2.0,2.0,0,40.0,2.0,1,2.0,0,1995.0,8.0,1,56,22,4.0,2400.0,0.0,0.0,0.0,5.0,200,1.0,2,2,0.0,1,2,3.0,4.0,1
1,72.0,26000.0,47,26000.0,26000.0,50,1.0,917,1.0,14.0,20,1.0,1.0,2,1,2.0,3,2.0,3.0,5013,0.0,3.0,3.0,0,40.0,2.0,3,2.0,1,2017.0,52.0,0,38,902,1.0,0.0,0.0,0.0,0.0,5.0,200,1.0,2,2,0.0,1,2,3.0,4.0,1
1,72.0,0.0,47,0.0,0.0,50,6.0,996,2.0,16.0,21,1.0,2.0,1,1,1.0,1,2.0,2.0,1000,0.0,2.0,2.0,0,40.0,2.0,1,2.0,0,2017.0,52.0,1,38,999,1.0,0.0,0.0,0.0,0.0,5.0,200,1.0,3,2,0.0,1,2,3.0,4.0,1
0,409.0,25000.0,42,0.0,0.0,69,6.0,26,3.0,19.0,21,1.0,2.0,1,1,2.0,1,1.0,2.0,1000,0.0,2.0,2.0,2,40.0,1.0,1,1.0,0,1985.0,52.0,1,38,939,1.0,20000.0,0.0,0.0,0.0,5.0,300,1.0,2,2,5000.0,1,2,3.0,4.0,1
0,21.0,3300.0,42,0.0,0.0,69,6.0,82,3.0,19.0,20,4.0,2.0,2,3,2.0,1,2.0,2.0,1000,0.0,2.0,2.0,0,40.0,2.0,1,2.0,0,1990.0,52.0,1,38,999,1.0,3300.0,0.0,0.0,0.0,5.0,600,1.0,1,2,0.0,1,2,3.0,4.0,1
0,501.0,81000.0,00,81000.0,81000.0,49,1.0,82,1.0,18.0,20,4.0,1.0,2,3,2.0,1,2.0,3.0,1000,0.0,3.0,3.0,0,40.0,2.0,1,2.0,0,1978.0,52.0,1,38,999,1.0,0.0,0.0,0.0,0.0,5.0,300,1.0,1,2,0.0,1,2,3.0,4.0,1
0,501.0,140000.0,15,140000.0,140000.0,72,1.0,32,1.0,20.0,20,1.0,1.0,2,1,2.0,1,2.0,3.0,1000,0.0,3.0,3.0,0,45.0,2.0,1,2.0,0,2016.0,52.0,1,38,21,1.0,0.0,0.0,0.0,0.0,5.0,300,1.0,2,2,0.0,1,2,3.0,4.0,1
0,501.0,50000.0,57,50000.0,50000.0,46,1.0,32,1.0,16.0,21,1.0,1.0,2,1,2.0,1,2.0,3.0,1000,0.0,3.0,3.0,2,40.0,2.0,1,2.0,0,2016.0,52.0,1,38,999,1.0,0.0,0.0,0.0,0.0,5.0,300,1.0,1,2,0.0,1,2,3.0,4.0,1
0,501.0,63000.0,33,63000.0,63000.0,79,1.0,32,1.0,20.0,27,6.0,1.0,2,5,2.0,1,2.0,3.0,1000,0.0,3.0,3.0,0,40.0,2.0,1,2.0,0,1995.0,52.0,1,38,999,1.0,0.0,0.0,0.0,0.0,5.0,300,1.0,1,2,0.0,1,2,3.0,4.0,1
0,168.0,0.0,02,0.0,0.0,01,6.0,999,2.0,16.0,20,1.0,1.0,2,1,2.0,1,2.0,3.0,1000,0.0,3.0,3.0,0,40.0,2.0,1,2.0,0,2023.0,52.0,1,27,999,6.0,0.0,0.0,0.0,0.0,5.0,100,1.0,4,2,0.0,1,2,3.0,4.0,1
0,168.0,50000.0,91,50000.0,50000.0,61,1.0,999,1.0,19.0,21,1.0,1.0,2,1,2.0,1,2.0,3.0,1000,0.0,3.0,3.0,0,50.0,2.0,1,2.0,0,2023.0,52.0,1,30,999,1.0,0.0,0.0,0.0,0.0,5.0,100,1.0,4,2,0.0,1,2,3.0,4.0,1
0,184.0,35000.0,40,35000.0,25000.0,78,1.0,32,1.0,21.0,20,6.0,1.0,1,5,2.0,1,1.0,3.0,1000,0.0,3.0,3.0,0,60.0,2.0,1,2.0,0,1995.0,52.0,1,38,999,6.0,0.0,0.0,0.0,0.0,5.0,200,1.0,1,2,0.0,1,1,3.0,4.0,1
0,156.0,24000.0,62,24000.0,0.0,07,1.0,89,1.0,19.0,22,6.0,1.0,2,5,2.0,1,2.0,3.0,1000,0.0,3.0,3.0,0,40.0,2.0,1,2.0,0,1995.0,52.0,1,38,999,6.0,0.0,0.0,0.0,0.0,5.0,200,1.0,1,2,0.0,1,2,3.0,4.0,1
0,184.0,1300.0,54,1300.0,1300.0,60,6.0,32,1.0,21.0,25,6.0,2.0,2,5,2.0,1,2.0,2.0,1000,0.0,2.0,2.0,0,25.0,2.0,1,2.0,0,1995.0,26.0,1,38,89,1.0,0.0,0.0,0.0,0.0,5.0,200,1.0,2,2,0.0,1,2,3.0,4.0,1
0,212.0,61800.0,42,60000.0,60000.0,85,1.0,999,1.0,19.0,20,1.0,1.0,2,1,2.0,1,2.0,3.0,1000,0.0,3.0,3.0,1,55.0,2.0,1,2.0,0,2000.0,52.0,1,55,999,5.0,0.0,0.0,1800.0,0.0,5.0,200,1.0,4,2,0.0,1,2,3.0,4.0,1
0,212.0,14000.0,50,14000.0,14000.0,81,1.0,999,1.0,20.0,21,1.0,1.0,2,1,2.0,1,2.0,3.0,1000,0.0,3.0,3.0,2,40.0,2.0,1,2.0,0,2000.0,52.0,1,12,999,2.0,0.0,0.0,0.0,0.0,5.0,200,1.0,4,2,0.0,1,2,3.0,4.0,1
0,187.0,38000.0,64,38000.0,38000.0,07,1.0,291,1.0,18.0,20,6.0,1.0,2,5,2.0,29,2.0,3.0,9000,0.0,3.0,3.0,0,48.0,2.0,9,2.0,0,1995.0,52.0,1,38,999,1.0,0.0,0.0,0.0,0.0,5.0,600,3.0,1,2,0.0,1,2,3.0,4.0,23
0,71.0,11000.0,47,11000.0,11000.0,68,1.0,32,1.0,19.0,22,6.0,1.0,2,5,2.0,1,2.0,3.0,1000,0.0,3.0,3.0,0,40.0,2.0,1,2.0,0,1995.0,28.0,1,27,999,1.0,0.0,0.0,0.0,0.0,5.0,600,3.0,1,2,0.0,1,2,3.0,4.0,1
0,225.0,35000.0,03,35000.0,35000.0,82,1.0,32,1.0,20.0,20,4.0,1.0,2,3,2.0,1,2.0,3.0,1000,0.0,3.0,3.0,0,41.0,2.0,1,2.0,0,1982.0,52.0,1,110,999,1.0,0.0,0.0,0.0,0.0,5.0,400,1.0,1,2,0.0,5,2,3.0,2.0,1
0,398.0,62000.0,32,62000.0,62000.0,79,1.0,32,1.0,20.0,20,4.0,1.0,1,3,2.0,1,2.0,3.0,1000,0.0,3.0,3.0,0,36.0,2.0,1,2.0,0,1980.0,52.0,1,38,999,1.0,0.0,0.0,0.0,0.0,5.0,100,1.0,1,2,0.0,1,1,3.0,4.0,1
0,343.0,49200.0,42,0.0,0.0,69,6.0,89,3.0,16.0,22,3.0,2.0,1,2,2.0,1,1.0,2.0,1000,0.0,2.0,2.0,2,40.0,2.0,1,2.0,0,1981.0,52.0,1,55,999,1.0,0.0,20000.0,29200.0,0.0,5.0,100,1.0,1,1,0.0,1,2,3.0,4.0,1
0,275.0,43000.0,60,43000.0,43000.0,01,1.0,570,1.0,20.0,20,2.0,1.0,2,1,2.0,16,2.0,3.0,9000,0.0,3.0,3.0,2,70.0,2.0,9,2.0,0,2013.0,12.0,1,449,999,1.0,0.0,0.0,0.0,0.0,5.0,500,1.0,1,2,0.0,6,2,3.0,4.0,1
0,241.0,37700.0,60,37700.0,37700.0,01,1.0,570,1.0,16.0,36,6.0,1.0,2,5,2.0,16,2.0,3.0,9000,0.0,3.0,3.0,0,70.0,2.0,9,2.0,0,1995.0,31.0,1,449,999,1.0,0.0,0.0,0.0,0.0,5.0,500,1.0,1,2,0.0,6,2,3.0,4.0,1
0,76.0,11900.0,60,11900.0,11900.0,01,1.0,570,1.0,16.0,36,6.0,1.0,2,5,2.0,16,2.0,3.0,9000,0.0,3.0,3.0,2,60.0,2.0,9,2.0,0,1995.0,12.0,1,449,999,1.0,0.0,0.0,0.0,0.0,5.0,500,2.0,1,2,0.0,6,2,3.0,4.0,1
0,232.0,36200.0,60,36200.0,36200.0,01,1.0,570,1.0,19.0,36,6.0,1.0,2,5,2.0,16,2.0,3.0,9000,0.0,3.0,3.0,0,70.0,2.0,9,2.0,0,1995.0,31.0,1,449,999,1.0,0.0,0.0,0.0,0.0,5.0,500,1.0,1,2,0.0,6,2,3.0,4.0,1
0,282.0,44000.0,60,44000.0,44000.0,01,1.0,570,1.0,16.0,36,6.0,1.0,2,5,2.0,16,2.0,3.0,9000,0.0,3.0,3.0,0,75.0,2.0,9,2.0,0,1995.0,28.0,1,449,999,1.0,0.0,0.0,0.0,0.0,5.0,500,1.0,1,2,0.0,6,2,3.0,4.0,1
0,295.0,46100.0,60,46100.0,46100.0,01,1.0,570,1.0,17.0,36,6.0,1.0,2,5,2.0,16,2.0,3.0,9000,0.0,3.0,3.0,0,75.0,2.0,9,2.0,0,1995.0,29.0,1,449,999,1.0,0.0,0.0,0.0,0.0,5.0,500,1.0,1,2,0.0,6,2,3.0,4.0,1
0,250.0,39100.0,60,39100.0,39100.0,01,1.0,570,1.0,19.0,36,6.0,1.0,2,5,2.0,16,2.0,3.0,9000,0.0,3.0,3.0,0,75.0,2.0,9,2.0,0,1995.0,30.0,1,449,999,1.0,0.0,0.0,0.0,0.0,5.0,500,1.0,1,2,0.0,6,2,3.0,4.0,1
0,256.0,40000.0,60,40000.0,40000.0,01,1.0,570,1.0,16.0,36,6.0,1.0,2,5,2.0,16,2.0,3.0,9000,0.0,3.0,3.0,0,70.0,2.0,9,2.0,0,1995.0,32.0,1,449,999,1.0,0.0,0.0,0.0,0.0,5.0,500,1.0,1,2,0.0,6,2,3.0,4.0,1
1,93.0,14500.0,60,14500.0,14500.0,01,1.0,570,1.0,16.0,36,6.0,1.0,2,5,2.0,16,2.0,3.0,9000,0.0,3.0,3.0,0,60.0,2.0,9,2.0,0,1995.0,52.0,1,449,999,1.0,0.0,0.0,0.0,0.0,5.0,500,1.0,1,2,0.0,6,2,3.0,4.0,1
0,224.0,35000.0,60,35000.0,35000.0,01,1.0,570,1.0,16.0,36,6.0,1.0,2,5,2.0,16,2.0,3.0,9000,0.0,3.0,3.0,0,70.0,2.0,9,2.0,0,1995.0,30.0,1,449,999,1.0,0.0,0.0,0.0,0.0,5.0,500,2.0,1,2,0.0,6,2,3.0,4.0,1
0,378.0,59000.0,60,59000.0,59000.0,01,1.0,570,1.0,20.0,36,6.0,1.0,2,5,2.0,16,2.0,3.0,9000,0.0,3.0,3.0,2,80.0,2.0,9,2.0,0,1995.0,34.0,1,449,999,1.0,0.0,0.0,0.0,0.0,5.0,500,1.0,1,2,0.0,6,2,3.0,4.0,1
0,77.0,12100.0,60,12100.0,12100.0,01,1.0,570,1.0,16.0,36,6.0,1.0,2,5,2.0,16,2.0,3.0,9000,0.0,3.0,3.0,0,70.0,2.0,9,2.0,0,1995.0,10.0,1,449,999,1.0,0.0,0.0,0.0,0.0,5.0,500,2.0,1,2,0.0,6,2,3.0,4.0,1
0,486.0,12000.0,40,12000.0,12000.0,78,1.0,82,1.0,16.0,20,1.0,1.0,2,1,2.0,1,2.0,3.0,1000,0.0,3.0,3.0,2,35.0,2.0,1,2.0,0,1998.0,36.0,1,38,32,3.0,0.0,0.0,0.0,0.0,5.0,200,1.0,2,2,0.0,1,2,3.0,4.0,1
0,486.0,85000.0,19,85000.0,85000.0,45,1.0,32,1.0,20.0,21,1.0,1.0,2,1,2.0,1,2.0,3.0,1000,0.0,3.0,3.0,2,40.0,2.0,1,2.0,0,1998.0,52.0,1,38,999,1.0,0.0,0.0,0.0,0.0,5.0,200,1.0,1,2,0.0,1,2,3.0,4.0,1
0,88.0,14000.0,52,14000.0,14000.0,78,1.0,50,1.0,21.0,20,6.0,1.0,2,5,2.0,1,2.0,3.0,1000,0.0,3.0,3.0,0,20.0,2.0,1,2.0,0,1995.0,50.0,1,55,22,4.0,0.0,0.0,0.0,0.0,5.0,500,1.0,2,2,0.0,1,2,3.0,4.0,1
0,0.0,0.0,47,0.0,0.0,53,3.0,239,2.0,19.0,34,6.0,2.0,2,5,2.0,29,2.0,1.0,9000,0.0,2.0,2.0,0,40.0,2.0,9,2.0,0,1995.0,52.0,1,42,22,1.0,0.0,0.0,0.0,0.0,1.0,500,1.0,2,2,0.0,1,2,3.0,4.0,21
0,76.0,12100.0,76,12000.0,12000.0,78,1.0,924,1.0,19.0,34,6.0,1.0,2,5,2.0,1,2.0,3.0,1000,0.0,3.0,3.0,0,20.0,2.0,1,2.0,0,1995.0,45.0,1,26,22,4.0,0.0,0.0,0.0,0.0,5.0,500,1.0,2,2,100.0,1,2,3.0,4.0,1
0,501.0,75000.0,32,75000.0,75000.0,69,1.0,924,1.0,21.0,21,1.0,1.0,2,1,2.0,1,2.0,3.0,1000,0.0,3.0,3.0,2,40.0,2.0,1,2.0,0,2012.0,52.0,1,38,82,4.0,0.0,0.0,0.0,0.0,5.0,500,1.0,2,2,0.0,1,2,3.0,4.0,1
0,446.0,70000.0,60,20000.0,20000.0,01,1.0,32,1.0,16.0,20,6.0,1.0,2,5,2.0,1,2.0,3.0,1000,0.0,3.0,3.0,0,40.0,2.0,1,2.0,0,1995.0,26.0,1,38,82,1.0,0.0,50000.0,0.0,0.0,5.0,600,1.0,2,2,0.0,1,2,3.0,4.0,1
0,253.0,40000.0,73,40000.0,40000.0,39,1.0,98,1.0,20.0,20,6.0,1.0,2,5,2.0,1,2.0,3.0,1000,0.0,3.0,3.0,0,40.0,2.0,1,2.0,0,1995.0,52.0,1,27,999,1.0,0.0,0.0,0.0,0.0,5.0,600,1.0,1,2,0.0,1,2,3.0,3.0,1
0,354.0,60050.0,20,60000.0,60000.0,78,1.0,195,1.0,21.0,20,1.0,1.0,2,1,2.0,1,2.0,2.0,1000,0.0,2.0,2.0,0,35.0,2.0,1,2.0,0,2008.0,46.0,1,55,999,3.0,0.0,0.0,0.0,0.0,5.0,400,1.0,1,2,50.0,1,2,3.0,4.0,1
0,354.0,68000.0,32,68000.0,68000.0,81,1.0,195,1.0,21.0,21,1.0,1.0,2,1,2.0,1,2.0,2.0,1000,0.0,2.0,2.0,0,40.0,2.0,1,2.0,0,2008.0,52.0,1,38,999,2.0,0.0,0.0,0.0,0.0,5.0,400,1.0,1,2,0.0,1,2,2.0,4.0,1
0,188.0,0.0,42,0.0,0.0,69,6.0,82,3.0,20.0,21,1.0,2.0,2,1,2.0,1,2.0,2.0,1000,0.0,2.0,2.0,1,40.0,2.0,1,2.0,0,1981.0,52.0,1,38,88,1.0,0.0,0.0,0.0,0.0,5.0,200,1.0,2,2,0.0,1,2,3.0,4.0,1
1,95.0,0.0,42,0.0,0.0,69,6.0,26,3.0,20.0,20,1.0,2.0,2,1,2.0,1,2.0,2.0,1000,0.0,2.0,2.0,0,40.0,2.0,1,2.0,0,2020.0,52.0,1,8,32,1.0,0.0,0.0,0.0,0.0,5.0,500,1.0,2,2,0.0,1,2,3.0,4.0,1
1,95.0,19200.0,42,0.0,0.0,69,6.0,32,3.0,11.0,21,1.0,2.0,2,1,2.0,1,2.0,2.0,1000,0.0,2.0,2.0,0,40.0,2.0,1,2.0,0,2020.0,52.0,1,8,999,1.0,19200.0,0.0,0.0,0.0,5.0,500,1.0,1,2,0.0,1,2,3.0,4.0,1
0,501.0,100250.0,47,100000.0,100000.0,69,1.0,996,1.0,20.0,20,1.0,1.0,2,1,2.0,1,2.0,3.0,1000,0.0,3.0,3.0,0,42.0,2.0,1,2.0,0,1992.0,52.0,1,38,999,2.0,0.0,0.0,0.0,0.0,5.0,600,1.0,3,2,250.0,1,2,3.0,4.0,1
0,277.0,55000.0,04,55000.0,55000.0,72,1.0,32,1.0,21.0,20,1.0,1.0,2,1,2.0,1,2.0,3.0,1000,0.0,3.0,3.0,0,40.0,2.0,1,2.0,0,2014.0,52.0,1,46,999,1.0,0.0,0.0,0.0,0.0,5.0,500,1.0,1,2,0.0,1,2,3.0,4.0,1
0,277.0,30000.0,02,30000.0,0.0,01,6.0,24,1.0,21.0,21,1.0,2.0,2,1,2.0,1,2.0,2.0,1000,0.0,2.0,2.0,0,40.0,2.0,1,2.0,0,2014.0,12.0,1,38,999,6.0,0.0,0.0,0.0,0.0,5.0,500,1.0,1,2,0.0,1,2,3.0,4.0,1
0,501.0,155000.0,02,155000.0,125000.0,01,1.0,88,1.0,16.0,20,1.0,1.0,2,1,2.0,1,2.0,3.0,1000,0.0,3.0,3.0,0,60.0,2.0,1,2.0,0,1992.0,52.0,1,30,97,6.0,0.0,0.0,0.0,0.0,5.0,100,1.0,2,2,0.0,1,2,3.0,4.0,1
0,501.0,2500.0,02,2500.0,0.0,01,1.0,11,1.0,18.0,25,6.0,1.0,2,5,2.0,1,2.0,3.0,1000,0.0,3.0,3.0,0,80.0,2.0,1,2.0,0,1995.0,8.0,1,38,82,6.0,0.0,0.0,0.0,0.0,5.0,100,1.0,2,2,0.0,1,2,3.0,4.0,1
1,14.0,2200.0,42,2200.0,2200.0,76,1.0,50,1.0,19.0,34,6.0,1.0,2,5,2.0,17,2.0,3.0,9000,0.0,3.0,3.0,0,40.0,2.0,9,2.0,1,1995.0,8.0,1,16,917,1.0,0.0,0.0,0.0,0.0,5.0,100,1.0,2,2,0.0,1,2,3.0,3.0,1
0,501.0,26000.0,40,26000.0,26000.0,78,1.0,32,1.0,16.0,21,1.0,1.0,2,1,2.0,1,2.0,3.0,1000,0.0,3.0,3.0,2,41.0,2.0,1,2.0,0,1983.0,39.0,1,38,999,3.0,0.0,0.0,0.0,0.0,5.0,100,1.0,1,2,0.0,1,2,3.0,4.0,1
0,501.0,16000.0,54,16000.0,16000.0,79,1.0,999,1.0,16.0,20,1.0,1.0,2,1,2.0,1,2.0,3.0,1000,0.0,3.0,3.0,0,20.0,2.0,1,2.0,0,1996.0,52.0,1,8,999,1.0,0.0,0.0,0.0,0.0,5.0,200,1.0,4,2,0.0,1,2,3.0,4.0,1
0,501.0,160000.0,89,160000.0,160000.0,22,1.0,999,1.0,19.0,21,1.0,1.0,2,1,2.0,1,2.0,3.0,1000,0.0,3.0,3.0,0,40.0,2.0,1,2.0,0,1996.0,52.0,1,38,999,1.0,0.0,0.0,0.0,0.0,5.0,200,1.0,4,2,0.0,1,2,3.0,4.0,1
0,250.0,39500.0,23,39500.0,39500.0,78,1.0,82,1.0,21.0,20,6.0,1.0,2,5,2.0,1,2.0,3.0,1000,0.0,3.0,3.0,0,40.0,2.0,1,2.0,0,1995.0,45.0,1,38,999,3.0,0.0,0.0,0.0,0.0,5.0,600,3.0,1,2,0.0,1,2,3.0,4.0,1
0,25.0,4050.0,93,4000.0,4000.0,78,1.0,750,1.0,19.0,20,6.0,1.0,2,5,2.0,8,2.0,3.0,4003,0.0,3.0,3.0,2,10.0,2.0,6,2.0,0,1995.0,40.0,0,217,999,4.0,0.0,0.0,0.0,0.0,5.0,500,1.0,1,2,50.0,4,2,3.0,4.0,1
0,501.0,15000.0,32,15000.0,15000.0,80,1.0,187,1.0,21.0,20,1.0,1.0,2,1,2.0,1,2.0,3.0,1000,0.0,3.0,3.0,0,7.0,2.0,1,2.0,0,2005.0,52.0,1,27,999,1.0,0.0,0.0,0.0,0.0,5.0,600,1.0,1,2,0.0,1,2,3.0,4.0,1
0,501.0,65000.0,72,65000.0,65000.0,73,1.0,996,1.0,19.0,20,1.0,1.0,2,1,2.0,29,2.0,2.0,9000,0.0,2.0,2.0,0,40.0,2.0,9,2.0,0,2022.0,52.0,1,38,999,5.0,0.0,0.0,0.0,0.0,1.0,500,1.0,3,2,0.0,1,2,3.0,3.0,1
0,501.0,61000.0,72,55000.0,55000.0,07,1.0,996,1.0,17.0,21,1.0,1.0,2,1,2.0,29,2.0,2.0,9000,0.0,2.0,2.0,0,40.0,2.0,9,2.0,0,2022.0,52.0,1,38,999,5.0,0.0,0.0,6000.0,0.0,1.0,500,1.0,3,2,0.0,1,2,2.0,3.0,1
0,348.0,65000.0,72,65000.0,65000.0,48,1.0,32,1.0,20.0,20,1.0,1.0,2,1,2.0,1,2.0,3.0,1000,0.0,3.0,3.0,0,50.0,2.0,1,2.0,0,2018.0,50.0,1,38,999,1.0,0.0,0.0,0.0,0.0,5.0,400,3.0,1,2,0.0,1,2,3.0,4.0,1
0,348.0,60000.0,05,60000.0,60000.0,44,1.0,32,1.0,21.0,21,1.0,1.0,2,1,2.0,1,2.0,3.0,1000,0.0,3.0,3.0,0,40.0,2.0,1,2.0,0,2018.0,52.0,1,38,999,1.0,0.0,0.0,0.0,0.0,5.0,400,3.0,1,2,0.0,1,2,3.0,4.0,1
0,197.0,30000.0,58,30000.0,30000.0,93,1.0,32,1.0,20.0,20,6.0,1.0,2,5,2.0,1,2.0,3.0,1000,0.0,3.0,3.0,0,40.0,2.0,1,2.0,0,1995.0,52.0,1,38,50,3.0,0.0,0.0,0.0,0.0,5.0,600,3.0,2,2,0.0,1,2,3.0,4.0,1
0,328.0,50000.0,15,50000.0,50000.0,72,1.0,50,1.0,20.0,22,4.0,1.0,2,3,2.0,1,2.0,3.0,1000,0.0,3.0,3.0,0,40.0,2.0,1,2.0,0,2017.0,52.0,1,38,999,3.0,0.0,0.0,0.0,0.0,5.0,600,3.0,1,2,0.0,1,2,3.0,4.0,1
0,199.0,80000.0,08,80000.0,0.0,73,1.0,999,1.0,22.0,20,1.0,1.0,2,1,2.0,1,2.0,3.0,1000,0.0,3.0,3.0,0,44.0,2.0,1,2.0,0,2011.0,52.0,1,38,999,6.0,0.0,0.0,0.0,0.0,5.0,300,1.0,4,2,0.0,1,2,3.0,4.0,1
0,199.0,0.0,42,0.0,0.0,69,6.0,999,3.0,21.0,21,1.0,2.0,2,1,2.0,1,2.0,2.0,1000,0.0,2.0,2.0,0,40.0,2.0,1,2.0,0,2011.0,52.0,1,38,999,1.0,0.0,0.0,0.0,0.0,5.0,300,1.0,4,2,0.0,1,2,3.0,4.0,1
0,432.0,80000.0,32,80000.0,80000.0,82,1.0,32,1.0,21.0,20,1.0,1.0,2,1,2.0,1,2.0,3.0,1000,0.0,3.0,3.0,0,48.0,2.0,1,2.0,0,1992.0,52.0,1,38,82,2.0,0.0,0.0,0.0,0.0,5.0,400,1.0,2,2,0.0,1,2,3.0,4.0,1
0,501.0,65000.0,50,65000.0,65000.0,69,1.0,32,1.0,21.0,20,1.0,1.0,2,1,2.0,1,2.0,3.0,1000,0.0,3.0,3.0,0,40.0,2.0,1,2.0,0,1992.0,52.0,1,56,148,1.0,0.0,0.0,0.0,0.0,5.0,300,1.0,2,2,0.0,1,2,3.0,4.0,1
0,501.0,65000.0,48,65000.0,65000.0,05,1.0,50,1.0,20.0,21,1.0,1.0,2,1,2.0,1,2.0,3.0,1000,0.0,3.0,3.0,0,40.0,2.0,1,2.0,0,1992.0,52.0,1,38,32,1.0,0.0,0.0,0.0,0.0,5.0,300,1.0,2,2,0.0,1,2,3.0,4.0,1
1,0.0,0.0,96,0.0,0.0,37,6.0,50,2.0,17.0,20,6.0,2.0,1,5,1.0,1,2.0,2.0,1000,0.0,2.0,2.0,0,40.0,2.0,1,2.0,0,1995.0,52.0,1,38,22,1.0,0.0,0.0,0.0,0.0,5.0,400,1.0,2,2,0.0,1,2,3.0,4.0,1
0,501.0,30000.0,54,30000.0,30000.0,74,1.0,32,1.0,20.0,20,1.0,1.0,2,1,2.0,1,2.0,3.0,1000,0.0,3.0,3.0,0,35.0,2.0,1,2.0,0,2007.0,52.0,1,27,999,1.0,0.0,0.0,0.0,0.0,5.0,500,1.0,1,2,0.0,1,2,3.0,4.0,1
0,501.0,85000.0,64,85000.0,85000.0,07,1.0,32,1.0,20.0,21,1.0,1.0,2,1,2.0,1,2.0,3.0,1000,0.0,3.0,3.0,0,48.0,2.0,1,2.0,0,2007.0,52.0,1,27,999,1.0,0.0,0.0,0.0,0.0,5.0,500,1.0,1,2,0.0,1,2,3.0,3.0,1
0,501.0,32000.0,55,32000.0,32000.0,63,1.0,32,1.0,20.0,27,6.0,1.0,2,5,2.0,1,2.0,3.0,1000,0.0,3.0,3.0,0,48.0,2.0,1,2.0,0,1995.0,52.0,1,38,999,1.0,0.0,0.0,0.0,0.0,5.0,500,1.0,1,2,0.0,1,2,3.0,4.0,1
0,501.0,32000.0,56,32000.0,32000.0,35,1.0,32,1.0,16.0,27,6.0,1.0,2,5,2.0,1,2.0,3.0,1000,0.0,3.0,3.0,0,40.0,2.0,1,2.0,0,1995.0,52.0,1,38,999,1.0,0.0,0.0,0.0,0.0,5.0,500,1.0,1,2,0.0,1,2,3.0,4.0,1
0,295.0,45000.0,33,45000.0,45000.0,81,1.0,924,1.0,20.0,20,6.0,1.0,2,5,2.0,1,2.0,3.0,1000,0.0,3.0,3.0,0,40.0,2.0,1,2.0,0,1995.0,52.0,1,38,999,2.0,0.0,0.0,0.0,0.0,5.0,600,3.0,1,2,0.0,1,2,3.0,4.0,1
0,501.0,100000.0,63,100000.0,100000.0,07,1.0,51,1.0,16.0,22,6.0,1.0,2,5,2.0,1,2.0,3.0,1000,0.0,3.0,3.0,0,60.0,2.0,1,2.0,0,1995.0,52.0,1,24,999,3.0,0.0,0.0,0.0,0.0,5.0,600,3.0,1,2,0.0,1,2,3.0,4.0,1
0,312.0,48000.0,42,48000.0,48000.0,94,1.0,194,1.0,21.0,20,6.0,1.0,2,5,2.0,1,2.0,3.0,1000,0.0,3.0,3.0,2,40.0,2.0,1,2.0,0,1995.0,52.0,1,31,122,5.0,0.0,0.0,0.0,0.0,5.0,200,1.0,2,2,0.0,1,2,3.0,2.0,1
0,227.0,35000.0,52,35000.0,35000.0,69,1.0,88,1.0,18.0,34,6.0,1.0,1,5,2.0,1,1.0,3.0,1000,0.0,3.0,3.0,0,40.0,1.0,1,2.0,0,1995.0,52.0,1,35,22,1.0,0.0,0.0,0.0,0.0,5.0,200,1.0,2,2,0.0,1,2,3.0,2.0,1
0,501.0,106000.0,14,94000.0,94000.0,35,1.0,195,1.0,21.0,20,6.0,1.0,2,5,2.0,1,2.0,3.0,1000,0.0,3.0,3.0,0,48.0,2.0,1,2.0,0,1995.0,52.0,1,6,999,1.0,0.0,0.0,0.0,0.0,5.0,400,1.0,1,2,12000.0,1,2,3.0,4.0,1
0,501.0,21000.0,55,21000.0,21000.0,35,1.0,195,1.0,21.0,28,6.0,1.0,2,5,2.0,1,2.0,3.0,1000,0.0,3.0,3.0,0,40.0,2.0,1,2.0,0,1995.0,52.0,1,6,999,1.0,0.0,0.0,0.0,0.0,5.0,400,3.0,1,2,0.0,1,2,3.0,4.0,1
0,501.0,25000.0,15,25000.0,25000.0,35,1.0,195,1.0,22.0,28,6.0,1.0,2,5,2.0,1,2.0,3.0,1000,0.0,3.0,3.0,0,40.0,2.0,1,2.0,0,1995.0,52.0,1,6,999,1.0,0.0,0.0,0.0,0.0,5.0,400,3.0,1,2,0.0,1,2,3.0,4.0,1
0,501.0,80000.0,09,80000.0,80000.0,68,1.0,32,1.0,21.0,20,1.0,1.0,2,1,2.0,1,2.0,3.0,1000,0.0,3.0,3.0,0,40.0,2.0,1,2.0,0,2013.0,52.0,1,27,999,1.0,0.0,0.0,0.0,0.0,5.0,400,1.0,1,2,0.0,1,2,3.0,4.0,1
0,501.0,65000.0,52,65000.0,65000.0,42,1.0,142,1.0,16.0,21,1.0,1.0,2,1,2.0,1,2.0,3.0,1000,0.0,3.0,3.0,0,40.0,2.0,1,2.0,0,2013.0,52.0,1,27,999,1.0,0.0,0.0,0.0,0.0,5.0,400,1.0,1,2,0.0,1,2,3.0,4.0,1
0,477.0,73000.0,02,71000.0,71000.0,78,1.0,131,1.0,22.0,20,6.0,1.0,2,5,2.0,1,2.0,3.0,1000,0.0,3.0,3.0,0,40.0,2.0,1,2.0,0,1995.0,52.0,1,168,999,2.0,0.0,0.0,0.0,0.0,5.0,300,1.0,1,2,2000.0,5,2,3.0,4.0,1
0,501.0,115080.0,00,115000.0,115000.0,73,1.0,122,1.0,22.0,20,6.0,1.0,2,5,2.0,1,2.0,3.0,1000,0.0,3.0,3.0,0,45.0,2.0,1,2.0,0,1995.0,52.0,1,38,999,1.0,0.0,0.0,0.0,0.0,5.0,600,1.0,1,2,80.0,1,2,3.0,4.0,1
0,355.0,0.0,91,0.0,0.0,01,6.0,32,2.0,16.0,20,1.0,2.0,2,1,2.0,1,2.0,2.0,1000,0.0,2.0,2.0,0,40.0,2.0,1,2.0,0,1994.0,52.0,1,38,999,1.0,0.0,0.0,0.0,0.0,5.0,400,1.0,1,2,0.0,1,2,3.0,4.0,1
0,355.0,70000.0,51,70000.0,70000.0,01,3.0,82,1.0,19.0,21,1.0,2.0,2,1,2.0,1,2.0,1.0,1000,0.0,1.0,3.0,0,40.0,2.0,1,2.0,0,1994.0,52.0,1,38,999,1.0,0.0,0.0,0.0,0.0,1.0,400,1.0,1,2,0.0,1,2,2.0,4.0,1
0,243.0,37400.0,07,0.0,0.0,74,6.0,32,2.0,20.0,20,6.0,2.0,1,5,2.0,1,1.0,2.0,1000,0.0,2.0,2.0,0,40.0,2.0,1,2.0,0,1995.0,52.0,1,36,22,4.0,11600.0,20800.0,5000.0,0.0,3.0,400,1.0,2,2,0.0,1,2,3.0,4.0,1
0,501.0,100000.0,01,100000.0,100000.0,93,1.0,32,1.0,22.0,20,1.0,1.0,2,1,2.0,1,2.0,3.0,1000,0.0,3.0,3.0,0,40.0,2.0,1,2.0,0,2011.0,52.0,1,38,999,4.0,0.0,0.0,0.0,0.0,5.0,300,1.0,1,2,0.0,1,2,3.0,4.0,1
0,501.0,75000.0,38,75000.0,75000.0,94,1.0,32,1.0,19.0,21,1.0,1.0,2,1,2.0,1,2.0,3.0,1000,0.0,3.0,3.0,0,48.0,2.0,1,2.0,0,2011.0,52.0,1,38,999,3.0,0.0,0.0,0.0,0.0,5.0,300,1.0,1,2,0.0,1,2,3.0,2.0,1
0,326.0,50000.0,23,50000.0,50000.0,78,1.0,82,1.0,21.0,20,6.0,1.0,2,5,2.0,1,2.0,3.0,1000,0.0,3.0,3.0,0,40.0,2.0,1,2.0,0,1995.0,52.0,1,38,89,1.0,0.0,0.0,0.0,0.0,5.0,200,1.0,2,2,0.0,1,2,3.0,4.0,1
0,71.0,11000.0,96,11000.0,11000.0,87,1.0,171,1.0,16.0,34,6.0,1.0,2,5,2.0,1,2.0,3.0,1000,0.0,3.0,3.0,0,40.0,2.0,1,2.0,0,1995.0,40.0,1,30,26,1.0,0.0,0.0,0.0,0.0,5.0,200,3.0,2,2,0.0,1,2,3.0,3.0,1
0,308.0,60900.0,42,58400.0,48000.0,82,1.0,142,1.0,19.0,20,1.0,1.0,2,1,2.0,1,2.0,3.0,1000,0.0,3.0,3.0,0,40.0,2.0,1,2.0,0,1984.0,52.0,1,38,32,2.0,0.0,0.0,0.0,0.0,5.0,500,1.0,2,2,2500.0,1,2,3.0,4.0,1
0,308.0,1400.0,20,0.0,0.0,82,6.0,82,2.0,20.0,21,1.0,2.0,1,1,2.0,1,2.0,2.0,1000,0.0,2.0,2.0,2,40.0,1.0,1,1.0,0,1984.0,52.0,1,38,999,2.0,1400.0,0.0,0.0,0.0,5.0,500,1.0,1,2,0.0,1,2,3.0,4.0,1
0,79.0,12500.0,57,0.0,0.0,78,6.0,32,2.0,19.0,20,5.0,2.0,2,4,2.0,1,2.0,2.0,1000,0.0,2.0,2.0,1,40.0,2.0,1,2.0,0,1989.0,52.0,1,27,82,3.0,0.0,0.0,12000.0,0.0,5.0,400,1.0,2,2,500.0,1,2,3.0,4.0,1
0,501.0,24000.0,23,24000.0,24000.0,78,1.0,82,1.0,19.0,20,1.0,1.0,2,1,2.0,1,2.0,3.0,1000,0.0,3.0,3.0,2,35.0,2.0,1,2.0,0,2004.0,40.0,1,38,999,3.0,0.0,0.0,0.0,0.0,5.0,600,1.0,1,2,0.0,1,2,3.0,4.0,1
0,501.0,2000.0,39,2000.0,2000.0,85,6.0,82,1.0,18.0,25,6.0,2.0,1,5,1.0,29,1.0,2.0,9000,0.0,2.0,2.0,0,25.0,2.0,9,2.0,0,1995.0,9.0,1,4,211,1.0,0.0,0.0,0.0,0.0,5.0,600,1.0,2,2,0.0,1,2,3.0,4.0,2
0,501.0,50000.0,32,50000.0,50000.0,81,1.0,32,1.0,20.0,20,1.0,1.0,2,1,2.0,1,2.0,3.0,1000,0.0,3.0,3.0,0,40.0,2.0,1,2.0,0,1998.0,52.0,1,27,999,2.0,0.0,0.0,0.0,0.0,5.0,400,1.0,1,2,0.0,1,2,3.0,4.0,1
0,501.0,100000.0,62,100000.0,100000.0,07,1.0,142,1.0,1.0,21,1.0,1.0,2,1,2.0,1,2.0,3.0,1000,0.0,3.0,3.0,0,40.0,2.0,1,2.0,0,1998.0,52.0,1,46,999,1.0,0.0,0.0,0.0,0.0,5.0,400,1.0,1,2,0.0,1,2,3.0,4.0,1
0,270.0,55000.0,37,55000.0,55000.0,94,1.0,996,1.0,18.0,20,6.0,1.0,2,5,2.0,1,2.0,3.0,1000,0.0,3.0,3.0,0,72.0,2.0,1,2.0,0,1995.0,52.0,1,38,999,5.0,0.0,0.0,0.0,0.0,5.0,500,1.0,3,2,0.0,1,2,3.0,4.0,1
0,501.0,96000.0,49,36000.0,36000.0,66,1.0,935,1.0,20.0,20,1.0,1.0,2,1,2.0,1,2.0,3.0,1000,0.0,3.0,3.0,0,30.0,2.0,1,2.0,0,1984.0,52.0,1,38,82,1.0,0.0,0.0,0.0,0.0,5.0,200,1.0,2,2,60000.0,1,2,3.0,4.0,1
0,501.0,65000.0,32,65000.0,65000.0,80,1.0,32,1.0,20.0,21,1.0,1.0,2,1,2.0,1,2.0,3.0,1000,0.0,3.0,3.0,0,40.0,2.0,1,2.0,0,1984.0,52.0,1,8,82,2.0,0.0,0.0,0.0,0.0,5.0,200,1.0,2,2,0.0,1,2,3.0,4.0,1
0,326.0,50000.0,01,50000.0,50000.0,68,1.0,142,1.0,21.0,20,6.0,1.0,2,5,2.0,1,2.0,3.0,1000,0.0,3.0,3.0,0,40.0,2.0,1,2.0,0,1995.0,52.0,1,38,3,1.0,0.0,0.0,0.0,0.0,5.0,600,1.0,2,2,0.0,1,2,3.0,4.0,1
0,458.0,22900.0,42,7500.0,7500.0,48,1.0,32,1.0,16.0,25,6.0,1.0,1,5,1.0,1,2.0,3.0,1000,0.0,3.0,3.0,2,22.0,2.0,1,2.0,0,1995.0,52.0,1,38,999,1.0,10500.0,4900.0,0.0,0.0,5.0,400,1.0,1,2,0.0,1,2,3.0,4.0,1
0,346.0,53000.0,15,53000.0,53000.0,10,1.0,32,1.0,21.0,20,6.0,1.0,2,5,2.0,1,2.0,3.0,1000,0.0,3.0,3.0,0,30.0,2.0,1,2.0,0,1995.0,45.0,1,55,999,1.0,0.0,0.0,0.0,0.0,5.0,500,3.0,1,2,0.0,1,2,3.0,4.0,1
0,163.0,25000.0,55,25000.0,25000.0,63,6.0,32,1.0,19.0,22,6.0,2.0,2,5,2.0,1,2.0,1.0,1000,0.0,2.0,2.0,0,45.0,2.0,1,2.0,0,1995.0,26.0,1,38,94,5.0,0.0,0.0,0.0,0.0,3.0,500,3.0,2,2,0.0,1,2,3.0,4.0,1
0,414.0,500.0,26,500.0,500.0,55,6.0,32,1.0,21.0,20,1.0,2.0,2,1,2.0,1,2.0,2.0,1000,0.0,2.0,2.0,0,15.0,2.0,1,2.0,0,2010.0,2.0,1,38,22,1.0,0.0,0.0,0.0,0.0,5.0,500,1.0,2,2,0.0,1,2,3.0,4.0,1
0,414.0,100000.0,72,100000.0,100000.0,46,1.0,94,1.0,20.0,21,1.0,1.0,2,1,2.0,1,2.0,3.0,1000,0.0,3.0,3.0,0,50.0,2.0,1,2.0,0,2010.0,52.0,1,6,32,1.0,0.0,0.0,0.0,0.0,5.0,500,1.0,2,2,0.0,1,2,3.0,4.0,1
0,292.0,42000.0,36,11600.0,11600.0,92,1.0,32,1.0,20.0,20,4.0,1.0,2,3,2.0,1,2.0,3.0,1000,0.0,3.0,3.0,2,13.0,2.0,1,2.0,0,1981.0,52.0,1,26,87,1.0,0.0,30400.0,0.0,0.0,5.0,600,1.0,2,2,0.0,1,2,3.0,4.0,1
0,501.0,55000.0,96,55000.0,55000.0,30,1.0,999,1.0,24.0,20,1.0,1.0,2,1,2.0,1,2.0,3.0,1000,0.0,3.0,3.0,0,40.0,2.0,1,2.0,0,1988.0,52.0,1,38,999,1.0,0.0,0.0,0.0,0.0,5.0,500,1.0,4,2,0.0,1,2,3.0,4.0,1
0,501.0,70000.0,20,70000.0,70000.0,83,1.0,32,1.0,22.0,21,1.0,1.0,2,1,2.0,1,2.0,3.0,1000,0.0,3.0,3.0,0,40.0,2.0,1,2.0,0,1988.0,52.0,1,27,20,4.0,0.0,0.0,0.0,0.0,5.0,500,1.0,2,2,0.0,1,2,3.0,4.0,1
1,208.0,22300.0,42,0.0,0.0,69,6.0,32,3.0,20.0,20,4.0,2.0,1,3,1.0,1,1.0,2.0,1000,19000.0,2.0,2.0,0,40.0,1.0,1,1.0,0,2007.0,52.0,1,38,142,1.0,0.0,0.0,0.0,0.0,5.0,600,3.0,2,2,3300.0,1,2,3.0,4.0,1
1,208.0,18600.0,42,7100.0,7100.0,76,1.0,32,1.0,16.0,25,6.0,1.0,1,5,1.0,1,1.0,3.0,1000,0.0,3.0,3.0,0,20.0,2.0,1,1.0,0,1995.0,52.0,1,38,142,1.0,0.0,11500.0,0.0,0.0,5.0,600,3.0,2,2,0.0,1,2,3.0,4.0,1
0,501.0,11000.0,42,0.0,0.0,82,6.0,32,2.0,20.0,20,1.0,2.0,2,1,2.0,1,2.0,2.0,1000,0.0,2.0,2.0,2,40.0,2.0,1,2.0,0,1983.0,52.0,1,38,82,1.0,11000.0,0.0,0.0,0.0,5.0,500,1.0,2,2,0.0,1,2,3.0,4.0,1
0,501.0,120000.0,63,120000.0,120000.0,07,1.0,32,1.0,19.0,20,1.0,1.0,2,1,2.0,1,2.0,3.0,1000,0.0,3.0,3.0,0,45.0,2.0,1,2.0,0,1993.0,52.0,1,27,98,1.0,0.0,0.0,0.0,0.0,5.0,500,1.0,2,2,0.0,1,2,3.0,4.0,1
0,501.0,0.0,26,0.0,0.0,73,6.0,32,2.0,18.0,21,1.0,2.0,2,1,2.0,1,2.0,2.0,1000,0.0,2.0,2.0,0,40.0,2.0,1,2.0,0,1993.0,52.0,1,38,82,1.0,0.0,0.0,0.0,0.0,5.0,500,1.0,2,2,0.0,1,2,3.0,4.0,1
0,501.0,16000.0,56,16000.0,16000.0,63,1.0,939,1.0,19.0,25,6.0,1.0,2,5,2.0,1,2.0,3.0,1000,0.0,3.0,3.0,0,30.0,2.0,1,2.0,0,1995.0,52.0,1,38,999,1.0,0.0,0.0,0.0,0.0,5.0,500,1.0,1,2,0.0,1,2,3.0,4.0,1
0,501.0,44800.0,46,1600.0,0.0,85,1.0,939,1.0,19.0,20,4.0,1.0,2,3,2.0,1,2.0,3.0,1000,0.0,3.0,3.0,0,6.0,2.0,1,2.0,0,1984.0,16.0,1,27,999,6.0,0.0,35000.0,0.0,0.0,5.0,500,3.0,1,2,8200.0,1,2,3.0,4.0,1
1,501.0,97000.0,73,97000.0,97000.0,07,1.0,999,1.0,16.0,25,6.0,1.0,2,5,2.0,1,2.0,3.0,1000,0.0,3.0,3.0,0,45.0,2.0,1,2.0,0,1995.0,29.0,1,27,999,1.0,0.0,0.0,0.0,0.0,5.0,500,1.0,4,2,0.0,1,2,3.0,4.0,1
0,96.0,15000.0,53,15000.0,15000.0,86,1.0,210,1.0,19.0,20,6.0,1.0,2,5,2.0,1,2.0,3.0,1000,0.0,3.0,3.0,2,40.0,2.0,1,2.0,0,1995.0,52.0,1,27,999,1.0,0.0,0.0,0.0,0.0,5.0,500,3.0,1,2,0.0,1,2,3.0,4.0,2
0,384.0,52000.0,23,52000.0,52000.0,78,1.0,32,1.0,22.0,20,1.0,1.0,2,1,2.0,1,2.0,3.0,1000,0.0,3.0,3.0,0,45.0,2.0,1,2.0,0,2001.0,52.0,1,55,21,3.0,0.0,0.0,0.0,0.0,5.0,600,1.0,2,2,0.0,1,2,3.0,4.0,1
0,384.0,40000.0,52,40000.0,40000.0,69,1.0,51,1.0,21.0,21,1.0,1.0,2,1,2.0,1,2.0,3.0,1000,0.0,3.0,3.0,0,50.0,2.0,1,2.0,0,2001.0,52.0,1,110,111,1.0,0.0,0.0,0.0,0.0,5.0,600,1.0,2,2,0.0,5,2,3.0,4.0,1
0,384.0,20000.0,96,20000.0,20000.0,49,1.0,32,1.0,19.0,25,6.0,1.0,2,5,2.0,1,2.0,3.0,1000,0.0,3.0,3.0,0,45.0,2.0,1,2.0,0,1995.0,26.0,1,38,21,1.0,0.0,0.0,0.0,0.0,5.0,600,1.0,2,2,0.0,1,2,3.0,4.0,1
0,501.0,10000.0,90,10000.0,10000.0,50,1.0,999,1.0,16.0,20,1.0,1.0,2,1,2.0,1,2.0,3.0,1000,0.0,3.0,3.0,2,21.0,2.0,1,2.0,0,2000.0,52.0,1,38,999,1.0,0.0,0.0,0.0,0.0,5.0,600,1.0,4,2,0.0,1,2,3.0,4.0,1
0,501.0,149000.0,92,140000.0,140000.0,60,1.0,999,1.0,16.0,21,1.0,1.0,2,1,2.0,1,2.0,3.0,1000,0.0,3.0,3.0,2,70.0,2.0,1,2.0,0,2000.0,52.0,1,38,999,1.0,0.0,0.0,9000.0,0.0,5.0,600,1.0,4,2,0.0,1,2,3.0,2.0,1
0,159.0,25000.0,42,0.0,0.0,69,6.0,82,3.0,14.0,20,6.0,2.0,1,5,2.0,1,1.0,2.0,1000,13000.0,2.0,2.0,2,40.0,1.0,1,1.0,0,1995.0,52.0,1,38,999,1.0,0.0,0.0,0.0,0.0,5.0,200,1.0,1,2,12000.0,1,2,3.0,4.0,1
0,206.0,26000.0,21,26000.0,26000.0,72,1.0,999,1.0,16.0,20,6.0,1.0,2,5,2.0,1,2.0,3.0,1000,0.0,3.0,3.0,0,40.0,2.0,1,2.0,0,1995.0,52.0,1,27,999,1.0,0.0,0.0,0.0,0.0,5.0,400,1.0,4,2,0.0,1,2,3.0,4.0,1
0,335.0,51000.0,79,51000.0,51000.0,30,1.0,195,1.0,19.0,20,6.0,1.0,2,5,2.0,1,2.0,3.0,1000,0.0,3.0,3.0,0,50.0,2.0,1,2.0,0,1995.0,52.0,1,38,999,1.0,0.0,0.0,0.0,0.0,5.0,600,1.0,1,2,0.0,1,2,3.0,4.0,1
0,335.0,51000.0,08,51000.0,51000.0,72,1.0,195,1.0,21.0,22,6.0,1.0,2,5,2.0,1,2.0,3.0,1000,0.0,3.0,3.0,0,50.0,2.0,1,2.0,0,1995.0,52.0,1,38,999,1.0,0.0,0.0,0.0,0.0,5.0,600,1.0,1,2,0.0,1,2,3.0,4.0,1
0,460.0,70000.0,47,70000.0,70000.0,51,1.0,32,1.0,20.0,20,1.0,1.0,2,1,2.0,1,2.0,2.0,1000,0.0,2.0,2.0,2,65.0,2.0,1,2.0,0,2011.0,52.0,1,38,999,7.0,0.0,0.0,0.0,0.0,3.0,600,1.0,1,2,0.0,1,2,2.0,4.0,1
0,460.0,70000.0,31,65000.0,65000.0,81,1.0,32,1.0,22.0,21,1.0,1.0,2,1,2.0,1,2.0,2.0,1000,0.0,2.0,2.0,0,40.0,2.0,1,2.0,0,2011.0,52.0,1,38,999,2.0,0.0,5000.0,0.0,0.0,5.0,600,3.0,1,2,0.0,1,2,3.0,4.0,1
0,215.0,33800.0,54,33800.0,33800.0,80,1.0,924,1.0,16.0,20,6.0,1.0,2,5,2.0,1,2.0,3.0,1000,0.0,3.0,3.0,0,40.0,2.0,1,2.0,0,1995.0,52.0,1,38,999,2.0,0.0,0.0,0.0,0.0,5.0,600,3.0,1,2,0.0,1,2,3.0,4.0,1
0,331.0,52000.0,73,52000.0,52000.0,42,1.0,924,1.0,20.0,22,6.0,1.0,2,5,2.0,1,2.0,3.0,1000,0.0,3.0,3.0,0,40.0,2.0,1,2.0,0,1995.0,52.0,1,38,999,1.0,0.0,0.0,0.0,0.0,5.0,600,3.0,1,2,0.0,1,2,3.0,4.0,1
0,384.0,8000.0,46,8000.0,0.0,84,1.0,50,1.0,19.0,20,1.0,1.0,2,1,2.0,1,2.0,3.0,1000,0.0,3.0,3.0,0,40.0,2.0,1,2.0,0,2017.0,52.0,1,27,89,6.0,0.0,0.0,0.0,0.0,5.0,400,1.0,2,2,0.0,1,2,3.0,4.0,21
0,384.0,110000.0,15,110000.0,110000.0,95,1.0,32,1.0,21.0,21,1.0,1.0,2,1,2.0,1,2.0,3.0,1000,0.0,3.0,3.0,0,40.0,2.0,1,2.0,0,2017.0,52.0,1,2,82,5.0,0.0,0.0,0.0,0.0,5.0,400,1.0,2,2,0.0,1,2,3.0,2.0,1
0,384.0,60000.0,81,60000.0,60000.0,88,1.0,94,1.0,16.0,20,6.0,1.0,2,5,2.0,1,2.0,3.0,1000,0.0,3.0,3.0,0,50.0,2.0,1,2.0,0,1995.0,40.0,1,6,84,1.0,0.0,0.0,0.0,0.0,5.0,100,1.0,2,2,0.0,1,2,3.0,4.0,1
0,44.0,7000.0,46,7000.0,1000.0,89,1.0,50,1.0,16.0,34,4.0,1.0,2,3,2.0,1,2.0,3.0,1000,0.0,3.0,3.0,0,12.0,2.0,1,2.0,0,2012.0,46.0,1,6,22,6.0,0.0,0.0,0.0,0.0,5.0,100,1.0,2,2,0.0,1,2,3.0,4.0,1
0,501.0,31000.0,46,31000.0,31000.0,82,1.0,82,1.0,20.0,20,1.0,1.0,1,1,2.0,1,2.0,3.0,1000,0.0,3.0,3.0,0,40.0,2.0,1,2.0,0,1991.0,52.0,1,38,999,1.0,0.0,0.0,0.0,0.0,5.0,500,1.0,1,2,0.0,1,1,3.0,4.0,1
0,501.0,105000.0,60,75000.0,75000.0,01,1.0,82,1.0,16.0,21,1.0,1.0,2,1,2.0,1,2.0,3.0,1000,0.0,3.0,3.0,0,52.0,2.0,1,2.0,0,1991.0,52.0,1,38,50,1.0,0.0,0.0,0.0,0.0,5.0,500,1.0,2,2,30000.0,1,2,3.0,2.0,1
1,41.0,10200.0,47,10200.0,10200.0,50,1.0,51,1.0,19.0,20,6.0,1.0,2,5,2.0,1,2.0,3.0,1000,0.0,3.0,3.0,0,24.0,2.0,1,2.0,0,1995.0,52.0,1,53,82,1.0,0.0,0.0,0.0,0.0,5.0,400,1.0,2,2,0.0,1,2,3.0,4.0,1
0,449.0,17900.0,52,6300.0,5200.0,68,6.0,22,1.0,21.0,20,1.0,2.0,2,1,2.0,1,2.0,2.0,1000,0.0,2.0,2.0,2,40.0,2.0,1,2.0,0,1990.0,4.0,1,38,89,7.0,0.0,0.0,0.0,0.0,5.0,100,1.0,2,2,11600.0,1,2,3.0,4.0,1
0,449.0,70120.0,02,70000.0,0.0,01,1.0,32,1.0,20.0,21,1.0,1.0,2,1,2.0,1,2.0,3.0,1000,0.0,3.0,3.0,2,50.0,2.0,1,2.0,0,1990.0,52.0,1,38,999,6.0,0.0,0.0,0.0,0.0,5.0,100,1.0,1,2,120.0,1,2,3.0,4.0,1
0,262.0,40000.0,28,40000.0,40000.0,66,1.0,190,1.0,21.0,20,6.0,1.0,2,5,2.0,1,2.0,3.0,1000,0.0,3.0,3.0,0,35.0,2.0,1,2.0,0,1995.0,52.0,1,27,999,2.0,0.0,0.0,0.0,0.0,5.0,600,3.0,1,2,0.0,1,2,3.0,4.0,1
0,501.0,0.0,25,0.0,0.0,78,6.0,98,2.0,20.0,20,1.0,2.0,2,1,2.0,1,2.0,2.0,1000,0.0,2.0,2.0,0,40.0,2.0,1,2.0,0,1999.0,52.0,1,38,26,3.0,0.0,0.0,0.0,0.0,5.0,500,1.0,2,2,0.0,1,2,3.0,4.0,1
0,259.0,40000.0,51,40000.0,40000.0,61,1.0,999,1.0,16.0,20,6.0,1.0,2,5,2.0,1,2.0,3.0,1000,0.0,3.0,3.0,2,40.0,2.0,1,2.0,0,1995.0,52.0,1,30,999,1.0,0.0,0.0,0.0,0.0,5.0,100,3.0,4,2,0.0,1,2,3.0,4.0,1
0,501.0,100000.0,04,100000.0,100000.0,61,1.0,999,1.0,16.0,22,6.0,1.0,2,5,2.0,1,2.0,3.0,1000,0.0,3.0,3.0,2,80.0,2.0,1,2.0,0,1995.0,52.0,1,6,999,1.0,0.0,0.0,0.0,0.0,5.0,100,3.0,4,2,0.0,1,2,3.0,4.0,1
0,312.0,65000.0,73,65000.0,65000.0,12,1.0,82,1.0,20.0,20,1.0,1.0,2,1,2.0,1,2.0,3.0,1000,0.0,3.0,3.0,0,45.0,2.0,1,2.0,0,2015.0,52.0,1,38,142,1.0,0.0,0.0,0.0,0.0,5.0,400,1.0,2,2,0.0,1,2,3.0,4.0,1
0,312.0,48000.0,23,48000.0,48000.0,78,2.0,82,1.0,22.0,21,1.0,1.0,2,1,2.0,1,2.0,3.0,1000,0.0,2.0,1.0,0,40.0,2.0,1,2.0,0,2015.0,52.0,1,38,32,3.0,0.0,0.0,0.0,0.0,5.0,400,1.0,2,2,0.0,1,2,3.0,4.0,1
0,501.0,75000.0,01,75000.0,75000.0,73,1.0,89,1.0,18.0,20,1.0,1.0,2,1,2.0,1,2.0,3.0,1000,0.0,3.0,3.0,0,45.0,2.0,1,2.0,0,2003.0,52.0,1,27,82,1.0,0.0,0.0,0.0,0.0,5.0,600,1.0,2,2,0.0,1,2,3.0,4.0,1
0,501.0,180000.0,48,180000.0,0.0,45,1.0,24,1.0,21.0,21,1.0,1.0,2,1,2.0,1,2.0,3.0,1000,0.0,3.0,3.0,0,40.0,2.0,1,2.0,0,2003.0,52.0,1,27,32,6.0,0.0,0.0,0.0,0.0,5.0,600,1.0,2,2,0.0,1,2,3.0,4.0,1
0,427.0,60000.0,57,60000.0,60000.0,68,1.0,82,1.0,21.0,20,1.0,1.0,2,1,2.0,1,2.0,3.0,1000,0.0,3.0,3.0,0,40.0,2.0,1,2.0,0,2010.0,52.0,1,38,999,1.0,0.0,0.0,0.0,0.0,5.0,400,1.0,1,2,0.0,1,2,3.0,4.0,1
0,427.0,90000.0,55,90000.0,90000.0,61,1.0,32,1.0,16.0,21,1.0,1.0,2,1,2.0,1,2.0,3.0,1000,0.0,3.0,3.0,0,40.0,2.0,1,2.0,0,2010.0,52.0,1,27,999,7.0,0.0,0.0,0.0,0.0,5.0,400,1.0,1,2,0.0,1,2,3.0,4.0,1
0,501.0,78800.0,62,76000.0,76000.0,07,1.0,32,1.0,16.0,21,1.0,1.0,2,1,2.0,1,2.0,3.0,1000,0.0,3.0,3.0,0,45.0,2.0,1,2.0,0,2011.0,52.0,1,38,999,1.0,0.0,0.0,0.0,0.0,5.0,200,1.0,1,2,2800.0,1,2,3.0,4.0,1
0,452.0,39500.0,42,39500.0,39500.0,52,1.0,82,1.0,20.0,25,6.0,1.0,2,5,2.0,1,2.0,3.0,1000,0.0,3.0,3.0,0,45.0,2.0,1,2.0,0,1995.0,52.0,1,27,999,1.0,0.0,0.0,0.0,0.0,5.0,100,1.0,1,2,0.0,1,2,3.0,4.0,1
0,501.0,59400.0,04,33000.0,33000.0,95,1.0,210,1.0,22.0,20,1.0,1.0,2,1,2.0,1,2.0,3.0,1000,0.0,3.0,3.0,0,40.0,2.0,1,2.0,0,2021.0,12.0,1,24,924,5.0,0.0,0.0,26400.0,0.0,5.0,200,1.0,2,2,0.0,1,2,3.0,2.0,2
0,501.0,50000.0,98,50000.0,50000.0,96,4.0,924,1.0,18.0,21,1.0,1.0,2,1,2.0,1,2.0,3.0,1000,0.0,3.0,3.0,0,40.0,2.0,1,2.0,0,2021.0,52.0,1,26,999,5.0,0.0,0.0,0.0,0.0,5.0,200,1.0,1,2,0.0,1,2,3.0,1.0,1
0,211.0,61000.0,58,61000.0,61000.0,69,1.0,999,1.0,20.0,20,1.0,1.0,2,1,2.0,1,2.0,3.0,1000,0.0,3.0,3.0,0,40.0,2.0,1,2.0,0,2003.0,52.0,1,38,999,1.0,0.0,0.0,0.0,0.0,5.0,200,1.0,4,2,0.0,1,2,3.0,4.0,1
0,211.0,22500.0,77,22500.0,22500.0,30,1.0,999,1.0,16.0,21,1.0,1.0,2,1,2.0,1,2.0,3.0,1000,0.0,3.0,3.0,0,50.0,2.0,1,2.0,0,2003.0,20.0,1,38,999,1.0,0.0,0.0,0.0,0.0,5.0,200,1.0,4,2,0.0,1,2,3.0,4.0,1
1,103.0,8800.0,42,0.0,0.0,69,6.0,920,3.0,19.0,27,4.0,2.0,2,3,2.0,3,2.0,2.0,5006,0.0,2.0,2.0,0,40.0,2.0,3,2.0,1,2011.0,52.0,0,4,999,1.0,0.0,0.0,8800.0,0.0,5.0,200,1.0,1,2,0.0,1,2,3.0,4.0,1
1,103.0,0.0,52,0.0,0.0,85,6.0,920,2.0,17.0,30,6.0,2.0,2,5,2.0,3,2.0,2.0,5006,0.0,2.0,2.0,0,40.0,2.0,3,2.0,1,1995.0,52.0,0,4,999,3.0,0.0,0.0,0.0,0.0,5.0,200,1.0,1,2,0.0,1,2,3.0,4.0,1
0,149.0,46000.0,98,46000.0,46000.0,96,4.0,999,1.0,19.0,20,1.0,1.0,2,1,2.0,15,2.0,3.0,8000,0.0,3.0,3.0,0,40.0,2.0,8,2.0,0,2018.0,52.0,0,311,999,5.0,0.0,0.0,0.0,0.0,5.0,200,3.0,4,2,0.0,3,2,3.0,1.0,6
0,149.0,0.0,42,0.0,0.0,69,6.0,999,3.0,21.0,21,1.0,2.0,2,1,2.0,15,2.0,2.0,8000,0.0,2.0,2.0,0,40.0,2.0,8,2.0,0,2018.0,52.0,0,51,999,1.0,0.0,0.0,0.0,0.0,5.0,200,3.0,4,2,0.0,1,2,3.0,4.0,18
1,28.0,13000.0,38,13000.0,13000.0,94,1.0,920,1.0,17.0,20,4.0,1.0,1,3,2.0,3,1.0,1.0,5013,0.0,2.0,2.0,0,40.0,2.0,3,2.0,1,2010.0,52.0,0,38,999,5.0,0.0,0.0,0.0,0.0,1.0,200,1.0,1,2,0.0,1,1,3.0,4.0,1
1,28.0,0.0,42,0.0,0.0,69,6.0,917,3.0,14.0,25,6.0,2.0,2,5,2.0,3,2.0,3.0,5013,0.0,2.0,2.0,0,40.0,2.0,3,2.0,1,1995.0,52.0,0,38,999,1.0,0.0,0.0,0.0,0.0,3.0,200,1.0,1,2,0.0,1,2,3.0,4.0,1
1,28.0,0.0,42,0.0,0.0,69,6.0,917,3.0,14.0,25,6.0,2.0,2,5,2.0,3,2.0,2.0,5013,0.0,2.0,2.0,0,40.0,2.0,3,2.0,1,1995.0,52.0,0,38,999,1.0,0.0,0.0,0.0,0.0,5.0,200,1.0,1,2,0.0,1,2,3.0,4.0,1
0,9.0,1500.0,03,0.0,0.0,86,6.0,82,2.0,16.0,20,4.0,2.0,2,3,2.0,1,2.0,2.0,1000,0.0,2.0,2.0,2,40.0,2.0,1,2.0,0,1990.0,52.0,1,38,32,1.0,1500.0,0.0,0.0,0.0,1.0,400,1.0,2,2,0.0,1,2,2.0,4.0,1
0,379.0,42000.0,46,42000.0,0.0,84,1.0,148,1.0,19.0,20,1.0,1.0,2,1,2.0,1,2.0,3.0,1000,0.0,3.0,3.0,1,50.0,2.0,1,2.0,0,2014.0,52.0,1,38,82,6.0,0.0,0.0,0.0,0.0,5.0,400,1.0,2,2,0.0,1,2,3.0,4.0,1
0,379.0,75000.0,01,75000.0,75000.0,78,1.0,32,1.0,21.0,21,1.0,1.0,2,1,2.0,1,2.0,3.0,1000,0.0,3.0,3.0,1,40.0,2.0,1,2.0,0,2014.0,52.0,1,38,999,1.0,0.0,0.0,0.0,0.0,5.0,400,1.0,1,2,0.0,1,2,3.0,4.0,1
0,501.0,150000.0,04,150000.0,150000.0,03,1.0,32,1.0,21.0,20,1.0,1.0,2,1,2.0,1,2.0,3.0,1000,0.0,3.0,3.0,0,60.0,2.0,1,2.0,0,2017.0,52.0,1,27,142,1.0,0.0,0.0,0.0,0.0,5.0,200,1.0,2,2,0.0,1,2,3.0,4.0,1
0,501.0,137000.0,47,137000.0,130000.0,49,1.0,32,1.0,22.0,21,1.0,1.0,2,1,2.0,1,2.0,3.0,1000,0.0,3.0,3.0,0,50.0,2.0,1,2.0,0,2017.0,52.0,1,27,22,1.0,0.0,0.0,0.0,0.0,5.0,200,1.0,2,2,0.0,1,2,3.0,4.0,1
0,320.0,60000.0,08,60000.0,60000.0,68,1.0,32,1.0,21.0,20,1.0,1.0,2,1,2.0,1,2.0,3.0,1000,0.0,3.0,3.0,0,52.0,2.0,1,2.0,0,2013.0,52.0,1,38,999,1.0,0.0,0.0,0.0,0.0,5.0,200,1.0,1,2,0.0,1,2,3.0,4.0,1
0,320.0,55000.0,02,50000.0,0.0,01,1.0,32,1.0,16.0,21,1.0,1.0,2,1,2.0,1,2.0,3.0,1000,0.0,3.0,3.0,0,80.0,2.0,1,2.0,0,2013.0,52.0,1,38,999,6.0,0.0,0.0,0.0,0.0,5.0,200,1.0,1,2,5000.0,1,2,3.0,4.0,1
0,501.0,58500.0,63,54000.0,54000.0,07,1.0,508,1.0,20.0,20,6.0,1.0,2,5,2.0,2,2.0,3.0,3000,0.0,3.0,3.0,0,45.0,2.0,2,2.0,0,1995.0,52.0,0,407,999,1.0,0.0,0.0,0.0,4500.0,5.0,100,1.0,1,2,0.0,6,2,3.0,4.0,1
0,501.0,58500.0,63,54000.0,54000.0,07,1.0,508,1.0,20.0,28,6.0,1.0,2,5,2.0,2,2.0,3.0,3000,0.0,3.0,3.0,0,40.0,2.0,2,2.0,0,1995.0,51.0,0,407,999,1.0,0.0,0.0,0.0,4500.0,5.0,100,1.0,1,2,0.0,6,2,3.0,4.0,1
0,381.0,60000.0,40,60000.0,60000.0,86,1.0,32,1.0,17.0,20,6.0,1.0,2,5,2.0,1,2.0,3.0,1000,0.0,3.0,3.0,0,50.0,2.0,1,2.0,0,1995.0,52.0,1,38,87,1.0,0.0,0.0,0.0,0.0,5.0,600,1.0,2,2,0.0,1,2,3.0,4.0,1
0,239.0,37000.0,21,37000.0,37000.0,73,1.0,32,1.0,19.0,20,4.0,1.0,1,3,2.0,1,2.0,3.0,1000,0.0,3.0,3.0,0,40.0,2.0,1,2.0,0,2007.0,52.0,1,38,89,1.0,0.0,0.0,0.0,0.0,5.0,600,1.0,2,2,0.0,1,1,3.0,4.0,1
0,397.0,72000.0,60,72000.0,72000.0,01,1.0,939,1.0,19.0,20,6.0,1.0,2,5,2.0,1,2.0,3.0,1000,0.0,3.0,3.0,0,60.0,2.0,1,2.0,0,1995.0,52.0,1,30,999,1.0,0.0,0.0,0.0,0.0,5.0,500,1.0,1,2,0.0,1,2,3.0,4.0,1
0,3.0,480.0,47,480.0,480.0,49,1.0,939,1.0,20.0,22,4.0,1.0,2,3,2.0,1,2.0,3.0,1000,0.0,3.0,3.0,0,2.0,2.0,1,2.0,0,2006.0,16.0,1,38,999,1.0,0.0,0.0,0.0,0.0,5.0,500,1.0,1,2,0.0,1,2,3.0,4.0,1
0,225.0,25000.0,25,25000.0,25000.0,78,1.0,32,1.0,20.0,20,1.0,1.0,2,1,2.0,1,2.0,3.0,1000,0.0,3.0,3.0,0,40.0,2.0,1,2.0,0,1994.0,52.0,1,38,999,4.0,0.0,0.0,0.0,0.0,5.0,400,1.0,1,2,0.0,1,2,3.0,4.0,1
0,225.0,45000.0,48,45000.0,45000.0,45,1.0,32,1.0,20.0,21,1.0,1.0,2,1,2.0,1,2.0,3.0,1000,0.0,3.0,3.0,0,40.0,2.0,1,2.0,0,1994.0,52.0,1,38,999,1.0,0.0,0.0,0.0,0.0,5.0,400,1.0,1,2,0.0,1,2,3.0,4.0,1
0,225.0,0.0,42,0.0,0.0,69,6.0,32,3.0,14.0,25,6.0,2.0,2,5,2.0,1,2.0,2.0,1000,0.0,2.0,2.0,0,40.0,2.0,1,2.0,0,1995.0,52.0,1,38,999,1.0,0.0,0.0,0.0,0.0,5.0,400,1.0,1,2,0.0,1,2,3.0,4.0,1
0,501.0,100000.0,63,100000.0,100000.0,03,1.0,32,1.0,20.0,20,6.0,1.0,2,5,2.0,17,2.0,3.0,9000,0.0,3.0,3.0,0,40.0,2.0,9,2.0,1,1995.0,52.0,1,38,26,1.0,0.0,0.0,0.0,0.0,5.0,200,1.0,2,2,0.0,1,2,3.0,4.0,1
0,408.0,63000.0,96,63000.0,63000.0,42,1.0,82,1.0,19.0,20,4.0,1.0,2,3,2.0,1,2.0,3.0,1000,0.0,3.0,3.0,0,45.0,2.0,1,2.0,0,1980.0,52.0,1,27,89,1.0,0.0,0.0,0.0,0.0,5.0,600,1.0,2,2,0.0,1,2,3.0,4.0,1
0,423.0,45000.0,51,45000.0,45000.0,68,1.0,32,1.0,17.0,20,1.0,1.0,2,1,2.0,1,2.0,3.0,1000,0.0,3.0,3.0,0,35.0,2.0,1,2.0,0,2013.0,52.0,1,38,999,4.0,0.0,0.0,0.0,0.0,5.0,200,1.0,1,2,0.0,1,2,3.0,4.0,1
0,423.0,40000.0,67,40000.0,40000.0,93,1.0,32,1.0,17.0,21,1.0,1.0,2,1,2.0,1,2.0,3.0,1000,0.0,3.0,3.0,0,40.0,2.0,1,2.0,0,2013.0,52.0,1,38,999,3.0,0.0,0.0,0.0,0.0,5.0,200,1.0,1,2,0.0,1,2,3.0,4.0,1
0,392.0,109000.0,03,109000.0,109000.0,86,1.0,82,1.0,21.0,20,1.0,1.0,2,1,2.0,1,2.0,3.0,1000,0.0,3.0,3.0,2,50.0,2.0,1,2.0,0,2010.0,52.0,1,38,999,7.0,0.0,0.0,0.0,0.0,5.0,500,1.0,1,2,0.0,1,2,3.0,4.0,1
0,392.0,10000.0,02,10000.0,10000.0,01,1.0,570,1.0,16.0,21,1.0,1.0,2,1,2.0,16,2.0,3.0,9000,0.0,3.0,3.0,0,70.0,2.0,9,2.0,0,2010.0,52.0,1,449,999,7.0,0.0,0.0,0.0,0.0,5.0,500,1.0,1,2,0.0,6,2,3.0,4.0,1
0,501.0,112500.0,13,110000.0,110000.0,30,1.0,32,1.0,21.0,20,6.0,1.0,2,5,2.0,1,2.0,3.0,1000,0.0,3.0,3.0,0,40.0,2.0,1,2.0,0,1995.0,52.0,1,27,999,1.0,0.0,0.0,0.0,0.0,5.0,600,3.0,1,2,2500.0,1,2,3.0,4.0,1
0,432.0,65000.0,20,65000.0,65000.0,94,1.0,995,1.0,22.0,20,1.0,1.0,2,1,2.0,1,2.0,3.0,1000,0.0,3.0,3.0,0,40.0,2.0,1,2.0,0,2014.0,52.0,1,40,999,4.0,0.0,0.0,0.0,0.0,5.0,100,1.0,3,2,0.0,1,2,3.0,4.0,1
0,432.0,27700.0,55,15000.0,9000.0,63,6.0,995,1.0,16.0,21,1.0,2.0,1,1,1.0,1,2.0,2.0,1000,0.0,2.0,2.0,0,20.0,2.0,1,2.0,0,2014.0,40.0,1,6,999,6.0,12000.0,0.0,700.0,0.0,5.0,100,1.0,3,2,0.0,1,1,3.0,2.0,1
0,432.0,18000.0,46,6000.0,6000.0,84,1.0,996,1.0,14.0,27,6.0,1.0,1,5,1.0,1,2.0,3.0,1000,0.0,3.0,3.0,0,15.0,2.0,1,2.0,0,1995.0,48.0,1,48,999,2.0,12000.0,0.0,0.0,0.0,5.0,100,1.0,3,2,0.0,1,1,3.0,4.0,1
0,3.0,500.0,38,500.0,500.0,94,1.0,917,1.0,16.0,20,6.0,1.0,2,5,2.0,3,2.0,3.0,5025,0.0,3.0,3.0,0,12.0,2.0,5,2.0,1,1995.0,1.0,0,6,999,5.0,0.0,0.0,0.0,0.0,5.0,200,1.0,1,2,0.0,1,2,3.0,4.0,1
0,501.0,88000.0,04,88000.0,88000.0,04,1.0,999,1.0,18.0,20,1.0,1.0,2,1,2.0,1,2.0,3.0,1000,0.0,3.0,3.0,0,45.0,2.0,1,2.0,0,2015.0,52.0,1,27,999,5.0,0.0,0.0,0.0,0.0,5.0,100,1.0,4,2,0.0,1,2,3.0,4.0,1
0,501.0,114000.0,02,114000.0,114000.0,04,1.0,999,1.0,15.0,21,1.0,1.0,2,1,2.0,1,2.0,3.0,1000,0.0,3.0,3.0,0,50.0,2.0,1,2.0,0,2015.0,52.0,1,50,999,5.0,0.0,0.0,0.0,0.0,5.0,100,1.0,4,2,0.0,1,2,3.0,4.0,1
0,79.0,11200.0,02,0.0,0.0,78,6.0,50,2.0,16.0,20,4.0,2.0,2,3,2.0,1,2.0,2.0,1000,0.0,2.0,2.0,0,40.0,2.0,1,2.0,0,1989.0,52.0,1,8,999,4.0,11200.0,0.0,0.0,0.0,5.0,100,1.0,1,2,0.0,1,2,3.0,2.0,1
0,12.0,1900.0,25,1500.0,1500.0,78,1.0,999,1.0,20.0,20,4.0,1.0,2,3,2.0,1,2.0,3.0,1000,0.0,3.0,3.0,1,72.0,2.0,1,2.0,0,2009.0,14.0,1,27,999,3.0,0.0,0.0,0.0,400.0,5.0,600,1.0,4,2,0.0,1,2,3.0,4.0,1
0,501.0,140000.0,48,140000.0,140000.0,70,1.0,82,1.0,21.0,20,1.0,1.0,2,1,2.0,1,2.0,3.0,1000,0.0,3.0,3.0,0,40.0,2.0,1,2.0,0,2015.0,52.0,1,38,22,1.0,0.0,0.0,0.0,0.0,5.0,600,1.0,2,2,0.0,1,2,3.0,4.0,1
0,501.0,80000.0,00,80000.0,80000.0,75,1.0,50,1.0,21.0,21,1.0,1.0,2,1,2.0,1,2.0,3.0,1000,0.0,3.0,3.0,0,40.0,2.0,1,2.0,0,2015.0,52.0,1,38,22,1.0,0.0,0.0,0.0,0.0,5.0,600,1.0,2,2,0.0,1,2,3.0,4.0,1
0,406.0,0.0,04,0.0,0.0,04,6.0,935,2.0,21.0,20,1.0,2.0,2,1,2.0,1,2.0,2.0,1000,0.0,2.0,2.0,0,40.0,2.0,1,2.0,0,1994.0,52.0,1,38,82,1.0,0.0,0.0,0.0,0.0,5.0,200,1.0,2,2,0.0,1,2,3.0,4.0,1
0,406.0,80000.0,02,80000.0,80000.0,78,1.0,82,1.0,21.0,21,1.0,1.0,2,1,2.0,1,2.0,3.0,1000,0.0,3.0,3.0,0,40.0,2.0,1,2.0,0,1994.0,52.0,1,38,999,3.0,0.0,0.0,0.0,0.0,5.0,200,1.0,1,2,0.0,1,2,3.0,4.0,1
0,458.0,71030.0,22,71000.0,71000.0,78,1.0,750,1.0,22.0,20,6.0,1.0,2,5,2.0,8,2.0,3.0,4003,0.0,3.0,3.0,0,40.0,2.0,6,2.0,0,1995.0,52.0,0,217,999,4.0,0.0,0.0,0.0,0.0,5.0,500,3.0,1,2,30.0,4,2,3.0,4.0,1
0,31.0,5000.0,23,5000.0,5000.0,84,3.0,82,1.0,20.0,20,6.0,2.0,2,5,2.0,1,2.0,1.0,1000,0.0,2.0,2.0,0,8.0,2.0,1,2.0,0,1995.0,39.0,1,38,89,3.0,0.0,0.0,0.0,0.0,1.0,300,1.0,2,2,0.0,1,2,3.0,4.0,1
0,501.0,150000.0,70,150000.0,150000.0,05,1.0,32,1.0,20.0,22,6.0,1.0,2,5,2.0,1,2.0,3.0,1000,0.0,3.0,3.0,0,40.0,2.0,1,2.0,0,1995.0,52.0,1,38,142,1.0,0.0,0.0,0.0,0.0,5.0,300,1.0,2,2,0.0,1,2,3.0,4.0,1
0,501.0,40000.0,52,13000.0,13000.0,48,1.0,32,1.0,16.0,20,1.0,1.0,1,1,2.0,1,2.0,3.0,1000,0.0,3.0,3.0,0,20.0,2.0,1,2.0,0,1993.0,30.0,1,38,999,1.0,15000.0,12000.0,0.0,0.0,5.0,200,1.0,1,1,0.0,1,2,3.0,4.0,1
0,501.0,93000.0,91,93000.0,93000.0,56,1.0,21,1.0,18.0,21,1.0,1.0,2,1,2.0,1,2.0,3.0,1000,0.0,3.0,3.0,0,70.0,2.0,1,2.0,0,1993.0,52.0,1,19,999,1.0,0.0,0.0,0.0,0.0,5.0,200,1.0,1,2,0.0,1,2,3.0,4.0,1
0,501.0,20000.0,47,15000.0,15000.0,53,6.0,32,1.0,19.0,28,4.0,2.0,2,3,2.0,1,2.0,2.0,1000,0.0,1.0,3.0,0,36.0,2.0,1,2.0,0,1999.0,30.0,1,38,999,1.0,0.0,0.0,0.0,5000.0,5.0,200,3.0,1,2,0.0,1,2,2.0,4.0,1
0,501.0,17000.0,47,12000.0,12000.0,53,6.0,32,1.0,19.0,28,4.0,2.0,2,3,2.0,1,2.0,2.0,1000,0.0,1.0,3.0,0,36.0,2.0,1,2.0,0,1999.0,30.0,1,38,999,1.0,0.0,0.0,0.0,5000.0,5.0,200,3.0,1,2,0.0,1,2,2.0,4.0,1
0,501.0,100000.0,02,100000.0,100000.0,01,1.0,32,1.0,20.0,20,4.0,1.0,2,3,2.0,1,2.0,3.0,1000,0.0,3.0,3.0,2,60.0,2.0,1,2.0,0,1983.0,52.0,1,38,82,7.0,0.0,0.0,0.0,0.0,5.0,300,1.0,2,2,0.0,1,2,3.0,4.0,1
0,353.0,55000.0,57,55000.0,55000.0,81,1.0,82,1.0,20.0,22,4.0,1.0,2,3,2.0,1,2.0,3.0,1000,0.0,3.0,3.0,0,40.0,2.0,1,2.0,0,1986.0,52.0,1,38,999,2.0,0.0,0.0,0.0,0.0,5.0,300,1.0,1,2,0.0,1,2,3.0,4.0,1
0,308.0,62500.0,02,60000.0,0.0,01,1.0,82,1.0,20.0,20,1.0,1.0,1,1,2.0,1,2.0,3.0,1000,0.0,3.0,3.0,2,45.0,2.0,1,2.0,0,1982.0,40.0,1,38,999,6.0,0.0,0.0,0.0,0.0,5.0,500,1.0,1,2,2500.0,1,1,3.0,4.0,1
0,308.0,0.0,42,0.0,0.0,69,6.0,82,3.0,16.0,21,1.0,1.0,2,1,2.0,1,2.0,2.0,1000,0.0,2.0,2.0,2,40.0,2.0,1,2.0,0,1982.0,52.0,1,24,999,1.0,0.0,0.0,0.0,0.0,5.0,500,1.0,1,2,0.0,1,2,3.0,4.0,1
0,235.0,45000.0,20,45000.0,45000.0,91,1.0,32,1.0,21.0,20,1.0,1.0,2,1,2.0,1,2.0,3.0,1000,0.0,3.0,3.0,0,40.0,2.0,1,2.0,0,1988.0,52.0,1,53,22,2.0,0.0,0.0,0.0,0.0,5.0,200,1.0,2,2,0.0,1,2,3.0,4.0,1
0,235.0,0.0,42,0.0,0.0,69,6.0,32,3.0,21.0,21,1.0,2.0,2,1,2.0,1,2.0,2.0,1000,0.0,2.0,2.0,0,40.0,2.0,1,2.0,0,1988.0,52.0,1,42,88,1.0,0.0,0.0,0.0,0.0,5.0,200,1.0,2,2,0.0,1,2,3.0,4.0,1
0,235.0,10000.0,40,10000.0,10000.0,86,1.0,22,1.0,16.0,25,6.0,1.0,2,5,2.0,1,2.0,3.0,1000,0.0,3.0,3.0,2,25.0,2.0,1,2.0,0,1995.0,52.0,1,41,87,1.0,0.0,0.0,0.0,0.0,5.0,200,1.0,2,2,0.0,1,2,3.0,4.0,1
0,501.0,18000.0,58,4200.0,4200.0,75,1.0,32,1.0,19.0,20,1.0,1.0,1,1,1.0,1,2.0,3.0,1000,0.0,3.0,3.0,0,10.0,2.0,1,2.0,0,1993.0,42.0,1,38,50,1.0,0.0,13800.0,0.0,0.0,5.0,200,1.0,2,2,0.0,1,2,3.0,4.0,1
0,501.0,122000.0,04,122000.0,122000.0,66,1.0,97,1.0,19.0,21,1.0,1.0,2,1,2.0,1,2.0,3.0,1000,0.0,3.0,3.0,0,40.0,2.0,1,2.0,0,1993.0,52.0,1,38,50,1.0,0.0,0.0,0.0,0.0,5.0,200,1.0,2,2,0.0,1,2,3.0,4.0,1
0,501.0,25000.0,78,25000.0,25000.0,10,1.0,999,1.0,16.0,25,6.0,1.0,2,5,2.0,16,2.0,3.0,9000,0.0,3.0,3.0,0,60.0,2.0,9,2.0,0,1995.0,52.0,1,6,999,1.0,0.0,0.0,0.0,0.0,5.0,500,1.0,4,2,0.0,1,2,3.0,4.0,1
0,501.0,47000.0,21,47000.0,0.0,72,1.0,999,1.0,15.0,32,4.0,1.0,2,3,2.0,16,2.0,3.0,9000,0.0,3.0,3.0,0,40.0,2.0,9,2.0,0,1993.0,52.0,1,38,999,6.0,0.0,0.0,0.0,0.0,5.0,500,1.0,4,2,0.0,1,2,3.0,4.0,1
0,501.0,75000.0,04,75000.0,75000.0,82,1.0,999,1.0,20.0,20,1.0,1.0,2,1,2.0,1,2.0,3.0,1000,0.0,3.0,3.0,0,80.0,2.0,1,2.0,0,1993.0,52.0,1,38,999,1.0,0.0,0.0,0.0,0.0,5.0,500,1.0,4,2,0.0,1,2,3.0,4.0,1
0,501.0,72000.0,73,0.0,0.0,94,6.0,999,2.0,16.0,21,1.0,2.0,2,1,2.0,1,2.0,2.0,1000,0.0,2.0,2.0,0,40.0,2.0,1,2.0,0,1993.0,52.0,1,38,999,3.0,0.0,72000.0,0.0,0.0,5.0,500,1.0,4,2,0.0,1,2,3.0,2.0,1
0,260.0,40000.0,87,40000.0,40000.0,39,1.0,32,1.0,19.0,20,3.0,1.0,2,2,2.0,1,2.0,3.0,1000,0.0,3.0,3.0,0,40.0,2.0,1,2.0,0,1995.0,52.0,1,38,999,1.0,0.0,0.0,0.0,0.0,5.0,600,1.0,1,2,0.0,1,2,3.0,4.0,1
0,501.0,63000.0,22,63000.0,63000.0,78,1.0,195,1.0,22.0,20,1.0,1.0,2,1,2.0,1,2.0,3.0,1000,0.0,3.0,3.0,0,40.0,2.0,1,2.0,0,1998.0,48.0,1,48,999,4.0,0.0,0.0,0.0,0.0,5.0,500,1.0,1,2,0.0,1,2,3.0,4.0,1
0,481.0,115000.0,63,115000.0,115000.0,03,1.0,32,1.0,19.0,20,4.0,1.0,2,3,2.0,1,2.0,3.0,1000,0.0,3.0,3.0,0,40.0,2.0,1,2.0,0,2009.0,52.0,1,38,999,1.0,0.0,0.0,0.0,0.0,5.0,100,1.0,1,2,0.0,1,2,3.0,4.0,1
0,272.0,42000.0,32,42000.0,42000.0,81,1.0,32,1.0,20.0,22,6.0,1.0,2,5,2.0,1,2.0,3.0,1000,0.0,3.0,3.0,0,36.0,2.0,1,2.0,0,1995.0,52.0,1,27,999,1.0,0.0,0.0,0.0,0.0,5.0,100,1.0,1,2,0.0,1,2,3.0,4.0,1
0,501.0,107000.0,32,107000.0,107000.0,81,1.0,939,1.0,21.0,20,1.0,1.0,2,1,2.0,1,2.0,3.0,1000,0.0,3.0,3.0,0,38.0,2.0,1,2.0,0,2001.0,52.0,1,38,999,2.0,0.0,0.0,0.0,0.0,5.0,400,1.0,1,2,0.0,1,2,3.0,4.0,1
0,501.0,52000.0,89,52000.0,52000.0,28,1.0,939,1.0,20.0,21,1.0,1.0,2,1,2.0,1,2.0,3.0,1000,0.0,3.0,3.0,0,40.0,2.0,1,2.0,0,2001.0,52.0,1,36,999,1.0,0.0,0.0,0.0,0.0,5.0,400,1.0,1,2,0.0,1,2,3.0,4.0,1
0,501.0,100100.0,02,50000.0,0.0,01,6.0,32,1.0,22.0,20,1.0,2.0,2,1,2.0,1,2.0,2.0,1000,0.0,2.0,2.0,0,20.0,2.0,1,2.0,0,2018.0,12.0,1,38,999,6.0,0.0,50000.0,0.0,0.0,5.0,200,1.0,1,2,100.0,1,2,3.0,4.0,1
0,501.0,45000.0,23,45000.0,45000.0,78,1.0,82,1.0,22.0,21,1.0,1.0,2,1,2.0,1,2.0,3.0,1000,0.0,3.0,3.0,0,40.0,2.0,1,2.0,0,2018.0,52.0,1,27,999,3.0,0.0,0.0,0.0,0.0,5.0,200,1.0,1,2,0.0,1,2,3.0,4.0,1
0,501.0,96000.0,02,96000.0,0.0,07,6.0,22,1.0,16.0,20,4.0,2.0,2,3,2.0,1,2.0,3.0,1000,0.0,2.0,2.0,0,45.0,2.0,1,2.0,0,1990.0,9.0,1,30,999,6.0,0.0,0.0,0.0,0.0,1.0,300,1.0,1,2,0.0,1,2,3.0,4.0,1
0,153.0,24000.0,58,24000.0,24000.0,07,6.0,22,1.0,18.0,22,4.0,2.0,2,3,2.0,1,2.0,2.0,1000,0.0,2.0,2.0,0,38.0,2.0,1,2.0,0,1990.0,2.0,1,30,50,1.0,0.0,0.0,0.0,0.0,5.0,300,1.0,2,2,0.0,1,2,3.0,4.0,1
0,71.0,25104.0,02,4.0,0.0,01,1.0,98,1.0,20.0,20,1.0,1.0,2,1,2.0,1,2.0,3.0,1000,0.0,3.0,3.0,2,65.0,2.0,1,2.0,0,2017.0,52.0,1,38,999,6.0,0.0,0.0,0.0,0.0,5.0,100,1.0,1,2,25100.0,1,2,3.0,4.0,1
0,71.0,0.0,42,0.0,0.0,69,6.0,98,3.0,20.0,21,1.0,2.0,2,1,2.0,1,2.0,2.0,1000,0.0,2.0,2.0,2,40.0,2.0,1,2.0,0,2017.0,52.0,1,46,999,1.0,0.0,0.0,0.0,0.0,5.0,100,1.0,1,2,0.0,1,2,3.0,4.0,1
0,501.0,90000.0,91,90000.0,90000.0,63,1.0,26,1.0,16.0,20,1.0,1.0,2,1,2.0,1,2.0,3.0,1000,0.0,3.0,3.0,0,45.0,2.0,1,2.0,0,2000.0,52.0,1,38,32,1.0,0.0,0.0,0.0,0.0,5.0,600,1.0,2,2,0.0,1,2,3.0,4.0,1
0,501.0,150000.0,00,150000.0,150000.0,86,1.0,32,1.0,17.0,21,1.0,1.0,2,1,2.0,1,2.0,3.0,1000,0.0,3.0,3.0,0,50.0,2.0,1,2.0,0,2000.0,52.0,1,38,148,1.0,0.0,0.0,0.0,0.0,5.0,600,1.0,2,2,0.0,1,2,3.0,4.0,1
0,501.0,0.0,42,0.0,0.0,69,6.0,26,3.0,19.0,25,6.0,2.0,2,5,2.0,1,2.0,2.0,1000,0.0,2.0,2.0,0,40.0,2.0,1,2.0,0,1995.0,52.0,1,38,32,1.0,0.0,0.0,0.0,0.0,5.0,600,1.0,2,2,0.0,1,2,3.0,4.0,1
0,501.0,20000.0,25,20000.0,20000.0,78,1.0,32,1.0,21.0,26,6.0,1.0,2,5,2.0,29,2.0,3.0,9000,0.0,3.0,3.0,2,40.0,2.0,9,2.0,0,1995.0,52.0,1,38,148,2.0,0.0,0.0,0.0,0.0,5.0,600,1.0,2,2,0.0,1,2,3.0,4.0,2
0,501.0,135000.0,62,135000.0,135000.0,03,1.0,32,1.0,20.0,20,6.0,1.0,2,5,2.0,1,2.0,3.0,1000,0.0,3.0,3.0,0,60.0,2.0,1,2.0,0,1995.0,52.0,1,38,999,1.0,0.0,0.0,0.0,0.0,5.0,100,3.0,1,2,0.0,1,2,3.0,4.0,1
0,404.0,38000.0,42,38000.0,38000.0,77,1.0,32,1.0,19.0,25,6.0,1.0,2,5,2.0,1,2.0,3.0,1000,0.0,3.0,3.0,2,40.0,2.0,1,2.0,0,1995.0,52.0,1,38,999,1.0,0.0,0.0,0.0,0.0,5.0,300,1.0,1,2,0.0,1,2,3.0,4.0,1
0,501.0,87620.0,28,87000.0,37000.0,64,2.0,98,1.0,21.0,20,1.0,2.0,2,1,2.0,1,2.0,3.0,1000,0.0,2.0,1.0,0,40.0,2.0,1,2.0,0,2004.0,40.0,1,38,999,7.0,0.0,0.0,0.0,0.0,5.0,400,1.0,1,2,620.0,1,2,3.0,4.0,1
0,501.0,126000.0,00,86000.0,86000.0,01,1.0,999,1.0,22.0,21,1.0,1.0,2,1,2.0,1,2.0,3.0,1000,0.0,3.0,3.0,0,45.0,2.0,1,2.0,0,2004.0,52.0,1,38,999,1.0,0.0,40000.0,0.0,0.0,5.0,400,1.0,4,2,0.0,1,2,3.0,2.0,1
0,501.0,120000.0,04,120000.0,120000.0,94,1.0,32,1.0,21.0,20,1.0,1.0,2,1,2.0,1,2.0,3.0,1000,0.0,3.0,3.0,0,40.0,2.0,1,2.0,0,2007.0,52.0,1,27,999,5.0,0.0,0.0,0.0,0.0,5.0,300,1.0,1,2,0.0,1,2,3.0,4.0,1
0,501.0,50000.0,20,50000.0,50000.0,82,1.0,995,1.0,21.0,21,1.0,1.0,2,1,2.0,29,2.0,3.0,9000,0.0,3.0,3.0,0,36.0,2.0,9,2.0,0,2007.0,52.0,1,55,999,1.0,0.0,0.0,0.0,0.0,5.0,300,1.0,3,2,0.0,1,2,3.0,4.0,1
0,501.0,90000.0,38,90000.0,90000.0,94,1.0,999,1.0,21.0,20,6.0,1.0,2,5,2.0,16,2.0,3.0,9000,0.0,3.0,3.0,0,80.0,2.0,9,2.0,0,1995.0,52.0,1,6,999,5.0,0.0,0.0,0.0,0.0,5.0,200,3.0,4,2,0.0,1,2,3.0,4.0,2
0,192.0,30000.0,71,30000.0,30000.0,35,1.0,26,1.0,19.0,20,6.0,1.0,2,5,2.0,1,2.0,3.0,1000,0.0,3.0,3.0,0,48.0,2.0,1,2.0,0,1995.0,52.0,1,27,82,1.0,0.0,0.0,0.0,0.0,5.0,500,1.0,2,2,0.0,1,2,3.0,4.0,1
0,501.0,138200.0,91,137000.0,137000.0,04,1.0,32,1.0,21.0,20,4.0,1.0,2,3,2.0,1,2.0,3.0,1000,0.0,3.0,3.0,0,73.0,2.0,1,2.0,0,1997.0,52.0,1,38,125,1.0,0.0,0.0,0.0,0.0,5.0,100,1.0,2,2,1200.0,1,2,3.0,4.0,1
0,231.0,36500.0,52,36500.0,36500.0,47,1.0,51,1.0,20.0,22,4.0,1.0,2,3,2.0,1,2.0,3.0,1000,0.0,3.0,3.0,0,40.0,2.0,1,2.0,0,1995.0,52.0,1,34,999,1.0,0.0,0.0,0.0,0.0,5.0,100,1.0,1,2,0.0,1,2,3.0,4.0,1
0,501.0,80000.0,91,80000.0,80000.0,61,1.0,999,1.0,19.0,20,3.0,1.0,1,2,2.0,1,2.0,2.0,1000,0.0,2.0,2.0,0,50.0,2.0,1,2.0,0,1997.0,52.0,1,38,999,1.0,0.0,0.0,0.0,0.0,5.0,100,3.0,4,2,0.0,1,1,2.0,4.0,1
0,501.0,118010.0,14,118000.0,118000.0,20,1.0,32,1.0,21.0,20,1.0,1.0,2,1,2.0,1,2.0,3.0,1000,0.0,3.0,3.0,0,40.0,2.0,1,2.0,0,2016.0,52.0,1,38,999,1.0,0.0,0.0,0.0,0.0,5.0,200,1.0,1,2,10.0,1,2,3.0,4.0,1
0,501.0,125010.0,15,125000.0,125000.0,05,1.0,22,1.0,21.0,21,1.0,1.0,2,1,2.0,1,2.0,3.0,1000,0.0,3.0,3.0,0,40.0,2.0,1,2.0,0,2016.0,52.0,1,19,32,2.0,0.0,0.0,0.0,0.0,5.0,200,1.0,2,2,10.0,1,2,3.0,4.0,1
0,406.0,43000.0,20,17000.0,17000.0,91,1.0,142,1.0,20.0,20,1.0,1.0,2,1,2.0,1,2.0,3.0,1000,0.0,3.0,3.0,1,20.0,2.0,1,2.0,0,1979.0,52.0,1,38,32,2.0,0.0,13000.0,0.0,0.0,5.0,100,1.0,2,2,13000.0,1,2,3.0,4.0,1
