WAGP,POVPIP,SEMP,income_group,income_source_count,poverty_band,has_wage_income,has_self_employment,ESR,COW,WKL,OCCP_2digit,INDP_2digit,employment_status_simple,employer_type,AGEP,SEX,MAR,MIG,NATIVITY,RAC1P,HISP,age_group,marital_status_simple,SCHL,SCH,education_level,currently_enrolled,DIS,DEAR,DEYE,DPHY,has_any_disability,STATE,PUMA,REGION,DIVISION,medicaid_only
0.0,0.0,0.0,,0,,0,0,6.0,1.0,3.0,42,69,Not_in_labor_force,Private,41,1,3,1.0,1,1,1,36-45,Divorced_Separated,16.0,1.0,HS_diploma,0,1,2,2,1.0,1,38,600,2,4,1
3000.0,379.0,0.0,Very_Low,1,200-400%,1,0,6.0,3.0,1.0,96,49,Not_in_labor_force,Government,22,1,5,1.0,1,1,1,18-25,Never_married,19.0,2.0,Some_college,1,2,2,2,2.0,0,38,600,2,4,0
5200.0,379.0,0.0,Very_Low,1,200-400%,1,0,1.0,1.0,1.0,47,48,Employed,Private,21,1,5,1.0,1,1,1,18-25,Never_married,19.0,2.0,Some_college,1,2,2,2,2.0,0,38,600,2,4,0
3300.0,379.0,2400.0,Very_Low,2,200-400%,1,1,6.0,1.0,1.0,41,85,Not_in_labor_force,Private,20,1,5,1.0,1,6,1,18-25,Never_married,19.0,3.0,Some_college,1,2,2,2,2.0,0,38,300,2,4,0
32000.0,379.0,0.0,Medium,1,200-400%,1,0,6.0,1.0,1.0,60,01,Not_in_labor_force,Private,19,1,5,1.0,1,1,1,18-25,Never_married,16.0,2.0,HS_diploma,1,2,2,2,2.0,0,38,300,2,4,0
4500.0,379.0,0.0,Very_Low,1,200-400%,1,0,1.0,3.0,1.0,39,85,Employed,Government,18,2,5,3.0,1,1,1,18-25,Never_married,16.0,2.0,HS_diploma,1,2,2,2,2.0,0,38,600,2,4,0
21600.0,379.0,0.0,Low,1,200-400%,1,0,1.0,1.0,1.0,40,86,Employed,Private,18,2,5,3.0,1,9,5,18-25,Never_married,16.0,1.0,HS_diploma,0,2,2,2,2.0,0,38,200,2,4,0
10000.0,379.0,0.0,Very_Low,1,200-400%,1,0,1.0,4.0,1.0,23,78,Employed,Government,22,1,5,1.0,1,1,1,18-25,Never_married,19.0,2.0,Some_college,1,2,2,2,2.0,0,38,500,2,4,0
23600.0,379.0,0.0,Low,1,200-400%,1,0,1.0,4.0,1.0,25,78,Employed,Government,31,1,5,1.0,2,2,1,26-35,Never_married,19.0,3.0,Some_college,1,2,2,2,2.0,0,38,400,2,4,0
0.0,27.0,0.0,,1,<100%,0,0,6.0,1.0,3.0,42,69,Not_in_labor_force,Private,32,1,5,1.0,1,1,1,26-35,Never_married,16.0,1.0,HS_diploma,0,1,2,1,1.0,1,38,300,2,4,1
10000.0,379.0,0.0,Very_Low,1,200-400%,1,0,6.0,3.0,1.0,39,85,Not_in_labor_force,Government,21,1,5,1.0,1,1,1,18-25,Never_married,19.0,2.0,Some_college,1,2,2,2,2.0,0,38,600,2,4,0
15000.0,379.0,0.0,Very_Low,1,200-400%,1,0,6.0,1.0,1.0,41,86,Not_in_labor_force,Private,19,2,5,3.0,1,1,1,18-25,Never_married,18.0,2.0,Some_college,1,2,2,2,2.0,0,38,500,2,4,0
6000.0,379.0,0.0,Very_Low,1,200-400%,1,0,1.0,1.0,1.0,64,07,Employed,Private,21,1,5,1.0,1,1,1,18-25,Never_married,19.0,2.0,Some_college,1,2,2,2,2.0,0,38,600,2,4,0
4800.0,379.0,0.0,Very_Low,1,200-400%,1,0,6.0,1.0,1.0,46,92,Not_in_labor_force,Private,19,2,5,1.0,1,1,1,18-25,Never_married,19.0,2.0,Some_college,1,2,2,2,2.0,0,38,600,2,4,0
5200.0,379.0,0.0,Very_Low,1,200-400%,1,0,1.0,2.0,1.0,36,78,Employed,Private,20,2,5,1.0,1,1,1,18-25,Never_married,20.0,3.0,Some_college,1,2,2,2,2.0,0,38,400,2,4,0
1500.0,379.0,0.0,Very_Low,1,200-400%,1,0,6.0,3.0,1.0,42,78,Not_in_labor_force,Government,23,1,5,1.0,1,1,1,18-25,Never_married,16.0,1.0,HS_diploma,0,2,2,2,2.0,0,38,300,2,4,0
5300.0,379.0,0.0,Very_Low,1,200-400%,1,0,6.0,1.0,1.0,42,77,Not_in_labor_force,Private,19,1,5,1.0,1,1,1,18-25,Never_married,19.0,2.0,Some_college,1,2,2,2,2.0,0,38,100,2,4,0
100000.0,501.0,0.0,Very_High,1,>400%,1,0,1.0,1.0,1.0,00,30,Employed,Private,54,1,1,3.0,1,1,1,46-55,Married,21.0,1.0,Bachelors,0,2,2,2,2.0,0,38,600,2,4,0
7500.0,379.0,0.0,Very_Low,1,200-400%,1,0,1.0,1.0,1.0,46,84,Employed,Private,18,2,5,3.0,2,1,1,18-25,Never_married,16.0,2.0,HS_diploma,1,2,2,2,2.0,0,38,200,2,4,0
11000.0,379.0,0.0,Very_Low,1,200-400%,1,0,6.0,1.0,1.0,01,46,Not_in_labor_force,Private,19,1,5,3.0,1,1,1,18-25,Never_married,19.0,3.0,Some_college,1,2,2,2,2.0,0,38,400,2,4,0
25000.0,379.0,0.0,Low,1,200-400%,1,0,6.0,1.0,1.0,62,07,Not_in_labor_force,Private,30,1,5,3.0,1,5,1,26-35,Never_married,16.0,1.0,HS_diploma,0,2,2,2,2.0,0,38,400,2,4,1
10000.0,379.0,0.0,Very_Low,1,200-400%,1,0,4.0,5.0,1.0,98,96,Not_in_labor_force,Government,18,1,5,3.0,1,8,2,18-25,Never_married,16.0,1.0,HS_diploma,0,2,2,2,2.0,0,38,200,2,4,0
0.0,379.0,0.0,,0,200-400%,0,0,6.0,1.0,2.0,91,86,Not_in_labor_force,Private,22,1,5,1.0,1,1,1,18-25,Never_married,19.0,2.0,Some_college,1,2,2,2,2.0,0,38,500,2,4,0
0.0,27.0,0.0,,1,<100%,0,0,6.0,1.0,3.0,42,69,Not_in_labor_force,Private,48,1,3,3.0,1,1,1,46-55,Divorced_Separated,16.0,1.0,HS_diploma,0,1,1,1,1.0,1,38,500,2,4,1
0.0,9.0,0.0,,1,<100%,0,0,6.0,1.0,3.0,42,69,Not_in_labor_force,Private,63,2,5,3.0,1,1,1,56-65,Never_married,16.0,1.0,HS_diploma,0,1,2,2,2.0,1,38,400,2,4,1
0.0,379.0,0.0,,1,200-400%,0,0,6.0,1.0,3.0,42,69,Not_in_labor_force,Private,54,2,3,1.0,1,1,1,46-55,Divorced_Separated,21.0,1.0,Bachelors,0,1,2,2,1.0,1,38,300,2,4,1
3500.0,379.0,1000.0,Very_Low,2,200-400%,1,1,3.0,1.0,1.0,52,85,Unemployed,Private,19,1,5,3.0,1,1,1,18-25,Never_married,19.0,2.0,Some_college,1,2,2,2,2.0,0,38,600,2,4,0
15600.0,379.0,0.0,Low,1,200-400%,1,0,1.0,4.0,1.0,38,94,Employed,Government,22,1,5,3.0,1,1,1,18-25,Never_married,19.0,2.0,Some_college,1,2,2,2,2.0,0,38,500,2,4,0
28000.0,379.0,0.0,Low,1,200-400%,1,0,6.0,1.0,1.0,62,07,Not_in_labor_force,Private,48,1,4,1.0,1,1,1,46-55,Divorced_Separated,17.0,1.0,HS_diploma,0,1,2,2,2.0,1,38,400,2,4,1
8900.0,379.0,0.0,Very_Low,1,200-400%,1,0,6.0,1.0,1.0,47,52,Not_in_labor_force,Private,20,2,5,3.0,1,1,2,18-25,Never_married,19.0,3.0,Some_college,1,2,2,2,2.0,0,38,400,2,4,0
5500.0,379.0,0.0,Very_Low,1,200-400%,1,0,1.0,4.0,1.0,27,78,Employed,Government,21,1,5,3.0,1,1,1,18-25,Never_married,18.0,2.0,Some_college,1,2,2,2,2.0,0,38,300,2,4,0
4500.0,379.0,0.0,Very_Low,1,200-400%,1,0,1.0,3.0,1.0,39,85,Employed,Government,18,2,5,3.0,1,1,1,18-25,Never_married,19.0,2.0,Some_college,1,2,2,2,2.0,0,38,600,2,4,0
10000.0,379.0,0.0,Very_Low,1,200-400%,1,0,6.0,3.0,1.0,39,85,Not_in_labor_force,Government,21,1,5,1.0,1,1,1,18-25,Never_married,19.0,2.0,Some_college,1,2,2,2,2.0,0,38,600,2,4,0
0.0,176.0,27500.0,,1,138-200%,0,1,1.0,6.0,1.0,62,01,Employed,Self_employed,33,1,1,1.0,1,1,1,26-35,Married,14.0,1.0,Less_than_HS,0,2,2,2,2.0,0,38,200,2,4,0
6500.0,379.0,0.0,Very_Low,1,200-400%,1,0,3.0,1.0,1.0,60,01,Unemployed,Private,21,1,5,3.0,1,1,1,18-25,Never_married,19.0,2.0,Some_college,1,2,2,2,2.0,0,38,400,2,4,0
17000.0,379.0,0.0,Low,1,200-400%,1,0,6.0,1.0,1.0,34,81,Not_in_labor_force,Private,20,2,5,1.0,1,1,1,18-25,Never_married,19.0,2.0,Some_college,1,2,2,2,2.0,0,38,500,2,4,0
8000.0,379.0,0.0,Very_Low,1,200-400%,1,0,6.0,1.0,1.0,41,86,Not_in_labor_force,Private,21,2,5,3.0,1,1,24,18-25,Never_married,19.0,2.0,Some_college,1,2,2,2,2.0,0,38,500,2,4,0
8000.0,379.0,0.0,Very_Low,1,200-400%,1,0,6.0,1.0,1.0,41,86,Not_in_labor_force,Private,21,2,5,2.0,2,9,1,18-25,Never_married,16.0,3.0,HS_diploma,1,2,2,2,2.0,0,38,400,2,4,0
8000.0,379.0,0.0,Very_Low,1,200-400%,1,0,1.0,4.0,1.0,42,78,Employed,Government,20,1,5,1.0,1,1,1,18-25,Never_married,19.0,3.0,Some_college,1,2,2,2,2.0,0,38,500,2,4,0
14800.0,379.0,0.0,Very_Low,1,200-400%,1,0,6.0,1.0,1.0,55,61,Not_in_labor_force,Private,30,2,5,3.0,1,9,1,26-35,Never_married,18.0,1.0,Some_college,0,2,2,2,2.0,0,38,300,2,4,1
4000.0,379.0,0.0,Very_Low,1,200-400%,1,0,1.0,1.0,1.0,47,52,Employed,Private,19,1,5,3.0,1,1,1,18-25,Never_married,19.0,2.0,Some_college,1,2,2,2,2.0,0,38,500,2,4,0
0.0,0.0,0.0,,0,,0,0,6.0,1.0,3.0,42,69,Not_in_labor_force,Private,47,2,5,1.0,1,1,1,46-55,Never_married,18.0,1.0,Some_college,0,2,2,2,2.0,0,38,500,2,4,1
6000.0,379.0,0.0,Very_Low,2,200-400%,1,0,6.0,1.0,1.0,41,86,Not_in_labor_force,Private,41,1,4,3.0,1,3,1,36-45,Divorced_Separated,16.0,1.0,HS_diploma,0,2,2,2,2.0,0,38,300,2,4,1
5000.0,379.0,0.0,Very_Low,1,200-400%,1,0,1.0,1.0,1.0,36,82,Employed,Private,19,2,5,1.0,1,1,1,18-25,Never_married,19.0,2.0,Some_college,1,2,2,2,2.0,0,38,400,2,4,0
30000.0,379.0,0.0,Low,1,200-400%,1,0,6.0,1.0,1.0,62,07,Not_in_labor_force,Private,31,1,5,3.0,1,5,1,26-35,Never_married,16.0,1.0,HS_diploma,0,2,2,2,2.0,0,38,500,2,4,1
0.0,379.0,0.0,,0,200-400%,0,0,6.0,1.0,3.0,42,69,Not_in_labor_force,Private,64,2,5,3.0,1,1,1,56-65,Never_married,16.0,1.0,HS_diploma,0,2,2,2,2.0,0,38,400,2,4,1
0.0,379.0,0.0,,1,200-400%,0,0,3.0,9.0,3.0,99,99,Unemployed,Unpaid,18,1,5,3.0,1,1,1,18-25,Never_married,18.0,2.0,Some_college,1,2,2,2,2.0,0,38,600,2,4,0
10000.0,379.0,0.0,Very_Low,1,200-400%,1,0,6.0,3.0,1.0,39,85,Not_in_labor_force,Government,24,1,5,3.0,1,3,1,18-25,Never_married,18.0,2.0,Some_college,1,2,2,2,2.0,0,38,300,2,4,1
12200.0,379.0,0.0,Very_Low,1,200-400%,1,0,1.0,1.0,1.0,41,86,Employed,Private,19,2,5,1.0,1,1,1,18-25,Never_married,19.0,2.0,Some_college,1,2,2,2,2.0,0,38,500,2,4,0
48000.0,379.0,0.0,Medium,1,200-400%,1,0,6.0,1.0,1.0,45,86,Not_in_labor_force,Private,35,1,5,3.0,1,2,1,26-35,Never_married,18.0,1.0,Some_college,0,2,2,2,2.0,0,38,200,2,4,0
5100.0,379.0,0.0,Very_Low,2,200-400%,1,0,1.0,1.0,1.0,40,86,Employed,Private,18,2,5,3.0,1,1,1,18-25,Never_married,18.0,2.0,Some_college,1,2,2,2,2.0,0,38,600,2,4,0
6000.0,379.0,0.0,Very_Low,1,200-400%,1,0,6.0,1.0,1.0,60,01,Not_in_labor_force,Private,19,1,5,3.0,1,1,1,18-25,Never_married,16.0,2.0,HS_diploma,1,2,2,2,2.0,0,38,400,2,4,1
0.0,379.0,0.0,,0,200-400%,0,0,6.0,1.0,2.0,53,86,Not_in_labor_force,Private,18,1,5,3.0,1,1,1,18-25,Never_married,18.0,2.0,Some_college,1,2,2,2,2.0,0,38,500,2,4,0
7600.0,379.0,0.0,Very_Low,1,200-400%,1,0,1.0,1.0,1.0,40,86,Employed,Private,22,1,5,1.0,1,1,1,18-25,Never_married,19.0,3.0,Some_college,1,2,2,2,2.0,0,38,300,2,4,0
8000.0,379.0,0.0,Very_Low,1,200-400%,1,0,6.0,1.0,1.0,15,72,Not_in_labor_force,Private,19,1,5,3.0,1,1,1,18-25,Never_married,18.0,2.0,Some_college,1,2,2,2,2.0,0,38,600,2,4,0
7000.0,379.0,0.0,Very_Low,1,200-400%,1,0,1.0,1.0,1.0,40,85,Employed,Private,19,2,5,3.0,1,1,1,18-25,Never_married,18.0,2.0,Some_college,1,2,2,2,2.0,0,38,600,2,4,0
0.0,379.0,0.0,,0,200-400%,0,0,6.0,1.0,3.0,42,69,Not_in_labor_force,Private,19,1,5,1.0,1,1,1,18-25,Never_married,19.0,2.0,Some_college,1,2,2,2,2.0,0,38,500,2,4,0
5500.0,379.0,0.0,Very_Low,1,200-400%,1,0,1.0,4.0,1.0,27,78,Employed,Government,21,1,5,3.0,1,1,1,18-25,Never_married,18.0,2.0,Some_college,1,2,2,2,2.0,0,38,300,2,4,0
0.0,379.0,0.0,,0,200-400%,0,0,6.0,1.0,3.0,42,69,Not_in_labor_force,Private,21,1,5,1.0,1,1,1,18-25,Never_married,19.0,3.0,Some_college,1,2,2,2,2.0,0,38,300,2,4,0
3000.0,379.0,0.0,Very_Low,1,200-400%,1,0,6.0,3.0,1.0,96,49,Not_in_labor_force,Government,22,1,5,1.0,1,1,1,18-25,Never_married,19.0,2.0,Some_college,1,2,2,2,2.0,0,38,600,2,4,0
1100.0,379.0,0.0,Very_Low,1,200-400%,1,0,6.0,3.0,1.0,20,94,Not_in_labor_force,Government,42,1,3,1.0,1,1,1,36-45,Divorced_Separated,19.0,1.0,Some_college,0,2,2,2,2.0,0,38,300,2,4,1
50000.0,379.0,0.0,Medium,1,200-400%,1,0,6.0,1.0,1.0,62,07,Not_in_labor_force,Private,34,1,5,3.0,1,1,1,26-35,Never_married,16.0,1.0,HS_diploma,0,2,2,2,2.0,0,38,500,2,4,0
0.0,379.0,0.0,,1,200-400%,0,0,6.0,1.0,3.0,42,69,Not_in_labor_force,Private,34,1,5,1.0,1,6,1,26-35,Never_married,18.0,1.0,Some_college,0,2,2,2,2.0,0,38,300,2,4,1
6000.0,379.0,0.0,Very_Low,1,200-400%,1,0,1.0,1.0,1.0,36,82,Employed,Private,18,2,5,3.0,1,1,1,18-25,Never_married,18.0,2.0,Some_college,1,2,2,2,2.0,0,38,600,2,4,0
0.0,379.0,0.0,,0,200-400%,0,0,6.0,1.0,3.0,42,69,Not_in_labor_force,Private,29,1,5,3.0,1,1,1,26-35,Never_married,16.0,1.0,HS_diploma,0,2,2,2,2.0,0,38,600,2,4,0
27100.0,379.0,0.0,Low,1,200-400%,1,0,4.0,5.0,1.0,38,96,Not_in_labor_force,Government,21,1,5,1.0,1,1,17,18-25,Never_married,16.0,1.0,HS_diploma,0,2,2,2,2.0,0,38,500,2,4,0
10000.0,379.0,0.0,Very_Low,1,200-400%,1,0,6.0,3.0,1.0,39,85,Not_in_labor_force,Government,21,1,5,1.0,1,1,1,18-25,Never_married,19.0,2.0,Some_college,1,2,2,2,2.0,0,38,600,2,4,0
16500.0,379.0,0.0,Low,1,200-400%,1,0,6.0,1.0,1.0,13,07,Not_in_labor_force,Private,20,1,5,3.0,1,1,1,18-25,Never_married,18.0,2.0,Some_college,1,2,2,2,2.0,0,38,200,2,4,0
300.0,379.0,0.0,Very_Low,1,200-400%,1,0,6.0,3.0,1.0,43,93,Not_in_labor_force,Government,29,1,5,3.0,1,3,1,26-35,Never_married,17.0,1.0,HS_diploma,0,2,2,2,2.0,0,38,300,2,4,1
2000.0,379.0,0.0,Very_Low,1,200-400%,1,0,1.0,1.0,1.0,47,55,Employed,Private,21,2,5,1.0,1,1,1,18-25,Never_married,19.0,3.0,Some_college,1,2,2,2,2.0,0,38,300,2,4,0
28000.0,379.0,0.0,Low,1,200-400%,1,0,6.0,1.0,1.0,62,07,Not_in_labor_force,Private,38,1,5,3.0,1,1,1,36-45,Never_married,16.0,1.0,HS_diploma,0,2,2,2,2.0,0,38,600,2,4,0
15000.0,379.0,0.0,Very_Low,1,200-400%,1,0,1.0,1.0,1.0,60,01,Employed,Private,19,1,5,3.0,1,1,1,18-25,Never_married,18.0,2.0,Some_college,1,2,2,2,2.0,0,38,400,2,4,0
28800.0,189.0,0.0,Low,1,138-200%,1,0,1.0,1.0,1.0,94,87,Employed,Private,39,1,1,3.0,1,5,1,36-45,Married,12.0,1.0,Less_than_HS,0,2,2,2,2.0,0,38,400,2,4,1
0.0,501.0,145000.0,,1,>400%,0,1,1.0,6.0,1.0,81,01,Employed,Self_employed,27,1,5,1.0,1,1,1,26-35,Never_married,13.0,1.0,Less_than_HS,0,2,2,2,2.0,0,38,200,2,4,0
17200.0,379.0,0.0,Low,1,200-400%,1,0,6.0,1.0,1.0,03,86,Not_in_labor_force,Private,26,1,5,3.0,1,3,1,26-35,Never_married,17.0,2.0,HS_diploma,1,2,2,2,2.0,0,38,300,2,4,0
18000.0,115.0,0.0,Low,1,100-138%,1,0,1.0,8.0,1.0,96,26,Employed,Unpaid,51,1,1,1.0,1,1,1,46-55,Married,11.0,1.0,Less_than_HS,0,2,2,2,2.0,0,38,200,2,4,0
1500.0,379.0,0.0,Very_Low,1,200-400%,1,0,6.0,1.0,1.0,41,86,Not_in_labor_force,Private,19,1,5,3.0,1,1,1,18-25,Never_married,18.0,2.0,Some_college,1,2,2,2,2.0,0,38,500,2,4,0
0.0,27.0,0.0,,1,<100%,0,0,6.0,1.0,3.0,42,69,Not_in_labor_force,Private,32,1,5,1.0,1,1,1,26-35,Never_married,16.0,1.0,HS_diploma,0,1,2,1,1.0,1,38,300,2,4,1
28500.0,379.0,0.0,Low,2,200-400%,1,0,1.0,1.0,1.0,15,30,Employed,Private,20,1,5,1.0,1,1,1,18-25,Never_married,19.0,2.0,Some_college,1,2,2,2,2.0,0,38,600,2,4,0
0.0,379.0,0.0,,0,200-400%,0,0,6.0,1.0,3.0,42,69,Not_in_labor_force,Private,41,1,5,1.0,1,2,1,36-45,Never_married,16.0,1.0,HS_diploma,0,2,2,2,2.0,0,38,400,2,4,1
15000.0,96.0,0.0,Very_Low,1,<100%,1,0,1.0,1.0,1.0,77,35,Employed,Private,31,2,5,1.0,1,3,1,26-35,Never_married,16.0,1.0,HS_diploma,0,2,2,2,2.0,0,38,100,2,4,0
0.0,0.0,0.0,,0,,0,0,6.0,1.0,3.0,42,69,Not_in_labor_force,Private,47,2,5,1.0,1,1,1,46-55,Never_married,16.0,1.0,HS_diploma,0,2,2,2,2.0,0,38,400,2,4,1
0.0,501.0,145000.0,,1,>400%,0,1,1.0,6.0,1.0,81,01,Employed,Self_employed,27,1,5,1.0,1,1,1,26-35,Never_married,16.0,1.0,HS_diploma,0,2,2,2,2.0,0,38,200,2,4,0
20000.0,379.0,0.0,Low,1,200-400%,1,0,1.0,1.0,1.0,41,86,Employed,Private,20,1,5,1.0,1,1,1,18-25,Never_married,19.0,3.0,Some_college,1,2,2,2,2.0,0,38,500,2,4,0
15000.0,379.0,0.0,Very_Low,1,200-400%,1,0,6.0,1.0,1.0,13,07,Not_in_labor_force,Private,20,1,5,3.0,1,1,1,18-25,Never_married,19.0,2.0,Some_college,1,2,2,2,2.0,0,38,400,2,4,0
27000.0,379.0,0.0,Low,1,200-400%,1,0,1.0,4.0,1.0,25,78,Employed,Government,30,1,5,1.0,1,5,1,26-35,Never_married,19.0,2.0,Some_college,1,2,2,2,2.0,0,38,300,2,4,0
0.0,379.0,0.0,,0,200-400%,0,0,6.0,1.0,2.0,89,29,Not_in_labor_force,Private,36,1,5,3.0,1,2,1,36-45,Never_married,17.0,1.0,HS_diploma,0,2,2,2,2.0,0,38,300,2,4,0
3000.0,379.0,0.0,Very_Low,1,200-400%,1,0,1.0,1.0,1.0,47,48,Employed,Private,20,1,5,3.0,1,6,1,18-25,Never_married,19.0,2.0,Some_college,1,2,2,2,2.0,0,38,200,2,4,1
3000.0,379.0,0.0,Very_Low,1,200-400%,1,0,1.0,1.0,1.0,96,48,Employed,Private,20,1,5,1.0,1,1,1,18-25,Never_married,19.0,3.0,Some_college,1,1,2,2,2.0,1,38,300,2,4,0
0.0,54.0,0.0,,1,<100%,0,0,6.0,1.0,3.0,42,69,Not_in_labor_force,Private,58,2,1,1.0,1,1,1,56-65,Married,16.0,1.0,HS_diploma,0,1,2,2,1.0,1,38,600,2,4,1
0.0,45.0,0.0,,1,<100%,0,0,6.0,1.0,3.0,42,69,Not_in_labor_force,Private,61,1,5,3.0,1,1,1,56-65,Never_married,16.0,1.0,HS_diploma,0,1,2,1,2.0,1,38,400,2,4,1
26700.0,379.0,0.0,Low,1,200-400%,1,0,6.0,1.0,1.0,96,61,Not_in_labor_force,Private,29,1,5,3.0,1,3,2,26-35,Never_married,17.0,1.0,HS_diploma,0,1,2,2,2.0,1,38,300,2,4,1
6100.0,379.0,0.0,Very_Low,1,200-400%,1,0,6.0,1.0,1.0,40,86,Not_in_labor_force,Private,18,1,5,3.0,1,1,1,18-25,Never_married,19.0,2.0,Some_college,1,2,2,2,2.0,0,38,500,2,4,0
0.0,379.0,0.0,,2,200-400%,0,0,6.0,1.0,3.0,42,69,Not_in_labor_force,Private,52,1,5,3.0,1,1,1,46-55,Never_married,19.0,1.0,Some_college,0,1,2,2,1.0,1,38,500,2,4,1
10000.0,379.0,0.0,Very_Low,1,200-400%,1,0,4.0,5.0,1.0,98,96,Not_in_labor_force,Government,18,1,5,3.0,1,8,2,18-25,Never_married,16.0,1.0,HS_diploma,0,2,2,2,2.0,0,38,200,2,4,0
4000.0,379.0,0.0,Very_Low,1,200-400%,1,0,6.0,1.0,1.0,41,86,Not_in_labor_force,Private,19,1,5,3.0,1,1,1,18-25,Never_married,18.0,2.0,Some_college,1,2,2,2,2.0,0,38,500,2,4,0
24000.0,379.0,0.0,Low,1,200-400%,1,0,6.0,4.0,1.0,25,94,Not_in_labor_force,Government,38,1,3,1.0,1,2,1,36-45,Divorced_Separated,21.0,3.0,Bachelors,1,2,2,2,2.0,0,38,300,2,4,0
3000.0,379.0,0.0,Very_Low,1,200-400%,1,0,6.0,1.0,1.0,36,82,Not_in_labor_force,Private,21,1,5,1.0,1,1,1,18-25,Never_married,19.0,3.0,Some_college,1,2,2,2,2.0,0,38,400,2,4,0
0.0,379.0,0.0,,1,200-400%,0,0,6.0,1.0,3.0,42,69,Not_in_labor_force,Private,19,1,5,1.0,1,1,1,18-25,Never_married,15.0,2.0,Less_than_HS,1,1,2,2,2.0,1,38,600,2,4,0
5100.0,379.0,0.0,Very_Low,1,200-400%,1,0,3.0,1.0,1.0,42,85,Unemployed,Private,19,1,5,1.0,1,1,1,18-25,Never_married,16.0,2.0,HS_diploma,1,2,2,2,2.0,0,38,300,2,4,0
0.0,379.0,0.0,,0,200-400%,0,0,6.0,1.0,3.0,42,69,Not_in_labor_force,Private,21,1,5,1.0,1,1,1,18-25,Never_married,19.0,3.0,Some_college,1,2,2,2,2.0,0,38,300,2,4,0
6100.0,379.0,0.0,Very_Low,1,200-400%,1,0,6.0,1.0,1.0,40,86,Not_in_labor_force,Private,18,1,5,3.0,1,1,1,18-25,Never_married,19.0,2.0,Some_college,1,2,2,2,2.0,0,38,500,2,4,0
0.0,379.0,0.0,,1,200-400%,0,0,6.0,1.0,3.0,42,69,Not_in_labor_force,Private,19,1,5,1.0,1,1,1,18-25,Never_married,15.0,2.0,Less_than_HS,1,1,2,2,2.0,1,38,300,2,4,1
5000.0,379.0,0.0,Very_Low,1,200-400%,1,0,1.0,1.0,1.0,25,78,Employed,Private,19,2,5,1.0,1,1,1,18-25,Never_married,19.0,2.0,Some_college,1,2,2,2,2.0,0,38,500,2,4,0
15000.0,379.0,0.0,Very_Low,1,200-400%,1,0,6.0,1.0,1.0,62,07,Not_in_labor_force,Private,19,2,5,3.0,1,1,1,18-25,Never_married,16.0,2.0,HS_diploma,1,2,2,2,2.0,0,38,600,2,4,0
10800.0,379.0,0.0,Very_Low,1,200-400%,1,0,6.0,1.0,1.0,03,86,Not_in_labor_force,Private,50,1,5,3.0,1,1,1,46-55,Never_married,20.0,1.0,Some_college,0,2,2,2,2.0,0,38,300,2,4,0
0.0,176.0,27500.0,,1,138-200%,0,1,1.0,6.0,1.0,62,01,Employed,Self_employed,33,1,1,1.0,1,1,1,26-35,Married,16.0,1.0,HS_diploma,0,2,2,2,2.0,0,38,400,2,4,0
1000.0,379.0,0.0,Very_Low,1,200-400%,1,0,6.0,1.0,1.0,72,87,Not_in_labor_force,Private,23,1,5,1.0,1,1,1,18-25,Never_married,19.0,2.0,Some_college,1,2,2,2,2.0,0,38,400,2,4,0
1500.0,379.0,0.0,Very_Low,1,200-400%,1,0,6.0,1.0,1.0,41,86,Not_in_labor_force,Private,19,1,5,3.0,1,1,1,18-25,Never_married,18.0,2.0,Some_college,1,2,2,2,2.0,0,38,500,2,4,0
1000.0,379.0,0.0,Very_Low,1,200-400%,1,0,6.0,1.0,1.0,13,86,Not_in_labor_force,Private,18,1,5,3.0,1,1,1,18-25,Never_married,16.0,2.0,HS_diploma,1,2,2,2,2.0,0,38,400,2,4,0
8000.0,379.0,0.0,Very_Low,1,200-400%,1,0,6.0,1.0,1.0,91,07,Not_in_labor_force,Private,19,1,5,3.0,1,9,16,18-25,Never_married,18.0,2.0,Some_college,1,2,2,2,2.0,0,38,500,2,4,0
0.0,176.0,27500.0,,1,138-200%,0,1,1.0,6.0,1.0,62,01,Employed,Self_employed,33,1,1,1.0,1,1,1,26-35,Married,11.0,1.0,Less_than_HS,0,2,2,2,2.0,0,38,500,2,4,0
3000.0,379.0,0.0,Very_Low,1,200-400%,1,0,6.0,1.0,1.0,52,53,Not_in_labor_force,Private,18,1,5,1.0,1,1,1,18-25,Never_married,16.0,2.0,HS_diploma,1,2,2,2,2.0,0,38,200,2,4,0
3000.0,379.0,0.0,Very_Low,1,200-400%,1,0,6.0,3.0,1.0,96,49,Not_in_labor_force,Government,22,1,5,1.0,1,1,1,18-25,Never_married,19.0,2.0,Some_college,1,2,2,2,2.0,0,38,600,2,4,0
5500.0,379.0,0.0,Very_Low,1,200-400%,1,0,1.0,4.0,1.0,27,78,Employed,Government,21,1,5,3.0,1,1,1,18-25,Never_married,18.0,2.0,Some_college,1,2,2,2,2.0,0,38,300,2,4,0
1800.0,379.0,0.0,Very_Low,1,200-400%,1,0,6.0,2.0,1.0,46,91,Not_in_labor_force,Private,19,2,5,1.0,1,1,1,18-25,Never_married,18.0,2.0,Some_college,1,2,2,2,2.0,0,38,100,2,4,0
500.0,379.0,0.0,Very_Low,1,200-400%,1,0,1.0,4.0,1.0,47,78,Employed,Government,20,2,5,1.0,2,9,11,18-25,Never_married,19.0,2.0,Some_college,1,2,2,2,2.0,0,38,600,2,4,0
0.0,379.0,0.0,,0,200-400%,0,0,6.0,1.0,3.0,42,69,Not_in_labor_force,Private,22,1,5,1.0,1,9,24,18-25,Never_married,16.0,3.0,HS_diploma,1,2,2,2,2.0,0,38,300,2,4,0
13200.0,379.0,0.0,Very_Low,1,200-400%,1,0,1.0,1.0,1.0,40,86,Employed,Private,18,2,5,3.0,1,1,1,18-25,Never_married,16.0,2.0,HS_diploma,1,2,2,2,2.0,0,38,600,2,4,0
13000.0,82.0,0.0,Very_Low,1,<100%,1,0,1.0,1.0,1.0,42,85,Employed,Private,25,1,5,3.0,1,1,1,18-25,Never_married,16.0,1.0,HS_diploma,0,2,2,2,2.0,0,38,600,2,4,1
12000.0,379.0,0.0,Very_Low,1,200-400%,1,0,6.0,1.0,1.0,91,83,Not_in_labor_force,Private,19,1,5,3.0,1,1,1,18-25,Never_married,18.0,2.0,Some_college,1,2,2,2,2.0,0,38,500,2,4,0
9600.0,379.0,0.0,Very_Low,1,200-400%,1,0,6.0,1.0,1.0,81,88,Not_in_labor_force,Private,19,1,5,3.0,1,1,1,18-25,Never_married,16.0,2.0,HS_diploma,1,2,2,2,2.0,0,38,100,2,4,0
21600.0,379.0,0.0,Low,1,200-400%,1,0,1.0,1.0,1.0,40,86,Employed,Private,18,2,5,3.0,1,9,5,18-25,Never_married,18.0,1.0,Some_college,0,2,2,2,2.0,0,38,200,2,4,0
0.0,27.0,0.0,,1,<100%,0,0,6.0,1.0,3.0,42,69,Not_in_labor_force,Private,48,1,3,3.0,1,1,1,46-55,Divorced_Separated,16.0,1.0,HS_diploma,0,1,1,1,1.0,1,38,200,2,4,1
0.0,27.0,0.0,,1,<100%,0,0,6.0,1.0,3.0,42,69,Not_in_labor_force,Private,32,1,5,1.0,1,1,1,26-35,Never_married,16.0,1.0,HS_diploma,0,1,2,1,1.0,1,38,300,2,4,1
4900.0,379.0,0.0,Very_Low,1,200-400%,1,0,6.0,1.0,1.0,40,86,Not_in_labor_force,Private,31,1,5,3.0,1,9,1,26-35,Never_married,17.0,1.0,HS_diploma,0,1,2,2,2.0,1,38,300,2,4,1
50000.0,379.0,0.0,Medium,1,200-400%,1,0,6.0,1.0,1.0,62,07,Not_in_labor_force,Private,34,1,5,3.0,1,1,1,26-35,Never_married,16.0,1.0,HS_diploma,0,2,2,2,2.0,0,38,400,2,4,0
0.0,379.0,0.0,,1,200-400%,0,0,3.0,9.0,3.0,99,99,Unemployed,Unpaid,19,1,5,1.0,1,1,1,18-25,Never_married,19.0,2.0,Some_college,1,2,2,2,2.0,0,38,600,2,4,0
3000.0,379.0,0.0,Very_Low,1,200-400%,1,0,6.0,1.0,1.0,52,53,Not_in_labor_force,Private,18,1,5,1.0,1,1,1,18-25,Never_married,16.0,2.0,HS_diploma,1,2,2,2,2.0,0,38,200,2,4,0
500.0,379.0,0.0,Very_Low,1,200-400%,1,0,6.0,1.0,1.0,40,86,Not_in_labor_force,Private,20,2,5,3.0,1,9,8,18-25,Never_married,19.0,2.0,Some_college,1,2,2,2,2.0,0,38,600,2,4,0
19000.0,379.0,0.0,Low,1,200-400%,1,0,4.0,5.0,1.0,98,96,Not_in_labor_force,Government,23,1,5,3.0,1,1,1,18-25,Never_married,21.0,1.0,Bachelors,0,2,2,2,2.0,0,38,200,2,4,0
1000.0,379.0,0.0,Very_Low,1,200-400%,1,0,6.0,1.0,1.0,01,46,Not_in_labor_force,Private,19,1,5,1.0,1,8,2,18-25,Never_married,19.0,2.0,Some_college,1,2,2,2,2.0,0,38,100,2,4,0
4000.0,379.0,0.0,Very_Low,1,200-400%,1,0,6.0,1.0,1.0,41,86,Not_in_labor_force,Private,20,2,5,1.0,1,1,1,18-25,Never_married,19.0,3.0,Some_college,1,2,2,2,2.0,0,38,500,2,4,0
0.0,379.0,0.0,,0,200-400%,0,0,6.0,1.0,3.0,42,69,Not_in_labor_force,Private,43,1,2,3.0,1,3,1,36-45,Divorced_Separated,14.0,2.0,Less_than_HS,1,2,2,2,2.0,0,38,300,2,4,0
20300.0,379.0,0.0,Low,1,200-400%,1,0,1.0,1.0,1.0,72,42,Employed,Private,18,1,5,3.0,1,1,1,18-25,Never_married,16.0,2.0,HS_diploma,1,2,2,2,2.0,0,38,400,2,4,0
11000.0,379.0,0.0,Very_Low,1,200-400%,1,0,1.0,1.0,1.0,60,01,Employed,Private,22,2,5,1.0,1,1,1,18-25,Never_married,19.0,2.0,Some_college,1,2,2,2,2.0,0,38,600,2,4,0
20000.0,379.0,0.0,Low,1,200-400%,1,0,6.0,1.0,1.0,96,53,Not_in_labor_force,Private,18,1,5,3.0,1,1,1,18-25,Never_married,19.0,2.0,Some_college,1,2,2,2,2.0,0,38,500,2,4,0
18000.0,186.0,0.0,Low,1,138-200%,1,0,1.0,1.0,1.0,36,82,Employed,Private,38,2,5,3.0,1,1,1,36-45,Never_married,16.0,1.0,HS_diploma,0,2,2,2,2.0,0,38,100,2,4,1
3000.0,379.0,0.0,Very_Low,1,200-400%,1,0,1.0,1.0,1.0,47,48,Employed,Private,20,1,5,3.0,1,6,1,18-25,Never_married,19.0,2.0,Some_college,1,2,2,2,2.0,0,38,200,2,4,1
50000.0,379.0,0.0,Medium,1,200-400%,1,0,6.0,1.0,1.0,42,77,Not_in_labor_force,Private,26,1,5,3.0,1,1,1,26-35,Never_married,16.0,1.0,HS_diploma,0,2,2,2,2.0,0,38,200,2,4,0
13000.0,85.0,0.0,Very_Low,1,<100%,1,0,1.0,1.0,1.0,42,85,Employed,Private,27,1,5,3.0,1,1,1,26-35,Never_married,17.0,1.0,HS_diploma,0,1,2,2,2.0,1,38,400,2,4,1
5000.0,379.0,0.0,Very_Low,1,200-400%,1,0,6.0,1.0,1.0,47,49,Not_in_labor_force,Private,18,2,5,3.0,1,9,24,18-25,Never_married,16.0,3.0,HS_diploma,1,2,2,2,2.0,0,38,300,2,4,0
50000.0,379.0,0.0,Medium,1,200-400%,1,0,6.0,1.0,1.0,62,07,Not_in_labor_force,Private,34,1,5,3.0,1,1,1,26-35,Never_married,16.0,1.0,HS_diploma,0,2,2,2,2.0,0,38,400,2,4,0
7500.0,379.0,0.0,Very_Low,1,200-400%,1,0,1.0,1.0,1.0,46,84,Employed,Private,18,2,5,3.0,2,1,1,18-25,Never_married,16.0,2.0,HS_diploma,1,2,2,2,2.0,0,38,200,2,4,0
0.0,379.0,0.0,,1,200-400%,0,0,3.0,9.0,3.0,99,99,Unemployed,Unpaid,19,1,5,1.0,1,1,1,18-25,Never_married,19.0,2.0,Some_college,1,2,2,2,2.0,0,38,600,2,4,0
0.0,27.0,0.0,,1,<100%,0,0,6.0,1.0,3.0,42,69,Not_in_labor_force,Private,48,1,3,3.0,1,1,1,46-55,Divorced_Separated,16.0,1.0,HS_diploma,0,1,1,1,1.0,1,38,500,2,4,1
2900.0,379.0,0.0,Very_Low,1,200-400%,1,0,6.0,1.0,1.0,62,07,Not_in_labor_force,Private,30,2,5,3.0,1,5,1,26-35,Never_married,16.0,1.0,HS_diploma,0,2,2,2,2.0,0,38,200,2,4,0
0.0,27.0,0.0,,1,<100%,0,0,6.0,1.0,2.0,36,81,Not_in_labor_force,Private,23,1,5,1.0,1,1,1,18-25,Never_married,16.0,1.0,HS_diploma,0,1,2,1,1.0,1,38,300,2,4,1
18000.0,186.0,0.0,Low,1,138-200%,1,0,1.0,1.0,1.0,36,82,Employed,Private,38,2,5,3.0,1,1,1,36-45,Never_married,19.0,1.0,Some_college,0,2,2,2,2.0,0,38,500,2,4,1
920.0,379.0,0.0,Very_Low,1,200-400%,1,0,6.0,1.0,1.0,60,01,Not_in_labor_force,Private,19,1,5,1.0,1,1,1,18-25,Never_married,19.0,2.0,Some_college,1,2,2,2,2.0,0,38,500,2,4,0
0.0,176.0,27500.0,,1,138-200%,0,1,1.0,6.0,1.0,62,01,Employed,Self_employed,34,1,1,1.0,1,1,1,26-35,Married,16.0,1.0,HS_diploma,0,2,2,2,2.0,0,38,300,2,4,0
4500.0,379.0,0.0,Very_Low,1,200-400%,1,0,1.0,1.0,1.0,40,86,Employed,Private,20,2,5,1.0,1,1,1,18-25,Never_married,19.0,3.0,Some_college,1,2,2,2,2.0,0,38,300,2,4,0
0.0,379.0,0.0,,1,200-400%,0,0,3.0,9.0,3.0,99,99,Unemployed,Unpaid,18,1,5,3.0,1,1,1,18-25,Never_married,18.0,2.0,Some_college,1,2,2,2,2.0,0,38,600,2,4,0
2000.0,379.0,0.0,Very_Low,1,200-400%,1,0,6.0,1.0,1.0,47,48,Not_in_labor_force,Private,19,1,5,3.0,1,1,1,18-25,Never_married,18.0,2.0,Some_college,1,2,2,2,2.0,0,38,600,2,4,0
0.0,54.0,0.0,,1,<100%,0,0,6.0,1.0,3.0,42,69,Not_in_labor_force,Private,58,2,1,1.0,1,1,1,56-65,Married,16.0,1.0,HS_diploma,0,1,2,2,1.0,1,38,600,2,4,1
0.0,27.0,0.0,,1,<100%,0,0,6.0,1.0,3.0,42,69,Not_in_labor_force,Private,32,1,5,1.0,1,1,1,26-35,Never_married,16.0,1.0,HS_diploma,0,1,2,1,1.0,1,38,300,2,4,1
2000.0,379.0,3000.0,Very_Low,2,200-400%,1,1,1.0,4.0,1.0,52,78,Employed,Government,20,2,5,1.0,1,1,1,18-25,Never_married,19.0,2.0,Some_college,1,2,2,2,2.0,0,38,600,2,4,0
0.0,379.0,0.0,,1,200-400%,0,0,6.0,1.0,3.0,42,69,Not_in_labor_force,Private,19,1,5,1.0,1,1,1,18-25,Never_married,15.0,2.0,Less_than_HS,1,1,2,2,2.0,1,38,300,2,4,0
9000.0,379.0,0.0,Very_Low,1,200-400%,1,0,1.0,1.0,1.0,40,86,Employed,Private,21,1,5,1.0,1,1,1,18-25,Never_married,19.0,2.0,Some_college,1,2,2,2,2.0,0,38,500,2,4,0
0.0,379.0,0.0,,2,200-400%,0,0,6.0,1.0,3.0,42,69,Not_in_labor_force,Private,36,1,5,3.0,1,1,1,36-45,Never_married,19.0,1.0,Some_college,0,1,2,2,1.0,1,38,400,2,4,1
11500.0,379.0,0.0,Very_Low,1,200-400%,1,0,1.0,4.0,1.0,59,78,Employed,Government,19,2,5,1.0,1,1,1,18-25,Never_married,19.0,2.0,Some_college,1,2,2,2,2.0,0,38,500,2,4,0
3000.0,379.0,0.0,Very_Low,1,200-400%,1,0,1.0,4.0,1.0,46,78,Employed,Government,20,1,5,1.0,1,1,1,18-25,Never_married,19.0,2.0,Some_college,1,2,2,2,2.0,0,38,500,2,4,0
3500.0,379.0,0.0,Very_Low,1,200-400%,1,0,1.0,1.0,1.0,41,85,Employed,Private,19,1,5,1.0,1,2,1,18-25,Never_married,19.0,2.0,Some_college,1,2,2,2,2.0,0,38,400,2,4,0
28800.0,189.0,0.0,Low,1,138-200%,1,0,1.0,1.0,1.0,94,87,Employed,Private,51,1,3,3.0,1,5,1,46-55,Divorced_Separated,19.0,1.0,Some_college,0,1,2,2,1.0,1,38,400,2,4,1
2000.0,379.0,0.0,Very_Low,1,200-400%,1,0,6.0,1.0,1.0,47,48,Not_in_labor_force,Private,19,1,5,3.0,1,1,1,18-25,Never_married,18.0,2.0,Some_college,1,2,2,2,2.0,0,38,600,2,4,0
0.0,379.0,0.0,,0,200-400%,0,0,6.0,1.0,3.0,42,69,Not_in_labor_force,Private,18,1,5,3.0,1,1,1,18-25,Never_married,18.0,2.0,Some_college,1,2,2,2,2.0,0,38,600,2,4,0
0.0,379.0,0.0,,1,200-400%,0,0,6.0,1.0,3.0,42,69,Not_in_labor_force,Private,19,1,5,1.0,1,1,1,18-25,Never_married,15.0,2.0,Less_than_HS,1,1,2,2,2.0,1,38,600,2,4,1
28000.0,379.0,0.0,Low,1,200-400%,1,0,6.0,1.0,1.0,62,07,Not_in_labor_force,Private,37,1,2,3.0,1,3,1,36-45,Divorced_Separated,12.0,1.0,Less_than_HS,0,2,2,2,2.0,0,38,400,2,4,1
32000.0,379.0,0.0,Medium,1,200-400%,1,0,6.0,1.0,1.0,60,01,Not_in_labor_force,Private,19,1,5,3.0,1,1,1,18-25,Never_married,18.0,2.0,Some_college,1,2,2,2,2.0,0,38,300,2,4,0
0.0,379.0,0.0,,0,200-400%,0,0,6.0,1.0,2.0,40,86,Not_in_labor_force,Private,21,1,5,1.0,1,1,1,18-25,Never_married,19.0,2.0,Some_college,1,2,2,2,2.0,0,38,600,2,4,0
0.0,27.0,0.0,,1,<100%,0,0,6.0,1.0,3.0,42,69,Not_in_labor_force,Private,32,1,5,1.0,1,1,1,26-35,Never_married,16.0,1.0,HS_diploma,0,1,2,1,1.0,1,38,300,2,4,1
0.0,9.0,0.0,,1,<100%,0,0,6.0,1.0,3.0,42,69,Not_in_labor_force,Private,63,2,5,3.0,1,1,1,56-65,Never_married,16.0,1.0,HS_diploma,0,1,2,2,2.0,1,38,400,2,4,1
0.0,379.0,0.0,,1,200-400%,0,0,6.0,1.0,3.0,42,69,Not_in_labor_force,Private,54,1,5,1.0,1,3,1,46-55,Never_married,15.0,1.0,Less_than_HS,0,1,2,2,1.0,1,38,300,2,4,1
28800.0,183.0,0.0,Low,1,138-200%,1,0,1.0,1.0,1.0,94,87,Employed,Private,28,1,1,3.0,1,3,1,26-35,Married,16.0,1.0,HS_diploma,0,2,2,2,2.0,0,38,500,2,4,1
0.0,58.0,0.0,,1,<100%,0,0,6.0,4.0,2.0,42,94,Not_in_labor_force,Government,55,1,5,1.0,1,1,1,46-55,Never_married,17.0,1.0,HS_diploma,0,1,2,2,2.0,1,38,300,2,4,1
7000.0,379.0,0.0,Very_Low,1,200-400%,1,0,6.0,1.0,1.0,96,49,Not_in_labor_force,Private,18,2,5,3.0,1,1,1,18-25,Never_married,16.0,2.0,HS_diploma,1,2,2,2,2.0,0,38,300,2,4,0
600.0,379.0,0.0,Very_Low,1,200-400%,1,0,6.0,1.0,1.0,40,86,Not_in_labor_force,Private,22,2,5,1.0,1,1,1,18-25,Never_married,19.0,2.0,Some_college,1,2,2,2,2.0,0,38,600,2,4,0
0.0,27.0,0.0,,1,<100%,0,0,6.0,1.0,2.0,36,81,Not_in_labor_force,Private,23,1,5,1.0,1,1,1,18-25,Never_married,16.0,1.0,HS_diploma,0,1,2,1,1.0,1,38,300,2,4,1
0.0,379.0,0.0,,1,200-400%,0,0,6.0,1.0,3.0,42,69,Not_in_labor_force,Private,19,1,5,1.0,1,1,1,18-25,Never_married,15.0,2.0,Less_than_HS,1,1,2,2,2.0,1,38,600,2,4,1
0.0,379.0,0.0,,0,200-400%,0,0,6.0,1.0,3.0,42,69,Not_in_labor_force,Private,41,1,5,1.0,1,2,1,36-45,Never_married,16.0,1.0,HS_diploma,0,2,2,2,2.0,0,38,400,2,4,1
26000.0,379.0,0.0,Low,1,200-400%,1,0,6.0,1.0,1.0,64,07,Not_in_labor_force,Private,35,1,5,3.0,1,1,1,26-35,Never_married,14.0,2.0,Less_than_HS,1,2,2,2,2.0,0,38,500,2,4,0
0.0,0.0,0.0,,0,,0,0,6.0,1.0,3.0,42,69,Not_in_labor_force,Private,47,2,5,1.0,1,1,1,46-55,Never_married,19.0,1.0,Some_college,0,2,2,2,2.0,0,38,300,2,4,1
0.0,27.0,0.0,,1,<100%,0,0,6.0,1.0,3.0,42,69,Not_in_labor_force,Private,48,1,3,3.0,1,1,1,46-55,Divorced_Separated,16.0,1.0,HS_diploma,0,1,1,1,1.0,1,38,400,2,4,1
27100.0,379.0,0.0,Low,1,200-400%,1,0,4.0,5.0,1.0,38,96,Not_in_labor_force,Government,21,1,5,1.0,1,1,17,18-25,Never_married,19.0,1.0,Some_college,0,2,2,2,2.0,0,38,200,2,4,0
0.0,379.0,0.0,,0,200-400%,0,0,6.0,1.0,3.0,42,69,Not_in_labor_force,Private,23,1,5,1.0,1,9,24,18-25,Never_married,19.0,3.0,Some_college,1,2,2,2,2.0,0,38,300,2,4,0
0.0,379.0,0.0,,0,200-400%,0,0,6.0,3.0,2.0,27,85,Not_in_labor_force,Government,19,1,5,3.0,1,1,1,18-25,Never_married,16.0,2.0,HS_diploma,1,2,2,2,2.0,0,38,500,2,4,0
9500.0,379.0,0.0,Very_Low,1,200-400%,1,0,1.0,1.0,1.0,46,82,Employed,Private,19,2,5,3.0,1,1,1,18-25,Never_married,18.0,2.0,Some_college,1,2,2,2,2.0,0,38,600,2,4,0
20300.0,379.0,0.0,Low,1,200-400%,1,0,1.0,1.0,1.0,72,42,Employed,Private,19,1,5,3.0,1,1,1,18-25,Never_married,16.0,2.0,HS_diploma,1,2,2,2,2.0,0,38,400,2,4,0
3000.0,379.0,0.0,Very_Low,1,200-400%,1,0,6.0,3.0,1.0,96,49,Not_in_labor_force,Government,22,1,5,3.0,1,3,1,18-25,Never_married,18.0,2.0,Some_college,1,2,2,2,2.0,0,38,300,2,4,0
7000.0,379.0,0.0,Very_Low,1,200-400%,1,0,6.0,1.0,1.0,96,49,Not_in_labor_force,Private,18,2,5,3.0,1,1,1,18-25,Never_married,16.0,2.0,HS_diploma,1,2,2,2,2.0,0,38,300,2,4,0
7200.0,379.0,0.0,Very_Low,1,200-400%,1,0,6.0,1.0,1.0,46,86,Not_in_labor_force,Private,18,2,5,3.0,1,1,1,18-25,Never_married,19.0,3.0,Some_college,1,2,2,2,2.0,0,38,300,2,4,0
8100.0,379.0,0.0,Very_Low,1,200-400%,1,0,1.0,1.0,1.0,41,86,Employed,Private,19,2,5,3.0,1,1,1,18-25,Never_married,18.0,2.0,Some_college,1,2,2,2,2.0,0,38,500,2,4,0
50000.0,379.0,0.0,Medium,1,200-400%,1,0,6.0,1.0,1.0,62,07,Not_in_labor_force,Private,49,1,1,1.0,2,8,11,46-55,Married,16.0,1.0,HS_diploma,0,2,2,2,2.0,0,38,300,2,4,0
10000.0,379.0,0.0,Very_Low,1,200-400%,1,0,6.0,1.0,1.0,96,49,Not_in_labor_force,Private,18,1,5,3.0,1,1,1,18-25,Never_married,19.0,2.0,Some_college,1,2,2,2,2.0,0,38,600,2,4,0
2700.0,379.0,0.0,Very_Low,1,200-400%,1,0,1.0,1.0,1.0,41,81,Employed,Private,19,2,5,3.0,1,1,1,18-25,Never_married,16.0,2.0,HS_diploma,1,2,2,2,2.0,0,38,600,2,4,0
8000.0,379.0,0.0,Very_Low,1,200-400%,1,0,6.0,1.0,1.0,15,72,Not_in_labor_force,Private,19,1,5,1.0,1,1,1,18-25,Never_married,19.0,2.0,Some_college,1,2,2,2,2.0,0,38,600,2,4,0
10000.0,379.0,0.0,Very_Low,1,200-400%,1,0,6.0,1.0,1.0,23,39,Not_in_labor_force,Private,20,2,5,1.0,1,1,1,18-25,Never_married,19.0,2.0,Some_college,1,2,2,2,2.0,0,38,500,2,4,0
8400.0,379.0,0.0,Very_Low,1,200-400%,1,0,6.0,1.0,1.0,96,63,Not_in_labor_force,Private,23,1,5,3.0,2,2,1,18-25,Never_married,16.0,1.0,HS_diploma,0,2,2,2,2.0,0,38,300,2,4,0
20300.0,379.0,0.0,Low,1,200-400%,1,0,1.0,1.0,1.0,72,42,Employed,Private,19,1,5,3.0,1,1,1,18-25,Never_married,16.0,2.0,HS_diploma,1,2,2,2,2.0,0,38,400,2,4,0
5000.0,379.0,500.0,Very_Low,2,200-400%,1,1,6.0,1.0,1.0,77,38,Not_in_labor_force,Private,19,2,5,1.0,1,1,1,18-25,Never_married,19.0,2.0,Some_college,1,2,2,2,2.0,0,38,600,2,4,0
19000.0,379.0,0.0,Low,1,200-400%,1,0,4.0,5.0,1.0,98,96,Not_in_labor_force,Government,23,1,5,3.0,1,1,1,18-25,Never_married,21.0,1.0,Bachelors,0,2,2,2,2.0,0,38,200,2,4,0
12000.0,379.0,0.0,Very_Low,1,200-400%,1,0,6.0,1.0,1.0,91,83,Not_in_labor_force,Private,19,1,5,3.0,1,1,1,18-25,Never_married,18.0,2.0,Some_college,1,2,2,2,2.0,0,38,500,2,4,0
3000.0,379.0,0.0,Very_Low,1,200-400%,1,0,1.0,1.0,1.0,40,86,Employed,Private,21,1,5,1.0,1,1,1,18-25,Never_married,19.0,3.0,Some_college,1,2,2,2,2.0,0,38,400,2,4,0
12000.0,379.0,0.0,Very_Low,1,200-400%,1,0,6.0,1.0,1.0,63,07,Not_in_labor_force,Private,18,1,5,2.0,2,1,1,18-25,Never_married,16.0,2.0,HS_diploma,1,2,2,2,2.0,0,38,500,2,4,0
0.0,27.0,0.0,,1,<100%,0,0,6.0,1.0,3.0,42,69,Not_in_labor_force,Private,41,1,5,3.0,1,3,1,36-45,Never_married,1.0,1.0,Less_than_HS,0,2,2,2,2.0,0,38,600,2,4,1
7000.0,379.0,0.0,Very_Low,1,200-400%,1,0,1.0,1.0,1.0,36,82,Employed,Private,20,2,5,1.0,1,1,1,18-25,Never_married,19.0,2.0,Some_college,1,2,2,2,2.0,0,38,600,2,4,0
0.0,379.0,0.0,,1,200-400%,0,0,6.0,1.0,3.0,42,69,Not_in_labor_force,Private,19,1,5,1.0,1,1,1,18-25,Never_married,15.0,2.0,Less_than_HS,1,1,2,2,2.0,1,38,300,2,4,1
4200.0,379.0,0.0,Very_Low,1,200-400%,1,0,6.0,3.0,1.0,42,93,Not_in_labor_force,Government,28,1,5,1.0,1,2,1,26-35,Never_married,16.0,1.0,HS_diploma,0,2,2,2,2.0,0,38,300,2,4,0
0.0,501.0,145000.0,,1,>400%,0,1,1.0,6.0,1.0,81,01,Employed,Self_employed,27,1,5,1.0,1,1,1,26-35,Never_married,11.0,1.0,Less_than_HS,0,2,2,2,2.0,0,38,400,2,4,0
18000.0,186.0,0.0,Low,1,138-200%,1,0,1.0,1.0,1.0,36,82,Employed,Private,38,2,5,3.0,1,1,1,36-45,Never_married,19.0,1.0,Some_college,0,2,2,2,2.0,0,38,100,2,4,1
5000.0,379.0,0.0,Very_Low,1,200-400%,1,0,1.0,1.0,1.0,36,82,Employed,Private,19,2,5,1.0,1,1,1,18-25,Never_married,19.0,2.0,Some_college,1,2,2,2,2.0,0,38,400,2,4,0
5000.0,379.0,500.0,Very_Low,2,200-400%,1,1,6.0,1.0,1.0,77,38,Not_in_labor_force,Private,19,2,5,1.0,1,1,1,18-25,Never_married,19.0,2.0,Some_college,1,2,2,2,2.0,0,38,600,2,4,0
6000.0,379.0,0.0,Very_Low,1,200-400%,1,0,1.0,1.0,1.0,23,92,Employed,Private,21,2,5,1.0,1,1,1,18-25,Never_married,19.0,3.0,Some_college,1,2,2,2,2.0,0,38,300,2,4,0
1200.0,379.0,0.0,Very_Low,1,200-400%,1,0,1.0,2.0,1.0,36,81,Employed,Private,21,2,5,1.0,1,1,1,18-25,Never_married,19.0,3.0,Some_college,1,2,2,2,2.0,0,38,300,2,4,0
28800.0,183.0,0.0,Low,1,138-200%,1,0,1.0,1.0,1.0,94,87,Employed,Private,28,1,1,3.0,1,3,1,26-35,Married,14.0,1.0,Less_than_HS,0,2,2,2,2.0,0,38,600,2,4,1
9000.0,379.0,0.0,Very_Low,1,200-400%,1,0,1.0,1.0,1.0,40,86,Employed,Private,21,1,5,1.0,1,1,1,18-25,Never_married,19.0,2.0,Some_college,1,2,2,2,2.0,0,38,500,2,4,0
0.0,9.0,0.0,,1,<100%,0,0,6.0,1.0,3.0,42,69,Not_in_labor_force,Private,63,2,5,3.0,1,1,1,56-65,Never_married,16.0,1.0,HS_diploma,0,1,2,2,2.0,1,38,400,2,4,1
4500.0,379.0,0.0,Very_Low,1,200-400%,1,0,1.0,3.0,1.0,39,85,Employed,Government,18,2,5,3.0,1,1,1,18-25,Never_married,16.0,2.0,HS_diploma,1,2,2,2,2.0,0,38,600,2,4,0
8100.0,379.0,0.0,Very_Low,1,200-400%,1,0,1.0,1.0,1.0,41,86,Employed,Private,19,2,5,3.0,1,1,1,18-25,Never_married,18.0,2.0,Some_college,1,2,2,2,2.0,0,38,500,2,4,0
0.0,379.0,6700.0,,1,200-400%,0,1,6.0,6.0,1.0,46,92,Not_in_labor_force,Self_employed,21,2,5,1.0,1,1,1,18-25,Never_married,19.0,2.0,Some_college,1,2,2,2,2.0,0,38,500,2,4,0
5100.0,379.0,0.0,Very_Low,1,200-400%,1,0,1.0,4.0,1.0,40,94,Employed,Government,19,2,5,3.0,1,1,1,18-25,Never_married,19.0,2.0,Some_college,1,2,2,2,2.0,0,38,500,2,4,0
11200.0,379.0,0.0,Very_Low,1,200-400%,1,0,6.0,1.0,1.0,91,86,Not_in_labor_force,Private,19,1,5,1.0,1,1,1,18-25,Never_married,19.0,3.0,Some_college,1,2,2,2,2.0,0,38,400,2,4,0
3000.0,379.0,0.0,Very_Low,1,200-400%,1,0,6.0,1.0,1.0,49,53,Not_in_labor_force,Private,19,1,5,3.0,1,1,1,18-25,Never_married,18.0,2.0,Some_college,1,2,2,2,2.0,0,38,600,2,4,0
1500.0,379.0,0.0,Very_Low,1,200-400%,1,0,6.0,1.0,1.0,41,86,Not_in_labor_force,Private,19,1,5,3.0,1,1,1,18-25,Never_married,18.0,2.0,Some_college,1,2,2,2,2.0,0,38,500,2,4,0
0.0,379.0,0.0,,0,200-400%,0,0,6.0,1.0,3.0,42,69,Not_in_labor_force,Private,55,1,5,3.0,1,1,1,46-55,Never_married,14.0,1.0,Less_than_HS,0,1,2,2,2.0,1,38,200,2,4,1
15000.0,379.0,0.0,Very_Low,1,200-400%,1,0,1.0,4.0,1.0,38,94,Employed,Government,22,1,5,1.0,1,1,1,18-25,Never_married,19.0,3.0,Some_college,1,2,2,2,2.0,0,38,400,2,4,0
11200.0,379.0,0.0,Very_Low,1,200-400%,1,0,6.0,1.0,1.0,91,86,Not_in_labor_force,Private,19,1,5,1.0,1,1,1,18-25,Never_married,19.0,3.0,Some_college,1,2,2,2,2.0,0,38,400,2,4,0
10000.0,379.0,2000.0,Very_Low,2,200-400%,1,1,6.0,1.0,1.0,41,86,Not_in_labor_force,Private,18,2,5,3.0,1,1,1,18-25,Never_married,16.0,2.0,HS_diploma,1,2,2,2,2.0,0,38,400,2,4,0
1500.0,379.0,0.0,Very_Low,1,200-400%,1,0,6.0,1.0,1.0,04,70,Not_in_labor_force,Private,43,2,5,3.0,1,5,1,36-45,Never_married,12.0,1.0,Less_than_HS,0,2,2,2,2.0,0,38,600,2,4,0
2400.0,379.0,0.0,Very_Low,1,200-400%,1,0,6.0,1.0,1.0,42,76,Not_in_labor_force,Private,20,2,5,3.0,1,3,1,18-25,Never_married,16.0,1.0,HS_diploma,0,2,2,2,2.0,0,38,200,2,4,0
0.0,501.0,145000.0,,1,>400%,0,1,1.0,6.0,1.0,81,01,Employed,Self_employed,27,1,5,1.0,1,1,1,26-35,Never_married,11.0,1.0,Less_than_HS,0,2,2,2,2.0,0,38,400,2,4,0
23100.0,147.0,0.0,Low,1,138-200%,1,0,1.0,8.0,1.0,96,26,Employed,Unpaid,51,1,1,1.0,1,1,1,46-55,Married,11.0,1.0,Less_than_HS,0,2,2,2,2.0,0,38,600,2,4,0
1300.0,379.0,0.0,Very_Low,1,200-400%,1,0,6.0,1.0,1.0,41,86,Not_in_labor_force,Private,18,2,5,3.0,1,1,1,18-25,Never_married,16.0,2.0,HS_diploma,1,2,2,2,2.0,0,38,400,2,4,0
8000.0,379.0,0.0,Very_Low,1,200-400%,1,0,6.0,1.0,1.0,41,86,Not_in_labor_force,Private,21,2,5,2.0,2,9,1,18-25,Never_married,16.0,3.0,HS_diploma,1,2,2,2,2.0,0,38,400,2,4,0
0.0,379.0,0.0,,0,200-400%,0,0,6.0,1.0,3.0,42,69,Not_in_labor_force,Private,55,1,5,3.0,1,1,1,46-55,Never_married,14.0,1.0,Less_than_HS,0,1,2,2,2.0,1,38,400,2,4,1
7600.0,379.0,0.0,Very_Low,1,200-400%,1,0,1.0,1.0,1.0,40,86,Employed,Private,22,1,5,1.0,1,1,1,18-25,Never_married,19.0,3.0,Some_college,1,2,2,2,2.0,0,38,300,2,4,0
0.0,0.0,0.0,,0,,0,0,6.0,1.0,3.0,42,69,Not_in_labor_force,Private,47,2,5,1.0,1,1,1,46-55,Never_married,16.0,1.0,HS_diploma,0,2,2,2,2.0,0,38,400,2,4,1
0.0,61.0,0.0,,1,<100%,0,0,6.0,1.0,3.0,42,69,Not_in_labor_force,Private,52,2,5,1.0,1,1,1,46-55,Never_married,16.0,1.0,HS_diploma,0,1,2,2,1.0,1,38,400,2,4,1
7000.0,379.0,0.0,Very_Low,1,200-400%,1,0,1.0,4.0,1.0,46,78,Employed,Government,19,2,5,1.0,1,1,1,18-25,Never_married,19.0,3.0,Some_college,1,2,2,2,2.0,0,38,300,2,4,0
10000.0,379.0,0.0,Very_Low,1,200-400%,1,0,4.0,5.0,1.0,98,96,Not_in_labor_force,Government,18,1,5,3.0,1,8,2,18-25,Never_married,16.0,1.0,HS_diploma,0,2,2,2,2.0,0,38,200,2,4,0
0.0,0.0,0.0,,0,,0,0,6.0,1.0,3.0,42,69,Not_in_labor_force,Private,42,1,3,1.0,1,1,1,36-45,Divorced_Separated,16.0,1.0,HS_diploma,0,1,2,2,1.0,1,38,500,2,4,1
1500.0,379.0,0.0,Very_Low,1,200-400%,1,0,1.0,2.0,1.0,20,83,Employed,Private,20,2,5,1.0,1,1,1,18-25,Never_married,19.0,3.0,Some_college,1,2,2,2,2.0,0,38,300,2,4,0
1000.0,379.0,0.0,Very_Low,1,200-400%,1,0,1.0,1.0,1.0,27,85,Employed,Private,21,1,5,3.0,1,6,1,18-25,Never_married,19.0,2.0,Some_college,1,2,2,2,2.0,0,38,400,2,4,0
0.0,379.0,0.0,,0,200-400%,0,0,6.0,1.0,2.0,96,45,Not_in_labor_force,Private,24,1,5,3.0,1,2,1,18-25,Never_married,14.0,1.0,Less_than_HS,0,2,2,2,2.0,0,38,600,2,4,0
48000.0,379.0,0.0,Medium,1,200-400%,1,0,6.0,1.0,1.0,45,86,Not_in_labor_force,Private,36,1,5,3.0,1,2,1,36-45,Never_married,17.0,1.0,HS_diploma,0,2,2,2,2.0,0,38,500,2,4,0
3500.0,379.0,1000.0,Very_Low,2,200-400%,1,1,3.0,1.0,1.0,52,85,Unemployed,Private,18,1,5,3.0,1,1,1,18-25,Never_married,16.0,2.0,HS_diploma,1,2,2,2,2.0,0,38,600,2,4,0
0.0,379.0,0.0,,0,200-400%,0,0,6.0,1.0,3.0,42,69,Not_in_labor_force,Private,65,1,3,3.0,1,1,1,56-65,Divorced_Separated,16.0,1.0,HS_diploma,0,1,2,2,1.0,1,38,400,2,4,1
2400.0,379.0,0.0,Very_Low,1,200-400%,1,0,6.0,1.0,1.0,42,76,Not_in_labor_force,Private,20,2,5,3.0,1,3,1,18-25,Never_married,17.0,1.0,HS_diploma,0,2,2,2,2.0,0,38,100,2,4,0
5200.0,33.0,0.0,Very_Low,1,<100%,1,0,6.0,1.0,1.0,77,35,Not_in_labor_force,Private,32,2,2,3.0,1,1,1,26-35,Divorced_Separated,18.0,1.0,Some_college,0,2,2,2,2.0,0,38,100,2,4,1
0.0,176.0,27500.0,,1,138-200%,0,1,1.0,6.0,1.0,62,01,Employed,Self_employed,33,1,1,1.0,1,1,1,26-35,Married,16.0,1.0,HS_diploma,0,2,2,2,2.0,0,38,400,2,4,0
1000.0,379.0,0.0,Very_Low,1,200-400%,1,0,6.0,1.0,1.0,01,46,Not_in_labor_force,Private,19,1,5,1.0,1,8,2,18-25,Never_married,18.0,2.0,Some_college,1,2,2,2,2.0,0,38,100,2,4,0
20300.0,379.0,0.0,Low,1,200-400%,1,0,1.0,1.0,1.0,72,42,Employed,Private,18,1,5,3.0,1,1,1,18-25,Never_married,19.0,2.0,Some_college,1,2,2,2,2.0,0,38,400,2,4,0
0.0,176.0,27500.0,,1,138-200%,0,1,1.0,6.0,1.0,62,01,Employed,Self_employed,33,1,1,1.0,1,1,1,26-35,Married,12.0,1.0,Less_than_HS,0,2,2,2,2.0,0,38,400,2,4,0
0.0,379.0,0.0,,1,200-400%,0,0,6.0,1.0,3.0,42,69,Not_in_labor_force,Private,31,1,5,3.0,1,9,1,26-35,Never_married,17.0,1.0,HS_diploma,0,1,2,2,2.0,1,38,300,2,4,1
4300.0,379.0,0.0,Very_Low,1,200-400%,1,0,6.0,1.0,1.0,96,49,Not_in_labor_force,Private,19,1,5,1.0,1,1,1,18-25,Never_married,18.0,2.0,Some_college,1,2,2,2,2.0,0,38,300,2,4,0
18500.0,379.0,0.0,Low,1,200-400%,1,0,6.0,1.0,1.0,64,07,Not_in_labor_force,Private,35,1,5,3.0,1,1,1,26-35,Never_married,16.0,2.0,HS_diploma,1,2,2,2,2.0,0,38,200,2,4,0
3000.0,379.0,0.0,Very_Low,1,200-400%,1,0,6.0,1.0,1.0,36,82,Not_in_labor_force,Private,21,1,5,1.0,1,1,1,18-25,Never_married,19.0,3.0,Some_college,1,2,2,2,2.0,0,38,400,2,4,0
0.0,54.0,0.0,,1,<100%,0,0,6.0,1.0,3.0,42,69,Not_in_labor_force,Private,58,2,1,1.0,1,1,1,56-65,Married,16.0,1.0,HS_diploma,0,1,2,2,1.0,1,38,600,2,4,1
0.0,379.0,0.0,,1,200-400%,0,0,6.0,1.0,3.0,42,69,Not_in_labor_force,Private,54,2,3,1.0,1,1,1,46-55,Divorced_Separated,21.0,1.0,Bachelors,0,1,2,2,1.0,1,38,300,2,4,1
28000.0,379.0,0.0,Low,1,200-400%,1,0,6.0,1.0,1.0,62,07,Not_in_labor_force,Private,28,1,5,3.0,1,3,1,26-35,Never_married,13.0,1.0,Less_than_HS,0,2,2,2,2.0,0,38,400,2,4,1
0.0,379.0,0.0,,1,200-400%,0,0,6.0,1.0,3.0,42,69,Not_in_labor_force,Private,54,2,3,1.0,1,1,1,46-55,Divorced_Separated,21.0,1.0,Bachelors,0,1,2,2,1.0,1,38,300,2,4,1
10000.0,379.0,0.0,Very_Low,1,200-400%,1,0,6.0,1.0,1.0,47,53,Not_in_labor_force,Private,19,2,5,3.0,1,1,1,18-25,Never_married,18.0,2.0,Some_college,1,2,2,2,2.0,0,38,600,2,4,0
8000.0,379.0,0.0,Very_Low,1,200-400%,1,0,6.0,1.0,1.0,41,86,Not_in_labor_force,Private,21,2,5,1.0,1,1,1,18-25,Never_married,19.0,2.0,Some_college,1,2,2,2,2.0,0,38,200,2,4,0
16400.0,379.0,0.0,Low,1,200-400%,1,0,1.0,1.0,1.0,60,01,Employed,Private,18,1,5,3.0,1,1,1,18-25,Never_married,18.0,2.0,Some_college,1,2,2,2,2.0,0,38,300,2,4,0
0.0,379.0,0.0,,1,200-400%,0,0,3.0,9.0,3.0,99,99,Unemployed,Unpaid,18,1,5,3.0,1,1,1,18-25,Never_married,18.0,2.0,Some_college,1,2,2,2,2.0,0,38,600,2,4,0
28000.0,379.0,0.0,Low,1,200-400%,1,0,6.0,1.0,1.0,62,07,Not_in_labor_force,Private,29,1,5,1.0,1,1,1,26-35,Never_married,17.0,1.0,HS_diploma,0,2,2,2,2.0,0,38,400,2,4,1
21600.0,379.0,0.0,Low,1,200-400%,1,0,6.0,3.0,1.0,42,78,Not_in_labor_force,Government,21,1,5,1.0,1,1,1,18-25,Never_married,17.0,1.0,HS_diploma,0,2,2,2,2.0,0,38,400,2,4,1
7500.0,379.0,0.0,Very_Low,1,200-400%,1,0,1.0,1.0,1.0,46,84,Employed,Private,18,2,5,3.0,2,1,1,18-25,Never_married,16.0,2.0,HS_diploma,1,2,2,2,2.0,0,38,200,2,4,0
10000.0,379.0,0.0,Very_Low,1,200-400%,1,0,6.0,1.0,1.0,47,53,Not_in_labor_force,Private,19,2,5,3.0,1,1,1,18-25,Never_married,18.0,2.0,Some_college,1,2,2,2,2.0,0,38,600,2,4,0
7000.0,379.0,0.0,Very_Low,1,200-400%,1,0,1.0,4.0,1.0,46,78,Employed,Government,19,2,5,1.0,1,1,1,18-25,Never_married,19.0,3.0,Some_college,1,2,2,2,2.0,0,38,300,2,4,0
9000.0,379.0,0.0,Very_Low,1,200-400%,1,0,1.0,1.0,1.0,34,74,Employed,Private,20,2,5,1.0,1,1,1,18-25,Never_married,19.0,3.0,Some_college,1,2,2,2,2.0,0,38,300,2,4,0
42000.0,379.0,0.0,Medium,1,200-400%,1,0,6.0,3.0,1.0,42,93,Not_in_labor_force,Government,58,1,5,1.0,1,1,1,56-65,Never_married,16.0,1.0,HS_diploma,0,2,2,2,2.0,0,38,300,2,4,1
9600.0,379.0,0.0,Very_Low,1,200-400%,1,0,6.0,1.0,1.0,81,88,Not_in_labor_force,Private,19,1,5,3.0,1,1,1,18-25,Never_married,16.0,2.0,HS_diploma,1,2,2,2,2.0,0,38,100,2,4,0
400.0,379.0,0.0,Very_Low,1,200-400%,1,0,1.0,1.0,1.0,27,85,Employed,Private,21,1,5,3.0,1,6,1,18-25,Never_married,19.0,2.0,Some_college,1,2,2,2,2.0,0,38,400,2,4,0
6000.0,379.0,0.0,Very_Low,1,200-400%,1,0,1.0,1.0,1.0,23,92,Employed,Private,20,2,5,1.0,1,1,1,18-25,Never_married,19.0,2.0,Some_college,1,2,2,2,2.0,0,38,600,2,4,0
10800.0,379.0,0.0,Very_Low,1,200-400%,1,0,6.0,1.0,1.0,03,86,Not_in_labor_force,Private,26,1,5,3.0,1,3,1,26-35,Never_married,13.0,2.0,Less_than_HS,1,2,2,2,2.0,0,38,300,2,4,0
5000.0,379.0,0.0,Very_Low,1,200-400%,1,0,1.0,1.0,1.0,36,82,Employed,Private,19,2,5,1.0,1,1,1,18-25,Never_married,19.0,2.0,Some_college,1,2,2,2,2.0,0,38,400,2,4,0
28800.0,189.0,0.0,Low,1,138-200%,1,0,1.0,1.0,1.0,94,87,Employed,Private,39,1,1,3.0,1,5,1,36-45,Married,16.0,1.0,HS_diploma,0,2,2,2,2.0,0,38,200,2,4,1
1500.0,379.0,0.0,Very_Low,1,200-400%,1,0,6.0,3.0,1.0,42,78,Not_in_labor_force,Government,23,1,5,1.0,1,1,1,18-25,Never_married,16.0,1.0,HS_diploma,0,2,2,2,2.0,0,38,300,2,4,0
15000.0,379.0,0.0,Very_Low,1,200-400%,1,0,1.0,1.0,1.0,60,01,Employed,Private,19,1,5,3.0,1,1,1,18-25,Never_married,18.0,2.0,Some_college,1,2,2,2,2.0,0,38,400,2,4,0
0.0,0.0,0.0,,0,,0,0,6.0,1.0,3.0,42,69,Not_in_labor_force,Private,41,1,3,1.0,1,1,1,36-45,Divorced_Separated,16.0,1.0,HS_diploma,0,1,2,2,1.0,1,38,600,2,4,1
0.0,103.0,0.0,,1,100-138%,0,0,6.0,1.0,3.0,42,69,Not_in_labor_force,Private,36,2,5,1.0,1,1,1,36-45,Never_married,7.0,1.0,Less_than_HS,0,1,2,2,1.0,1,38,400,2,4,1
23100.0,147.0,0.0,Low,1,138-200%,1,0,1.0,8.0,1.0,96,26,Employed,Unpaid,51,1,1,1.0,1,1,1,46-55,Married,11.0,1.0,Less_than_HS,0,2,2,2,2.0,0,38,100,2,4,0
5000.0,379.0,50.0,Very_Low,2,200-400%,1,1,1.0,4.0,1.0,35,78,Employed,Government,19,1,5,1.0,1,1,1,18-25,Never_married,19.0,2.0,Some_college,1,2,2,2,2.0,0,38,600,2,4,0
3000.0,379.0,0.0,Very_Low,1,200-400%,1,0,1.0,1.0,1.0,47,48,Employed,Private,20,1,5,3.0,1,6,1,18-25,Never_married,19.0,2.0,Some_college,1,2,2,2,2.0,0,38,200,2,4,1
48000.0,379.0,0.0,Medium,1,200-400%,1,0,6.0,1.0,1.0,45,86,Not_in_labor_force,Private,35,1,5,3.0,1,2,1,26-35,Never_married,17.0,1.0,HS_diploma,0,2,2,2,2.0,0,38,500,2,4,0
0.0,379.0,0.0,,0,200-400%,0,0,6.0,1.0,2.0,96,53,Not_in_labor_force,Private,22,1,5,1.0,1,3,1,18-25,Never_married,16.0,1.0,HS_diploma,0,2,2,2,2.0,0,38,300,2,4,1
10000.0,379.0,0.0,Very_Low,1,200-400%,1,0,1.0,4.0,1.0,45,78,Employed,Government,19,1,5,2.0,2,2,1,18-25,Never_married,16.0,2.0,HS_diploma,1,2,2,2,2.0,0,38,100,2,4,0
1000.0,379.0,0.0,Very_Low,1,200-400%,1,0,1.0,2.0,1.0,44,78,Employed,Private,19,2,5,1.0,1,1,1,18-25,Never_married,19.0,3.0,Some_college,1,2,2,2,2.0,0,38,300,2,4,0
0.0,379.0,0.0,,0,200-400%,0,0,6.0,1.0,3.0,42,69,Not_in_labor_force,Private,55,1,5,3.0,1,1,1,46-55,Never_married,14.0,1.0,Less_than_HS,0,1,2,2,2.0,1,38,200,2,4,1
0.0,379.0,0.0,,0,200-400%,0,0,6.0,1.0,3.0,42,69,Not_in_labor_force,Private,38,1,2,3.0,1,3,1,36-45,Divorced_Separated,12.0,1.0,Less_than_HS,0,2,2,2,2.0,0,38,400,2,4,1
3500.0,379.0,1000.0,Very_Low,2,200-400%,1,1,3.0,1.0,1.0,52,85,Unemployed,Private,19,1,5,3.0,1,1,1,18-25,Never_married,19.0,2.0,Some_college,1,2,2,2,2.0,0,38,600,2,4,0
8000.0,379.0,0.0,Very_Low,1,200-400%,1,0,1.0,3.0,1.0,46,85,Employed,Government,18,2,5,3.0,1,1,1,18-25,Never_married,18.0,3.0,Some_college,1,2,2,2,2.0,0,38,300,2,4,0
7000.0,379.0,3000.0,Very_Low,2,200-400%,1,1,6.0,1.0,1.0,72,87,Not_in_labor_force,Private,18,1,5,3.0,1,1,1,18-25,Never_married,18.0,2.0,Some_college,1,2,2,2,2.0,0,38,600,2,4,0
0.0,379.0,0.0,,1,200-400%,0,0,6.0,1.0,3.0,42,69,Not_in_labor_force,Private,20,1,5,2.0,2,1,1,18-25,Never_married,18.0,2.0,Some_college,1,2,2,2,2.0,0,38,100,2,4,0
15000.0,379.0,0.0,Very_Low,1,200-400%,1,0,1.0,4.0,1.0,38,94,Employed,Government,21,2,5,3.0,1,2,1,18-25,Never_married,19.0,2.0,Some_college,1,2,2,2,2.0,0,38,500,2,4,0
28000.0,379.0,0.0,Low,1,200-400%,1,0,6.0,1.0,1.0,62,07,Not_in_labor_force,Private,37,1,2,3.0,1,3,1,36-45,Divorced_Separated,12.0,1.0,Less_than_HS,0,2,2,2,2.0,0,38,400,2,4,1
10000.0,379.0,0.0,Very_Low,1,200-400%,1,0,1.0,2.0,1.0,19,78,Employed,Private,22,2,5,1.0,1,1,1,18-25,Never_married,19.0,3.0,Some_college,1,2,2,2,2.0,0,38,400,2,4,0
1000.0,379.0,0.0,Very_Low,1,200-400%,1,0,1.0,2.0,1.0,44,78,Employed,Private,19,2,5,1.0,1,1,1,18-25,Never_married,19.0,3.0,Some_college,1,2,2,2,2.0,0,38,300,2,4,0
5200.0,33.0,0.0,Very_Low,1,<100%,1,0,6.0,1.0,1.0,77,35,Not_in_labor_force,Private,32,2,2,3.0,1,1,1,26-35,Divorced_Separated,18.0,1.0,Some_college,0,2,2,2,2.0,0,38,200,2,4,1
15000.0,379.0,0.0,Very_Low,1,200-400%,1,0,1.0,4.0,1.0,38,94,Employed,Government,21,2,5,3.0,1,2,1,18-25,Never_married,19.0,2.0,Some_college,1,2,2,2,2.0,0,38,500,2,4,0
15000.0,379.0,0.0,Very_Low,1,200-400%,1,0,1.0,1.0,1.0,40,86,Employed,Private,18,2,5,3.0,1,1,1,18-25,Never_married,18.0,2.0,Some_college,1,2,2,2,2.0,0,38,600,2,4,1
13000.0,379.0,0.0,Very_Low,2,200-400%,1,0,1.0,1.0,1.0,89,23,Employed,Private,18,2,5,3.0,1,1,1,18-25,Never_married,19.0,2.0,Some_college,1,2,2,2,2.0,0,38,600,2,4,0
0.0,379.0,0.0,,1,200-400%,0,0,6.0,1.0,3.0,42,69,Not_in_labor_force,Private,59,1,5,1.0,1,1,1,56-65,Never_married,19.0,1.0,Some_college,0,1,2,2,2.0,1,38,500,2,4,1
28000.0,379.0,0.0,Low,1,200-400%,1,0,6.0,1.0,1.0,62,07,Not_in_labor_force,Private,33,1,1,1.0,1,1,1,26-35,Married,17.0,1.0,HS_diploma,0,2,2,2,2.0,0,38,400,2,4,1
0.0,355.0,3000.0,,1,200-400%,0,1,1.0,6.0,1.0,42,76,Employed,Self_employed,61,2,1,1.0,1,1,1,56-65,Married,18.0,1.0,Some_college,0,2,2,2,2.0,0,38,400,2,4,0
0.0,355.0,45600.0,,2,200-400%,0,1,1.0,6.0,1.0,02,01,Employed,Self_employed,64,1,1,1.0,1,1,1,56-65,Married,16.0,1.0,HS_diploma,0,2,2,2,2.0,0,38,400,2,4,0
43000.0,272.0,0.0,Medium,1,200-400%,1,0,1.0,1.0,1.0,59,75,Employed,Private,62,2,3,1.0,1,3,1,56-65,Divorced_Separated,21.0,1.0,Bachelors,0,2,2,2,2.0,0,38,300,2,4,0
150000.0,501.0,0.0,Very_High,1,>400%,1,0,1.0,1.0,1.0,11,73,Employed,Private,38,1,1,1.0,1,1,1,36-45,Married,22.0,1.0,Graduate,0,2,2,2,2.0,0,38,600,2,4,0
13800.0,154.0,0.0,Very_Low,1,138-200%,1,0,1.0,1.0,1.0,58,01,Employed,Private,40,2,1,1.0,1,1,1,36-45,Married,19.0,1.0,Some_college,0,2,2,2,2.0,0,38,500,2,4,1
32000.0,154.0,0.0,Medium,1,138-200%,1,0,3.0,1.0,1.0,60,01,Unemployed,Private,39,1,1,1.0,1,1,1,36-45,Married,19.0,1.0,Some_college,0,2,2,2,2.0,0,38,500,2,4,1
42000.0,501.0,12500.0,Medium,4,>400%,1,1,1.0,5.0,1.0,04,63,Employed,Government,60,1,1,1.0,1,1,1,56-65,Married,21.0,1.0,Bachelors,0,1,1,2,2.0,1,38,100,2,4,0
48000.0,501.0,0.0,Medium,2,>400%,1,0,1.0,3.0,1.0,23,78,Employed,Government,62,2,1,1.0,1,1,1,56-65,Married,21.0,1.0,Bachelors,0,2,2,2,2.0,0,38,100,2,4,0
68000.0,387.0,0.0,High,1,200-400%,1,0,1.0,1.0,1.0,52,73,Employed,Private,45,1,1,1.0,1,1,1,36-45,Married,19.0,1.0,Some_college,0,2,2,2,2.0,0,38,600,2,4,0
50000.0,387.0,0.0,Medium,1,200-400%,1,0,1.0,1.0,1.0,00,68,Employed,Private,45,2,1,1.0,1,1,1,36-45,Married,20.0,1.0,Some_college,0,2,2,2,2.0,0,38,600,2,4,0
72000.0,455.0,0.0,High,1,>400%,1,0,1.0,1.0,1.0,77,31,Employed,Private,38,1,5,1.0,2,2,1,36-45,Never_married,16.0,1.0,HS_diploma,0,2,2,2,2.0,0,38,500,2,4,0
0.0,9.0,0.0,,1,<100%,0,0,6.0,1.0,2.0,42,76,Not_in_labor_force,Private,49,2,5,1.0,1,1,1,46-55,Never_married,16.0,1.0,HS_diploma,0,2,2,2,2.0,0,38,500,2,4,1
10000.0,297.0,50000.0,Very_Low,2,200-400%,1,1,1.0,7.0,1.0,48,69,Employed,Self_employed,28,1,5,1.0,1,1,1,26-35,Never_married,19.0,1.0,Some_college,0,2,2,2,2.0,0,38,400,2,4,0
0.0,157.0,24000.0,,1,138-200%,0,1,1.0,6.0,1.0,45,89,Employed,Self_employed,29,2,5,1.0,1,1,1,26-35,Never_married,20.0,1.0,Some_college,0,2,2,2,2.0,0,38,400,2,4,0
68000.0,439.0,0.0,High,2,>400%,1,0,1.0,1.0,1.0,04,69,Employed,Private,64,2,1,1.0,1,1,1,56-65,Married,20.0,1.0,Some_college,0,2,2,2,2.0,0,38,600,2,4,0
0.0,439.0,0.0,,1,>400%,0,0,6.0,1.0,2.0,02,01,Not_in_labor_force,Private,65,1,1,1.0,1,1,1,56-65,Married,21.0,1.0,Bachelors,0,1,1,2,2.0,1,38,600,2,4,0
50000.0,216.0,4000.0,Medium,3,200-400%,1,1,1.0,1.0,1.0,91,63,Employed,Private,56,1,1,1.0,1,1,1,56-65,Married,20.0,1.0,Some_college,0,1,2,1,2.0,1,38,400,2,4,1
0.0,216.0,0.0,,0,200-400%,0,0,6.0,3.0,2.0,42,93,Not_in_labor_force,Government,52,2,1,1.0,1,1,1,46-55,Married,16.0,1.0,HS_diploma,0,2,2,2,2.0,0,38,400,2,4,1
0.0,408.0,0.0,,3,>400%,0,0,6.0,4.0,2.0,42,78,Not_in_labor_force,Government,63,1,3,1.0,1,1,1,56-65,Divorced_Separated,18.0,1.0,Some_college,0,1,1,2,2.0,1,38,100,2,4,0
60000.0,301.0,0.0,High,2,200-400%,1,0,1.0,1.0,1.0,77,39,Employed,Private,56,1,1,1.0,1,1,1,56-65,Married,20.0,1.0,Some_college,0,2,2,2,2.0,0,38,400,2,4,0
10000.0,301.0,0.0,Very_Low,2,200-400%,1,0,1.0,1.0,1.0,47,52,Employed,Private,58,2,1,1.0,1,1,1,56-65,Married,20.0,1.0,Some_college,0,2,2,2,2.0,0,38,400,2,4,0
30000.0,301.0,0.0,Low,1,200-400%,1,0,1.0,1.0,1.0,51,68,Employed,Private,23,2,5,1.0,1,1,1,18-25,Never_married,20.0,1.0,Some_college,0,2,2,2,2.0,0,38,400,2,4,0
0.0,301.0,0.0,,0,200-400%,0,0,6.0,1.0,2.0,64,07,Not_in_labor_force,Private,20,1,5,1.0,1,1,1,18-25,Never_married,20.0,2.0,Some_college,1,2,2,2,2.0,0,38,400,2,4,0
3600.0,501.0,0.0,Very_Low,1,>400%,1,0,1.0,1.0,1.0,60,01,Employed,Private,62,2,1,1.0,1,1,1,56-65,Married,16.0,1.0,HS_diploma,0,2,2,2,2.0,0,38,200,2,4,0
27000.0,244.0,0.0,Low,1,200-400%,1,0,4.0,5.0,1.0,98,96,Not_in_labor_force,Government,21,1,1,1.0,1,9,2,18-25,Married,18.0,1.0,Some_college,0,2,2,2,2.0,0,38,200,2,4,0
32000.0,244.0,0.0,Medium,1,200-400%,1,0,1.0,5.0,1.0,46,84,Employed,Government,21,2,1,1.0,1,9,2,18-25,Married,20.0,2.0,Some_college,1,2,2,2,2.0,0,38,200,2,4,0
12000.0,72.0,0.0,Very_Low,1,<100%,1,0,1.0,1.0,1.0,68,04,Employed,Private,35,1,1,1.0,1,1,1,26-35,Married,20.0,1.0,Some_college,0,2,2,2,2.0,0,38,200,2,4,1
5500.0,72.0,0.0,Very_Low,1,<100%,1,0,1.0,2.0,1.0,20,91,Employed,Private,25,2,1,1.0,1,1,1,18-25,Married,19.0,1.0,Some_college,0,2,2,2,2.0,0,38,200,2,4,1
50000.0,392.0,0.0,Medium,1,200-400%,1,0,1.0,2.0,1.0,73,01,Employed,Private,29,1,1,3.0,1,1,1,26-35,Married,17.0,1.0,HS_diploma,0,1,1,2,2.0,1,38,200,2,4,0
69000.0,392.0,0.0,High,1,200-400%,1,0,1.0,1.0,1.0,47,49,Employed,Private,28,2,1,3.0,1,1,1,26-35,Married,16.0,1.0,HS_diploma,0,2,2,2,2.0,0,38,200,2,4,0
520.0,3.0,0.0,Very_Low,1,<100%,1,0,6.0,1.0,1.0,40,86,Not_in_labor_force,Private,25,1,5,1.0,1,1,1,18-25,Never_married,19.0,1.0,Some_college,0,2,2,2,2.0,0,38,200,2,4,1
22400.0,147.0,0.0,Low,1,138-200%,1,0,1.0,2.0,1.0,96,53,Employed,Private,19,2,5,1.0,1,1,1,18-25,Never_married,16.0,1.0,HS_diploma,0,2,2,2,2.0,0,38,500,2,4,0
93000.0,446.0,0.0,Very_High,1,>400%,1,0,1.0,3.0,1.0,02,78,Employed,Government,43,2,5,1.0,1,1,1,36-45,Never_married,22.0,1.0,Graduate,0,2,2,2,2.0,0,38,500,2,4,0
70000.0,501.0,25000.0,High,2,>400%,1,1,1.0,1.0,1.0,01,61,Employed,Private,37,1,5,1.0,1,1,1,36-45,Never_married,21.0,1.0,Bachelors,0,2,2,2,2.0,0,38,500,2,4,0
65000.0,501.0,0.0,High,1,>400%,1,0,1.0,1.0,1.0,08,69,Employed,Private,47,2,1,1.0,1,1,1,46-55,Married,18.0,1.0,Some_college,0,2,2,2,2.0,0,38,600,2,4,0
72000.0,501.0,0.0,High,1,>400%,1,0,1.0,1.0,1.0,57,44,Employed,Private,51,1,1,1.0,1,1,1,46-55,Married,18.0,1.0,Some_college,0,2,2,2,2.0,0,38,600,2,4,0
0.0,501.0,100000.0,,1,>400%,0,1,1.0,6.0,1.0,02,01,Employed,Self_employed,58,1,1,1.0,1,1,1,56-65,Married,19.0,1.0,Some_college,0,2,2,2,2.0,0,38,600,2,4,0
0.0,501.0,0.0,,0,>400%,0,0,6.0,1.0,2.0,32,81,Not_in_labor_force,Private,59,2,1,1.0,1,1,1,56-65,Married,20.0,1.0,Some_college,0,2,2,2,2.0,0,38,600,2,4,0
100000.0,342.0,0.0,Very_High,1,200-400%,1,0,1.0,1.0,1.0,06,87,Employed,Private,39,1,1,3.0,1,1,1,36-45,Married,21.0,1.0,Bachelors,0,2,2,2,2.0,0,38,600,2,4,0
50000.0,342.0,0.0,Medium,1,200-400%,1,0,1.0,3.0,1.0,24,78,Employed,Government,39,2,1,3.0,1,1,1,36-45,Married,21.0,1.0,Bachelors,0,1,2,2,2.0,1,38,600,2,4,0
7800.0,60.0,0.0,Very_Low,2,<100%,1,0,6.0,1.0,1.0,10,73,Not_in_labor_force,Private,44,1,5,1.0,1,1,1,36-45,Never_married,22.0,1.0,Graduate,0,2,2,2,2.0,0,38,400,2,4,0
42000.0,271.0,0.0,Medium,1,200-400%,1,0,1.0,1.0,1.0,40,86,Employed,Private,28,1,5,1.0,1,1,1,26-35,Never_married,18.0,1.0,Some_college,0,2,2,2,2.0,0,38,500,2,4,0
57000.0,157.0,0.0,High,1,138-200%,1,0,1.0,4.0,1.0,86,06,Employed,Government,34,2,1,1.0,1,9,1,26-35,Married,19.0,1.0,Some_college,0,2,2,2,2.0,0,38,100,2,4,0
0.0,157.0,0.0,,0,138-200%,0,0,6.0,3.0,2.0,38,94,Not_in_labor_force,Government,50,1,1,1.0,1,1,1,46-55,Married,19.0,1.0,Some_college,0,1,1,2,2.0,1,38,100,2,4,0
72000.0,468.0,0.0,High,1,>400%,1,0,1.0,1.0,1.0,02,01,Employed,Private,59,1,5,1.0,1,1,1,56-65,Never_married,16.0,1.0,HS_diploma,0,2,2,2,2.0,0,38,100,2,4,0
74000.0,501.0,4000.0,High,3,>400%,1,1,1.0,4.0,1.0,22,78,Employed,Government,58,1,1,1.0,1,1,1,56-65,Married,24.0,1.0,Graduate,0,2,2,2,2.0,0,38,600,2,4,0
30000.0,501.0,2000.0,Low,3,>400%,1,1,1.0,6.0,1.0,23,78,Employed,Self_employed,55,2,1,1.0,1,1,1,46-55,Married,21.0,1.0,Bachelors,0,2,2,2,2.0,0,38,600,2,4,0
30000.0,265.0,0.0,Low,1,200-400%,1,0,1.0,5.0,1.0,32,81,Employed,Government,40,2,1,1.0,1,1,1,36-45,Married,21.0,1.0,Bachelors,0,2,2,2,2.0,0,38,400,2,4,0
65000.0,265.0,0.0,High,1,200-400%,1,0,1.0,7.0,1.0,48,69,Employed,Self_employed,40,1,1,1.0,1,1,1,36-45,Married,21.0,1.0,Bachelors,0,1,2,1,2.0,1,38,400,2,4,0
80000.0,490.0,0.0,Very_High,1,>400%,1,0,1.0,1.0,1.0,70,62,Employed,Private,36,1,1,1.0,1,1,1,36-45,Married,19.0,1.0,Some_college,0,2,2,2,2.0,0,38,600,2,4,0
16000.0,490.0,0.0,Low,1,>400%,1,0,6.0,3.0,1.0,42,77,Not_in_labor_force,Government,36,2,1,1.0,1,1,1,36-45,Married,20.0,2.0,Some_college,1,2,2,2,2.0,0,38,600,2,4,0
136000.0,412.0,0.0,Very_High,1,>400%,1,0,1.0,1.0,1.0,04,04,Employed,Private,32,1,1,1.0,1,1,1,26-35,Married,18.0,1.0,Some_college,0,2,2,2,2.0,0,38,200,2,4,0
12800.0,412.0,0.0,Very_Low,1,>400%,1,0,1.0,1.0,1.0,07,70,Employed,Private,31,2,1,1.0,1,1,1,26-35,Married,18.0,1.0,Some_college,0,2,2,2,2.0,0,38,200,2,4,0
0.0,7.0,0.0,,1,<100%,0,0,6.0,1.0,2.0,09,68,Not_in_labor_force,Private,55,2,3,1.0,1,1,1,46-55,Divorced_Separated,19.0,1.0,Some_college,0,1,2,2,1.0,1,38,600,2,4,0
26800.0,434.0,0.0,Low,2,>400%,1,0,1.0,1.0,1.0,73,07,Employed,Private,65,1,1,1.0,1,1,1,56-65,Married,14.0,1.0,Less_than_HS,0,2,2,2,2.0,0,38,500,2,4,0
55000.0,184.0,0.0,High,1,138-200%,1,0,3.0,1.0,1.0,91,07,Unemployed,Private,42,1,1,1.0,1,1,1,36-45,Married,16.0,1.0,HS_diploma,0,2,2,2,2.0,0,38,400,2,4,0
0.0,184.0,0.0,,0,138-200%,0,0,6.0,1.0,3.0,42,69,Not_in_labor_force,Private,38,2,1,1.0,1,1,1,36-45,Married,16.0,1.0,HS_diploma,0,2,2,2,2.0,0,38,400,2,4,0
88000.0,501.0,0.0,Very_High,1,>400%,1,0,1.0,1.0,1.0,01,07,Employed,Private,39,1,1,1.0,1,1,1,36-45,Married,21.0,1.0,Bachelors,0,2,2,2,2.0,0,38,500,2,4,0
177000.0,501.0,0.0,Very_High,1,>400%,1,0,1.0,1.0,1.0,50,72,Employed,Private,38,2,1,1.0,1,1,1,36-45,Married,22.0,1.0,Graduate,0,2,2,2,2.0,0,38,500,2,4,0
35000.0,501.0,0.0,Medium,1,>400%,1,0,1.0,4.0,1.0,20,78,Employed,Government,50,2,1,1.0,1,1,1,46-55,Married,21.0,1.0,Bachelors,0,1,1,2,2.0,1,38,200,2,4,0
110000.0,501.0,0.0,Very_High,1,>400%,1,0,1.0,1.0,1.0,00,49,Employed,Private,50,1,1,1.0,1,1,1,46-55,Married,21.0,1.0,Bachelors,0,2,2,2,2.0,0,38,200,2,4,0
4000.0,501.0,0.0,Very_Low,1,>400%,1,0,1.0,1.0,1.0,40,86,Employed,Private,18,2,5,1.0,1,1,1,18-25,Never_married,15.0,2.0,Less_than_HS,1,2,2,2,2.0,0,38,200,2,4,0
0.0,418.0,0.0,,0,>400%,0,0,6.0,2.0,2.0,20,91,Not_in_labor_force,Private,46,2,1,1.0,1,1,1,46-55,Married,21.0,1.0,Bachelors,0,2,2,2,2.0,0,38,600,2,4,0
125000.0,418.0,0.0,Very_High,2,>400%,1,0,1.0,1.0,1.0,47,53,Employed,Private,46,1,1,1.0,1,1,1,46-55,Married,19.0,1.0,Some_college,0,2,2,2,2.0,0,38,600,2,4,0
12000.0,418.0,0.0,Very_Low,1,>400%,1,0,1.0,1.0,1.0,47,52,Employed,Private,22,2,5,1.0,1,1,1,18-25,Never_married,21.0,2.0,Bachelors,1,2,2,2,2.0,0,38,600,2,4,0
7000.0,418.0,0.0,Very_Low,1,>400%,1,0,1.0,1.0,1.0,42,77,Employed,Private,19,1,5,1.0,1,1,1,18-25,Never_married,19.0,2.0,Some_college,1,2,2,2,2.0,0,38,600,2,4,0
8000.0,418.0,0.0,Very_Low,1,>400%,1,0,1.0,1.0,1.0,40,86,Employed,Private,18,2,5,1.0,1,1,1,18-25,Never_married,18.0,3.0,Some_college,1,2,2,2,2.0,0,38,600,2,4,0
48000.0,501.0,0.0,Medium,1,>400%,1,0,1.0,3.0,1.0,08,94,Employed,Government,27,2,1,3.0,1,1,1,26-35,Married,20.0,1.0,Some_college,0,2,2,2,2.0,0,38,400,2,4,0
0.0,501.0,80000.0,,1,>400%,0,1,1.0,6.0,1.0,02,01,Employed,Self_employed,27,1,1,3.0,1,1,1,26-35,Married,20.0,1.0,Some_college,0,2,2,2,2.0,0,38,400,2,4,0
147000.0,501.0,0.0,Very_High,1,>400%,1,0,1.0,1.0,1.0,04,30,Employed,Private,57,1,1,1.0,1,1,1,56-65,Married,22.0,1.0,Graduate,0,2,2,2,2.0,0,38,300,2,4,0
36000.0,501.0,25000.0,Medium,2,>400%,1,1,1.0,4.0,1.0,58,93,Employed,Government,54,2,1,1.0,1,1,1,46-55,Married,20.0,1.0,Some_college,0,2,2,2,2.0,0,38,300,2,4,0
46000.0,296.0,0.0,Medium,1,200-400%,1,0,1.0,1.0,1.0,56,68,Employed,Private,36,2,3,1.0,1,1,1,36-45,Divorced_Separated,19.0,1.0,Some_college,0,2,2,2,2.0,0,38,400,2,4,0
45000.0,290.0,0.0,Medium,1,200-400%,1,0,1.0,1.0,1.0,47,87,Employed,Private,31,1,5,1.0,1,1,1,26-35,Never_married,20.0,1.0,Some_college,0,2,2,2,2.0,0,38,400,2,4,0
50000.0,449.0,0.0,Medium,1,>400%,1,0,1.0,1.0,1.0,08,42,Employed,Private,32,2,1,1.0,1,1,1,26-35,Married,21.0,1.0,Bachelors,0,2,2,2,2.0,0,38,600,2,4,0
60000.0,449.0,0.0,High,1,>400%,1,0,1.0,4.0,1.0,37,94,Employed,Government,37,1,1,1.0,1,1,1,36-45,Married,23.0,1.0,Graduate,0,2,2,2,2.0,0,38,600,2,4,0
0.0,45.0,0.0,,0,<100%,0,0,6.0,2.0,2.0,34,82,Not_in_labor_force,Private,48,2,5,1.0,1,1,1,46-55,Never_married,16.0,1.0,HS_diploma,0,2,2,2,2.0,0,38,300,2,4,1
0.0,428.0,35400.0,,1,>400%,0,1,1.0,6.0,1.0,57,07,Employed,Self_employed,60,2,1,1.0,1,1,1,56-65,Married,16.0,1.0,HS_diploma,0,2,2,2,2.0,0,38,200,2,4,0
61000.0,501.0,0.0,High,1,>400%,1,0,1.0,1.0,1.0,36,82,Employed,Private,65,1,1,1.0,1,1,1,56-65,Married,22.0,1.0,Graduate,0,2,2,2,2.0,0,38,500,2,4,0
100000.0,501.0,0.0,Very_High,1,>400%,1,0,1.0,1.0,1.0,72,87,Employed,Private,33,1,4,3.0,1,1,1,26-35,Divorced_Separated,20.0,1.0,Some_college,0,2,2,2,2.0,0,38,100,2,4,0
105000.0,501.0,0.0,Very_High,1,>400%,1,0,1.0,1.0,1.0,79,30,Employed,Private,64,1,1,1.0,1,1,1,56-65,Married,19.0,1.0,Some_college,0,2,2,2,2.0,0,38,400,2,4,0
0.0,501.0,0.0,,0,>400%,0,0,6.0,1.0,3.0,42,69,Not_in_labor_force,Private,60,2,1,1.0,1,1,1,56-65,Married,16.0,1.0,HS_diploma,0,1,2,2,1.0,1,38,400,2,4,0
0.0,501.0,160000.0,,1,>400%,0,1,6.0,6.0,1.0,02,01,Not_in_labor_force,Self_employed,58,1,1,1.0,1,1,1,56-65,Married,16.0,1.0,HS_diploma,0,2,2,2,2.0,0,38,500,2,4,0
27600.0,501.0,0.0,Low,1,>400%,1,0,1.0,1.0,1.0,03,81,Employed,Private,54,2,1,1.0,1,1,1,46-55,Married,16.0,1.0,HS_diploma,0,2,2,2,2.0,0,38,500,2,4,0
106000.0,501.0,0.0,Very_High,1,>400%,1,0,1.0,4.0,1.0,25,78,Employed,Government,31,1,5,1.0,1,9,24,26-35,Never_married,18.0,1.0,Some_college,0,2,2,2,2.0,0,38,400,2,4,0
35000.0,501.0,0.0,Medium,2,>400%,1,0,1.0,1.0,1.0,50,12,Employed,Private,60,2,1,1.0,1,1,1,56-65,Married,16.0,1.0,HS_diploma,0,2,2,2,2.0,0,38,500,2,4,0
67000.0,501.0,0.0,High,3,>400%,1,0,6.0,1.0,1.0,62,01,Not_in_labor_force,Private,62,1,1,1.0,1,1,1,56-65,Married,16.0,1.0,HS_diploma,0,2,2,2,2.0,0,38,500,2,4,0
50000.0,388.0,0.0,Medium,1,200-400%,1,0,1.0,1.0,1.0,42,77,Employed,Private,33,1,5,1.0,1,1,1,26-35,Never_married,20.0,1.0,Some_college,0,2,2,2,2.0,0,38,600,2,4,0
9000.0,58.0,0.0,Very_Low,1,<100%,1,0,1.0,3.0,1.0,27,85,Employed,Government,20,1,5,3.0,1,1,1,18-25,Never_married,19.0,2.0,Some_college,1,2,2,2,2.0,0,38,600,2,4,0
10000.0,64.0,0.0,Very_Low,1,<100%,1,0,1.0,2.0,1.0,27,85,Employed,Private,20,1,5,3.0,1,1,1,18-25,Never_married,19.0,2.0,Some_college,1,2,2,2,2.0,0,38,600,2,4,0
3000.0,19.0,0.0,Very_Low,1,<100%,1,0,1.0,1.0,1.0,15,39,Employed,Private,20,1,5,3.0,1,1,1,18-25,Never_married,19.0,2.0,Some_college,1,2,2,2,2.0,0,38,600,2,4,0
10000.0,64.0,0.0,Very_Low,1,<100%,1,0,1.0,1.0,1.0,15,30,Employed,Private,20,1,5,3.0,1,1,1,18-25,Never_married,19.0,2.0,Some_college,1,2,2,2,2.0,0,38,600,2,4,0
0.0,99.0,0.0,,2,<100%,0,0,6.0,1.0,3.0,42,69,Not_in_labor_force,Private,62,1,3,3.0,1,1,1,56-65,Divorced_Separated,11.0,1.0,Less_than_HS,0,1,2,2,2.0,1,38,400,2,4,1
28000.0,285.0,0.0,Low,3,200-400%,1,0,1.0,1.0,1.0,91,01,Employed,Private,63,1,1,1.0,1,1,1,56-65,Married,19.0,1.0,Some_college,0,2,2,2,2.0,0,38,500,2,4,0
0.0,285.0,0.0,,0,200-400%,0,0,6.0,1.0,3.0,42,69,Not_in_labor_force,Private,55,2,1,1.0,1,1,1,46-55,Married,21.0,1.0,Bachelors,0,1,2,2,2.0,1,38,500,2,4,0
90000.0,501.0,0.0,Very_High,1,>400%,1,0,1.0,2.0,1.0,22,78,Employed,Private,43,2,1,1.0,1,1,1,36-45,Married,22.0,1.0,Graduate,0,2,2,2,2.0,0,38,300,2,4,0
80000.0,501.0,0.0,Very_High,1,>400%,1,0,1.0,2.0,1.0,23,78,Employed,Private,42,1,1,1.0,1,1,1,36-45,Married,22.0,1.0,Graduate,0,2,2,2,2.0,0,38,300,2,4,0
25300.0,334.0,0.0,Low,4,200-400%,1,0,1.0,1.0,1.0,45,89,Employed,Private,59,2,2,1.0,1,1,1,56-65,Divorced_Separated,19.0,1.0,Some_college,0,2,2,2,2.0,0,38,400,2,4,0
37400.0,237.0,0.0,Medium,1,200-400%,1,0,1.0,1.0,1.0,96,07,Employed,Private,22,1,5,3.0,1,1,1,18-25,Never_married,16.0,1.0,HS_diploma,0,2,2,2,2.0,0,38,500,2,4,0
27300.0,173.0,0.0,Low,1,138-200%,1,0,1.0,1.0,1.0,36,82,Employed,Private,21,2,5,3.0,1,1,1,18-25,Never_married,19.0,2.0,Some_college,1,2,2,2,2.0,0,38,500,2,4,0
1800.0,245.0,0.0,Very_Low,1,200-400%,1,0,3.0,5.0,1.0,48,63,Unemployed,Government,51,2,1,1.0,1,1,1,46-55,Married,20.0,1.0,Some_college,0,2,2,2,2.0,0,38,500,2,4,0
47900.0,245.0,0.0,Medium,1,200-400%,1,0,1.0,1.0,1.0,15,12,Employed,Private,51,1,1,1.0,1,1,1,46-55,Married,20.0,1.0,Some_college,0,1,1,2,2.0,1,38,500,2,4,0
38400.0,247.0,0.0,Medium,1,200-400%,1,0,1.0,1.0,1.0,36,82,Employed,Private,58,2,1,1.0,1,1,1,56-65,Married,15.0,1.0,Less_than_HS,0,2,2,2,2.0,0,38,300,2,4,0
0.0,247.0,0.0,,1,200-400%,0,0,6.0,1.0,2.0,42,82,Not_in_labor_force,Private,61,1,1,1.0,1,1,1,56-65,Married,13.0,1.0,Less_than_HS,0,2,2,2,2.0,0,38,300,2,4,0
60000.0,338.0,0.0,High,1,200-400%,1,0,1.0,1.0,1.0,62,07,Employed,Private,32,1,1,1.0,1,1,1,26-35,Married,19.0,1.0,Some_college,0,2,2,2,2.0,0,38,500,2,4,0
75000.0,338.0,0.0,High,1,200-400%,1,0,1.0,1.0,1.0,03,82,Employed,Private,31,2,1,1.0,1,1,1,26-35,Married,22.0,1.0,Graduate,0,2,2,2,2.0,0,38,500,2,4,0
31000.0,200.0,0.0,Medium,1,138-200%,1,0,1.0,1.0,1.0,77,23,Employed,Private,31,2,5,3.0,1,1,1,26-35,Never_married,16.0,1.0,HS_diploma,0,2,2,2,2.0,0,38,600,2,4,1
41900.0,302.0,0.0,Medium,2,200-400%,1,0,1.0,1.0,1.0,15,70,Employed,Private,33,1,5,1.0,1,1,1,26-35,Never_married,16.0,1.0,HS_diploma,0,2,2,2,2.0,0,38,600,2,4,0
58000.0,501.0,0.0,High,1,>400%,1,0,1.0,1.0,1.0,77,24,Employed,Private,63,1,1,1.0,1,1,1,56-65,Married,16.0,1.0,HS_diploma,0,2,2,2,2.0,0,38,500,2,4,0
99000.0,501.0,0.0,Very_High,1,>400%,1,0,1.0,2.0,1.0,32,82,Employed,Private,61,2,1,1.0,1,1,1,56-65,Married,22.0,1.0,Graduate,0,2,2,2,2.0,0,38,500,2,4,0
60000.0,381.0,0.0,High,1,200-400%,1,0,1.0,1.0,1.0,32,82,Employed,Private,63,2,3,1.0,1,1,1,56-65,Divorced_Separated,20.0,1.0,Some_college,0,2,2,2,2.0,0,38,400,2,4,0
75000.0,501.0,0.0,High,1,>400%,1,0,1.0,2.0,1.0,23,78,Employed,Private,47,2,1,1.0,1,1,1,46-55,Married,22.0,1.0,Graduate,0,2,2,2,2.0,0,38,500,2,4,0
120000.0,501.0,0.0,Very_High,1,>400%,1,0,1.0,1.0,1.0,02,07,Employed,Private,47,1,1,1.0,1,1,1,46-55,Married,20.0,1.0,Some_college,0,2,2,2,2.0,0,38,500,2,4,0
60000.0,501.0,0.0,High,1,>400%,1,0,1.0,7.0,1.0,76,41,Employed,Self_employed,22,1,5,3.0,1,1,1,18-25,Never_married,19.0,2.0,Some_college,1,2,2,2,2.0,0,38,500,2,4,0
1500.0,342.0,0.0,Very_Low,2,200-400%,1,0,1.0,4.0,1.0,35,80,Employed,Government,49,2,2,3.0,1,1,1,46-55,Divorced_Separated,17.0,1.0,HS_diploma,0,2,2,2,2.0,0,38,300,2,4,0
0.0,342.0,0.0,,1,200-400%,0,0,6.0,1.0,3.0,42,69,Not_in_labor_force,Private,25,2,5,3.0,1,1,1,18-25,Never_married,16.0,1.0,HS_diploma,0,1,2,2,2.0,1,38,300,2,4,1
24700.0,158.0,0.0,Low,1,138-200%,1,0,1.0,5.0,1.0,42,83,Employed,Government,53,1,3,3.0,1,1,1,46-55,Divorced_Separated,16.0,1.0,HS_diploma,0,2,2,2,2.0,0,38,600,2,4,0
45000.0,291.0,0.0,Medium,1,200-400%,1,0,1.0,1.0,1.0,09,68,Employed,Private,30,1,5,1.0,1,9,1,26-35,Never_married,16.0,1.0,HS_diploma,0,2,2,2,2.0,0,38,400,2,4,0
26000.0,168.0,0.0,Low,1,138-200%,1,0,1.0,2.0,1.0,46,83,Employed,Private,29,2,5,1.0,1,1,1,26-35,Never_married,20.0,1.0,Some_college,0,2,2,2,2.0,0,38,400,2,4,0
72000.0,297.0,0.0,High,1,200-400%,1,0,1.0,1.0,1.0,57,44,Employed,Private,49,2,1,1.0,1,1,1,46-55,Married,18.0,1.0,Some_college,0,2,2,2,2.0,0,38,500,2,4,0
0.0,297.0,22000.0,,1,200-400%,0,1,1.0,6.0,1.0,62,07,Employed,Self_employed,49,1,1,1.0,1,1,1,46-55,Married,16.0,1.0,HS_diploma,0,2,2,2,2.0,0,38,500,2,4,0
3500.0,297.0,0.0,Very_Low,1,200-400%,1,0,2.0,8.0,1.0,60,01,Employed,Unpaid,20,2,5,1.0,1,1,1,18-25,Never_married,16.0,2.0,HS_diploma,1,2,2,2,2.0,0,38,500,2,4,0
0.0,297.0,5200.0,,2,200-400%,0,1,6.0,6.0,1.0,91,62,Not_in_labor_force,Self_employed,29,1,1,3.0,1,1,1,26-35,Married,16.0,1.0,HS_diploma,0,1,2,2,2.0,1,38,500,2,4,1
100000.0,256.0,-6700.0,Very_High,1,200-400%,1,0,1.0,1.0,1.0,63,07,Employed,Private,39,1,1,1.0,1,1,1,36-45,Married,20.0,1.0,Some_college,0,2,2,2,2.0,0,38,300,2,4,0
20000.0,256.0,0.0,Low,1,200-400%,1,0,1.0,1.0,1.0,40,82,Employed,Private,35,2,1,1.0,1,1,1,26-35,Married,19.0,1.0,Some_college,0,2,2,2,2.0,0,38,300,2,4,0
20000.0,127.0,0.0,Low,1,100-138%,1,0,1.0,1.0,1.0,58,69,Employed,Private,61,2,3,1.0,1,1,1,56-65,Divorced_Separated,18.0,1.0,Some_college,0,1,1,2,2.0,1,38,600,2,4,1
165000.0,501.0,0.0,Very_High,1,>400%,1,0,1.0,1.0,1.0,21,72,Employed,Private,57,1,1,1.0,1,1,1,56-65,Married,23.0,1.0,Graduate,0,2,2,2,2.0,0,38,600,2,4,0
115000.0,501.0,0.0,Very_High,1,>400%,1,0,1.0,1.0,1.0,30,50,Employed,Private,57,2,1,1.0,1,1,1,56-65,Married,21.0,1.0,Bachelors,0,2,2,2,2.0,0,38,600,2,4,0
103000.0,501.0,0.0,Very_High,1,>400%,1,0,1.0,1.0,1.0,01,01,Employed,Private,52,1,1,1.0,1,1,1,46-55,Married,16.0,1.0,HS_diploma,0,2,2,2,2.0,0,38,200,2,4,0
20000.0,501.0,0.0,Low,1,>400%,1,0,1.0,1.0,1.0,40,86,Employed,Private,52,2,1,1.0,1,1,1,46-55,Married,18.0,1.0,Some_college,0,2,2,2,2.0,0,38,200,2,4,0
38000.0,342.0,0.0,Medium,1,200-400%,1,0,1.0,1.0,1.0,42,82,Employed,Private,63,2,1,1.0,1,1,1,56-65,Married,13.0,1.0,Less_than_HS,0,2,2,2,2.0,0,38,100,2,4,0
0.0,233.0,0.0,,0,200-400%,0,0,6.0,1.0,2.0,47,50,Not_in_labor_force,Private,26,2,1,3.0,1,1,1,26-35,Married,21.0,1.0,Bachelors,0,2,2,2,2.0,0,38,500,2,4,0
46000.0,233.0,0.0,Medium,1,200-400%,1,0,4.0,5.0,1.0,98,96,Not_in_labor_force,Government,27,1,1,3.0,1,8,5,26-35,Married,19.0,1.0,Some_college,0,2,2,2,2.0,0,38,500,2,4,0
80000.0,501.0,0.0,Very_High,1,>400%,1,0,1.0,2.0,1.0,33,81,Employed,Private,30,1,1,1.0,1,1,1,26-35,Married,21.0,1.0,Bachelors,0,2,2,2,2.0,0,38,600,2,4,0
55000.0,501.0,0.0,High,1,>400%,1,0,1.0,2.0,1.0,33,81,Employed,Private,29,2,1,1.0,1,1,1,26-35,Married,21.0,1.0,Bachelors,0,2,2,2,2.0,0,38,600,2,4,0
67000.0,494.0,0.0,High,2,>400%,1,0,1.0,4.0,1.0,07,94,Employed,Government,51,2,1,1.0,1,9,24,46-55,Married,23.0,1.0,Graduate,0,2,2,2,2.0,0,38,300,2,4,0
25000.0,494.0,4000.0,Low,2,>400%,1,1,1.0,4.0,1.0,22,78,Employed,Government,55,1,1,1.0,1,1,1,46-55,Married,21.0,1.0,Bachelors,0,2,2,2,2.0,0,38,300,2,4,0
0.0,501.0,0.0,,1,>400%,0,0,6.0,1.0,3.0,42,69,Not_in_labor_force,Private,55,2,1,1.0,1,1,1,46-55,Married,17.0,1.0,HS_diploma,0,2,2,2,2.0,0,38,100,2,4,0
0.0,491.0,75000.0,,2,>400%,0,1,1.0,6.0,1.0,02,01,Employed,Self_employed,62,1,2,1.0,1,1,1,56-65,Divorced_Separated,20.0,2.0,Some_college,1,2,2,2,2.0,0,38,400,2,4,0
68000.0,431.0,0.0,High,1,>400%,1,0,1.0,5.0,1.0,55,63,Employed,Government,41,2,3,3.0,1,1,1,36-45,Divorced_Separated,20.0,1.0,Some_college,0,2,2,2,2.0,0,38,500,2,4,0
3700.0,104.0,0.0,Very_Low,3,100-138%,1,0,1.0,1.0,1.0,41,86,Employed,Private,55,1,5,1.0,1,1,1,46-55,Never_married,16.0,1.0,HS_diploma,0,1,2,2,2.0,1,38,500,2,4,1
68000.0,435.0,0.0,High,1,>400%,1,0,1.0,2.0,1.0,50,91,Employed,Private,61,2,5,1.0,1,1,1,56-65,Never_married,21.0,1.0,Bachelors,0,2,2,2,2.0,0,38,400,2,4,0
62000.0,393.0,0.0,High,1,200-400%,1,0,1.0,1.0,1.0,47,46,Employed,Private,62,2,5,1.0,1,1,1,56-65,Never_married,20.0,1.0,Some_college,0,2,2,2,2.0,0,38,600,2,4,0
40000.0,501.0,35000.0,Medium,2,>400%,1,1,6.0,3.0,1.0,32,94,Not_in_labor_force,Government,58,2,1,1.0,1,1,1,56-65,Married,21.0,1.0,Bachelors,0,2,2,2,2.0,0,38,400,2,4,0
80000.0,501.0,8000.0,Very_High,2,>400%,1,1,1.0,1.0,1.0,07,05,Employed,Private,55,1,1,1.0,1,1,1,46-55,Married,20.0,1.0,Some_college,0,2,2,2,2.0,0,38,400,2,4,0
24000.0,266.0,0.0,Low,1,200-400%,1,0,1.0,1.0,1.0,43,90,Employed,Private,62,2,1,1.0,1,1,1,56-65,Married,16.0,1.0,HS_diploma,0,2,2,2,2.0,0,38,200,2,4,0
74000.0,489.0,0.0,High,2,>400%,1,0,1.0,3.0,1.0,30,94,Employed,Government,64,1,1,1.0,1,1,1,56-65,Married,21.0,1.0,Bachelors,0,2,2,2,2.0,0,38,200,2,4,0
1000.0,167.0,0.0,Very_Low,2,138-200%,1,0,6.0,3.0,1.0,23,78,Not_in_labor_force,Government,55,1,1,1.0,1,1,1,46-55,Married,21.0,1.0,Bachelors,0,1,2,2,2.0,1,38,200,2,4,1
0.0,167.0,0.0,,0,138-200%,0,0,6.0,2.0,2.0,36,82,Not_in_labor_force,Private,50,2,1,1.0,1,1,1,46-55,Married,16.0,1.0,HS_diploma,0,1,2,2,2.0,1,38,200,2,4,1
56000.0,367.0,0.0,High,1,200-400%,1,0,1.0,1.0,1.0,63,07,Employed,Private,43,1,5,1.0,1,1,1,36-45,Never_married,16.0,1.0,HS_diploma,0,1,2,2,2.0,1,38,500,2,4,0
40000.0,262.0,0.0,Medium,1,200-400%,1,0,2.0,1.0,1.0,73,07,Employed,Private,44,1,5,1.0,1,5,1,36-45,Never_married,16.0,1.0,HS_diploma,0,2,2,2,2.0,0,38,500,2,4,0
110000.0,501.0,0.0,Very_High,1,>400%,1,0,1.0,1.0,1.0,13,72,Employed,Private,40,2,1,1.0,1,1,1,36-45,Married,21.0,1.0,Bachelors,0,2,2,2,2.0,0,38,100,2,4,0
70000.0,501.0,0.0,High,2,>400%,1,0,1.0,1.0,1.0,52,66,Employed,Private,59,2,3,1.0,1,1,1,56-65,Divorced_Separated,18.0,1.0,Some_college,0,2,2,2,2.0,0,38,200,2,4,0
22200.0,331.0,0.0,Low,1,200-400%,1,0,1.0,3.0,1.0,25,78,Employed,Government,39,2,1,1.0,1,1,1,36-45,Married,18.0,2.0,Some_college,1,2,2,2,2.0,0,38,200,2,4,0
55000.0,331.0,0.0,High,1,200-400%,1,0,4.0,5.0,1.0,86,96,Not_in_labor_force,Government,39,1,1,1.0,1,1,1,36-45,Married,20.0,1.0,Some_college,0,2,2,2,2.0,0,38,200,2,4,0
0.0,331.0,0.0,,0,200-400%,0,0,6.0,1.0,3.0,42,69,Not_in_labor_force,Private,20,2,5,1.0,1,1,1,18-25,Never_married,13.0,2.0,Less_than_HS,1,2,2,2,2.0,0,38,200,2,4,0
48900.0,365.0,0.0,Medium,1,200-400%,1,0,1.0,1.0,1.0,44,85,Employed,Private,58,2,3,1.0,1,3,1,56-65,Divorced_Separated,17.0,1.0,HS_diploma,0,2,2,2,2.0,0,38,400,2,4,0
0.0,365.0,0.0,,0,200-400%,0,0,6.0,1.0,3.0,42,69,Not_in_labor_force,Private,35,2,1,3.0,1,3,1,26-35,Married,16.0,1.0,HS_diploma,0,1,1,2,2.0,1,38,400,2,4,1
130000.0,365.0,0.0,Very_High,2,200-400%,1,0,3.0,1.0,1.0,62,07,Unemployed,Private,34,1,5,3.0,1,3,1,26-35,Never_married,17.0,1.0,HS_diploma,0,2,2,2,2.0,0,38,400,2,4,1
0.0,365.0,0.0,,1,200-400%,0,0,6.0,1.0,3.0,42,69,Not_in_labor_force,Private,35,1,1,3.0,1,3,1,26-35,Married,12.0,1.0,Less_than_HS,0,1,2,2,2.0,1,38,400,2,4,1
150000.0,501.0,0.0,Very_High,1,>400%,1,0,1.0,7.0,1.0,60,01,Employed,Self_employed,41,1,1,1.0,1,1,1,36-45,Married,16.0,1.0,HS_diploma,0,2,2,2,2.0,0,38,100,2,4,0
30000.0,501.0,0.0,Low,1,>400%,1,0,1.0,1.0,1.0,60,01,Employed,Private,40,2,1,1.0,1,1,1,36-45,Married,17.0,1.0,HS_diploma,0,2,2,2,2.0,0,38,100,2,4,0
70000.0,459.0,0.0,High,1,>400%,1,0,1.0,3.0,1.0,63,07,Employed,Government,59,1,5,1.0,1,1,1,56-65,Never_married,16.0,1.0,HS_diploma,0,2,2,2,2.0,0,38,500,2,4,0
60000.0,385.0,0.0,High,1,200-400%,1,0,1.0,1.0,1.0,73,07,Employed,Private,29,1,5,1.0,1,1,1,26-35,Never_married,16.0,1.0,HS_diploma,0,2,2,2,2.0,0,38,600,2,4,0
15000.0,96.0,0.0,Very_Low,1,<100%,1,0,1.0,1.0,1.0,40,86,Employed,Private,25,2,5,1.0,1,1,1,18-25,Never_married,21.0,2.0,Bachelors,1,2,2,2,2.0,0,38,600,2,4,0
40000.0,386.0,0.0,Medium,1,200-400%,1,0,1.0,2.0,1.0,23,78,Employed,Private,44,2,1,1.0,1,1,1,36-45,Married,21.0,1.0,Bachelors,0,2,2,2,2.0,0,38,400,2,4,0
100000.0,386.0,0.0,Very_High,1,200-400%,1,0,1.0,2.0,1.0,02,78,Employed,Private,48,1,1,1.0,1,1,1,46-55,Married,22.0,1.0,Graduate,0,2,2,2,2.0,0,38,400,2,4,0
120000.0,501.0,0.0,Very_High,1,>400%,1,0,1.0,1.0,1.0,13,20,Employed,Private,32,1,1,1.0,1,1,1,26-35,Married,21.0,1.0,Bachelors,0,2,2,2,2.0,0,38,300,2,4,0
20000.0,501.0,0.0,Low,1,>400%,1,0,1.0,1.0,1.0,46,85,Employed,Private,33,2,1,1.0,1,1,1,26-35,Married,21.0,1.0,Bachelors,0,2,2,2,2.0,0,38,300,2,4,0
40000.0,501.0,0.0,Medium,1,>400%,1,0,1.0,1.0,1.0,41,86,Employed,Private,51,2,1,1.0,1,1,1,46-55,Married,17.0,1.0,HS_diploma,0,2,2,2,2.0,0,38,600,2,4,0
60000.0,327.0,0.0,High,1,200-400%,1,0,1.0,1.0,1.0,81,88,Employed,Private,31,1,1,1.0,1,1,1,26-35,Married,16.0,1.0,HS_diploma,0,2,2,2,2.0,0,38,500,2,4,0
40000.0,327.0,0.0,Medium,1,200-400%,1,0,1.0,1.0,1.0,35,80,Employed,Private,26,2,1,1.0,1,1,1,26-35,Married,20.0,1.0,Some_college,0,2,2,2,2.0,0,38,500,2,4,0
38000.0,443.0,0.0,Medium,1,>400%,1,0,1.0,7.0,1.0,51,07,Employed,Self_employed,60,2,1,1.0,1,1,1,56-65,Married,20.0,1.0,Some_college,0,2,2,2,2.0,0,38,600,2,4,0
50000.0,443.0,0.0,Medium,1,>400%,1,0,1.0,7.0,1.0,63,07,Employed,Self_employed,65,1,1,1.0,1,1,1,56-65,Married,16.0,1.0,HS_diploma,0,2,2,2,2.0,0,38,600,2,4,0
45000.0,286.0,0.0,Medium,1,200-400%,1,0,3.0,1.0,1.0,41,86,Unemployed,Private,21,1,5,3.0,1,1,1,18-25,Never_married,16.0,1.0,HS_diploma,0,2,2,2,2.0,0,38,100,2,4,0
38000.0,241.0,0.0,Medium,1,200-400%,1,0,1.0,1.0,1.0,96,53,Employed,Private,32,2,3,3.0,2,6,1,26-35,Divorced_Separated,19.0,1.0,Some_college,0,2,2,2,2.0,0,38,100,2,4,0
48000.0,312.0,0.0,Medium,1,200-400%,1,0,1.0,2.0,1.0,12,81,Employed,Private,24,2,5,1.0,1,1,1,18-25,Never_married,21.0,1.0,Bachelors,0,2,2,2,2.0,0,38,600,2,4,0
40000.0,191.0,0.0,Medium,1,138-200%,1,0,6.0,7.0,1.0,02,01,Not_in_labor_force,Self_employed,41,1,5,1.0,1,1,1,36-45,Never_married,19.0,1.0,Some_college,0,2,2,2,2.0,0,38,400,2,4,0
24300.0,501.0,0.0,Low,2,>400%,1,0,1.0,2.0,1.0,04,91,Employed,Private,46,2,1,1.0,1,8,24,46-55,Married,11.0,1.0,Less_than_HS,0,1,1,2,2.0,1,38,100,2,4,0
150000.0,501.0,5000.0,Very_High,2,>400%,1,1,1.0,4.0,1.0,00,78,Employed,Government,45,1,1,1.0,1,1,1,36-45,Married,22.0,1.0,Graduate,0,2,2,2,2.0,0,38,100,2,4,0
6000.0,501.0,0.0,Very_Low,1,>400%,1,0,6.0,1.0,1.0,60,02,Not_in_labor_force,Private,18,1,5,1.0,1,9,24,18-25,Never_married,18.0,3.0,Some_college,1,1,2,2,2.0,1,38,100,2,4,0
36000.0,501.0,0.0,Medium,1,>400%,1,0,1.0,1.0,1.0,96,81,Employed,Private,58,1,1,1.0,1,1,1,56-65,Married,19.0,1.0,Some_college,0,2,2,2,2.0,0,38,600,2,4,0
68000.0,501.0,0.0,High,1,>400%,1,0,1.0,1.0,1.0,54,50,Employed,Private,60,2,1,1.0,1,1,1,56-65,Married,19.0,1.0,Some_college,0,2,2,2,2.0,0,38,600,2,4,0
0.0,501.0,0.0,,0,>400%,0,0,6.0,3.0,2.0,23,78,Not_in_labor_force,Government,36,2,1,1.0,1,1,1,36-45,Married,21.0,1.0,Bachelors,0,2,2,2,2.0,0,38,100,2,4,0
14700.0,324.0,0.0,Very_Low,1,200-400%,1,0,1.0,3.0,1.0,25,78,Employed,Government,34,2,1,1.0,1,1,1,26-35,Married,20.0,1.0,Some_college,0,2,2,2,2.0,0,38,100,2,4,0
100000.0,324.0,0.0,Very_High,1,200-400%,1,0,1.0,1.0,1.0,13,07,Employed,Private,31,1,1,1.0,1,1,1,26-35,Married,22.0,1.0,Graduate,0,2,2,2,2.0,0,38,100,2,4,0
0.0,1.0,0.0,,0,<100%,0,0,3.0,1.0,2.0,47,86,Unemployed,Private,19,2,1,3.0,1,3,1,18-25,Married,19.0,2.0,Some_college,1,2,2,2,2.0,0,38,100,2,4,1
0.0,1.0,0.0,,0,<100%,0,0,6.0,1.0,2.0,40,86,Not_in_labor_force,Private,18,1,1,3.0,1,3,1,18-25,Married,12.0,2.0,Less_than_HS,1,2,2,2,2.0,0,38,100,2,4,1
0.0,225.0,35000.0,,2,200-400%,0,1,1.0,6.0,1.0,02,01,Employed,Self_employed,61,1,3,1.0,1,1,1,56-65,Divorced_Separated,16.0,1.0,HS_diploma,0,2,2,2,2.0,0,38,200,2,4,0
30000.0,192.0,0.0,Low,2,138-200%,1,0,1.0,1.0,1.0,36,82,Employed,Private,50,2,3,1.0,1,1,1,46-55,Divorced_Separated,16.0,1.0,HS_diploma,0,2,2,2,2.0,0,38,200,2,4,0
72000.0,449.0,0.0,High,1,>400%,1,0,1.0,4.0,1.0,08,85,Employed,Government,45,1,1,1.0,1,1,1,36-45,Married,21.0,1.0,Bachelors,0,2,2,2,2.0,0,38,300,2,4,0
80000.0,449.0,0.0,Very_High,1,>400%,1,0,1.0,2.0,1.0,08,74,Employed,Private,44,2,1,1.0,1,1,1,36-45,Married,22.0,1.0,Graduate,0,2,2,2,2.0,0,38,300,2,4,0
17000.0,422.0,9000.0,Low,3,>400%,1,1,1.0,7.0,1.0,58,61,Employed,Self_employed,55,2,1,1.0,1,1,1,46-55,Married,19.0,1.0,Some_college,0,2,2,2,2.0,0,38,400,2,4,0
58000.0,422.0,0.0,High,2,>400%,1,0,1.0,7.0,1.0,91,61,Employed,Self_employed,57,1,1,1.0,1,1,1,56-65,Married,19.0,1.0,Some_college,0,2,2,2,2.0,0,38,400,2,4,0
93000.0,501.0,0.0,Very_High,2,>400%,1,0,1.0,1.0,1.0,06,75,Employed,Private,26,1,1,1.0,1,1,1,26-35,Married,21.0,1.0,Bachelors,0,2,2,2,2.0,0,38,600,2,4,0
45000.0,501.0,0.0,Medium,2,>400%,1,0,1.0,4.0,1.0,02,78,Employed,Government,26,2,1,1.0,1,1,1,26-35,Married,22.0,1.0,Graduate,0,2,2,2,2.0,0,38,600,2,4,0
40000.0,258.0,0.0,Medium,2,200-400%,1,0,1.0,2.0,1.0,40,82,Employed,Private,62,2,3,1.0,1,1,1,56-65,Divorced_Separated,16.0,1.0,HS_diploma,0,2,2,2,2.0,0,38,600,2,4,0
105000.0,317.0,0.0,Very_High,1,200-400%,1,0,1.0,1.0,1.0,14,10,Employed,Private,34,1,1,1.0,2,1,1,26-35,Married,22.0,1.0,Graduate,0,2,2,2,2.0,0,38,500,2,4,0
10000.0,317.0,0.0,Very_Low,1,200-400%,1,0,6.0,1.0,1.0,36,79,Not_in_labor_force,Private,41,2,1,1.0,1,1,1,36-45,Married,18.0,1.0,Some_college,0,2,2,2,2.0,0,38,500,2,4,0
80000.0,501.0,0.0,Very_High,1,>400%,1,0,1.0,1.0,1.0,11,74,Employed,Private,30,1,1,1.0,1,1,1,26-35,Married,21.0,1.0,Bachelors,0,2,2,2,2.0,0,38,600,2,4,0
49400.0,376.0,0.0,Medium,1,200-400%,1,0,1.0,1.0,1.0,50,42,Employed,Private,62,1,1,1.0,1,1,1,56-65,Married,19.0,1.0,Some_college,0,2,2,2,2.0,0,38,200,2,4,0
26500.0,376.0,0.0,Low,2,200-400%,1,0,1.0,1.0,1.0,58,70,Employed,Private,61,2,1,1.0,1,1,1,56-65,Married,21.0,1.0,Bachelors,0,2,2,2,2.0,0,38,200,2,4,0
42000.0,426.0,0.0,Medium,1,>400%,1,0,1.0,3.0,1.0,23,78,Employed,Government,31,2,1,1.0,1,1,1,26-35,Married,21.0,1.0,Bachelors,0,2,2,2,2.0,0,38,500,2,4,0
42000.0,426.0,0.0,Medium,1,>400%,1,0,1.0,3.0,1.0,23,78,Employed,Government,30,1,1,1.0,1,1,1,26-35,Married,21.0,1.0,Bachelors,0,2,2,2,2.0,0,38,500,2,4,0
23000.0,83.0,0.0,Low,1,<100%,1,0,1.0,1.0,1.0,48,48,Employed,Private,34,2,1,1.0,1,1,1,26-35,Married,16.0,1.0,HS_diploma,0,2,2,2,2.0,0,38,400,2,4,1
2000.0,83.0,200.0,Very_Low,3,<100%,1,1,3.0,6.0,1.0,62,07,Unemployed,Self_employed,35,1,1,1.0,1,1,1,26-35,Married,16.0,1.0,HS_diploma,0,1,2,2,1.0,1,38,400,2,4,1
70000.0,451.0,0.0,High,1,>400%,1,0,1.0,3.0,1.0,10,78,Employed,Government,45,1,5,1.0,1,1,1,36-45,Never_married,16.0,1.0,HS_diploma,0,2,2,2,2.0,0,38,400,2,4,0
49900.0,322.0,0.0,Medium,1,200-400%,1,0,1.0,1.0,1.0,77,23,Employed,Private,36,2,3,1.0,1,1,1,36-45,Divorced_Separated,17.0,1.0,HS_diploma,0,2,2,2,2.0,0,38,400,2,4,0
39400.0,375.0,0.0,Medium,1,200-400%,1,0,1.0,1.0,1.0,39,76,Employed,Private,59,1,1,1.0,1,1,1,56-65,Married,16.0,1.0,HS_diploma,0,2,2,2,2.0,0,38,300,2,4,0
36900.0,375.0,0.0,Medium,1,200-400%,1,0,1.0,1.0,1.0,34,81,Employed,Private,58,2,1,1.0,1,1,1,56-65,Married,17.0,1.0,HS_diploma,0,2,2,2,2.0,0,38,300,2,4,0
90000.0,501.0,0.0,Very_High,1,>400%,1,0,1.0,1.0,1.0,14,07,Employed,Private,44,1,1,1.0,1,1,1,36-45,Married,17.0,1.0,HS_diploma,0,2,2,2,2.0,0,38,100,2,4,0
60000.0,501.0,0.0,High,1,>400%,1,0,1.0,1.0,1.0,58,07,Employed,Private,45,2,1,1.0,1,1,1,36-45,Married,16.0,1.0,HS_diploma,0,2,2,2,2.0,0,38,100,2,4,0
18000.0,360.0,0.0,Low,4,200-400%,1,0,1.0,4.0,1.0,24,85,Employed,Government,65,2,1,1.0,1,1,1,56-65,Married,20.0,1.0,Some_college,0,2,2,2,2.0,0,38,400,2,4,0
72000.0,501.0,0.0,High,2,>400%,1,0,1.0,1.0,1.0,72,32,Employed,Private,64,1,1,1.0,1,1,1,56-65,Married,20.0,1.0,Some_college,0,2,2,2,2.0,0,38,400,2,4,0
60000.0,385.0,0.0,High,2,200-400%,1,0,1.0,1.0,1.0,62,07,Employed,Private,54,1,5,1.0,1,8,1,46-55,Never_married,18.0,1.0,Some_college,0,2,2,2,2.0,0,38,600,2,4,0
39000.0,257.0,0.0,Medium,2,200-400%,1,0,6.0,1.0,1.0,63,07,Not_in_labor_force,Private,61,1,2,1.0,1,1,1,56-65,Divorced_Separated,16.0,1.0,HS_diploma,0,2,2,2,2.0,0,38,500,2,4,0
104000.0,231.0,0.0,Very_High,1,200-400%,1,0,1.0,1.0,1.0,08,07,Employed,Private,34,1,1,1.0,1,8,1,26-35,Married,21.0,2.0,Bachelors,1,2,2,2,2.0,0,38,500,2,4,0
0.0,231.0,0.0,,0,200-400%,0,0,6.0,1.0,3.0,42,69,Not_in_labor_force,Private,32,2,1,1.0,1,8,1,26-35,Married,24.0,1.0,Graduate,0,2,2,2,2.0,0,38,500,2,4,0
14000.0,90.0,0.0,Very_Low,1,<100%,1,0,1.0,1.0,1.0,49,70,Employed,Private,20,2,5,1.0,1,1,1,18-25,Never_married,20.0,1.0,Some_college,0,2,2,2,2.0,0,38,500,2,4,0
19800.0,127.0,0.0,Low,1,100-138%,1,0,1.0,1.0,1.0,42,76,Employed,Private,21,2,5,1.0,1,8,2,18-25,Never_married,16.0,1.0,HS_diploma,0,2,2,2,2.0,0,38,500,2,4,1
48000.0,307.0,0.0,Medium,1,200-400%,1,0,1.0,1.0,1.0,32,81,Employed,Private,40,1,3,1.0,2,2,1,36-45,Divorced_Separated,20.0,3.0,Some_college,1,2,2,2,2.0,0,38,600,2,4,0
55000.0,360.0,0.0,High,2,200-400%,1,0,1.0,1.0,1.0,32,81,Employed,Private,22,2,5,1.0,1,1,1,18-25,Never_married,21.0,2.0,Bachelors,1,2,2,2,2.0,0,38,600,2,4,0
60000.0,501.0,0.0,High,1,>400%,1,0,1.0,7.0,1.0,04,77,Employed,Self_employed,54,2,1,1.0,1,1,1,46-55,Married,20.0,1.0,Some_college,0,2,2,2,2.0,0,38,400,2,4,0
100000.0,501.0,12000.0,Very_High,2,>400%,1,1,1.0,5.0,1.0,55,63,Employed,Government,55,1,1,1.0,1,1,1,46-55,Married,20.0,1.0,Some_college,0,2,2,2,2.0,0,38,400,2,4,0
70000.0,501.0,0.0,High,1,>400%,1,0,1.0,1.0,1.0,60,01,Employed,Private,20,1,5,1.0,1,1,1,18-25,Never_married,15.0,1.0,Less_than_HS,0,2,2,2,2.0,0,38,400,2,4,0
0.0,353.0,21000.0,,2,200-400%,0,1,1.0,6.0,1.0,02,01,Employed,Self_employed,52,1,1,1.0,1,1,1,46-55,Married,21.0,1.0,Bachelors,0,2,2,2,2.0,0,38,400,2,4,0
0.0,353.0,7000.0,,2,200-400%,0,1,1.0,6.0,1.0,02,01,Employed,Self_employed,38,2,1,1.0,1,1,1,36-45,Married,20.0,1.0,Some_college,0,2,2,2,2.0,0,38,400,2,4,0
35400.0,173.0,0.0,Medium,1,138-200%,1,0,1.0,1.0,1.0,51,68,Employed,Private,35,2,4,3.0,1,1,1,26-35,Divorced_Separated,16.0,1.0,HS_diploma,0,2,2,2,2.0,0,38,100,2,4,0
35000.0,229.0,0.0,Medium,1,200-400%,1,0,1.0,1.0,1.0,40,86,Employed,Private,26,1,5,1.0,1,1,1,26-35,Never_married,14.0,1.0,Less_than_HS,0,2,2,2,2.0,0,38,500,2,4,0
0.0,218.0,50000.0,,1,200-400%,0,1,1.0,6.0,1.0,02,01,Employed,Self_employed,33,1,1,1.0,1,1,1,26-35,Married,21.0,1.0,Bachelors,0,2,2,2,2.0,0,38,400,2,4,0
36000.0,218.0,0.0,Medium,1,200-400%,1,0,1.0,4.0,1.0,23,78,Employed,Government,29,2,1,1.0,1,1,1,26-35,Married,21.0,1.0,Bachelors,0,2,2,2,2.0,0,38,400,2,4,0
56000.0,376.0,0.0,High,1,200-400%,1,0,4.0,5.0,1.0,98,96,Not_in_labor_force,Government,27,1,1,1.0,1,1,1,26-35,Married,19.0,1.0,Some_college,0,2,2,2,2.0,0,38,200,2,4,0
20000.0,376.0,0.0,Low,1,200-400%,1,0,1.0,1.0,1.0,25,75,Employed,Private,25,2,1,1.0,1,1,1,18-25,Married,21.0,1.0,Bachelors,0,2,2,2,2.0,0,38,200,2,4,0
28000.0,70.0,0.0,Low,2,<100%,1,0,1.0,3.0,1.0,52,93,Employed,Government,59,2,3,1.0,1,3,1,56-65,Divorced_Separated,20.0,1.0,Some_college,0,2,2,2,2.0,0,38,100,2,4,0
0.0,70.0,0.0,,1,<100%,0,0,3.0,2.0,2.0,45,89,Unemployed,Private,38,2,5,1.0,1,3,1,36-45,Never_married,16.0,1.0,HS_diploma,0,2,2,2,2.0,0,38,100,2,4,1
28000.0,427.0,0.0,Low,1,>400%,1,0,1.0,1.0,1.0,58,69,Employed,Private,60,2,1,1.0,1,1,1,56-65,Married,21.0,1.0,Bachelors,0,2,2,2,2.0,0,38,400,2,4,0
100000.0,427.0,0.0,Very_High,1,>400%,1,0,1.0,1.0,1.0,23,30,Employed,Private,49,1,1,1.0,1,1,1,46-55,Married,21.0,1.0,Bachelors,0,2,2,2,2.0,0,38,400,2,4,0
6000.0,427.0,0.0,Very_Low,1,>400%,1,0,1.0,1.0,1.0,52,48,Employed,Private,20,1,5,1.0,1,1,1,18-25,Never_married,19.0,2.0,Some_college,1,2,2,2,2.0,0,38,400,2,4,0
135000.0,501.0,0.0,Very_High,1,>400%,1,0,1.0,1.0,1.0,67,04,Employed,Private,63,1,3,1.0,1,3,1,56-65,Divorced_Separated,16.0,1.0,HS_diploma,0,2,2,2,2.0,0,38,100,2,4,0
700.0,501.0,0.0,Very_Low,1,>400%,1,0,3.0,1.0,1.0,68,04,Unemployed,Private,21,1,1,1.0,1,1,1,18-25,Married,14.0,1.0,Less_than_HS,0,2,2,2,2.0,0,38,100,2,4,0
70000.0,501.0,0.0,High,2,>400%,1,0,1.0,1.0,1.0,22,78,Employed,Private,64,2,2,1.0,2,5,1,56-65,Divorced_Separated,24.0,1.0,Graduate,0,2,2,2,2.0,0,38,400,2,4,0
42100.0,501.0,0.0,Medium,2,>400%,1,0,1.0,1.0,1.0,54,81,Employed,Private,44,2,2,1.0,1,3,1,36-45,Divorced_Separated,19.0,1.0,Some_college,0,2,2,2,2.0,0,38,400,2,4,0
0.0,501.0,0.0,,0,>400%,0,0,6.0,1.0,2.0,36,82,Not_in_labor_force,Private,19,2,5,1.0,1,3,1,18-25,Never_married,18.0,2.0,Some_college,1,2,2,2,2.0,0,38,400,2,4,0
35000.0,501.0,0.0,Medium,1,>400%,1,0,3.0,1.0,1.0,63,07,Unemployed,Private,29,1,5,1.0,1,3,1,26-35,Never_married,15.0,1.0,Less_than_HS,0,1,2,2,1.0,1,38,400,2,4,1
32700.0,356.0,0.0,Medium,1,200-400%,1,0,1.0,1.0,1.0,47,51,Employed,Private,26,2,1,1.0,1,1,1,26-35,Married,16.0,1.0,HS_diploma,0,2,2,2,2.0,0,38,200,2,4,0
76000.0,356.0,0.0,Very_High,1,200-400%,1,0,1.0,1.0,1.0,72,87,Employed,Private,28,1,1,1.0,1,1,1,26-35,Married,17.0,1.0,HS_diploma,0,2,2,2,2.0,0,38,200,2,4,0
0.0,501.0,0.0,,1,>400%,0,0,6.0,1.0,2.0,70,87,Not_in_labor_force,Private,43,1,1,1.0,1,1,1,36-45,Married,19.0,1.0,Some_college,0,1,1,2,2.0,1,38,600,2,4,0
135000.0,501.0,0.0,Very_High,1,>400%,1,0,1.0,1.0,1.0,11,72,Employed,Private,37,2,1,1.0,2,6,1,36-45,Married,22.0,1.0,Graduate,0,2,2,2,2.0,0,38,600,2,4,0
0.0,208.0,50000.0,,1,200-400%,0,1,1.0,6.0,1.0,08,72,Employed,Self_employed,45,2,3,1.0,1,1,1,36-45,Divorced_Separated,21.0,1.0,Bachelors,0,2,2,2,2.0,0,38,600,2,4,0
70000.0,451.0,0.0,High,1,>400%,1,0,1.0,1.0,1.0,70,66,Employed,Private,35,1,5,3.0,1,1,1,26-35,Never_married,20.0,1.0,Some_college,0,2,2,2,2.0,0,38,600,2,4,0
55000.0,501.0,0.0,High,1,>400%,1,0,1.0,3.0,1.0,23,78,Employed,Government,53,2,1,1.0,1,1,1,46-55,Married,21.0,1.0,Bachelors,0,2,2,2,2.0,0,38,200,2,4,0
58000.0,501.0,14000.0,High,3,>400%,1,1,1.0,3.0,1.0,23,78,Employed,Government,56,1,1,1.0,1,1,1,56-65,Married,21.0,1.0,Bachelors,0,2,2,2,2.0,0,38,200,2,4,0
60000.0,501.0,0.0,High,1,>400%,1,0,1.0,4.0,1.0,22,78,Employed,Government,35,2,1,1.0,1,1,1,26-35,Married,22.0,1.0,Graduate,0,2,2,2,2.0,0,38,100,2,4,0
28000.0,177.0,0.0,Low,1,138-200%,1,0,1.0,3.0,1.0,60,01,Employed,Government,51,1,5,1.0,1,5,1,46-55,Never_married,20.0,1.0,Some_college,0,2,2,2,2.0,0,38,200,2,4,0
0.0,238.0,25000.0,,1,200-400%,0,1,1.0,6.0,1.0,02,01,Employed,Self_employed,61,1,3,1.0,1,1,1,56-65,Divorced_Separated,19.0,1.0,Some_college,0,2,2,2,2.0,0,38,500,2,4,0
140000.0,501.0,0.0,Very_High,1,>400%,1,0,1.0,5.0,1.0,62,07,Employed,Government,42,1,5,3.0,1,1,1,36-45,Never_married,21.0,1.0,Bachelors,0,2,2,2,2.0,0,38,300,2,4,0
64000.0,501.0,0.0,High,1,>400%,1,0,1.0,7.0,1.0,60,01,Employed,Self_employed,59,1,1,1.0,1,1,1,56-65,Married,16.0,1.0,HS_diploma,0,2,2,2,2.0,0,38,500,2,4,0
24000.0,501.0,0.0,Low,1,>400%,1,0,1.0,4.0,1.0,57,78,Employed,Government,61,2,1,1.0,1,1,1,56-65,Married,19.0,1.0,Some_college,0,2,2,2,2.0,0,38,500,2,4,0
38000.0,501.0,0.0,Medium,1,>400%,1,0,1.0,1.0,1.0,47,51,Employed,Private,30,1,5,3.0,1,1,1,26-35,Never_married,19.0,1.0,Some_college,0,2,2,2,2.0,0,38,500,2,4,0
34000.0,140.0,0.0,Medium,1,138-200%,1,0,1.0,3.0,1.0,05,93,Employed,Government,43,2,3,1.0,1,3,1,36-45,Divorced_Separated,18.0,1.0,Some_college,0,2,2,2,2.0,0,38,100,2,4,0
50000.0,319.0,0.0,Medium,1,200-400%,1,0,1.0,1.0,1.0,73,85,Employed,Private,42,1,3,3.0,1,3,1,36-45,Divorced_Separated,20.0,1.0,Some_college,0,2,2,2,2.0,0,38,100,2,4,0
0.0,140.0,0.0,,0,138-200%,0,0,6.0,1.0,2.0,45,85,Not_in_labor_force,Private,40,1,3,1.0,1,3,1,36-45,Divorced_Separated,13.0,1.0,Less_than_HS,0,2,2,2,2.0,0,38,100,2,4,1
90000.0,378.0,0.0,Very_High,1,200-400%,1,0,1.0,1.0,1.0,11,73,Employed,Private,40,1,5,3.0,1,9,1,36-45,Never_married,19.0,1.0,Some_college,0,2,2,2,2.0,0,38,100,2,4,0
0.0,317.0,50000.0,,1,200-400%,0,1,1.0,6.0,1.0,07,73,Employed,Self_employed,33,2,5,3.0,1,1,1,26-35,Never_married,16.0,1.0,HS_diploma,0,2,2,2,2.0,0,38,100,2,4,0
55000.0,361.0,0.0,High,1,200-400%,1,0,1.0,1.0,1.0,01,62,Employed,Private,42,1,1,1.0,1,1,1,36-45,Married,19.0,1.0,Some_college,0,1,2,2,2.0,1,38,500,2,4,0
46000.0,295.0,0.0,Medium,1,200-400%,1,0,1.0,1.0,1.0,08,69,Employed,Private,64,2,2,1.0,1,1,1,56-65,Divorced_Separated,16.0,1.0,HS_diploma,0,2,2,2,2.0,0,38,400,2,4,0
26400.0,418.0,0.0,Low,4,>400%,1,0,1.0,5.0,1.0,07,93,Employed,Government,55,2,2,3.0,1,5,1,46-55,Divorced_Separated,19.0,1.0,Some_college,0,2,2,2,2.0,0,38,200,2,4,0
5000.0,501.0,0.0,Very_Low,1,>400%,1,0,1.0,5.0,1.0,32,81,Employed,Government,36,2,1,1.0,1,1,1,36-45,Married,20.0,1.0,Some_college,0,2,2,2,2.0,0,38,600,2,4,0
85000.0,247.0,0.0,Very_High,1,200-400%,1,0,1.0,2.0,1.0,68,03,Employed,Private,38,1,5,1.0,1,3,1,36-45,Never_married,15.0,1.0,Less_than_HS,0,2,2,2,2.0,0,38,100,2,4,0
24400.0,160.0,0.0,Low,1,138-200%,1,0,2.0,2.0,1.0,42,86,Employed,Private,32,2,5,1.0,1,3,1,26-35,Never_married,18.0,1.0,Some_college,0,2,2,2,2.0,0,38,100,2,4,1
0.0,167.0,0.0,,1,138-200%,0,0,6.0,1.0,3.0,42,69,Not_in_labor_force,Private,26,2,1,1.0,1,1,7,26-35,Married,16.0,1.0,HS_diploma,0,2,2,2,2.0,0,38,400,2,4,1
0.0,167.0,50000.0,,1,138-200%,0,1,1.0,6.0,1.0,02,01,Employed,Self_employed,28,1,1,1.0,2,1,7,26-35,Married,1.0,1.0,Less_than_HS,0,2,2,2,2.0,0,38,400,2,4,0
85000.0,501.0,0.0,Very_High,1,>400%,1,0,1.0,1.0,1.0,73,10,Employed,Private,40,1,5,1.0,1,1,1,36-45,Never_married,19.0,1.0,Some_college,0,2,2,2,2.0,0,38,500,2,4,0
49900.0,327.0,0.0,Medium,1,200-400%,1,0,1.0,4.0,1.0,06,94,Employed,Government,40,2,5,1.0,1,1,1,36-45,Never_married,20.0,1.0,Some_college,0,2,2,2,2.0,0,38,500,2,4,0
30000.0,125.0,0.0,Low,1,100-138%,1,0,1.0,1.0,1.0,48,45,Employed,Private,31,2,5,1.0,1,9,1,26-35,Never_married,21.0,1.0,Bachelors,0,2,2,2,2.0,0,38,600,2,4,0
80000.0,289.0,0.0,Very_High,1,200-400%,1,0,1.0,1.0,1.0,60,01,Employed,Private,36,1,1,1.0,1,1,1,36-45,Married,19.0,1.0,Some_college,0,2,2,2,2.0,0,38,400,2,4,0
25000.0,289.0,0.0,Low,1,200-400%,1,0,1.0,7.0,1.0,46,84,Employed,Self_employed,36,2,1,1.0,1,1,1,36-45,Married,20.0,1.0,Some_college,0,2,2,2,2.0,0,38,400,2,4,0
0.0,83.0,0.0,,1,<100%,0,0,6.0,1.0,3.0,42,69,Not_in_labor_force,Private,33,2,5,1.0,1,9,2,26-35,Never_married,18.0,1.0,Some_college,0,1,1,2,2.0,1,38,200,2,4,1
48000.0,256.0,0.0,Medium,1,200-400%,1,0,1.0,1.0,1.0,51,68,Employed,Private,36,2,1,3.0,1,1,1,36-45,Married,21.0,1.0,Bachelors,0,2,2,2,2.0,0,38,400,2,4,0
30000.0,256.0,0.0,Low,1,200-400%,1,0,1.0,1.0,1.0,26,73,Employed,Private,33,1,1,3.0,1,1,1,26-35,Married,21.0,1.0,Bachelors,0,2,2,2,2.0,0,38,400,2,4,0
35900.0,259.0,5000.0,Medium,2,200-400%,1,1,1.0,1.0,1.0,03,86,Employed,Private,42,2,3,1.0,1,1,1,36-45,Divorced_Separated,22.0,1.0,Graduate,0,1,2,2,2.0,1,38,200,2,4,0
55000.0,348.0,0.0,High,1,200-400%,1,0,1.0,1.0,1.0,91,40,Employed,Private,42,1,3,1.0,1,1,1,36-45,Divorced_Separated,13.0,1.0,Less_than_HS,0,2,2,2,2.0,0,38,200,2,4,0
55000.0,501.0,0.0,High,1,>400%,1,0,1.0,2.0,1.0,20,91,Employed,Private,45,2,1,1.0,1,1,1,36-45,Married,22.0,1.0,Graduate,0,2,2,2,2.0,0,38,100,2,4,0
150000.0,501.0,5000.0,Very_High,2,>400%,1,1,1.0,4.0,1.0,00,78,Employed,Government,46,1,1,1.0,1,1,1,46-55,Married,24.0,1.0,Graduate,0,2,2,2,2.0,0,38,100,2,4,0
109000.0,501.0,0.0,Very_High,1,>400%,1,0,1.0,4.0,1.0,04,78,Employed,Government,44,2,1,1.0,1,1,1,36-45,Married,22.0,1.0,Graduate,0,2,2,2,2.0,0,38,400,2,4,0
90000.0,501.0,0.0,Very_High,1,>400%,1,0,1.0,1.0,1.0,91,61,Employed,Private,54,1,1,1.0,1,1,1,46-55,Married,16.0,1.0,HS_diploma,0,2,2,2,2.0,0,38,400,2,4,0
0.0,8.0,1400.0,,1,<100%,0,1,1.0,6.0,1.0,30,50,Employed,Self_employed,24,1,5,1.0,1,1,1,18-25,Never_married,21.0,2.0,Bachelors,1,2,2,2,2.0,0,38,600,2,4,0
0.0,189.0,30000.0,,1,138-200%,0,1,1.0,6.0,1.0,42,77,Employed,Self_employed,24,1,5,1.0,1,1,1,18-25,Never_married,19.0,1.0,Some_college,0,2,2,2,2.0,0,38,600,2,4,0
4.0,0.0,4.0,Very_Low,2,,1,1,1.0,6.0,1.0,13,01,Employed,Self_employed,53,1,1,1.0,1,1,1,46-55,Married,19.0,1.0,Some_college,0,2,2,2,2.0,0,38,200,2,4,0
4.0,0.0,4.0,Very_Low,2,,1,1,1.0,6.0,1.0,02,01,Employed,Self_employed,60,2,1,1.0,1,1,1,56-65,Married,19.0,1.0,Some_college,0,2,2,2,2.0,0,38,200,2,4,0
60000.0,397.0,0.0,High,1,200-400%,1,0,1.0,3.0,1.0,23,78,Employed,Government,43,2,1,1.0,1,1,1,36-45,Married,22.0,2.0,Graduate,1,2,2,2,2.0,0,38,600,2,4,0
80000.0,397.0,0.0,Very_High,1,200-400%,1,0,1.0,3.0,1.0,23,78,Employed,Government,44,1,1,1.0,1,1,1,36-45,Married,22.0,2.0,Graduate,1,2,2,2,2.0,0,38,600,2,4,0
32000.0,327.0,0.0,Medium,1,200-400%,1,0,4.0,5.0,1.0,32,96,Not_in_labor_force,Government,37,2,1,1.0,1,8,2,36-45,Married,20.0,1.0,Some_college,0,2,2,2,2.0,0,38,500,2,4,0
0.0,327.0,0.0,,1,200-400%,0,0,6.0,1.0,3.0,42,69,Not_in_labor_force,Private,39,1,1,1.0,1,1,1,36-45,Married,16.0,1.0,HS_diploma,0,2,2,2,2.0,0,38,500,2,4,0
100000.0,501.0,1000.0,Very_High,2,>400%,1,1,1.0,1.0,1.0,00,76,Employed,Private,47,1,1,3.0,1,1,1,46-55,Married,20.0,1.0,Some_college,0,2,2,2,2.0,0,38,600,2,4,0
0.0,501.0,0.0,,0,>400%,0,0,6.0,7.0,2.0,36,70,Not_in_labor_force,Self_employed,45,2,1,3.0,1,1,1,36-45,Married,21.0,1.0,Bachelors,0,2,2,2,2.0,0,38,600,2,4,0
14000.0,501.0,0.0,Very_Low,1,>400%,1,0,1.0,5.0,1.0,82,16,Employed,Government,23,2,5,3.0,1,1,1,18-25,Never_married,21.0,1.0,Bachelors,0,2,2,2,2.0,0,38,600,2,4,0
25000.0,160.0,0.0,Low,1,138-200%,1,0,2.0,2.0,1.0,27,85,Employed,Private,23,2,5,3.0,1,1,1,18-25,Never_married,19.0,2.0,Some_college,1,1,2,2,2.0,1,38,600,2,4,0
38000.0,249.0,0.0,Medium,1,200-400%,1,0,1.0,4.0,1.0,23,94,Employed,Government,38,2,1,1.0,1,9,1,36-45,Married,22.0,1.0,Graduate,0,2,2,2,2.0,0,38,400,2,4,0
50000.0,249.0,0.0,Medium,1,200-400%,1,0,1.0,4.0,1.0,38,94,Employed,Government,41,1,1,1.0,1,9,1,36-45,Married,21.0,1.0,Bachelors,0,2,2,2,2.0,0,38,400,2,4,0
0.0,501.0,100000.0,,1,>400%,0,1,1.0,6.0,1.0,02,01,Employed,Self_employed,31,1,5,1.0,1,1,1,26-35,Never_married,20.0,1.0,Some_college,0,2,2,2,2.0,0,38,400,2,4,1
35000.0,501.0,0.0,Medium,1,>400%,1,0,1.0,3.0,1.0,23,78,Employed,Government,33,2,5,1.0,1,1,1,26-35,Never_married,21.0,1.0,Bachelors,0,2,2,2,2.0,0,38,600,2,4,0
5000.0,501.0,0.0,Very_Low,1,>400%,1,0,1.0,2.0,1.0,46,85,Employed,Private,47,2,1,1.0,1,1,1,46-55,Married,21.0,1.0,Bachelors,0,2,2,2,2.0,0,38,600,2,4,0
12000.0,501.0,0.0,Very_Low,1,>400%,1,0,1.0,1.0,1.0,40,86,Employed,Private,19,1,5,1.0,1,1,1,18-25,Never_married,16.0,2.0,HS_diploma,1,2,2,2,2.0,0,38,600,2,4,0
0.0,402.0,0.0,,0,>400%,0,0,6.0,1.0,2.0,54,80,Not_in_labor_force,Private,63,2,1,1.0,1,1,1,56-65,Married,1.0,1.0,Less_than_HS,0,2,2,2,2.0,0,38,600,2,4,0
80000.0,402.0,0.0,Very_High,1,>400%,1,0,1.0,1.0,1.0,77,07,Employed,Private,61,1,1,1.0,1,3,1,56-65,Married,17.0,1.0,HS_diploma,0,2,2,2,2.0,0,38,600,2,4,0
0.0,501.0,3000.0,,2,>400%,0,1,1.0,6.0,1.0,02,01,Employed,Self_employed,30,1,5,1.0,1,1,1,26-35,Never_married,21.0,1.0,Bachelors,0,2,2,2,2.0,0,38,600,2,4,0
72000.0,501.0,0.0,High,1,>400%,1,0,1.0,2.0,1.0,32,81,Employed,Private,26,2,5,3.0,1,1,1,26-35,Never_married,21.0,1.0,Bachelors,0,1,2,2,2.0,1,38,600,2,4,0
52000.0,331.0,0.0,High,1,200-400%,1,0,1.0,7.0,1.0,48,41,Employed,Self_employed,23,1,5,1.0,1,1,1,18-25,Never_married,21.0,1.0,Bachelors,0,2,2,2,2.0,0,38,600,2,4,0
19400.0,124.0,0.0,Low,1,100-138%,1,0,1.0,2.0,1.0,04,85,Employed,Private,40,1,5,1.0,1,1,1,36-45,Never_married,22.0,1.0,Graduate,0,2,2,2,2.0,0,38,400,2,4,0
120000.0,501.0,0.0,Very_High,1,>400%,1,0,1.0,1.0,1.0,71,72,Employed,Private,26,1,5,1.0,1,1,1,26-35,Never_married,20.0,1.0,Some_college,0,2,2,2,2.0,0,38,500,2,4,0
50000.0,319.0,0.0,Medium,1,200-400%,1,0,1.0,1.0,1.0,35,81,Employed,Private,63,1,2,1.0,1,1,1,56-65,Divorced_Separated,19.0,1.0,Some_college,0,2,2,2,2.0,0,38,200,2,4,0
7000.0,45.0,0.0,Very_Low,1,<100%,1,0,1.0,8.0,1.0,62,70,Employed,Unpaid,26,1,5,1.0,1,1,1,26-35,Never_married,18.0,1.0,Some_college,0,2,2,2,2.0,0,38,500,2,4,0
48000.0,296.0,0.0,Medium,1,200-400%,1,0,1.0,1.0,1.0,16,81,Employed,Private,37,1,1,3.0,1,2,1,36-45,Married,20.0,1.0,Some_college,0,2,2,2,2.0,0,38,400,2,4,0
24000.0,296.0,0.0,Low,1,200-400%,1,0,1.0,1.0,1.0,91,63,Employed,Private,34,2,1,3.0,2,2,1,26-35,Married,16.0,1.0,HS_diploma,0,2,2,2,2.0,0,38,400,2,4,0
76000.0,501.0,0.0,Very_High,2,>400%,1,0,1.0,2.0,1.0,07,91,Employed,Private,62,2,1,1.0,1,1,1,56-65,Married,16.0,1.0,HS_diploma,0,2,2,2,2.0,0,38,300,2,4,0
100000.0,501.0,5000.0,Very_High,2,>400%,1,1,1.0,1.0,1.0,32,81,Employed,Private,35,2,5,1.0,1,1,1,26-35,Never_married,17.0,1.0,HS_diploma,0,2,2,2,2.0,0,38,300,2,4,0
100000.0,501.0,0.0,Very_High,1,>400%,1,0,1.0,3.0,1.0,01,93,Employed,Government,62,1,1,1.0,1,1,1,56-65,Married,18.0,1.0,Some_college,0,2,2,2,2.0,0,38,200,2,4,0
53000.0,501.0,0.0,High,1,>400%,1,0,1.0,3.0,1.0,58,95,Employed,Government,63,2,1,1.0,1,1,1,56-65,Married,19.0,1.0,Some_college,0,2,2,2,2.0,0,38,200,2,4,0
50000.0,322.0,0.0,Medium,1,200-400%,1,0,1.0,1.0,1.0,81,26,Employed,Private,52,1,5,1.0,1,1,1,46-55,Never_married,18.0,1.0,Some_college,0,2,2,2,2.0,0,38,600,2,4,0
75000.0,339.0,0.0,High,1,200-400%,1,0,1.0,1.0,1.0,47,56,Employed,Private,52,1,1,1.0,1,1,1,46-55,Married,21.0,1.0,Bachelors,0,2,2,2,2.0,0,38,400,2,4,0
0.0,339.0,30000.0,,1,200-400%,0,1,1.0,6.0,1.0,36,89,Employed,Self_employed,48,2,1,1.0,1,1,1,46-55,Married,1.0,1.0,Less_than_HS,0,2,2,2,2.0,0,38,400,2,4,0
0.0,339.0,0.0,,0,200-400%,0,0,6.0,1.0,3.0,42,69,Not_in_labor_force,Private,18,1,5,1.0,1,1,1,18-25,Never_married,16.0,2.0,HS_diploma,1,2,2,2,2.0,0,38,400,2,4,0
60000.0,307.0,0.0,High,2,200-400%,1,0,1.0,1.0,1.0,08,68,Employed,Private,33,2,3,1.0,1,1,1,26-35,Divorced_Separated,21.0,1.0,Bachelors,0,2,2,2,2.0,0,38,200,2,4,0
0.0,501.0,0.0,,2,>400%,0,0,6.0,1.0,3.0,42,69,Not_in_labor_force,Private,62,1,5,3.0,1,1,1,56-65,Never_married,12.0,1.0,Less_than_HS,0,1,2,1,1.0,1,38,300,2,4,1
109000.0,501.0,0.0,Very_High,1,>400%,1,0,1.0,1.0,1.0,06,05,Employed,Private,44,2,1,1.0,1,1,1,36-45,Married,22.0,1.0,Graduate,0,1,2,1,2.0,1,38,200,2,4,0
120000.0,501.0,0.0,Very_High,1,>400%,1,0,1.0,1.0,1.0,10,05,Employed,Private,54,1,1,1.0,1,1,1,46-55,Married,21.0,1.0,Bachelors,0,1,2,1,2.0,1,38,200,2,4,0
115000.0,501.0,0.0,Very_High,1,>400%,1,0,1.0,1.0,1.0,32,81,Employed,Private,36,2,1,1.0,1,1,1,36-45,Married,21.0,1.0,Bachelors,0,2,2,2,2.0,0,38,300,2,4,0
25000.0,241.0,5000.0,Low,2,200-400%,1,1,1.0,4.0,1.0,91,82,Employed,Government,51,2,1,1.0,1,1,1,46-55,Married,18.0,1.0,Some_college,0,1,1,2,2.0,1,38,400,2,4,0
18000.0,241.0,0.0,Low,1,200-400%,1,0,1.0,2.0,1.0,02,01,Employed,Private,50,1,1,1.0,1,1,1,46-55,Married,18.0,1.0,Some_college,0,2,2,2,2.0,0,38,400,2,4,0
65000.0,501.0,50000.0,High,3,>400%,1,1,1.0,7.0,1.0,47,49,Employed,Self_employed,55,2,1,1.0,1,1,1,46-55,Married,21.0,1.0,Bachelors,0,2,2,2,2.0,0,38,100,2,4,0
120000.0,501.0,50000.0,Very_High,2,>400%,1,1,1.0,7.0,1.0,78,11,Employed,Self_employed,55,1,1,1.0,1,1,1,46-55,Married,20.0,1.0,Some_college,0,2,2,2,2.0,0,38,100,2,4,0
45000.0,501.0,0.0,Medium,1,>400%,1,0,1.0,2.0,1.0,20,78,Employed,Private,41,2,1,1.0,1,1,1,36-45,Married,22.0,1.0,Graduate,0,2,2,2,2.0,0,38,400,2,4,0
60000.0,501.0,0.0,High,1,>400%,1,0,1.0,2.0,1.0,02,78,Employed,Private,43,1,1,1.0,1,1,1,36-45,Married,21.0,1.0,Bachelors,0,2,2,2,2.0,0,38,400,2,4,0
0.0,352.0,50000.0,,1,200-400%,0,1,1.0,6.0,1.0,01,69,Employed,Self_employed,50,1,1,1.0,1,1,1,46-55,Married,18.0,1.0,Some_college,0,2,2,2,2.0,0,38,200,2,4,0
0.0,352.0,0.0,,1,200-400%,0,0,6.0,1.0,3.0,42,69,Not_in_labor_force,Private,45,2,1,1.0,1,9,1,36-45,Married,16.0,1.0,HS_diploma,0,2,2,2,2.0,0,38,200,2,4,0
10000.0,352.0,0.0,Very_Low,1,200-400%,1,0,1.0,1.0,1.0,41,86,Employed,Private,20,2,5,1.0,1,9,1,18-25,Never_married,19.0,1.0,Some_college,0,2,2,2,2.0,0,38,200,2,4,0
0.0,352.0,0.0,,0,200-400%,0,0,6.0,1.0,2.0,41,86,Not_in_labor_force,Private,18,2,5,1.0,1,9,1,18-25,Never_married,19.0,2.0,Some_college,1,2,2,2,2.0,0,38,200,2,4,0
65000.0,322.0,0.0,High,1,200-400%,1,0,1.0,1.0,1.0,10,69,Employed,Private,32,1,1,1.0,1,1,1,26-35,Married,19.0,1.0,Some_college,0,2,2,2,2.0,0,38,600,2,4,0
0.0,322.0,0.0,,0,200-400%,0,0,6.0,1.0,2.0,05,69,Not_in_labor_force,Private,29,2,1,1.0,1,1,1,26-35,Married,19.0,1.0,Some_college,0,2,2,2,2.0,0,38,600,2,4,0
117000.0,496.0,0.0,Very_High,3,>400%,1,0,1.0,5.0,1.0,20,81,Employed,Government,40,2,5,1.0,1,3,1,36-45,Never_married,21.0,1.0,Bachelors,0,2,2,2,2.0,0,38,100,2,4,0
90000.0,501.0,0.0,Very_High,1,>400%,1,0,1.0,1.0,1.0,19,01,Employed,Private,27,1,5,1.0,1,1,1,26-35,Never_married,20.0,1.0,Some_college,0,2,2,2,2.0,0,38,400,2,4,0
50000.0,319.0,0.0,Medium,1,200-400%,1,0,1.0,1.0,1.0,52,30,Employed,Private,35,2,3,3.0,1,1,1,26-35,Divorced_Separated,18.0,1.0,Some_college,0,2,2,2,2.0,0,38,400,2,4,0
0.0,501.0,0.0,,1,>400%,0,0,6.0,1.0,2.0,48,01,Not_in_labor_force,Private,65,1,3,1.0,1,1,1,56-65,Divorced_Separated,16.0,1.0,HS_diploma,0,2,2,2,2.0,0,38,400,2,4,0
22000.0,501.0,0.0,Low,1,>400%,1,0,1.0,1.0,1.0,96,53,Employed,Private,26,2,1,1.0,1,1,1,26-35,Married,20.0,1.0,Some_college,0,2,2,2,2.0,0,38,600,2,4,0
110000.0,501.0,0.0,Very_High,1,>400%,1,0,1.0,1.0,1.0,11,73,Employed,Private,27,1,1,1.0,1,1,1,26-35,Married,21.0,1.0,Bachelors,0,2,2,2,2.0,0,38,600,2,4,0
52000.0,332.0,0.0,High,1,200-400%,1,0,1.0,1.0,1.0,48,66,Employed,Private,56,1,5,1.0,1,1,1,56-65,Never_married,21.0,1.0,Bachelors,0,2,2,2,2.0,0,38,600,2,4,0
35300.0,226.0,0.0,Medium,2,200-400%,1,0,1.0,1.0,1.0,10,49,Employed,Private,61,1,5,3.0,1,1,1,56-65,Never_married,21.0,1.0,Bachelors,0,2,2,2,2.0,0,38,600,2,4,0
11000.0,211.0,0.0,Very_Low,2,200-400%,1,0,6.0,1.0,1.0,60,01,Not_in_labor_force,Private,56,1,3,1.0,1,1,1,56-65,Divorced_Separated,20.0,1.0,Some_college,0,1,1,2,2.0,1,38,500,2,4,0
141000.0,468.0,0.0,Very_High,1,>400%,1,0,1.0,4.0,1.0,00,94,Employed,Government,45,2,3,3.0,1,1,1,36-45,Divorced_Separated,22.0,1.0,Graduate,0,2,2,2,2.0,0,38,300,2,4,0
10800.0,72.0,0.0,Very_Low,1,<100%,1,0,1.0,1.0,1.0,96,49,Employed,Private,39,1,1,1.0,1,1,1,36-45,Married,16.0,1.0,HS_diploma,0,2,2,2,2.0,0,38,600,2,4,0
10800.0,72.0,0.0,Very_Low,1,<100%,1,0,1.0,1.0,1.0,50,75,Employed,Private,42,2,1,1.0,2,9,1,36-45,Married,16.0,1.0,HS_diploma,0,2,2,2,2.0,0,38,600,2,4,0
0.0,501.0,110000.0,,1,>400%,0,1,1.0,6.0,1.0,63,07,Employed,Self_employed,63,1,1,1.0,1,1,1,56-65,Married,20.0,1.0,Some_college,0,2,2,2,2.0,0,38,600,2,4,0
40000.0,501.0,0.0,Medium,1,>400%,1,0,1.0,3.0,1.0,57,78,Employed,Government,61,2,1,1.0,1,1,1,56-65,Married,19.0,1.0,Some_college,0,2,2,2,2.0,0,38,600,2,4,0
0.0,63.0,0.0,,0,<100%,0,0,6.0,1.0,3.0,42,69,Not_in_labor_force,Private,62,2,3,1.0,1,3,1,56-65,Divorced_Separated,17.0,1.0,HS_diploma,0,2,2,2,2.0,0,38,100,2,4,0
0.0,63.0,0.0,,2,<100%,0,0,6.0,1.0,3.0,42,69,Not_in_labor_force,Private,34,1,5,1.0,1,3,1,26-35,Never_married,17.0,1.0,HS_diploma,0,1,2,2,1.0,1,38,100,2,4,1
24000.0,63.0,0.0,Low,2,<100%,1,0,1.0,1.0,1.0,91,63,Employed,Private,32,2,5,1.0,1,3,1,26-35,Never_married,17.0,1.0,HS_diploma,0,2,2,2,2.0,0,38,100,2,4,1
72000.0,501.0,0.0,High,1,>400%,1,0,1.0,1.0,1.0,47,46,Employed,Private,65,1,3,1.0,1,1,1,56-65,Divorced_Separated,16.0,1.0,HS_diploma,0,2,2,2,2.0,0,38,200,2,4,0
65000.0,395.0,0.0,High,1,200-400%,1,0,1.0,3.0,1.0,38,94,Employed,Government,32,1,1,1.0,2,8,11,26-35,Married,18.0,1.0,Some_college,0,2,2,2,2.0,0,38,400,2,4,0
29000.0,395.0,0.0,Low,1,200-400%,1,0,1.0,1.0,1.0,45,89,Employed,Private,33,2,1,1.0,2,8,11,26-35,Married,18.0,1.0,Some_college,0,2,2,2,2.0,0,38,400,2,4,0
42000.0,274.0,0.0,Medium,1,200-400%,1,0,1.0,1.0,1.0,26,32,Employed,Private,30,1,5,1.0,1,1,1,26-35,Never_married,20.0,1.0,Some_college,0,2,2,2,2.0,0,38,500,2,4,0
105000.0,501.0,0.0,Very_High,1,>400%,1,0,1.0,1.0,1.0,73,88,Employed,Private,27,1,5,1.0,1,1,1,26-35,Never_married,20.0,1.0,Some_college,0,2,2,2,2.0,0,38,100,2,4,0
75000.0,371.0,0.0,High,1,200-400%,1,0,1.0,2.0,1.0,04,31,Employed,Private,59,1,3,1.0,1,1,1,56-65,Divorced_Separated,16.0,1.0,HS_diploma,0,2,2,2,2.0,0,38,400,2,4,0
0.0,67.0,0.0,,1,<100%,0,0,6.0,1.0,3.0,42,69,Not_in_labor_force,Private,47,2,5,1.0,1,1,1,46-55,Never_married,16.0,1.0,HS_diploma,0,2,2,2,2.0,0,38,400,2,4,1
65000.0,359.0,0.0,High,1,200-400%,1,0,1.0,1.0,1.0,96,03,Employed,Private,40,1,1,1.0,1,1,1,36-45,Married,19.0,1.0,Some_college,0,1,2,1,2.0,1,38,400,2,4,0
65000.0,359.0,0.0,High,1,200-400%,1,0,1.0,1.0,1.0,23,78,Employed,Private,33,2,1,1.0,1,1,1,26-35,Married,20.0,1.0,Some_college,0,2,2,2,2.0,0,38,400,2,4,0
44000.0,501.0,0.0,Medium,1,>400%,1,0,1.0,4.0,1.0,40,78,Employed,Government,65,2,1,1.0,1,1,1,56-65,Married,17.0,1.0,HS_diploma,0,2,2,2,2.0,0,38,100,2,4,0
29000.0,187.0,0.0,Low,1,138-200%,1,0,1.0,1.0,1.0,40,86,Employed,Private,28,2,5,1.0,1,9,1,26-35,Never_married,20.0,1.0,Some_college,0,2,2,2,2.0,0,38,500,2,4,1
16000.0,103.0,0.0,Low,1,100-138%,1,0,3.0,1.0,1.0,40,86,Unemployed,Private,29,1,5,1.0,1,1,1,26-35,Never_married,16.0,1.0,HS_diploma,0,2,2,2,2.0,0,38,500,2,4,1
45000.0,350.0,10000.0,Medium,2,200-400%,1,1,1.0,1.0,1.0,73,01,Employed,Private,22,1,5,3.0,1,1,1,18-25,Never_married,20.0,1.0,Some_college,0,2,2,2,2.0,0,38,100,2,4,0
105000.0,501.0,0.0,Very_High,1,>400%,1,0,1.0,5.0,1.0,50,95,Employed,Government,40,2,1,3.0,1,1,1,36-45,Married,22.0,1.0,Graduate,0,2,2,2,2.0,0,38,200,2,4,0
75000.0,501.0,0.0,High,1,>400%,1,0,4.0,5.0,1.0,90,96,Not_in_labor_force,Government,39,1,1,3.0,1,1,1,36-45,Married,22.0,1.0,Graduate,0,2,2,2,2.0,0,38,200,2,4,0
115000.0,501.0,0.0,Very_High,2,>400%,1,0,1.0,1.0,1.0,91,04,Employed,Private,46,1,5,1.0,1,1,1,46-55,Never_married,16.0,1.0,HS_diploma,0,2,2,2,2.0,0,38,400,2,4,0
0.0,501.0,0.0,,1,>400%,0,0,6.0,1.0,2.0,70,87,Not_in_labor_force,Private,37,1,3,1.0,1,1,1,36-45,Divorced_Separated,18.0,1.0,Some_college,0,2,2,2,2.0,0,38,200,2,4,0
94000.0,478.0,0.0,Very_High,2,>400%,1,0,1.0,1.0,1.0,10,66,Employed,Private,64,1,1,1.0,2,9,1,56-65,Married,21.0,1.0,Bachelors,0,1,2,2,1.0,1,38,100,2,4,0
0.0,478.0,0.0,,0,>400%,0,0,6.0,1.0,2.0,36,82,Not_in_labor_force,Private,58,2,1,1.0,2,9,2,56-65,Married,19.0,1.0,Some_college,0,2,2,2,2.0,0,38,100,2,4,0
88000.0,501.0,0.0,Very_High,1,>400%,1,0,1.0,3.0,1.0,04,93,Employed,Government,59,2,2,1.0,1,1,1,56-65,Divorced_Separated,19.0,1.0,Some_college,0,2,2,2,2.0,0,38,200,2,4,0
25000.0,164.0,0.0,Low,1,138-200%,1,0,1.0,1.0,1.0,89,25,Employed,Private,59,1,3,3.0,1,1,1,56-65,Divorced_Separated,19.0,1.0,Some_college,0,2,2,2,2.0,0,38,200,2,4,0
0.0,75.0,0.0,,1,<100%,0,0,6.0,1.0,2.0,42,82,Not_in_labor_force,Private,63,1,3,1.0,1,1,1,56-65,Divorced_Separated,11.0,1.0,Less_than_HS,0,2,2,2,2.0,0,38,200,2,4,0
0.0,501.0,0.0,,1,>400%,0,0,6.0,3.0,2.0,23,78,Not_in_labor_force,Government,61,2,1,1.0,1,1,1,56-65,Married,21.0,1.0,Bachelors,0,2,2,2,2.0,0,38,600,2,4,0
0.0,212.0,0.0,,1,200-400%,0,0,3.0,1.0,2.0,91,01,Unemployed,Private,58,1,1,1.0,1,1,1,56-65,Married,16.0,1.0,HS_diploma,0,2,2,2,2.0,0,38,400,2,4,0
20000.0,212.0,20000.0,Low,2,200-400%,1,1,1.0,1.0,1.0,04,76,Employed,Private,38,2,1,1.0,1,1,1,36-45,Married,19.0,1.0,Some_college,0,2,2,2,2.0,0,38,400,2,4,0
0.0,501.0,0.0,,0,>400%,0,0,6.0,1.0,2.0,10,68,Not_in_labor_force,Private,47,2,1,1.0,1,1,1,46-55,Married,18.0,1.0,Some_college,0,2,2,2,2.0,0,38,500,2,4,0
0.0,501.0,0.0,,1,>400%,0,0,6.0,1.0,2.0,60,01,Not_in_labor_force,Private,64,2,1,1.0,1,1,1,56-65,Married,20.0,1.0,Some_college,0,2,2,2,2.0,0,38,300,2,4,0
0.0,88.0,0.0,,3,<100%,0,0,6.0,1.0,3.0,42,69,Not_in_labor_force,Private,31,2,5,3.0,2,9,4,26-35,Never_married,17.0,1.0,HS_diploma,0,1,2,2,1.0,1,38,400,2,4,1
23000.0,109.0,0.0,Low,1,100-138%,1,0,1.0,1.0,1.0,36,82,Employed,Private,30,2,5,1.0,1,1,1,26-35,Never_married,18.0,2.0,Some_college,1,2,2,2,2.0,0,38,400,2,4,1
94000.0,501.0,0.0,Very_High,1,>400%,1,0,3.0,1.0,1.0,62,07,Unemployed,Private,35,1,3,1.0,1,1,1,26-35,Divorced_Separated,16.0,1.0,HS_diploma,0,2,2,2,2.0,0,38,400,2,4,0
0.0,65.0,0.0,,1,<100%,0,0,6.0,1.0,3.0,42,69,Not_in_labor_force,Private,50,2,5,1.0,1,3,1,46-55,Never_married,16.0,1.0,HS_diploma,0,2,2,2,2.0,0,38,300,2,4,1
20000.0,501.0,0.0,Low,3,>400%,1,0,1.0,3.0,1.0,25,78,Employed,Government,59,2,1,1.0,1,1,1,56-65,Married,22.0,1.0,Graduate,0,2,2,2,2.0,0,38,200,2,4,0
80000.0,501.0,0.0,Very_High,2,>400%,1,0,1.0,1.0,1.0,09,70,Employed,Private,60,1,1,1.0,1,1,1,56-65,Married,16.0,1.0,HS_diploma,0,2,2,2,2.0,0,38,200,2,4,0
50000.0,501.0,0.0,Medium,1,>400%,1,0,1.0,3.0,1.0,42,78,Employed,Government,30,1,5,1.0,1,1,1,26-35,Never_married,16.0,1.0,HS_diploma,0,2,2,2,2.0,0,38,200,2,4,0
85000.0,501.0,0.0,Very_High,1,>400%,1,0,1.0,2.0,1.0,18,78,Employed,Private,41,2,5,1.0,1,1,1,36-45,Never_married,23.0,1.0,Graduate,0,2,2,2,2.0,0,38,100,2,4,0
30000.0,192.0,0.0,Low,1,138-200%,1,0,1.0,1.0,1.0,42,76,Employed,Private,53,2,1,1.0,1,1,1,46-55,Married,11.0,1.0,Less_than_HS,0,1,2,2,2.0,1,38,500,2,4,1
0.0,352.0,120000.0,,2,200-400%,0,1,1.0,6.0,1.0,02,01,Employed,Self_employed,57,1,3,1.0,1,1,1,56-65,Divorced_Separated,20.0,1.0,Some_college,0,2,2,2,2.0,0,38,200,2,4,0
2500.0,352.0,0.0,Very_Low,1,200-400%,1,0,6.0,2.0,1.0,46,84,Not_in_labor_force,Private,18,2,5,1.0,1,1,1,18-25,Never_married,14.0,2.0,Less_than_HS,1,2,2,2,2.0,0,38,200,2,4,0
62000.0,454.0,0.0,High,1,>400%,1,0,1.0,4.0,1.0,10,78,Employed,Government,43,1,1,1.0,1,1,1,36-45,Married,21.0,1.0,Bachelors,0,2,2,2,2.0,0,38,500,2,4,0
45000.0,454.0,0.0,Medium,1,>400%,1,0,1.0,2.0,1.0,03,81,Employed,Private,40,2,1,1.0,1,1,1,36-45,Married,16.0,1.0,HS_diploma,0,2,2,2,2.0,0,38,500,2,4,0
60000.0,367.0,0.0,High,1,200-400%,1,0,1.0,4.0,1.0,23,78,Employed,Government,52,2,1,1.0,1,1,1,46-55,Married,21.0,1.0,Bachelors,0,2,2,2,2.0,0,38,400,2,4,0
0.0,367.0,54000.0,,1,200-400%,0,1,1.0,6.0,1.0,23,78,Employed,Self_employed,54,1,1,1.0,1,1,1,46-55,Married,21.0,1.0,Bachelors,0,2,2,2,2.0,0,38,400,2,4,0
1500.0,367.0,0.0,Very_Low,1,200-400%,1,0,1.0,3.0,1.0,39,85,Employed,Government,18,2,5,1.0,1,1,1,18-25,Never_married,16.0,2.0,HS_diploma,1,2,2,2,2.0,0,38,400,2,4,0
9600.0,144.0,0.0,Very_Low,2,138-200%,1,0,1.0,1.0,1.0,78,86,Employed,Private,65,2,5,1.0,1,1,1,56-65,Never_married,19.0,1.0,Some_college,0,2,2,2,2.0,0,38,300,2,4,0
160000.0,501.0,0.0,Very_High,2,>400%,1,0,1.0,1.0,1.0,14,35,Employed,Private,43,1,1,1.0,1,1,1,36-45,Married,22.0,1.0,Graduate,0,2,2,2,2.0,0,38,300,2,4,0
70000.0,501.0,0.0,High,1,>400%,1,0,1.0,3.0,1.0,23,78,Employed,Government,42,2,1,1.0,1,1,1,36-45,Married,22.0,1.0,Graduate,0,2,2,2,2.0,0,38,300,2,4,0
0.0,396.0,50000.0,,1,200-400%,0,1,1.0,6.0,1.0,02,01,Employed,Self_employed,61,1,1,1.0,1,1,1,56-65,Married,20.0,1.0,Some_college,0,2,2,2,2.0,0,38,400,2,4,0
30000.0,396.0,0.0,Low,1,200-400%,1,0,1.0,1.0,1.0,36,79,Employed,Private,60,2,1,1.0,1,1,1,56-65,Married,21.0,1.0,Bachelors,0,2,2,2,2.0,0,38,400,2,4,0
52000.0,334.0,0.0,High,1,200-400%,1,0,1.0,1.0,1.0,47,48,Employed,Private,24,1,5,1.0,1,1,1,18-25,Never_married,20.0,1.0,Some_college,0,2,2,2,2.0,0,38,600,2,4,0
30000.0,297.0,0.0,Low,4,200-400%,1,0,1.0,2.0,1.0,42,77,Employed,Private,64,1,1,1.0,1,1,1,56-65,Married,16.0,1.0,HS_diploma,0,2,2,2,2.0,0,38,200,2,4,0
5000.0,297.0,0.0,Very_Low,1,200-400%,1,0,6.0,2.0,1.0,42,76,Not_in_labor_force,Private,59,2,1,1.0,1,1,1,56-65,Married,12.0,1.0,Less_than_HS,0,2,2,2,2.0,0,38,200,2,4,0
90000.0,501.0,0.0,Very_High,1,>400%,1,0,1.0,1.0,1.0,47,44,Employed,Private,44,2,5,1.0,1,1,1,36-45,Never_married,21.0,1.0,Bachelors,0,2,2,2,2.0,0,38,600,2,4,0
52000.0,329.0,0.0,High,1,200-400%,1,0,1.0,1.0,1.0,96,48,Employed,Private,59,1,3,1.0,1,1,1,56-65,Divorced_Separated,19.0,1.0,Some_college,0,2,2,2,2.0,0,38,500,2,4,0
0.0,329.0,0.0,,1,200-400%,0,0,6.0,1.0,3.0,42,69,Not_in_labor_force,Private,22,1,5,3.0,1,1,1,18-25,Never_married,16.0,1.0,HS_diploma,0,2,2,2,2.0,0,38,500,2,4,0
11200.0,118.0,0.0,Very_Low,2,100-138%,1,0,1.0,4.0,1.0,44,85,Employed,Government,46,2,4,1.0,1,1,1,46-55,Divorced_Separated,18.0,1.0,Some_college,0,1,2,2,1.0,1,38,400,2,4,0
10000.0,501.0,1800.0,Very_Low,2,>400%,1,1,1.0,6.0,1.0,42,76,Employed,Self_employed,45,2,1,1.0,1,1,1,36-45,Married,19.0,1.0,Some_college,0,2,2,2,2.0,0,38,200,2,4,0
70000.0,501.0,20000.0,High,2,>400%,1,1,1.0,1.0,1.0,03,86,Employed,Private,52,1,1,1.0,2,8,2,46-55,Married,21.0,1.0,Bachelors,0,2,2,2,2.0,0,38,200,2,4,0
45000.0,501.0,0.0,Medium,1,>400%,1,0,1.0,2.0,1.0,23,78,Employed,Private,55,1,1,1.0,1,1,1,46-55,Married,21.0,1.0,Bachelors,0,2,2,2,2.0,0,38,600,2,4,0
20000.0,501.0,0.0,Low,1,>400%,1,0,1.0,2.0,1.0,36,80,Employed,Private,22,1,5,1.0,1,1,1,18-25,Never_married,21.0,2.0,Bachelors,1,2,2,2,2.0,0,38,600,2,4,0
78000.0,377.0,0.0,Very_High,2,200-400%,1,0,6.0,5.0,1.0,62,07,Not_in_labor_force,Government,42,1,1,1.0,1,1,1,36-45,Married,20.0,1.0,Some_college,0,2,2,2,2.0,0,38,100,2,4,0
9000.0,377.0,2000.0,Very_Low,2,200-400%,1,1,1.0,3.0,1.0,40,78,Employed,Government,39,2,1,1.0,1,1,1,36-45,Married,16.0,1.0,HS_diploma,0,2,2,2,2.0,0,38,100,2,4,0
150000.0,501.0,0.0,Very_High,1,>400%,1,0,1.0,7.0,1.0,60,01,Employed,Self_employed,38,1,1,3.0,1,1,1,36-45,Married,16.0,1.0,HS_diploma,0,2,2,2,2.0,0,38,500,2,4,0
90000.0,501.0,4000.0,Very_High,2,>400%,1,1,1.0,3.0,1.0,23,78,Employed,Government,38,2,1,3.0,1,1,1,36-45,Married,21.0,1.0,Bachelors,0,1,2,2,2.0,1,38,500,2,4,0
109000.0,501.0,0.0,Very_High,1,>400%,1,0,1.0,2.0,1.0,10,05,Employed,Private,41,1,1,1.0,1,1,1,36-45,Married,20.0,1.0,Some_college,0,2,2,2,2.0,0,38,300,2,4,0
55000.0,501.0,0.0,High,1,>400%,1,0,1.0,3.0,1.0,53,94,Employed,Government,40,2,1,1.0,1,1,1,36-45,Married,19.0,1.0,Some_college,0,2,2,2,2.0,0,38,300,2,4,0
36000.0,228.0,0.0,Medium,1,200-400%,1,0,1.0,1.0,1.0,20,83,Employed,Private,52,1,3,1.0,1,1,1,46-55,Divorced_Separated,21.0,1.0,Bachelors,0,1,2,2,1.0,1,38,400,2,4,0
30000.0,191.0,0.0,Low,1,138-200%,1,0,1.0,1.0,1.0,42,82,Employed,Private,49,2,4,1.0,2,2,1,46-55,Divorced_Separated,1.0,1.0,Less_than_HS,0,2,2,2,2.0,0,38,600,2,4,0
12000.0,396.0,0.0,Very_Low,2,200-400%,1,0,1.0,4.0,1.0,42,92,Employed,Government,64,2,1,1.0,1,1,1,56-65,Married,16.0,1.0,HS_diploma,0,2,2,2,2.0,0,38,400,2,4,0
0.0,383.0,51000.0,,2,200-400%,0,1,1.0,6.0,1.0,47,57,Employed,Self_employed,50,1,1,1.0,1,1,1,46-55,Married,19.0,2.0,Some_college,1,2,2,2,2.0,0,38,200,2,4,0
30000.0,383.0,0.0,Low,2,200-400%,1,0,1.0,1.0,1.0,00,74,Employed,Private,52,2,1,1.0,1,1,1,46-55,Married,13.0,1.0,Less_than_HS,0,2,2,2,2.0,0,38,200,2,4,0
30000.0,383.0,0.0,Low,1,200-400%,1,0,1.0,2.0,1.0,42,78,Employed,Private,27,1,1,1.0,1,1,1,26-35,Married,16.0,1.0,HS_diploma,0,2,2,2,2.0,0,38,200,2,4,1
25200.0,388.0,0.0,Low,2,200-400%,1,0,1.0,1.0,1.0,96,52,Employed,Private,63,2,2,1.0,1,1,1,56-65,Divorced_Separated,21.0,1.0,Bachelors,0,2,2,2,2.0,0,38,600,2,4,0
27000.0,163.0,0.0,Low,1,138-200%,1,0,4.0,5.0,1.0,90,96,Not_in_labor_force,Government,25,1,1,1.0,1,9,3,18-25,Married,21.0,1.0,Bachelors,0,2,2,2,2.0,0,38,400,2,4,0
0.0,163.0,0.0,,1,138-200%,0,0,6.0,3.0,2.0,23,78,Not_in_labor_force,Government,24,2,1,1.0,1,9,3,18-25,Married,21.0,1.0,Bachelors,0,2,2,2,2.0,0,38,400,2,4,0
0.0,501.0,10000.0,,1,>400%,0,1,1.0,6.0,1.0,46,90,Employed,Self_employed,41,2,1,1.0,1,1,1,36-45,Married,22.0,1.0,Graduate,0,2,2,2,2.0,0,38,600,2,4,0
60000.0,462.0,0.0,High,1,>400%,1,0,1.0,1.0,1.0,60,01,Employed,Private,40,1,1,1.0,1,1,1,36-45,Married,21.0,1.0,Bachelors,0,2,2,2,2.0,0,38,100,2,4,0
50000.0,462.0,0.0,Medium,1,>400%,1,0,1.0,3.0,1.0,23,78,Employed,Government,39,2,1,1.0,1,1,1,36-45,Married,21.0,1.0,Bachelors,0,2,2,2,2.0,0,38,100,2,4,0
120000.0,501.0,0.0,Very_High,1,>400%,1,0,1.0,2.0,1.0,04,65,Employed,Private,64,1,5,1.0,1,1,1,56-65,Never_married,21.0,1.0,Bachelors,0,2,2,2,2.0,0,38,600,2,4,0
60000.0,376.0,0.0,High,1,200-400%,1,0,1.0,1.0,1.0,56,35,Employed,Private,46,2,1,1.0,1,1,1,46-55,Married,21.0,1.0,Bachelors,0,2,2,2,2.0,0,38,300,2,4,1
44000.0,376.0,0.0,Medium,1,200-400%,1,0,1.0,1.0,1.0,07,83,Employed,Private,46,1,1,1.0,1,1,1,46-55,Married,21.0,1.0,Bachelors,0,1,1,2,2.0,1,38,300,2,4,0
54000.0,347.0,0.0,High,2,200-400%,1,0,1.0,1.0,1.0,81,30,Employed,Private,57,1,3,1.0,1,1,1,56-65,Divorced_Separated,16.0,1.0,HS_diploma,0,2,2,2,2.0,0,38,600,2,4,0
12000.0,501.0,0.0,Very_Low,1,>400%,1,0,1.0,1.0,1.0,52,50,Employed,Private,59,2,1,1.0,1,1,1,56-65,Married,16.0,1.0,HS_diploma,0,2,2,2,2.0,0,38,400,2,4,0
132000.0,501.0,0.0,Very_High,1,>400%,1,0,1.0,2.0,1.0,04,91,Employed,Private,40,1,1,1.0,1,1,1,36-45,Married,21.0,1.0,Bachelors,0,2,2,2,2.0,0,38,500,2,4,0
65000.0,501.0,0.0,High,1,>400%,1,0,1.0,2.0,1.0,31,81,Employed,Private,38,2,1,1.0,1,1,1,36-45,Married,24.0,1.0,Graduate,0,2,2,2,2.0,0,38,500,2,4,0
55000.0,361.0,0.0,High,2,200-400%,1,0,1.0,1.0,1.0,96,30,Employed,Private,58,1,5,1.0,1,1,1,56-65,Never_married,20.0,1.0,Some_college,0,2,2,2,2.0,0,38,400,2,4,0
32800.0,268.0,0.0,Medium,2,200-400%,1,0,1.0,1.0,1.0,78,49,Employed,Private,57,2,3,1.0,1,1,1,56-65,Divorced_Separated,18.0,1.0,Some_college,0,2,2,2,2.0,0,38,400,2,4,0
11400.0,499.0,65000.0,Very_Low,2,>400%,1,1,1.0,1.0,1.0,42,21,Employed,Private,57,1,3,1.0,1,1,1,56-65,Divorced_Separated,16.0,1.0,HS_diploma,0,2,2,2,2.0,0,38,400,2,4,1
48000.0,414.0,0.0,Medium,1,>400%,1,0,1.0,4.0,1.0,11,85,Employed,Government,44,2,1,1.0,1,1,1,36-45,Married,21.0,1.0,Bachelors,0,2,2,2,2.0,0,38,300,2,4,0
75000.0,414.0,0.0,High,1,>400%,1,0,1.0,7.0,1.0,64,07,Employed,Self_employed,47,1,1,1.0,1,1,1,46-55,Married,20.0,1.0,Some_college,0,2,2,2,2.0,0,38,300,2,4,0
0.0,166.0,0.0,,1,138-200%,0,0,6.0,1.0,3.0,42,69,Not_in_labor_force,Private,56,2,1,1.0,1,9,1,56-65,Married,16.0,1.0,HS_diploma,0,1,2,2,1.0,1,38,600,2,4,0
0.0,166.0,0.0,,1,138-200%,0,0,6.0,1.0,2.0,39,86,Not_in_labor_force,Private,61,1,1,1.0,1,9,1,56-65,Married,18.0,1.0,Some_college,0,1,1,2,2.0,1,38,600,2,4,1
30000.0,262.0,0.0,Low,1,200-400%,1,0,1.0,1.0,1.0,25,78,Employed,Private,56,2,1,3.0,1,1,1,56-65,Married,20.0,1.0,Some_college,0,2,2,2,2.0,0,38,100,2,4,0
22500.0,262.0,0.0,Low,1,200-400%,1,0,1.0,7.0,1.0,19,01,Employed,Self_employed,59,1,1,1.0,1,1,1,56-65,Married,16.0,1.0,HS_diploma,0,2,2,2,2.0,0,38,100,2,4,0
102000.0,501.0,0.0,Very_High,2,>400%,1,0,1.0,5.0,1.0,38,95,Employed,Government,58,1,1,3.0,1,1,1,56-65,Married,19.0,1.0,Some_college,0,2,2,2,2.0,0,38,200,2,4,0
98000.0,501.0,0.0,Very_High,1,>400%,1,0,1.0,5.0,1.0,38,95,Employed,Government,48,2,1,3.0,1,1,1,46-55,Married,21.0,1.0,Bachelors,0,2,2,2,2.0,0,38,200,2,4,0
35000.0,501.0,0.0,Medium,1,>400%,1,0,1.0,3.0,1.0,23,78,Employed,Government,42,2,1,1.0,1,1,1,36-45,Married,21.0,1.0,Bachelors,0,2,2,2,2.0,0,38,100,2,4,0
120000.0,501.0,0.0,Very_High,1,>400%,1,0,1.0,7.0,1.0,72,87,Employed,Self_employed,48,1,1,1.0,1,1,1,46-55,Married,19.0,1.0,Some_college,0,2,2,2,2.0,0,38,100,2,4,0
0.0,452.0,7000.0,,2,>400%,0,1,1.0,6.0,1.0,46,84,Employed,Self_employed,64,2,1,1.0,1,1,1,56-65,Married,17.0,1.0,HS_diploma,0,2,2,2,2.0,0,38,500,2,4,0
54000.0,452.0,10000.0,High,3,>400%,1,1,1.0,1.0,1.0,73,82,Employed,Private,63,1,1,1.0,1,1,1,56-65,Married,20.0,1.0,Some_college,0,2,2,2,2.0,0,38,500,2,4,0
20000.0,145.0,0.0,Low,1,138-200%,1,0,1.0,1.0,1.0,40,86,Employed,Private,51,2,3,1.0,1,1,1,46-55,Divorced_Separated,20.0,2.0,Some_college,1,2,2,2,2.0,0,38,300,2,4,0
1400.0,145.0,0.0,Very_Low,1,138-200%,1,0,6.0,1.0,1.0,44,86,Not_in_labor_force,Private,20,2,5,1.0,1,1,1,18-25,Never_married,16.0,1.0,HS_diploma,0,1,2,2,2.0,1,38,300,2,4,0
0.0,145.0,0.0,,0,138-200%,0,0,6.0,1.0,3.0,42,69,Not_in_labor_force,Private,18,2,5,1.0,1,1,1,18-25,Never_married,14.0,2.0,Less_than_HS,1,2,2,2,2.0,0,38,300,2,4,0
25000.0,349.0,0.0,Low,1,200-400%,1,0,1.0,1.0,1.0,58,69,Employed,Private,30,2,1,1.0,1,1,1,26-35,Married,14.0,1.0,Less_than_HS,0,2,2,2,2.0,0,38,200,2,4,0
80000.0,349.0,0.0,Very_High,2,200-400%,1,0,1.0,1.0,1.0,86,06,Employed,Private,33,1,1,1.0,1,6,1,26-35,Married,16.0,1.0,HS_diploma,0,2,2,2,2.0,0,38,200,2,4,0
24000.0,153.0,0.0,Low,1,138-200%,1,0,1.0,1.0,1.0,96,53,Employed,Private,22,1,5,1.0,1,2,1,18-25,Never_married,16.0,1.0,HS_diploma,0,2,2,2,2.0,0,38,600,2,4,0
170000.0,501.0,0.0,Very_High,1,>400%,1,0,1.0,1.0,1.0,04,72,Employed,Private,63,1,1,1.0,1,1,1,56-65,Married,16.0,1.0,HS_diploma,0,2,2,2,2.0,0,38,100,2,4,0
51000.0,501.0,0.0,High,1,>400%,1,0,1.0,3.0,1.0,23,78,Employed,Government,54,2,1,1.0,1,1,1,46-55,Married,21.0,1.0,Bachelors,0,2,2,2,2.0,0,38,100,2,4,0
145000.0,501.0,0.0,Very_High,2,>400%,1,0,1.0,1.0,1.0,10,73,Employed,Private,40,1,1,1.0,2,1,1,36-45,Married,21.0,1.0,Bachelors,0,2,2,2,2.0,0,38,600,2,4,0
85000.0,501.0,0.0,Very_High,2,>400%,1,0,1.0,1.0,1.0,00,69,Employed,Private,37,2,1,1.0,1,1,1,36-45,Married,22.0,2.0,Graduate,1,2,2,2,2.0,0,38,600,2,4,0
60000.0,422.0,0.0,High,1,>400%,1,0,1.0,2.0,1.0,06,91,Employed,Private,34,2,5,1.0,1,1,1,26-35,Never_married,22.0,1.0,Graduate,0,2,2,2,2.0,0,38,600,2,4,0
73000.0,501.0,0.0,High,2,>400%,1,0,6.0,3.0,1.0,02,78,Not_in_labor_force,Government,42,2,1,1.0,1,1,1,36-45,Married,22.0,1.0,Graduate,0,2,2,2,2.0,0,38,400,2,4,0
150000.0,501.0,25000.0,Very_High,3,>400%,1,1,1.0,6.0,1.0,02,01,Employed,Self_employed,49,1,1,1.0,1,1,1,46-55,Married,19.0,1.0,Some_college,0,2,2,2,2.0,0,38,400,2,4,0
45000.0,501.0,0.0,Medium,1,>400%,1,0,1.0,1.0,1.0,23,78,Employed,Private,56,2,1,1.0,1,9,1,56-65,Married,22.0,1.0,Graduate,0,2,2,2,2.0,0,38,200,2,4,1
1100.0,501.0,0.0,Very_Low,2,>400%,1,0,6.0,1.0,1.0,05,46,Not_in_labor_force,Private,56,1,1,1.0,1,3,1,56-65,Married,20.0,1.0,Some_college,0,2,2,2,2.0,0,38,200,2,4,1
1200.0,501.0,0.0,Very_Low,1,>400%,1,0,6.0,1.0,1.0,62,07,Not_in_labor_force,Private,29,1,5,1.0,1,3,1,26-35,Never_married,16.0,1.0,HS_diploma,0,2,2,2,2.0,0,38,200,2,4,1
0.0,6.0,0.0,,1,<100%,0,0,6.0,1.0,3.0,42,69,Not_in_labor_force,Private,55,2,3,1.0,1,1,1,46-55,Divorced_Separated,18.0,1.0,Some_college,0,2,2,2,2.0,0,38,400,2,4,0
85000.0,501.0,0.0,Very_High,1,>400%,1,0,1.0,1.0,1.0,12,69,Employed,Private,55,2,1,1.0,1,1,1,46-55,Married,22.0,1.0,Graduate,0,2,2,2,2.0,0,38,600,2,4,0
88000.0,501.0,0.0,Very_High,1,>400%,1,0,1.0,1.0,1.0,73,88,Employed,Private,48,1,1,1.0,1,1,1,46-55,Married,20.0,1.0,Some_college,0,2,2,2,2.0,0,38,600,2,4,0
60000.0,206.0,0.0,High,1,200-400%,1,0,1.0,1.0,1.0,91,07,Employed,Private,54,2,5,1.0,1,1,1,46-55,Never_married,19.0,1.0,Some_college,0,2,2,2,2.0,0,38,200,2,4,0
11000.0,69.0,0.0,Very_Low,1,<100%,1,0,1.0,1.0,1.0,47,50,Employed,Private,20,2,5,1.0,1,1,1,18-25,Never_married,18.0,2.0,Some_college,1,2,2,2,2.0,0,38,100,2,4,1
0.0,139.0,0.0,,1,138-200%,0,0,6.0,1.0,2.0,06,07,Not_in_labor_force,Private,62,1,5,3.0,1,1,1,56-65,Never_married,12.0,1.0,Less_than_HS,0,2,2,2,2.0,0,38,300,2,4,1
55000.0,356.0,0.0,High,1,200-400%,1,0,1.0,2.0,1.0,04,91,Employed,Private,63,2,2,1.0,1,1,1,56-65,Divorced_Separated,21.0,1.0,Bachelors,0,1,2,2,1.0,1,38,500,2,4,0
37000.0,482.0,0.0,Medium,1,>400%,1,0,1.0,1.0,1.0,23,75,Employed,Private,58,2,1,1.0,1,1,1,56-65,Married,19.0,1.0,Some_college,0,2,2,2,2.0,0,38,400,2,4,0
58000.0,482.0,0.0,High,1,>400%,1,0,1.0,1.0,1.0,60,01,Employed,Private,64,1,1,1.0,1,1,1,56-65,Married,19.0,1.0,Some_college,0,2,2,2,2.0,0,38,400,2,4,0
72000.0,501.0,0.0,High,1,>400%,1,0,1.0,4.0,1.0,04,80,Employed,Government,58,2,1,1.0,1,1,1,56-65,Married,21.0,1.0,Bachelors,0,2,2,2,2.0,0,38,500,2,4,0
0.0,99.0,0.0,,1,<100%,0,0,6.0,1.0,3.0,42,69,Not_in_labor_force,Private,61,1,1,1.0,1,1,1,56-65,Married,19.0,1.0,Some_college,0,2,2,2,2.0,0,38,400,2,4,0
50000.0,328.0,0.0,Medium,1,200-400%,1,0,1.0,1.0,1.0,07,48,Employed,Private,54,2,1,1.0,1,1,1,46-55,Married,20.0,1.0,Some_college,0,2,2,2,2.0,0,38,400,2,4,0
0.0,501.0,96000.0,,1,>400%,0,1,1.0,6.0,1.0,72,87,Employed,Self_employed,62,1,1,1.0,1,1,1,56-65,Married,20.0,1.0,Some_college,0,1,1,2,2.0,1,38,600,2,4,0
45000.0,501.0,0.0,Medium,1,>400%,1,0,1.0,1.0,1.0,58,87,Employed,Private,61,2,1,1.0,1,3,1,56-65,Married,20.0,1.0,Some_college,0,2,2,2,2.0,0,38,600,2,4,0
22000.0,204.0,0.0,Low,1,200-400%,1,0,4.0,5.0,1.0,71,96,Not_in_labor_force,Government,22,1,1,3.0,1,9,1,18-25,Married,19.0,1.0,Some_college,0,2,2,2,2.0,0,38,500,2,4,0
18000.0,204.0,0.0,Low,1,200-400%,1,0,1.0,1.0,1.0,01,68,Employed,Private,24,2,1,3.0,1,1,1,18-25,Married,19.0,1.0,Some_college,0,2,2,2,2.0,0,38,500,2,4,0
0.0,56.0,13000.0,,1,<100%,0,1,1.0,6.0,1.0,02,01,Employed,Self_employed,56,1,1,1.0,1,1,1,56-65,Married,21.0,1.0,Bachelors,0,2,2,2,2.0,0,38,400,2,4,0
0.0,56.0,0.0,,1,<100%,0,0,6.0,1.0,2.0,51,70,Not_in_labor_force,Private,53,2,1,1.0,1,1,1,46-55,Married,20.0,1.0,Some_college,0,1,2,1,2.0,1,38,400,2,4,0
0.0,56.0,0.0,,0,<100%,0,0,6.0,1.0,3.0,42,69,Not_in_labor_force,Private,20,2,5,1.0,1,1,1,18-25,Never_married,21.0,2.0,Bachelors,1,2,2,2,2.0,0,38,400,2,4,0
60000.0,499.0,0.0,High,1,>400%,1,0,1.0,1.0,1.0,08,68,Employed,Private,34,2,5,1.0,1,1,1,26-35,Never_married,15.0,1.0,Less_than_HS,0,2,2,2,2.0,0,38,500,2,4,0
61000.0,501.0,0.0,High,1,>400%,1,0,1.0,2.0,1.0,42,78,Employed,Private,64,1,1,1.0,1,1,1,56-65,Married,16.0,1.0,HS_diploma,0,2,2,2,2.0,0,38,400,2,4,0
60000.0,501.0,0.0,High,1,>400%,1,0,1.0,2.0,1.0,23,78,Employed,Private,59,2,1,1.0,1,1,1,56-65,Married,21.0,1.0,Bachelors,0,2,2,2,2.0,0,38,400,2,4,0
72000.0,241.0,0.0,High,1,200-400%,1,0,1.0,2.0,1.0,11,05,Employed,Private,29,1,1,1.0,1,1,1,26-35,Married,20.0,1.0,Some_college,0,2,2,2,2.0,0,38,200,2,4,0
0.0,241.0,0.0,,0,200-400%,0,0,6.0,1.0,2.0,56,79,Not_in_labor_force,Private,26,2,1,1.0,1,1,1,26-35,Married,21.0,1.0,Bachelors,0,2,2,2,2.0,0,38,200,2,4,0
54000.0,354.0,0.0,High,1,200-400%,1,0,1.0,4.0,1.0,08,93,Employed,Government,30,2,5,1.0,1,1,1,26-35,Never_married,21.0,1.0,Bachelors,0,2,2,2,2.0,0,38,300,2,4,0
38000.0,472.0,0.0,Medium,2,>400%,1,0,1.0,1.0,1.0,91,61,Employed,Private,39,1,5,1.0,1,1,1,36-45,Never_married,16.0,1.0,HS_diploma,0,2,2,2,2.0,0,38,400,2,4,0
95000.0,501.0,0.0,Very_High,1,>400%,1,0,1.0,1.0,1.0,91,44,Employed,Private,58,1,1,1.0,1,1,1,56-65,Married,16.0,1.0,HS_diploma,0,2,2,2,2.0,0,38,400,2,4,0
50000.0,501.0,0.0,Medium,1,>400%,1,0,1.0,2.0,1.0,36,83,Employed,Private,57,2,1,1.0,1,1,1,56-65,Married,18.0,1.0,Some_college,0,2,2,2,2.0,0,38,400,2,4,0
0.0,407.0,0.0,,2,>400%,0,0,6.0,6.0,2.0,03,86,Not_in_labor_force,Self_employed,65,2,2,1.0,1,1,1,56-65,Divorced_Separated,21.0,1.0,Bachelors,0,1,1,2,1.0,1,38,100,2,4,0
115000.0,413.0,0.0,Very_High,2,>400%,1,0,4.0,5.0,1.0,98,96,Not_in_labor_force,Government,34,1,1,1.0,1,1,1,26-35,Married,22.0,2.0,Graduate,1,2,2,2,2.0,0,38,200,2,4,0
10000.0,413.0,0.0,Very_Low,1,>400%,1,0,6.0,1.0,1.0,32,81,Not_in_labor_force,Private,34,2,1,1.0,1,1,1,26-35,Married,21.0,1.0,Bachelors,0,2,2,2,2.0,0,38,200,2,4,0
28000.0,116.0,0.0,Low,1,100-138%,1,0,1.0,5.0,1.0,38,94,Employed,Government,21,1,1,1.0,1,1,1,18-25,Married,18.0,1.0,Some_college,0,2,2,2,2.0,0,38,200,2,4,0
0.0,116.0,0.0,,0,100-138%,0,0,6.0,2.0,2.0,46,84,Not_in_labor_force,Private,21,2,1,1.0,1,9,23,18-25,Married,16.0,1.0,HS_diploma,0,2,2,2,2.0,0,38,200,2,4,0
50000.0,317.0,0.0,Medium,1,200-400%,1,0,1.0,1.0,1.0,91,07,Employed,Private,31,1,5,1.0,1,1,1,26-35,Never_married,17.0,1.0,HS_diploma,0,2,2,2,2.0,0,38,200,2,4,0
0.0,0.0,0.0,,0,,0,0,3.0,1.0,2.0,93,87,Unemployed,Private,31,1,5,1.0,1,9,1,26-35,Never_married,16.0,1.0,HS_diploma,0,2,2,2,2.0,0,38,200,2,4,0
52000.0,501.0,0.0,High,1,>400%,1,0,1.0,1.0,1.0,40,86,Employed,Private,57,1,5,1.0,1,1,1,56-65,Never_married,19.0,1.0,Some_college,0,2,2,2,2.0,0,38,500,2,4,0
65000.0,501.0,0.0,High,1,>400%,1,0,1.0,1.0,1.0,35,82,Employed,Private,40,1,5,1.0,1,1,1,36-45,Never_married,21.0,1.0,Bachelors,0,2,2,2,2.0,0,38,500,2,4,0
20000.0,395.0,0.0,Low,1,200-400%,1,0,1.0,1.0,1.0,23,84,Employed,Private,38,2,1,3.0,1,1,1,36-45,Married,21.0,1.0,Bachelors,0,2,2,2,2.0,0,38,300,2,4,0
105000.0,395.0,0.0,Very_High,1,200-400%,1,0,1.0,1.0,1.0,32,81,Employed,Private,40,1,1,3.0,1,1,1,36-45,Married,21.0,1.0,Bachelors,0,2,2,2,2.0,0,38,300,2,4,0
20800.0,395.0,0.0,Low,1,200-400%,1,0,1.0,1.0,1.0,47,48,Employed,Private,20,2,5,3.0,1,1,1,18-25,Never_married,19.0,1.0,Some_college,0,2,2,2,2.0,0,38,300,2,4,0
12500.0,79.0,0.0,Very_Low,1,<100%,1,0,1.0,1.0,1.0,42,77,Employed,Private,21,1,5,3.0,1,1,1,18-25,Never_married,16.0,1.0,HS_diploma,0,2,2,2,2.0,0,38,300,2,4,0
30000.0,194.0,0.0,Low,1,138-200%,1,0,1.0,1.0,1.0,69,04,Employed,Private,25,1,5,2.0,2,9,1,18-25,Never_married,21.0,1.0,Bachelors,0,2,2,2,2.0,0,38,400,2,4,0
0.0,76.0,0.0,,1,<100%,0,0,6.0,1.0,3.0,42,69,Not_in_labor_force,Private,56,1,3,1.0,1,1,1,56-65,Divorced_Separated,18.0,1.0,Some_college,0,1,2,1,1.0,1,38,100,2,4,1
123000.0,501.0,0.0,Very_High,2,>400%,1,0,1.0,1.0,1.0,74,05,Employed,Private,56,1,1,1.0,1,1,1,56-65,Married,20.0,1.0,Some_college,0,2,2,2,2.0,0,38,200,2,4,0
58000.0,501.0,0.0,High,1,>400%,1,0,1.0,4.0,1.0,20,94,Employed,Government,53,2,1,1.0,1,1,1,46-55,Married,21.0,1.0,Bachelors,0,2,2,2,2.0,0,38,200,2,4,0
52000.0,311.0,4200.0,High,2,200-400%,1,1,1.0,6.0,1.0,46,84,Employed,Self_employed,42,2,1,1.0,1,1,1,36-45,Married,19.0,1.0,Some_college,0,2,2,2,2.0,0,38,100,2,4,0
35000.0,311.0,0.0,Medium,1,200-400%,1,0,1.0,1.0,1.0,62,07,Employed,Private,64,1,1,1.0,1,1,1,56-65,Married,17.0,1.0,HS_diploma,0,1,1,2,2.0,1,38,100,2,4,0
130000.0,501.0,0.0,Very_High,1,>400%,1,0,1.0,1.0,1.0,94,60,Employed,Private,33,2,3,1.0,1,1,1,26-35,Divorced_Separated,18.0,1.0,Some_college,0,2,2,2,2.0,0,38,200,2,4,0
100000.0,501.0,0.0,Very_High,1,>400%,1,0,1.0,1.0,1.0,68,04,Employed,Private,28,1,5,1.0,1,1,1,26-35,Never_married,16.0,1.0,HS_diploma,0,2,2,2,2.0,0,38,200,2,4,0
4500.0,90.0,0.0,Very_Low,2,<100%,1,0,1.0,1.0,1.0,41,86,Employed,Private,53,2,1,1.0,1,1,1,46-55,Married,16.0,1.0,HS_diploma,0,2,2,2,2.0,0,38,500,2,4,1
80000.0,501.0,0.0,Very_High,2,>400%,1,0,1.0,1.0,1.0,47,48,Employed,Private,45,1,3,1.0,1,1,1,36-45,Divorced_Separated,20.0,1.0,Some_college,0,2,2,2,2.0,0,38,600,2,4,0
90000.0,454.0,0.0,Very_High,2,>400%,1,0,1.0,1.0,1.0,52,42,Employed,Private,36,2,1,1.0,1,1,1,36-45,Married,21.0,1.0,Bachelors,0,2,2,2,2.0,0,38,400,2,4,0
46000.0,454.0,15000.0,Medium,2,>400%,1,1,1.0,6.0,1.0,02,01,Employed,Self_employed,36,1,1,1.0,1,1,1,36-45,Married,19.0,1.0,Some_college,0,2,2,2,2.0,0,38,400,2,4,0
0.0,78.0,0.0,,1,<100%,0,0,6.0,1.0,3.0,42,69,Not_in_labor_force,Private,60,2,1,1.0,1,1,1,56-65,Married,21.0,1.0,Bachelors,0,2,2,2,2.0,0,38,500,2,4,0
87000.0,501.0,0.0,Very_High,1,>400%,1,0,1.0,4.0,1.0,10,78,Employed,Government,48,1,5,1.0,1,1,1,46-55,Never_married,20.0,1.0,Some_college,0,1,2,1,2.0,1,38,600,2,4,0
10000.0,142.0,0.0,Very_Low,1,138-200%,1,0,1.0,1.0,1.0,01,73,Employed,Private,51,2,1,1.0,1,1,1,46-55,Married,21.0,1.0,Bachelors,0,2,2,2,2.0,0,38,600,2,4,0
25000.0,142.0,-6700.0,Low,1,138-200%,1,0,1.0,1.0,1.0,71,07,Employed,Private,54,1,1,1.0,1,1,1,46-55,Married,19.0,1.0,Some_college,0,2,2,2,2.0,0,38,600,2,4,0
0.0,77.0,0.0,,1,<100%,0,0,6.0,1.0,3.0,42,69,Not_in_labor_force,Private,57,2,3,3.0,1,1,1,56-65,Divorced_Separated,16.0,1.0,HS_diploma,0,1,2,2,1.0,1,38,400,2,4,1
0.0,342.0,400.0,,2,200-400%,0,1,2.0,6.0,1.0,04,39,Employed,Self_employed,41,1,1,3.0,1,1,1,36-45,Married,21.0,1.0,Bachelors,0,2,2,2,2.0,0,38,600,2,4,0
80000.0,342.0,0.0,Very_High,1,200-400%,1,0,1.0,4.0,1.0,02,78,Employed,Government,45,2,1,3.0,2,6,1,36-45,Married,22.0,1.0,Graduate,0,2,2,2,2.0,0,38,600,2,4,0
38700.0,501.0,0.0,Medium,2,>400%,1,0,1.0,4.0,1.0,24,78,Employed,Government,54,2,1,1.0,1,1,1,46-55,Married,22.0,1.0,Graduate,0,2,2,2,2.0,0,38,500,2,4,0
15800.0,501.0,0.0,Low,2,>400%,1,0,1.0,1.0,1.0,19,72,Employed,Private,22,2,5,1.0,1,1,1,18-25,Never_married,21.0,1.0,Bachelors,0,2,2,2,2.0,0,38,500,2,4,0
28800.0,277.0,14000.0,Low,2,200-400%,1,1,1.0,6.0,1.0,81,88,Employed,Self_employed,62,1,5,1.0,1,1,1,56-65,Never_married,19.0,1.0,Some_college,0,2,2,2,2.0,0,38,500,2,4,0
0.0,236.0,43000.0,,1,200-400%,0,1,1.0,6.0,1.0,46,84,Employed,Self_employed,38,2,1,1.0,1,1,1,36-45,Married,16.0,1.0,HS_diploma,0,2,2,2,2.0,0,38,600,2,4,0
45000.0,236.0,0.0,Medium,1,200-400%,1,0,1.0,1.0,1.0,93,87,Employed,Private,37,1,1,1.0,1,1,1,36-45,Married,17.0,1.0,HS_diploma,0,2,2,2,2.0,0,38,600,2,4,0
22000.0,177.0,0.0,Low,1,138-200%,1,0,1.0,1.0,1.0,78,86,Employed,Private,61,2,1,1.0,1,1,1,56-65,Married,16.0,1.0,HS_diploma,0,2,2,2,2.0,0,38,200,2,4,0
13600.0,177.0,0.0,Very_Low,1,138-200%,1,0,1.0,3.0,1.0,91,78,Employed,Government,63,1,1,1.0,1,1,1,56-65,Married,16.0,1.0,HS_diploma,0,2,2,2,2.0,0,38,200,2,4,0
0.0,297.0,0.0,,0,200-400%,0,0,6.0,1.0,3.0,42,69,Not_in_labor_force,Private,42,2,1,1.0,1,1,1,36-45,Married,19.0,1.0,Some_college,0,2,2,2,2.0,0,38,200,2,4,0
60000.0,297.0,0.0,High,1,200-400%,1,0,1.0,1.0,1.0,96,60,Employed,Private,43,1,1,1.0,1,1,1,36-45,Married,19.0,1.0,Some_college,0,2,2,2,2.0,0,38,200,2,4,0
48000.0,325.0,0.0,Medium,1,200-400%,1,0,1.0,3.0,1.0,23,78,Employed,Government,42,2,1,1.0,1,1,1,36-45,Married,22.0,1.0,Graduate,0,2,2,2,2.0,0,38,600,2,4,0
80000.0,325.0,0.0,Very_High,1,200-400%,1,0,1.0,1.0,1.0,47,48,Employed,Private,44,1,1,1.0,1,1,1,36-45,Married,21.0,1.0,Bachelors,0,2,2,2,2.0,0,38,600,2,4,0
0.0,0.0,0.0,,0,,0,0,3.0,8.0,2.0,60,01,Unemployed,Unpaid,43,1,1,1.0,1,1,1,36-45,Married,18.0,1.0,Some_college,0,2,2,2,2.0,0,38,100,2,4,0
0.0,0.0,0.0,,0,,0,0,6.0,1.0,2.0,42,76,Not_in_labor_force,Private,50,1,3,1.0,1,1,1,46-55,Divorced_Separated,12.0,1.0,Less_than_HS,0,1,2,2,1.0,1,38,200,2,4,1
44000.0,463.0,0.0,Medium,1,>400%,1,0,1.0,3.0,1.0,04,07,Employed,Government,50,1,1,1.0,1,1,1,46-55,Married,20.0,1.0,Some_college,0,2,2,2,2.0,0,38,400,2,4,0
68000.0,463.0,0.0,High,1,>400%,1,0,1.0,1.0,1.0,77,30,Employed,Private,20,1,5,1.0,1,1,1,18-25,Never_married,19.0,1.0,Some_college,0,2,2,2,2.0,0,38,400,2,4,0
20000.0,101.0,0.0,Low,1,100-138%,1,0,1.0,1.0,1.0,89,38,Employed,Private,28,1,5,1.0,1,6,1,26-35,Never_married,16.0,1.0,HS_diploma,0,2,2,2,2.0,0,38,500,2,4,0
0.0,101.0,0.0,,0,100-138%,0,0,6.0,1.0,2.0,47,49,Not_in_labor_force,Private,19,2,5,1.0,1,6,1,18-25,Never_married,16.0,1.0,HS_diploma,0,1,2,1,1.0,1,38,500,2,4,0
30000.0,196.0,0.0,Low,1,138-200%,1,0,1.0,1.0,1.0,41,86,Employed,Private,20,2,5,3.0,1,1,1,18-25,Never_married,19.0,2.0,Some_college,1,2,2,2,2.0,0,38,600,2,4,0
0.0,116.0,0.0,,1,100-138%,0,0,6.0,1.0,3.0,42,69,Not_in_labor_force,Private,61,1,3,3.0,1,1,1,56-65,Divorced_Separated,16.0,1.0,HS_diploma,0,1,2,2,1.0,1,38,200,2,4,1
0.0,115.0,0.0,,1,100-138%,0,0,6.0,1.0,3.0,42,69,Not_in_labor_force,Private,53,1,5,3.0,1,1,1,46-55,Never_married,21.0,1.0,Bachelors,0,2,2,2,2.0,0,38,400,2,4,0
54000.0,501.0,0.0,High,1,>400%,1,0,1.0,1.0,1.0,52,68,Employed,Private,38,2,1,1.0,1,1,1,36-45,Married,18.0,1.0,Some_college,0,2,2,2,2.0,0,38,200,2,4,0
36000.0,501.0,0.0,Medium,2,>400%,1,0,1.0,1.0,1.0,78,49,Employed,Private,42,1,1,1.0,1,1,1,36-45,Married,18.0,1.0,Some_college,0,2,2,2,2.0,0,38,200,2,4,0
400.0,379.0,0.0,Very_Low,1,200-400%,1,0,1.0,1.0,1.0,32,81,Employed,Private,34,2,1,1.0,1,1,1,26-35,Married,21.0,1.0,Bachelors,0,2,2,2,2.0,0,38,100,2,4,0
150000.0,379.0,0.0,Very_High,1,200-400%,1,0,1.0,1.0,1.0,14,62,Employed,Private,33,1,1,1.0,1,1,1,26-35,Married,21.0,1.0,Bachelors,0,2,2,2,2.0,0,38,100,2,4,0
1000.0,197.0,20000.0,Very_Low,2,138-200%,1,1,1.0,6.0,1.0,02,01,Employed,Self_employed,52,1,1,1.0,1,1,1,46-55,Married,21.0,1.0,Bachelors,0,2,2,2,2.0,0,38,400,2,4,0
26100.0,197.0,0.0,Low,1,138-200%,1,0,1.0,2.0,1.0,23,78,Employed,Private,52,2,1,1.0,1,1,1,46-55,Married,22.0,1.0,Graduate,0,2,2,2,2.0,0,38,400,2,4,0
150000.0,501.0,0.0,Very_High,1,>400%,1,0,1.0,2.0,1.0,05,69,Employed,Private,57,2,1,1.0,1,1,1,56-65,Married,21.0,1.0,Bachelors,0,2,2,2,2.0,0,38,600,2,4,0
48000.0,307.0,0.0,Medium,1,200-400%,1,0,1.0,1.0,1.0,62,07,Employed,Private,22,1,5,1.0,1,1,1,18-25,Never_married,16.0,1.0,HS_diploma,0,1,2,1,2.0,1,38,600,2,4,0
27000.0,172.0,0.0,Low,1,138-200%,1,0,3.0,1.0,1.0,41,86,Unemployed,Private,21,1,5,1.0,1,1,1,18-25,Never_married,16.0,1.0,HS_diploma,0,2,2,2,2.0,0,38,600,2,4,0
0.0,0.0,0.0,,0,,0,0,6.0,1.0,3.0,42,69,Not_in_labor_force,Private,64,1,1,1.0,1,1,1,56-65,Married,21.0,1.0,Bachelors,0,2,2,2,2.0,0,38,500,2,4,0
0.0,0.0,0.0,,0,,0,0,6.0,1.0,3.0,42,69,Not_in_labor_force,Private,64,2,1,1.0,1,1,1,56-65,Married,20.0,1.0,Some_college,0,2,2,2,2.0,0,38,500,2,4,0
12500.0,157.0,0.0,Very_Low,2,138-200%,1,0,1.0,1.0,1.0,40,90,Employed,Private,62,2,1,1.0,1,1,1,56-65,Married,15.0,1.0,Less_than_HS,0,2,2,2,2.0,0,38,500,2,4,1
12000.0,157.0,100.0,Very_Low,2,138-200%,1,1,3.0,3.0,1.0,40,78,Unemployed,Government,60,1,1,1.0,1,1,1,56-65,Married,18.0,1.0,Some_college,0,1,1,2,1.0,1,38,500,2,4,0
128000.0,501.0,0.0,Very_High,1,>400%,1,0,1.0,1.0,1.0,87,04,Employed,Private,52,2,3,1.0,1,1,1,46-55,Divorced_Separated,20.0,1.0,Some_college,0,2,2,2,2.0,0,38,200,2,4,0
0.0,232.0,0.0,,1,200-400%,0,0,6.0,1.0,2.0,35,80,Not_in_labor_force,Private,65,2,1,1.0,1,1,1,56-65,Married,20.0,1.0,Some_college,0,1,2,2,2.0,1,38,600,2,4,0
5000.0,232.0,0.0,Very_Low,1,200-400%,1,0,1.0,1.0,1.0,96,50,Employed,Private,42,1,3,1.0,1,1,1,36-45,Divorced_Separated,16.0,1.0,HS_diploma,0,2,2,2,2.0,0,38,600,2,4,0
70000.0,501.0,0.0,High,1,>400%,1,0,1.0,1.0,1.0,57,48,Employed,Private,57,2,3,1.0,1,9,1,56-65,Divorced_Separated,18.0,1.0,Some_college,0,2,2,2,2.0,0,38,600,2,4,0
100000.0,501.0,0.0,Very_High,1,>400%,1,0,1.0,5.0,1.0,32,81,Employed,Government,39,2,4,3.0,1,1,1,36-45,Divorced_Separated,21.0,1.0,Bachelors,0,2,2,2,2.0,0,38,600,2,4,0
25000.0,159.0,0.0,Low,1,138-200%,1,0,1.0,1.0,1.0,36,82,Employed,Private,19,2,5,3.0,1,2,1,18-25,Never_married,19.0,2.0,Some_college,1,2,2,2,2.0,0,38,600,2,4,0
30000.0,191.0,0.0,Low,1,138-200%,1,0,1.0,1.0,1.0,91,42,Employed,Private,20,1,5,3.0,1,1,1,18-25,Never_married,19.0,1.0,Some_college,0,2,2,2,2.0,0,38,600,2,4,0
29000.0,256.0,0.0,Low,1,200-400%,1,0,2.0,1.0,1.0,47,53,Employed,Private,27,2,1,1.0,1,1,1,26-35,Married,16.0,1.0,HS_diploma,0,2,2,2,2.0,0,38,100,2,4,0
50000.0,256.0,0.0,Medium,1,200-400%,1,0,1.0,7.0,1.0,91,61,Employed,Self_employed,27,1,1,1.0,1,1,1,26-35,Married,16.0,2.0,HS_diploma,1,2,2,2,2.0,0,38,100,2,4,0
50000.0,320.0,0.0,Medium,1,200-400%,1,0,1.0,1.0,1.0,89,04,Employed,Private,19,1,1,3.0,1,1,2,18-25,Married,14.0,1.0,Less_than_HS,0,2,2,2,2.0,0,38,100,2,4,0
4000.0,320.0,0.0,Very_Low,1,200-400%,1,0,6.0,1.0,1.0,58,78,Not_in_labor_force,Private,18,2,1,3.0,1,1,1,18-25,Married,18.0,2.0,Some_college,1,2,2,2,2.0,0,38,100,2,4,0
20000.0,320.0,0.0,Low,1,200-400%,1,0,1.0,1.0,1.0,89,04,Employed,Private,25,1,5,3.0,1,1,2,18-25,Never_married,15.0,1.0,Less_than_HS,0,2,2,2,2.0,0,38,100,2,4,0
19000.0,411.0,0.0,Low,1,>400%,1,0,1.0,1.0,1.0,81,88,Employed,Private,33,2,1,1.0,1,1,1,26-35,Married,17.0,1.0,HS_diploma,0,2,2,2,2.0,0,38,200,2,4,0
45000.0,411.0,0.0,Medium,2,>400%,1,0,1.0,7.0,1.0,81,88,Employed,Self_employed,39,1,1,1.0,1,1,1,36-45,Married,16.0,1.0,HS_diploma,0,2,2,2,2.0,0,38,200,2,4,0
0.0,501.0,0.0,,1,>400%,0,0,6.0,1.0,3.0,42,69,Not_in_labor_force,Private,60,2,5,1.0,1,1,1,56-65,Never_married,21.0,1.0,Bachelors,0,2,2,2,2.0,0,38,500,2,4,1
115000.0,501.0,0.0,Very_High,1,>400%,1,0,1.0,1.0,1.0,42,22,Employed,Private,30,1,1,1.0,1,1,1,26-35,Married,21.0,1.0,Bachelors,0,2,2,2,2.0,0,38,500,2,4,0
30000.0,501.0,0.0,Low,1,>400%,1,0,1.0,1.0,1.0,35,80,Employed,Private,28,2,1,1.0,1,1,1,26-35,Married,20.0,1.0,Some_college,0,2,2,2,2.0,0,38,500,2,4,0
28000.0,179.0,0.0,Low,1,138-200%,1,0,1.0,1.0,1.0,36,82,Employed,Private,31,2,5,1.0,1,9,1,26-35,Never_married,22.0,1.0,Graduate,0,1,2,2,2.0,1,38,600,2,4,0
26000.0,192.0,0.0,Low,1,138-200%,1,0,1.0,1.0,1.0,47,69,Employed,Private,23,1,5,3.0,1,1,1,18-25,Never_married,21.0,1.0,Bachelors,0,2,2,2,2.0,0,38,500,2,4,0
12000.0,192.0,0.0,Very_Low,1,138-200%,1,0,1.0,1.0,1.0,52,48,Employed,Private,20,1,5,3.0,1,1,1,18-25,Never_married,19.0,2.0,Some_college,1,2,2,2,2.0,0,38,500,2,4,0
7600.0,49.0,0.0,Very_Low,1,<100%,1,0,1.0,3.0,1.0,25,78,Employed,Government,24,1,5,3.0,1,1,1,18-25,Never_married,16.0,2.0,HS_diploma,1,2,2,2,2.0,0,38,500,2,4,0
75000.0,410.0,0.0,High,1,>400%,1,0,1.0,1.0,1.0,77,23,Employed,Private,30,1,1,1.0,1,1,1,26-35,Married,21.0,1.0,Bachelors,0,2,2,2,2.0,0,38,500,2,4,0
48000.0,410.0,0.0,Medium,1,>400%,1,0,1.0,3.0,1.0,23,78,Employed,Government,29,2,1,1.0,1,1,1,26-35,Married,22.0,1.0,Graduate,0,2,2,2,2.0,0,38,500,2,4,0
100000.0,501.0,80000.0,Very_High,2,>400%,1,1,1.0,7.0,1.0,63,69,Employed,Self_employed,35,1,1,1.0,1,1,1,26-35,Married,20.0,1.0,Some_college,0,2,2,2,2.0,0,38,400,2,4,0
30000.0,501.0,0.0,Low,1,>400%,1,0,1.0,2.0,1.0,32,80,Employed,Private,31,2,1,1.0,1,1,1,26-35,Married,20.0,3.0,Some_college,1,2,2,2,2.0,0,38,400,2,4,0
30500.0,176.0,0.0,Medium,1,138-200%,1,0,1.0,1.0,1.0,40,86,Employed,Private,25,2,3,1.0,1,1,1,18-25,Divorced_Separated,16.0,1.0,HS_diploma,0,1,2,2,2.0,1,38,400,2,4,0
28800.0,186.0,0.0,Low,1,138-200%,1,0,1.0,1.0,1.0,96,46,Employed,Private,26,1,5,1.0,1,1,1,26-35,Never_married,11.0,1.0,Less_than_HS,0,2,2,2,2.0,0,38,400,2,4,0
0.0,390.0,0.0,,0,200-400%,0,0,6.0,1.0,3.0,42,69,Not_in_labor_force,Private,60,1,1,1.0,1,1,1,56-65,Married,18.0,1.0,Some_college,0,2,2,2,2.0,0,38,100,2,4,0
0.0,390.0,0.0,,1,200-400%,0,0,6.0,1.0,3.0,42,69,Not_in_labor_force,Private,64,2,1,1.0,1,1,1,56-65,Married,19.0,1.0,Some_college,0,2,2,2,2.0,0,38,100,2,4,0
20000.0,152.0,0.0,Low,1,138-200%,1,0,1.0,4.0,1.0,22,78,Employed,Government,26,1,1,2.0,2,6,1,26-35,Married,21.0,2.0,Bachelors,1,2,2,2,2.0,0,38,500,2,4,0
10500.0,152.0,0.0,Very_Low,1,138-200%,1,0,1.0,4.0,1.0,25,78,Employed,Government,25,2,1,2.0,2,6,1,18-25,Married,21.0,2.0,Bachelors,1,2,2,2,2.0,0,38,500,2,4,0
24000.0,160.0,0.0,Low,1,138-200%,1,0,1.0,4.0,1.0,22,78,Employed,Government,24,2,5,1.0,1,1,1,18-25,Never_married,21.0,2.0,Bachelors,1,2,2,2,2.0,0,38,600,2,4,0
0.0,501.0,124000.0,,1,>400%,0,1,1.0,6.0,1.0,02,01,Employed,Self_employed,57,1,1,1.0,1,1,1,56-65,Married,16.0,1.0,HS_diploma,0,2,2,2,2.0,0,38,500,2,4,0
36000.0,501.0,0.0,Medium,1,>400%,1,0,1.0,4.0,1.0,57,78,Employed,Government,61,2,1,1.0,1,1,1,56-65,Married,18.0,1.0,Some_college,0,2,2,2,2.0,0,38,500,2,4,0
56000.0,501.0,0.0,High,1,>400%,1,0,1.0,3.0,1.0,20,78,Employed,Government,44,1,1,1.0,1,1,1,36-45,Married,22.0,1.0,Graduate,0,2,2,2,2.0,0,38,500,2,4,0
110000.0,501.0,0.0,Very_High,1,>400%,1,0,1.0,5.0,1.0,32,95,Employed,Government,37,2,1,1.0,1,1,1,36-45,Married,23.0,1.0,Graduate,0,2,2,2,2.0,0,38,500,2,4,0
2000.0,38.0,0.0,Very_Low,2,<100%,1,0,1.0,1.0,1.0,41,86,Employed,Private,65,2,3,1.0,1,1,1,56-65,Divorced_Separated,16.0,1.0,HS_diploma,0,2,2,2,2.0,0,38,400,2,4,0
48000.0,355.0,0.0,Medium,1,200-400%,1,0,1.0,3.0,1.0,08,93,Employed,Government,60,2,3,1.0,1,1,1,56-65,Divorced_Separated,21.0,1.0,Bachelors,0,2,2,2,2.0,0,38,500,2,4,0
20000.0,239.0,0.0,Low,1,200-400%,1,0,6.0,2.0,1.0,20,91,Not_in_labor_force,Private,45,2,1,3.0,1,1,1,36-45,Married,22.0,1.0,Graduate,0,1,2,2,1.0,1,38,400,2,4,0
64000.0,239.0,0.0,High,2,200-400%,1,0,1.0,1.0,1.0,72,61,Employed,Private,49,1,1,1.0,1,1,1,46-55,Married,18.0,1.0,Some_college,0,1,1,2,1.0,1,38,400,2,4,0
0.0,239.0,0.0,,0,200-400%,0,0,6.0,1.0,3.0,42,69,Not_in_labor_force,Private,18,2,5,1.0,1,1,1,18-25,Never_married,14.0,2.0,Less_than_HS,1,2,2,2,2.0,0,38,400,2,4,0
35000.0,234.0,0.0,Medium,1,200-400%,1,0,1.0,1.0,1.0,34,50,Employed,Private,36,2,1,1.0,1,1,1,36-45,Married,20.0,1.0,Some_college,0,2,2,2,2.0,0,38,400,2,4,0
0.0,234.0,50000.0,,1,200-400%,0,1,1.0,6.0,1.0,02,01,Employed,Self_employed,35,1,1,1.0,1,1,1,26-35,Married,15.0,1.0,Less_than_HS,0,2,2,2,2.0,0,38,400,2,4,0
117000.0,501.0,0.0,Very_High,3,>400%,1,0,1.0,1.0,1.0,00,50,Employed,Private,42,1,5,1.0,1,1,1,36-45,Never_married,13.0,1.0,Less_than_HS,0,2,2,2,2.0,0,38,100,2,4,0
60000.0,384.0,0.0,High,1,200-400%,1,0,1.0,1.0,1.0,91,86,Employed,Private,54,2,3,1.0,1,1,1,46-55,Divorced_Separated,18.0,1.0,Some_college,0,2,2,2,2.0,0,38,100,2,4,1
130000.0,501.0,0.0,Very_High,2,>400%,1,0,1.0,1.0,1.0,10,73,Employed,Private,35,1,1,1.0,1,1,1,26-35,Married,21.0,1.0,Bachelors,0,2,2,2,2.0,0,38,300,2,4,0
60000.0,501.0,0.0,High,1,>400%,1,0,1.0,4.0,1.0,17,94,Employed,Government,35,2,1,1.0,1,1,1,26-35,Married,21.0,1.0,Bachelors,0,2,2,2,2.0,0,38,300,2,4,0
86000.0,501.0,0.0,Very_High,1,>400%,1,0,1.0,1.0,1.0,13,72,Employed,Private,29,1,5,1.0,1,1,1,26-35,Never_married,22.0,1.0,Graduate,0,1,1,2,2.0,1,38,600,2,4,0
34000.0,221.0,0.0,Medium,1,200-400%,1,0,1.0,2.0,1.0,30,79,Employed,Private,38,2,5,1.0,1,1,1,36-45,Never_married,23.0,1.0,Graduate,0,2,2,2,2.0,0,38,600,2,4,0
180000.0,501.0,0.0,Very_High,1,>400%,1,0,1.0,1.0,1.0,14,30,Employed,Private,46,1,1,1.0,1,1,1,46-55,Married,21.0,1.0,Bachelors,0,2,2,2,2.0,0,38,600,2,4,0
90000.0,501.0,0.0,Very_High,1,>400%,1,0,1.0,1.0,1.0,08,68,Employed,Private,45,2,1,1.0,1,1,1,36-45,Married,21.0,1.0,Bachelors,0,2,2,2,2.0,0,38,600,2,4,0
25000.0,244.0,0.0,Low,1,200-400%,1,0,1.0,3.0,1.0,25,78,Employed,Government,41,2,1,1.0,1,1,1,36-45,Married,16.0,1.0,HS_diploma,0,2,2,2,2.0,0,38,500,2,4,0
50000.0,244.0,0.0,Medium,1,200-400%,1,0,1.0,1.0,1.0,72,46,Employed,Private,37,1,1,1.0,1,1,1,36-45,Married,16.0,1.0,HS_diploma,0,2,2,2,2.0,0,38,500,2,4,0
50000.0,501.0,0.0,Medium,1,>400%,1,0,1.0,2.0,1.0,23,78,Employed,Private,43,2,1,1.0,1,1,1,36-45,Married,22.0,1.0,Graduate,0,2,2,2,2.0,0,38,600,2,4,0
115000.0,501.0,0.0,Very_High,1,>400%,1,0,1.0,1.0,1.0,10,48,Employed,Private,43,1,1,1.0,1,1,1,36-45,Married,19.0,1.0,Some_college,0,2,2,2,2.0,0,38,600,2,4,0
150000.0,501.0,0.0,Very_High,1,>400%,1,0,1.0,7.0,1.0,07,73,Employed,Self_employed,63,1,1,1.0,1,1,1,56-65,Married,19.0,1.0,Some_college,0,2,2,2,2.0,0,38,300,2,4,0
60000.0,501.0,0.0,High,1,>400%,1,0,1.0,1.0,1.0,40,73,Employed,Private,59,2,1,1.0,1,1,1,56-65,Married,16.0,1.0,HS_diploma,0,2,2,2,2.0,0,38,300,2,4,0
38000.0,431.0,0.0,Medium,1,>400%,1,0,1.0,1.0,1.0,36,79,Employed,Private,55,2,1,1.0,1,1,1,46-55,Married,20.0,1.0,Some_college,0,2,2,2,2.0,0,38,600,2,4,0
48000.0,431.0,0.0,Medium,1,>400%,1,0,1.0,4.0,1.0,40,78,Employed,Government,52,1,1,1.0,1,1,1,46-55,Married,20.0,1.0,Some_college,0,2,2,2,2.0,0,38,600,2,4,0
0.0,501.0,0.0,,1,>400%,0,0,6.0,1.0,3.0,42,69,Not_in_labor_force,Private,59,2,1,1.0,1,9,1,56-65,Married,18.0,1.0,Some_college,0,2,2,2,2.0,0,38,400,2,4,0
0.0,501.0,0.0,,1,>400%,0,0,6.0,1.0,2.0,00,52,Not_in_labor_force,Private,57,1,1,1.0,1,1,1,56-65,Married,21.0,1.0,Bachelors,0,2,2,2,2.0,0,38,600,2,4,0
0.0,501.0,0.0,,0,>400%,0,0,6.0,1.0,3.0,42,69,Not_in_labor_force,Private,58,2,1,1.0,1,1,1,56-65,Married,21.0,1.0,Bachelors,0,2,2,2,2.0,0,38,600,2,4,0
38400.0,501.0,0.0,Medium,1,>400%,1,0,1.0,1.0,1.0,47,52,Employed,Private,28,1,5,1.0,1,1,1,26-35,Never_married,21.0,1.0,Bachelors,0,2,2,2,2.0,0,38,600,2,4,0
0.0,60.0,0.0,,0,<100%,0,0,6.0,1.0,3.0,42,69,Not_in_labor_force,Private,38,1,5,1.0,1,1,1,36-45,Never_married,1.0,1.0,Less_than_HS,0,2,2,2,2.0,0,38,400,2,4,0
80000.0,395.0,0.0,Very_High,1,200-400%,1,0,1.0,1.0,1.0,68,04,Employed,Private,45,1,1,2.0,1,8,2,36-45,Married,15.0,2.0,Less_than_HS,1,2,2,2,2.0,0,38,200,2,4,0
0.0,395.0,0.0,,0,200-400%,0,0,6.0,1.0,3.0,42,69,Not_in_labor_force,Private,53,2,1,2.0,1,8,2,46-55,Married,19.0,2.0,Some_college,1,2,2,2,2.0,0,38,200,2,4,0
33600.0,359.0,22700.0,Medium,2,200-400%,1,1,1.0,1.0,1.0,48,76,Employed,Private,61,2,5,1.0,1,1,1,56-65,Never_married,21.0,1.0,Bachelors,0,2,2,2,2.0,0,38,600,2,4,0
70000.0,501.0,0.0,High,1,>400%,1,0,1.0,5.0,1.0,16,95,Employed,Government,49,1,5,1.0,1,1,1,46-55,Never_married,21.0,1.0,Bachelors,0,2,2,2,2.0,0,38,300,2,4,0
54000.0,345.0,0.0,High,1,200-400%,1,0,1.0,3.0,1.0,23,78,Employed,Government,40,2,5,3.0,2,6,1,36-45,Never_married,22.0,1.0,Graduate,0,2,2,2,2.0,0,38,600,2,4,0
68000.0,497.0,0.0,High,1,>400%,1,0,1.0,4.0,1.0,22,78,Employed,Government,56,1,1,1.0,1,1,1,56-65,Married,22.0,1.0,Graduate,0,2,2,2,2.0,0,38,500,2,4,0
32000.0,497.0,0.0,Medium,1,>400%,1,0,1.0,4.0,1.0,57,78,Employed,Government,55,2,1,1.0,1,1,1,46-55,Married,20.0,1.0,Some_college,0,2,2,2,2.0,0,38,500,2,4,0
65000.0,282.0,0.0,High,1,200-400%,1,0,1.0,1.0,1.0,32,81,Employed,Private,36,2,1,1.0,1,8,1,36-45,Married,22.0,1.0,Graduate,0,2,2,2,2.0,0,38,100,2,4,0
20000.0,282.0,0.0,Low,1,200-400%,1,0,1.0,1.0,1.0,47,85,Employed,Private,35,1,1,1.0,1,8,1,26-35,Married,21.0,1.0,Bachelors,0,2,2,2,2.0,0,38,100,2,4,0
28200.0,180.0,0.0,Low,1,138-200%,1,0,1.0,1.0,1.0,03,86,Employed,Private,22,2,5,1.0,1,1,1,18-25,Never_married,19.0,2.0,Some_college,1,2,2,2,2.0,0,38,200,2,4,0
35000.0,223.0,0.0,Medium,1,200-400%,1,0,4.0,5.0,1.0,71,96,Not_in_labor_force,Government,22,1,5,1.0,1,1,1,18-25,Never_married,16.0,1.0,HS_diploma,0,2,2,2,2.0,0,38,200,2,4,0
62000.0,501.0,0.0,High,1,>400%,1,0,1.0,1.0,1.0,49,82,Employed,Private,64,2,1,1.0,1,1,1,56-65,Married,21.0,1.0,Bachelors,0,2,2,2,2.0,0,38,200,2,4,0
42000.0,447.0,0.0,Medium,1,>400%,1,0,1.0,4.0,1.0,20,83,Employed,Government,39,2,1,1.0,1,1,1,36-45,Married,19.0,1.0,Some_college,0,2,2,2,2.0,0,38,500,2,4,0
48000.0,447.0,0.0,Medium,1,>400%,1,0,1.0,1.0,1.0,91,44,Employed,Private,40,1,1,1.0,1,1,1,36-45,Married,15.0,1.0,Less_than_HS,0,2,2,2,2.0,0,38,500,2,4,0
40000.0,260.0,0.0,Medium,1,200-400%,1,0,1.0,2.0,1.0,00,67,Employed,Private,21,2,5,3.0,1,1,1,18-25,Never_married,21.0,1.0,Bachelors,0,2,2,2,2.0,0,38,300,2,4,0
100000.0,501.0,0.0,Very_High,2,>400%,1,0,1.0,1.0,1.0,92,60,Employed,Private,58,1,1,1.0,1,1,1,56-65,Married,21.0,1.0,Bachelors,0,2,2,2,2.0,0,38,300,2,4,0
0.0,501.0,0.0,,0,>400%,0,0,6.0,1.0,3.0,42,69,Not_in_labor_force,Private,55,2,1,1.0,1,1,1,46-55,Married,16.0,1.0,HS_diploma,0,2,2,2,2.0,0,38,300,2,4,0
38500.0,274.0,0.0,Medium,1,200-400%,1,0,1.0,1.0,1.0,96,63,Employed,Private,65,1,3,1.0,1,1,1,56-65,Divorced_Separated,16.0,1.0,HS_diploma,0,1,2,2,2.0,1,38,300,2,4,0
0.0,205.0,0.0,,1,200-400%,0,0,6.0,1.0,2.0,47,53,Not_in_labor_force,Private,62,2,1,3.0,1,1,1,56-65,Married,16.0,1.0,HS_diploma,0,2,2,2,2.0,0,38,200,2,4,1
3000.0,205.0,0.0,Very_Low,2,200-400%,1,0,1.0,1.0,1.0,47,48,Employed,Private,64,1,1,3.0,1,1,1,56-65,Married,21.0,1.0,Bachelors,0,2,2,2,2.0,0,38,200,2,4,0
53000.0,365.0,0.0,High,2,200-400%,1,0,1.0,4.0,1.0,16,78,Employed,Government,34,1,5,1.0,2,1,1,26-35,Never_married,24.0,1.0,Graduate,0,2,2,2,2.0,0,38,500,2,4,0
45000.0,310.0,0.0,Medium,2,200-400%,1,0,1.0,1.0,1.0,36,92,Employed,Private,63,1,5,1.0,1,1,1,56-65,Never_married,21.0,1.0,Bachelors,0,2,2,2,2.0,0,38,400,2,4,0
0.0,265.0,0.0,,1,200-400%,0,0,6.0,1.0,2.0,06,07,Not_in_labor_force,Private,63,1,1,1.0,1,1,1,56-65,Married,15.0,1.0,Less_than_HS,0,2,2,2,2.0,0,38,600,2,4,0
15000.0,131.0,0.0,Very_Low,1,100-138%,1,0,1.0,1.0,1.0,40,86,Employed,Private,33,2,1,1.0,1,1,1,26-35,Married,18.0,1.0,Some_college,0,2,2,2,2.0,0,38,100,2,4,0
25000.0,131.0,0.0,Low,1,100-138%,1,0,1.0,1.0,1.0,80,01,Employed,Private,46,1,1,1.0,1,1,1,46-55,Married,19.0,1.0,Some_college,0,2,2,2,2.0,0,38,100,2,4,0
32000.0,207.0,0.0,Medium,2,200-400%,1,0,1.0,2.0,1.0,53,81,Employed,Private,25,2,5,3.0,1,1,1,18-25,Never_married,19.0,1.0,Some_college,0,2,2,2,2.0,0,38,400,2,4,0
0.0,5.0,0.0,,1,<100%,0,0,6.0,1.0,3.0,42,69,Not_in_labor_force,Private,63,2,3,1.0,1,1,1,56-65,Divorced_Separated,1.0,1.0,Less_than_HS,0,1,2,2,1.0,1,38,200,2,4,0
60000.0,358.0,0.0,High,1,200-400%,1,0,1.0,4.0,1.0,32,79,Employed,Government,37,2,1,1.0,1,1,1,36-45,Married,21.0,1.0,Bachelors,0,2,2,2,2.0,0,38,300,2,4,0
80000.0,358.0,0.0,Very_High,1,200-400%,1,0,1.0,1.0,1.0,02,07,Employed,Private,40,1,1,1.0,1,1,1,36-45,Married,19.0,1.0,Some_college,0,2,2,2,2.0,0,38,300,2,4,0
43000.0,433.0,0.0,Medium,1,>400%,1,0,1.0,3.0,1.0,23,78,Employed,Government,43,2,1,1.0,1,1,1,36-45,Married,21.0,1.0,Bachelors,0,2,2,2,2.0,0,38,200,2,4,0
55000.0,433.0,0.0,High,1,>400%,1,0,1.0,4.0,1.0,23,78,Employed,Government,45,1,1,1.0,1,1,1,36-45,Married,21.0,1.0,Bachelors,0,2,2,2,2.0,0,38,200,2,4,0
0.0,347.0,100000.0,,2,200-400%,0,1,1.0,6.0,1.0,02,01,Employed,Self_employed,29,1,1,1.0,1,1,1,26-35,Married,20.0,1.0,Some_college,0,2,2,2,2.0,0,38,400,2,4,0
25000.0,347.0,0.0,Low,1,200-400%,1,0,1.0,5.0,1.0,57,69,Employed,Government,29,2,1,1.0,1,1,1,26-35,Married,21.0,1.0,Bachelors,0,2,2,2,2.0,0,38,400,2,4,0
0.0,501.0,0.0,,0,>400%,0,0,6.0,1.0,2.0,88,55,Not_in_labor_force,Private,62,2,1,1.0,1,1,1,56-65,Married,19.0,1.0,Some_college,0,2,2,2,2.0,0,38,400,2,4,0
7600.0,501.0,35000.0,Very_Low,3,>400%,1,1,1.0,1.0,1.0,58,55,Employed,Private,31,1,5,1.0,1,1,1,26-35,Never_married,20.0,1.0,Some_college,0,1,2,2,2.0,1,38,400,2,4,0
0.0,501.0,0.0,,1,>400%,0,0,6.0,1.0,3.0,42,69,Not_in_labor_force,Private,26,1,5,1.0,1,1,1,26-35,Never_married,17.0,1.0,HS_diploma,0,1,2,2,1.0,1,38,200,2,4,1
85000.0,418.0,0.0,Very_High,1,>400%,1,0,1.0,1.0,1.0,70,66,Employed,Private,44,1,1,1.0,1,1,1,36-45,Married,20.0,1.0,Some_college,0,2,2,2,2.0,0,38,300,2,4,0
20000.0,418.0,0.0,Low,2,>400%,1,0,1.0,7.0,1.0,57,88,Employed,Self_employed,42,2,1,1.0,1,1,1,36-45,Married,20.0,1.0,Some_college,0,2,2,2,2.0,0,38,300,2,4,0
50000.0,319.0,0.0,Medium,1,200-400%,1,0,1.0,1.0,1.0,96,49,Employed,Private,52,1,3,1.0,1,1,1,46-55,Divorced_Separated,16.0,1.0,HS_diploma,0,2,2,2,2.0,0,38,300,2,4,0
5500.0,35.0,0.0,Very_Low,1,<100%,1,0,1.0,2.0,1.0,57,81,Employed,Private,64,2,3,3.0,2,1,1,56-65,Divorced_Separated,15.0,1.0,Less_than_HS,0,2,2,2,2.0,0,38,400,2,4,0
12000.0,501.0,0.0,Very_Low,1,>400%,1,0,1.0,1.0,1.0,40,86,Employed,Private,57,2,1,1.0,1,1,1,56-65,Married,20.0,1.0,Some_college,0,2,2,2,2.0,0,38,300,2,4,0
49500.0,452.0,2000.0,Medium,3,>400%,1,1,1.0,3.0,1.0,20,78,Employed,Government,64,2,1,1.0,1,1,1,56-65,Married,22.0,1.0,Graduate,0,1,2,2,1.0,1,38,400,2,4,0
35000.0,452.0,0.0,Medium,1,>400%,1,0,1.0,1.0,1.0,42,53,Employed,Private,63,1,1,1.0,1,1,1,56-65,Married,16.0,1.0,HS_diploma,0,1,2,2,1.0,1,38,400,2,4,0
35000.0,501.0,0.0,Medium,2,>400%,1,0,6.0,1.0,1.0,86,20,Not_in_labor_force,Private,56,1,1,1.0,1,1,1,56-65,Married,20.0,1.0,Some_college,0,2,2,2,2.0,0,38,200,2,4,0
98000.0,501.0,0.0,Very_High,1,>400%,1,0,1.0,2.0,1.0,32,81,Employed,Private,47,2,1,1.0,2,1,1,46-55,Married,21.0,1.0,Bachelors,0,2,2,2,2.0,0,38,200,2,4,0
2600.0,501.0,0.0,Very_Low,1,>400%,1,0,6.0,1.0,1.0,41,86,Not_in_labor_force,Private,18,2,5,1.0,1,1,1,18-25,Never_married,14.0,2.0,Less_than_HS,1,2,2,2,2.0,0,38,200,2,4,0
60000.0,262.0,-6700.0,High,1,200-400%,1,0,1.0,1.0,1.0,04,69,Employed,Private,50,1,1,1.0,1,1,1,46-55,Married,21.0,1.0,Bachelors,0,2,2,2,2.0,0,38,100,2,4,0
38000.0,262.0,0.0,Medium,1,200-400%,1,0,1.0,5.0,1.0,23,84,Employed,Government,44,2,1,1.0,1,1,1,36-45,Married,20.0,1.0,Some_college,0,1,1,2,2.0,1,38,100,2,4,0
64000.0,373.0,0.0,High,1,200-400%,1,0,1.0,4.0,1.0,16,94,Employed,Government,34,1,1,1.0,1,1,1,26-35,Married,22.0,1.0,Graduate,0,2,2,2,2.0,0,38,500,2,4,0
50000.0,373.0,0.0,Medium,1,200-400%,1,0,1.0,1.0,1.0,31,80,Employed,Private,34,2,1,1.0,1,1,1,26-35,Married,21.0,1.0,Bachelors,0,2,2,2,2.0,0,38,500,2,4,0
113000.0,501.0,0.0,Very_High,1,>400%,1,0,1.0,1.0,1.0,86,05,Employed,Private,31,1,1,1.0,1,1,1,26-35,Married,20.0,1.0,Some_college,0,2,2,2,2.0,0,38,200,2,4,0
96000.0,501.0,0.0,Very_High,1,>400%,1,0,1.0,1.0,1.0,36,81,Employed,Private,31,2,1,1.0,1,1,1,26-35,Married,22.0,1.0,Graduate,0,2,2,2,2.0,0,38,200,2,4,0
38700.0,430.0,0.0,Medium,4,>400%,1,0,1.0,4.0,1.0,57,94,Employed,Government,61,2,2,1.0,1,1,1,56-65,Divorced_Separated,19.0,1.0,Some_college,0,2,2,2,2.0,0,38,200,2,4,0
65000.0,370.0,0.0,High,1,200-400%,1,0,1.0,1.0,1.0,32,81,Employed,Private,65,2,1,1.0,1,1,1,56-65,Married,21.0,1.0,Bachelors,0,1,2,2,1.0,1,38,200,2,4,0
45500.0,188.0,0.0,Medium,1,138-200%,1,0,1.0,1.0,1.0,39,85,Employed,Private,65,2,3,1.0,1,3,1,56-65,Divorced_Separated,12.0,1.0,Less_than_HS,0,2,2,2,2.0,0,38,400,2,4,0
75000.0,501.0,0.0,High,1,>400%,1,0,1.0,1.0,1.0,14,05,Employed,Private,28,1,1,1.0,1,1,1,26-35,Married,21.0,1.0,Bachelors,0,2,2,2,2.0,0,38,300,2,4,0
43000.0,501.0,0.0,Medium,1,>400%,1,0,1.0,1.0,1.0,26,07,Employed,Private,28,2,1,1.0,1,1,1,26-35,Married,22.0,1.0,Graduate,0,2,2,2,2.0,0,38,300,2,4,0
27500.0,501.0,0.0,Low,2,>400%,1,0,1.0,1.0,1.0,01,07,Employed,Private,43,1,5,1.0,1,1,1,36-45,Never_married,14.0,1.0,Less_than_HS,0,2,2,2,2.0,0,38,400,2,4,0
19100.0,501.0,850.0,Low,2,>400%,1,1,1.0,1.0,1.0,40,86,Employed,Private,64,2,1,1.0,1,1,1,56-65,Married,19.0,1.0,Some_college,0,2,2,2,2.0,0,38,300,2,4,0
45100.0,501.0,0.0,Medium,1,>400%,1,0,1.0,1.0,1.0,11,48,Employed,Private,25,1,5,3.0,1,1,1,18-25,Never_married,21.0,1.0,Bachelors,0,2,2,2,2.0,0,38,300,2,4,0
102000.0,443.0,0.0,Very_High,1,>400%,1,0,1.0,1.0,1.0,04,73,Employed,Private,36,1,1,1.0,1,1,1,36-45,Married,22.0,1.0,Graduate,0,2,2,2,2.0,0,38,600,2,4,0
57000.0,443.0,0.0,High,1,>400%,1,0,1.0,4.0,1.0,30,81,Employed,Government,35,2,1,1.0,1,1,1,26-35,Married,23.0,1.0,Graduate,0,2,2,2,2.0,0,38,600,2,4,0
55000.0,348.0,0.0,High,1,200-400%,1,0,1.0,1.0,1.0,91,01,Employed,Private,62,1,5,1.0,1,1,1,56-65,Never_married,11.0,1.0,Less_than_HS,0,2,2,2,2.0,0,38,200,2,4,0
0.0,45.0,0.0,,1,<100%,0,0,6.0,5.0,2.0,55,63,Not_in_labor_force,Government,63,2,3,1.0,1,1,1,56-65,Divorced_Separated,14.0,1.0,Less_than_HS,0,1,2,2,1.0,1,38,200,2,4,1
66000.0,382.0,0.0,High,1,200-400%,1,0,1.0,1.0,1.0,23,78,Employed,Private,43,2,1,1.0,1,1,1,36-45,Married,21.0,1.0,Bachelors,0,2,2,2,2.0,0,38,500,2,4,0
27000.0,382.0,0.0,Low,1,200-400%,1,0,1.0,1.0,1.0,64,07,Employed,Private,42,1,1,1.0,1,9,1,36-45,Married,16.0,1.0,HS_diploma,0,2,2,2,2.0,0,38,500,2,4,0
55000.0,437.0,0.0,High,2,>400%,1,0,1.0,2.0,1.0,42,82,Employed,Private,63,1,3,1.0,1,1,1,56-65,Divorced_Separated,20.0,1.0,Some_college,0,2,2,2,2.0,0,38,500,2,4,0
76000.0,501.0,0.0,Very_High,1,>400%,1,0,1.0,1.0,1.0,65,07,Employed,Private,41,1,3,1.0,1,1,1,36-45,Divorced_Separated,16.0,1.0,HS_diploma,0,2,2,2,2.0,0,38,300,2,4,0
80000.0,501.0,12000.0,Very_High,2,>400%,1,1,1.0,2.0,1.0,20,91,Employed,Private,62,1,1,1.0,1,1,1,56-65,Married,24.0,1.0,Graduate,0,2,2,2,2.0,0,38,100,2,4,0
60000.0,501.0,0.0,High,1,>400%,1,0,1.0,2.0,1.0,20,91,Employed,Private,59,2,1,1.0,1,1,1,56-65,Married,22.0,1.0,Graduate,0,2,2,2,2.0,0,38,100,2,4,0
29500.0,342.0,0.0,Low,1,200-400%,1,0,1.0,1.0,1.0,91,07,Employed,Private,50,1,1,1.0,1,3,1,46-55,Married,11.0,1.0,Less_than_HS,0,2,2,2,2.0,0,38,400,2,4,0
60000.0,342.0,0.0,High,2,200-400%,1,0,1.0,1.0,1.0,36,82,Employed,Private,48,2,1,1.0,1,3,1,46-55,Married,17.0,1.0,HS_diploma,0,2,2,2,2.0,0,38,400,2,4,0
62000.0,329.0,0.0,High,1,200-400%,1,0,1.0,1.0,1.0,73,07,Employed,Private,39,1,3,1.0,1,1,1,36-45,Divorced_Separated,19.0,1.0,Some_college,0,1,1,2,2.0,1,38,600,2,4,0
26000.0,200.0,0.0,Low,1,138-200%,1,0,1.0,1.0,1.0,42,76,Employed,Private,38,2,5,1.0,1,1,1,36-45,Never_married,16.0,1.0,HS_diploma,0,2,2,2,2.0,0,38,600,2,4,0
95000.0,501.0,0.0,Very_High,1,>400%,1,0,1.0,1.0,1.0,06,81,Employed,Private,25,2,1,1.0,1,1,1,18-25,Married,21.0,1.0,Bachelors,0,2,2,2,2.0,0,38,500,2,4,0
75000.0,501.0,0.0,High,1,>400%,1,0,1.0,1.0,1.0,30,50,Employed,Private,28,1,1,1.0,1,1,1,26-35,Married,24.0,1.0,Graduate,0,2,2,2,2.0,0,38,500,2,4,0
0.0,501.0,0.0,,1,>400%,0,0,6.0,1.0,3.0,42,69,Not_in_labor_force,Private,62,2,1,1.0,1,1,1,56-65,Married,19.0,1.0,Some_college,0,2,2,2,2.0,0,38,600,2,4,0
0.0,153.0,0.0,,0,138-200%,0,0,6.0,1.0,2.0,47,49,Not_in_labor_force,Private,35,2,1,1.0,1,1,1,26-35,Married,16.0,1.0,HS_diploma,0,2,2,2,2.0,0,38,400,2,4,0
55000.0,153.0,0.0,High,1,138-200%,1,0,1.0,3.0,1.0,23,78,Employed,Government,37,1,1,1.0,1,1,1,36-45,Married,21.0,1.0,Bachelors,0,2,2,2,2.0,0,38,400,2,4,0
0.0,490.0,75000.0,,2,>400%,0,1,1.0,6.0,1.0,02,01,Employed,Self_employed,30,1,1,1.0,1,1,1,26-35,Married,21.0,1.0,Bachelors,0,2,2,2,2.0,0,38,400,2,4,0
40000.0,490.0,0.0,Medium,1,>400%,1,0,1.0,3.0,1.0,23,78,Employed,Government,27,2,1,1.0,1,1,1,26-35,Married,22.0,1.0,Graduate,0,2,2,2,2.0,0,38,400,2,4,0
40000.0,457.0,0.0,Medium,1,>400%,1,0,1.0,1.0,1.0,77,30,Employed,Private,62,1,1,1.0,1,1,1,56-65,Married,16.0,1.0,HS_diploma,0,2,2,2,2.0,0,38,400,2,4,0
53000.0,457.0,0.0,High,1,>400%,1,0,1.0,1.0,1.0,47,49,Employed,Private,63,2,1,1.0,1,1,1,56-65,Married,20.0,1.0,Some_college,0,2,2,2,2.0,0,38,400,2,4,0
96000.0,501.0,0.0,Very_High,1,>400%,1,0,1.0,2.0,1.0,32,81,Employed,Private,46,2,1,1.0,1,1,1,46-55,Married,22.0,1.0,Graduate,0,2,2,2,2.0,0,38,600,2,4,0
100000.0,501.0,0.0,Very_High,1,>400%,1,0,1.0,3.0,1.0,23,78,Employed,Government,47,1,1,1.0,1,1,1,46-55,Married,22.0,1.0,Graduate,0,2,2,2,2.0,0,38,600,2,4,0
120000.0,501.0,0.0,Very_High,1,>400%,1,0,1.0,1.0,1.0,00,85,Employed,Private,44,2,3,3.0,1,1,1,36-45,Divorced_Separated,22.0,1.0,Graduate,0,2,2,2,2.0,0,38,500,2,4,0
0.0,309.0,0.0,,1,200-400%,0,0,6.0,1.0,3.0,42,69,Not_in_labor_force,Private,39,2,1,1.0,1,1,1,36-45,Married,21.0,1.0,Bachelors,0,1,2,2,2.0,1,38,500,2,4,0
59000.0,309.0,0.0,High,1,200-400%,1,0,1.0,1.0,1.0,60,01,Employed,Private,40,1,1,1.0,1,1,1,36-45,Married,16.0,1.0,HS_diploma,0,2,2,2,2.0,0,38,500,2,4,0
0.0,23.0,3600.0,,1,<100%,0,1,6.0,6.0,1.0,45,89,Not_in_labor_force,Self_employed,59,2,1,3.0,1,1,1,56-65,Married,19.0,1.0,Some_college,0,2,2,2,2.0,0,38,400,2,4,0
0.0,498.0,0.0,,1,>400%,0,0,6.0,1.0,3.0,42,69,Not_in_labor_force,Private,64,1,5,1.0,1,1,1,56-65,Never_married,16.0,1.0,HS_diploma,0,2,2,2,2.0,0,38,100,2,4,0
0.0,446.0,50000.0,,1,>400%,0,1,1.0,6.0,1.0,02,07,Employed,Self_employed,60,1,1,1.0,1,1,1,56-65,Married,18.0,1.0,Some_college,0,2,2,2,2.0,0,38,400,2,4,0
0.0,446.0,40000.0,,1,>400%,0,1,1.0,6.0,1.0,26,85,Employed,Self_employed,62,2,1,1.0,1,1,1,56-65,Married,21.0,1.0,Bachelors,0,2,2,2,2.0,0,38,400,2,4,0
80000.0,501.0,0.0,Very_High,2,>400%,1,0,1.0,2.0,1.0,31,80,Employed,Private,41,2,1,1.0,2,6,1,36-45,Married,22.0,1.0,Graduate,0,2,2,2,2.0,0,38,600,2,4,0
0.0,501.0,19000.0,,2,>400%,0,1,1.0,6.0,1.0,47,54,Employed,Self_employed,58,1,1,1.0,1,1,1,56-65,Married,19.0,1.0,Some_college,0,2,2,2,2.0,0,38,500,2,4,0
107000.0,501.0,0.0,Very_High,2,>400%,1,0,1.0,4.0,1.0,35,94,Employed,Government,59,2,1,1.0,1,1,1,56-65,Married,20.0,1.0,Some_college,0,1,2,2,1.0,1,38,500,2,4,0
46300.0,501.0,0.0,Medium,2,>400%,1,0,1.0,1.0,1.0,75,85,Employed,Private,29,1,5,1.0,1,1,1,26-35,Never_married,20.0,1.0,Some_college,0,2,2,2,2.0,0,38,500,2,4,0
80000.0,501.0,0.0,Very_High,1,>400%,1,0,2.0,1.0,1.0,23,78,Employed,Private,64,1,5,1.0,1,1,1,56-65,Never_married,22.0,1.0,Graduate,0,2,2,2,2.0,0,38,200,2,4,0
0.0,0.0,0.0,,0,,0,0,6.0,1.0,2.0,47,50,Not_in_labor_force,Private,26,2,5,1.0,1,3,1,26-35,Never_married,16.0,1.0,HS_diploma,0,2,2,2,2.0,0,38,400,2,4,1
44000.0,362.0,0.0,Medium,1,200-400%,1,0,4.0,5.0,1.0,13,96,Not_in_labor_force,Government,27,1,1,1.0,1,1,1,26-35,Married,20.0,1.0,Some_college,0,1,1,2,2.0,1,38,200,2,4,0
28000.0,362.0,0.0,Low,1,200-400%,1,0,1.0,5.0,1.0,07,95,Employed,Government,24,2,1,1.0,1,1,1,18-25,Married,18.0,2.0,Some_college,1,2,2,2,2.0,0,38,200,2,4,0
34000.0,348.0,0.0,Medium,1,200-400%,1,0,1.0,1.0,1.0,58,81,Employed,Private,27,2,1,1.0,1,1,1,26-35,Married,16.0,1.0,HS_diploma,0,2,2,2,2.0,0,38,200,2,4,0
50000.0,348.0,0.0,Medium,1,200-400%,1,0,1.0,1.0,1.0,91,04,Employed,Private,31,1,1,1.0,1,1,1,26-35,Married,16.0,1.0,HS_diploma,0,2,2,2,2.0,0,38,200,2,4,0
70000.0,501.0,0.0,High,1,>400%,1,0,1.0,4.0,1.0,22,78,Employed,Government,50,1,1,1.0,1,1,1,46-55,Married,20.0,2.0,Some_college,1,1,1,2,2.0,1,38,400,2,4,0
40000.0,501.0,0.0,Medium,1,>400%,1,0,1.0,1.0,1.0,32,81,Employed,Private,50,2,1,1.0,1,1,1,46-55,Married,20.0,1.0,Some_college,0,2,2,2,2.0,0,38,400,2,4,0
70000.0,501.0,0.0,High,1,>400%,1,0,1.0,1.0,1.0,55,62,Employed,Private,25,1,5,1.0,1,1,1,18-25,Never_married,20.0,1.0,Some_college,0,2,2,2,2.0,0,38,400,2,4,0
75000.0,501.0,0.0,High,1,>400%,1,0,1.0,1.0,1.0,81,30,Employed,Private,22,1,5,1.0,1,1,1,18-25,Never_married,16.0,1.0,HS_diploma,0,2,2,2,2.0,0,38,400,2,4,0
13000.0,83.0,0.0,Very_Low,1,<100%,1,0,1.0,1.0,1.0,77,30,Employed,Private,21,2,5,3.0,1,1,1,18-25,Never_married,18.0,1.0,Some_college,0,2,2,2,2.0,0,38,400,2,4,0
78000.0,467.0,0.0,Very_High,1,>400%,1,0,1.0,1.0,1.0,02,07,Employed,Private,38,1,1,1.0,1,1,1,36-45,Married,21.0,1.0,Bachelors,0,2,2,2,2.0,0,38,600,2,4,0
35000.0,467.0,0.0,Medium,1,>400%,1,0,1.0,1.0,1.0,21,72,Employed,Private,30,2,1,1.0,1,1,1,26-35,Married,19.0,2.0,Some_college,1,2,2,2,2.0,0,38,600,2,4,0
15000.0,318.0,0.0,Very_Low,2,200-400%,1,0,1.0,2.0,1.0,91,78,Employed,Private,43,1,3,1.0,1,3,1,36-45,Divorced_Separated,21.0,1.0,Bachelors,0,1,2,2,1.0,1,38,400,2,4,0
25000.0,162.0,0.0,Low,1,138-200%,1,0,1.0,3.0,1.0,04,83,Employed,Government,36,1,5,1.0,1,3,1,36-45,Never_married,21.0,1.0,Bachelors,0,2,2,2,2.0,0,38,400,2,4,0
76000.0,501.0,0.0,Very_High,2,>400%,1,0,1.0,1.0,1.0,47,86,Employed,Private,61,1,1,1.0,1,1,1,56-65,Married,18.0,1.0,Some_college,0,2,2,2,2.0,0,38,600,2,4,0
80000.0,501.0,0.0,Very_High,1,>400%,1,0,1.0,1.0,1.0,32,81,Employed,Private,59,2,1,1.0,1,1,1,56-65,Married,22.0,1.0,Graduate,0,2,2,2,2.0,0,38,600,2,4,0
39600.0,258.0,0.0,Medium,1,200-400%,1,0,1.0,1.0,1.0,19,74,Employed,Private,64,1,3,1.0,1,1,1,56-65,Divorced_Separated,17.0,1.0,HS_diploma,0,2,2,2,2.0,0,38,600,2,4,0
60000.0,332.0,0.0,High,1,200-400%,1,0,1.0,1.0,1.0,42,03,Employed,Private,38,2,4,3.0,1,1,1,36-45,Divorced_Separated,20.0,1.0,Some_college,0,2,2,2,2.0,0,38,200,2,4,1
75000.0,482.0,0.0,High,1,>400%,1,0,1.0,1.0,1.0,91,07,Employed,Private,57,1,4,1.0,1,1,1,56-65,Divorced_Separated,12.0,1.0,Less_than_HS,0,2,2,2,2.0,0,38,200,2,4,0
0.0,332.0,0.0,,2,200-400%,0,0,6.0,1.0,3.0,42,69,Not_in_labor_force,Private,55,2,1,3.0,1,1,1,46-55,Married,13.0,1.0,Less_than_HS,0,1,2,2,1.0,1,38,200,2,4,1
0.0,332.0,0.0,,2,200-400%,0,0,6.0,1.0,3.0,42,69,Not_in_labor_force,Private,62,2,3,3.0,1,1,1,56-65,Divorced_Separated,14.0,1.0,Less_than_HS,0,1,2,2,1.0,1,38,200,2,4,1
60000.0,380.0,0.0,High,1,200-400%,1,0,1.0,4.0,1.0,38,94,Employed,Government,31,1,5,1.0,1,1,1,26-35,Never_married,21.0,1.0,Bachelors,0,2,2,2,2.0,0,38,600,2,4,0
42000.0,266.0,0.0,Medium,1,200-400%,1,0,1.0,1.0,1.0,43,90,Employed,Private,27,2,5,1.0,1,1,1,26-35,Never_married,19.0,1.0,Some_college,0,2,2,2,2.0,0,38,600,2,4,0
0.0,253.0,0.0,,0,200-400%,0,0,6.0,1.0,3.0,42,69,Not_in_labor_force,Private,64,2,1,1.0,1,1,1,56-65,Married,20.0,1.0,Some_college,0,1,2,2,1.0,1,38,100,2,4,0
10000.0,229.0,0.0,Very_Low,1,200-400%,1,0,1.0,1.0,1.0,73,87,Employed,Private,38,2,1,1.0,2,1,2,36-45,Married,17.0,1.0,HS_diploma,0,2,2,2,2.0,0,38,200,2,4,0
60000.0,229.0,0.0,High,1,200-400%,1,0,1.0,1.0,1.0,10,73,Employed,Private,38,1,1,1.0,2,1,2,36-45,Married,18.0,2.0,Some_college,1,2,2,2,2.0,0,38,200,2,4,1
2500.0,229.0,0.0,Very_Low,1,200-400%,1,0,1.0,1.0,1.0,77,30,Employed,Private,20,2,5,1.0,2,1,2,18-25,Never_married,18.0,1.0,Some_college,0,2,2,2,2.0,0,38,200,2,4,0
30100.0,390.0,0.0,Medium,1,200-400%,1,0,1.0,1.0,1.0,78,53,Employed,Private,51,2,1,1.0,1,1,1,46-55,Married,17.0,1.0,HS_diploma,0,1,2,2,1.0,1,38,200,2,4,0
26500.0,390.0,0.0,Low,1,200-400%,1,0,1.0,1.0,1.0,40,86,Employed,Private,52,1,1,1.0,1,1,1,46-55,Married,17.0,1.0,HS_diploma,0,2,2,2,2.0,0,38,200,2,4,0
33300.0,390.0,0.0,Medium,1,200-400%,1,0,1.0,1.0,1.0,42,53,Employed,Private,24,2,5,1.0,1,1,1,18-25,Never_married,16.0,1.0,HS_diploma,0,2,2,2,2.0,0,38,200,2,4,0
27700.0,390.0,0.0,Low,1,200-400%,1,0,1.0,1.0,1.0,23,86,Employed,Private,23,2,5,1.0,1,1,1,18-25,Never_married,16.0,1.0,HS_diploma,0,1,2,1,2.0,1,38,200,2,4,0
0.0,306.0,54000.0,,1,200-400%,0,1,1.0,6.0,1.0,02,01,Employed,Self_employed,62,1,3,1.0,1,1,1,56-65,Divorced_Separated,21.0,1.0,Bachelors,0,1,1,2,2.0,1,38,400,2,4,0
6000.0,306.0,0.0,Very_Low,1,200-400%,1,0,6.0,1.0,1.0,60,02,Not_in_labor_force,Private,19,1,5,1.0,1,1,1,18-25,Never_married,20.0,2.0,Some_college,1,2,2,2,2.0,0,38,400,2,4,0
0.0,362.0,0.0,,2,200-400%,0,0,6.0,1.0,2.0,74,05,Not_in_labor_force,Private,64,1,3,1.0,1,1,1,56-65,Divorced_Separated,19.0,1.0,Some_college,0,2,2,2,2.0,0,38,200,2,4,0
98000.0,455.0,4000.0,Very_High,2,>400%,1,1,1.0,2.0,1.0,10,81,Employed,Private,43,2,3,1.0,1,9,1,36-45,Divorced_Separated,21.0,1.0,Bachelors,0,2,2,2,2.0,0,38,200,2,4,0
65000.0,417.0,0.0,High,1,>400%,1,0,1.0,1.0,1.0,63,48,Employed,Private,35,1,5,1.0,1,1,1,26-35,Never_married,19.0,1.0,Some_college,0,2,2,2,2.0,0,38,200,2,4,0
60000.0,239.0,0.0,High,1,200-400%,1,0,1.0,1.0,1.0,49,70,Employed,Private,36,1,1,1.0,1,1,1,36-45,Married,18.0,1.0,Some_college,0,2,2,2,2.0,0,38,200,2,4,0
33000.0,239.0,0.0,Medium,1,200-400%,1,0,1.0,1.0,1.0,52,68,Employed,Private,34,2,1,1.0,1,1,1,26-35,Married,19.0,1.0,Some_college,0,2,2,2,2.0,0,38,200,2,4,0
106000.0,501.0,0.0,Very_High,1,>400%,1,0,1.0,4.0,1.0,37,94,Employed,Government,58,2,1,1.0,1,1,1,56-65,Married,21.0,1.0,Bachelors,0,2,2,2,2.0,0,38,600,2,4,0
80000.0,501.0,0.0,Very_High,2,>400%,1,0,1.0,1.0,1.0,47,48,Employed,Private,60,1,1,1.0,1,1,1,56-65,Married,19.0,1.0,Some_college,0,2,2,2,2.0,0,38,600,2,4,0
0.0,99.0,0.0,,1,<100%,0,0,3.0,1.0,2.0,91,01,Unemployed,Private,61,1,5,1.0,1,1,1,56-65,Never_married,16.0,1.0,HS_diploma,0,1,1,2,2.0,1,38,500,2,4,1
35000.0,223.0,0.0,Medium,1,200-400%,1,0,1.0,3.0,1.0,62,07,Employed,Government,44,1,3,1.0,1,1,1,36-45,Divorced_Separated,16.0,1.0,HS_diploma,0,2,2,2,2.0,0,38,400,2,4,0
0.0,316.0,0.0,,1,200-400%,0,0,6.0,1.0,3.0,42,69,Not_in_labor_force,Private,57,2,1,1.0,1,1,1,56-65,Married,16.0,1.0,HS_diploma,0,1,1,2,2.0,1,38,400,2,4,0
0.0,316.0,0.0,,1,200-400%,0,0,6.0,1.0,3.0,42,69,Not_in_labor_force,Private,63,1,1,1.0,1,9,1,56-65,Married,16.0,1.0,HS_diploma,0,2,2,2,2.0,0,38,400,2,4,0
0.0,106.0,0.0,,1,100-138%,0,0,6.0,1.0,3.0,42,69,Not_in_labor_force,Private,57,1,4,1.0,1,1,1,56-65,Divorced_Separated,16.0,1.0,HS_diploma,0,1,2,2,1.0,1,38,100,2,4,0
0.0,106.0,3700.0,,1,100-138%,0,1,1.0,6.0,1.0,47,49,Employed,Self_employed,31,1,3,1.0,1,1,1,26-35,Divorced_Separated,16.0,1.0,HS_diploma,0,2,2,2,2.0,0,38,100,2,4,1
65000.0,354.0,0.0,High,2,200-400%,1,0,1.0,1.0,1.0,36,79,Employed,Private,38,2,3,1.0,1,1,1,36-45,Divorced_Separated,20.0,1.0,Some_college,0,2,2,2,2.0,0,38,600,2,4,0
80000.0,501.0,0.0,Very_High,2,>400%,1,0,1.0,1.0,1.0,86,06,Employed,Private,33,1,5,1.0,1,1,1,26-35,Never_married,21.0,1.0,Bachelors,0,2,2,2,2.0,0,38,600,2,4,0
47300.0,309.0,0.0,Medium,1,200-400%,1,0,1.0,1.0,1.0,89,10,Employed,Private,44,1,5,1.0,1,1,1,36-45,Never_married,16.0,1.0,HS_diploma,0,2,2,2,2.0,0,38,500,2,4,0
45000.0,223.0,0.0,Medium,1,200-400%,1,0,1.0,1.0,1.0,60,01,Employed,Private,27,1,1,1.0,2,9,1,26-35,Married,19.0,1.0,Some_college,0,2,2,2,2.0,0,38,600,2,4,0
0.0,223.0,0.0,,0,200-400%,0,0,6.0,1.0,3.0,42,69,Not_in_labor_force,Private,29,2,1,1.0,2,2,1,26-35,Married,19.0,1.0,Some_college,0,2,2,2,2.0,0,38,600,2,4,0
13900.0,88.0,0.0,Very_Low,1,<100%,1,0,3.0,1.0,1.0,47,51,Unemployed,Private,19,2,5,3.0,1,1,1,18-25,Never_married,15.0,1.0,Less_than_HS,0,1,1,1,2.0,1,38,100,2,4,0
3000.0,19.0,0.0,Very_Low,1,<100%,1,0,1.0,1.0,1.0,62,07,Employed,Private,19,1,5,3.0,1,1,1,18-25,Never_married,13.0,1.0,Less_than_HS,0,1,2,1,2.0,1,38,100,2,4,0
125000.0,501.0,0.0,Very_High,1,>400%,1,0,1.0,1.0,1.0,70,30,Employed,Private,46,1,1,1.0,1,1,1,46-55,Married,21.0,1.0,Bachelors,0,2,2,2,2.0,0,38,400,2,4,0
75000.0,501.0,0.0,High,1,>400%,1,0,1.0,1.0,1.0,56,30,Employed,Private,43,2,1,1.0,1,1,1,36-45,Married,21.0,1.0,Bachelors,0,2,2,2,2.0,0,38,400,2,4,0
0.0,160.0,0.0,,1,138-200%,0,0,6.0,1.0,3.0,42,69,Not_in_labor_force,Private,65,1,1,1.0,1,1,1,56-65,Married,15.0,1.0,Less_than_HS,0,1,1,2,2.0,1,38,400,2,4,0
0.0,160.0,0.0,,0,138-200%,0,0,6.0,2.0,2.0,42,91,Not_in_labor_force,Private,50,2,3,1.0,1,1,1,46-55,Divorced_Separated,13.0,1.0,Less_than_HS,0,2,2,2,2.0,0,38,400,2,4,1
50000.0,317.0,0.0,Medium,1,200-400%,1,0,1.0,4.0,1.0,57,78,Employed,Government,50,2,5,1.0,1,1,1,46-55,Never_married,21.0,1.0,Bachelors,0,2,2,2,2.0,0,38,600,2,4,0
30000.0,190.0,0.0,Low,1,138-200%,1,0,1.0,1.0,1.0,47,44,Employed,Private,53,2,3,1.0,1,1,1,46-55,Divorced_Separated,22.0,1.0,Graduate,0,2,2,2,2.0,0,38,100,2,4,0
8000.0,103.0,0.0,Very_Low,3,100-138%,1,0,6.0,1.0,1.0,60,01,Not_in_labor_force,Private,62,1,5,1.0,1,1,1,56-65,Never_married,16.0,1.0,HS_diploma,0,2,2,2,2.0,0,38,400,2,4,0
19800.0,394.0,0.0,Low,1,200-400%,1,0,1.0,8.0,1.0,57,01,Employed,Unpaid,60,2,1,1.0,1,1,1,56-65,Married,21.0,1.0,Bachelors,0,2,2,2,2.0,0,38,200,2,4,0
16800.0,293.0,0.0,Low,2,200-400%,1,0,1.0,3.0,1.0,34,78,Employed,Government,65,2,1,1.0,1,1,1,56-65,Married,16.0,1.0,HS_diploma,0,1,1,2,2.0,1,38,200,2,4,0
0.0,172.0,2000.0,,1,138-200%,0,1,1.0,6.0,1.0,42,49,Employed,Self_employed,32,2,1,1.0,1,1,1,26-35,Married,21.0,1.0,Bachelors,0,2,2,2,2.0,0,38,300,2,4,0
50000.0,172.0,0.0,Medium,1,138-200%,1,0,1.0,1.0,1.0,06,07,Employed,Private,35,1,1,1.0,1,1,1,26-35,Married,21.0,1.0,Bachelors,0,2,2,2,2.0,0,38,300,2,4,0
100000.0,501.0,0.0,Very_High,1,>400%,1,0,1.0,3.0,1.0,38,94,Employed,Government,47,1,1,1.0,1,1,1,46-55,Married,21.0,1.0,Bachelors,0,2,2,2,2.0,0,38,100,2,4,0
50000.0,501.0,0.0,Medium,1,>400%,1,0,1.0,1.0,1.0,57,79,Employed,Private,46,2,1,1.0,1,1,1,46-55,Married,19.0,1.0,Some_college,0,2,2,2,2.0,0,38,100,2,4,0
0.0,40.0,0.0,,0,<100%,0,0,3.0,1.0,2.0,49,75,Unemployed,Private,43,2,1,1.0,1,1,1,36-45,Married,19.0,1.0,Some_college,0,1,1,2,1.0,1,38,500,2,4,1
10000.0,40.0,0.0,Very_Low,1,<100%,1,0,1.0,1.0,1.0,96,10,Employed,Private,51,1,1,1.0,1,9,1,46-55,Married,17.0,1.0,HS_diploma,0,2,2,2,2.0,0,38,500,2,4,1
45000.0,287.0,0.0,Medium,1,200-400%,1,0,1.0,1.0,1.0,20,83,Employed,Private,46,2,5,1.0,1,1,1,46-55,Never_married,22.0,1.0,Graduate,0,2,2,2,2.0,0,38,200,2,4,0
50000.0,319.0,0.0,Medium,1,200-400%,1,0,1.0,7.0,1.0,02,07,Employed,Self_employed,42,1,3,1.0,1,1,1,36-45,Divorced_Separated,19.0,1.0,Some_college,0,2,2,2,2.0,0,38,200,2,4,0
32600.0,208.0,0.0,Medium,1,200-400%,1,0,1.0,1.0,1.0,96,61,Employed,Private,53,1,3,1.0,1,9,2,46-55,Divorced_Separated,18.0,1.0,Some_college,0,2,2,2,2.0,0,38,500,2,4,0
52000.0,213.0,0.0,High,1,200-400%,1,0,1.0,5.0,1.0,58,83,Employed,Government,56,2,5,1.0,1,3,1,56-65,Never_married,20.0,1.0,Some_college,0,2,2,2,2.0,0,38,400,2,4,0
0.0,0.0,0.0,,0,,0,0,6.0,5.0,2.0,71,96,Not_in_labor_force,Government,27,1,1,1.0,1,1,2,26-35,Married,16.0,1.0,HS_diploma,0,2,2,2,2.0,0,38,500,2,4,0
0.0,91.0,0.0,,1,<100%,0,0,6.0,1.0,2.0,62,07,Not_in_labor_force,Private,65,1,2,1.0,1,1,1,56-65,Divorced_Separated,17.0,1.0,HS_diploma,0,2,2,2,2.0,0,38,200,2,4,0
30000.0,446.0,0.0,Low,1,>400%,1,0,1.0,1.0,1.0,32,83,Employed,Private,30,2,1,3.0,1,1,1,26-35,Married,22.0,1.0,Graduate,0,2,2,2,2.0,0,38,200,2,4,0
60000.0,446.0,0.0,High,1,>400%,1,0,4.0,5.0,1.0,98,96,Not_in_labor_force,Government,33,1,1,3.0,1,1,2,26-35,Married,21.0,1.0,Bachelors,0,2,2,2,2.0,0,38,200,2,4,0
0.0,0.0,0.0,,0,,0,0,6.0,1.0,2.0,47,49,Not_in_labor_force,Private,29,1,5,1.0,1,3,1,26-35,Never_married,20.0,2.0,Some_college,1,2,2,2,2.0,0,38,300,2,4,1
0.0,273.0,28000.0,,1,200-400%,0,1,2.0,6.0,1.0,04,65,Employed,Self_employed,40,2,1,3.0,1,1,1,36-45,Married,21.0,1.0,Bachelors,0,2,2,2,2.0,0,38,600,2,4,0
0.0,273.0,27000.0,,1,200-400%,0,1,2.0,6.0,1.0,04,85,Employed,Self_employed,41,1,1,3.0,1,1,1,36-45,Married,19.0,1.0,Some_college,0,2,2,2,2.0,0,38,600,2,4,0
60000.0,380.0,0.0,High,1,200-400%,1,0,1.0,1.0,1.0,91,61,Employed,Private,23,1,5,1.0,1,1,1,18-25,Never_married,16.0,1.0,HS_diploma,0,2,2,2,2.0,0,38,100,2,4,0
86000.0,501.0,0.0,Very_High,2,>400%,1,0,1.0,7.0,1.0,51,74,Employed,Self_employed,55,2,1,1.0,1,1,1,46-55,Married,21.0,1.0,Bachelors,0,2,2,2,2.0,0,38,200,2,4,0
105000.0,501.0,0.0,Very_High,2,>400%,1,0,1.0,7.0,1.0,16,74,Employed,Self_employed,55,1,1,1.0,1,1,1,46-55,Married,22.0,1.0,Graduate,0,2,2,2,2.0,0,38,200,2,4,0
100000.0,501.0,50000.0,Very_High,2,>400%,1,1,6.0,6.0,1.0,02,01,Not_in_labor_force,Self_employed,45,1,1,1.0,1,1,1,36-45,Married,18.0,1.0,Some_college,0,2,2,2,2.0,0,38,500,2,4,0
83000.0,501.0,0.0,Very_High,1,>400%,1,0,1.0,2.0,1.0,10,81,Employed,Private,46,2,1,1.0,1,1,1,46-55,Married,21.0,1.0,Bachelors,0,2,2,2,2.0,0,38,500,2,4,0
42000.0,501.0,37000.0,Medium,3,>400%,1,1,1.0,1.0,1.0,60,01,Employed,Private,32,1,1,1.0,1,1,1,26-35,Married,18.0,1.0,Some_college,0,2,2,2,2.0,0,38,300,2,4,0
86000.0,501.0,0.0,Very_High,1,>400%,1,0,1.0,1.0,1.0,31,80,Employed,Private,31,2,1,1.0,1,1,1,26-35,Married,24.0,1.0,Graduate,0,2,2,2,2.0,0,38,300,2,4,0
0.0,395.0,0.0,,2,200-400%,0,0,6.0,1.0,2.0,77,35,Not_in_labor_force,Private,65,1,1,1.0,1,1,1,56-65,Married,16.0,1.0,HS_diploma,0,2,2,2,2.0,0,38,600,2,4,0
12000.0,395.0,0.0,Very_Low,2,200-400%,1,0,1.0,1.0,1.0,51,68,Employed,Private,64,2,1,1.0,1,1,1,56-65,Married,16.0,1.0,HS_diploma,0,2,2,2,2.0,0,38,600,2,4,0
100000.0,389.0,0.0,Very_High,1,200-400%,1,0,1.0,1.0,1.0,14,31,Employed,Private,39,1,1,1.0,1,1,1,36-45,Married,22.0,1.0,Graduate,0,2,2,2,2.0,0,38,500,2,4,0
40000.0,389.0,0.0,Medium,1,200-400%,1,0,1.0,1.0,1.0,36,82,Employed,Private,29,2,1,1.0,2,6,1,26-35,Married,21.0,1.0,Bachelors,0,2,2,2,2.0,0,38,500,2,4,0
24000.0,128.0,20000.0,Low,2,100-138%,1,1,1.0,6.0,1.0,02,01,Employed,Self_employed,40,1,1,1.0,1,1,1,36-45,Married,15.0,1.0,Less_than_HS,0,2,2,2,2.0,0,38,500,2,4,0
0.0,128.0,2000.0,,1,100-138%,0,1,1.0,6.0,1.0,02,01,Employed,Self_employed,39,2,1,1.0,1,1,1,36-45,Married,17.0,1.0,HS_diploma,0,2,2,2,2.0,0,38,500,2,4,0
0.0,390.0,37000.0,,1,200-400%,0,1,1.0,6.0,1.0,07,57,Employed,Self_employed,45,2,1,1.0,1,1,1,36-45,Married,21.0,1.0,Bachelors,0,2,2,2,2.0,0,38,400,2,4,0
106000.0,390.0,0.0,Very_High,1,200-400%,1,0,1.0,1.0,1.0,14,35,Employed,Private,47,1,1,1.0,1,1,1,46-55,Married,22.0,1.0,Graduate,0,2,2,2,2.0,0,38,400,2,4,0
0.0,390.0,0.0,,0,200-400%,0,0,3.0,9.0,3.0,99,99,Unemployed,Unpaid,18,1,5,1.0,1,1,1,18-25,Never_married,16.0,2.0,HS_diploma,1,2,2,2,2.0,0,38,400,2,4,0
20000.0,399.0,0.0,Low,2,200-400%,1,0,1.0,1.0,1.0,18,79,Employed,Private,27,2,1,2.0,1,1,1,26-35,Married,21.0,1.0,Bachelors,0,2,2,2,2.0,0,38,500,2,4,0
60000.0,399.0,0.0,High,1,200-400%,1,0,4.0,5.0,1.0,00,96,Not_in_labor_force,Government,29,1,1,2.0,1,1,1,26-35,Married,21.0,3.0,Bachelors,1,2,2,2,2.0,0,38,500,2,4,0
51000.0,501.0,50000.0,High,4,>400%,1,1,1.0,6.0,1.0,40,86,Employed,Self_employed,56,1,1,1.0,1,1,1,56-65,Married,18.0,1.0,Some_college,0,2,2,2,2.0,0,38,400,2,4,0
21400.0,501.0,0.0,Low,1,>400%,1,0,1.0,2.0,1.0,96,54,Employed,Private,55,2,1,1.0,1,1,1,46-55,Married,16.0,1.0,HS_diploma,0,2,2,2,2.0,0,38,400,2,4,0
140000.0,392.0,0.0,Very_High,1,200-400%,1,0,1.0,1.0,1.0,02,62,Employed,Private,36,1,1,1.0,1,1,1,36-45,Married,19.0,1.0,Some_college,0,2,2,2,2.0,0,38,300,2,4,0
0.0,392.0,0.0,,0,200-400%,0,0,6.0,1.0,2.0,46,85,Not_in_labor_force,Private,31,2,1,1.0,2,9,2,26-35,Married,16.0,1.0,HS_diploma,0,2,2,2,2.0,0,38,300,2,4,0
90000.0,290.0,0.0,Very_High,1,200-400%,1,0,1.0,1.0,1.0,91,22,Employed,Private,49,1,3,1.0,1,1,1,46-55,Divorced_Separated,13.0,1.0,Less_than_HS,0,2,2,2,2.0,0,38,100,2,4,0
30000.0,501.0,0.0,Low,2,>400%,1,0,1.0,1.0,1.0,83,16,Employed,Private,50,2,3,1.0,1,1,1,46-55,Divorced_Separated,19.0,1.0,Some_college,0,2,2,2,2.0,0,38,100,2,4,0
6000.0,290.0,0.0,Very_Low,1,200-400%,1,0,2.0,1.0,1.0,41,86,Employed,Private,50,2,3,1.0,1,1,1,46-55,Divorced_Separated,17.0,1.0,HS_diploma,0,2,2,2,2.0,0,38,100,2,4,0
38000.0,290.0,0.0,Medium,1,200-400%,1,0,1.0,1.0,1.0,81,30,Employed,Private,49,1,3,1.0,1,1,1,46-55,Divorced_Separated,20.0,1.0,Some_college,0,2,2,2,2.0,0,38,100,2,4,0
18200.0,501.0,0.0,Low,1,>400%,1,0,1.0,1.0,1.0,40,86,Employed,Private,56,2,1,1.0,1,1,1,56-65,Married,17.0,1.0,HS_diploma,0,2,2,2,2.0,0,38,200,2,4,0
47700.0,501.0,0.0,Medium,1,>400%,1,0,1.0,1.0,1.0,77,28,Employed,Private,56,1,1,1.0,1,9,1,56-65,Married,13.0,1.0,Less_than_HS,0,2,2,2,2.0,0,38,200,2,4,0
67000.0,501.0,0.0,High,1,>400%,1,0,1.0,1.0,1.0,62,07,Employed,Private,38,1,5,1.0,1,9,1,36-45,Never_married,16.0,1.0,HS_diploma,0,2,2,2,2.0,0,38,200,2,4,0
14700.0,501.0,0.0,Very_Low,1,>400%,1,0,1.0,3.0,1.0,39,78,Employed,Government,39,1,1,1.0,1,1,1,36-45,Married,18.0,1.0,Some_college,0,2,2,2,2.0,0,38,500,2,4,0
75000.0,501.0,0.0,High,1,>400%,1,0,1.0,7.0,1.0,08,70,Employed,Self_employed,51,2,1,1.0,1,1,1,46-55,Married,21.0,1.0,Bachelors,0,2,2,2,2.0,0,38,600,2,4,0
100000.0,501.0,20000.0,Very_High,2,>400%,1,1,1.0,1.0,1.0,48,43,Employed,Private,56,1,1,1.0,1,1,1,56-65,Married,21.0,1.0,Bachelors,0,2,2,2,2.0,0,38,600,2,4,0
0.0,219.0,0.0,,2,200-400%,0,0,6.0,3.0,2.0,26,64,Not_in_labor_force,Government,23,1,5,1.0,1,1,1,18-25,Never_married,16.0,1.0,HS_diploma,0,1,2,2,2.0,1,38,400,2,4,0
18000.0,501.0,0.0,Low,1,>400%,1,0,1.0,1.0,1.0,25,78,Employed,Private,39,2,1,1.0,1,1,1,36-45,Married,16.0,1.0,HS_diploma,0,2,2,2,2.0,0,38,400,2,4,0
50000.0,475.0,0.0,Medium,1,>400%,1,0,1.0,1.0,1.0,32,81,Employed,Private,65,2,1,1.0,1,1,1,56-65,Married,20.0,1.0,Some_college,0,2,2,2,2.0,0,38,500,2,4,0
65000.0,358.0,20000.0,High,2,200-400%,1,1,1.0,1.0,1.0,91,45,Employed,Private,41,1,1,1.0,1,1,1,36-45,Married,16.0,1.0,HS_diploma,0,2,2,2,2.0,0,38,500,2,4,0
59000.0,358.0,0.0,High,1,200-400%,1,0,1.0,1.0,1.0,52,66,Employed,Private,38,2,1,1.0,1,1,1,36-45,Married,21.0,1.0,Bachelors,0,2,2,2,2.0,0,38,500,2,4,0
50000.0,319.0,0.0,Medium,1,200-400%,1,0,1.0,1.0,1.0,73,85,Employed,Private,43,1,5,1.0,1,3,1,36-45,Never_married,16.0,1.0,HS_diploma,0,2,2,2,2.0,0,38,100,2,4,0
60000.0,336.0,0.0,High,1,200-400%,1,0,1.0,2.0,1.0,36,80,Employed,Private,31,2,1,1.0,1,1,1,26-35,Married,20.0,1.0,Some_college,0,2,2,2,2.0,0,38,500,2,4,0
60000.0,336.0,0.0,High,1,200-400%,1,0,1.0,2.0,1.0,02,07,Employed,Private,34,1,1,1.0,1,1,1,26-35,Married,19.0,1.0,Some_college,0,2,2,2,2.0,0,38,500,2,4,0
15000.0,50.0,0.0,Very_Low,1,<100%,1,0,1.0,3.0,1.0,36,82,Employed,Government,28,2,5,1.0,1,3,1,26-35,Never_married,15.0,1.0,Less_than_HS,0,2,2,2,2.0,0,38,400,2,4,1
96000.0,501.0,0.0,Very_High,1,>400%,1,0,1.0,2.0,1.0,33,81,Employed,Private,60,1,1,1.0,1,1,1,56-65,Married,21.0,1.0,Bachelors,0,2,2,2,2.0,0,38,200,2,4,0
110000.0,501.0,0.0,Very_High,1,>400%,1,0,1.0,2.0,1.0,32,81,Employed,Private,59,2,1,1.0,1,1,1,56-65,Married,21.0,1.0,Bachelors,0,2,2,2,2.0,0,38,200,2,4,0
45800.0,299.0,0.0,Medium,1,200-400%,1,0,1.0,1.0,1.0,60,72,Employed,Private,58,1,3,3.0,1,1,1,56-65,Divorced_Separated,24.0,1.0,Graduate,0,2,2,2,2.0,0,38,200,2,4,0
31800.0,208.0,0.0,Medium,1,200-400%,1,0,1.0,2.0,1.0,07,81,Employed,Private,49,1,3,3.0,2,2,1,46-55,Divorced_Separated,22.0,2.0,Graduate,1,2,2,2,2.0,0,38,600,2,4,0
65000.0,482.0,0.0,High,1,>400%,1,0,1.0,1.0,1.0,86,01,Employed,Private,61,1,1,1.0,1,1,1,56-65,Married,18.0,1.0,Some_college,0,2,2,2,2.0,0,38,500,2,4,0
47000.0,482.0,0.0,Medium,1,>400%,1,0,1.0,3.0,1.0,23,78,Employed,Government,58,2,1,1.0,1,1,1,56-65,Married,21.0,1.0,Bachelors,0,2,2,2,2.0,0,38,500,2,4,0
0.0,482.0,2400.0,,1,>400%,0,1,1.0,6.0,1.0,42,76,Employed,Self_employed,29,1,5,1.0,1,1,1,26-35,Never_married,21.0,1.0,Bachelors,0,1,2,2,2.0,1,38,500,2,4,1
25000.0,123.0,0.0,Low,1,100-138%,1,0,1.0,1.0,1.0,82,32,Employed,Private,44,1,3,1.0,1,1,1,36-45,Divorced_Separated,19.0,1.0,Some_college,0,1,2,2,2.0,1,38,400,2,4,0
50000.0,326.0,0.0,Medium,1,200-400%,1,0,1.0,1.0,1.0,08,01,Employed,Private,41,2,3,1.0,1,1,1,36-45,Divorced_Separated,22.0,1.0,Graduate,0,1,2,2,1.0,1,38,400,2,4,0
42000.0,429.0,30000.0,Medium,3,>400%,1,1,6.0,7.0,1.0,63,07,Not_in_labor_force,Self_employed,64,1,1,1.0,1,1,1,56-65,Married,16.0,1.0,HS_diploma,0,1,2,2,1.0,1,38,200,2,4,0
98000.0,501.0,0.0,Very_High,1,>400%,1,0,1.0,1.0,1.0,31,80,Employed,Private,40,2,1,1.0,1,1,1,36-45,Married,21.0,1.0,Bachelors,0,2,2,2,2.0,0,38,600,2,4,0
133000.0,501.0,0.0,Very_High,1,>400%,1,0,2.0,1.0,1.0,86,05,Employed,Private,50,1,1,1.0,1,1,1,46-55,Married,16.0,1.0,HS_diploma,0,2,2,2,2.0,0,38,600,2,4,0
75000.0,480.0,0.0,High,2,>400%,1,0,1.0,7.0,1.0,62,07,Employed,Self_employed,22,1,5,3.0,1,1,1,18-25,Never_married,19.0,1.0,Some_college,0,2,2,2,2.0,0,38,500,2,4,0
27300.0,173.0,0.0,Low,1,138-200%,1,0,1.0,1.0,1.0,36,82,Employed,Private,20,2,5,3.0,1,1,1,18-25,Never_married,19.0,2.0,Some_college,1,2,2,2,2.0,0,38,500,2,4,0
65000.0,501.0,0.0,High,1,>400%,1,0,1.0,1.0,1.0,48,69,Employed,Private,58,2,1,1.0,1,1,1,56-65,Married,16.0,1.0,HS_diploma,0,2,2,2,2.0,0,38,500,2,4,0
45000.0,284.0,0.0,Medium,1,200-400%,1,0,1.0,4.0,1.0,05,95,Employed,Government,46,1,5,1.0,1,1,1,46-55,Never_married,19.0,1.0,Some_college,0,2,2,2,2.0,0,38,100,2,4,0
94000.0,501.0,0.0,Very_High,2,>400%,1,0,1.0,1.0,1.0,10,66,Employed,Private,64,1,5,1.0,1,1,1,56-65,Never_married,21.0,3.0,Bachelors,1,1,2,2,1.0,1,38,100,2,4,0
70000.0,457.0,0.0,High,1,>400%,1,0,1.0,1.0,1.0,96,60,Employed,Private,55,1,5,1.0,1,1,1,46-55,Never_married,16.0,1.0,HS_diploma,0,2,2,2,2.0,0,38,400,2,4,0
0.0,184.0,24000.0,,1,138-200%,0,1,1.0,6.0,1.0,42,76,Employed,Self_employed,38,2,1,1.0,1,1,1,36-45,Married,16.0,1.0,HS_diploma,0,1,2,2,1.0,1,38,100,2,4,0
50000.0,184.0,0.0,Medium,1,138-200%,1,0,1.0,3.0,1.0,67,07,Employed,Government,42,1,1,1.0,1,1,1,36-45,Married,16.0,1.0,HS_diploma,0,2,2,2,2.0,0,38,100,2,4,0
30000.0,123.0,0.0,Low,1,100-138%,1,0,1.0,1.0,1.0,91,70,Employed,Private,28,2,3,1.0,1,1,1,26-35,Divorced_Separated,18.0,1.0,Some_college,0,2,2,2,2.0,0,38,200,2,4,0
79000.0,403.0,0.0,Very_High,1,>400%,1,0,1.0,1.0,1.0,69,04,Employed,Private,60,1,1,1.0,1,1,1,56-65,Married,16.0,1.0,HS_diploma,0,2,2,2,2.0,0,38,100,2,4,0
0.0,403.0,0.0,,0,>400%,0,0,6.0,1.0,3.0,42,69,Not_in_labor_force,Private,56,2,1,1.0,1,1,1,56-65,Married,16.0,1.0,HS_diploma,0,2,2,2,2.0,0,38,100,2,4,0
110000.0,501.0,0.0,Very_High,2,>400%,1,0,1.0,1.0,1.0,10,30,Employed,Private,38,1,1,1.0,1,1,1,36-45,Married,21.0,1.0,Bachelors,0,2,2,2,2.0,0,38,600,2,4,0
65000.0,501.0,0.0,High,1,>400%,1,0,1.0,1.0,1.0,08,68,Employed,Private,34,2,1,3.0,1,1,1,26-35,Married,21.0,1.0,Bachelors,0,2,2,2,2.0,0,38,600,2,4,0
51000.0,399.0,0.0,High,1,200-400%,1,0,1.0,3.0,1.0,23,78,Employed,Government,32,2,1,1.0,1,1,1,26-35,Married,21.0,1.0,Bachelors,0,2,2,2,2.0,0,38,200,2,4,0
30000.0,399.0,0.0,Low,1,200-400%,1,0,1.0,3.0,1.0,25,78,Employed,Government,34,1,1,1.0,1,1,1,26-35,Married,19.0,1.0,Some_college,0,2,2,2,2.0,0,38,200,2,4,0
100000.0,501.0,0.0,Very_High,1,>400%,1,0,1.0,5.0,1.0,16,95,Employed,Government,49,1,1,1.0,2,6,1,46-55,Married,21.0,1.0,Bachelors,0,1,2,1,2.0,1,38,600,2,4,0
40000.0,501.0,0.0,Medium,1,>400%,1,0,1.0,1.0,1.0,02,78,Employed,Private,47,2,1,1.0,2,6,1,46-55,Married,21.0,1.0,Bachelors,0,2,2,2,2.0,0,38,600,2,4,0
0.0,154.0,60000.0,,1,138-200%,0,1,1.0,6.0,1.0,02,01,Employed,Self_employed,35,1,1,1.0,1,1,1,26-35,Married,21.0,1.0,Bachelors,0,1,2,2,2.0,1,38,200,2,4,0
0.0,154.0,0.0,,1,138-200%,0,0,6.0,1.0,3.0,42,69,Not_in_labor_force,Private,36,2,1,1.0,1,1,1,36-45,Married,21.0,1.0,Bachelors,0,2,2,2,2.0,0,38,200,2,4,0
3000.0,31.0,2000.0,Very_Low,2,<100%,1,1,1.0,1.0,1.0,40,86,Employed,Private,28,2,5,3.0,1,1,1,26-35,Never_married,20.0,1.0,Some_college,0,2,2,2,2.0,0,38,300,2,4,1
0.0,0.0,0.0,,0,,0,0,6.0,1.0,3.0,42,69,Not_in_labor_force,Private,35,2,1,3.0,1,9,1,26-35,Married,20.0,1.0,Some_college,0,2,2,2,2.0,0,38,500,2,4,0
0.0,0.0,0.0,,0,,0,0,6.0,1.0,3.0,42,69,Not_in_labor_force,Private,35,1,1,3.0,1,1,1,26-35,Married,21.0,1.0,Bachelors,0,2,2,2,2.0,0,38,500,2,4,0
56000.0,269.0,0.0,High,1,200-400%,1,0,1.0,1.0,1.0,77,35,Employed,Private,32,1,5,1.0,1,5,1,26-35,Never_married,18.0,1.0,Some_college,0,2,2,2,2.0,0,38,500,2,4,0
65000.0,427.0,0.0,High,1,>400%,1,0,1.0,2.0,1.0,20,78,Employed,Private,59,2,3,1.0,1,1,1,56-65,Divorced_Separated,22.0,1.0,Graduate,0,2,2,2,2.0,0,38,200,2,4,0
30200.0,147.0,0.0,Medium,1,138-200%,1,0,1.0,1.0,1.0,47,53,Employed,Private,41,2,3,1.0,1,1,1,36-45,Divorced_Separated,16.0,1.0,HS_diploma,0,2,2,2,2.0,0,38,500,2,4,1
80000.0,501.0,0.0,Very_High,1,>400%,1,0,6.0,1.0,1.0,72,46,Not_in_labor_force,Private,41,1,5,1.0,1,1,1,36-45,Never_married,16.0,1.0,HS_diploma,0,2,2,2,2.0,0,38,500,2,4,1
0.0,470.0,0.0,,0,>400%,0,0,6.0,7.0,2.0,57,07,Not_in_labor_force,Self_employed,26,2,1,1.0,1,1,1,26-35,Married,21.0,1.0,Bachelors,0,2,2,2,2.0,0,38,600,2,4,0
115000.0,470.0,0.0,Very_High,1,>400%,1,0,1.0,1.0,1.0,47,46,Employed,Private,27,1,1,1.0,1,1,1,26-35,Married,18.0,1.0,Some_college,0,2,2,2,2.0,0,38,600,2,4,0
0.0,0.0,0.0,,0,,0,0,6.0,1.0,3.0,42,69,Not_in_labor_force,Private,46,2,5,3.0,1,1,1,46-55,Never_married,1.0,1.0,Less_than_HS,0,2,2,2,2.0,0,38,400,2,4,0
70000.0,412.0,12000.0,High,2,>400%,1,1,1.0,1.0,1.0,02,01,Employed,Private,30,1,1,1.0,1,1,1,26-35,Married,21.0,1.0,Bachelors,0,2,2,2,2.0,0,38,500,2,4,0
0.0,412.0,0.0,,0,>400%,0,0,6.0,1.0,2.0,35,83,Not_in_labor_force,Private,30,2,1,1.0,1,1,1,26-35,Married,22.0,2.0,Graduate,1,2,2,2,2.0,0,38,500,2,4,0
50000.0,501.0,5300.0,Medium,2,>400%,1,1,1.0,1.0,1.0,52,69,Employed,Private,55,2,1,1.0,1,1,1,46-55,Married,20.0,1.0,Some_college,0,2,2,2,2.0,0,38,200,2,4,0
50000.0,501.0,0.0,Medium,1,>400%,1,0,1.0,2.0,1.0,20,91,Employed,Private,58,1,1,1.0,1,1,1,56-65,Married,16.0,1.0,HS_diploma,0,2,2,2,2.0,0,38,200,2,4,0
0.0,501.0,0.0,,0,>400%,0,0,6.0,1.0,3.0,42,69,Not_in_labor_force,Private,60,2,1,1.0,1,1,1,56-65,Married,19.0,1.0,Some_college,0,1,1,2,2.0,1,38,600,2,4,0
45000.0,222.0,0.0,Medium,1,200-400%,1,0,1.0,1.0,1.0,42,76,Employed,Private,21,1,5,3.0,2,1,1,18-25,Never_married,1.0,1.0,Less_than_HS,0,2,2,2,2.0,0,38,600,2,4,0
45000.0,430.0,0.0,Medium,1,>400%,1,0,1.0,2.0,1.0,20,83,Employed,Private,30,2,1,1.0,1,1,1,26-35,Married,20.0,1.0,Some_college,0,2,2,2,2.0,0,38,200,2,4,0
60000.0,430.0,0.0,High,1,>400%,1,0,2.0,1.0,1.0,73,07,Employed,Private,32,1,1,1.0,1,1,1,26-35,Married,16.0,1.0,HS_diploma,0,2,2,2,2.0,0,38,200,2,4,0
96000.0,501.0,0.0,Very_High,1,>400%,1,0,1.0,3.0,1.0,21,94,Employed,Government,28,1,1,1.0,1,1,1,26-35,Married,23.0,1.0,Graduate,0,2,2,2,2.0,0,38,300,2,4,0
73000.0,501.0,0.0,High,1,>400%,1,0,1.0,1.0,1.0,00,72,Employed,Private,28,2,1,1.0,1,1,1,26-35,Married,21.0,1.0,Bachelors,0,2,2,2,2.0,0,38,300,2,4,0
42200.0,418.0,0.0,Medium,1,>400%,1,0,1.0,3.0,1.0,42,78,Employed,Government,61,1,3,1.0,1,3,1,56-65,Divorced_Separated,19.0,1.0,Some_college,0,1,2,1,2.0,1,38,400,2,4,0
17900.0,418.0,0.0,Low,1,>400%,1,0,1.0,3.0,1.0,42,93,Employed,Government,20,1,5,1.0,1,3,1,18-25,Never_married,14.0,2.0,Less_than_HS,1,1,2,2,2.0,1,38,400,2,4,0
0.0,501.0,0.0,,0,>400%,0,0,3.0,4.0,2.0,29,78,Unemployed,Government,26,2,5,1.0,1,1,1,26-35,Never_married,18.0,1.0,Some_college,0,2,2,2,2.0,0,38,300,2,4,0
20000.0,174.0,0.0,Low,1,138-200%,1,0,3.0,2.0,1.0,00,85,Unemployed,Private,64,1,3,1.0,1,1,1,56-65,Divorced_Separated,20.0,1.0,Some_college,0,2,2,2,2.0,0,38,200,2,4,1
0.0,174.0,0.0,,1,138-200%,0,0,6.0,1.0,3.0,42,69,Not_in_labor_force,Private,60,1,5,1.0,1,1,1,56-65,Never_married,18.0,1.0,Some_college,0,1,2,2,1.0,1,38,200,2,4,0
58000.0,383.0,630.0,High,3,200-400%,1,1,1.0,3.0,1.0,23,78,Employed,Government,37,2,5,3.0,1,1,1,36-45,Never_married,22.0,1.0,Graduate,0,2,2,2,2.0,0,38,200,2,4,0
90000.0,501.0,0.0,Very_High,1,>400%,1,0,1.0,2.0,1.0,00,83,Employed,Private,52,1,1,1.0,1,1,1,46-55,Married,21.0,1.0,Bachelors,0,2,2,2,2.0,0,38,500,2,4,0
85000.0,501.0,0.0,Very_High,2,>400%,1,0,1.0,1.0,1.0,01,82,Employed,Private,50,2,1,1.0,1,9,2,46-55,Married,21.0,1.0,Bachelors,0,2,2,2,2.0,0,38,500,2,4,0
5000.0,501.0,0.0,Very_Low,1,>400%,1,0,1.0,2.0,1.0,36,83,Employed,Private,20,2,5,1.0,1,9,2,18-25,Never_married,19.0,2.0,Some_college,1,2,2,2,2.0,0,38,500,2,4,0
55000.0,501.0,0.0,High,2,>400%,1,0,1.0,1.0,1.0,96,30,Employed,Private,58,1,5,1.0,1,1,1,56-65,Never_married,16.0,1.0,HS_diploma,0,1,2,2,1.0,1,38,600,2,4,0
17200.0,209.0,0.0,Low,3,200-400%,1,0,6.0,3.0,1.0,04,94,Not_in_labor_force,Government,60,2,5,1.0,1,1,1,56-65,Never_married,21.0,1.0,Bachelors,0,2,2,2,2.0,0,38,200,2,4,0
0.0,159.0,25000.0,,1,138-200%,0,1,1.0,6.0,1.0,36,89,Employed,Self_employed,22,2,5,1.0,1,1,1,18-25,Never_married,16.0,1.0,HS_diploma,0,2,2,2,2.0,0,38,500,2,4,0
25000.0,159.0,0.0,Low,1,138-200%,1,0,1.0,1.0,1.0,42,85,Employed,Private,25,1,5,3.0,1,1,1,18-25,Never_married,22.0,2.0,Graduate,1,2,2,2,2.0,0,38,500,2,4,0
800.0,3.0,0.0,Very_Low,1,<100%,1,0,1.0,1.0,1.0,47,55,Employed,Private,22,2,3,3.0,1,1,1,18-25,Divorced_Separated,16.0,1.0,HS_diploma,0,2,2,2,2.0,0,38,100,2,4,0
44000.0,278.0,0.0,Medium,1,200-400%,1,0,1.0,3.0,1.0,23,78,Employed,Government,31,2,5,3.0,1,1,1,26-35,Never_married,22.0,1.0,Graduate,0,2,2,2,2.0,0,38,500,2,4,0
0.0,501.0,0.0,,1,>400%,0,0,6.0,1.0,3.0,42,69,Not_in_labor_force,Private,38,2,5,1.0,1,1,1,36-45,Never_married,17.0,1.0,HS_diploma,0,1,2,2,2.0,1,38,300,2,4,0
70000.0,372.0,0.0,High,1,200-400%,1,0,1.0,1.0,1.0,54,05,Employed,Private,52,1,1,1.0,1,1,1,46-55,Married,16.0,1.0,HS_diploma,0,2,2,2,2.0,0,38,200,2,4,0
0.0,372.0,5000.0,,1,200-400%,0,1,1.0,6.0,1.0,88,87,Employed,Self_employed,50,2,1,1.0,1,1,1,46-55,Married,16.0,1.0,HS_diploma,0,2,2,2,2.0,0,38,200,2,4,0
11200.0,372.0,0.0,Very_Low,1,200-400%,1,0,6.0,1.0,1.0,27,78,Not_in_labor_force,Private,22,1,5,1.0,1,1,1,18-25,Never_married,16.0,1.0,HS_diploma,0,2,2,2,2.0,0,38,200,2,4,0
65000.0,501.0,0.0,High,1,>400%,1,0,1.0,3.0,1.0,20,94,Employed,Government,41,2,1,1.0,1,1,1,36-45,Married,21.0,1.0,Bachelors,0,2,2,2,2.0,0,38,200,2,4,0
78000.0,501.0,0.0,Very_High,1,>400%,1,0,1.0,1.0,1.0,73,20,Employed,Private,49,1,1,1.0,1,1,1,46-55,Married,18.0,1.0,Some_college,0,2,2,2,2.0,0,38,200,2,4,0
85000.0,235.0,0.0,Very_High,1,200-400%,1,0,1.0,1.0,1.0,89,22,Employed,Private,33,1,1,3.0,1,1,1,26-35,Married,16.0,1.0,HS_diploma,0,2,2,2,2.0,0,38,400,2,4,0
0.0,235.0,0.0,,0,200-400%,0,0,6.0,1.0,2.0,47,86,Not_in_labor_force,Private,33,2,1,3.0,1,1,1,26-35,Married,17.0,1.0,HS_diploma,0,2,2,2,2.0,0,38,400,2,4,0
75000.0,501.0,0.0,High,1,>400%,1,0,1.0,1.0,1.0,96,30,Employed,Private,39,2,1,1.0,1,1,1,36-45,Married,19.0,1.0,Some_college,0,2,2,2,2.0,0,38,400,2,4,0
85000.0,501.0,0.0,Very_High,1,>400%,1,0,1.0,1.0,1.0,72,30,Employed,Private,51,1,1,1.0,1,1,1,46-55,Married,20.0,1.0,Some_college,0,2,2,2,2.0,0,38,400,2,4,0
120000.0,297.0,0.0,Very_High,1,200-400%,1,0,1.0,4.0,1.0,15,95,Employed,Government,41,1,1,1.0,1,1,1,36-45,Married,22.0,1.0,Graduate,0,2,2,2,2.0,0,38,300,2,4,0
0.0,297.0,0.0,,0,200-400%,0,0,6.0,1.0,3.0,42,69,Not_in_labor_force,Private,40,2,1,1.0,1,1,1,36-45,Married,16.0,1.0,HS_diploma,0,1,2,2,2.0,1,38,300,2,4,0
52000.0,486.0,0.0,High,1,>400%,1,0,1.0,3.0,1.0,53,93,Employed,Government,59,2,1,1.0,1,3,1,56-65,Married,20.0,1.0,Some_college,0,2,2,2,2.0,0,38,600,2,4,0
0.0,486.0,45000.0,,1,>400%,0,1,1.0,6.0,1.0,72,87,Employed,Self_employed,61,1,1,1.0,1,1,1,56-65,Married,16.0,1.0,HS_diploma,0,2,2,2,2.0,0,38,600,2,4,0
0.0,249.0,0.0,,2,200-400%,0,0,6.0,1.0,2.0,40,50,Not_in_labor_force,Private,54,1,3,1.0,1,1,1,46-55,Divorced_Separated,21.0,1.0,Bachelors,0,1,2,2,2.0,1,38,600,2,4,0
0.0,272.0,0.0,,2,200-400%,0,0,6.0,1.0,3.0,42,69,Not_in_labor_force,Private,64,1,1,1.0,1,1,1,56-65,Married,16.0,1.0,HS_diploma,0,2,2,2,2.0,0,38,300,2,4,0
0.0,501.0,80000.0,,1,>400%,0,1,1.0,6.0,1.0,02,01,Employed,Self_employed,60,1,1,3.0,1,1,1,56-65,Married,20.0,1.0,Some_college,0,2,2,2,2.0,0,38,400,2,4,0
50000.0,501.0,0.0,Medium,1,>400%,1,0,1.0,1.0,1.0,48,69,Employed,Private,57,2,1,3.0,1,1,1,56-65,Married,20.0,1.0,Some_college,0,2,2,2,2.0,0,38,400,2,4,0
0.0,160.0,0.0,,1,138-200%,0,0,6.0,1.0,2.0,57,07,Not_in_labor_force,Private,63,2,1,1.0,1,1,1,56-65,Married,16.0,1.0,HS_diploma,0,2,2,2,2.0,0,38,400,2,4,0
12000.0,501.0,0.0,Very_Low,1,>400%,1,0,1.0,3.0,1.0,40,78,Employed,Government,64,2,1,1.0,1,1,1,56-65,Married,23.0,1.0,Graduate,0,2,2,2,2.0,0,38,100,2,4,0
80000.0,501.0,0.0,Very_High,1,>400%,1,0,1.0,4.0,1.0,10,93,Employed,Government,43,1,5,1.0,1,1,1,36-45,Never_married,21.0,1.0,Bachelors,0,2,2,2,2.0,0,38,300,2,4,0
55000.0,348.0,0.0,High,1,200-400%,1,0,1.0,1.0,1.0,89,35,Employed,Private,45,1,3,1.0,1,8,2,36-45,Divorced_Separated,15.0,1.0,Less_than_HS,0,1,2,2,1.0,1,38,300,2,4,0
27000.0,170.0,0.0,Low,1,138-200%,1,0,1.0,1.0,1.0,60,01,Employed,Private,38,1,5,1.0,1,8,2,36-45,Never_married,1.0,1.0,Less_than_HS,0,2,2,2,2.0,0,38,300,2,4,0
50000.0,316.0,0.0,Medium,1,200-400%,1,0,1.0,1.0,1.0,77,30,Employed,Private,37,1,5,1.0,1,8,2,36-45,Never_married,16.0,1.0,HS_diploma,0,2,2,2,2.0,0,38,300,2,4,0
27000.0,170.0,0.0,Low,1,138-200%,1,0,1.0,1.0,1.0,60,01,Employed,Private,36,1,5,1.0,1,8,2,36-45,Never_married,16.0,1.0,HS_diploma,0,2,2,2,2.0,0,38,300,2,4,0
80000.0,501.0,0.0,Very_High,1,>400%,1,0,1.0,1.0,1.0,03,80,Employed,Private,46,2,1,1.0,1,1,1,46-55,Married,22.0,1.0,Graduate,0,2,2,2,2.0,0,38,200,2,4,0
19000.0,501.0,5000.0,Low,2,>400%,1,1,1.0,4.0,1.0,91,78,Employed,Government,56,1,3,1.0,1,1,1,56-65,Divorced_Separated,18.0,1.0,Some_college,0,2,2,2,2.0,0,38,400,2,4,0
98000.0,501.0,9300.0,Very_High,2,>400%,1,1,1.0,7.0,1.0,42,76,Employed,Self_employed,29,1,5,1.0,1,1,1,26-35,Never_married,16.0,1.0,HS_diploma,0,2,2,2,2.0,0,38,400,2,4,0
114000.0,372.0,0.0,Very_High,1,200-400%,1,0,1.0,1.0,1.0,77,35,Employed,Private,48,1,3,1.0,1,1,1,46-55,Divorced_Separated,20.0,1.0,Some_college,0,2,2,2,2.0,0,38,500,2,4,0
148000.0,501.0,0.0,Very_High,1,>400%,1,0,1.0,1.0,1.0,07,35,Employed,Private,47,2,3,3.0,1,1,1,46-55,Divorced_Separated,22.0,1.0,Graduate,0,1,2,1,2.0,1,38,500,2,4,0
78000.0,501.0,0.0,Very_High,2,>400%,1,0,1.0,1.0,1.0,86,03,Employed,Private,58,1,1,1.0,1,1,1,56-65,Married,21.0,1.0,Bachelors,0,2,2,2,2.0,0,38,100,2,4,0
55000.0,501.0,0.0,High,1,>400%,1,0,1.0,2.0,1.0,08,91,Employed,Private,61,2,1,1.0,1,1,1,56-65,Married,21.0,1.0,Bachelors,0,2,2,2,2.0,0,38,100,2,4,0
42000.0,501.0,0.0,Medium,1,>400%,1,0,1.0,1.0,1.0,41,86,Employed,Private,24,1,5,1.0,1,1,1,18-25,Never_married,20.0,1.0,Some_college,0,2,2,2,2.0,0,38,100,2,4,0
52000.0,501.0,0.0,High,1,>400%,1,0,1.0,4.0,1.0,07,78,Employed,Government,44,2,1,1.0,1,1,1,36-45,Married,21.0,1.0,Bachelors,0,1,2,2,2.0,1,38,600,2,4,0
65000.0,501.0,0.0,High,1,>400%,1,0,1.0,1.0,1.0,00,71,Employed,Private,47,1,1,1.0,1,1,1,46-55,Married,19.0,1.0,Some_college,0,2,2,2,2.0,0,38,600,2,4,0
11000.0,106.0,0.0,Very_Low,1,100-138%,1,0,1.0,1.0,1.0,63,87,Employed,Private,32,1,5,1.0,1,1,1,26-35,Never_married,19.0,1.0,Some_college,0,1,2,2,2.0,1,38,400,2,4,0
4800.0,257.0,0.0,Very_Low,1,200-400%,1,0,1.0,2.0,1.0,86,06,Employed,Private,27,1,1,1.0,1,1,1,26-35,Married,19.0,1.0,Some_college,0,2,2,2,2.0,0,38,400,2,4,0
69000.0,257.0,0.0,High,2,200-400%,1,0,1.0,2.0,1.0,48,69,Employed,Private,31,2,1,1.0,1,1,1,26-35,Married,16.0,1.0,HS_diploma,0,2,2,2,2.0,0,38,400,2,4,0
37500.0,501.0,0.0,Medium,1,>400%,1,0,1.0,1.0,1.0,47,53,Employed,Private,46,1,5,1.0,1,1,1,46-55,Never_married,19.0,1.0,Some_college,0,2,2,2,2.0,0,38,600,2,4,0
20000.0,369.0,50000.0,Low,3,200-400%,1,1,1.0,7.0,1.0,02,01,Employed,Self_employed,36,1,1,1.0,1,1,1,36-45,Married,21.0,1.0,Bachelors,0,2,2,2,2.0,0,38,400,2,4,0
60000.0,369.0,0.0,High,1,200-400%,1,0,1.0,1.0,1.0,06,68,Employed,Private,35,2,1,1.0,1,1,1,26-35,Married,21.0,1.0,Bachelors,0,2,2,2,2.0,0,38,400,2,4,0
32000.0,501.0,0.0,Medium,2,>400%,1,0,1.0,1.0,1.0,42,70,Employed,Private,64,2,1,1.0,1,1,1,56-65,Married,16.0,1.0,HS_diploma,0,1,2,2,1.0,1,38,600,2,4,0
58000.0,501.0,0.0,High,1,>400%,1,0,1.0,4.0,1.0,04,93,Employed,Government,50,2,1,1.0,1,1,1,46-55,Married,20.0,1.0,Some_college,0,2,2,2,2.0,0,38,300,2,4,0
47000.0,501.0,0.0,Medium,1,>400%,1,0,1.0,1.0,1.0,42,86,Employed,Private,50,1,1,1.0,1,1,1,46-55,Married,18.0,1.0,Some_college,0,2,2,2,2.0,0,38,300,2,4,0
5000.0,501.0,0.0,Very_Low,1,>400%,1,0,2.0,1.0,1.0,45,90,Employed,Private,33,2,1,1.0,1,1,1,26-35,Married,20.0,1.0,Some_college,0,2,2,2,2.0,0,38,600,2,4,0
45000.0,277.0,0.0,Medium,1,200-400%,1,0,1.0,1.0,1.0,96,24,Employed,Private,29,1,1,1.0,1,1,1,26-35,Married,16.0,1.0,HS_diploma,0,2,2,2,2.0,0,38,500,2,4,0
40000.0,277.0,0.0,Medium,1,200-400%,1,0,1.0,1.0,1.0,23,84,Employed,Private,28,2,1,1.0,1,1,1,26-35,Married,16.0,1.0,HS_diploma,0,2,2,2,2.0,0,38,500,2,4,0
35000.0,372.0,0.0,Medium,1,200-400%,1,0,1.0,1.0,1.0,62,07,Employed,Private,62,1,1,1.0,1,1,1,56-65,Married,16.0,1.0,HS_diploma,0,1,1,2,2.0,1,38,600,2,4,0
40000.0,372.0,0.0,Medium,1,200-400%,1,0,1.0,2.0,1.0,34,81,Employed,Private,59,2,1,1.0,1,1,1,56-65,Married,16.0,1.0,HS_diploma,0,2,2,2,2.0,0,38,600,2,4,0
47000.0,153.0,0.0,Medium,1,138-200%,1,0,1.0,1.0,1.0,17,78,Employed,Private,48,1,1,1.0,2,1,1,46-55,Married,24.0,1.0,Graduate,0,2,2,2,2.0,0,38,600,2,4,0
0.0,153.0,0.0,,0,138-200%,0,0,6.0,1.0,3.0,42,69,Not_in_labor_force,Private,42,2,1,1.0,2,1,1,36-45,Married,22.0,1.0,Graduate,0,2,2,2,2.0,0,38,600,2,4,0
0.0,359.0,0.0,,2,200-400%,0,0,6.0,1.0,3.0,42,69,Not_in_labor_force,Private,63,1,1,1.0,1,1,1,56-65,Married,16.0,1.0,HS_diploma,0,2,2,2,2.0,0,38,500,2,4,0
0.0,359.0,0.0,,2,200-400%,0,0,6.0,1.0,3.0,42,69,Not_in_labor_force,Private,61,2,1,1.0,1,1,1,56-65,Married,16.0,1.0,HS_diploma,0,2,2,2,2.0,0,38,500,2,4,0
0.0,359.0,0.0,,0,200-400%,0,0,6.0,1.0,2.0,44,85,Not_in_labor_force,Private,19,2,5,1.0,1,1,1,18-25,Never_married,16.0,1.0,HS_diploma,0,2,2,2,2.0,0,38,500,2,4,1
0.0,46.0,0.0,,0,<100%,0,0,6.0,1.0,3.0,42,69,Not_in_labor_force,Private,59,2,1,3.0,2,1,1,56-65,Married,19.0,1.0,Some_college,0,2,2,2,2.0,0,38,200,2,4,0
0.0,46.0,0.0,,0,<100%,0,0,6.0,1.0,3.0,42,69,Not_in_labor_force,Private,27,2,5,3.0,1,1,1,26-35,Never_married,20.0,1.0,Some_college,0,2,2,2,2.0,0,38,200,2,4,0
0.0,284.0,0.0,,0,200-400%,0,0,6.0,3.0,2.0,23,78,Not_in_labor_force,Government,41,2,1,1.0,1,1,1,36-45,Married,21.0,1.0,Bachelors,0,2,2,2,2.0,0,38,500,2,4,0
115000.0,284.0,0.0,Very_High,1,200-400%,1,0,1.0,1.0,1.0,63,10,Employed,Private,34,1,1,1.0,1,1,1,26-35,Married,20.0,1.0,Some_college,0,2,2,2,2.0,0,38,500,2,4,0
69000.0,482.0,0.0,High,2,>400%,1,0,1.0,1.0,1.0,91,63,Employed,Private,34,1,5,3.0,1,1,1,26-35,Never_married,16.0,1.0,HS_diploma,0,2,2,2,2.0,0,38,300,2,4,0
0.0,115.0,0.0,,1,100-138%,0,0,6.0,1.0,2.0,15,49,Not_in_labor_force,Private,55,1,3,1.0,1,3,1,46-55,Divorced_Separated,20.0,1.0,Some_college,0,2,2,2,2.0,0,38,400,2,4,1
56000.0,501.0,0.0,High,1,>400%,1,0,1.0,2.0,1.0,41,82,Employed,Private,40,2,1,1.0,1,1,1,36-45,Married,18.0,1.0,Some_college,0,2,2,2,2.0,0,38,400,2,4,0
80000.0,501.0,0.0,Very_High,1,>400%,1,0,1.0,1.0,1.0,62,44,Employed,Private,41,1,1,1.0,1,1,1,36-45,Married,16.0,1.0,HS_diploma,0,2,2,2,2.0,0,38,400,2,4,0
35000.0,229.0,0.0,Medium,1,200-400%,1,0,1.0,1.0,1.0,00,74,Employed,Private,24,2,5,1.0,1,9,6,18-25,Never_married,21.0,1.0,Bachelors,0,1,2,2,2.0,1,38,400,2,4,0
71000.0,466.0,0.0,High,1,>400%,1,0,1.0,1.0,1.0,15,10,Employed,Private,25,2,5,1.0,1,7,1,18-25,Never_married,21.0,1.0,Bachelors,0,2,2,2,2.0,0,38,400,2,4,0
0.0,501.0,0.0,,0,>400%,0,0,6.0,1.0,2.0,32,80,Not_in_labor_force,Private,62,2,1,1.0,1,1,1,56-65,Married,22.0,1.0,Graduate,0,2,2,2,2.0,0,38,500,2,4,0
4000.0,25.0,0.0,Very_Low,1,<100%,1,0,1.0,1.0,1.0,47,49,Employed,Private,24,2,5,3.0,1,1,1,18-25,Never_married,16.0,1.0,HS_diploma,0,1,2,2,2.0,1,38,200,2,4,1
62000.0,448.0,0.0,High,2,>400%,1,0,2.0,3.0,1.0,23,78,Employed,Government,65,2,5,1.0,1,3,1,56-65,Never_married,21.0,1.0,Bachelors,0,2,2,2,2.0,0,38,100,2,4,0
38000.0,275.0,0.0,Medium,2,200-400%,1,0,1.0,1.0,1.0,62,07,Employed,Private,24,1,5,1.0,1,1,1,18-25,Never_married,16.0,1.0,HS_diploma,0,2,2,2,2.0,0,38,200,2,4,0
79000.0,245.0,0.0,Very_High,1,200-400%,1,0,1.0,1.0,1.0,86,22,Employed,Private,45,1,1,1.0,1,1,1,36-45,Married,16.0,1.0,HS_diploma,0,2,2,2,2.0,0,38,200,2,4,0
20000.0,245.0,0.0,Low,1,200-400%,1,0,1.0,1.0,1.0,36,81,Employed,Private,44,2,1,1.0,1,9,1,36-45,Married,17.0,1.0,HS_diploma,0,2,2,2,2.0,0,38,200,2,4,0
58000.0,374.0,0.0,High,1,200-400%,1,0,1.0,7.0,1.0,70,66,Employed,Self_employed,26,1,5,3.0,1,1,1,26-35,Never_married,20.0,1.0,Some_college,0,2,2,2,2.0,0,38,500,2,4,0
50000.0,322.0,0.0,Medium,1,200-400%,1,0,1.0,7.0,1.0,35,80,Employed,Self_employed,28,2,5,1.0,1,1,1,26-35,Never_married,21.0,1.0,Bachelors,0,2,2,2,2.0,0,38,500,2,4,0
86000.0,501.0,0.0,Very_High,1,>400%,1,0,1.0,1.0,1.0,00,07,Employed,Private,44,1,1,1.0,1,1,1,36-45,Married,18.0,1.0,Some_college,0,2,2,2,2.0,0,38,500,2,4,0
68000.0,501.0,0.0,High,1,>400%,1,0,1.0,1.0,1.0,50,68,Employed,Private,41,2,1,1.0,1,1,1,36-45,Married,18.0,1.0,Some_college,0,2,2,2,2.0,0,38,500,2,4,0
92000.0,501.0,0.0,Very_High,1,>400%,1,0,1.0,3.0,1.0,55,94,Employed,Government,63,2,1,1.0,1,1,1,56-65,Married,21.0,1.0,Bachelors,0,2,2,2,2.0,0,38,100,2,4,0
42000.0,501.0,0.0,Medium,1,>400%,1,0,1.0,1.0,1.0,47,49,Employed,Private,62,1,1,1.0,1,1,1,56-65,Married,16.0,1.0,HS_diploma,0,2,2,2,2.0,0,38,100,2,4,0
65000.0,501.0,0.0,High,1,>400%,1,0,1.0,1.0,1.0,01,68,Employed,Private,31,2,1,1.0,1,1,1,26-35,Married,20.0,1.0,Some_college,0,2,2,2,2.0,0,38,400,2,4,0
82000.0,501.0,7000.0,Very_High,2,>400%,1,1,1.0,1.0,1.0,73,22,Employed,Private,35,1,1,1.0,1,1,1,26-35,Married,16.0,1.0,HS_diploma,0,2,2,2,2.0,0,38,400,2,4,0
25000.0,501.0,0.0,Low,1,>400%,1,0,1.0,1.0,1.0,56,75,Employed,Private,38,2,1,1.0,1,1,1,36-45,Married,19.0,1.0,Some_college,0,1,2,2,1.0,1,38,100,2,4,0
98000.0,501.0,0.0,Very_High,1,>400%,1,0,1.0,1.0,1.0,62,04,Employed,Private,49,1,1,1.0,2,6,1,46-55,Married,20.0,1.0,Some_college,0,2,2,2,2.0,0,38,100,2,4,0
0.0,501.0,0.0,,2,>400%,0,0,6.0,2.0,2.0,34,81,Not_in_labor_force,Private,61,2,1,1.0,1,9,1,56-65,Married,20.0,1.0,Some_college,0,1,2,1,2.0,1,38,500,2,4,0
150000.0,501.0,0.0,Very_High,2,>400%,1,0,1.0,5.0,1.0,38,94,Employed,Government,50,1,1,1.0,1,1,1,46-55,Married,18.0,1.0,Some_college,0,2,2,2,2.0,0,38,200,2,4,0
25000.0,501.0,0.0,Low,1,>400%,1,0,1.0,3.0,1.0,20,78,Employed,Government,42,2,1,1.0,2,1,1,36-45,Married,21.0,1.0,Bachelors,0,2,2,2,2.0,0,38,200,2,4,0
50000.0,501.0,0.0,Medium,1,>400%,1,0,1.0,1.0,1.0,57,78,Employed,Private,64,2,1,1.0,1,1,1,56-65,Married,19.0,1.0,Some_college,0,2,2,2,2.0,0,38,200,2,4,0
0.0,501.0,0.0,,2,>400%,0,0,6.0,3.0,2.0,62,07,Not_in_labor_force,Government,63,1,1,1.0,1,1,1,56-65,Married,16.0,1.0,HS_diploma,0,2,2,2,2.0,0,38,200,2,4,0
80000.0,501.0,0.0,Very_High,1,>400%,1,0,1.0,1.0,1.0,96,62,Employed,Private,39,1,5,1.0,1,1,1,36-45,Never_married,23.0,1.0,Graduate,0,2,2,2,2.0,0,38,200,2,4,0
50000.0,322.0,0.0,Medium,1,200-400%,1,0,1.0,1.0,1.0,15,26,Employed,Private,29,1,5,1.0,1,1,1,26-35,Never_married,21.0,1.0,Bachelors,0,2,2,2,2.0,0,38,600,2,4,0
15000.0,96.0,0.0,Very_Low,1,<100%,1,0,1.0,1.0,1.0,52,68,Employed,Private,28,2,5,1.0,1,1,1,26-35,Never_married,15.0,1.0,Less_than_HS,0,2,2,2,2.0,0,38,600,2,4,0
160000.0,501.0,0.0,Very_High,1,>400%,1,0,1.0,1.0,1.0,48,43,Employed,Private,59,1,1,1.0,1,1,1,56-65,Married,22.0,1.0,Graduate,0,2,2,2,2.0,0,38,600,2,4,0
58000.0,501.0,0.0,High,1,>400%,1,0,1.0,3.0,1.0,08,85,Employed,Government,62,2,1,1.0,1,1,1,56-65,Married,21.0,1.0,Bachelors,0,2,2,2,2.0,0,38,600,2,4,0
65000.0,501.0,0.0,High,1,>400%,1,0,1.0,1.0,1.0,05,38,Employed,Private,24,2,5,1.0,1,1,1,18-25,Never_married,21.0,1.0,Bachelors,0,2,2,2,2.0,0,38,600,2,4,0
0.0,124.0,10000.0,,2,100-138%,0,1,6.0,6.0,1.0,68,04,Not_in_labor_force,Self_employed,63,1,3,1.0,1,1,1,56-65,Divorced_Separated,16.0,1.0,HS_diploma,0,1,1,2,2.0,1,38,100,2,4,1
75000.0,428.0,0.0,High,1,>400%,1,0,1.0,1.0,1.0,48,42,Employed,Private,39,1,1,1.0,1,1,1,36-45,Married,16.0,1.0,HS_diploma,0,2,2,2,2.0,0,38,400,2,4,0
52000.0,428.0,0.0,High,1,>400%,1,0,1.0,1.0,1.0,23,78,Employed,Private,39,2,1,1.0,1,1,1,36-45,Married,22.0,1.0,Graduate,0,2,2,2,2.0,0,38,400,2,4,0
53000.0,338.0,0.0,High,1,200-400%,1,0,1.0,1.0,1.0,60,01,Employed,Private,27,1,5,1.0,1,1,1,26-35,Never_married,20.0,1.0,Some_college,0,2,2,2,2.0,0,38,500,2,4,0
0.0,429.0,0.0,,1,>400%,0,0,6.0,1.0,2.0,48,01,Not_in_labor_force,Private,61,1,1,1.0,1,1,1,56-65,Married,16.0,1.0,HS_diploma,0,2,2,2,2.0,0,38,600,2,4,1
0.0,429.0,0.0,,2,>400%,0,0,6.0,2.0,2.0,05,69,Not_in_labor_force,Private,59,2,1,1.0,1,1,1,56-65,Married,16.0,1.0,HS_diploma,0,2,2,2,2.0,0,38,600,2,4,0
0.0,335.0,0.0,,3,200-400%,0,0,6.0,1.0,3.0,42,69,Not_in_labor_force,Private,59,1,5,1.0,1,1,1,56-65,Never_married,19.0,1.0,Some_college,0,2,2,2,2.0,0,38,400,2,4,0
21000.0,132.0,0.0,Low,1,100-138%,1,0,1.0,3.0,1.0,25,78,Employed,Government,27,1,5,1.0,1,1,2,26-35,Never_married,21.0,1.0,Bachelors,0,1,2,2,2.0,1,38,600,2,4,0
62000.0,500.0,0.0,High,1,>400%,1,0,1.0,1.0,1.0,12,75,Employed,Private,33,1,1,1.0,1,1,13,26-35,Married,22.0,1.0,Graduate,0,2,2,2,2.0,0,38,500,2,4,0
0.0,500.0,36000.0,,1,>400%,0,1,1.0,6.0,1.0,45,89,Employed,Self_employed,31,2,1,1.0,1,1,1,26-35,Married,18.0,1.0,Some_college,0,2,2,2,2.0,0,38,500,2,4,0
0.0,446.0,37000.0,,1,>400%,0,1,1.0,6.0,1.0,36,89,Employed,Self_employed,24,2,1,1.0,1,1,1,18-25,Married,19.0,1.0,Some_college,0,2,2,2,2.0,0,38,400,2,4,0
52000.0,446.0,0.0,High,1,>400%,1,0,1.0,1.0,1.0,34,81,Employed,Private,24,1,1,1.0,1,1,1,18-25,Married,20.0,1.0,Some_college,0,2,2,2,2.0,0,38,400,2,4,0
22000.0,281.0,0.0,Low,1,200-400%,1,0,1.0,3.0,1.0,23,78,Employed,Government,23,2,1,1.0,1,1,1,18-25,Married,20.0,1.0,Some_college,0,2,2,2,2.0,0,38,200,2,4,0
45000.0,281.0,0.0,Medium,1,200-400%,1,0,1.0,3.0,1.0,49,93,Employed,Government,22,1,1,1.0,1,1,1,18-25,Married,16.0,1.0,HS_diploma,0,2,2,2,2.0,0,38,200,2,4,0
50000.0,501.0,0.0,Medium,1,>400%,1,0,1.0,1.0,1.0,23,78,Employed,Private,45,2,1,1.0,1,1,1,36-45,Married,22.0,1.0,Graduate,0,2,2,2,2.0,0,38,200,2,4,0
40300.0,501.0,0.0,Medium,1,>400%,1,0,1.0,1.0,1.0,39,39,Employed,Private,45,1,1,3.0,1,1,1,36-45,Married,20.0,1.0,Some_college,0,2,2,2,2.0,0,38,400,2,4,0
114000.0,501.0,0.0,Very_High,1,>400%,1,0,1.0,5.0,1.0,32,81,Employed,Government,39,2,1,3.0,1,1,1,36-45,Married,24.0,2.0,Graduate,1,2,2,2,2.0,0,38,400,2,4,0
1000.0,501.0,0.0,Very_Low,1,>400%,1,0,6.0,1.0,1.0,47,85,Not_in_labor_force,Private,19,1,5,1.0,1,1,1,18-25,Never_married,17.0,1.0,HS_diploma,0,1,2,2,2.0,1,38,400,2,4,0
69000.0,501.0,0.0,High,1,>400%,1,0,1.0,4.0,1.0,32,94,Employed,Government,22,1,5,1.0,1,1,1,18-25,Never_married,20.0,2.0,Some_college,1,2,2,2,2.0,0,38,400,2,4,0
43200.0,501.0,0.0,Medium,1,>400%,1,0,1.0,1.0,1.0,44,85,Employed,Private,58,1,3,1.0,1,1,1,56-65,Divorced_Separated,20.0,1.0,Some_college,0,2,2,2,2.0,0,38,400,2,4,0
12300.0,80.0,0.0,Very_Low,1,<100%,1,0,6.0,1.0,1.0,62,07,Not_in_labor_force,Private,53,1,3,1.0,1,1,1,46-55,Divorced_Separated,19.0,1.0,Some_college,0,2,2,2,2.0,0,38,400,2,4,0
0.0,262.0,0.0,,0,200-400%,0,0,6.0,1.0,2.0,51,68,Not_in_labor_force,Private,56,2,1,1.0,1,1,1,56-65,Married,18.0,1.0,Some_college,0,1,2,2,2.0,1,38,200,2,4,0
52000.0,262.0,0.0,High,1,200-400%,1,0,1.0,4.0,1.0,67,07,Employed,Government,59,1,1,1.0,1,1,1,56-65,Married,16.0,1.0,HS_diploma,0,2,2,2,2.0,0,38,200,2,4,0
40000.0,374.0,18000.0,Medium,2,200-400%,1,1,1.0,1.0,1.0,47,48,Employed,Private,56,1,3,1.0,1,1,1,56-65,Divorced_Separated,19.0,1.0,Some_college,0,2,2,2,2.0,0,38,500,2,4,0
48500.0,328.0,0.0,Medium,2,200-400%,1,0,2.0,1.0,1.0,88,30,Employed,Private,23,1,1,1.0,1,1,1,18-25,Married,17.0,1.0,HS_diploma,0,2,2,2,2.0,0,38,400,2,4,0
45000.0,328.0,0.0,Medium,1,200-400%,1,0,2.0,1.0,1.0,77,30,Employed,Private,23,2,1,1.0,1,1,1,18-25,Married,16.0,1.0,HS_diploma,0,2,2,2,2.0,0,38,400,2,4,0
69000.0,501.0,0.0,High,1,>400%,1,0,1.0,5.0,1.0,13,07,Employed,Government,25,2,1,1.0,1,1,1,18-25,Married,21.0,1.0,Bachelors,0,2,2,2,2.0,0,38,600,2,4,0
45000.0,501.0,0.0,Medium,1,>400%,1,0,1.0,1.0,1.0,42,76,Employed,Private,24,1,1,1.0,1,1,1,18-25,Married,19.0,1.0,Some_college,0,2,2,2,2.0,0,38,600,2,4,0
85000.0,501.0,0.0,Very_High,1,>400%,1,0,1.0,1.0,1.0,49,30,Employed,Private,42,2,1,1.0,1,1,1,36-45,Married,22.0,1.0,Graduate,0,2,2,2,2.0,0,38,600,2,4,0
100000.0,501.0,0.0,Very_High,1,>400%,1,0,1.0,1.0,1.0,48,01,Employed,Private,46,1,1,1.0,1,1,1,46-55,Married,21.0,1.0,Bachelors,0,2,2,2,2.0,0,38,600,2,4,0
17000.0,111.0,0.0,Low,1,100-138%,1,0,1.0,2.0,1.0,23,78,Employed,Private,22,1,5,3.0,1,1,1,18-25,Never_married,21.0,1.0,Bachelors,0,2,2,2,2.0,0,38,600,2,4,0
40000.0,255.0,0.0,Medium,1,200-400%,1,0,1.0,1.0,1.0,96,24,Employed,Private,36,1,5,3.0,1,1,1,36-45,Never_married,17.0,1.0,HS_diploma,0,2,2,2,2.0,0,38,300,2,4,0
0.0,255.0,0.0,,0,200-400%,0,0,6.0,1.0,3.0,42,69,Not_in_labor_force,Private,41,2,1,1.0,1,1,1,36-45,Married,19.0,1.0,Some_college,0,2,2,2,2.0,0,38,200,2,4,0
85000.0,255.0,0.0,Very_High,2,200-400%,1,0,1.0,1.0,1.0,00,03,Employed,Private,42,1,1,1.0,1,1,1,36-45,Married,19.0,1.0,Some_college,0,2,2,2,2.0,0,38,200,2,4,0
5000.0,255.0,0.0,Very_Low,1,200-400%,1,0,1.0,1.0,1.0,47,49,Employed,Private,18,1,5,1.0,1,1,1,18-25,Never_married,14.0,2.0,Less_than_HS,1,2,2,2,2.0,0,38,200,2,4,0
5000.0,255.0,0.0,Very_Low,1,200-400%,1,0,1.0,1.0,1.0,47,49,Employed,Private,18,1,5,1.0,1,1,1,18-25,Never_married,14.0,2.0,Less_than_HS,1,2,2,2,2.0,0,38,200,2,4,0
18000.0,114.0,0.0,Low,1,100-138%,1,0,1.0,2.0,1.0,42,86,Employed,Private,22,2,5,3.0,1,1,1,18-25,Never_married,16.0,2.0,HS_diploma,1,2,2,2,2.0,0,38,500,2,4,0
16000.0,101.0,0.0,Low,1,100-138%,1,0,1.0,1.0,1.0,96,63,Employed,Private,21,1,5,3.0,1,1,1,18-25,Never_married,19.0,2.0,Some_college,1,2,2,2,2.0,0,38,500,2,4,0
25000.0,114.0,0.0,Low,1,100-138%,1,0,1.0,1.0,1.0,36,82,Employed,Private,55,2,1,1.0,1,1,1,46-55,Married,19.0,1.0,Some_college,0,2,2,2,2.0,0,38,400,2,4,0
0.0,114.0,1900.0,,1,100-138%,0,1,1.0,6.0,1.0,91,01,Employed,Self_employed,59,1,1,1.0,1,1,1,56-65,Married,16.0,1.0,HS_diploma,0,2,2,2,2.0,0,38,400,2,4,0
0.0,114.0,0.0,,0,100-138%,0,0,6.0,1.0,3.0,42,69,Not_in_labor_force,Private,20,1,5,1.0,1,1,1,18-25,Never_married,16.0,1.0,HS_diploma,0,2,2,2,2.0,0,38,400,2,4,0
35000.0,226.0,0.0,Medium,1,200-400%,1,0,1.0,2.0,1.0,32,81,Employed,Private,23,2,5,3.0,1,1,1,18-25,Never_married,20.0,1.0,Some_college,0,2,2,2,2.0,0,38,500,2,4,0
13000.0,84.0,0.0,Very_Low,1,<100%,1,0,1.0,1.0,1.0,36,81,Employed,Private,20,2,5,3.0,1,1,1,18-25,Never_married,19.0,2.0,Some_college,1,2,2,2,2.0,0,38,500,2,4,0
0.0,501.0,0.0,,1,>400%,0,0,6.0,2.0,2.0,25,78,Not_in_labor_force,Private,64,2,1,1.0,1,1,1,56-65,Married,16.0,1.0,HS_diploma,0,2,2,2,2.0,0,38,500,2,4,0
0.0,206.0,120000.0,,1,200-400%,0,1,1.0,6.0,1.0,87,44,Employed,Self_employed,40,1,1,1.0,1,1,1,36-45,Married,19.0,1.0,Some_college,0,2,2,2,2.0,0,38,200,2,4,1
0.0,206.0,0.0,,0,200-400%,0,0,6.0,1.0,3.0,42,69,Not_in_labor_force,Private,48,2,1,1.0,1,1,1,46-55,Married,18.0,1.0,Some_college,0,1,1,2,2.0,1,38,200,2,4,1
0.0,9.0,0.0,,1,<100%,0,0,6.0,1.0,2.0,91,61,Not_in_labor_force,Private,62,1,3,1.0,1,9,1,56-65,Divorced_Separated,17.0,1.0,HS_diploma,0,1,1,2,1.0,1,38,200,2,4,1
75000.0,478.0,0.0,High,1,>400%,1,0,1.0,1.0,1.0,32,80,Employed,Private,61,2,3,1.0,1,1,1,56-65,Divorced_Separated,21.0,1.0,Bachelors,0,2,2,2,2.0,0,38,300,2,4,0
79000.0,408.0,0.0,Very_High,1,>400%,1,0,1.0,1.0,1.0,47,49,Employed,Private,58,2,1,1.0,1,1,1,56-65,Married,18.0,1.0,Some_college,0,2,2,2,2.0,0,38,600,2,4,0
1500.0,408.0,0.0,Very_Low,1,>400%,1,0,1.0,8.0,1.0,42,77,Employed,Unpaid,57,1,1,1.0,1,1,1,56-65,Married,19.0,1.0,Some_college,0,2,2,2,2.0,0,38,600,2,4,0
0.0,69.0,0.0,,2,<100%,0,0,6.0,1.0,3.0,42,69,Not_in_labor_force,Private,55,1,5,1.0,1,1,1,46-55,Never_married,16.0,1.0,HS_diploma,0,1,2,2,2.0,1,38,400,2,4,1
45000.0,454.0,0.0,Medium,2,>400%,1,0,1.0,2.0,1.0,36,82,Employed,Private,62,2,1,1.0,1,1,1,56-65,Married,19.0,1.0,Some_college,0,2,2,2,2.0,0,38,400,2,4,0
45000.0,229.0,0.0,Medium,1,200-400%,1,0,1.0,4.0,1.0,15,07,Employed,Government,53,1,1,1.0,1,1,1,46-55,Married,18.0,1.0,Some_college,0,2,2,2,2.0,0,38,400,2,4,0
25000.0,229.0,0.0,Low,1,200-400%,1,0,1.0,3.0,1.0,23,78,Employed,Government,41,2,1,1.0,1,1,1,36-45,Married,20.0,2.0,Some_college,1,2,2,2,2.0,0,38,400,2,4,0
125000.0,501.0,0.0,Very_High,1,>400%,1,0,1.0,1.0,1.0,30,79,Employed,Private,40,2,1,1.0,1,1,1,36-45,Married,23.0,1.0,Graduate,0,2,2,2,2.0,0,38,500,2,4,0
0.0,501.0,150000.0,,2,>400%,0,1,1.0,6.0,1.0,30,79,Employed,Self_employed,42,1,1,1.0,1,1,1,36-45,Married,23.0,1.0,Graduate,0,2,2,2,2.0,0,38,500,2,4,0
80000.0,501.0,0.0,Very_High,1,>400%,1,0,1.0,1.0,1.0,07,66,Employed,Private,54,2,1,1.0,1,1,1,46-55,Married,21.0,1.0,Bachelors,0,2,2,2,2.0,0,38,100,2,4,0
130000.0,501.0,0.0,Very_High,1,>400%,1,0,1.0,1.0,1.0,00,68,Employed,Private,53,1,1,1.0,1,1,1,46-55,Married,21.0,1.0,Bachelors,0,2,2,2,2.0,0,38,100,2,4,0
30000.0,501.0,0.0,Low,1,>400%,1,0,1.0,1.0,1.0,42,82,Employed,Private,60,2,1,1.0,1,1,1,56-65,Married,19.0,1.0,Some_college,0,2,2,2,2.0,0,38,400,2,4,0
38100.0,501.0,0.0,Medium,1,>400%,1,0,1.0,2.0,1.0,50,80,Employed,Private,59,2,1,1.0,1,1,1,56-65,Married,21.0,1.0,Bachelors,0,2,2,2,2.0,0,38,100,2,4,0
78000.0,501.0,20000.0,Very_High,2,>400%,1,1,1.0,2.0,1.0,00,91,Employed,Private,58,1,1,1.0,1,1,1,56-65,Married,21.0,1.0,Bachelors,0,2,2,2,2.0,0,38,100,2,4,0
0.0,501.0,0.0,,0,>400%,0,0,6.0,1.0,3.0,42,69,Not_in_labor_force,Private,47,2,1,1.0,1,9,1,46-55,Married,1.0,1.0,Less_than_HS,0,2,2,2,2.0,0,38,500,2,4,0
105000.0,501.0,0.0,Very_High,1,>400%,1,0,1.0,1.0,1.0,47,49,Employed,Private,50,1,1,1.0,1,9,1,46-55,Married,1.0,1.0,Less_than_HS,0,2,2,2,2.0,0,38,500,2,4,0
80000.0,501.0,0.0,Very_High,1,>400%,1,0,1.0,1.0,1.0,62,07,Employed,Private,39,1,5,3.0,2,9,1,36-45,Never_married,19.0,1.0,Some_college,0,2,2,2,2.0,0,38,400,2,4,0
62000.0,401.0,0.0,High,1,>400%,1,0,1.0,1.0,1.0,50,69,Employed,Private,35,2,5,1.0,1,1,1,26-35,Never_married,20.0,1.0,Some_college,0,2,2,2,2.0,0,38,400,2,4,0
38000.0,250.0,0.0,Medium,2,200-400%,1,0,1.0,2.0,1.0,50,91,Employed,Private,36,2,5,3.0,1,1,1,36-45,Never_married,21.0,1.0,Bachelors,0,2,2,2,2.0,0,38,300,2,4,0
0.0,426.0,0.0,,1,>400%,0,0,6.0,1.0,2.0,23,78,Not_in_labor_force,Private,49,2,1,1.0,1,1,1,46-55,Married,21.0,1.0,Bachelors,0,1,2,2,1.0,1,38,600,2,4,0
90000.0,426.0,0.0,Very_High,1,>400%,1,0,1.0,1.0,1.0,56,30,Employed,Private,53,1,1,1.0,1,1,1,46-55,Married,18.0,1.0,Some_college,0,1,1,2,2.0,1,38,600,2,4,0
9000.0,58.0,0.0,Very_Low,1,<100%,1,0,1.0,1.0,1.0,58,42,Employed,Private,36,2,5,1.0,1,1,1,36-45,Never_married,16.0,1.0,HS_diploma,0,1,2,2,1.0,1,38,100,2,4,0
0.0,151.0,32500.0,,1,138-200%,0,1,1.0,6.0,1.0,72,87,Employed,Self_employed,48,1,1,1.0,1,1,1,46-55,Married,19.0,1.0,Some_college,0,2,2,2,2.0,0,38,200,2,4,1
13500.0,151.0,0.0,Very_Low,1,138-200%,1,0,1.0,1.0,1.0,25,78,Employed,Private,47,2,1,1.0,1,1,1,46-55,Married,21.0,1.0,Bachelors,0,2,2,2,2.0,0,38,200,2,4,0
1800.0,11.0,0.0,Very_Low,1,<100%,1,0,3.0,5.0,1.0,48,63,Unemployed,Government,54,2,3,1.0,1,1,1,46-55,Divorced_Separated,20.0,1.0,Some_college,0,2,2,2,2.0,0,38,500,2,4,0
70000.0,457.0,0.0,High,1,>400%,1,0,1.0,4.0,1.0,32,94,Employed,Government,60,2,3,1.0,1,1,1,56-65,Divorced_Separated,20.0,1.0,Some_college,0,2,2,2,2.0,0,38,400,2,4,0
38500.0,324.0,0.0,Medium,1,200-400%,1,0,1.0,1.0,1.0,40,86,Employed,Private,53,2,1,1.0,1,1,1,46-55,Married,19.0,1.0,Some_college,0,2,2,2,2.0,0,38,100,2,4,0
38500.0,324.0,0.0,Medium,1,200-400%,1,0,1.0,1.0,1.0,73,86,Employed,Private,50,1,1,1.0,1,9,1,46-55,Married,14.0,1.0,Less_than_HS,0,2,2,2,2.0,0,38,100,2,4,0
0.0,324.0,0.0,,0,200-400%,0,0,6.0,1.0,2.0,47,49,Not_in_labor_force,Private,45,1,5,3.0,1,9,1,36-45,Never_married,13.0,1.0,Less_than_HS,0,2,2,2,2.0,0,38,100,2,4,0
130000.0,501.0,0.0,Very_High,1,>400%,1,0,1.0,1.0,1.0,08,69,Employed,Private,37,1,3,1.0,2,6,1,36-45,Divorced_Separated,23.0,1.0,Graduate,0,2,2,2,2.0,0,38,600,2,4,0
25000.0,159.0,0.0,Low,1,138-200%,1,0,6.0,3.0,1.0,25,78,Not_in_labor_force,Government,34,2,3,1.0,1,1,1,26-35,Divorced_Separated,17.0,1.0,HS_diploma,0,2,2,2,2.0,0,38,600,2,4,0
0.0,501.0,0.0,,3,>400%,0,0,6.0,1.0,3.0,42,69,Not_in_labor_force,Private,59,2,1,1.0,1,1,1,56-65,Married,19.0,1.0,Some_college,0,2,2,2,2.0,0,38,400,2,4,0
71000.0,501.0,0.0,High,1,>400%,1,0,1.0,3.0,1.0,62,07,Employed,Government,60,1,1,1.0,1,1,1,56-65,Married,21.0,1.0,Bachelors,0,2,2,2,2.0,0,38,400,2,4,0
26000.0,501.0,0.0,Low,1,>400%,1,0,1.0,1.0,1.0,96,49,Employed,Private,30,1,5,1.0,1,1,1,26-35,Never_married,21.0,1.0,Bachelors,0,2,2,2,2.0,0,38,400,2,4,0
30000.0,195.0,0.0,Low,1,138-200%,1,0,1.0,2.0,1.0,44,82,Employed,Private,57,2,3,1.0,1,1,1,56-65,Divorced_Separated,16.0,1.0,HS_diploma,0,2,2,2,2.0,0,38,500,2,4,0
48000.0,387.0,0.0,Medium,1,200-400%,1,0,1.0,5.0,1.0,57,95,Employed,Government,60,1,3,1.0,1,1,1,56-65,Divorced_Separated,20.0,1.0,Some_college,0,2,2,2,2.0,0,38,300,2,4,0
40000.0,501.0,0.0,Medium,1,>400%,1,0,1.0,1.0,1.0,15,07,Employed,Private,24,2,1,1.0,1,1,1,18-25,Married,20.0,1.0,Some_college,0,2,2,2,2.0,0,38,300,2,4,0
60000.0,501.0,0.0,High,1,>400%,1,0,1.0,1.0,1.0,72,87,Employed,Private,23,1,1,1.0,1,1,1,18-25,Married,20.0,1.0,Some_college,0,1,1,2,2.0,1,38,300,2,4,0
65000.0,501.0,0.0,High,1,>400%,1,0,1.0,1.0,1.0,01,69,Employed,Private,35,2,1,1.0,1,1,1,26-35,Married,18.0,1.0,Some_college,0,2,2,2,2.0,0,38,200,2,4,0
98000.0,501.0,0.0,Very_High,1,>400%,1,0,1.0,1.0,1.0,11,60,Employed,Private,50,1,1,1.0,1,1,1,46-55,Married,19.0,1.0,Some_college,0,2,2,2,2.0,0,38,200,2,4,0
45000.0,295.0,0.0,Medium,1,200-400%,1,0,1.0,1.0,1.0,92,60,Employed,Private,26,1,5,1.0,1,1,1,26-35,Never_married,19.0,3.0,Some_college,1,2,2,2,2.0,0,38,200,2,4,0
20000.0,131.0,0.0,Low,1,100-138%,1,0,1.0,1.0,1.0,59,63,Employed,Private,21,2,5,1.0,1,1,1,18-25,Never_married,16.0,1.0,HS_diploma,0,2,2,2,2.0,0,38,200,2,4,0
0.0,501.0,0.0,,3,>400%,0,0,6.0,5.0,2.0,53,95,Not_in_labor_force,Government,63,2,2,1.0,1,1,1,56-65,Divorced_Separated,18.0,1.0,Some_college,0,2,2,2,2.0,0,38,400,2,4,0
75000.0,492.0,0.0,High,1,>400%,1,0,1.0,1.0,1.0,48,01,Employed,Private,61,1,3,1.0,1,1,1,56-65,Divorced_Separated,20.0,1.0,Some_college,0,2,2,2,2.0,0,38,400,2,4,0
65000.0,501.0,0.0,High,1,>400%,1,0,1.0,1.0,1.0,51,42,Employed,Private,45,1,1,1.0,1,1,1,36-45,Married,19.0,1.0,Some_college,0,2,2,2,2.0,0,38,600,2,4,0
26000.0,431.0,0.0,Low,1,>400%,1,0,1.0,1.0,1.0,60,01,Employed,Private,63,1,1,1.0,1,1,1,56-65,Married,19.0,1.0,Some_college,0,2,2,2,2.0,0,38,600,2,4,0
59000.0,431.0,0.0,High,1,>400%,1,0,1.0,3.0,1.0,57,78,Employed,Government,60,2,1,1.0,1,1,1,56-65,Married,19.0,1.0,Some_college,0,2,2,2,2.0,0,38,600,2,4,0
88000.0,501.0,0.0,Very_High,1,>400%,1,0,1.0,5.0,1.0,07,95,Employed,Government,29,1,1,3.0,1,1,1,26-35,Married,22.0,1.0,Graduate,0,2,2,2,2.0,0,38,200,2,4,0
30000.0,501.0,0.0,Low,1,>400%,1,0,1.0,7.0,1.0,04,90,Employed,Self_employed,28,2,1,3.0,1,1,1,26-35,Married,19.0,1.0,Some_college,0,2,2,2,2.0,0,38,200,2,4,0
140000.0,485.0,0.0,Very_High,1,>400%,1,0,1.0,1.0,1.0,14,35,Employed,Private,52,1,1,1.0,1,1,1,46-55,Married,19.0,1.0,Some_college,0,2,2,2,2.0,0,38,600,2,4,0
55000.0,485.0,0.0,High,1,>400%,1,0,1.0,1.0,1.0,47,42,Employed,Private,47,2,1,1.0,1,1,1,46-55,Married,20.0,1.0,Some_college,0,1,1,1,2.0,1,38,600,2,4,0
50000.0,317.0,0.0,Medium,1,200-400%,1,0,1.0,2.0,1.0,73,01,Employed,Private,34,1,5,1.0,1,1,1,26-35,Never_married,14.0,1.0,Less_than_HS,0,2,2,2,2.0,0,38,200,2,4,0
40000.0,281.0,0.0,Medium,2,200-400%,1,0,1.0,4.0,1.0,54,94,Employed,Government,27,2,5,3.0,1,9,1,26-35,Never_married,16.0,1.0,HS_diploma,0,2,2,2,2.0,0,38,600,2,4,0
7000.0,44.0,0.0,Very_Low,1,<100%,1,0,1.0,8.0,1.0,57,01,Employed,Unpaid,64,2,3,1.0,1,1,1,56-65,Divorced_Separated,21.0,1.0,Bachelors,0,1,2,2,1.0,1,38,100,2,4,0
10000.0,501.0,0.0,Very_Low,1,>400%,1,0,1.0,2.0,1.0,47,54,Employed,Private,53,2,1,1.0,1,1,1,46-55,Married,19.0,1.0,Some_college,0,2,2,2,2.0,0,38,600,2,4,0
8000.0,165.0,0.0,Very_Low,1,138-200%,1,0,1.0,1.0,1.0,47,85,Employed,Private,37,1,1,1.0,1,9,1,36-45,Married,17.0,1.0,HS_diploma,0,2,2,2,2.0,0,38,200,2,4,0
43000.0,165.0,0.0,Medium,1,138-200%,1,0,1.0,1.0,1.0,39,76,Employed,Private,35,2,1,1.0,1,9,1,26-35,Married,18.0,1.0,Some_college,0,2,2,2,2.0,0,38,200,2,4,0
98000.0,480.0,0.0,Very_High,1,>400%,1,0,1.0,1.0,1.0,31,80,Employed,Private,43,2,1,1.0,1,1,1,36-45,Married,22.0,1.0,Graduate,0,2,2,2,2.0,0,38,600,2,4,0
90000.0,480.0,0.0,Very_High,1,>400%,1,0,1.0,3.0,1.0,37,94,Employed,Government,44,1,1,1.0,1,1,1,36-45,Married,21.0,1.0,Bachelors,0,2,2,2,2.0,0,38,600,2,4,0
61000.0,501.0,0.0,High,1,>400%,1,0,1.0,1.0,1.0,58,69,Employed,Private,50,2,1,1.0,1,1,1,46-55,Married,18.0,1.0,Some_college,0,2,2,2,2.0,0,38,500,2,4,0
81000.0,501.0,0.0,Very_High,1,>400%,1,0,1.0,1.0,1.0,87,72,Employed,Private,49,1,1,1.0,1,1,1,46-55,Married,16.0,1.0,HS_diploma,0,2,2,2,2.0,0,38,500,2,4,0
42000.0,466.0,0.0,Medium,1,>400%,1,0,1.0,5.0,1.0,32,80,Employed,Government,43,2,1,1.0,1,1,1,36-45,Married,20.0,1.0,Some_college,0,2,2,2,2.0,0,38,100,2,4,0
100000.0,466.0,0.0,Very_High,1,>400%,1,0,1.0,1.0,1.0,00,61,Employed,Private,44,1,1,1.0,1,1,1,36-45,Married,16.0,1.0,HS_diploma,0,2,2,2,2.0,0,38,100,2,4,0
39000.0,322.0,0.0,Medium,1,200-400%,1,0,1.0,7.0,1.0,51,72,Employed,Self_employed,65,2,1,1.0,1,1,1,56-65,Married,20.0,1.0,Some_college,0,1,2,1,2.0,1,38,500,2,4,0
45000.0,292.0,0.0,Medium,1,200-400%,1,0,1.0,1.0,1.0,77,22,Employed,Private,48,1,5,1.0,1,1,1,46-55,Never_married,18.0,1.0,Some_college,0,2,2,2,2.0,0,38,600,2,4,0
75000.0,501.0,0.0,High,1,>400%,1,0,1.0,1.0,1.0,91,01,Employed,Private,55,1,1,1.0,1,9,1,46-55,Married,16.0,1.0,HS_diploma,0,2,2,2,2.0,0,38,400,2,4,0
108000.0,501.0,0.0,Very_High,2,>400%,1,0,1.0,2.0,1.0,36,83,Employed,Private,52,2,1,1.0,1,1,1,46-55,Married,21.0,1.0,Bachelors,0,2,2,2,2.0,0,38,400,2,4,0
0.0,25.0,4000.0,,1,<100%,0,1,1.0,6.0,1.0,02,01,Employed,Self_employed,46,1,5,1.0,1,1,1,46-55,Never_married,21.0,1.0,Bachelors,0,2,2,2,2.0,0,38,500,2,4,0
0.0,501.0,140000.0,,1,>400%,0,1,1.0,6.0,1.0,02,01,Employed,Self_employed,53,1,1,1.0,1,1,1,46-55,Married,18.0,1.0,Some_college,0,2,2,2,2.0,0,38,200,2,4,0
20900.0,501.0,0.0,Low,1,>400%,1,0,6.0,3.0,1.0,46,78,Not_in_labor_force,Government,53,2,1,1.0,1,1,1,46-55,Married,19.0,1.0,Some_college,0,2,2,2,2.0,0,38,200,2,4,0
55000.0,352.0,0.0,High,1,200-400%,1,0,1.0,1.0,1.0,82,23,Employed,Private,40,1,5,1.0,2,2,1,36-45,Never_married,19.0,1.0,Some_college,0,2,2,2,2.0,0,38,600,2,4,0
14300.0,92.0,0.0,Very_Low,1,<100%,1,0,1.0,1.0,1.0,01,48,Employed,Private,25,1,5,3.0,1,1,1,18-25,Never_married,21.0,1.0,Bachelors,0,2,2,2,2.0,0,38,400,2,4,0
15000.0,467.0,55000.0,Very_Low,3,>400%,1,1,1.0,2.0,1.0,96,44,Employed,Private,60,1,5,1.0,1,1,1,56-65,Never_married,19.0,1.0,Some_college,0,2,2,2,2.0,0,38,400,2,4,0
20000.0,128.0,0.0,Low,1,100-138%,1,0,4.0,5.0,1.0,72,96,Not_in_labor_force,Government,21,1,5,3.0,1,1,2,18-25,Never_married,16.0,1.0,HS_diploma,0,2,2,2,2.0,0,38,200,2,4,0
35000.0,224.0,0.0,Medium,1,200-400%,1,0,4.0,5.0,1.0,73,96,Not_in_labor_force,Government,21,1,5,3.0,1,1,1,18-25,Never_married,18.0,1.0,Some_college,0,2,2,2,2.0,0,38,200,2,4,0
1800.0,11.0,0.0,Very_Low,1,<100%,1,0,3.0,5.0,1.0,48,63,Unemployed,Government,50,2,3,1.0,1,1,1,46-55,Divorced_Separated,20.0,1.0,Some_college,0,1,2,2,2.0,1,38,500,2,4,1
40000.0,260.0,0.0,Medium,1,200-400%,1,0,1.0,1.0,1.0,62,07,Employed,Private,50,1,3,2.0,1,9,1,46-55,Divorced_Separated,19.0,1.0,Some_college,0,2,2,2,2.0,0,38,500,2,4,0
10000.0,64.0,0.0,Very_Low,1,<100%,1,0,1.0,1.0,1.0,40,86,Employed,Private,23,1,5,3.0,1,1,1,18-25,Never_married,21.0,1.0,Bachelors,0,2,2,2,2.0,0,38,500,2,4,0
33600.0,339.0,0.0,Medium,1,200-400%,1,0,1.0,3.0,1.0,05,78,Employed,Government,61,2,1,1.0,1,1,1,56-65,Married,20.0,1.0,Some_college,0,2,2,2,2.0,0,38,600,2,4,0
60000.0,473.0,0.0,High,2,>400%,1,0,1.0,3.0,1.0,20,94,Employed,Government,55,2,2,3.0,1,1,1,46-55,Divorced_Separated,21.0,1.0,Bachelors,0,2,2,2,2.0,0,38,300,2,4,0
30000.0,473.0,0.0,Low,1,>400%,1,0,1.0,1.0,1.0,96,87,Employed,Private,28,1,5,3.0,1,1,1,26-35,Never_married,17.0,1.0,HS_diploma,0,2,2,2,2.0,0,38,300,2,4,0
0.0,501.0,0.0,,2,>400%,0,0,6.0,1.0,2.0,63,07,Not_in_labor_force,Private,64,1,1,1.0,1,1,1,56-65,Married,16.0,1.0,HS_diploma,0,2,2,2,2.0,0,38,200,2,4,0
8000.0,501.0,0.0,Very_Low,2,>400%,1,0,1.0,1.0,1.0,23,78,Employed,Private,60,2,1,1.0,1,1,1,56-65,Married,21.0,1.0,Bachelors,0,1,2,1,2.0,1,38,200,2,4,0
140000.0,501.0,0.0,Very_High,2,>400%,1,0,1.0,1.0,1.0,06,53,Employed,Private,40,2,1,1.0,1,1,1,36-45,Married,21.0,1.0,Bachelors,0,2,2,2,2.0,0,38,500,2,4,0
136000.0,501.0,0.0,Very_High,1,>400%,1,0,1.0,1.0,1.0,06,07,Employed,Private,40,1,1,1.0,1,1,1,36-45,Married,21.0,1.0,Bachelors,0,2,2,2,2.0,0,38,500,2,4,0
0.0,323.0,30000.0,,1,200-400%,0,1,1.0,6.0,1.0,02,01,Employed,Self_employed,27,1,1,3.0,1,1,1,26-35,Married,19.0,1.0,Some_college,0,2,2,2,2.0,0,38,100,2,4,0
48000.0,323.0,0.0,Medium,1,200-400%,1,0,1.0,5.0,1.0,19,95,Employed,Government,28,2,1,3.0,1,1,1,26-35,Married,21.0,1.0,Bachelors,0,2,2,2,2.0,0,38,100,2,4,0
75000.0,419.0,0.0,High,1,>400%,1,0,1.0,1.0,1.0,63,34,Employed,Private,30,1,1,1.0,1,1,1,26-35,Married,20.0,1.0,Some_college,0,2,2,2,2.0,0,38,100,2,4,0
50000.0,419.0,0.0,Medium,1,>400%,1,0,1.0,1.0,1.0,33,79,Employed,Private,35,2,1,1.0,1,1,1,26-35,Married,20.0,1.0,Some_college,0,2,2,2,2.0,0,38,100,2,4,0
21800.0,207.0,0.0,Low,2,200-400%,1,0,1.0,3.0,1.0,25,78,Employed,Government,34,2,1,1.0,1,8,1,26-35,Married,19.0,1.0,Some_college,0,2,2,2,2.0,0,38,100,2,4,0
60000.0,207.0,0.0,High,1,200-400%,1,0,2.0,1.0,1.0,79,28,Employed,Private,27,1,1,1.0,2,8,8,26-35,Married,16.0,1.0,HS_diploma,0,2,2,2,2.0,0,38,100,2,4,0
120000.0,501.0,0.0,Very_High,1,>400%,1,0,1.0,1.0,1.0,62,03,Employed,Private,43,1,5,1.0,1,1,1,36-45,Never_married,16.0,1.0,HS_diploma,0,2,2,2,2.0,0,38,200,2,4,0
41000.0,219.0,0.0,Medium,1,200-400%,1,0,1.0,1.0,1.0,48,40,Employed,Private,59,1,1,3.0,1,1,1,56-65,Married,20.0,1.0,Some_college,0,2,2,2,2.0,0,38,200,2,4,0
2000.0,219.0,0.0,Very_Low,1,200-400%,1,0,6.0,2.0,1.0,27,91,Not_in_labor_force,Private,62,2,1,3.0,1,1,1,56-65,Married,16.0,1.0,HS_diploma,0,2,2,2,2.0,0,38,200,2,4,0
0.0,0.0,0.0,,0,,0,0,6.0,1.0,3.0,42,69,Not_in_labor_force,Private,51,1,5,1.0,1,9,2,46-55,Never_married,22.0,1.0,Graduate,0,2,2,2,2.0,0,38,100,2,4,1
150000.0,501.0,0.0,Very_High,1,>400%,1,0,1.0,7.0,1.0,49,70,Employed,Self_employed,58,1,1,1.0,1,1,1,56-65,Married,21.0,1.0,Bachelors,0,2,2,2,2.0,0,38,600,2,4,0
0.0,501.0,0.0,,0,>400%,0,0,6.0,1.0,3.0,42,69,Not_in_labor_force,Private,60,2,1,1.0,1,1,1,56-65,Married,16.0,1.0,HS_diploma,0,2,2,2,2.0,0,38,600,2,4,0
100000.0,501.0,5000.0,Very_High,2,>400%,1,1,1.0,1.0,1.0,69,04,Employed,Private,60,1,1,1.0,1,1,1,56-65,Married,20.0,1.0,Some_college,0,2,2,2,2.0,0,38,200,2,4,0
0.0,501.0,0.0,,0,>400%,0,0,6.0,1.0,3.0,42,69,Not_in_labor_force,Private,57,2,1,1.0,1,1,1,56-65,Married,21.0,1.0,Bachelors,0,2,2,2,2.0,0,38,200,2,4,0
0.0,204.0,0.0,,0,200-400%,0,0,6.0,1.0,3.0,42,69,Not_in_labor_force,Private,61,2,1,1.0,1,1,1,56-65,Married,16.0,1.0,HS_diploma,0,2,2,2,2.0,0,38,100,2,4,1
0.0,204.0,40000.0,,2,200-400%,0,1,1.0,6.0,1.0,48,61,Employed,Self_employed,62,1,1,1.0,1,1,1,56-65,Married,16.0,1.0,HS_diploma,0,2,2,2,2.0,0,38,100,2,4,1
0.0,184.0,10000.0,,1,138-200%,0,1,1.0,6.0,1.0,46,92,Employed,Self_employed,54,2,1,1.0,1,1,1,46-55,Married,16.0,1.0,HS_diploma,0,2,2,2,2.0,0,38,400,2,4,0
35000.0,184.0,0.0,Medium,1,138-200%,1,0,1.0,4.0,1.0,42,78,Employed,Government,57,1,1,1.0,1,1,1,56-65,Married,16.0,1.0,HS_diploma,0,2,2,2,2.0,0,38,400,2,4,0
8000.0,98.0,0.0,Very_Low,3,<100%,1,0,6.0,1.0,1.0,96,44,Not_in_labor_force,Private,62,1,3,1.0,1,1,1,56-65,Divorced_Separated,17.0,1.0,HS_diploma,0,2,2,2,2.0,0,38,200,2,4,1
62000.0,394.0,0.0,High,1,200-400%,1,0,1.0,5.0,1.0,89,63,Employed,Government,48,1,3,1.0,1,1,1,46-55,Divorced_Separated,21.0,1.0,Bachelors,0,2,2,2,2.0,0,38,600,2,4,0
46200.0,299.0,0.0,Medium,1,200-400%,1,0,1.0,1.0,1.0,47,53,Employed,Private,34,2,5,1.0,1,1,1,26-35,Never_married,21.0,1.0,Bachelors,0,2,2,2,2.0,0,38,300,2,4,0
100000.0,501.0,0.0,Very_High,1,>400%,1,0,1.0,1.0,1.0,06,87,Employed,Private,42,1,1,1.0,1,1,1,36-45,Married,21.0,1.0,Bachelors,0,2,2,2,2.0,0,38,600,2,4,0
55000.0,501.0,0.0,High,1,>400%,1,0,1.0,1.0,1.0,47,42,Employed,Private,45,2,1,1.0,1,1,1,36-45,Married,20.0,1.0,Some_college,0,2,2,2,2.0,0,38,600,2,4,0
0.0,176.0,0.0,,2,138-200%,0,0,6.0,1.0,3.0,42,69,Not_in_labor_force,Private,64,2,3,1.0,1,9,1,56-65,Divorced_Separated,19.0,1.0,Some_college,0,1,2,2,2.0,1,38,500,2,4,0
35000.0,106.0,0.0,Medium,1,100-138%,1,0,1.0,1.0,1.0,62,07,Employed,Private,38,1,1,1.0,1,1,1,36-45,Married,16.0,1.0,HS_diploma,0,2,2,2,2.0,0,38,100,2,4,0
130000.0,501.0,0.0,Very_High,1,>400%,1,0,1.0,1.0,1.0,47,46,Employed,Private,28,1,1,3.0,1,1,1,26-35,Married,21.0,1.0,Bachelors,0,2,2,2,2.0,0,38,400,2,4,0
42000.0,501.0,0.0,Medium,1,>400%,1,0,1.0,3.0,1.0,24,67,Employed,Government,24,2,1,3.0,1,1,1,18-25,Married,21.0,1.0,Bachelors,0,2,2,2,2.0,0,38,400,2,4,0
2000.0,187.0,0.0,Very_Low,1,138-200%,1,0,1.0,1.0,1.0,32,81,Employed,Private,38,1,1,1.0,2,2,1,36-45,Married,21.0,1.0,Bachelors,0,2,2,2,2.0,0,38,600,2,4,0
35000.0,187.0,0.0,Medium,1,138-200%,1,0,1.0,4.0,1.0,36,94,Employed,Government,35,2,1,1.0,2,2,1,26-35,Married,20.0,1.0,Some_college,0,2,2,2,2.0,0,38,600,2,4,0
0.0,356.0,0.0,,1,200-400%,0,0,6.0,5.0,2.0,09,68,Not_in_labor_force,Government,59,2,1,1.0,1,1,1,56-65,Married,20.0,1.0,Some_college,0,2,2,2,2.0,0,38,100,2,4,0
12000.0,501.0,10000.0,Very_Low,2,>400%,1,1,1.0,6.0,1.0,02,01,Employed,Self_employed,55,2,1,1.0,1,1,1,46-55,Married,20.0,1.0,Some_college,0,2,2,2,2.0,0,38,100,2,4,0
18900.0,501.0,0.0,Low,3,>400%,1,0,1.0,1.0,1.0,02,01,Employed,Private,65,1,3,1.0,1,1,1,56-65,Divorced_Separated,21.0,1.0,Bachelors,0,2,2,2,2.0,0,38,500,2,4,0
95000.0,501.0,0.0,Very_High,1,>400%,1,0,1.0,3.0,1.0,91,61,Employed,Government,60,1,1,1.0,1,1,1,56-65,Married,16.0,1.0,HS_diploma,0,2,2,2,2.0,0,38,500,2,4,0
41900.0,501.0,0.0,Medium,1,>400%,1,0,1.0,3.0,1.0,91,61,Employed,Government,61,2,1,1.0,1,1,1,56-65,Married,19.0,1.0,Some_college,0,2,2,2,2.0,0,38,500,2,4,0
65000.0,437.0,0.0,High,1,>400%,1,0,4.0,5.0,1.0,98,96,Not_in_labor_force,Government,31,1,1,3.0,1,1,4,26-35,Married,20.0,3.0,Some_college,1,2,2,2,2.0,0,38,200,2,4,0
10500.0,437.0,0.0,Very_Low,1,>400%,1,0,1.0,1.0,1.0,36,81,Employed,Private,28,2,1,3.0,1,6,1,26-35,Married,18.0,1.0,Some_college,0,2,2,2,2.0,0,38,200,2,4,0
25900.0,167.0,0.0,Low,1,138-200%,1,0,6.0,3.0,1.0,04,07,Not_in_labor_force,Government,61,1,3,3.0,1,1,1,56-65,Divorced_Separated,19.0,1.0,Some_college,0,1,2,1,1.0,1,38,100,2,4,1
114000.0,456.0,0.0,Very_High,1,>400%,1,0,1.0,1.0,1.0,77,35,Employed,Private,53,1,1,3.0,1,1,1,46-55,Married,20.0,1.0,Some_college,0,2,2,2,2.0,0,38,500,2,4,1
22000.0,456.0,0.0,Low,1,>400%,1,0,1.0,3.0,1.0,57,78,Employed,Government,49,2,1,3.0,1,1,1,46-55,Married,20.0,1.0,Some_college,0,2,2,2,2.0,0,38,500,2,4,1
55000.0,295.0,0.0,High,2,200-400%,1,0,1.0,3.0,1.0,23,78,Employed,Government,34,1,1,1.0,1,9,1,26-35,Married,21.0,1.0,Bachelors,0,2,2,2,2.0,0,38,200,2,4,0
45000.0,295.0,0.0,Medium,2,200-400%,1,0,1.0,3.0,1.0,23,78,Employed,Government,34,2,1,1.0,1,1,1,26-35,Married,21.0,1.0,Bachelors,0,2,2,2,2.0,0,38,200,2,4,0
40000.0,255.0,0.0,Medium,1,200-400%,1,0,1.0,1.0,1.0,07,73,Employed,Private,26,2,3,1.0,1,1,1,26-35,Divorced_Separated,21.0,1.0,Bachelors,0,2,2,2,2.0,0,38,600,2,4,0
0.0,0.0,0.0,,0,,0,0,6.0,1.0,3.0,42,69,Not_in_labor_force,Private,55,1,2,3.0,1,1,1,46-55,Divorced_Separated,20.0,1.0,Some_college,0,1,2,2,1.0,1,38,300,2,4,1
70000.0,371.0,0.0,High,1,200-400%,1,0,1.0,1.0,1.0,21,72,Employed,Private,37,2,1,1.0,1,1,1,36-45,Married,20.0,1.0,Some_college,0,2,2,2,2.0,0,38,100,2,4,0
43000.0,371.0,0.0,Medium,1,200-400%,1,0,1.0,1.0,1.0,08,68,Employed,Private,38,1,1,1.0,1,1,1,36-45,Married,20.0,1.0,Some_college,0,2,2,2,2.0,0,38,100,2,4,0
90000.0,501.0,0.0,Very_High,1,>400%,1,0,1.0,4.0,1.0,38,94,Employed,Government,45,1,1,1.0,1,1,1,36-45,Married,21.0,1.0,Bachelors,0,2,2,2,2.0,0,38,400,2,4,0
108000.0,501.0,0.0,Very_High,1,>400%,1,0,1.0,2.0,1.0,51,81,Employed,Private,50,2,1,1.0,1,1,1,46-55,Married,21.0,1.0,Bachelors,0,2,2,2,2.0,0,38,400,2,4,0
88000.0,423.0,0.0,Very_High,1,>400%,1,0,1.0,1.0,1.0,96,52,Employed,Private,39,1,3,1.0,1,8,1,36-45,Divorced_Separated,20.0,1.0,Some_college,0,2,2,2,2.0,0,38,200,2,4,0
0.0,0.0,0.0,,0,,0,0,6.0,6.0,2.0,83,16,Not_in_labor_force,Self_employed,35,2,3,1.0,1,8,1,26-35,Divorced_Separated,16.0,1.0,HS_diploma,0,2,2,2,2.0,0,38,200,2,4,1
5000.0,32.0,0.0,Very_Low,1,<100%,1,0,1.0,1.0,1.0,41,86,Employed,Private,23,2,5,1.0,1,1,1,18-25,Never_married,19.0,2.0,Some_college,1,2,2,2,2.0,0,38,600,2,4,0
0.0,134.0,20000.0,,1,100-138%,0,1,1.0,6.0,1.0,47,51,Employed,Self_employed,38,2,1,1.0,1,1,1,36-45,Married,19.0,1.0,Some_college,0,2,2,2,2.0,0,38,400,2,4,1
0.0,134.0,20000.0,,1,100-138%,0,1,2.0,6.0,1.0,62,07,Employed,Self_employed,47,1,1,1.0,2,9,4,46-55,Married,19.0,1.0,Some_college,0,2,2,2,2.0,0,38,400,2,4,1
117000.0,489.0,0.0,Very_High,3,>400%,1,0,1.0,5.0,1.0,20,81,Employed,Government,42,2,3,1.0,1,3,1,36-45,Divorced_Separated,22.0,1.0,Graduate,0,2,2,2,2.0,0,38,200,2,4,0
80000.0,501.0,0.0,Very_High,1,>400%,1,0,1.0,1.0,1.0,32,74,Employed,Private,30,1,1,1.0,1,1,1,26-35,Married,23.0,1.0,Graduate,0,1,1,2,2.0,1,38,500,2,4,0
78000.0,501.0,0.0,Very_High,1,>400%,1,0,1.0,1.0,1.0,32,74,Employed,Private,34,2,1,1.0,1,1,1,26-35,Married,23.0,1.0,Graduate,0,2,2,2,2.0,0,38,500,2,4,0
0.0,255.0,0.0,,2,200-400%,0,0,6.0,1.0,2.0,96,10,Not_in_labor_force,Private,65,1,1,1.0,1,1,1,56-65,Married,16.0,1.0,HS_diploma,0,2,2,2,2.0,0,38,100,2,4,0
2900.0,255.0,0.0,Very_Low,2,200-400%,1,0,6.0,1.0,1.0,36,83,Not_in_labor_force,Private,60,2,1,1.0,1,1,1,56-65,Married,17.0,1.0,HS_diploma,0,2,2,2,2.0,0,38,100,2,4,0
90000.0,495.0,0.0,Very_High,2,>400%,1,0,1.0,1.0,1.0,14,30,Employed,Private,65,1,1,1.0,1,1,1,56-65,Married,21.0,1.0,Bachelors,0,2,2,2,2.0,0,38,600,2,4,0
0.0,495.0,0.0,,0,>400%,0,0,6.0,1.0,3.0,42,69,Not_in_labor_force,Private,62,2,1,1.0,1,1,1,56-65,Married,21.0,1.0,Bachelors,0,2,2,2,2.0,0,38,600,2,4,0
0.0,86.0,0.0,,1,<100%,0,0,6.0,1.0,3.0,42,69,Not_in_labor_force,Private,65,2,1,1.0,1,1,1,56-65,Married,16.0,1.0,HS_diploma,0,1,1,2,2.0,1,38,200,2,4,0
0.0,398.0,0.0,,0,200-400%,0,0,6.0,1.0,3.0,42,69,Not_in_labor_force,Private,29,2,1,1.0,1,9,1,26-35,Married,16.0,1.0,HS_diploma,0,1,2,2,2.0,1,38,200,2,4,0
120000.0,398.0,0.0,Very_High,1,200-400%,1,0,1.0,1.0,1.0,69,04,Employed,Private,32,1,1,1.0,1,9,1,26-35,Married,16.0,1.0,HS_diploma,0,2,2,2,2.0,0,38,200,2,4,0
38000.0,319.0,0.0,Medium,1,200-400%,1,0,1.0,5.0,1.0,58,69,Employed,Government,39,2,1,1.0,1,1,1,36-45,Married,20.0,1.0,Some_college,0,2,2,2,2.0,0,38,600,2,4,0
60000.0,319.0,0.0,High,1,200-400%,1,0,1.0,1.0,1.0,62,07,Employed,Private,39,1,1,1.0,1,1,1,36-45,Married,18.0,1.0,Some_college,0,2,2,2,2.0,0,38,600,2,4,0
70000.0,453.0,0.0,High,1,>400%,1,0,1.0,4.0,1.0,10,93,Employed,Government,59,2,5,1.0,1,1,1,56-65,Never_married,21.0,1.0,Bachelors,0,2,2,2,2.0,0,38,300,2,4,0
26400.0,169.0,0.0,Low,1,138-200%,1,0,1.0,1.0,1.0,64,07,Employed,Private,24,2,5,3.0,1,1,1,18-25,Never_married,16.0,1.0,HS_diploma,0,2,2,2,2.0,0,38,400,2,4,0
0.0,501.0,20000.0,,1,>400%,0,1,1.0,6.0,1.0,48,74,Employed,Self_employed,58,1,1,1.0,1,1,1,56-65,Married,21.0,1.0,Bachelors,0,2,2,2,2.0,0,38,200,2,4,0
90000.0,501.0,0.0,Very_High,1,>400%,1,0,1.0,1.0,1.0,06,01,Employed,Private,34,2,1,1.0,1,1,1,26-35,Married,21.0,1.0,Bachelors,0,2,2,2,2.0,0,38,200,2,4,0
100000.0,332.0,0.0,Very_High,1,200-400%,1,0,4.0,5.0,1.0,90,96,Not_in_labor_force,Government,37,1,1,3.0,2,1,1,36-45,Married,21.0,1.0,Bachelors,0,2,2,2,2.0,0,38,500,2,4,0
0.0,332.0,0.0,,0,200-400%,0,0,6.0,1.0,2.0,06,77,Not_in_labor_force,Private,37,2,1,3.0,2,1,1,36-45,Married,21.0,1.0,Bachelors,0,2,2,2,2.0,0,38,500,2,4,0
46000.0,192.0,0.0,Medium,1,138-200%,1,0,4.0,5.0,1.0,98,96,Not_in_labor_force,Government,29,2,2,1.0,1,1,1,26-35,Divorced_Separated,21.0,1.0,Bachelors,0,2,2,2,2.0,0,38,600,2,4,0
68000.0,337.0,0.0,High,1,200-400%,1,0,1.0,1.0,1.0,01,30,Employed,Private,45,1,1,1.0,1,1,1,36-45,Married,21.0,1.0,Bachelors,0,2,2,2,2.0,0,38,300,2,4,0
45000.0,337.0,0.0,Medium,1,200-400%,1,0,1.0,1.0,1.0,36,82,Employed,Private,44,2,1,1.0,1,1,1,36-45,Married,20.0,1.0,Some_college,0,2,2,2,2.0,0,38,300,2,4,0
52000.0,338.0,0.0,High,1,200-400%,1,0,6.0,1.0,1.0,47,53,Not_in_labor_force,Private,21,1,5,1.0,1,1,1,18-25,Never_married,19.0,2.0,Some_college,1,2,2,2,2.0,0,38,500,2,4,0
5000.0,32.0,0.0,Very_Low,1,<100%,1,0,2.0,4.0,1.0,01,78,Employed,Government,20,1,5,3.0,1,1,1,18-25,Never_married,19.0,2.0,Some_college,1,2,2,2,2.0,0,38,500,2,4,0
45000.0,295.0,0.0,Medium,1,200-400%,1,0,6.0,1.0,1.0,41,86,Not_in_labor_force,Private,22,1,5,3.0,1,1,1,18-25,Never_married,16.0,2.0,HS_diploma,1,2,2,2,2.0,0,38,500,2,4,0
50000.0,321.0,0.0,Medium,1,200-400%,1,0,1.0,1.0,1.0,72,35,Employed,Private,61,1,3,1.0,1,1,1,56-65,Divorced_Separated,18.0,1.0,Some_college,0,2,2,2,2.0,0,38,500,2,4,0
35000.0,236.0,0.0,Medium,2,200-400%,1,0,1.0,1.0,1.0,77,35,Employed,Private,56,2,3,1.0,1,1,1,56-65,Divorced_Separated,17.0,1.0,HS_diploma,0,2,2,2,2.0,0,38,500,2,4,0
45000.0,290.0,0.0,Medium,1,200-400%,1,0,1.0,1.0,1.0,60,01,Employed,Private,51,1,5,1.0,1,1,1,46-55,Never_married,16.0,1.0,HS_diploma,0,2,2,2,2.0,0,38,500,2,4,0
34000.0,144.0,0.0,Medium,1,138-200%,1,0,1.0,2.0,1.0,20,91,Employed,Private,37,1,1,1.0,1,1,1,36-45,Married,21.0,1.0,Bachelors,0,2,2,2,2.0,0,38,400,2,4,0
18000.0,144.0,0.0,Low,1,138-200%,1,0,1.0,2.0,1.0,27,65,Employed,Private,36,2,1,1.0,1,1,1,36-45,Married,22.0,1.0,Graduate,0,2,2,2,2.0,0,38,400,2,4,0
0.0,290.0,0.0,,0,200-400%,0,0,6.0,1.0,3.0,42,69,Not_in_labor_force,Private,48,1,5,1.0,1,1,1,46-55,Never_married,16.0,1.0,HS_diploma,0,2,2,2,2.0,0,38,400,2,4,1
82000.0,277.0,0.0,Very_High,1,200-400%,1,0,1.0,5.0,1.0,04,95,Employed,Government,57,1,1,1.0,1,1,1,56-65,Married,19.0,1.0,Some_college,0,2,2,2,2.0,0,38,300,2,4,0
18500.0,277.0,0.0,Low,1,200-400%,1,0,1.0,4.0,1.0,40,78,Employed,Government,40,2,1,1.0,1,1,1,36-45,Married,16.0,1.0,HS_diploma,0,2,2,2,2.0,0,38,300,2,4,0
0.0,0.0,0.0,,0,,0,0,6.0,1.0,3.0,42,69,Not_in_labor_force,Private,59,2,1,1.0,1,1,1,56-65,Married,16.0,1.0,HS_diploma,0,2,2,2,2.0,0,38,400,2,4,1
0.0,0.0,0.0,,0,,0,0,6.0,1.0,3.0,42,69,Not_in_labor_force,Private,65,1,1,1.0,1,4,1,56-65,Married,17.0,1.0,HS_diploma,0,2,2,2,2.0,0,38,400,2,4,0
0.0,501.0,120000.0,,2,>400%,0,1,1.0,6.0,1.0,02,01,Employed,Self_employed,60,1,5,1.0,1,1,1,56-65,Never_married,1.0,1.0,Less_than_HS,0,2,2,2,2.0,0,38,100,2,4,0
38000.0,501.0,0.0,Medium,1,>400%,1,0,1.0,1.0,1.0,81,30,Employed,Private,52,1,5,1.0,1,1,1,46-55,Never_married,21.0,1.0,Bachelors,0,2,2,2,2.0,0,38,100,2,4,0
0.0,136.0,0.0,,1,100-138%,0,0,6.0,1.0,3.0,42,69,Not_in_labor_force,Private,37,2,1,1.0,1,1,1,36-45,Married,16.0,1.0,HS_diploma,0,2,2,2,2.0,0,38,200,2,4,0
48000.0,136.0,0.0,Medium,1,100-138%,1,0,1.0,7.0,1.0,62,07,Employed,Self_employed,37,1,1,1.0,1,1,1,36-45,Married,19.0,1.0,Some_college,0,2,2,2,2.0,0,38,200,2,4,0
3500.0,118.0,0.0,Very_Low,3,100-138%,1,0,1.0,2.0,1.0,51,91,Employed,Private,63,2,2,1.0,1,1,1,56-65,Divorced_Separated,19.0,1.0,Some_college,0,2,2,2,2.0,0,38,400,2,4,0
58000.0,404.0,0.0,High,2,>400%,1,0,1.0,1.0,1.0,47,44,Employed,Private,57,1,3,1.0,1,1,1,56-65,Divorced_Separated,16.0,1.0,HS_diploma,0,1,1,1,1.0,1,38,500,2,4,0
82000.0,501.0,0.0,Very_High,1,>400%,1,0,1.0,1.0,1.0,73,24,Employed,Private,58,1,1,1.0,1,1,1,56-65,Married,21.0,1.0,Bachelors,0,2,2,2,2.0,0,38,600,2,4,0
40000.0,501.0,0.0,Medium,1,>400%,1,0,1.0,3.0,1.0,57,78,Employed,Government,59,2,1,1.0,1,1,1,56-65,Married,20.0,1.0,Some_college,0,2,2,2,2.0,0,38,600,2,4,0
38400.0,501.0,0.0,Medium,1,>400%,1,0,1.0,1.0,1.0,47,52,Employed,Private,29,1,5,1.0,1,1,1,26-35,Never_married,21.0,2.0,Bachelors,1,2,2,2,2.0,0,38,600,2,4,0
18000.0,501.0,0.0,Low,2,>400%,1,0,1.0,3.0,1.0,06,85,Employed,Government,26,2,5,1.0,1,1,1,26-35,Never_married,21.0,3.0,Bachelors,1,2,2,2,2.0,0,38,600,2,4,0
45000.0,501.0,0.0,Medium,1,>400%,1,0,1.0,1.0,1.0,31,80,Employed,Private,37,2,1,1.0,1,1,1,36-45,Married,22.0,1.0,Graduate,0,2,2,2,2.0,0,38,600,2,4,0
73000.0,295.0,0.0,High,1,200-400%,1,0,1.0,1.0,1.0,47,40,Employed,Private,35,2,3,1.0,1,1,1,26-35,Divorced_Separated,19.0,2.0,Some_college,1,1,2,2,1.0,1,38,300,2,4,0
80000.0,501.0,0.0,Very_High,1,>400%,1,0,1.0,1.0,1.0,72,46,Employed,Private,40,1,3,1.0,1,1,1,36-45,Divorced_Separated,14.0,1.0,Less_than_HS,0,2,2,2,2.0,0,38,300,2,4,1
0.0,501.0,0.0,,1,>400%,0,0,6.0,3.0,2.0,23,78,Not_in_labor_force,Government,65,2,1,1.0,1,1,1,56-65,Married,21.0,1.0,Bachelors,0,2,2,2,2.0,0,38,600,2,4,0
0.0,114.0,0.0,,0,100-138%,0,0,6.0,1.0,3.0,42,69,Not_in_labor_force,Private,58,2,1,1.0,1,1,1,56-65,Married,19.0,1.0,Some_college,0,2,2,2,2.0,0,38,400,2,4,0
0.0,114.0,22800.0,,1,100-138%,0,1,1.0,6.0,1.0,02,01,Employed,Self_employed,61,1,1,1.0,1,1,1,56-65,Married,20.0,1.0,Some_college,0,2,2,2,2.0,0,38,400,2,4,0
65000.0,185.0,0.0,High,1,138-200%,1,0,1.0,2.0,1.0,20,91,Employed,Private,37,1,1,1.0,1,1,1,36-45,Married,21.0,1.0,Bachelors,0,2,2,2,2.0,0,38,600,2,4,0
0.0,185.0,0.0,,0,138-200%,0,0,6.0,1.0,3.0,42,69,Not_in_labor_force,Private,34,2,1,1.0,1,1,1,26-35,Married,19.0,1.0,Some_college,0,2,2,2,2.0,0,38,600,2,4,0
55000.0,448.0,0.0,High,1,>400%,1,0,1.0,2.0,1.0,04,91,Employed,Private,63,2,1,1.0,1,1,1,56-65,Married,21.0,1.0,Bachelors,0,2,2,2,2.0,0,38,100,2,4,0
3000.0,448.0,0.0,Very_Low,2,>400%,1,0,1.0,1.0,1.0,47,48,Employed,Private,62,1,1,1.0,1,1,1,56-65,Married,21.0,1.0,Bachelors,0,2,2,2,2.0,0,38,100,2,4,0
83000.0,501.0,0.0,Very_High,1,>400%,1,0,1.0,1.0,1.0,01,31,Employed,Private,60,1,1,1.0,1,1,1,56-65,Married,16.0,1.0,HS_diploma,0,2,2,2,2.0,0,38,400,2,4,0
20000.0,501.0,0.0,Low,1,>400%,1,0,2.0,3.0,1.0,40,78,Employed,Government,53,2,1,1.0,1,1,1,46-55,Married,14.0,1.0,Less_than_HS,0,2,2,2,2.0,0,38,400,2,4,0
78000.0,501.0,0.0,Very_High,1,>400%,1,0,1.0,1.0,1.0,02,07,Employed,Private,31,1,5,3.0,1,1,1,26-35,Never_married,19.0,1.0,Some_college,0,2,2,2,2.0,0,38,400,2,4,0
51000.0,488.0,25000.0,High,2,>400%,1,1,1.0,1.0,1.0,55,63,Employed,Private,33,2,5,3.0,1,1,1,26-35,Never_married,17.0,1.0,HS_diploma,0,2,2,2,2.0,0,38,400,2,4,0
74000.0,480.0,0.0,High,2,>400%,1,0,1.0,1.0,1.0,04,38,Employed,Private,43,1,5,1.0,1,1,1,36-45,Never_married,20.0,1.0,Some_college,0,2,2,2,2.0,0,38,100,2,4,0
0.0,170.0,0.0,,1,138-200%,0,0,6.0,1.0,3.0,42,69,Not_in_labor_force,Private,65,2,1,1.0,1,1,1,56-65,Married,16.0,1.0,HS_diploma,0,2,2,2,2.0,0,38,200,2,4,0
40000.0,255.0,0.0,Medium,1,200-400%,1,0,1.0,1.0,1.0,91,63,Employed,Private,32,1,5,1.0,1,1,1,26-35,Never_married,17.0,1.0,HS_diploma,0,2,2,2,2.0,0,38,600,2,4,0
51000.0,325.0,0.0,High,1,200-400%,1,0,1.0,7.0,1.0,02,01,Employed,Self_employed,20,1,5,3.0,1,1,1,18-25,Never_married,18.0,1.0,Some_college,0,2,2,2,2.0,0,38,100,2,4,0
20000.0,127.0,0.0,Low,1,100-138%,1,0,4.0,5.0,1.0,98,97,Not_in_labor_force,Government,24,1,5,3.0,1,9,24,18-25,Never_married,17.0,1.0,HS_diploma,0,2,2,2,2.0,0,38,100,2,4,0
30000.0,191.0,0.0,Low,1,138-200%,1,0,1.0,1.0,1.0,03,86,Employed,Private,23,1,5,3.0,1,1,1,18-25,Never_married,16.0,1.0,HS_diploma,0,2,2,2,2.0,0,38,100,2,4,0
40000.0,255.0,0.0,Medium,1,200-400%,1,0,1.0,1.0,1.0,47,53,Employed,Private,22,2,5,1.0,1,8,2,18-25,Never_married,18.0,1.0,Some_college,0,2,2,2,2.0,0,38,100,2,4,0
6300.0,41.0,0.0,Very_Low,1,<100%,1,0,6.0,1.0,1.0,02,01,Not_in_labor_force,Private,32,1,3,1.0,1,1,1,26-35,Divorced_Separated,20.0,1.0,Some_college,0,2,2,2,2.0,0,38,400,2,4,0
55000.0,289.0,0.0,High,2,200-400%,1,0,1.0,1.0,1.0,91,45,Employed,Private,57,1,1,1.0,1,1,1,56-65,Married,20.0,1.0,Some_college,0,2,2,2,2.0,0,38,500,2,4,0
0.0,289.0,0.0,,0,200-400%,0,0,6.0,1.0,3.0,42,69,Not_in_labor_force,Private,57,2,1,1.0,1,1,1,56-65,Married,20.0,1.0,Some_college,0,2,2,2,2.0,0,38,500,2,4,0
82000.0,449.0,0.0,Very_High,1,>400%,1,0,1.0,1.0,1.0,47,69,Employed,Private,32,2,1,1.0,1,1,1,26-35,Married,21.0,2.0,Bachelors,1,2,2,2,2.0,0,38,600,2,4,0
52000.0,449.0,0.0,High,1,>400%,1,0,1.0,3.0,1.0,37,94,Employed,Government,39,1,1,1.0,1,1,1,36-45,Married,18.0,1.0,Some_college,0,2,2,2,2.0,0,38,600,2,4,0
60000.0,387.0,0.0,High,2,200-400%,1,0,1.0,1.0,1.0,26,47,Employed,Private,42,2,5,1.0,1,1,1,36-45,Never_married,21.0,1.0,Bachelors,0,2,2,2,2.0,0,38,200,2,4,0
0.0,480.0,10000.0,,1,>400%,0,1,1.0,6.0,1.0,02,01,Employed,Self_employed,41,1,1,1.0,1,1,1,36-45,Married,21.0,1.0,Bachelors,0,2,2,2,2.0,0,38,200,2,4,0
160000.0,480.0,0.0,Very_High,1,>400%,1,0,1.0,1.0,1.0,30,50,Employed,Private,39,2,1,1.0,1,1,1,36-45,Married,24.0,1.0,Graduate,0,2,2,2,2.0,0,38,200,2,4,0
45000.0,501.0,0.0,Medium,1,>400%,1,0,1.0,3.0,1.0,23,78,Employed,Government,47,2,1,1.0,1,1,1,46-55,Married,21.0,2.0,Bachelors,1,2,2,2,2.0,0,38,200,2,4,0
30000.0,190.0,0.0,Low,1,138-200%,1,0,4.0,5.0,1.0,98,96,Not_in_labor_force,Government,23,1,5,3.0,1,1,1,18-25,Never_married,21.0,2.0,Bachelors,1,2,2,2,2.0,0,38,200,2,4,0
55000.0,428.0,0.0,High,3,>400%,1,0,6.0,3.0,1.0,25,78,Not_in_labor_force,Government,63,2,3,1.0,1,1,1,56-65,Divorced_Separated,21.0,1.0,Bachelors,0,2,2,2,2.0,0,38,300,2,4,0
24800.0,164.0,0.0,Low,2,138-200%,1,0,1.0,1.0,1.0,40,86,Employed,Private,24,1,5,1.0,1,1,1,18-25,Never_married,20.0,1.0,Some_college,0,2,2,2,2.0,0,38,600,2,4,0
115000.0,501.0,0.0,Very_High,1,>400%,1,0,1.0,4.0,1.0,00,78,Employed,Government,35,2,1,1.0,1,1,1,26-35,Married,21.0,1.0,Bachelors,0,2,2,2,2.0,0,38,600,2,4,0
60000.0,491.0,0.0,High,3,>400%,1,0,1.0,2.0,1.0,03,81,Employed,Private,57,2,2,1.0,1,1,1,56-65,Divorced_Separated,21.0,1.0,Bachelors,0,2,2,2,2.0,0,38,600,2,4,0
0.0,491.0,0.0,,0,>400%,0,0,6.0,2.0,2.0,43,85,Not_in_labor_force,Private,30,1,5,3.0,1,1,1,26-35,Never_married,21.0,1.0,Bachelors,0,2,2,2,2.0,0,38,600,2,4,1
85000.0,501.0,0.0,Very_High,2,>400%,1,0,1.0,1.0,1.0,11,30,Employed,Private,35,1,1,1.0,1,1,1,26-35,Married,21.0,1.0,Bachelors,0,2,2,2,2.0,0,38,400,2,4,0
40000.0,501.0,0.0,Medium,1,>400%,1,0,1.0,1.0,1.0,23,78,Employed,Private,33,2,1,1.0,1,1,1,26-35,Married,21.0,1.0,Bachelors,0,2,2,2,2.0,0,38,400,2,4,0
30000.0,192.0,0.0,Low,1,138-200%,1,0,1.0,1.0,1.0,73,07,Employed,Private,26,1,5,1.0,1,1,1,26-35,Never_married,14.0,1.0,Less_than_HS,0,2,2,2,2.0,0,38,600,2,4,0
0.0,501.0,47100.0,,1,>400%,0,1,1.0,6.0,1.0,91,61,Employed,Self_employed,59,2,1,1.0,1,1,1,56-65,Married,20.0,1.0,Some_college,0,2,2,2,2.0,0,38,100,2,4,0
0.0,501.0,14400.0,,1,>400%,0,1,1.0,6.0,1.0,02,01,Employed,Self_employed,57,2,1,1.0,1,1,1,56-65,Married,19.0,2.0,Some_college,1,2,2,2,2.0,0,38,100,2,4,0
0.0,501.0,175000.0,,1,>400%,0,1,1.0,6.0,1.0,02,01,Employed,Self_employed,60,1,1,1.0,1,1,1,56-65,Married,19.0,1.0,Some_college,0,2,2,2,2.0,0,38,100,2,4,0
0.0,291.0,0.0,,2,200-400%,0,0,6.0,5.0,2.0,15,95,Not_in_labor_force,Government,63,1,1,1.0,1,9,1,56-65,Married,18.0,1.0,Some_college,0,2,2,2,2.0,0,38,600,2,4,0
0.0,71.0,0.0,,0,<100%,0,0,6.0,1.0,3.0,42,69,Not_in_labor_force,Private,40,1,5,1.0,1,9,1,36-45,Never_married,17.0,1.0,HS_diploma,0,1,2,2,2.0,1,38,400,2,4,0
0.0,249.0,25000.0,,2,200-400%,0,1,1.0,6.0,1.0,02,01,Employed,Self_employed,64,1,1,2.0,1,1,1,56-65,Married,21.0,1.0,Bachelors,0,2,2,2,2.0,0,38,400,2,4,0
31000.0,380.0,0.0,Medium,1,200-400%,1,0,1.0,3.0,1.0,25,78,Employed,Government,28,1,1,1.0,1,1,1,26-35,Married,16.0,1.0,HS_diploma,0,2,2,2,2.0,0,38,400,2,4,0
30000.0,190.0,0.0,Low,1,138-200%,1,0,1.0,1.0,1.0,07,73,Employed,Private,30,2,4,1.0,1,1,1,26-35,Divorced_Separated,18.0,1.0,Some_college,0,2,2,2,2.0,0,38,400,2,4,0
55000.0,433.0,0.0,High,1,>400%,1,0,1.0,3.0,1.0,23,78,Employed,Government,37,2,1,1.0,1,1,1,36-45,Married,21.0,1.0,Bachelors,0,2,2,2,2.0,0,38,500,2,4,0
75000.0,433.0,0.0,High,1,>400%,1,0,1.0,1.0,1.0,91,01,Employed,Private,35,1,1,1.0,1,1,1,26-35,Married,19.0,1.0,Some_college,0,2,2,2,2.0,0,38,500,2,4,0
50000.0,319.0,0.0,Medium,1,200-400%,1,0,1.0,1.0,1.0,35,82,Employed,Private,55,2,5,1.0,1,1,1,46-55,Never_married,20.0,1.0,Some_college,0,2,2,2,2.0,0,38,400,2,4,0
104000.0,287.0,0.0,Very_High,1,200-400%,1,0,1.0,3.0,1.0,01,93,Employed,Government,34,1,1,1.0,1,1,1,26-35,Married,21.0,1.0,Bachelors,0,2,2,2,2.0,0,38,100,2,4,0
0.0,287.0,0.0,,0,200-400%,0,0,6.0,1.0,3.0,42,69,Not_in_labor_force,Private,33,2,1,1.0,1,1,1,26-35,Married,21.0,1.0,Bachelors,0,2,2,2,2.0,0,38,100,2,4,0
67000.0,382.0,0.0,High,1,200-400%,1,0,1.0,1.0,1.0,09,68,Employed,Private,56,1,1,1.0,1,1,1,56-65,Married,21.0,1.0,Bachelors,0,2,2,2,2.0,0,38,600,2,4,0
53000.0,382.0,0.0,High,1,200-400%,1,0,1.0,3.0,1.0,23,78,Employed,Government,56,2,1,1.0,1,1,1,56-65,Married,22.0,1.0,Graduate,0,2,2,2,2.0,0,38,600,2,4,0
20800.0,382.0,0.0,Low,1,200-400%,1,0,1.0,1.0,1.0,96,53,Employed,Private,21,1,5,1.0,1,1,1,18-25,Never_married,19.0,2.0,Some_college,1,2,2,2,2.0,0,38,600,2,4,0
2100.0,382.0,0.0,Very_Low,1,200-400%,1,0,6.0,4.0,1.0,60,01,Not_in_labor_force,Government,18,1,5,1.0,1,1,1,18-25,Never_married,15.0,2.0,Less_than_HS,1,2,2,2,2.0,0,38,600,2,4,0
40000.0,501.0,0.0,Medium,1,>400%,1,0,1.0,1.0,1.0,07,73,Employed,Private,45,2,1,1.0,1,1,1,36-45,Married,17.0,1.0,HS_diploma,0,2,2,2,2.0,0,38,600,2,4,0
80000.0,501.0,0.0,Very_High,1,>400%,1,0,1.0,1.0,1.0,04,73,Employed,Private,51,1,1,1.0,1,1,1,46-55,Married,20.0,1.0,Some_college,0,2,2,2,2.0,0,38,600,2,4,0
30000.0,501.0,0.0,Low,1,>400%,1,0,1.0,1.0,1.0,91,73,Employed,Private,24,1,5,3.0,1,1,1,18-25,Never_married,16.0,1.0,HS_diploma,0,2,2,2,2.0,0,38,600,2,4,0
0.0,501.0,100000.0,,1,>400%,0,1,1.0,6.0,1.0,02,01,Employed,Self_employed,55,1,1,1.0,1,1,1,46-55,Married,19.0,1.0,Some_college,0,2,2,2,2.0,0,38,400,2,4,0
100000.0,501.0,0.0,Very_High,1,>400%,1,0,1.0,4.0,1.0,02,78,Employed,Government,53,2,1,1.0,1,1,1,46-55,Married,22.0,1.0,Graduate,0,2,2,2,2.0,0,38,400,2,4,0
0.0,501.0,0.0,,0,>400%,0,0,6.0,1.0,3.0,42,69,Not_in_labor_force,Private,18,1,5,1.0,1,1,1,18-25,Never_married,16.0,2.0,HS_diploma,1,2,2,2,2.0,0,38,400,2,4,0
0.0,493.0,0.0,,2,>400%,0,0,6.0,1.0,3.0,42,69,Not_in_labor_force,Private,65,2,1,1.0,1,1,1,56-65,Married,21.0,1.0,Bachelors,0,2,2,2,2.0,0,38,500,2,4,0
55000.0,357.0,0.0,High,1,200-400%,1,0,1.0,7.0,1.0,26,70,Employed,Self_employed,28,2,5,3.0,1,1,1,26-35,Never_married,20.0,1.0,Some_college,0,1,2,1,2.0,1,38,600,2,4,0
50000.0,213.0,0.0,Medium,1,200-400%,1,0,1.0,1.0,1.0,25,78,Employed,Private,44,2,1,1.0,1,1,1,36-45,Married,16.0,1.0,HS_diploma,0,2,2,2,2.0,0,38,100,2,4,0
0.0,213.0,0.0,,0,200-400%,0,0,6.0,1.0,2.0,42,76,Not_in_labor_force,Private,47,1,1,1.0,1,1,1,46-55,Married,19.0,1.0,Some_college,0,2,2,2,2.0,0,38,100,2,4,0
0.0,213.0,0.0,,0,200-400%,0,0,6.0,1.0,3.0,42,69,Not_in_labor_force,Private,20,1,5,1.0,1,1,1,18-25,Never_married,20.0,2.0,Some_college,1,2,2,2,2.0,0,38,100,2,4,0
48000.0,303.0,0.0,Medium,1,200-400%,1,0,1.0,1.0,1.0,63,07,Employed,Private,51,1,3,1.0,1,1,1,46-55,Divorced_Separated,19.0,1.0,Some_college,0,2,2,2,2.0,0,38,100,2,4,0
57000.0,185.0,0.0,High,1,138-200%,1,0,1.0,1.0,1.0,80,39,Employed,Private,41,1,1,1.0,1,1,1,36-45,Married,16.0,1.0,HS_diploma,0,1,1,1,2.0,1,38,100,2,4,0
0.0,185.0,0.0,,0,138-200%,0,0,6.0,1.0,3.0,42,69,Not_in_labor_force,Private,41,2,1,1.0,1,1,1,36-45,Married,16.0,1.0,HS_diploma,0,1,2,1,2.0,1,38,100,2,4,0
50000.0,318.0,0.0,Medium,1,200-400%,1,0,1.0,1.0,1.0,51,68,Employed,Private,44,2,5,1.0,1,1,1,36-45,Never_married,21.0,1.0,Bachelors,0,2,2,2,2.0,0,38,600,2,4,0
75000.0,477.0,0.0,High,1,>400%,1,0,1.0,1.0,1.0,50,30,Employed,Private,48,1,3,1.0,1,1,1,46-55,Divorced_Separated,18.0,1.0,Some_college,0,2,2,2,2.0,0,38,600,2,4,0
58000.0,379.0,0.0,High,1,200-400%,1,0,1.0,5.0,1.0,52,81,Employed,Government,56,2,3,1.0,1,9,1,56-65,Divorced_Separated,20.0,1.0,Some_college,0,2,2,2,2.0,0,38,600,2,4,0
0.0,501.0,0.0,,1,>400%,0,0,6.0,7.0,2.0,02,01,Not_in_labor_force,Self_employed,57,1,5,1.0,1,1,1,56-65,Never_married,13.0,1.0,Less_than_HS,0,2,2,2,2.0,0,38,500,2,4,1
0.0,501.0,0.0,,0,>400%,0,0,6.0,1.0,3.0,42,69,Not_in_labor_force,Private,38,2,1,1.0,1,1,1,36-45,Married,21.0,1.0,Bachelors,0,2,2,2,2.0,0,38,600,2,4,0
150000.0,501.0,0.0,Very_High,1,>400%,1,0,1.0,1.0,1.0,10,73,Employed,Private,42,1,1,1.0,1,1,1,36-45,Married,21.0,1.0,Bachelors,0,2,2,2,2.0,0,38,600,2,4,0
77000.0,501.0,0.0,Very_High,1,>400%,1,0,1.0,1.0,1.0,65,07,Employed,Private,44,1,1,1.0,1,1,1,36-45,Married,20.0,1.0,Some_college,0,2,2,2,2.0,0,38,400,2,4,0
41600.0,501.0,0.0,Medium,1,>400%,1,0,1.0,1.0,1.0,59,69,Employed,Private,40,2,1,1.0,1,1,1,36-45,Married,19.0,1.0,Some_college,0,2,2,2,2.0,0,38,400,2,4,0
77000.0,501.0,0.0,Very_High,1,>400%,1,0,1.0,1.0,1.0,65,07,Employed,Private,44,1,1,1.0,1,1,1,36-45,Married,20.0,1.0,Some_college,0,2,2,2,2.0,0,38,400,2,4,0
36000.0,406.0,0.0,Medium,1,>400%,1,0,1.0,1.0,1.0,40,82,Employed,Private,60,2,1,1.0,1,1,1,56-65,Married,18.0,1.0,Some_college,0,2,2,2,2.0,0,38,500,2,4,0
46000.0,406.0,0.0,Medium,1,>400%,1,0,1.0,1.0,1.0,72,46,Employed,Private,65,1,1,1.0,1,1,1,56-65,Married,16.0,1.0,HS_diploma,0,2,2,2,2.0,0,38,500,2,4,0
0.0,75.0,0.0,,1,<100%,0,0,6.0,1.0,2.0,64,53,Not_in_labor_force,Private,64,1,3,1.0,1,9,1,56-65,Divorced_Separated,20.0,1.0,Some_college,0,2,2,2,2.0,0,38,400,2,4,1
48000.0,249.0,0.0,Medium,1,200-400%,1,0,1.0,1.0,1.0,51,42,Employed,Private,30,2,1,1.0,1,1,1,26-35,Married,18.0,1.0,Some_college,0,2,2,2,2.0,0,38,600,2,4,0
53000.0,249.0,0.0,High,1,200-400%,1,0,1.0,1.0,1.0,06,40,Employed,Private,33,1,1,1.0,1,1,1,26-35,Married,18.0,1.0,Some_college,0,2,2,2,2.0,0,38,600,2,4,0
21300.0,135.0,0.0,Low,1,100-138%,1,0,2.0,5.0,1.0,55,94,Employed,Government,35,2,5,3.0,1,1,1,26-35,Never_married,19.0,1.0,Some_college,0,2,2,2,2.0,0,38,100,2,4,0
0.0,0.0,0.0,,0,,0,0,6.0,1.0,2.0,47,47,Not_in_labor_force,Private,32,1,5,3.0,1,1,1,26-35,Never_married,19.0,1.0,Some_college,0,1,1,2,1.0,1,38,100,2,4,1
130000.0,501.0,0.0,Very_High,1,>400%,1,0,1.0,1.0,1.0,00,62,Employed,Private,29,1,1,1.0,1,1,1,26-35,Married,20.0,1.0,Some_college,0,2,2,2,2.0,0,38,100,2,4,0
75000.0,501.0,0.0,High,1,>400%,1,0,1.0,1.0,1.0,31,80,Employed,Private,29,2,1,1.0,1,1,1,26-35,Married,24.0,1.0,Graduate,0,2,2,2,2.0,0,38,100,2,4,0
49900.0,325.0,0.0,Medium,1,200-400%,1,0,1.0,1.0,1.0,60,01,Employed,Private,43,1,1,1.0,1,1,1,36-45,Married,15.0,1.0,Less_than_HS,0,2,2,2,2.0,0,38,500,2,4,0
47900.0,325.0,0.0,Medium,1,200-400%,1,0,1.0,1.0,1.0,96,38,Employed,Private,46,2,1,1.0,1,1,1,46-55,Married,19.0,1.0,Some_college,0,2,2,2,2.0,0,38,500,2,4,0
0.0,501.0,0.0,,1,>400%,0,0,3.0,9.0,3.0,99,99,Unemployed,Unpaid,45,1,1,1.0,1,1,1,36-45,Married,20.0,1.0,Some_college,0,2,2,2,2.0,0,38,200,2,4,0
85000.0,501.0,0.0,Very_High,1,>400%,1,0,1.0,1.0,1.0,51,70,Employed,Private,42,2,1,1.0,2,1,1,36-45,Married,16.0,1.0,HS_diploma,0,2,2,2,2.0,0,38,200,2,4,0
40000.0,261.0,0.0,Medium,1,200-400%,1,0,1.0,1.0,1.0,62,07,Employed,Private,23,1,5,3.0,1,1,1,18-25,Never_married,20.0,1.0,Some_college,0,2,2,2,2.0,0,38,500,2,4,0
20000.0,130.0,0.0,Low,1,100-138%,1,0,1.0,1.0,1.0,36,83,Employed,Private,24,2,5,3.0,1,9,1,18-25,Never_married,21.0,2.0,Bachelors,1,2,2,2,2.0,0,38,500,2,4,0
75000.0,361.0,0.0,High,1,200-400%,1,0,1.0,5.0,1.0,72,95,Employed,Government,31,1,4,1.0,1,1,1,26-35,Divorced_Separated,20.0,1.0,Some_college,0,2,2,2,2.0,0,38,200,2,4,0
16000.0,402.0,0.0,Low,1,>400%,1,0,1.0,2.0,1.0,47,54,Employed,Private,53,2,1,1.0,1,1,1,46-55,Married,18.0,1.0,Some_college,0,2,2,2,2.0,0,38,400,2,4,0
65000.0,402.0,0.0,High,1,>400%,1,0,1.0,1.0,1.0,72,88,Employed,Private,58,1,1,1.0,1,1,1,56-65,Married,20.0,1.0,Some_college,0,2,2,2,2.0,0,38,400,2,4,0
35000.0,501.0,0.0,Medium,1,>400%,1,0,1.0,1.0,1.0,58,69,Employed,Private,62,2,1,1.0,1,1,1,56-65,Married,16.0,1.0,HS_diploma,0,2,2,2,2.0,0,38,400,2,4,0
160000.0,501.0,0.0,Very_High,2,>400%,1,0,1.0,1.0,1.0,00,68,Employed,Private,60,2,1,1.0,1,1,1,56-65,Married,21.0,1.0,Bachelors,0,2,2,2,2.0,0,38,500,2,4,0
150000.0,501.0,0.0,Very_High,1,>400%,1,0,1.0,1.0,1.0,00,48,Employed,Private,61,1,1,1.0,1,1,1,56-65,Married,21.0,1.0,Bachelors,0,2,2,2,2.0,0,38,500,2,4,0
0.0,501.0,160000.0,,2,>400%,0,1,1.0,6.0,1.0,10,04,Employed,Self_employed,34,1,5,1.0,1,1,1,26-35,Never_married,20.0,1.0,Some_college,0,2,2,2,2.0,0,38,100,2,4,0
27100.0,114.0,0.0,Low,1,100-138%,1,0,4.0,5.0,1.0,98,96,Not_in_labor_force,Government,30,1,1,3.0,1,1,1,26-35,Married,16.0,1.0,HS_diploma,0,2,2,2,2.0,0,38,200,2,4,0
0.0,114.0,0.0,,0,100-138%,0,0,6.0,1.0,2.0,89,51,Not_in_labor_force,Private,25,2,1,3.0,1,1,1,18-25,Married,15.0,1.0,Less_than_HS,0,2,2,2,2.0,0,38,200,2,4,0
0.0,385.0,0.0,,1,200-400%,0,0,6.0,1.0,3.0,42,69,Not_in_labor_force,Private,43,1,5,1.0,1,1,1,36-45,Never_married,16.0,1.0,HS_diploma,0,2,2,2,2.0,0,38,500,2,4,1
95000.0,501.0,0.0,Very_High,1,>400%,1,0,1.0,5.0,1.0,23,78,Employed,Government,56,2,1,1.0,1,3,1,56-65,Married,22.0,1.0,Graduate,0,2,2,2,2.0,0,38,400,2,4,0
0.0,94.0,0.0,,1,<100%,0,0,6.0,1.0,3.0,42,69,Not_in_labor_force,Private,61,1,5,1.0,1,1,1,56-65,Never_married,17.0,1.0,HS_diploma,0,2,2,2,2.0,0,38,500,2,4,1
50000.0,404.0,0.0,Medium,1,>400%,1,0,1.0,3.0,1.0,08,93,Employed,Government,53,2,1,1.0,1,1,1,46-55,Married,21.0,1.0,Bachelors,0,2,2,2,2.0,0,38,400,2,4,0
30000.0,404.0,0.0,Low,1,>400%,1,0,1.0,3.0,1.0,23,78,Employed,Government,56,1,1,1.0,1,1,1,56-65,Married,21.0,1.0,Bachelors,0,2,2,2,2.0,0,38,400,2,4,0
42000.0,501.0,0.0,Medium,1,>400%,1,0,6.0,1.0,1.0,96,30,Not_in_labor_force,Private,65,1,1,1.0,1,1,1,56-65,Married,16.0,1.0,HS_diploma,0,2,2,2,2.0,0,38,400,2,4,0
72000.0,501.0,0.0,High,1,>400%,1,0,1.0,3.0,1.0,24,78,Employed,Government,65,2,1,1.0,1,1,1,56-65,Married,22.0,2.0,Graduate,1,2,2,2,2.0,0,38,400,2,4,0
3600.0,501.0,0.0,Very_Low,3,>400%,1,0,1.0,2.0,1.0,58,91,Employed,Private,65,2,1,1.0,1,1,1,56-65,Married,20.0,1.0,Some_college,0,2,2,2,2.0,0,38,300,2,4,0
0.0,501.0,12000.0,,1,>400%,0,1,1.0,6.0,1.0,45,89,Employed,Self_employed,54,2,1,1.0,1,1,1,46-55,Married,16.0,1.0,HS_diploma,0,2,2,2,2.0,0,38,200,2,4,0
100000.0,501.0,22000.0,Very_High,2,>400%,1,1,1.0,4.0,1.0,38,94,Employed,Government,61,1,1,1.0,1,1,1,56-65,Married,20.0,1.0,Some_college,0,2,2,2,2.0,0,38,200,2,4,0
70000.0,500.0,0.0,High,1,>400%,1,0,1.0,1.0,1.0,63,07,Employed,Private,62,1,4,1.0,1,1,1,56-65,Divorced_Separated,20.0,1.0,Some_college,0,2,2,2,2.0,0,38,500,2,4,0
31000.0,500.0,0.0,Medium,1,>400%,1,0,1.0,2.0,1.0,54,80,Employed,Private,24,1,5,1.0,1,1,1,18-25,Never_married,16.0,1.0,HS_diploma,0,2,2,2,2.0,0,38,500,2,4,0
0.0,365.0,0.0,,0,200-400%,0,0,6.0,1.0,2.0,08,68,Not_in_labor_force,Private,27,2,1,1.0,1,1,1,26-35,Married,20.0,1.0,Some_college,0,2,2,2,2.0,0,38,400,2,4,0
110000.0,365.0,0.0,Very_High,1,200-400%,1,0,1.0,1.0,1.0,63,07,Employed,Private,27,1,1,1.0,1,1,1,26-35,Married,20.0,1.0,Some_college,0,2,2,2,2.0,0,38,400,2,4,0
90000.0,501.0,0.0,Very_High,1,>400%,1,0,1.0,1.0,1.0,32,81,Employed,Private,37,2,5,1.0,1,1,1,36-45,Never_married,23.0,3.0,Graduate,1,2,2,2,2.0,0,38,200,2,4,0
62000.0,400.0,0.0,High,1,200-400%,1,0,1.0,2.0,1.0,32,69,Employed,Private,47,2,3,3.0,1,1,1,46-55,Divorced_Separated,20.0,1.0,Some_college,0,2,2,2,2.0,0,38,400,2,4,0
9100.0,57.0,0.0,Very_Low,1,<100%,1,0,6.0,8.0,1.0,63,07,Not_in_labor_force,Unpaid,54,2,5,1.0,1,1,1,46-55,Never_married,16.0,1.0,HS_diploma,0,2,2,2,2.0,0,38,400,2,4,0
280.0,233.0,28000.0,Very_Low,2,200-400%,1,1,1.0,3.0,1.0,57,78,Employed,Government,59,2,1,1.0,1,1,1,56-65,Married,19.0,1.0,Some_college,0,2,2,2,2.0,0,38,500,2,4,0
28000.0,233.0,0.0,Low,1,200-400%,1,0,1.0,7.0,1.0,76,88,Employed,Self_employed,55,1,1,1.0,1,1,1,46-55,Married,20.0,1.0,Some_college,0,2,2,2,2.0,0,38,500,2,4,0
65000.0,501.0,0.0,High,3,>400%,1,0,1.0,4.0,1.0,22,78,Employed,Government,64,1,1,1.0,1,1,1,56-65,Married,22.0,1.0,Graduate,0,2,2,2,2.0,0,38,100,2,4,0
27000.0,501.0,0.0,Low,1,>400%,1,0,1.0,1.0,1.0,93,85,Employed,Private,21,1,5,1.0,1,3,1,18-25,Never_married,16.0,1.0,HS_diploma,0,1,1,2,2.0,1,38,100,2,4,0
3400.0,261.0,0.0,Very_Low,2,200-400%,1,0,6.0,8.0,1.0,42,01,Not_in_labor_force,Unpaid,43,1,1,1.0,1,1,1,36-45,Married,20.0,1.0,Some_college,0,2,2,2,2.0,0,38,500,2,4,0
42000.0,261.0,0.0,Medium,1,200-400%,1,0,1.0,4.0,1.0,59,78,Employed,Government,43,2,1,1.0,1,1,1,36-45,Married,21.0,2.0,Bachelors,1,2,2,2,2.0,0,38,500,2,4,0
85000.0,501.0,0.0,Very_High,3,>400%,1,0,1.0,5.0,1.0,71,44,Employed,Government,60,1,1,1.0,1,1,1,56-65,Married,19.0,1.0,Some_college,0,2,2,2,2.0,0,38,500,2,4,0
85000.0,501.0,0.0,Very_High,1,>400%,1,0,1.0,1.0,1.0,19,74,Employed,Private,53,2,1,1.0,1,1,1,46-55,Married,21.0,1.0,Bachelors,0,2,2,2,2.0,0,38,500,2,4,0
67000.0,479.0,0.0,High,1,>400%,1,0,3.0,1.0,1.0,92,07,Unemployed,Private,23,1,5,3.0,1,1,1,18-25,Never_married,18.0,1.0,Some_college,0,2,2,2,2.0,0,38,300,2,4,0
10000.0,65.0,0.0,Very_Low,1,<100%,1,0,1.0,1.0,1.0,47,86,Employed,Private,20,2,5,3.0,1,1,1,18-25,Never_married,21.0,3.0,Bachelors,1,2,2,2,2.0,0,38,300,2,4,0
30000.0,197.0,0.0,Low,1,138-200%,1,0,1.0,3.0,1.0,23,78,Employed,Government,22,2,5,1.0,1,1,1,18-25,Never_married,21.0,1.0,Bachelors,0,2,2,2,2.0,0,38,300,2,4,0
74000.0,479.0,0.0,High,1,>400%,1,0,1.0,2.0,1.0,00,91,Employed,Private,31,2,1,1.0,1,1,1,26-35,Married,21.0,1.0,Bachelors,0,2,2,2,2.0,0,38,300,2,4,0
40000.0,479.0,0.0,Medium,1,>400%,1,0,1.0,1.0,1.0,40,86,Employed,Private,29,1,1,1.0,1,1,1,26-35,Married,21.0,3.0,Bachelors,1,2,2,2,2.0,0,38,300,2,4,0
50000.0,328.0,0.0,Medium,1,200-400%,1,0,1.0,3.0,1.0,23,78,Employed,Government,28,1,5,1.0,1,1,1,26-35,Never_married,21.0,1.0,Bachelors,0,2,2,2,2.0,0,38,200,2,4,0
75000.0,487.0,0.0,High,1,>400%,1,0,1.0,1.0,1.0,11,73,Employed,Private,37,1,5,1.0,1,1,1,36-45,Never_married,20.0,1.0,Some_college,0,2,2,2,2.0,0,38,400,2,4,0
120000.0,501.0,0.0,Very_High,2,>400%,1,0,1.0,5.0,1.0,05,95,Employed,Government,36,1,1,1.0,1,1,1,36-45,Married,19.0,1.0,Some_college,0,2,2,2,2.0,0,38,200,2,4,0
29000.0,501.0,0.0,Low,1,>400%,1,0,1.0,1.0,1.0,58,61,Employed,Private,36,2,1,1.0,1,1,1,36-45,Married,16.0,1.0,HS_diploma,0,2,2,2,2.0,0,38,200,2,4,0
104000.0,501.0,0.0,Very_High,1,>400%,1,0,1.0,2.0,1.0,00,70,Employed,Private,43,2,1,1.0,1,1,1,36-45,Married,22.0,1.0,Graduate,0,2,2,2,2.0,0,38,600,2,4,0
70000.0,501.0,0.0,High,1,>400%,1,0,1.0,7.0,1.0,64,07,Employed,Self_employed,47,1,1,1.0,1,1,1,46-55,Married,20.0,1.0,Some_college,0,2,2,2,2.0,0,38,600,2,4,0
52000.0,329.0,0.0,High,1,200-400%,1,0,1.0,4.0,1.0,24,85,Employed,Government,32,2,5,1.0,1,1,1,26-35,Never_married,22.0,1.0,Graduate,0,2,2,2,2.0,0,38,300,2,4,0
137000.0,501.0,0.0,Very_High,2,>400%,1,0,1.0,4.0,1.0,02,78,Employed,Government,57,2,5,1.0,1,1,1,56-65,Never_married,24.0,1.0,Graduate,0,2,2,2,2.0,0,38,500,2,4,0
34500.0,167.0,0.0,Medium,1,138-200%,1,0,1.0,1.0,1.0,47,50,Employed,Private,38,2,5,1.0,1,1,1,36-45,Never_married,16.0,1.0,HS_diploma,0,2,2,2,2.0,0,38,600,2,4,1
0.0,178.0,0.0,,1,138-200%,0,0,6.0,1.0,3.0,42,69,Not_in_labor_force,Private,65,1,1,1.0,1,1,1,56-65,Married,16.0,1.0,HS_diploma,0,1,2,2,1.0,1,38,400,2,4,0
0.0,178.0,0.0,,1,138-200%,0,0,6.0,1.0,3.0,42,69,Not_in_labor_force,Private,64,2,1,1.0,1,1,1,56-65,Married,21.0,1.0,Bachelors,0,2,2,2,2.0,0,38,400,2,4,1
0.0,128.0,0.0,,1,100-138%,0,0,6.0,1.0,3.0,42,69,Not_in_labor_force,Private,45,1,1,1.0,1,1,1,36-45,Married,22.0,1.0,Graduate,0,1,2,1,1.0,1,38,400,2,4,0
0.0,128.0,0.0,,1,100-138%,0,0,6.0,3.0,2.0,20,94,Not_in_labor_force,Government,39,2,1,1.0,1,3,1,36-45,Married,22.0,1.0,Graduate,0,1,1,2,2.0,1,38,400,2,4,0
63000.0,405.0,0.0,High,1,>400%,1,0,1.0,1.0,1.0,15,74,Employed,Private,26,1,5,1.0,1,1,1,26-35,Never_married,21.0,1.0,Bachelors,0,2,2,2,2.0,0,38,100,2,4,0
48000.0,308.0,0.0,Medium,1,200-400%,1,0,1.0,3.0,1.0,37,94,Employed,Government,29,1,5,3.0,1,1,1,26-35,Never_married,21.0,1.0,Bachelors,0,2,2,2,2.0,0,38,100,2,4,0
48000.0,308.0,0.0,Medium,1,200-400%,1,0,1.0,3.0,1.0,23,78,Employed,Government,24,2,5,1.0,1,1,1,18-25,Never_married,21.0,3.0,Bachelors,1,2,2,2,2.0,0,38,400,2,4,0
85000.0,501.0,0.0,Very_High,1,>400%,1,0,1.0,1.0,1.0,72,48,Employed,Private,27,1,5,1.0,1,1,1,26-35,Never_married,20.0,1.0,Some_college,0,2,2,2,2.0,0,38,400,2,4,0
12000.0,60.0,0.0,Very_Low,1,<100%,1,0,1.0,3.0,1.0,25,78,Employed,Government,57,2,1,1.0,1,1,1,56-65,Married,16.0,1.0,HS_diploma,0,2,2,2,2.0,0,38,400,2,4,0
0.0,60.0,0.0,,0,<100%,0,0,6.0,1.0,3.0,42,69,Not_in_labor_force,Private,60,1,1,1.0,1,1,1,56-65,Married,21.0,1.0,Bachelors,0,2,2,2,2.0,0,38,400,2,4,1
85000.0,501.0,0.0,Very_High,2,>400%,1,0,1.0,1.0,1.0,76,05,Employed,Private,29,1,5,1.0,1,1,1,26-35,Never_married,18.0,1.0,Some_college,0,1,1,2,2.0,1,38,200,2,4,0
86000.0,501.0,0.0,Very_High,2,>400%,1,0,1.0,1.0,1.0,64,62,Employed,Private,46,1,5,1.0,1,1,1,46-55,Never_married,18.0,1.0,Some_college,0,2,2,2,2.0,0,38,200,2,4,0
36000.0,501.0,0.0,Medium,1,>400%,1,0,1.0,7.0,1.0,02,01,Employed,Self_employed,60,2,1,1.0,1,1,1,56-65,Married,21.0,1.0,Bachelors,0,2,2,2,2.0,0,38,400,2,4,0
0.0,501.0,0.0,,1,>400%,0,0,6.0,1.0,3.0,42,69,Not_in_labor_force,Private,60,2,1,1.0,1,1,1,56-65,Married,21.0,1.0,Bachelors,0,2,2,2,2.0,0,38,600,2,4,0
61000.0,501.0,60000.0,High,2,>400%,1,1,1.0,1.0,1.0,03,86,Employed,Private,32,1,5,1.0,1,1,1,26-35,Never_married,19.0,2.0,Some_college,1,2,2,2,2.0,0,38,200,2,4,0
0.0,406.0,0.0,,2,>400%,0,0,6.0,1.0,2.0,47,47,Not_in_labor_force,Private,63,2,1,1.0,1,1,1,56-65,Married,17.0,1.0,HS_diploma,0,1,2,2,1.0,1,38,500,2,4,0
16000.0,102.0,0.0,Low,1,100-138%,1,0,1.0,1.0,1.0,43,90,Employed,Private,20,2,5,3.0,1,1,1,18-25,Never_married,19.0,1.0,Some_college,0,2,2,2,2.0,0,38,600,2,4,0
72000.0,461.0,0.0,High,1,>400%,1,0,1.0,1.0,1.0,14,35,Employed,Private,23,1,5,1.0,1,1,1,18-25,Never_married,21.0,1.0,Bachelors,0,2,2,2,2.0,0,38,400,2,4,0
90000.0,501.0,0.0,Very_High,1,>400%,1,0,1.0,1.0,1.0,69,04,Employed,Private,28,1,5,1.0,1,1,1,26-35,Never_married,21.0,1.0,Bachelors,0,2,2,2,2.0,0,38,100,2,4,0
0.0,501.0,0.0,,3,>400%,0,0,6.0,1.0,3.0,42,69,Not_in_labor_force,Private,63,2,1,1.0,1,1,1,56-65,Married,21.0,1.0,Bachelors,0,2,2,2,2.0,0,38,100,2,4,0
44500.0,286.0,0.0,Medium,1,200-400%,1,0,1.0,2.0,1.0,16,91,Employed,Private,26,1,5,3.0,1,1,1,26-35,Never_married,23.0,1.0,Graduate,0,2,2,2,2.0,0,38,400,2,4,0
44000.0,501.0,0.0,Medium,1,>400%,1,0,1.0,1.0,1.0,87,87,Employed,Private,50,1,1,1.0,1,1,1,46-55,Married,19.0,1.0,Some_college,0,2,2,2,2.0,0,38,600,2,4,0
48000.0,501.0,0.0,Medium,2,>400%,1,0,1.0,1.0,1.0,11,69,Employed,Private,48,2,1,1.0,1,1,1,46-55,Married,21.0,1.0,Bachelors,0,2,2,2,2.0,0,38,600,2,4,0
0.0,501.0,60000.0,,1,>400%,0,1,3.0,6.0,1.0,63,07,Unemployed,Self_employed,40,1,1,1.0,1,1,1,36-45,Married,16.0,1.0,HS_diploma,0,2,2,2,2.0,0,38,200,2,4,0
35000.0,501.0,0.0,Medium,1,>400%,1,0,1.0,1.0,1.0,47,50,Employed,Private,38,2,1,1.0,1,1,1,36-45,Married,16.0,1.0,HS_diploma,0,2,2,2,2.0,0,38,200,2,4,0
125000.0,501.0,0.0,Very_High,1,>400%,1,0,3.0,1.0,1.0,62,07,Unemployed,Private,18,1,5,1.0,1,1,1,18-25,Never_married,16.0,1.0,HS_diploma,0,2,2,2,2.0,0,38,200,2,4,0
80000.0,367.0,0.0,Very_High,1,200-400%,1,0,1.0,1.0,1.0,13,72,Employed,Private,35,1,1,1.0,1,1,1,26-35,Married,21.0,1.0,Bachelors,0,2,2,2,2.0,0,38,600,2,4,0
50000.0,367.0,0.0,Medium,1,200-400%,1,0,1.0,1.0,1.0,36,79,Employed,Private,34,2,1,1.0,1,1,1,26-35,Married,20.0,1.0,Some_college,0,2,2,2,2.0,0,38,600,2,4,0
60000.0,334.0,0.0,High,1,200-400%,1,0,1.0,1.0,1.0,48,69,Employed,Private,39,2,1,1.0,1,1,1,36-45,Married,21.0,1.0,Bachelors,0,2,2,2,2.0,0,38,400,2,4,0
60000.0,334.0,0.0,High,1,200-400%,1,0,1.0,1.0,1.0,68,07,Employed,Private,33,1,1,1.0,1,1,1,26-35,Married,14.0,1.0,Less_than_HS,0,2,2,2,2.0,0,38,400,2,4,0
0.0,414.0,0.0,,1,>400%,0,0,6.0,1.0,3.0,42,69,Not_in_labor_force,Private,41,2,1,1.0,1,1,1,36-45,Married,19.0,1.0,Some_college,0,2,2,2,2.0,0,38,400,2,4,0
80000.0,414.0,30000.0,Very_High,3,>400%,1,1,1.0,1.0,1.0,04,20,Employed,Private,42,1,1,1.0,1,9,1,36-45,Married,20.0,2.0,Some_college,1,2,2,2,2.0,0,38,400,2,4,0
41700.0,249.0,0.0,Medium,1,200-400%,1,0,1.0,1.0,1.0,78,49,Employed,Private,53,1,5,1.0,1,1,1,46-55,Never_married,19.0,1.0,Some_college,0,2,2,2,2.0,0,38,400,2,4,0
11600.0,249.0,0.0,Very_Low,1,200-400%,1,0,1.0,1.0,1.0,40,86,Employed,Private,19,1,5,1.0,1,1,1,18-25,Never_married,16.0,2.0,HS_diploma,1,2,2,2,2.0,0,38,400,2,4,1
28800.0,393.0,0.0,Low,1,200-400%,1,0,1.0,3.0,1.0,23,78,Employed,Government,31,2,1,1.0,1,1,1,26-35,Married,21.0,1.0,Bachelors,0,2,2,2,2.0,0,38,400,2,4,0
25000.0,393.0,100000.0,Low,2,200-400%,1,1,1.0,1.0,1.0,60,02,Employed,Private,32,1,1,1.0,1,1,1,26-35,Married,19.0,1.0,Some_college,0,2,2,2,2.0,0,38,400,2,4,0
43300.0,501.0,0.0,Medium,2,>400%,1,0,2.0,1.0,1.0,60,01,Employed,Private,62,1,5,1.0,1,1,1,56-65,Never_married,16.0,1.0,HS_diploma,0,1,1,2,2.0,1,38,600,2,4,0
45000.0,501.0,0.0,Medium,1,>400%,1,0,1.0,1.0,1.0,09,68,Employed,Private,55,2,1,1.0,1,1,1,46-55,Married,21.0,1.0,Bachelors,0,2,2,2,2.0,0,38,500,2,4,0
180000.0,501.0,0.0,Very_High,1,>400%,1,0,1.0,7.0,1.0,02,01,Employed,Self_employed,59,1,1,1.0,1,1,1,56-65,Married,20.0,1.0,Some_college,0,2,2,2,2.0,0,38,500,2,4,0
270.0,501.0,-6700.0,Very_Low,3,>400%,1,0,1.0,6.0,1.0,02,01,Employed,Self_employed,60,1,1,1.0,1,1,1,56-65,Married,16.0,1.0,HS_diploma,0,2,2,2,2.0,0,38,200,2,4,0
39000.0,343.0,0.0,Medium,1,200-400%,1,0,1.0,4.0,1.0,20,82,Employed,Government,48,2,1,1.0,1,1,1,46-55,Married,18.0,1.0,Some_college,0,2,2,2,2.0,0,38,500,2,4,0
30000.0,343.0,0.0,Low,1,200-400%,1,0,1.0,3.0,1.0,23,78,Employed,Government,58,1,1,1.0,1,1,1,56-65,Married,21.0,1.0,Bachelors,0,2,2,2,2.0,0,38,500,2,4,0
51000.0,497.0,0.0,High,1,>400%,1,0,1.0,1.0,1.0,33,80,Employed,Private,25,2,1,1.0,1,1,1,18-25,Married,21.0,1.0,Bachelors,0,2,2,2,2.0,0,38,400,2,4,0
0.0,497.0,43000.0,,2,>400%,0,1,1.0,6.0,1.0,02,01,Employed,Self_employed,27,1,1,1.0,1,1,1,26-35,Married,20.0,1.0,Some_college,0,2,2,2,2.0,0,38,400,2,4,0
60000.0,380.0,0.0,High,1,200-400%,1,0,1.0,1.0,1.0,15,72,Employed,Private,33,1,5,1.0,1,1,1,26-35,Never_married,20.0,1.0,Some_college,0,2,2,2,2.0,0,38,200,2,4,0
75000.0,361.0,0.0,High,1,200-400%,1,0,1.0,7.0,1.0,91,61,Employed,Self_employed,45,1,5,1.0,1,1,1,36-45,Never_married,16.0,1.0,HS_diploma,0,2,2,2,2.0,0,38,100,2,4,0
0.0,501.0,45000.0,,1,>400%,0,1,1.0,6.0,1.0,51,86,Employed,Self_employed,62,2,1,1.0,1,1,1,56-65,Married,19.0,1.0,Some_college,0,2,2,2,2.0,0,38,100,2,4,0
0.0,501.0,65000.0,,1,>400%,0,1,1.0,6.0,1.0,03,86,Employed,Self_employed,59,1,1,1.0,1,1,1,56-65,Married,16.0,1.0,HS_diploma,0,2,2,2,2.0,0,38,100,2,4,0
0.0,249.0,0.0,,1,200-400%,0,0,6.0,8.0,2.0,47,50,Not_in_labor_force,Unpaid,63,1,1,1.0,1,1,1,56-65,Married,16.0,1.0,HS_diploma,0,1,2,2,1.0,1,38,400,2,4,0
34000.0,249.0,0.0,Medium,1,200-400%,1,0,1.0,7.0,1.0,51,43,Employed,Self_employed,63,2,1,1.0,1,1,1,56-65,Married,21.0,1.0,Bachelors,0,1,2,2,1.0,1,38,400,2,4,0
180000.0,501.0,0.0,Very_High,1,>400%,1,0,1.0,1.0,1.0,08,74,Employed,Private,48,2,1,1.0,1,1,1,46-55,Married,21.0,1.0,Bachelors,0,2,2,2,2.0,0,38,600,2,4,0
56000.0,501.0,0.0,High,1,>400%,1,0,1.0,3.0,1.0,91,77,Employed,Government,42,1,1,1.0,1,1,1,36-45,Married,16.0,1.0,HS_diploma,0,2,2,2,2.0,0,38,600,2,4,0
18800.0,118.0,0.0,Low,1,100-138%,1,0,3.0,1.0,1.0,42,70,Unemployed,Private,59,1,5,1.0,1,1,1,56-65,Never_married,21.0,1.0,Bachelors,0,1,2,2,2.0,1,38,100,2,4,0
60000.0,392.0,0.0,High,1,200-400%,1,0,1.0,1.0,1.0,21,70,Employed,Private,34,2,1,1.0,1,1,1,26-35,Married,21.0,1.0,Bachelors,0,2,2,2,2.0,0,38,600,2,4,0
58000.0,392.0,0.0,High,1,200-400%,1,0,1.0,1.0,1.0,11,68,Employed,Private,36,1,1,1.0,1,9,1,36-45,Married,20.0,1.0,Some_college,0,2,2,2,2.0,0,38,600,2,4,0
64000.0,472.0,0.0,High,1,>400%,1,0,1.0,1.0,1.0,85,07,Employed,Private,52,1,1,1.0,1,1,1,46-55,Married,16.0,1.0,HS_diploma,0,2,2,2,2.0,0,38,100,2,4,0
13000.0,472.0,0.0,Very_Low,2,>400%,1,0,1.0,1.0,1.0,40,86,Employed,Private,59,2,1,1.0,1,1,1,56-65,Married,16.0,1.0,HS_diploma,0,1,2,2,1.0,1,38,100,2,4,0
70000.0,501.0,0.0,High,1,>400%,1,0,1.0,1.0,1.0,34,81,Employed,Private,25,2,5,1.0,1,1,1,18-25,Never_married,20.0,2.0,Some_college,1,2,2,2,2.0,0,38,400,2,4,0
30000.0,193.0,0.0,Low,1,138-200%,1,0,1.0,1.0,1.0,36,79,Employed,Private,24,2,5,1.0,1,1,1,18-25,Never_married,20.0,1.0,Some_college,0,2,2,2,2.0,0,38,400,2,4,0
40000.0,501.0,0.0,Medium,1,>400%,1,0,1.0,1.0,1.0,32,80,Employed,Private,27,2,5,1.0,1,1,1,26-35,Never_married,20.0,2.0,Some_college,1,2,2,2,2.0,0,38,400,2,4,0
15300.0,102.0,0.0,Low,2,100-138%,1,0,1.0,1.0,1.0,40,86,Employed,Private,21,1,5,3.0,1,1,1,18-25,Never_married,20.0,2.0,Some_college,1,2,2,2,2.0,0,38,500,2,4,0
13300.0,84.0,0.0,Very_Low,1,<100%,1,0,1.0,1.0,1.0,73,50,Employed,Private,39,1,5,1.0,2,9,1,36-45,Never_married,14.0,1.0,Less_than_HS,0,2,2,2,2.0,0,38,300,2,4,0
75000.0,501.0,0.0,High,1,>400%,1,0,1.0,2.0,1.0,02,78,Employed,Private,58,2,1,1.0,1,1,1,56-65,Married,21.0,1.0,Bachelors,0,2,2,2,2.0,0,38,100,2,4,0
86000.0,501.0,0.0,Very_High,1,>400%,1,0,1.0,7.0,1.0,02,01,Employed,Self_employed,61,1,1,1.0,1,1,1,56-65,Married,20.0,1.0,Some_college,0,2,2,2,2.0,0,38,100,2,4,0
51000.0,335.0,0.0,High,1,200-400%,1,0,1.0,1.0,1.0,21,70,Employed,Private,38,2,5,1.0,1,1,1,36-45,Never_married,19.0,1.0,Some_college,0,2,2,2,2.0,0,38,600,2,4,0
0.0,416.0,100000.0,,1,>400%,0,1,1.0,6.0,1.0,47,48,Employed,Self_employed,46,1,1,1.0,1,1,1,46-55,Married,21.0,1.0,Bachelors,0,2,2,2,2.0,0,38,300,2,4,0
23000.0,416.0,0.0,Low,1,>400%,1,0,1.0,4.0,1.0,24,78,Employed,Government,45,2,1,1.0,1,1,1,36-45,Married,21.0,1.0,Bachelors,0,2,2,2,2.0,0,38,300,2,4,0
0.0,325.0,0.0,,0,200-400%,0,0,6.0,1.0,2.0,63,07,Not_in_labor_force,Private,63,1,4,1.0,1,1,1,56-65,Divorced_Separated,16.0,1.0,HS_diploma,0,2,2,2,2.0,0,38,300,2,4,0
126000.0,501.0,0.0,Very_High,1,>400%,1,0,1.0,1.0,1.0,15,64,Employed,Private,39,1,1,1.0,2,2,1,36-45,Married,1.0,1.0,Less_than_HS,0,2,2,2,2.0,0,38,600,2,4,0
40000.0,501.0,0.0,Medium,1,>400%,1,0,1.0,2.0,1.0,36,82,Employed,Private,43,2,1,1.0,2,2,1,36-45,Married,17.0,1.0,HS_diploma,0,2,2,2,2.0,0,38,600,2,4,0
0.0,501.0,0.0,,0,>400%,0,0,6.0,1.0,3.0,42,69,Not_in_labor_force,Private,56,2,1,1.0,1,1,1,56-65,Married,21.0,1.0,Bachelors,0,2,2,2,2.0,0,38,400,2,4,0
34000.0,501.0,0.0,Medium,1,>400%,1,0,1.0,2.0,1.0,54,81,Employed,Private,51,2,1,1.0,1,1,1,46-55,Married,20.0,1.0,Some_college,0,2,2,2,2.0,0,38,500,2,4,0
78000.0,501.0,0.0,Very_High,1,>400%,1,0,1.0,1.0,1.0,70,05,Employed,Private,55,1,1,1.0,1,1,1,46-55,Married,20.0,1.0,Some_college,0,2,2,2,2.0,0,38,500,2,4,0
0.0,315.0,36000.0,,1,200-400%,0,1,1.0,6.0,1.0,26,74,Employed,Self_employed,45,2,1,1.0,1,1,1,36-45,Married,19.0,1.0,Some_college,0,2,2,2,2.0,0,38,600,2,4,0
70000.0,315.0,0.0,High,1,200-400%,1,0,1.0,1.0,1.0,47,48,Employed,Private,47,1,1,1.0,1,1,1,46-55,Married,18.0,1.0,Some_college,0,2,2,2,2.0,0,38,600,2,4,0
80000.0,398.0,0.0,Very_High,2,200-400%,1,0,1.0,1.0,1.0,42,77,Employed,Private,38,1,4,1.0,1,1,1,36-45,Divorced_Separated,14.0,1.0,Less_than_HS,0,2,2,2,2.0,0,38,500,2,4,0
46000.0,308.0,0.0,Medium,1,200-400%,1,0,1.0,1.0,1.0,51,32,Employed,Private,31,2,1,3.0,1,1,1,26-35,Married,18.0,1.0,Some_college,0,2,2,2,2.0,0,38,400,2,4,0
48000.0,308.0,0.0,Medium,1,200-400%,1,0,1.0,1.0,1.0,96,38,Employed,Private,30,1,1,3.0,1,9,1,26-35,Married,14.0,1.0,Less_than_HS,0,2,2,2,2.0,0,38,400,2,4,0
0.0,501.0,0.0,,0,>400%,0,0,6.0,1.0,2.0,16,81,Not_in_labor_force,Private,65,2,1,1.0,1,1,1,56-65,Married,21.0,1.0,Bachelors,0,2,2,2,2.0,0,38,500,2,4,0
26500.0,481.0,0.0,Low,1,>400%,1,0,1.0,2.0,1.0,36,81,Employed,Private,36,2,1,3.0,1,2,1,36-45,Married,1.0,1.0,Less_than_HS,0,2,2,2,2.0,0,38,600,2,4,0
77000.0,481.0,0.0,Very_High,1,>400%,1,0,1.0,1.0,1.0,68,04,Employed,Private,47,1,1,3.0,1,2,1,46-55,Married,16.0,1.0,HS_diploma,0,2,2,2,2.0,0,38,600,2,4,0
10600.0,481.0,0.0,Very_Low,1,>400%,1,0,6.0,1.0,1.0,96,53,Not_in_labor_force,Private,18,1,5,3.0,1,2,1,18-25,Never_married,15.0,2.0,Less_than_HS,1,2,2,2,2.0,0,38,600,2,4,0
30000.0,211.0,2500.0,Low,2,200-400%,1,1,1.0,6.0,1.0,72,61,Employed,Self_employed,61,1,3,1.0,1,1,1,56-65,Divorced_Separated,20.0,1.0,Some_college,0,2,2,2,2.0,0,38,100,2,4,0
0.0,233.0,0.0,,2,200-400%,0,0,6.0,1.0,2.0,32,81,Not_in_labor_force,Private,65,2,1,1.0,1,1,1,56-65,Married,18.0,1.0,Some_college,0,1,2,2,1.0,1,38,500,2,4,0
0.0,398.0,100.0,,2,200-400%,0,1,1.0,6.0,1.0,45,89,Employed,Self_employed,58,2,1,1.0,1,1,1,56-65,Married,16.0,1.0,HS_diploma,0,2,2,2,2.0,0,38,400,2,4,0
0.0,488.0,75000.0,,1,>400%,0,1,1.0,6.0,1.0,02,01,Employed,Self_employed,55,1,1,1.0,1,1,1,46-55,Married,20.0,1.0,Some_college,0,2,2,2,2.0,0,38,400,2,4,0
0.0,488.0,24000.0,,1,>400%,0,1,1.0,6.0,1.0,45,89,Employed,Self_employed,47,2,1,1.0,1,1,1,46-55,Married,20.0,1.0,Some_college,0,2,2,2,2.0,0,38,400,2,4,0
28800.0,199.0,0.0,Low,2,138-200%,1,0,1.0,1.0,1.0,83,82,Employed,Private,48,2,5,3.0,1,1,1,46-55,Never_married,21.0,1.0,Bachelors,0,2,2,2,2.0,0,38,100,2,4,0
18000.0,333.0,0.0,Low,1,200-400%,1,0,1.0,1.0,1.0,48,68,Employed,Private,46,1,1,1.0,1,1,1,46-55,Married,21.0,1.0,Bachelors,0,2,2,2,2.0,0,38,300,2,4,0
0.0,333.0,82000.0,,1,200-400%,0,1,1.0,6.0,1.0,33,81,Employed,Self_employed,43,2,1,1.0,1,1,1,36-45,Married,23.0,1.0,Graduate,0,2,2,2,2.0,0,38,300,2,4,0
0.0,501.0,9400.0,,2,>400%,0,1,6.0,6.0,1.0,46,84,Not_in_labor_force,Self_employed,63,2,1,1.0,1,1,1,56-65,Married,16.0,1.0,HS_diploma,0,2,2,2,2.0,0,38,500,2,4,0
0.0,17.0,0.0,,1,<100%,0,0,6.0,1.0,3.0,42,69,Not_in_labor_force,Private,62,2,5,1.0,1,1,1,56-65,Never_married,17.0,1.0,HS_diploma,0,1,2,2,1.0,1,38,300,2,4,0
42000.0,174.0,0.0,Medium,1,138-200%,1,0,1.0,1.0,1.0,01,07,Employed,Private,28,2,5,1.0,1,1,1,26-35,Never_married,16.0,1.0,HS_diploma,0,2,2,2,2.0,0,38,500,2,4,1
32000.0,209.0,0.0,Medium,1,200-400%,1,0,1.0,1.0,1.0,52,68,Employed,Private,25,2,5,1.0,1,8,2,18-25,Never_married,19.0,1.0,Some_college,0,2,2,2,2.0,0,38,500,2,4,0
24000.0,156.0,0.0,Low,1,138-200%,1,0,1.0,1.0,1.0,51,75,Employed,Private,25,1,5,1.0,1,1,1,18-25,Never_married,19.0,1.0,Some_college,0,2,2,2,2.0,0,38,500,2,4,0
20000.0,497.0,0.0,Low,2,>400%,1,0,6.0,1.0,1.0,60,01,Not_in_labor_force,Private,56,1,1,1.0,1,1,1,56-65,Married,19.0,1.0,Some_college,0,2,2,2,2.0,0,38,500,2,4,0
38000.0,497.0,0.0,Medium,1,>400%,1,0,1.0,3.0,1.0,58,93,Employed,Government,52,2,1,1.0,1,1,1,46-55,Married,18.0,1.0,Some_college,0,2,2,2,2.0,0,38,500,2,4,0
60000.0,458.0,0.0,High,2,>400%,1,0,1.0,3.0,1.0,20,94,Employed,Government,56,2,1,1.0,1,1,1,56-65,Married,21.0,1.0,Bachelors,0,2,2,2,2.0,0,38,600,2,4,1
27000.0,458.0,0.0,Low,1,>400%,1,0,1.0,2.0,1.0,20,91,Employed,Private,55,1,1,1.0,1,1,1,46-55,Married,21.0,1.0,Bachelors,0,2,2,2,2.0,0,38,600,2,4,0
85000.0,501.0,0.0,Very_High,1,>400%,1,0,1.0,1.0,1.0,15,72,Employed,Private,25,1,5,1.0,1,1,1,18-25,Never_married,21.0,1.0,Bachelors,0,2,2,2,2.0,0,38,600,2,4,0
70000.0,451.0,0.0,High,1,>400%,1,0,1.0,4.0,1.0,31,81,Employed,Government,42,1,1,1.0,1,1,1,36-45,Married,22.0,1.0,Graduate,0,2,2,2,2.0,0,38,600,2,4,0
0.0,451.0,40000.0,,1,>400%,0,1,1.0,6.0,1.0,07,73,Employed,Self_employed,42,2,1,1.0,1,9,1,36-45,Married,22.0,1.0,Graduate,0,2,2,2,2.0,0,38,600,2,4,0
0.0,192.0,860.0,,3,138-200%,0,1,1.0,6.0,1.0,91,61,Employed,Self_employed,57,2,3,1.0,1,1,1,56-65,Divorced_Separated,17.0,1.0,HS_diploma,0,1,2,2,1.0,1,38,100,2,4,0
62000.0,426.0,0.0,High,1,>400%,1,0,1.0,3.0,1.0,23,78,Employed,Government,53,2,1,1.0,1,1,1,46-55,Married,22.0,1.0,Graduate,0,2,2,2,2.0,0,38,500,2,4,0
0.0,426.0,22000.0,,1,>400%,0,1,1.0,6.0,1.0,62,07,Employed,Self_employed,63,1,1,1.0,1,1,1,56-65,Married,21.0,1.0,Bachelors,0,2,2,2,2.0,0,38,500,2,4,0
0.0,501.0,50000.0,,1,>400%,0,1,1.0,6.0,1.0,02,01,Employed,Self_employed,55,1,1,1.0,1,1,1,46-55,Married,20.0,1.0,Some_college,0,2,2,2,2.0,0,38,400,2,4,0
0.0,501.0,50000.0,,1,>400%,0,1,1.0,6.0,1.0,02,01,Employed,Self_employed,50,2,1,1.0,1,1,1,46-55,Married,21.0,1.0,Bachelors,0,2,2,2,2.0,0,38,400,2,4,0
30000.0,501.0,0.0,Low,1,>400%,1,0,1.0,1.0,1.0,96,87,Employed,Private,27,1,5,1.0,1,1,1,26-35,Never_married,15.0,1.0,Less_than_HS,0,2,2,2,2.0,0,38,400,2,4,0
0.0,501.0,0.0,,0,>400%,0,0,6.0,1.0,3.0,42,69,Not_in_labor_force,Private,54,2,1,1.0,1,1,1,46-55,Married,19.0,1.0,Some_college,0,2,2,2,2.0,0,38,400,2,4,0
32000.0,501.0,0.0,Medium,2,>400%,1,0,1.0,7.0,1.0,00,01,Employed,Self_employed,58,1,1,1.0,1,1,1,56-65,Married,21.0,1.0,Bachelors,0,2,2,2,2.0,0,38,400,2,4,0
37600.0,501.0,0.0,Medium,1,>400%,1,0,1.0,1.0,1.0,59,52,Employed,Private,60,2,1,1.0,1,1,1,56-65,Married,16.0,1.0,HS_diploma,0,2,2,2,2.0,0,38,300,2,4,0
0.0,501.0,0.0,,1,>400%,0,0,6.0,1.0,3.0,42,69,Not_in_labor_force,Private,42,1,5,1.0,1,1,1,36-45,Never_married,18.0,1.0,Some_college,0,1,2,2,2.0,1,38,200,2,4,0
82000.0,501.0,0.0,Very_High,1,>400%,1,0,1.0,3.0,1.0,20,94,Employed,Government,41,2,1,1.0,1,1,1,36-45,Married,21.0,2.0,Bachelors,1,2,2,2,2.0,0,38,200,2,4,0
75000.0,501.0,0.0,High,1,>400%,1,0,1.0,1.0,1.0,64,07,Employed,Private,41,1,1,1.0,1,1,1,36-45,Married,21.0,2.0,Bachelors,1,2,2,2,2.0,0,38,200,2,4,0
52000.0,242.0,0.0,High,1,200-400%,1,0,1.0,1.0,1.0,47,76,Employed,Private,48,1,1,1.0,1,1,1,46-55,Married,18.0,1.0,Some_college,0,2,2,2,2.0,0,38,200,2,4,0
22000.0,242.0,0.0,Low,1,200-400%,1,0,1.0,3.0,1.0,57,78,Employed,Government,45,2,1,1.0,1,1,1,36-45,Married,16.0,1.0,HS_diploma,0,2,2,2,2.0,0,38,200,2,4,0
49800.0,325.0,0.0,Medium,2,200-400%,1,0,1.0,2.0,1.0,23,78,Employed,Private,61,2,3,1.0,1,1,1,56-65,Divorced_Separated,21.0,1.0,Bachelors,0,2,2,2,2.0,0,38,300,2,4,0
0.0,0.0,0.0,,0,,0,0,6.0,1.0,3.0,42,69,Not_in_labor_force,Private,56,1,3,1.0,1,3,1,56-65,Divorced_Separated,16.0,1.0,HS_diploma,0,2,2,2,2.0,0,38,300,2,4,1
84000.0,501.0,0.0,Very_High,1,>400%,1,0,1.0,2.0,1.0,32,81,Employed,Private,29,2,5,3.0,1,1,1,26-35,Never_married,22.0,1.0,Graduate,0,2,2,2,2.0,0,38,400,2,4,0
100000.0,501.0,0.0,Very_High,1,>400%,1,0,1.0,1.0,1.0,07,23,Employed,Private,29,1,5,3.0,1,1,1,26-35,Never_married,22.0,1.0,Graduate,0,2,2,2,2.0,0,38,400,2,4,0
65000.0,501.0,0.0,High,2,>400%,1,0,1.0,5.0,1.0,07,73,Employed,Government,63,1,1,1.0,1,9,1,56-65,Married,21.0,1.0,Bachelors,0,2,2,2,2.0,0,38,400,2,4,0
20000.0,93.0,0.0,Low,1,<100%,1,0,1.0,1.0,1.0,01,68,Employed,Private,42,2,3,1.0,1,1,1,36-45,Divorced_Separated,19.0,1.0,Some_college,0,2,2,2,2.0,0,38,200,2,4,0
0.0,93.0,1300.0,,1,<100%,0,1,6.0,6.0,1.0,02,01,Not_in_labor_force,Self_employed,19,1,5,1.0,1,1,1,18-25,Never_married,15.0,2.0,Less_than_HS,1,1,2,1,2.0,1,38,200,2,4,0
25000.0,381.0,0.0,Low,1,200-400%,1,0,1.0,4.0,1.0,07,94,Employed,Government,65,2,1,1.0,1,1,1,56-65,Married,18.0,1.0,Some_college,0,2,2,2,2.0,0,38,300,2,4,0
45000.0,381.0,0.0,Medium,1,200-400%,1,0,1.0,3.0,1.0,23,78,Employed,Government,35,2,5,1.0,1,1,1,26-35,Never_married,21.0,1.0,Bachelors,0,2,2,2,2.0,0,38,300,2,4,0
40000.0,256.0,0.0,Medium,1,200-400%,1,0,1.0,5.0,1.0,58,69,Employed,Government,48,2,3,1.0,1,1,1,46-55,Divorced_Separated,16.0,1.0,HS_diploma,0,2,2,2,2.0,0,38,600,2,4,0
0.0,501.0,175000.0,,1,>400%,0,1,6.0,6.0,1.0,02,01,Not_in_labor_force,Self_employed,64,1,3,1.0,1,1,1,56-65,Divorced_Separated,19.0,1.0,Some_college,0,2,2,2,2.0,0,38,100,2,4,0
52000.0,333.0,0.0,High,1,200-400%,1,0,1.0,1.0,1.0,07,81,Employed,Private,39,1,1,1.0,1,1,1,36-45,Married,21.0,1.0,Bachelors,0,2,2,2,2.0,0,38,600,2,4,0
50000.0,333.0,0.0,Medium,1,200-400%,1,0,1.0,1.0,1.0,07,68,Employed,Private,30,2,1,1.0,1,1,1,26-35,Married,22.0,1.0,Graduate,0,2,2,2,2.0,0,38,600,2,4,0
50000.0,162.0,0.0,Medium,1,138-200%,1,0,1.0,1.0,1.0,62,07,Employed,Private,39,1,1,1.0,1,1,1,36-45,Married,16.0,1.0,HS_diploma,0,1,2,2,2.0,1,38,600,2,4,1
0.0,162.0,0.0,,0,138-200%,0,0,3.0,2.0,2.0,58,57,Unemployed,Private,44,2,1,1.0,1,1,1,36-45,Married,22.0,3.0,Graduate,1,1,2,2,2.0,1,38,600,2,4,1
67000.0,501.0,0.0,High,1,>400%,1,0,1.0,1.0,1.0,53,01,Employed,Private,49,2,1,1.0,1,1,1,46-55,Married,21.0,1.0,Bachelors,0,2,2,2,2.0,0,38,600,2,4,0
98000.0,501.0,0.0,Very_High,2,>400%,1,0,1.0,3.0,1.0,37,94,Employed,Government,50,1,1,1.0,1,1,1,46-55,Married,21.0,1.0,Bachelors,0,2,2,2,2.0,0,38,600,2,4,0
80000.0,501.0,0.0,Very_High,1,>400%,1,0,1.0,1.0,1.0,72,42,Employed,Private,37,1,5,1.0,1,1,1,36-45,Never_married,20.0,1.0,Some_college,0,2,2,2,2.0,0,38,400,2,4,0
106000.0,501.0,0.0,Very_High,1,>400%,1,0,1.0,4.0,1.0,25,78,Employed,Government,34,1,5,1.0,1,9,4,26-35,Never_married,18.0,1.0,Some_college,0,2,2,2,2.0,0,38,200,2,4,0
0.0,501.0,0.0,,0,>400%,0,0,6.0,1.0,3.0,42,69,Not_in_labor_force,Private,65,2,1,1.0,1,1,1,56-65,Married,20.0,1.0,Some_college,0,2,2,2,2.0,0,38,400,2,4,0
20800.0,136.0,0.0,Low,1,100-138%,1,0,1.0,1.0,1.0,73,81,Employed,Private,23,2,5,1.0,1,1,1,18-25,Never_married,16.0,1.0,HS_diploma,0,2,2,2,2.0,0,38,400,2,4,0
69000.0,501.0,0.0,High,1,>400%,1,0,1.0,4.0,1.0,32,94,Employed,Government,23,1,5,3.0,1,1,1,18-25,Never_married,20.0,2.0,Some_college,1,2,2,2,2.0,0,38,400,2,4,0
31200.0,204.0,0.0,Medium,1,200-400%,1,0,1.0,1.0,1.0,43,90,Employed,Private,20,2,5,3.0,1,9,1,18-25,Never_married,16.0,1.0,HS_diploma,0,2,2,2,2.0,0,38,400,2,4,0
0.0,449.0,50000.0,,1,>400%,0,1,1.0,6.0,1.0,72,88,Employed,Self_employed,24,1,1,1.0,1,1,1,18-25,Married,20.0,1.0,Some_college,0,2,2,2,2.0,0,38,400,2,4,0
40000.0,449.0,0.0,Medium,1,>400%,1,0,1.0,2.0,1.0,32,81,Employed,Private,24,2,1,1.0,1,1,1,18-25,Married,16.0,1.0,HS_diploma,0,2,2,2,2.0,0,38,400,2,4,0
72000.0,501.0,0.0,High,1,>400%,1,0,1.0,1.0,1.0,47,46,Employed,Private,40,1,1,1.0,1,1,1,36-45,Married,20.0,1.0,Some_college,0,1,1,2,2.0,1,38,100,2,4,0
40000.0,501.0,0.0,Medium,1,>400%,1,0,1.0,1.0,1.0,57,69,Employed,Private,27,2,1,1.0,1,9,1,26-35,Married,16.0,1.0,HS_diploma,0,2,2,2,2.0,0,38,100,2,4,0
5800.0,238.0,0.0,Very_Low,1,200-400%,1,0,1.0,3.0,1.0,23,78,Employed,Government,54,2,1,1.0,1,1,1,46-55,Married,22.0,1.0,Graduate,0,2,2,2,2.0,0,38,400,2,4,0
42000.0,238.0,0.0,Medium,1,200-400%,1,0,1.0,1.0,1.0,96,35,Employed,Private,54,1,1,1.0,1,1,1,46-55,Married,21.0,1.0,Bachelors,0,2,2,2,2.0,0,38,400,2,4,0
20000.0,130.0,0.0,Low,3,100-138%,1,0,1.0,1.0,1.0,06,72,Employed,Private,29,1,5,1.0,1,2,1,26-35,Never_married,21.0,1.0,Bachelors,0,2,2,2,2.0,0,38,500,2,4,0
0.0,34.0,0.0,,1,<100%,0,0,3.0,9.0,3.0,99,99,Unemployed,Unpaid,36,2,3,1.0,1,6,2,36-45,Divorced_Separated,1.0,1.0,Less_than_HS,0,1,2,2,2.0,1,38,200,2,4,1
28600.0,221.0,0.0,Low,1,200-400%,1,0,1.0,1.0,1.0,89,23,Employed,Private,37,1,1,1.0,2,2,1,36-45,Married,1.0,1.0,Less_than_HS,0,2,2,2,2.0,0,38,500,2,4,0
82000.0,221.0,0.0,Very_High,1,200-400%,1,0,1.0,3.0,1.0,21,94,Employed,Government,33,2,1,1.0,2,2,1,26-35,Married,16.0,1.0,HS_diploma,0,1,2,2,1.0,1,38,500,2,4,0
80000.0,501.0,0.0,Very_High,1,>400%,1,0,1.0,2.0,1.0,03,81,Employed,Private,58,2,1,1.0,1,1,1,56-65,Married,22.0,1.0,Graduate,0,2,2,2,2.0,0,38,600,2,4,0
73000.0,501.0,0.0,High,1,>400%,1,0,1.0,4.0,1.0,63,07,Employed,Government,60,1,1,1.0,1,1,1,56-65,Married,16.0,1.0,HS_diploma,0,2,2,2,2.0,0,38,600,2,4,0
30000.0,501.0,0.0,Low,1,>400%,1,0,1.0,1.0,1.0,64,07,Employed,Private,23,1,5,1.0,1,3,1,18-25,Never_married,16.0,1.0,HS_diploma,0,2,2,2,2.0,0,38,600,2,4,1
36000.0,379.0,0.0,Medium,1,200-400%,1,0,1.0,1.0,1.0,47,51,Employed,Private,27,2,1,1.0,1,1,1,26-35,Married,16.0,1.0,HS_diploma,0,2,2,2,2.0,0,38,500,2,4,0
40000.0,379.0,0.0,Medium,1,200-400%,1,0,1.0,4.0,1.0,38,94,Employed,Government,28,1,1,1.0,1,1,1,26-35,Married,20.0,1.0,Some_college,0,2,2,2,2.0,0,38,500,2,4,0
0.0,171.0,0.0,,2,138-200%,0,0,6.0,1.0,3.0,42,69,Not_in_labor_force,Private,60,1,3,1.0,1,1,1,56-65,Divorced_Separated,16.0,1.0,HS_diploma,0,2,2,2,2.0,0,38,200,2,4,0
0.0,70.0,0.0,,1,<100%,0,0,6.0,1.0,3.0,42,69,Not_in_labor_force,Private,60,1,4,1.0,1,1,1,56-65,Divorced_Separated,16.0,1.0,HS_diploma,0,1,1,2,2.0,1,38,400,2,4,1
45000.0,180.0,0.0,Medium,1,138-200%,1,0,1.0,1.0,1.0,20,83,Employed,Private,48,2,5,3.0,1,1,1,46-55,Never_married,21.0,3.0,Bachelors,1,2,2,2,2.0,0,38,200,2,4,0
45000.0,295.0,0.0,Medium,1,200-400%,1,0,1.0,1.0,1.0,47,87,Employed,Private,31,1,5,1.0,1,1,1,26-35,Never_married,19.0,1.0,Some_college,0,2,2,2,2.0,0,38,200,2,4,0
2100.0,180.0,0.0,Very_Low,1,138-200%,1,0,6.0,3.0,1.0,39,85,Not_in_labor_force,Government,18,2,5,3.0,1,1,1,18-25,Never_married,14.0,3.0,Less_than_HS,1,2,2,2,2.0,0,38,200,2,4,0
6000.0,180.0,0.0,Very_Low,2,138-200%,1,0,6.0,4.0,1.0,42,85,Not_in_labor_force,Government,18,1,5,3.0,1,1,1,18-25,Never_married,14.0,2.0,Less_than_HS,1,2,2,2,2.0,0,38,200,2,4,0
100000.0,251.0,0.0,Very_High,1,200-400%,1,0,1.0,1.0,1.0,96,04,Employed,Private,36,1,1,1.0,1,1,1,36-45,Married,19.0,1.0,Some_college,0,2,2,2,2.0,0,38,200,2,4,0
0.0,251.0,0.0,,0,200-400%,0,0,6.0,1.0,2.0,41,86,Not_in_labor_force,Private,41,2,1,1.0,1,6,2,36-45,Married,21.0,1.0,Bachelors,0,2,2,2,2.0,0,38,200,2,4,0
2000.0,257.0,12000.0,Very_Low,3,200-400%,1,1,6.0,6.0,1.0,62,07,Not_in_labor_force,Self_employed,35,1,5,3.0,1,1,1,26-35,Never_married,21.0,2.0,Bachelors,1,2,2,2,2.0,0,38,500,2,4,0
82000.0,501.0,0.0,Very_High,1,>400%,1,0,1.0,1.0,1.0,62,07,Employed,Private,26,1,5,1.0,1,1,1,26-35,Never_married,16.0,1.0,HS_diploma,0,2,2,2,2.0,0,38,200,2,4,0
32700.0,212.0,0.0,Medium,1,200-400%,1,0,1.0,1.0,1.0,73,88,Employed,Private,39,2,5,3.0,1,3,1,36-45,Never_married,1.0,1.0,Less_than_HS,0,2,2,2,2.0,0,38,600,2,4,0
0.0,501.0,0.0,,0,>400%,0,0,6.0,1.0,2.0,47,55,Not_in_labor_force,Private,51,2,1,1.0,1,1,1,46-55,Married,16.0,1.0,HS_diploma,0,2,2,2,2.0,0,38,600,2,4,0
40000.0,501.0,0.0,Medium,1,>400%,1,0,1.0,7.0,1.0,30,50,Employed,Self_employed,51,2,1,1.0,1,1,1,46-55,Married,24.0,1.0,Graduate,0,2,2,2,2.0,0,38,400,2,4,0
39500.0,259.0,0.0,Medium,1,200-400%,1,0,1.0,1.0,1.0,65,39,Employed,Private,22,1,5,1.0,1,1,1,18-25,Never_married,16.0,1.0,HS_diploma,0,2,2,2,2.0,0,38,100,2,4,0
0.0,112.0,0.0,,2,100-138%,0,0,6.0,1.0,2.0,42,76,Not_in_labor_force,Private,33,1,5,1.0,1,1,1,26-35,Never_married,16.0,1.0,HS_diploma,0,1,2,2,2.0,1,38,100,2,4,0
0.0,19.0,0.0,,1,<100%,0,0,6.0,1.0,3.0,42,69,Not_in_labor_force,Private,31,2,5,1.0,1,1,1,26-35,Never_married,17.0,1.0,HS_diploma,0,1,2,2,2.0,1,38,100,2,4,0
0.0,131.0,0.0,,3,100-138%,0,0,6.0,1.0,3.0,42,69,Not_in_labor_force,Private,58,2,4,1.0,1,2,1,56-65,Divorced_Separated,13.0,1.0,Less_than_HS,0,2,2,2,2.0,0,38,200,2,4,1
0.0,131.0,0.0,,1,100-138%,0,0,6.0,1.0,3.0,42,69,Not_in_labor_force,Private,24,1,5,1.0,1,2,1,18-25,Never_married,14.0,1.0,Less_than_HS,0,1,2,2,2.0,1,38,200,2,4,1
70000.0,501.0,0.0,High,1,>400%,1,0,1.0,1.0,1.0,47,48,Employed,Private,62,1,1,1.0,1,1,1,56-65,Married,19.0,1.0,Some_college,0,2,2,2,2.0,0,38,500,2,4,0
49000.0,501.0,0.0,Medium,2,>400%,1,0,1.0,4.0,1.0,19,10,Employed,Government,60,2,1,1.0,1,1,1,56-65,Married,19.0,1.0,Some_college,0,2,2,2,2.0,0,38,500,2,4,0
90000.0,466.0,0.0,Very_High,2,>400%,1,0,1.0,1.0,1.0,00,68,Employed,Private,39,2,1,1.0,1,9,2,36-45,Married,21.0,1.0,Bachelors,0,2,2,2,2.0,0,38,200,2,4,0
36000.0,466.0,0.0,Medium,1,>400%,1,0,1.0,7.0,1.0,30,79,Employed,Self_employed,40,1,1,1.0,1,1,1,36-45,Married,24.0,1.0,Graduate,0,2,2,2,2.0,0,38,200,2,4,0
42000.0,220.0,0.0,Medium,1,200-400%,1,0,1.0,4.0,1.0,19,78,Employed,Government,45,2,3,1.0,1,1,1,36-45,Divorced_Separated,21.0,1.0,Bachelors,0,2,2,2,2.0,0,38,200,2,4,0
80000.0,501.0,0.0,Very_High,1,>400%,1,0,1.0,1.0,1.0,19,01,Employed,Private,25,1,5,1.0,1,1,1,18-25,Never_married,20.0,1.0,Some_college,0,2,2,2,2.0,0,38,400,2,4,0
50000.0,448.0,0.0,Medium,1,>400%,1,0,1.0,3.0,1.0,62,07,Employed,Government,65,1,1,1.0,1,3,1,56-65,Married,19.0,1.0,Some_college,0,2,2,2,2.0,0,38,400,2,4,0
55000.0,448.0,0.0,High,1,>400%,1,0,1.0,3.0,1.0,54,93,Employed,Government,64,2,1,1.0,1,3,1,56-65,Married,20.0,1.0,Some_college,0,2,2,2,2.0,0,38,400,2,4,0
0.0,448.0,0.0,,0,>400%,0,0,3.0,1.0,2.0,64,07,Unemployed,Private,35,1,5,1.0,1,3,1,26-35,Never_married,13.0,1.0,Less_than_HS,0,2,2,2,2.0,0,38,400,2,4,0
49000.0,416.0,0.0,Medium,1,>400%,1,0,6.0,3.0,1.0,32,78,Not_in_labor_force,Government,31,2,1,1.0,1,1,1,26-35,Married,22.0,1.0,Graduate,0,2,2,2,2.0,0,38,600,2,4,0
100000.0,416.0,0.0,Very_High,1,>400%,1,0,1.0,1.0,1.0,06,69,Employed,Private,33,1,1,1.0,1,1,1,26-35,Married,21.0,1.0,Bachelors,0,2,2,2,2.0,0,38,600,2,4,0
80000.0,501.0,0.0,Very_High,2,>400%,1,0,6.0,2.0,1.0,00,91,Not_in_labor_force,Private,63,2,1,1.0,1,1,1,56-65,Married,21.0,1.0,Bachelors,0,2,2,2,2.0,0,38,600,2,4,0
30000.0,501.0,0.0,Low,2,>400%,1,0,1.0,1.0,1.0,39,76,Employed,Private,64,1,1,1.0,1,1,1,56-65,Married,21.0,1.0,Bachelors,0,1,2,2,1.0,1,38,600,2,4,0
50000.0,501.0,17000.0,Medium,3,>400%,1,1,1.0,3.0,1.0,23,78,Employed,Government,62,2,1,1.0,1,1,1,56-65,Married,21.0,1.0,Bachelors,0,2,2,2,2.0,0,38,300,2,4,0
74000.0,501.0,0.0,High,1,>400%,1,0,1.0,4.0,1.0,10,73,Employed,Government,60,1,1,1.0,1,1,1,56-65,Married,18.0,1.0,Some_college,0,2,2,2,2.0,0,38,300,2,4,0
0.0,501.0,30000.0,,1,>400%,0,1,1.0,6.0,1.0,64,07,Employed,Self_employed,30,1,5,1.0,1,1,1,26-35,Never_married,18.0,1.0,Some_college,0,2,2,2,2.0,0,38,300,2,4,0
17000.0,501.0,0.0,Low,1,>400%,1,0,3.0,3.0,1.0,25,78,Unemployed,Government,28,2,5,1.0,1,1,1,26-35,Never_married,21.0,2.0,Bachelors,1,2,2,2,2.0,0,38,300,2,4,0
30000.0,197.0,0.0,Low,1,138-200%,1,0,1.0,1.0,1.0,62,07,Employed,Private,55,1,3,1.0,1,1,1,46-55,Divorced_Separated,16.0,1.0,HS_diploma,0,2,2,2,2.0,0,38,400,2,4,0
32000.0,438.0,0.0,Medium,1,>400%,1,0,1.0,2.0,1.0,36,83,Employed,Private,46,2,1,3.0,1,1,1,46-55,Married,21.0,1.0,Bachelors,0,2,2,2,2.0,0,38,600,2,4,0
103000.0,438.0,0.0,Very_High,1,>400%,1,0,1.0,1.0,1.0,72,07,Employed,Private,47,1,1,3.0,1,1,1,46-55,Married,16.0,1.0,HS_diploma,0,2,2,2,2.0,0,38,600,2,4,0
3000.0,438.0,0.0,Very_Low,1,>400%,1,0,1.0,1.0,1.0,41,86,Employed,Private,18,2,5,3.0,1,1,1,18-25,Never_married,14.0,2.0,Less_than_HS,1,2,2,2,2.0,0,38,600,2,4,0
60000.0,501.0,0.0,High,2,>400%,1,0,1.0,1.0,1.0,05,75,Employed,Private,61,1,1,1.0,1,1,1,56-65,Married,22.0,1.0,Graduate,0,2,2,2,2.0,0,38,600,2,4,0
94000.0,501.0,0.0,Very_High,1,>400%,1,0,1.0,1.0,1.0,07,30,Employed,Private,46,2,1,1.0,1,1,1,46-55,Married,22.0,1.0,Graduate,0,2,2,2,2.0,0,38,600,2,4,0
42000.0,501.0,0.0,Medium,2,>400%,1,0,1.0,3.0,1.0,08,93,Employed,Government,53,1,5,1.0,1,1,1,46-55,Never_married,21.0,1.0,Bachelors,0,2,2,2,2.0,0,38,200,2,4,0
30000.0,397.0,0.0,Low,1,200-400%,1,0,1.0,7.0,1.0,45,89,Employed,Self_employed,42,2,1,1.0,1,1,1,36-45,Married,19.0,1.0,Some_college,0,2,2,2,2.0,0,38,600,2,4,0
92000.0,397.0,0.0,Very_High,1,200-400%,1,0,1.0,1.0,1.0,01,40,Employed,Private,43,1,1,1.0,1,1,1,36-45,Married,20.0,1.0,Some_college,0,2,2,2,2.0,0,38,600,2,4,0
40000.0,260.0,0.0,Medium,1,200-400%,1,0,1.0,5.0,1.0,09,94,Employed,Government,45,2,3,1.0,2,9,1,36-45,Divorced_Separated,20.0,1.0,Some_college,0,2,2,2,2.0,0,38,200,2,4,0
45000.0,291.0,0.0,Medium,1,200-400%,1,0,1.0,1.0,1.0,60,01,Employed,Private,43,1,5,1.0,1,1,1,36-45,Never_married,20.0,1.0,Some_college,0,2,2,2,2.0,0,38,500,2,4,0
19000.0,501.0,0.0,Low,1,>400%,1,0,1.0,3.0,1.0,04,83,Employed,Government,38,2,1,1.0,1,1,1,36-45,Married,20.0,1.0,Some_college,0,2,2,2,2.0,0,38,100,2,4,0
125000.0,501.0,0.0,Very_High,1,>400%,1,0,1.0,1.0,1.0,68,03,Employed,Private,39,1,1,1.0,1,1,1,36-45,Married,20.0,1.0,Some_college,0,2,2,2,2.0,0,38,100,2,4,0
100000.0,484.0,0.0,Very_High,1,>400%,1,0,1.0,1.0,1.0,52,22,Employed,Private,32,1,5,1.0,1,1,1,26-35,Never_married,22.0,1.0,Graduate,0,2,2,2,2.0,0,38,100,2,4,0
40000.0,256.0,0.0,Medium,1,200-400%,1,0,1.0,1.0,1.0,46,84,Employed,Private,29,2,5,2.0,1,9,3,26-35,Never_married,21.0,1.0,Bachelors,0,2,2,2,2.0,0,38,100,2,4,0
6000.0,38.0,0.0,Very_Low,1,<100%,1,0,1.0,1.0,1.0,96,53,Employed,Private,58,1,3,1.0,1,1,1,56-65,Divorced_Separated,16.0,1.0,HS_diploma,0,1,2,1,2.0,1,38,500,2,4,1
0.0,125.0,19200.0,,1,100-138%,0,1,1.0,6.0,1.0,02,01,Employed,Self_employed,62,1,5,1.0,1,1,1,56-65,Never_married,16.0,1.0,HS_diploma,0,2,2,2,2.0,0,38,200,2,4,0
130000.0,289.0,0.0,Very_High,1,200-400%,1,0,1.0,7.0,1.0,02,01,Employed,Self_employed,33,1,1,1.0,1,1,1,26-35,Married,19.0,1.0,Some_college,0,2,2,2,2.0,0,38,500,2,4,0
0.0,289.0,0.0,,0,200-400%,0,0,6.0,6.0,2.0,46,84,Not_in_labor_force,Self_employed,37,2,1,1.0,1,1,1,36-45,Married,18.0,1.0,Some_college,0,2,2,2,2.0,0,38,500,2,4,0
69000.0,501.0,0.0,High,1,>400%,1,0,1.0,3.0,1.0,20,78,Employed,Government,40,2,1,1.0,1,1,1,36-45,Married,22.0,1.0,Graduate,0,2,2,2,2.0,0,38,300,2,4,0
80000.0,501.0,0.0,Very_High,1,>400%,1,0,4.0,5.0,1.0,06,96,Not_in_labor_force,Government,42,1,1,1.0,1,1,1,36-45,Married,21.0,1.0,Bachelors,0,2,2,2,2.0,0,38,300,2,4,0
60000.0,390.0,0.0,High,2,200-400%,1,0,1.0,4.0,1.0,57,68,Employed,Government,29,2,1,1.0,1,1,1,26-35,Married,21.0,2.0,Bachelors,1,2,2,2,2.0,0,38,400,2,4,0
60000.0,390.0,0.0,High,1,200-400%,1,0,1.0,1.0,1.0,01,68,Employed,Private,30,1,1,1.0,1,1,1,26-35,Married,21.0,2.0,Bachelors,1,2,2,2,2.0,0,38,400,2,4,0
0.0,156.0,10000.0,,1,138-200%,0,1,1.0,6.0,1.0,02,01,Employed,Self_employed,64,1,1,3.0,1,1,1,56-65,Married,16.0,1.0,HS_diploma,0,2,2,2,2.0,0,38,500,2,4,0
20000.0,156.0,0.0,Low,2,138-200%,1,0,1.0,1.0,1.0,57,81,Employed,Private,63,2,1,3.0,1,1,1,56-65,Married,19.0,1.0,Some_college,0,2,2,2,2.0,0,38,500,2,4,0
32000.0,462.0,0.0,Medium,1,>400%,1,0,1.0,7.0,1.0,50,07,Employed,Self_employed,41,2,1,1.0,1,1,1,36-45,Married,19.0,1.0,Some_college,0,2,2,2,2.0,0,38,100,2,4,0
107000.0,462.0,0.0,Very_High,1,>400%,1,0,1.0,7.0,1.0,63,07,Employed,Self_employed,43,1,1,1.0,1,1,1,36-45,Married,16.0,1.0,HS_diploma,0,2,2,2,2.0,0,38,100,2,4,0
82000.0,283.0,0.0,Very_High,2,200-400%,1,0,1.0,2.0,1.0,15,05,Employed,Private,43,1,1,1.0,1,1,1,36-45,Married,22.0,1.0,Graduate,0,2,2,2,2.0,0,38,100,2,4,0
31000.0,283.0,0.0,Medium,1,200-400%,1,0,1.0,1.0,1.0,57,73,Employed,Private,43,2,1,1.0,1,1,1,36-45,Married,21.0,1.0,Bachelors,0,2,2,2,2.0,0,38,100,2,4,0
92000.0,501.0,0.0,Very_High,1,>400%,1,0,1.0,1.0,1.0,00,53,Employed,Private,40,1,5,3.0,2,2,1,36-45,Never_married,17.0,1.0,HS_diploma,0,2,2,2,2.0,0,38,500,2,4,0
0.0,388.0,0.0,,1,200-400%,0,0,6.0,1.0,2.0,47,55,Not_in_labor_force,Private,65,2,1,1.0,1,1,1,56-65,Married,20.0,1.0,Some_college,0,2,2,2,2.0,0,38,200,2,4,0
80000.0,501.0,30000.0,Very_High,3,>400%,1,1,1.0,1.0,1.0,15,30,Employed,Private,32,1,5,1.0,1,1,1,26-35,Never_married,20.0,1.0,Some_college,0,2,2,2,2.0,0,38,400,2,4,0
2100.0,308.0,0.0,Very_Low,1,200-400%,1,0,3.0,1.0,1.0,47,54,Unemployed,Private,30,2,5,1.0,1,1,1,26-35,Never_married,16.0,1.0,HS_diploma,0,2,2,2,2.0,0,38,500,2,4,1
65000.0,501.0,0.0,High,1,>400%,1,0,1.0,1.0,1.0,86,10,Employed,Private,59,1,1,1.0,1,1,1,56-65,Married,16.0,1.0,HS_diploma,0,2,2,2,2.0,0,38,400,2,4,0
50000.0,501.0,0.0,Medium,1,>400%,1,0,1.0,3.0,1.0,08,93,Employed,Government,58,2,1,1.0,1,1,1,56-65,Married,20.0,1.0,Some_college,0,2,2,2,2.0,0,38,400,2,4,0
42000.0,464.0,0.0,Medium,2,>400%,1,0,1.0,1.0,1.0,58,81,Employed,Private,63,2,1,1.0,1,1,1,56-65,Married,16.0,1.0,HS_diploma,0,2,2,2,2.0,0,38,500,2,4,0
65000.0,501.0,0.0,High,1,>400%,1,0,1.0,3.0,1.0,38,94,Employed,Government,41,1,1,1.0,1,1,1,36-45,Married,21.0,2.0,Bachelors,1,2,2,2,2.0,0,38,600,2,4,0
40000.0,501.0,0.0,Medium,1,>400%,1,0,1.0,1.0,1.0,01,68,Employed,Private,41,2,1,1.0,1,1,1,36-45,Married,21.0,1.0,Bachelors,0,2,2,2,2.0,0,38,600,2,4,0
0.0,431.0,0.0,,0,>400%,0,0,6.0,1.0,3.0,42,69,Not_in_labor_force,Private,55,2,1,1.0,1,1,1,46-55,Married,20.0,1.0,Some_college,0,2,2,2,2.0,0,38,500,2,4,0
85000.0,431.0,0.0,Very_High,1,>400%,1,0,1.0,1.0,1.0,64,07,Employed,Private,57,1,1,1.0,1,1,1,56-65,Married,20.0,1.0,Some_college,0,2,2,2,2.0,0,38,500,2,4,0
56000.0,279.0,0.0,High,1,200-400%,1,0,2.0,1.0,1.0,67,60,Employed,Private,54,1,1,1.0,1,1,1,46-55,Married,16.0,1.0,HS_diploma,0,1,1,2,2.0,1,38,200,2,4,0
29200.0,279.0,0.0,Low,1,200-400%,1,0,1.0,1.0,1.0,41,86,Employed,Private,50,2,1,1.0,1,1,1,46-55,Married,16.0,1.0,HS_diploma,0,2,2,2,2.0,0,38,200,2,4,0
125000.0,501.0,0.0,Very_High,1,>400%,1,0,1.0,1.0,1.0,89,22,Employed,Private,53,1,3,1.0,1,1,1,46-55,Divorced_Separated,19.0,1.0,Some_college,0,2,2,2,2.0,0,38,300,2,4,0
8600.0,501.0,0.0,Very_Low,1,>400%,1,0,6.0,1.0,1.0,65,07,Not_in_labor_force,Private,19,1,5,1.0,1,1,1,18-25,Never_married,16.0,2.0,HS_diploma,1,2,2,2,2.0,0,38,300,2,4,0
5000.0,501.0,0.0,Very_Low,1,>400%,1,0,6.0,1.0,1.0,40,50,Not_in_labor_force,Private,18,1,5,1.0,1,1,1,18-25,Never_married,14.0,2.0,Less_than_HS,1,2,2,2,2.0,0,38,300,2,4,0
24000.0,153.0,0.0,Low,1,138-200%,1,0,1.0,1.0,1.0,78,49,Employed,Private,42,2,3,1.0,1,1,1,36-45,Divorced_Separated,20.0,1.0,Some_college,0,2,2,2,2.0,0,38,200,2,4,0
60000.0,422.0,0.0,High,2,>400%,1,0,1.0,7.0,1.0,78,49,Employed,Self_employed,54,1,3,1.0,1,1,1,46-55,Divorced_Separated,16.0,1.0,HS_diploma,0,2,2,2,2.0,0,38,200,2,4,0
37800.0,501.0,0.0,Medium,1,>400%,1,0,1.0,1.0,1.0,57,79,Employed,Private,46,2,1,1.0,1,1,1,46-55,Married,19.0,1.0,Some_college,0,2,2,2,2.0,0,38,400,2,4,0
150000.0,501.0,0.0,Very_High,1,>400%,1,0,1.0,1.0,1.0,69,04,Employed,Private,48,1,1,1.0,1,1,1,46-55,Married,20.0,1.0,Some_college,0,2,2,2,2.0,0,38,400,2,4,0
50000.0,243.0,0.0,Medium,1,200-400%,1,0,1.0,1.0,1.0,51,72,Employed,Private,51,2,2,3.0,1,1,1,46-55,Divorced_Separated,16.0,1.0,HS_diploma,0,2,2,2,2.0,0,38,500,2,4,0
7100.0,45.0,0.0,Very_Low,1,<100%,1,0,1.0,1.0,1.0,40,78,Employed,Private,50,1,5,1.0,1,1,1,46-55,Never_married,16.0,1.0,HS_diploma,0,2,2,2,2.0,0,38,500,2,4,1
120000.0,501.0,0.0,Very_High,1,>400%,1,0,1.0,1.0,1.0,34,50,Employed,Private,54,1,4,1.0,1,1,1,46-55,Divorced_Separated,12.0,1.0,Less_than_HS,0,2,2,2,2.0,0,38,400,2,4,0
77000.0,501.0,0.0,Very_High,1,>400%,1,0,1.0,4.0,1.0,02,78,Employed,Government,55,2,1,1.0,1,1,1,46-55,Married,21.0,1.0,Bachelors,0,2,2,2,2.0,0,38,600,2,4,0
21000.0,501.0,0.0,Low,2,>400%,1,0,1.0,1.0,1.0,49,53,Employed,Private,60,1,1,1.0,1,1,1,56-65,Married,21.0,1.0,Bachelors,0,2,2,2,2.0,0,38,600,2,4,0
20000.0,501.0,950.0,Low,2,>400%,1,1,1.0,1.0,1.0,40,86,Employed,Private,20,1,5,1.0,1,1,1,18-25,Never_married,19.0,2.0,Some_college,1,2,2,2,2.0,0,38,600,2,4,0
65000.0,465.0,14000.0,High,2,>400%,1,1,1.0,4.0,1.0,02,78,Employed,Government,48,1,1,1.0,1,1,1,46-55,Married,21.0,1.0,Bachelors,0,2,2,2,2.0,0,38,600,2,4,0
0.0,465.0,0.0,,1,>400%,0,0,6.0,3.0,2.0,41,78,Not_in_labor_force,Government,42,2,1,1.0,1,1,1,36-45,Married,16.0,1.0,HS_diploma,0,2,2,2,2.0,0,38,600,2,4,0
58000.0,501.0,0.0,High,1,>400%,1,0,1.0,2.0,1.0,20,91,Employed,Private,63,1,1,1.0,1,1,1,56-65,Married,24.0,1.0,Graduate,0,2,2,2,2.0,0,38,200,2,4,0
61000.0,501.0,0.0,High,1,>400%,1,0,1.0,3.0,1.0,23,78,Employed,Government,52,2,1,1.0,1,1,1,46-55,Married,22.0,1.0,Graduate,0,2,2,2,2.0,0,38,200,2,4,0
40000.0,501.0,0.0,Medium,1,>400%,1,0,1.0,4.0,1.0,59,78,Employed,Government,22,1,5,1.0,1,1,1,18-25,Never_married,20.0,2.0,Some_college,1,2,2,2,2.0,0,38,200,2,4,0
0.0,501.0,60000.0,,1,>400%,0,1,1.0,6.0,1.0,36,89,Employed,Self_employed,46,2,1,1.0,1,1,1,46-55,Married,20.0,1.0,Some_college,0,2,2,2,2.0,0,38,400,2,4,0
0.0,21.0,0.0,,0,<100%,0,0,6.0,1.0,3.0,42,69,Not_in_labor_force,Private,48,2,1,1.0,1,1,1,46-55,Married,20.0,1.0,Some_college,0,2,2,2,2.0,0,38,200,2,4,0
0.0,21.0,0.0,,0,<100%,0,0,6.0,1.0,3.0,42,69,Not_in_labor_force,Private,54,1,1,1.0,1,1,1,46-55,Married,16.0,1.0,HS_diploma,0,2,2,2,2.0,0,38,200,2,4,0
20000.0,304.0,0.0,Low,1,200-400%,1,0,1.0,3.0,1.0,40,78,Employed,Government,38,2,1,1.0,1,1,1,36-45,Married,19.0,1.0,Some_college,0,2,2,2,2.0,0,38,500,2,4,1
0.0,304.0,50000.0,,2,200-400%,0,1,2.0,6.0,1.0,60,01,Employed,Self_employed,36,1,1,1.0,1,1,1,36-45,Married,17.0,1.0,HS_diploma,0,2,2,2,2.0,0,38,500,2,4,1
3000.0,19.0,0.0,Very_Low,1,<100%,1,0,6.0,1.0,1.0,36,82,Not_in_labor_force,Private,21,2,5,1.0,1,1,1,18-25,Never_married,16.0,2.0,HS_diploma,1,2,2,2,2.0,0,38,500,2,4,0
150000.0,501.0,0.0,Very_High,1,>400%,1,0,1.0,1.0,1.0,30,79,Employed,Private,31,2,1,1.0,1,1,1,26-35,Married,24.0,1.0,Graduate,0,2,2,2,2.0,0,38,300,2,4,0
60000.0,501.0,0.0,High,1,>400%,1,0,1.0,1.0,1.0,32,82,Employed,Private,61,2,1,1.0,1,1,1,56-65,Married,20.0,1.0,Some_college,0,2,2,2,2.0,0,38,400,2,4,0
42000.0,501.0,0.0,Medium,1,>400%,1,0,1.0,1.0,1.0,91,25,Employed,Private,64,1,1,1.0,1,1,1,56-65,Married,20.0,1.0,Some_college,0,2,2,2,2.0,0,38,400,2,4,0
72000.0,501.0,0.0,High,1,>400%,1,0,1.0,1.0,1.0,01,30,Employed,Private,53,2,1,1.0,1,1,1,46-55,Married,21.0,1.0,Bachelors,0,2,2,2,2.0,0,38,600,2,4,0
77000.0,501.0,0.0,Very_High,1,>400%,1,0,1.0,1.0,1.0,77,24,Employed,Private,51,1,1,1.0,1,1,1,46-55,Married,19.0,1.0,Some_college,0,2,2,2,2.0,0,38,600,2,4,0
900.0,501.0,0.0,Very_Low,1,>400%,1,0,6.0,1.0,1.0,27,85,Not_in_labor_force,Private,18,1,5,1.0,1,1,1,18-25,Never_married,14.0,3.0,Less_than_HS,1,2,2,2,2.0,0,38,600,2,4,0
0.0,501.0,120000.0,,1,>400%,0,1,1.0,6.0,1.0,02,01,Employed,Self_employed,64,1,1,1.0,1,9,1,56-65,Married,16.0,1.0,HS_diploma,0,1,2,1,2.0,1,38,100,2,4,0
59000.0,501.0,0.0,High,1,>400%,1,0,1.0,3.0,1.0,57,78,Employed,Government,61,2,1,1.0,1,1,1,56-65,Married,18.0,1.0,Some_college,0,2,2,2,2.0,0,38,100,2,4,0
96000.0,501.0,0.0,Very_High,1,>400%,1,0,1.0,1.0,1.0,10,85,Employed,Private,37,2,1,1.0,1,1,1,36-45,Married,21.0,1.0,Bachelors,0,2,2,2,2.0,0,38,600,2,4,0
122000.0,501.0,0.0,Very_High,1,>400%,1,0,1.0,2.0,1.0,14,74,Employed,Private,65,1,1,1.0,1,1,1,56-65,Married,22.0,1.0,Graduate,0,1,1,2,1.0,1,38,500,2,4,0
18000.0,501.0,0.0,Low,1,>400%,1,0,3.0,1.0,1.0,29,46,Unemployed,Private,47,2,5,1.0,1,1,1,46-55,Never_married,21.0,1.0,Bachelors,0,2,2,2,2.0,0,38,500,2,4,0
49000.0,200.0,0.0,Medium,1,138-200%,1,0,4.0,5.0,1.0,19,96,Not_in_labor_force,Government,32,2,1,3.0,2,6,1,26-35,Married,19.0,2.0,Some_college,1,2,2,2,2.0,0,38,200,2,4,0
0.0,200.0,0.0,,0,138-200%,0,0,6.0,1.0,2.0,47,51,Not_in_labor_force,Private,31,1,1,3.0,1,2,1,26-35,Married,22.0,1.0,Graduate,0,2,2,2,2.0,0,38,200,2,4,0
20000.0,96.0,0.0,Low,1,<100%,1,0,1.0,1.0,1.0,96,53,Employed,Private,39,2,1,1.0,1,9,2,36-45,Married,14.0,1.0,Less_than_HS,0,2,2,2,2.0,0,38,400,2,4,0
13000.0,96.0,0.0,Very_Low,1,<100%,1,0,1.0,1.0,1.0,73,76,Employed,Private,41,1,1,1.0,1,9,2,36-45,Married,16.0,1.0,HS_diploma,0,2,2,2,2.0,0,38,400,2,4,0
2000.0,96.0,0.0,Very_Low,1,<100%,1,0,1.0,1.0,1.0,89,32,Employed,Private,21,1,5,1.0,1,9,2,18-25,Never_married,16.0,1.0,HS_diploma,0,2,2,2,2.0,0,38,400,2,4,1
42000.0,271.0,0.0,Medium,1,200-400%,1,0,1.0,2.0,1.0,57,78,Employed,Private,64,2,3,1.0,1,1,1,56-65,Divorced_Separated,19.0,1.0,Some_college,0,2,2,2,2.0,0,38,500,2,4,0
48000.0,501.0,0.0,Medium,2,>400%,1,0,1.0,1.0,1.0,33,80,Employed,Private,55,1,1,1.0,1,1,1,46-55,Married,19.0,1.0,Some_college,0,2,2,2,2.0,0,38,300,2,4,0
78000.0,501.0,0.0,Very_High,2,>400%,1,0,1.0,2.0,1.0,01,91,Employed,Private,54,2,1,1.0,1,1,1,46-55,Married,19.0,1.0,Some_college,0,2,2,2,2.0,0,38,300,2,4,0
40000.0,501.0,0.0,Medium,1,>400%,1,0,1.0,1.0,1.0,41,86,Employed,Private,24,1,5,1.0,1,1,1,18-25,Never_married,21.0,1.0,Bachelors,0,2,2,2,2.0,0,38,300,2,4,0
0.0,501.0,11000.0,,2,>400%,0,1,1.0,6.0,1.0,02,01,Employed,Self_employed,64,1,1,1.0,1,1,1,56-65,Married,16.0,1.0,HS_diploma,0,2,2,2,2.0,0,38,300,2,4,0
100000.0,501.0,0.0,Very_High,1,>400%,1,0,1.0,7.0,1.0,48,69,Employed,Self_employed,61,2,1,1.0,1,1,1,56-65,Married,16.0,1.0,HS_diploma,0,2,2,2,2.0,0,38,300,2,4,0
12000.0,234.0,0.0,Very_Low,1,200-400%,1,0,1.0,1.0,1.0,96,44,Employed,Private,35,1,1,1.0,1,1,2,26-35,Married,16.0,1.0,HS_diploma,0,2,2,2,2.0,0,38,500,2,4,0
34300.0,234.0,0.0,Medium,1,200-400%,1,0,1.0,1.0,1.0,86,12,Employed,Private,41,2,1,1.0,1,1,1,36-45,Married,16.0,1.0,HS_diploma,0,2,2,2,2.0,0,38,500,2,4,0
280.0,99.0,0.0,Very_Low,2,<100%,1,0,1.0,2.0,1.0,58,83,Employed,Private,49,2,5,1.0,1,1,1,46-55,Never_married,16.0,1.0,HS_diploma,0,1,2,1,1.0,1,38,100,2,4,1
0.0,167.0,0.0,,1,138-200%,0,0,6.0,1.0,2.0,06,53,Not_in_labor_force,Private,65,2,2,1.0,1,1,1,56-65,Divorced_Separated,16.0,1.0,HS_diploma,0,2,2,2,2.0,0,38,400,2,4,0
60000.0,338.0,0.0,High,1,200-400%,1,0,1.0,1.0,1.0,63,07,Employed,Private,58,1,1,1.0,1,1,1,56-65,Married,15.0,1.0,Less_than_HS,0,2,2,2,2.0,0,38,400,2,4,0
0.0,338.0,7200.0,,1,200-400%,0,1,1.0,6.0,1.0,46,84,Employed,Self_employed,50,2,1,1.0,1,1,1,46-55,Married,15.0,1.0,Less_than_HS,0,2,2,2,2.0,0,38,400,2,4,0
55000.0,501.0,0.0,High,2,>400%,1,0,1.0,4.0,1.0,57,95,Employed,Government,61,2,1,1.0,1,1,1,56-65,Married,18.0,1.0,Some_college,0,2,2,2,2.0,0,38,300,2,4,0
40000.0,501.0,5000.0,Medium,3,>400%,1,1,1.0,1.0,1.0,91,49,Employed,Private,62,1,1,1.0,1,1,1,56-65,Married,18.0,1.0,Some_college,0,2,2,2,2.0,0,38,300,2,4,0
50000.0,328.0,0.0,Medium,1,200-400%,1,0,1.0,1.0,1.0,72,87,Employed,Private,36,1,1,1.0,1,1,1,36-45,Married,20.0,1.0,Some_college,0,2,2,2,2.0,0,38,600,2,4,0
30000.0,328.0,0.0,Low,1,200-400%,1,0,1.0,1.0,1.0,34,74,Employed,Private,33,2,1,1.0,1,1,1,26-35,Married,21.0,1.0,Bachelors,0,2,2,2,2.0,0,38,600,2,4,0
30000.0,306.0,0.0,Low,1,200-400%,1,0,1.0,1.0,1.0,52,66,Employed,Private,33,2,1,1.0,1,1,1,26-35,Married,20.0,1.0,Some_college,0,2,2,2,2.0,0,38,500,2,4,0
70000.0,306.0,-6700.0,High,1,200-400%,1,0,1.0,1.0,1.0,05,69,Employed,Private,35,1,1,1.0,1,1,1,26-35,Married,20.0,1.0,Some_college,0,2,2,2,2.0,0,38,500,2,4,0
65000.0,276.0,0.0,High,1,200-400%,1,0,1.0,1.0,1.0,32,81,Employed,Private,43,2,1,1.0,1,1,1,36-45,Married,21.0,1.0,Bachelors,0,2,2,2,2.0,0,38,300,2,4,0
0.0,501.0,0.0,,2,>400%,0,0,6.0,1.0,2.0,28,74,Not_in_labor_force,Private,38,1,5,1.0,1,1,1,36-45,Never_married,21.0,1.0,Bachelors,0,2,2,2,2.0,0,38,200,2,4,0
80000.0,501.0,0.0,Very_High,2,>400%,1,0,1.0,5.0,1.0,33,81,Employed,Government,47,2,5,1.0,1,1,1,46-55,Never_married,21.0,1.0,Bachelors,0,2,2,2,2.0,0,38,600,2,4,0
27000.0,172.0,0.0,Low,1,138-200%,1,0,1.0,1.0,1.0,26,73,Employed,Private,21,1,5,3.0,1,1,1,18-25,Never_married,19.0,2.0,Some_college,1,2,2,2,2.0,0,38,600,2,4,0
1000.0,6.0,0.0,Very_Low,1,<100%,1,0,6.0,1.0,1.0,13,07,Not_in_labor_force,Private,19,1,5,3.0,1,1,1,18-25,Never_married,19.0,2.0,Some_college,1,2,2,2,2.0,0,38,600,2,4,0
7000.0,44.0,0.0,Very_Low,1,<100%,1,0,3.0,1.0,1.0,44,85,Unemployed,Private,19,1,5,3.0,1,1,1,18-25,Never_married,19.0,2.0,Some_college,1,2,2,2,2.0,0,38,600,2,4,0
9100.0,58.0,0.0,Very_Low,1,<100%,1,0,6.0,1.0,1.0,15,07,Not_in_labor_force,Private,18,1,5,3.0,1,1,1,18-25,Never_married,16.0,2.0,HS_diploma,1,2,2,2,2.0,0,38,600,2,4,0
0.0,159.0,0.0,,3,138-200%,0,0,6.0,1.0,3.0,42,69,Not_in_labor_force,Private,61,2,3,1.0,1,1,1,56-65,Divorced_Separated,18.0,1.0,Some_college,0,1,2,2,1.0,1,38,100,2,4,1
0.0,245.0,40000.0,,1,200-400%,0,1,1.0,6.0,1.0,02,01,Employed,Self_employed,62,1,1,1.0,1,1,1,56-65,Married,20.0,1.0,Some_college,0,2,2,2,2.0,0,38,500,2,4,0
0.0,245.0,0.0,,1,200-400%,0,0,6.0,1.0,3.0,42,69,Not_in_labor_force,Private,63,2,1,1.0,1,1,1,56-65,Married,20.0,1.0,Some_college,0,2,2,2,2.0,0,38,500,2,4,0
40900.0,408.0,0.0,Medium,1,>400%,1,0,1.0,2.0,1.0,47,54,Employed,Private,57,2,3,1.0,1,1,1,56-65,Divorced_Separated,18.0,1.0,Some_college,0,2,2,2,2.0,0,38,200,2,4,0
84000.0,501.0,0.0,Very_High,1,>400%,1,0,1.0,3.0,1.0,20,78,Employed,Government,51,2,1,1.0,1,1,1,46-55,Married,22.0,1.0,Graduate,0,2,2,2,2.0,0,38,200,2,4,0
80000.0,280.0,0.0,Very_High,1,200-400%,1,0,1.0,3.0,1.0,32,94,Employed,Government,53,2,1,1.0,1,3,1,46-55,Married,21.0,1.0,Bachelors,0,2,2,2,2.0,0,38,400,2,4,0
0.0,280.0,0.0,,1,200-400%,0,0,6.0,1.0,2.0,13,07,Not_in_labor_force,Private,53,1,1,1.0,1,3,1,46-55,Married,20.0,1.0,Some_college,0,1,1,2,1.0,1,38,400,2,4,0
0.0,280.0,0.0,,0,200-400%,0,0,6.0,1.0,2.0,40,86,Not_in_labor_force,Private,18,1,5,1.0,1,9,1,18-25,Never_married,13.0,1.0,Less_than_HS,0,2,2,2,2.0,0,38,400,2,4,0
0.0,280.0,0.0,,0,200-400%,0,0,6.0,1.0,2.0,52,57,Not_in_labor_force,Private,18,2,1,1.0,1,3,1,18-25,Married,16.0,2.0,HS_diploma,1,2,2,2,2.0,0,38,400,2,4,0
50000.0,326.0,0.0,Medium,1,200-400%,1,0,1.0,5.0,1.0,82,26,Employed,Government,26,1,5,1.0,1,1,1,26-35,Never_married,19.0,1.0,Some_college,0,2,2,2,2.0,0,38,600,2,4,0
89000.0,314.0,0.0,Very_High,1,200-400%,1,0,1.0,1.0,1.0,00,30,Employed,Private,50,1,1,1.0,1,1,1,46-55,Married,21.0,1.0,Bachelors,0,2,2,2,2.0,0,38,400,2,4,0
7500.0,314.0,0.0,Very_Low,1,200-400%,1,0,1.0,3.0,1.0,23,78,Employed,Government,40,2,1,1.0,1,1,1,36-45,Married,21.0,1.0,Bachelors,0,2,2,2,2.0,0,38,400,2,4,0
110000.0,501.0,0.0,Very_High,2,>400%,1,0,1.0,5.0,1.0,50,93,Employed,Government,41,1,1,1.0,1,1,1,36-45,Married,21.0,1.0,Bachelors,0,2,2,2,2.0,0,38,500,2,4,0
75000.0,501.0,0.0,High,2,>400%,1,0,1.0,3.0,1.0,32,94,Employed,Government,43,2,1,1.0,1,1,1,36-45,Married,21.0,1.0,Bachelors,0,2,2,2,2.0,0,38,500,2,4,0
0.0,131.0,0.0,,0,100-138%,0,0,6.0,1.0,2.0,81,88,Not_in_labor_force,Private,40,1,3,1.0,1,3,1,36-45,Divorced_Separated,16.0,1.0,HS_diploma,0,2,2,2,2.0,0,38,100,2,4,1
100000.0,489.0,0.0,Very_High,1,>400%,1,0,1.0,1.0,1.0,34,74,Employed,Private,36,2,5,1.0,1,1,1,36-45,Never_married,23.0,1.0,Graduate,0,2,2,2,2.0,0,38,600,2,4,0
52000.0,501.0,0.0,High,1,>400%,1,0,1.0,1.0,1.0,60,01,Employed,Private,59,1,1,1.0,1,1,1,56-65,Married,19.0,1.0,Some_college,0,2,2,2,2.0,0,38,200,2,4,0
105000.0,501.0,0.0,Very_High,1,>400%,1,0,1.0,1.0,1.0,03,81,Employed,Private,55,2,1,1.0,1,1,1,46-55,Married,21.0,1.0,Bachelors,0,2,2,2,2.0,0,38,200,2,4,0
47000.0,391.0,0.0,Medium,1,200-400%,1,0,1.0,3.0,1.0,23,78,Employed,Government,27,1,1,3.0,2,6,1,26-35,Married,21.0,1.0,Bachelors,0,2,2,2,2.0,0,38,200,2,4,0
32000.0,391.0,0.0,Medium,1,200-400%,1,0,1.0,3.0,1.0,23,78,Employed,Government,28,2,1,3.0,2,6,1,26-35,Married,21.0,3.0,Bachelors,1,2,2,2,2.0,0,38,200,2,4,0
70000.0,198.0,0.0,High,1,138-200%,1,0,4.0,5.0,1.0,38,96,Not_in_labor_force,Government,37,1,1,1.0,1,1,1,36-45,Married,21.0,1.0,Bachelors,0,2,2,2,2.0,0,38,200,2,4,0
0.0,198.0,0.0,,0,138-200%,0,0,6.0,1.0,3.0,42,69,Not_in_labor_force,Private,38,2,1,1.0,1,9,1,36-45,Married,21.0,1.0,Bachelors,0,2,2,2,2.0,0,38,200,2,4,0
60000.0,438.0,0.0,High,1,>400%,1,0,1.0,2.0,1.0,01,75,Employed,Private,34,2,1,1.0,1,1,1,26-35,Married,21.0,1.0,Bachelors,0,2,2,2,2.0,0,38,100,2,4,0
50000.0,438.0,0.0,Medium,2,>400%,1,0,1.0,1.0,1.0,86,69,Employed,Private,34,1,1,1.0,1,9,1,26-35,Married,16.0,1.0,HS_diploma,0,2,2,2,2.0,0,38,100,2,4,0
0.0,221.0,0.0,,1,200-400%,0,0,6.0,5.0,2.0,25,95,Not_in_labor_force,Government,55,1,1,1.0,1,1,1,46-55,Married,21.0,1.0,Bachelors,0,1,1,2,1.0,1,38,400,2,4,0
680.0,221.0,0.0,Very_Low,2,200-400%,1,0,1.0,1.0,1.0,83,82,Employed,Private,53,2,1,1.0,1,1,1,46-55,Married,21.0,1.0,Bachelors,0,1,2,2,1.0,1,38,400,2,4,0
52000.0,501.0,0.0,High,1,>400%,1,0,1.0,1.0,1.0,56,39,Employed,Private,51,1,1,1.0,1,9,1,46-55,Married,19.0,1.0,Some_college,0,2,2,2,2.0,0,38,100,2,4,0
100000.0,501.0,0.0,Very_High,2,>400%,1,0,1.0,1.0,1.0,02,07,Employed,Private,54,1,1,1.0,1,1,1,46-55,Married,1.0,1.0,Less_than_HS,0,2,2,2,2.0,0,38,600,2,4,0
75000.0,501.0,0.0,High,1,>400%,1,0,1.0,3.0,1.0,38,94,Employed,Government,51,2,1,1.0,1,1,1,46-55,Married,21.0,1.0,Bachelors,0,2,2,2,2.0,0,38,600,2,4,0
44000.0,454.0,0.0,Medium,1,>400%,1,0,1.0,4.0,1.0,23,78,Employed,Government,32,1,1,1.0,1,9,1,26-35,Married,21.0,1.0,Bachelors,0,2,2,2,2.0,0,38,600,2,4,0
64000.0,454.0,0.0,High,1,>400%,1,0,1.0,4.0,1.0,23,78,Employed,Government,30,2,1,1.0,1,1,1,26-35,Married,21.0,1.0,Bachelors,0,2,2,2,2.0,0,38,600,2,4,0
8400.0,34.0,0.0,Very_Low,1,<100%,1,0,6.0,1.0,1.0,43,90,Not_in_labor_force,Private,25,2,5,1.0,1,9,1,18-25,Never_married,16.0,1.0,HS_diploma,0,2,2,2,2.0,0,38,300,2,4,1
0.0,7.0,0.0,,1,<100%,0,0,6.0,1.0,3.0,42,69,Not_in_labor_force,Private,57,2,3,1.0,1,1,1,56-65,Divorced_Separated,16.0,1.0,HS_diploma,0,2,2,2,2.0,0,38,600,2,4,1
52000.0,501.0,0.0,High,1,>400%,1,0,1.0,3.0,1.0,51,93,Employed,Government,58,2,1,1.0,1,1,1,56-65,Married,16.0,1.0,HS_diploma,0,2,2,2,2.0,0,38,200,2,4,0
71000.0,501.0,0.0,High,1,>400%,1,0,1.0,3.0,1.0,62,07,Employed,Government,59,1,1,1.0,1,1,1,56-65,Married,20.0,1.0,Some_college,0,2,2,2,2.0,0,38,200,2,4,0
61000.0,396.0,0.0,High,1,200-400%,1,0,1.0,4.0,1.0,28,94,Employed,Government,37,2,5,1.0,1,1,1,36-45,Never_married,21.0,1.0,Bachelors,0,2,2,2,2.0,0,38,300,2,4,0
0.0,0.0,0.0,,0,,0,0,6.0,1.0,2.0,96,53,Not_in_labor_force,Private,59,1,3,1.0,1,9,1,56-65,Divorced_Separated,16.0,1.0,HS_diploma,0,1,2,1,2.0,1,38,400,2,4,0
36500.0,463.0,0.0,Medium,3,>400%,1,0,1.0,4.0,1.0,57,78,Employed,Government,61,2,1,1.0,1,1,1,56-65,Married,20.0,1.0,Some_college,0,2,2,2,2.0,0,38,300,2,4,0
48000.0,463.0,0.0,Medium,1,>400%,1,0,1.0,1.0,1.0,62,07,Employed,Private,60,1,1,1.0,1,1,1,56-65,Married,20.0,1.0,Some_college,0,2,2,2,2.0,0,38,300,2,4,0
30000.0,363.0,0.0,Low,1,200-400%,1,0,1.0,1.0,1.0,36,79,Employed,Private,41,2,1,1.0,1,1,1,36-45,Married,21.0,1.0,Bachelors,0,2,2,2,2.0,0,38,300,2,4,0
75000.0,363.0,0.0,High,2,200-400%,1,0,1.0,1.0,1.0,73,30,Employed,Private,46,1,1,1.0,1,1,1,46-55,Married,19.0,1.0,Some_college,0,2,2,2,2.0,0,38,300,2,4,0
0.0,363.0,0.0,,0,200-400%,0,0,6.0,1.0,3.0,42,69,Not_in_labor_force,Private,18,2,5,1.0,1,1,1,18-25,Never_married,16.0,2.0,HS_diploma,1,2,2,2,2.0,0,38,300,2,4,0
19000.0,285.0,0.0,Low,3,200-400%,1,0,1.0,3.0,1.0,53,78,Employed,Government,63,2,3,1.0,1,1,1,56-65,Divorced_Separated,18.0,1.0,Some_college,0,2,2,2,2.0,0,38,400,2,4,0
125000.0,501.0,2000.0,Very_High,2,>400%,1,1,1.0,1.0,1.0,04,07,Employed,Private,32,1,5,1.0,1,1,1,26-35,Never_married,21.0,1.0,Bachelors,0,2,2,2,2.0,0,38,600,2,4,0
80000.0,404.0,0.0,Very_High,1,>400%,1,0,1.0,4.0,1.0,10,93,Employed,Government,44,1,1,1.0,1,1,1,36-45,Married,21.0,1.0,Bachelors,0,2,2,2,2.0,0,38,300,2,4,0
20000.0,404.0,20000.0,Low,2,>400%,1,1,1.0,1.0,1.0,04,76,Employed,Private,37,2,1,1.0,1,1,1,36-45,Married,18.0,1.0,Some_college,0,2,2,2,2.0,0,38,300,2,4,0
45000.0,289.0,0.0,Medium,1,200-400%,1,0,1.0,3.0,1.0,23,78,Employed,Government,36,2,5,3.0,1,1,1,36-45,Never_married,21.0,1.0,Bachelors,0,2,2,2,2.0,0,38,300,2,4,0
113000.0,501.0,0.0,Very_High,1,>400%,1,0,2.0,1.0,1.0,03,81,Employed,Private,28,1,5,1.0,2,9,16,26-35,Never_married,21.0,1.0,Bachelors,0,2,2,2,2.0,0,38,600,2,4,0
0.0,501.0,0.0,,0,>400%,0,0,6.0,1.0,3.0,42,69,Not_in_labor_force,Private,59,2,3,1.0,2,9,16,56-65,Divorced_Separated,16.0,1.0,HS_diploma,0,1,2,2,1.0,1,38,600,2,4,1
0.0,501.0,0.0,,1,>400%,0,0,6.0,3.0,2.0,00,78,Not_in_labor_force,Government,60,1,1,1.0,1,1,1,56-65,Married,22.0,1.0,Graduate,0,2,2,2,2.0,0,38,500,2,4,0
120000.0,501.0,0.0,Very_High,1,>400%,1,0,1.0,1.0,1.0,01,38,Employed,Private,55,2,1,1.0,1,1,1,46-55,Married,21.0,1.0,Bachelors,0,2,2,2,2.0,0,38,500,2,4,0
125000.0,501.0,0.0,Very_High,3,>400%,1,0,1.0,1.0,1.0,48,42,Employed,Private,63,1,1,1.0,1,1,1,56-65,Married,16.0,1.0,HS_diploma,0,2,2,2,2.0,0,38,200,2,4,0
0.0,501.0,0.0,,1,>400%,0,0,6.0,1.0,2.0,41,84,Not_in_labor_force,Private,63,2,1,1.0,1,1,1,56-65,Married,16.0,1.0,HS_diploma,0,2,2,2,2.0,0,38,200,2,4,0
0.0,501.0,35000.0,,1,>400%,0,1,1.0,6.0,1.0,45,89,Employed,Self_employed,46,2,1,1.0,1,1,1,46-55,Married,19.0,1.0,Some_college,0,2,2,2,2.0,0,38,600,2,4,0
180000.0,501.0,0.0,Very_High,1,>400%,1,0,1.0,1.0,1.0,08,01,Employed,Private,51,1,1,1.0,1,1,1,46-55,Married,21.0,1.0,Bachelors,0,2,2,2,2.0,0,38,600,2,4,0
800.0,501.0,0.0,Very_Low,1,>400%,1,0,6.0,1.0,1.0,41,85,Not_in_labor_force,Private,18,2,5,1.0,1,1,1,18-25,Never_married,14.0,2.0,Less_than_HS,1,2,2,2,2.0,0,38,600,2,4,0
80000.0,203.0,0.0,Very_High,1,200-400%,1,0,1.0,1.0,1.0,02,01,Employed,Private,37,1,1,1.0,1,1,1,36-45,Married,20.0,1.0,Some_college,0,2,2,2,2.0,0,38,400,2,4,0
700.0,203.0,300.0,Very_Low,2,200-400%,1,1,6.0,6.0,1.0,23,78,Not_in_labor_force,Self_employed,34,2,1,1.0,1,1,1,26-35,Married,21.0,1.0,Bachelors,0,2,2,2,2.0,0,38,400,2,4,0
94000.0,501.0,0.0,Very_High,2,>400%,1,0,1.0,1.0,1.0,72,87,Employed,Private,41,1,5,1.0,1,1,1,36-45,Never_married,16.0,1.0,HS_diploma,0,2,2,2,2.0,0,38,600,2,4,0
115000.0,450.0,0.0,Very_High,1,>400%,1,0,1.0,1.0,1.0,88,73,Employed,Private,41,1,1,1.0,1,1,1,36-45,Married,21.0,1.0,Bachelors,0,2,2,2,2.0,0,38,600,2,4,0
18000.0,450.0,0.0,Low,1,>400%,1,0,1.0,1.0,1.0,46,84,Employed,Private,41,2,1,1.0,1,1,1,36-45,Married,18.0,1.0,Some_college,0,2,2,2,2.0,0,38,600,2,4,0
34800.0,327.0,0.0,Medium,1,200-400%,1,0,4.0,5.0,1.0,71,96,Not_in_labor_force,Government,23,1,1,3.0,1,1,1,18-25,Married,19.0,1.0,Some_college,0,2,2,2,2.0,0,38,200,2,4,0
31600.0,327.0,0.0,Medium,1,200-400%,1,0,1.0,1.0,1.0,51,72,Employed,Private,22,2,1,3.0,1,1,1,18-25,Married,18.0,1.0,Some_college,0,2,2,2,2.0,0,38,200,2,4,0
110000.0,501.0,0.0,Very_High,1,>400%,1,0,1.0,1.0,1.0,11,30,Employed,Private,42,2,1,1.0,1,1,1,36-45,Married,22.0,1.0,Graduate,0,2,2,2,2.0,0,38,400,2,4,0
82000.0,501.0,0.0,Very_High,1,>400%,1,0,1.0,1.0,1.0,08,30,Employed,Private,48,1,1,1.0,1,1,1,46-55,Married,20.0,1.0,Some_college,0,2,2,2,2.0,0,38,400,2,4,0
15000.0,501.0,0.0,Very_Low,1,>400%,1,0,1.0,1.0,1.0,54,74,Employed,Private,42,2,1,1.0,1,1,1,36-45,Married,19.0,1.0,Some_college,0,1,1,2,2.0,1,38,200,2,4,1
150000.0,501.0,2000.0,Very_High,2,>400%,1,1,1.0,6.0,1.0,91,61,Employed,Self_employed,45,1,1,1.0,1,1,1,36-45,Married,16.0,1.0,HS_diploma,0,2,2,2,2.0,0,38,200,2,4,1
2000.0,501.0,0.0,Very_Low,1,>400%,1,0,6.0,1.0,1.0,62,07,Not_in_labor_force,Private,18,1,5,1.0,1,1,1,18-25,Never_married,15.0,2.0,Less_than_HS,1,2,2,2,2.0,0,38,200,2,4,1
40000.0,253.0,0.0,Medium,1,200-400%,1,0,1.0,1.0,1.0,96,53,Employed,Private,49,2,5,1.0,1,9,1,46-55,Never_married,17.0,1.0,HS_diploma,0,2,2,2,2.0,0,38,300,2,4,0
40000.0,501.0,0.0,Medium,1,>400%,1,0,1.0,3.0,1.0,23,78,Employed,Government,45,2,1,1.0,1,1,1,36-45,Married,21.0,2.0,Bachelors,1,2,2,2,2.0,0,38,400,2,4,0
48000.0,501.0,80000.0,Medium,2,>400%,1,1,1.0,1.0,1.0,02,01,Employed,Private,45,1,1,1.0,1,1,1,36-45,Married,16.0,1.0,HS_diploma,0,2,2,2,2.0,0,38,400,2,4,0
70000.0,501.0,0.0,High,1,>400%,1,0,1.0,4.0,1.0,22,78,Employed,Government,37,2,1,1.0,1,1,1,36-45,Married,24.0,1.0,Graduate,0,2,2,2,2.0,0,38,600,2,4,0
0.0,43.0,0.0,,1,<100%,0,0,6.0,1.0,3.0,42,69,Not_in_labor_force,Private,50,2,3,1.0,1,9,1,46-55,Divorced_Separated,19.0,1.0,Some_college,0,1,2,2,1.0,1,38,600,2,4,1
26000.0,239.0,0.0,Low,2,200-400%,1,0,1.0,1.0,1.0,87,28,Employed,Private,51,1,5,1.0,1,1,1,46-55,Never_married,17.0,1.0,HS_diploma,0,2,2,2,2.0,0,38,600,2,4,0
53000.0,348.0,0.0,High,1,200-400%,1,0,1.0,2.0,1.0,32,81,Employed,Private,48,2,1,3.0,1,1,1,46-55,Married,20.0,1.0,Some_college,0,2,2,2,2.0,0,38,200,2,4,0
72000.0,240.0,0.0,High,1,200-400%,1,0,1.0,1.0,1.0,20,82,Employed,Private,31,2,3,3.0,1,1,1,26-35,Divorced_Separated,22.0,1.0,Graduate,0,2,2,2,2.0,0,38,500,2,4,0
117000.0,464.0,0.0,Very_High,1,>400%,1,0,1.0,1.0,1.0,70,66,Employed,Private,45,1,1,1.0,1,1,1,36-45,Married,20.0,1.0,Some_college,0,2,2,2,2.0,0,38,500,2,4,0
22000.0,464.0,0.0,Low,1,>400%,1,0,1.0,1.0,1.0,26,54,Employed,Private,43,2,1,1.0,1,1,1,36-45,Married,18.0,1.0,Some_college,0,2,2,2,2.0,0,38,500,2,4,0
2400.0,464.0,0.0,Very_Low,1,>400%,1,0,1.0,1.0,1.0,42,50,Employed,Private,24,2,5,1.0,1,1,1,18-25,Never_married,15.0,1.0,Less_than_HS,0,1,2,2,2.0,1,38,500,2,4,0
1200.0,464.0,0.0,Very_Low,1,>400%,1,0,1.0,1.0,1.0,47,50,Employed,Private,18,2,5,1.0,1,1,1,18-25,Never_married,14.0,2.0,Less_than_HS,1,2,2,2,2.0,0,38,500,2,4,0
0.0,125.0,0.0,,3,100-138%,0,0,6.0,1.0,3.0,42,69,Not_in_labor_force,Private,62,1,1,3.0,1,1,1,56-65,Married,20.0,1.0,Some_college,0,1,1,1,1.0,1,38,200,2,4,0
0.0,125.0,0.0,,2,100-138%,0,0,6.0,1.0,3.0,42,69,Not_in_labor_force,Private,62,2,1,3.0,1,3,1,56-65,Married,19.0,1.0,Some_college,0,1,1,2,1.0,1,38,200,2,4,0
0.0,11.0,1800.0,,1,<100%,0,1,6.0,6.0,1.0,62,07,Not_in_labor_force,Self_employed,39,1,3,1.0,2,6,1,36-45,Divorced_Separated,1.0,1.0,Less_than_HS,0,2,2,2,2.0,0,38,400,2,4,1
0.0,150.0,0.0,,1,138-200%,0,0,6.0,1.0,3.0,42,69,Not_in_labor_force,Private,30,1,5,3.0,1,1,1,26-35,Never_married,20.0,1.0,Some_college,0,2,2,2,2.0,0,38,400,2,4,1
30000.0,191.0,0.0,Low,1,138-200%,1,0,1.0,1.0,1.0,07,73,Employed,Private,25,2,5,3.0,1,1,1,18-25,Never_married,16.0,1.0,HS_diploma,0,2,2,2,2.0,0,38,400,2,4,0
63000.0,413.0,0.0,High,1,>400%,1,0,1.0,1.0,1.0,22,78,Employed,Private,62,2,5,1.0,1,1,1,56-65,Never_married,22.0,1.0,Graduate,0,2,2,2,2.0,0,38,500,2,4,0
0.0,486.0,0.0,,0,>400%,0,0,6.0,1.0,3.0,42,69,Not_in_labor_force,Private,64,2,1,1.0,1,1,1,56-65,Married,17.0,1.0,HS_diploma,0,2,2,2,2.0,0,38,300,2,4,0
56000.0,357.0,0.0,High,1,200-400%,1,0,1.0,3.0,1.0,38,94,Employed,Government,22,1,5,3.0,1,8,2,18-25,Never_married,16.0,1.0,HS_diploma,0,2,2,2,2.0,0,38,200,2,4,0
120000.0,501.0,0.0,Very_High,1,>400%,1,0,1.0,4.0,1.0,15,95,Employed,Government,42,1,1,1.0,1,1,1,36-45,Married,21.0,1.0,Bachelors,0,2,2,2,2.0,0,38,300,2,4,0
0.0,501.0,100000.0,,1,>400%,0,1,1.0,6.0,1.0,51,68,Employed,Self_employed,40,2,1,1.0,1,1,1,36-45,Married,16.0,1.0,HS_diploma,0,2,2,2,2.0,0,38,300,2,4,0
0.0,128.0,0.0,,1,100-138%,0,0,6.0,1.0,3.0,42,69,Not_in_labor_force,Private,65,2,1,3.0,1,1,1,56-65,Married,21.0,1.0,Bachelors,0,1,2,2,1.0,1,38,500,2,4,0
100000.0,415.0,0.0,Very_High,1,>400%,1,0,1.0,1.0,1.0,47,57,Employed,Private,49,1,1,1.0,1,1,1,46-55,Married,21.0,1.0,Bachelors,0,2,2,2,2.0,0,38,600,2,4,0
0.0,415.0,0.0,,0,>400%,0,0,6.0,1.0,2.0,48,61,Not_in_labor_force,Private,44,2,1,1.0,1,1,1,36-45,Married,20.0,1.0,Some_college,0,2,2,2,2.0,0,38,600,2,4,0
0.0,501.0,0.0,,0,>400%,0,0,6.0,1.0,3.0,42,69,Not_in_labor_force,Private,40,2,1,1.0,1,9,2,36-45,Married,17.0,1.0,HS_diploma,0,2,2,2,2.0,0,38,100,2,4,0
84000.0,501.0,0.0,Very_High,1,>400%,1,0,1.0,2.0,1.0,32,79,Employed,Private,43,2,1,1.0,1,1,1,36-45,Married,20.0,1.0,Some_college,0,2,2,2,2.0,0,38,500,2,4,0
103000.0,501.0,0.0,Very_High,1,>400%,1,0,1.0,1.0,1.0,14,66,Employed,Private,43,1,1,1.0,1,1,1,36-45,Married,21.0,1.0,Bachelors,0,2,2,2,2.0,0,38,500,2,4,0
0.0,501.0,0.0,,0,>400%,0,0,6.0,3.0,2.0,23,78,Not_in_labor_force,Government,32,2,1,1.0,1,1,1,26-35,Married,21.0,1.0,Bachelors,0,2,2,2,2.0,0,38,500,2,4,0
10000.0,63.0,0.0,Very_Low,1,<100%,1,0,1.0,2.0,1.0,27,85,Employed,Private,20,2,5,1.0,1,1,1,18-25,Never_married,19.0,2.0,Some_college,1,2,2,2,2.0,0,38,600,2,4,0
5000.0,31.0,0.0,Very_Low,1,<100%,1,0,1.0,1.0,1.0,36,81,Employed,Private,20,2,5,1.0,1,1,1,18-25,Never_married,16.0,2.0,HS_diploma,1,2,2,2,2.0,0,38,600,2,4,0
15600.0,99.0,0.0,Low,1,<100%,1,0,1.0,1.0,1.0,51,68,Employed,Private,20,2,5,1.0,1,1,1,18-25,Never_married,18.0,2.0,Some_college,1,2,2,2,2.0,0,38,600,2,4,0
230.0,1.0,0.0,Very_Low,1,<100%,1,0,1.0,1.0,1.0,52,85,Employed,Private,19,2,5,1.0,1,1,1,18-25,Never_married,17.0,1.0,HS_diploma,0,2,2,2,2.0,0,38,600,2,4,0
50000.0,320.0,0.0,Medium,1,200-400%,1,0,1.0,1.0,1.0,60,01,Employed,Private,36,1,5,1.0,1,1,1,36-45,Never_married,16.0,1.0,HS_diploma,0,1,2,1,2.0,1,38,600,2,4,0
50000.0,390.0,0.0,Medium,2,200-400%,1,0,1.0,5.0,1.0,55,63,Employed,Government,28,2,1,1.0,1,1,1,26-35,Married,16.0,1.0,HS_diploma,0,2,2,2,2.0,0,38,400,2,4,0
65000.0,390.0,0.0,High,1,200-400%,1,0,1.0,1.0,1.0,81,30,Employed,Private,29,1,1,1.0,1,1,1,26-35,Married,13.0,1.0,Less_than_HS,0,2,2,2,2.0,0,38,400,2,4,0
73000.0,501.0,0.0,High,2,>400%,1,0,1.0,1.0,1.0,63,07,Employed,Private,43,1,5,1.0,1,1,1,36-45,Never_married,16.0,1.0,HS_diploma,0,2,2,2,2.0,0,38,100,2,4,0
48000.0,433.0,0.0,Medium,1,>400%,1,0,1.0,1.0,1.0,32,81,Employed,Private,30,2,1,1.0,1,1,1,26-35,Married,21.0,1.0,Bachelors,0,2,2,2,2.0,0,38,600,2,4,0
56000.0,433.0,0.0,High,1,>400%,1,0,1.0,1.0,1.0,73,24,Employed,Private,29,1,1,1.0,1,1,1,26-35,Married,20.0,1.0,Some_college,0,2,2,2,2.0,0,38,600,2,4,0
167000.0,501.0,0.0,Very_High,1,>400%,1,0,1.0,1.0,1.0,04,89,Employed,Private,50,1,1,1.0,1,1,1,46-55,Married,21.0,1.0,Bachelors,0,2,2,2,2.0,0,38,200,2,4,0
0.0,501.0,0.0,,1,>400%,0,0,6.0,1.0,3.0,42,69,Not_in_labor_force,Private,51,2,1,1.0,1,1,1,46-55,Married,21.0,1.0,Bachelors,0,2,2,2,2.0,0,38,600,2,4,0
90000.0,501.0,0.0,Very_High,1,>400%,1,0,1.0,1.0,1.0,07,69,Employed,Private,52,1,1,1.0,1,1,1,46-55,Married,21.0,1.0,Bachelors,0,2,2,2,2.0,0,38,600,2,4,0
16000.0,501.0,0.0,Low,1,>400%,1,0,1.0,1.0,1.0,52,48,Employed,Private,24,1,5,1.0,1,1,1,18-25,Never_married,20.0,1.0,Some_college,0,2,2,2,2.0,0,38,600,2,4,0
40000.0,501.0,0.0,Medium,1,>400%,1,0,1.0,1.0,1.0,81,29,Employed,Private,21,1,5,1.0,1,1,1,18-25,Never_married,20.0,1.0,Some_college,0,2,2,2,2.0,0,38,600,2,4,0
4500.0,501.0,0.0,Very_Low,1,>400%,1,0,6.0,2.0,1.0,39,85,Not_in_labor_force,Private,18,1,5,1.0,1,1,1,18-25,Never_married,15.0,2.0,Less_than_HS,1,2,2,2,2.0,0,38,600,2,4,0
2500.0,113.0,0.0,Very_Low,2,100-138%,1,0,1.0,1.0,1.0,46,84,Employed,Private,38,2,5,3.0,1,1,1,36-45,Never_married,16.0,1.0,HS_diploma,0,2,2,2,2.0,0,38,100,2,4,1
40000.0,474.0,0.0,Medium,2,>400%,1,0,1.0,4.0,1.0,51,06,Employed,Government,33,2,1,1.0,1,1,1,26-35,Married,16.0,1.0,HS_diploma,0,2,2,2,2.0,0,38,100,2,4,0
60000.0,474.0,2000.0,High,2,>400%,1,1,1.0,1.0,1.0,72,07,Employed,Private,43,1,1,1.0,1,1,1,36-45,Married,18.0,1.0,Some_college,0,2,2,2,2.0,0,38,100,2,4,0
36000.0,340.0,0.0,Medium,1,200-400%,1,0,1.0,1.0,1.0,79,35,Employed,Private,30,2,1,1.0,1,1,1,26-35,Married,19.0,1.0,Some_college,0,2,2,2,2.0,0,38,100,2,4,0
68000.0,340.0,0.0,High,1,200-400%,1,0,1.0,1.0,1.0,47,48,Employed,Private,39,1,1,1.0,1,1,1,36-45,Married,17.0,1.0,HS_diploma,0,2,2,2,2.0,0,38,100,2,4,0
100000.0,501.0,0.0,Very_High,1,>400%,1,0,1.0,1.0,1.0,04,04,Employed,Private,36,1,5,1.0,1,1,1,36-45,Never_married,19.0,1.0,Some_college,0,2,2,2,2.0,0,38,100,2,4,0
0.0,190.0,29900.0,,1,138-200%,0,1,1.0,6.0,1.0,02,01,Employed,Self_employed,49,2,3,1.0,1,1,1,46-55,Divorced_Separated,22.0,1.0,Graduate,0,2,2,2,2.0,0,38,200,2,4,0
54000.0,501.0,0.0,High,1,>400%,1,0,1.0,1.0,1.0,11,68,Employed,Private,38,2,1,1.0,1,1,1,36-45,Married,19.0,1.0,Some_college,0,2,2,2,2.0,0,38,200,2,4,0
133000.0,501.0,0.0,Very_High,1,>400%,1,0,2.0,1.0,1.0,86,05,Employed,Private,49,1,1,1.0,1,1,1,46-55,Married,16.0,1.0,HS_diploma,0,2,2,2,2.0,0,38,200,2,4,0
0.0,94.0,15000.0,,1,<100%,0,1,6.0,6.0,1.0,62,07,Not_in_labor_force,Self_employed,53,1,5,1.0,1,1,1,46-55,Never_married,16.0,1.0,HS_diploma,0,2,2,2,2.0,0,38,300,2,4,0
140000.0,501.0,0.0,Very_High,3,>400%,1,0,1.0,4.0,1.0,07,94,Employed,Government,63,2,1,1.0,1,1,1,56-65,Married,20.0,2.0,Some_college,1,2,2,2,2.0,0,38,200,2,4,0
0.0,501.0,0.0,,1,>400%,0,0,6.0,1.0,2.0,73,34,Not_in_labor_force,Private,56,1,1,1.0,1,1,1,56-65,Married,16.0,1.0,HS_diploma,0,2,2,2,2.0,0,38,200,2,4,0
150000.0,501.0,0.0,Very_High,1,>400%,1,0,1.0,1.0,1.0,57,63,Employed,Private,50,2,3,1.0,1,1,1,46-55,Divorced_Separated,21.0,1.0,Bachelors,0,2,2,2,2.0,0,38,100,2,4,0
45000.0,315.0,0.0,Medium,2,200-400%,1,0,3.0,1.0,1.0,47,48,Unemployed,Private,31,1,5,1.0,1,1,23,26-35,Never_married,20.0,1.0,Some_college,0,1,2,2,2.0,1,38,300,2,4,0
55000.0,501.0,0.0,High,1,>400%,1,0,1.0,3.0,1.0,77,06,Employed,Government,29,1,1,1.0,1,1,1,26-35,Married,16.0,1.0,HS_diploma,0,2,2,2,2.0,0,38,100,2,4,0
42000.0,501.0,0.0,Medium,1,>400%,1,0,1.0,3.0,1.0,24,67,Employed,Government,23,2,1,1.0,1,1,1,18-25,Married,21.0,1.0,Bachelors,0,2,2,2,2.0,0,38,100,2,4,0
41600.0,501.0,0.0,Medium,1,>400%,1,0,1.0,3.0,1.0,86,06,Employed,Government,21,1,5,3.0,1,1,1,18-25,Never_married,18.0,1.0,Some_college,0,2,2,2,2.0,0,38,100,2,4,0
35000.0,99.0,0.0,Medium,1,<100%,1,0,1.0,5.0,1.0,23,84,Employed,Government,58,2,1,1.0,1,1,1,56-65,Married,17.0,1.0,HS_diploma,0,2,2,2,2.0,0,38,200,2,4,0
0.0,99.0,0.0,,0,<100%,0,0,6.0,1.0,3.0,42,69,Not_in_labor_force,Private,34,2,5,1.0,1,3,1,26-35,Never_married,13.0,1.0,Less_than_HS,0,2,2,2,2.0,0,38,200,2,4,0
148000.0,501.0,0.0,Very_High,1,>400%,1,0,1.0,1.0,1.0,28,74,Employed,Private,43,2,1,1.0,1,1,1,36-45,Married,24.0,1.0,Graduate,0,2,2,2,2.0,0,38,100,2,4,0
90000.0,501.0,0.0,Very_High,1,>400%,1,0,1.0,1.0,1.0,08,69,Employed,Private,42,1,1,1.0,1,1,1,36-45,Married,18.0,1.0,Some_college,0,2,2,2,2.0,0,38,100,2,4,0
50000.0,323.0,0.0,Medium,1,200-400%,1,0,1.0,7.0,1.0,62,07,Employed,Self_employed,40,2,5,1.0,1,5,1,36-45,Never_married,21.0,1.0,Bachelors,0,2,2,2,2.0,0,38,100,2,4,0
20000.0,129.0,0.0,Low,1,100-138%,1,0,1.0,1.0,1.0,78,11,Employed,Private,31,1,5,1.0,1,1,1,26-35,Never_married,16.0,1.0,HS_diploma,0,2,2,2,2.0,0,38,100,2,4,0
89000.0,501.0,0.0,Very_High,1,>400%,1,0,1.0,7.0,1.0,02,01,Employed,Self_employed,50,1,3,1.0,1,1,1,46-55,Divorced_Separated,19.0,1.0,Some_college,0,2,2,2,2.0,0,38,200,2,4,0
150000.0,437.0,0.0,Very_High,2,>400%,1,0,4.0,5.0,1.0,21,96,Not_in_labor_force,Government,42,1,1,1.0,1,1,1,36-45,Married,23.0,1.0,Graduate,0,2,2,2,2.0,0,38,200,2,4,0
0.0,437.0,0.0,,1,>400%,0,0,6.0,1.0,3.0,42,69,Not_in_labor_force,Private,42,2,1,1.0,1,1,1,36-45,Married,21.0,1.0,Bachelors,0,2,2,2,2.0,0,38,200,2,4,0
0.0,334.0,0.0,,0,200-400%,0,0,6.0,1.0,3.0,42,69,Not_in_labor_force,Private,52,2,1,1.0,1,1,1,46-55,Married,18.0,1.0,Some_college,0,2,2,2,2.0,0,38,200,2,4,0
150000.0,334.0,0.0,Very_High,1,200-400%,1,0,1.0,1.0,1.0,69,04,Employed,Private,54,1,1,1.0,1,1,1,46-55,Married,20.0,1.0,Some_college,0,2,2,2,2.0,0,38,200,2,4,0
12000.0,334.0,0.0,Very_Low,1,200-400%,1,0,1.0,1.0,1.0,41,86,Employed,Private,28,2,5,1.0,1,1,1,26-35,Never_married,16.0,1.0,HS_diploma,0,2,2,2,2.0,0,38,200,2,4,0
12000.0,334.0,0.0,Very_Low,1,200-400%,1,0,1.0,1.0,1.0,42,77,Employed,Private,24,1,5,1.0,1,1,1,18-25,Never_married,16.0,1.0,HS_diploma,0,2,2,2,2.0,0,38,200,2,4,0
30000.0,376.0,0.0,Low,1,200-400%,1,0,1.0,1.0,1.0,47,49,Employed,Private,47,2,5,1.0,1,1,1,46-55,Never_married,19.0,1.0,Some_college,0,2,2,2,2.0,0,38,500,2,4,0
15000.0,187.0,55000.0,Very_Low,3,138-200%,1,1,1.0,2.0,1.0,96,44,Employed,Private,55,1,1,1.0,1,1,1,46-55,Married,19.0,1.0,Some_college,0,2,2,2,2.0,0,38,400,2,4,0
0.0,187.0,0.0,,0,138-200%,0,0,6.0,1.0,3.0,42,69,Not_in_labor_force,Private,54,2,1,1.0,1,1,1,46-55,Married,19.0,1.0,Some_college,0,2,2,2,2.0,0,38,400,2,4,0
2000.0,187.0,0.0,Very_Low,1,138-200%,1,0,1.0,1.0,1.0,58,44,Employed,Private,27,2,5,3.0,1,1,1,26-35,Never_married,20.0,1.0,Some_college,0,2,2,2,2.0,0,38,400,2,4,0
3600.0,187.0,0.0,Very_Low,1,138-200%,1,0,1.0,1.0,1.0,96,44,Employed,Private,19,2,5,1.0,1,1,1,18-25,Never_married,16.0,1.0,HS_diploma,0,2,2,2,2.0,0,38,400,2,4,1
0.0,187.0,0.0,,0,138-200%,0,0,6.0,1.0,3.0,42,69,Not_in_labor_force,Private,18,2,5,1.0,1,1,1,18-25,Never_married,14.0,2.0,Less_than_HS,1,2,2,2,2.0,0,38,400,2,4,1
42000.0,173.0,0.0,Medium,1,138-200%,1,0,4.0,5.0,1.0,37,96,Not_in_labor_force,Government,37,1,1,1.0,1,1,1,36-45,Married,20.0,2.0,Some_college,1,2,2,2,2.0,0,38,500,2,4,0
0.0,173.0,0.0,,0,138-200%,0,0,6.0,1.0,3.0,42,69,Not_in_labor_force,Private,35,2,1,1.0,1,1,1,26-35,Married,18.0,1.0,Some_college,0,2,2,2,2.0,0,38,500,2,4,0
0.0,129.0,0.0,,2,100-138%,0,0,6.0,1.0,3.0,42,69,Not_in_labor_force,Private,61,2,3,1.0,1,1,1,56-65,Divorced_Separated,16.0,1.0,HS_diploma,0,2,2,2,2.0,0,38,400,2,4,1
80000.0,501.0,0.0,Very_High,1,>400%,1,0,1.0,1.0,1.0,47,44,Employed,Private,44,1,5,1.0,1,1,1,36-45,Never_married,21.0,2.0,Bachelors,1,2,2,2,2.0,0,38,100,2,4,0
1600.0,224.0,0.0,Very_Low,4,200-400%,1,0,1.0,3.0,1.0,53,67,Employed,Government,65,2,2,1.0,1,1,1,56-65,Divorced_Separated,19.0,1.0,Some_college,0,1,2,2,1.0,1,38,500,2,4,0
50000.0,321.0,0.0,Medium,1,200-400%,1,0,1.0,4.0,1.0,01,78,Employed,Government,60,1,5,1.0,1,1,1,56-65,Never_married,18.0,1.0,Some_college,0,2,2,2,2.0,0,38,500,2,4,0
0.0,328.0,6000.0,,1,200-400%,0,1,1.0,6.0,1.0,46,85,Employed,Self_employed,42,1,1,1.0,1,1,1,36-45,Married,21.0,1.0,Bachelors,0,2,2,2,2.0,0,38,300,2,4,0
60000.0,328.0,0.0,High,1,200-400%,1,0,1.0,3.0,1.0,52,07,Employed,Government,45,2,1,1.0,1,1,1,36-45,Married,21.0,1.0,Bachelors,0,2,2,2,2.0,0,38,300,2,4,0
0.0,452.0,66000.0,,2,>400%,0,1,6.0,6.0,1.0,02,01,Not_in_labor_force,Self_employed,63,1,1,1.0,1,1,1,56-65,Married,19.0,1.0,Some_college,0,1,1,2,2.0,1,38,400,2,4,0
25200.0,452.0,0.0,Low,1,>400%,1,0,1.0,1.0,1.0,52,68,Employed,Private,62,2,1,1.0,1,1,1,56-65,Married,19.0,1.0,Some_college,0,2,2,2,2.0,0,38,400,2,4,0
42000.0,274.0,0.0,Medium,1,200-400%,1,0,1.0,1.0,1.0,86,30,Employed,Private,21,1,5,3.0,1,1,1,18-25,Never_married,20.0,2.0,Some_college,1,2,2,2,2.0,0,38,600,2,4,0
33000.0,215.0,0.0,Medium,1,200-400%,1,0,1.0,1.0,1.0,35,82,Employed,Private,20,2,5,3.0,1,1,1,18-25,Never_married,18.0,2.0,Some_college,1,2,2,2,2.0,0,38,600,2,4,0
78000.0,432.0,16000.0,Very_High,2,>400%,1,1,1.0,1.0,1.0,01,44,Employed,Private,48,1,1,1.0,1,1,1,46-55,Married,21.0,1.0,Bachelors,0,1,2,1,2.0,1,38,200,2,4,0
19200.0,432.0,12000.0,Low,2,>400%,1,1,1.0,3.0,1.0,25,78,Employed,Government,44,2,1,1.0,1,1,1,36-45,Married,20.0,1.0,Some_college,0,1,2,1,2.0,1,38,200,2,4,0
0.0,432.0,0.0,,1,>400%,0,0,6.0,1.0,3.0,42,69,Not_in_labor_force,Private,23,2,5,1.0,1,1,1,18-25,Never_married,17.0,2.0,HS_diploma,1,1,2,1,2.0,1,38,200,2,4,0
0.0,238.0,4400.0,,1,200-400%,0,1,1.0,6.0,1.0,29,74,Employed,Self_employed,40,2,1,3.0,1,1,1,36-45,Married,21.0,1.0,Bachelors,0,2,2,2,2.0,0,38,600,2,4,0
53000.0,238.0,0.0,High,1,200-400%,1,0,1.0,1.0,1.0,77,11,Employed,Private,39,1,1,3.0,1,1,1,36-45,Married,21.0,1.0,Bachelors,0,2,2,2,2.0,0,38,600,2,4,0
55000.0,311.0,0.0,High,1,200-400%,1,0,1.0,4.0,1.0,22,78,Employed,Government,39,1,5,1.0,1,1,1,36-45,Never_married,20.0,1.0,Some_college,0,2,2,2,2.0,0,38,200,2,4,0
75000.0,501.0,0.0,High,1,>400%,1,0,1.0,1.0,1.0,72,48,Employed,Private,29,1,1,1.0,1,1,1,26-35,Married,20.0,1.0,Some_college,0,2,2,2,2.0,0,38,200,2,4,0
52000.0,501.0,0.0,High,1,>400%,1,0,1.0,4.0,1.0,25,78,Employed,Government,31,2,1,1.0,1,1,1,26-35,Married,22.0,1.0,Graduate,0,2,2,2,2.0,0,38,200,2,4,0
25000.0,388.0,0.0,Low,1,200-400%,1,0,1.0,1.0,1.0,57,48,Employed,Private,57,2,1,1.0,1,1,1,56-65,Married,16.0,1.0,HS_diploma,0,1,2,2,1.0,1,38,500,2,4,0
65000.0,388.0,0.0,High,1,200-400%,1,0,1.0,1.0,1.0,73,07,Employed,Private,54,1,1,1.0,1,3,1,46-55,Married,14.0,1.0,Less_than_HS,0,2,2,2,2.0,0,38,500,2,4,0
1600.0,388.0,0.0,Very_Low,1,200-400%,1,0,6.0,1.0,1.0,96,49,Not_in_labor_force,Private,29,1,5,1.0,1,1,1,26-35,Never_married,13.0,1.0,Less_than_HS,0,1,2,2,2.0,1,38,500,2,4,0
50000.0,325.0,0.0,Medium,1,200-400%,1,0,1.0,4.0,1.0,20,94,Employed,Government,25,1,5,1.0,1,1,1,18-25,Never_married,21.0,1.0,Bachelors,0,2,2,2,2.0,0,38,100,2,4,0
110000.0,453.0,0.0,Very_High,1,>400%,1,0,1.0,4.0,1.0,22,78,Employed,Government,34,1,1,3.0,1,6,1,26-35,Married,24.0,1.0,Graduate,0,2,2,2,2.0,0,38,600,2,4,0
70000.0,459.0,0.0,High,1,>400%,1,0,1.0,1.0,1.0,81,07,Employed,Private,32,1,5,1.0,1,1,1,26-35,Never_married,20.0,1.0,Some_college,0,2,2,2,2.0,0,38,600,2,4,0
48000.0,354.0,5000.0,Medium,3,200-400%,1,1,1.0,7.0,1.0,43,90,Employed,Self_employed,31,2,5,1.0,1,1,1,26-35,Never_married,18.0,1.0,Some_college,0,2,2,2,2.0,0,38,600,2,4,0
55000.0,356.0,0.0,High,1,200-400%,1,0,1.0,1.0,1.0,91,61,Employed,Private,37,1,5,1.0,1,1,1,36-45,Never_married,16.0,1.0,HS_diploma,0,2,2,2,2.0,0,38,200,2,4,0
0.0,290.0,21000.0,,1,200-400%,0,1,1.0,6.0,1.0,02,01,Employed,Self_employed,30,1,1,1.0,1,1,1,26-35,Married,21.0,1.0,Bachelors,0,2,2,2,2.0,0,38,500,2,4,0
38000.0,290.0,0.0,Medium,1,200-400%,1,0,1.0,4.0,1.0,23,78,Employed,Government,29,2,1,1.0,1,1,1,26-35,Married,20.0,1.0,Some_college,0,2,2,2,2.0,0,38,500,2,4,0
54000.0,352.0,0.0,High,1,200-400%,1,0,1.0,4.0,1.0,04,94,Employed,Government,26,1,5,1.0,1,1,1,26-35,Never_married,21.0,2.0,Bachelors,1,2,2,2,2.0,0,38,300,2,4,0
11000.0,171.0,0.0,Very_Low,1,138-200%,1,0,1.0,1.0,1.0,64,62,Employed,Private,33,1,1,1.0,1,1,1,26-35,Married,20.0,1.0,Some_college,0,2,2,2,2.0,0,38,100,2,4,0
30000.0,171.0,0.0,Low,1,138-200%,1,0,1.0,1.0,1.0,35,80,Employed,Private,32,2,1,1.0,1,1,1,26-35,Married,19.0,1.0,Some_college,0,2,2,2,2.0,0,38,100,2,4,0
500.0,347.0,0.0,Very_Low,1,200-400%,1,0,1.0,1.0,1.0,40,86,Employed,Private,21,1,5,1.0,1,9,1,18-25,Never_married,20.0,1.0,Some_college,0,2,2,2,2.0,0,38,400,2,4,1
12000.0,347.0,0.0,Very_Low,1,200-400%,1,0,1.0,1.0,1.0,47,53,Employed,Private,18,2,5,1.0,1,9,1,18-25,Never_married,18.0,2.0,Some_college,1,2,2,2,2.0,0,38,400,2,4,1
37000.0,241.0,0.0,Medium,1,200-400%,1,0,1.0,1.0,1.0,91,61,Employed,Private,61,2,3,1.0,1,1,1,56-65,Divorced_Separated,18.0,1.0,Some_college,0,2,2,2,2.0,0,38,600,2,4,0
60000.0,482.0,0.0,High,2,>400%,1,0,1.0,5.0,1.0,55,63,Employed,Government,49,2,3,3.0,1,1,1,46-55,Divorced_Separated,18.0,1.0,Some_college,0,2,2,2,2.0,0,38,200,2,4,0
126000.0,437.0,0.0,Very_High,1,>400%,1,0,1.0,1.0,1.0,15,64,Employed,Private,44,1,1,3.0,2,6,1,36-45,Married,21.0,1.0,Bachelors,0,2,2,2,2.0,0,38,600,2,4,0
8000.0,437.0,0.0,Very_Low,1,>400%,1,0,2.0,1.0,1.0,47,53,Employed,Private,39,2,1,3.0,2,6,1,36-45,Married,21.0,1.0,Bachelors,0,2,2,2,2.0,0,38,600,2,4,0
75000.0,496.0,0.0,High,2,>400%,1,0,1.0,1.0,1.0,03,80,Employed,Private,28,2,5,1.0,1,1,1,26-35,Never_married,19.0,1.0,Some_college,0,2,2,2,2.0,0,38,600,2,4,0
90000.0,501.0,0.0,Very_High,2,>400%,1,0,1.0,1.0,1.0,31,80,Employed,Private,27,1,5,3.0,1,1,1,26-35,Never_married,24.0,1.0,Graduate,0,2,2,2,2.0,0,38,600,2,4,0
144000.0,501.0,0.0,Very_High,1,>400%,1,0,1.0,1.0,1.0,30,50,Employed,Private,36,2,5,1.0,1,1,1,36-45,Never_married,24.0,1.0,Graduate,0,2,2,2,2.0,0,38,400,2,4,0
95000.0,473.0,0.0,Very_High,2,>400%,1,0,1.0,2.0,1.0,08,81,Employed,Private,39,1,3,1.0,1,1,1,36-45,Divorced_Separated,21.0,1.0,Bachelors,0,2,2,2,2.0,0,38,100,2,4,0
28000.0,173.0,0.0,Low,1,138-200%,1,0,1.0,7.0,1.0,27,65,Employed,Self_employed,55,1,1,1.0,1,9,1,46-55,Married,20.0,1.0,Some_college,0,2,2,2,2.0,0,38,500,2,4,0
7000.0,173.0,0.0,Very_Low,1,138-200%,1,0,1.0,3.0,1.0,02,78,Employed,Government,59,2,1,1.0,1,1,1,56-65,Married,21.0,1.0,Bachelors,0,2,2,2,2.0,0,38,500,2,4,0
156000.0,501.0,0.0,Very_High,1,>400%,1,0,1.0,1.0,1.0,05,04,Employed,Private,48,1,5,3.0,1,9,1,46-55,Never_married,16.0,1.0,HS_diploma,0,2,2,2,2.0,0,38,100,2,4,0
60000.0,385.0,0.0,High,1,200-400%,1,0,1.0,1.0,1.0,89,12,Employed,Private,48,1,3,1.0,1,1,1,46-55,Divorced_Separated,18.0,1.0,Some_college,0,1,2,2,2.0,1,38,100,2,4,0
0.0,88.0,0.0,,2,<100%,0,0,6.0,1.0,3.0,42,69,Not_in_labor_force,Private,62,2,1,1.0,1,1,1,56-65,Married,16.0,1.0,HS_diploma,0,2,2,2,2.0,0,38,300,2,4,0
560.0,88.0,0.0,Very_Low,3,<100%,1,0,1.0,1.0,1.0,60,01,Employed,Private,65,1,1,1.0,1,1,1,56-65,Married,16.0,1.0,HS_diploma,0,2,2,2,2.0,0,38,300,2,4,0
20000.0,362.0,15000.0,Low,2,200-400%,1,1,1.0,6.0,1.0,42,76,Employed,Self_employed,55,2,1,1.0,1,1,1,46-55,Married,16.0,1.0,HS_diploma,0,2,2,2,2.0,0,38,100,2,4,0
30000.0,362.0,0.0,Low,1,200-400%,1,0,1.0,1.0,1.0,62,07,Employed,Private,52,1,1,2.0,1,1,1,46-55,Married,16.0,1.0,HS_diploma,0,2,2,2,2.0,0,38,100,2,4,0
70000.0,446.0,0.0,High,1,>400%,1,0,1.0,5.0,1.0,16,94,Employed,Government,27,1,5,3.0,1,1,1,26-35,Never_married,21.0,1.0,Bachelors,0,2,2,2,2.0,0,38,400,2,4,0
10000.0,68.0,0.0,Very_Low,2,<100%,1,0,1.0,1.0,1.0,36,81,Employed,Private,21,2,5,3.0,1,1,1,18-25,Never_married,20.0,1.0,Some_college,0,2,2,2,2.0,0,38,400,2,4,0
55000.0,501.0,0.0,High,1,>400%,1,0,1.0,2.0,1.0,28,91,Employed,Private,28,2,1,1.0,1,1,1,26-35,Married,21.0,1.0,Bachelors,0,2,2,2,2.0,0,38,400,2,4,0
60000.0,501.0,0.0,High,1,>400%,1,0,1.0,1.0,1.0,62,07,Employed,Private,26,1,1,1.0,1,1,1,26-35,Married,19.0,1.0,Some_college,0,2,2,2,2.0,0,38,400,2,4,0
40000.0,390.0,0.0,Medium,1,200-400%,1,0,1.0,4.0,1.0,42,82,Employed,Government,38,2,1,1.0,1,9,1,36-45,Married,19.0,1.0,Some_college,0,2,2,2,2.0,0,38,400,2,4,0
0.0,390.0,100000.0,,1,200-400%,0,1,1.0,6.0,1.0,02,01,Employed,Self_employed,44,1,1,1.0,1,1,1,36-45,Married,19.0,1.0,Some_college,0,2,2,2,2.0,0,38,400,2,4,0
60000.0,501.0,0.0,High,1,>400%,1,0,1.0,1.0,1.0,05,77,Employed,Private,63,2,1,1.0,1,1,1,56-65,Married,21.0,1.0,Bachelors,0,2,2,2,2.0,0,38,400,2,4,0
22000.0,201.0,0.0,Low,1,200-400%,1,0,1.0,1.0,1.0,25,78,Employed,Private,34,2,1,1.0,1,1,1,26-35,Married,19.0,1.0,Some_college,0,2,2,2,2.0,0,38,200,2,4,0
50000.0,201.0,0.0,Medium,1,200-400%,1,0,1.0,1.0,1.0,47,42,Employed,Private,41,1,1,1.0,1,1,1,36-45,Married,20.0,1.0,Some_college,0,1,2,1,2.0,1,38,200,2,4,0
48000.0,392.0,48000.0,Medium,2,200-400%,1,1,1.0,6.0,1.0,02,07,Employed,Self_employed,27,1,5,1.0,1,1,1,26-35,Never_married,16.0,1.0,HS_diploma,0,2,2,2,2.0,0,38,400,2,4,0
0.0,0.0,0.0,,0,,0,0,6.0,5.0,2.0,42,82,Not_in_labor_force,Government,28,2,5,1.0,1,1,1,26-35,Never_married,16.0,1.0,HS_diploma,0,2,2,2,2.0,0,38,400,2,4,0
65000.0,411.0,0.0,High,1,>400%,1,0,1.0,1.0,1.0,63,48,Employed,Private,43,1,5,3.0,1,1,1,36-45,Never_married,21.0,1.0,Bachelors,0,2,2,2,2.0,0,38,400,2,4,0
30000.0,195.0,0.0,Low,1,138-200%,1,0,1.0,1.0,1.0,05,49,Employed,Private,44,2,3,1.0,1,1,1,36-45,Divorced_Separated,19.0,1.0,Some_college,0,2,2,2,2.0,0,38,400,2,4,0
670.0,501.0,0.0,Very_Low,1,>400%,1,0,6.0,1.0,1.0,47,50,Not_in_labor_force,Private,18,1,5,1.0,1,1,1,18-25,Never_married,14.0,2.0,Less_than_HS,1,2,2,2,2.0,0,38,400,2,4,0
120000.0,501.0,2500.0,Very_High,2,>400%,1,1,1.0,1.0,1.0,48,02,Employed,Private,52,1,1,1.0,1,1,1,46-55,Married,21.0,1.0,Bachelors,0,2,2,2,2.0,0,38,100,2,4,0
111000.0,501.0,0.0,Very_High,1,>400%,1,0,1.0,1.0,1.0,32,69,Employed,Private,49,2,1,1.0,1,1,1,46-55,Married,21.0,1.0,Bachelors,0,2,2,2,2.0,0,38,100,2,4,0
50000.0,317.0,0.0,Medium,1,200-400%,1,0,1.0,1.0,1.0,60,01,Employed,Private,46,1,3,1.0,1,1,1,46-55,Divorced_Separated,21.0,1.0,Bachelors,0,2,2,2,2.0,0,38,300,2,4,0
26000.0,501.0,0.0,Low,1,>400%,1,0,1.0,1.0,1.0,96,49,Employed,Private,25,1,5,1.0,1,1,1,18-25,Never_married,19.0,1.0,Some_college,0,2,2,2,2.0,0,38,400,2,4,0
110000.0,501.0,0.0,Very_High,1,>400%,1,0,1.0,1.0,1.0,48,42,Employed,Private,52,1,1,1.0,1,1,1,46-55,Married,16.0,1.0,HS_diploma,0,2,2,2,2.0,0,38,400,2,4,0
55000.0,501.0,0.0,High,1,>400%,1,0,1.0,2.0,1.0,50,81,Employed,Private,51,2,1,1.0,1,1,1,46-55,Married,20.0,1.0,Some_college,0,2,2,2,2.0,0,38,400,2,4,0
12800.0,353.0,0.0,Very_Low,1,200-400%,1,0,1.0,1.0,1.0,96,48,Employed,Private,37,1,5,1.0,1,1,1,36-45,Never_married,20.0,1.0,Some_college,0,2,2,2,2.0,0,38,200,2,4,0
41000.0,445.0,0.0,Medium,1,>400%,1,0,1.0,1.0,1.0,00,48,Employed,Private,23,1,1,1.0,1,1,1,18-25,Married,21.0,1.0,Bachelors,0,2,2,2,2.0,0,38,400,2,4,0
46300.0,445.0,0.0,Medium,1,>400%,1,0,1.0,1.0,1.0,57,44,Employed,Private,23,2,1,1.0,1,1,16,18-25,Married,21.0,1.0,Bachelors,0,2,2,2,2.0,0,38,400,2,4,0
0.0,501.0,0.0,,1,>400%,0,0,6.0,1.0,3.0,42,69,Not_in_labor_force,Private,25,2,5,1.0,1,1,1,18-25,Never_married,16.0,1.0,HS_diploma,0,2,2,2,2.0,0,38,400,2,4,1
65000.0,417.0,0.0,High,1,>400%,1,0,4.0,5.0,1.0,98,96,Not_in_labor_force,Government,24,1,5,1.0,1,1,1,18-25,Never_married,21.0,1.0,Bachelors,0,2,2,2,2.0,0,38,500,2,4,0
65000.0,417.0,0.0,High,1,>400%,1,0,4.0,5.0,1.0,98,96,Not_in_labor_force,Government,25,1,5,1.0,1,1,1,18-25,Never_married,21.0,2.0,Bachelors,1,2,2,2,2.0,0,38,500,2,4,0
70000.0,501.0,0.0,High,2,>400%,1,0,1.0,1.0,1.0,62,07,Employed,Private,60,1,2,1.0,1,1,1,56-65,Divorced_Separated,16.0,1.0,HS_diploma,0,2,2,2,2.0,0,38,200,2,4,0
12000.0,76.0,0.0,Very_Low,1,<100%,1,0,1.0,1.0,1.0,96,07,Employed,Private,44,1,5,1.0,1,1,1,36-45,Never_married,19.0,1.0,Some_college,0,2,2,2,2.0,0,38,600,2,4,0
0.0,211.0,0.0,,1,200-400%,0,0,6.0,1.0,3.0,42,69,Not_in_labor_force,Private,62,2,5,1.0,1,1,1,56-65,Never_married,21.0,1.0,Bachelors,0,2,2,2,2.0,0,38,300,2,4,0
65000.0,413.0,0.0,High,1,>400%,1,0,1.0,1.0,1.0,32,81,Employed,Private,25,2,5,1.0,1,1,1,18-25,Never_married,21.0,1.0,Bachelors,0,2,2,2,2.0,0,38,600,2,4,0
0.0,171.0,10000.0,,1,138-200%,0,1,1.0,6.0,1.0,46,84,Employed,Self_employed,42,2,1,1.0,1,3,1,36-45,Married,20.0,1.0,Some_college,0,2,2,2,2.0,0,38,400,2,4,1
38000.0,171.0,0.0,Medium,1,138-200%,1,0,1.0,1.0,1.0,42,85,Employed,Private,43,1,1,1.0,1,3,1,36-45,Married,14.0,1.0,Less_than_HS,0,2,2,2,2.0,0,38,400,2,4,1
23300.0,171.0,0.0,Low,1,138-200%,1,0,6.0,1.0,1.0,96,53,Not_in_labor_force,Private,21,1,5,1.0,1,3,1,18-25,Never_married,16.0,1.0,HS_diploma,0,2,2,2,2.0,0,38,400,2,4,1
0.0,64.0,10000.0,,1,<100%,0,1,1.0,6.0,1.0,42,86,Employed,Self_employed,56,2,3,1.0,1,1,1,56-65,Divorced_Separated,16.0,1.0,HS_diploma,0,2,2,2,2.0,0,38,100,2,4,0
1100.0,6.0,0.0,Very_Low,1,<100%,1,0,1.0,4.0,1.0,25,78,Employed,Government,25,1,5,2.0,2,6,1,18-25,Never_married,21.0,1.0,Bachelors,0,2,2,2,2.0,0,38,400,2,4,0
3800.0,24.0,0.0,Very_Low,1,<100%,1,0,1.0,4.0,1.0,25,78,Employed,Government,25,1,1,2.0,2,6,1,18-25,Married,21.0,1.0,Bachelors,0,2,2,2,2.0,0,38,400,2,4,0
52000.0,336.0,0.0,High,1,200-400%,1,0,1.0,1.0,1.0,64,87,Employed,Private,23,1,5,3.0,1,1,1,18-25,Never_married,20.0,1.0,Some_college,0,2,2,2,2.0,0,38,500,2,4,0
30000.0,501.0,0.0,Low,1,>400%,1,0,1.0,5.0,1.0,32,81,Employed,Government,44,2,1,1.0,1,1,1,36-45,Married,21.0,2.0,Bachelors,1,2,2,2,2.0,0,38,100,2,4,0
82000.0,501.0,0.0,Very_High,1,>400%,1,0,1.0,1.0,1.0,63,04,Employed,Private,44,1,1,1.0,1,1,1,36-45,Married,21.0,1.0,Bachelors,0,2,2,2,2.0,0,38,100,2,4,0
1900.0,124.0,0.0,Very_Low,2,100-138%,1,0,1.0,1.0,1.0,40,86,Employed,Private,63,2,2,1.0,1,1,1,56-65,Divorced_Separated,13.0,1.0,Less_than_HS,0,2,2,2,2.0,0,38,400,2,4,1
3000.0,468.0,0.0,Very_Low,3,>400%,1,0,6.0,1.0,1.0,62,03,Not_in_labor_force,Private,64,1,1,1.0,1,1,1,56-65,Married,16.0,1.0,HS_diploma,0,2,2,2,2.0,0,38,400,2,4,0
0.0,468.0,0.0,,1,>400%,0,0,6.0,1.0,3.0,42,69,Not_in_labor_force,Private,59,2,1,1.0,1,1,1,56-65,Married,20.0,1.0,Some_college,0,1,2,2,1.0,1,38,400,2,4,0
90000.0,291.0,0.0,Very_High,1,200-400%,1,0,1.0,1.0,1.0,02,07,Employed,Private,39,1,5,1.0,1,1,1,36-45,Never_married,20.0,1.0,Some_college,0,2,2,2,2.0,0,38,400,2,4,0
0.0,45.0,0.0,,1,<100%,0,0,6.0,2.0,2.0,96,48,Not_in_labor_force,Private,38,2,5,3.0,1,1,1,36-45,Never_married,16.0,1.0,HS_diploma,0,1,2,2,1.0,1,38,400,2,4,1
56000.0,378.0,0.0,High,1,200-400%,1,0,1.0,1.0,1.0,32,81,Employed,Private,34,2,1,1.0,1,1,1,26-35,Married,20.0,1.0,Some_college,0,2,2,2,2.0,0,38,400,2,4,0
35400.0,378.0,0.0,Medium,1,200-400%,1,0,1.0,1.0,1.0,47,30,Employed,Private,28,1,1,1.0,1,1,1,26-35,Married,19.0,1.0,Some_college,0,1,1,2,2.0,1,38,400,2,4,0
119000.0,501.0,0.0,Very_High,1,>400%,1,0,1.0,1.0,1.0,72,88,Employed,Private,65,1,1,1.0,1,1,1,56-65,Married,17.0,1.0,HS_diploma,0,2,2,2,2.0,0,38,200,2,4,0
40000.0,501.0,0.0,Medium,1,>400%,1,0,1.0,1.0,1.0,47,49,Employed,Private,61,2,1,1.0,1,1,1,56-65,Married,19.0,1.0,Some_college,0,2,2,2,2.0,0,38,200,2,4,0
0.0,92.0,1200.0,,2,<100%,0,1,6.0,6.0,1.0,62,07,Not_in_labor_force,Self_employed,65,1,3,1.0,1,1,1,56-65,Divorced_Separated,16.0,1.0,HS_diploma,0,2,2,2,2.0,0,38,500,2,4,0
60000.0,271.0,0.0,High,1,200-400%,1,0,1.0,2.0,1.0,32,82,Employed,Private,40,2,1,1.0,1,1,1,36-45,Married,20.0,1.0,Some_college,0,2,2,2,2.0,0,38,500,2,4,0
50000.0,271.0,0.0,Medium,1,200-400%,1,0,1.0,1.0,1.0,47,48,Employed,Private,43,1,1,1.0,1,1,1,36-45,Married,18.0,1.0,Some_college,0,2,2,2,2.0,0,38,500,2,4,0
45000.0,388.0,0.0,Medium,1,200-400%,1,0,1.0,1.0,1.0,63,07,Employed,Private,35,1,1,1.0,1,1,1,26-35,Married,16.0,1.0,HS_diploma,0,2,2,2,2.0,0,38,400,2,4,0
50000.0,388.0,0.0,Medium,1,200-400%,1,0,1.0,4.0,1.0,20,78,Employed,Government,37,2,1,1.0,1,1,1,36-45,Married,21.0,2.0,Bachelors,1,2,2,2,2.0,0,38,400,2,4,0
0.0,279.0,0.0,,0,200-400%,0,0,6.0,1.0,2.0,58,86,Not_in_labor_force,Private,60,2,1,1.0,1,1,1,56-65,Married,16.0,1.0,HS_diploma,0,1,2,2,1.0,1,38,300,2,4,0
53000.0,279.0,0.0,High,1,200-400%,1,0,1.0,1.0,1.0,48,44,Employed,Private,63,1,1,1.0,1,1,1,56-65,Married,19.0,1.0,Some_college,0,2,2,2,2.0,0,38,300,2,4,0
11300.0,279.0,0.0,Very_Low,1,200-400%,1,0,6.0,1.0,1.0,40,86,Not_in_labor_force,Private,19,2,5,1.0,1,1,1,18-25,Never_married,16.0,2.0,HS_diploma,1,2,2,2,2.0,0,38,300,2,4,0
70000.0,449.0,0.0,High,1,>400%,1,0,1.0,7.0,1.0,02,01,Employed,Self_employed,37,1,5,1.0,1,1,1,36-45,Never_married,16.0,1.0,HS_diploma,0,2,2,2,2.0,0,38,100,2,4,0
47000.0,373.0,0.0,Medium,1,200-400%,1,0,1.0,1.0,1.0,72,87,Employed,Private,62,1,1,1.0,1,1,1,56-65,Married,19.0,1.0,Some_college,0,2,2,2,2.0,0,38,400,2,4,0
30000.0,373.0,0.0,Low,1,200-400%,1,0,1.0,1.0,1.0,40,82,Employed,Private,60,2,1,1.0,1,1,1,56-65,Married,19.0,1.0,Some_college,0,2,2,2,2.0,0,38,400,2,4,0
35200.0,152.0,0.0,Medium,1,138-200%,1,0,1.0,1.0,1.0,87,48,Employed,Private,37,2,5,1.0,1,3,1,36-45,Never_married,18.0,1.0,Some_college,0,2,2,2,2.0,0,38,400,2,4,0
75000.0,373.0,0.0,High,1,200-400%,1,0,1.0,2.0,1.0,77,11,Employed,Private,57,1,1,1.0,1,1,1,56-65,Married,1.0,1.0,Less_than_HS,0,2,2,2,2.0,0,38,400,2,4,0
0.0,373.0,0.0,,0,200-400%,0,0,6.0,3.0,2.0,40,78,Not_in_labor_force,Government,58,2,1,1.0,1,1,1,56-65,Married,1.0,1.0,Less_than_HS,0,1,2,2,2.0,1,38,400,2,4,0
4000.0,218.0,0.0,Very_Low,2,200-400%,1,0,6.0,1.0,1.0,03,86,Not_in_labor_force,Private,49,2,2,1.0,1,1,1,46-55,Divorced_Separated,21.0,1.0,Bachelors,0,2,2,2,2.0,0,38,500,2,4,0
51000.0,345.0,0.0,High,1,200-400%,1,0,1.0,3.0,1.0,23,78,Employed,Government,38,2,1,1.0,1,1,1,36-45,Married,21.0,1.0,Bachelors,0,2,2,2,2.0,0,38,500,2,4,0
55000.0,345.0,0.0,High,1,200-400%,1,0,1.0,3.0,1.0,23,78,Employed,Government,44,1,1,1.0,2,1,1,36-45,Married,22.0,1.0,Graduate,0,2,2,2,2.0,0,38,500,2,4,0
75000.0,406.0,0.0,High,1,>400%,1,0,1.0,1.0,1.0,04,73,Employed,Private,42,1,1,1.0,1,1,1,36-45,Married,20.0,1.0,Some_college,0,2,2,2,2.0,0,38,600,2,4,0
50000.0,406.0,0.0,Medium,1,>400%,1,0,1.0,3.0,1.0,25,78,Employed,Government,42,2,1,1.0,1,1,1,36-45,Married,21.0,1.0,Bachelors,0,2,2,2,2.0,0,38,600,2,4,0
35000.0,229.0,0.0,Medium,1,200-400%,1,0,1.0,2.0,1.0,51,81,Employed,Private,58,2,2,1.0,1,1,1,56-65,Divorced_Separated,17.0,1.0,HS_diploma,0,2,2,2,2.0,0,38,500,2,4,0
100000.0,501.0,0.0,Very_High,1,>400%,1,0,1.0,2.0,1.0,07,81,Employed,Private,35,1,5,1.0,1,1,1,26-35,Never_married,21.0,1.0,Bachelors,0,2,2,2,2.0,0,38,600,2,4,0
43000.0,275.0,0.0,Medium,1,200-400%,1,0,1.0,1.0,1.0,10,68,Employed,Private,25,1,5,1.0,1,1,1,18-25,Never_married,20.0,1.0,Some_college,0,2,2,2,2.0,0,38,600,2,4,0
15000.0,96.0,0.0,Very_Low,1,<100%,1,0,1.0,2.0,1.0,52,81,Employed,Private,25,2,5,1.0,1,1,1,18-25,Never_married,19.0,2.0,Some_college,1,2,2,2,2.0,0,38,600,2,4,0
153000.0,501.0,0.0,Very_High,1,>400%,1,0,1.0,1.0,1.0,30,80,Employed,Private,35,1,5,1.0,1,1,1,26-35,Never_married,24.0,1.0,Graduate,0,2,2,2,2.0,0,38,300,2,4,0
60000.0,501.0,0.0,High,1,>400%,1,0,1.0,1.0,1.0,78,10,Employed,Private,52,1,1,1.0,1,1,1,46-55,Married,16.0,1.0,HS_diploma,0,2,2,2,2.0,0,38,500,2,4,0
40000.0,501.0,0.0,Medium,1,>400%,1,0,1.0,1.0,1.0,52,36,Employed,Private,53,2,1,1.0,1,1,1,46-55,Married,16.0,1.0,HS_diploma,0,2,2,2,2.0,0,38,500,2,4,0
36000.0,176.0,0.0,Medium,1,138-200%,1,0,3.0,4.0,1.0,20,94,Unemployed,Government,25,2,5,3.0,1,1,1,18-25,Never_married,21.0,2.0,Bachelors,1,2,2,2,2.0,0,38,600,2,4,1
138000.0,501.0,18900.0,Very_High,2,>400%,1,1,1.0,1.0,1.0,48,45,Employed,Private,50,1,1,1.0,1,1,1,46-55,Married,21.0,1.0,Bachelors,0,2,2,2,2.0,0,38,500,2,4,0
0.0,501.0,0.0,,1,>400%,0,0,6.0,1.0,2.0,01,77,Not_in_labor_force,Private,46,2,1,1.0,1,1,1,46-55,Married,20.0,1.0,Some_college,0,2,2,2,2.0,0,38,500,2,4,0
52000.0,317.0,0.0,High,1,200-400%,1,0,1.0,1.0,1.0,06,01,Employed,Private,32,2,1,1.0,1,1,1,26-35,Married,22.0,1.0,Graduate,0,2,2,2,2.0,0,38,400,2,4,0
0.0,317.0,43000.0,,1,200-400%,0,1,1.0,6.0,1.0,02,01,Employed,Self_employed,33,1,1,1.0,1,1,1,26-35,Married,20.0,1.0,Some_college,0,2,2,2,2.0,0,38,400,2,4,0
200.0,135.0,0.0,Very_Low,3,100-138%,1,0,6.0,1.0,1.0,87,77,Not_in_labor_force,Private,43,1,5,1.0,1,1,1,36-45,Never_married,16.0,1.0,HS_diploma,0,1,2,2,2.0,1,38,400,2,4,1
52000.0,423.0,0.0,High,1,>400%,1,0,1.0,3.0,1.0,23,78,Employed,Government,40,2,1,1.0,1,1,1,36-45,Married,22.0,1.0,Graduate,0,2,2,2,2.0,0,38,300,2,4,0
75000.0,423.0,0.0,High,1,>400%,1,0,1.0,3.0,1.0,37,94,Employed,Government,41,1,1,1.0,1,1,1,36-45,Married,20.0,1.0,Some_college,0,2,2,2,2.0,0,38,300,2,4,0
60000.0,501.0,0.0,High,1,>400%,1,0,1.0,2.0,1.0,59,81,Employed,Private,64,2,1,1.0,1,1,1,56-65,Married,21.0,1.0,Bachelors,0,2,2,2,2.0,0,38,200,2,4,0
68000.0,501.0,0.0,High,1,>400%,1,0,1.0,1.0,1.0,91,63,Employed,Private,64,1,1,1.0,1,1,1,56-65,Married,18.0,1.0,Some_college,0,2,2,2,2.0,0,38,200,2,4,0
36400.0,501.0,0.0,Medium,1,>400%,1,0,1.0,1.0,1.0,96,41,Employed,Private,21,1,5,3.0,1,1,1,18-25,Never_married,20.0,1.0,Some_college,0,2,2,2,2.0,0,38,600,2,4,0
23000.0,501.0,0.0,Low,2,>400%,1,0,1.0,7.0,1.0,02,01,Employed,Self_employed,64,1,1,1.0,1,1,1,56-65,Married,20.0,1.0,Some_college,0,2,2,2,2.0,0,38,400,2,4,0
0.0,501.0,0.0,,2,>400%,0,0,6.0,1.0,3.0,42,69,Not_in_labor_force,Private,65,2,1,1.0,1,1,1,56-65,Married,22.0,1.0,Graduate,0,2,2,2,2.0,0,38,400,2,4,0
3400.0,319.0,0.0,Very_Low,2,200-400%,1,0,6.0,1.0,1.0,96,53,Not_in_labor_force,Private,64,1,1,1.0,1,1,1,56-65,Married,14.0,1.0,Less_than_HS,0,1,1,2,2.0,1,38,300,2,4,0
50000.0,319.0,0.0,Medium,1,200-400%,1,0,1.0,1.0,1.0,96,53,Employed,Private,63,2,1,1.0,1,1,1,56-65,Married,16.0,1.0,HS_diploma,0,2,2,2,2.0,0,38,300,2,4,0
52000.0,330.0,0.0,High,1,200-400%,1,0,1.0,7.0,1.0,48,41,Employed,Self_employed,24,1,5,3.0,1,1,1,18-25,Never_married,21.0,1.0,Bachelors,0,2,2,2,2.0,0,38,600,2,4,0
50000.0,318.0,0.0,Medium,1,200-400%,1,0,1.0,1.0,1.0,04,69,Employed,Private,24,1,5,1.0,1,1,1,18-25,Never_married,21.0,1.0,Bachelors,0,2,2,2,2.0,0,38,600,2,4,0
95000.0,456.0,0.0,Very_High,1,>400%,1,0,1.0,1.0,1.0,03,72,Employed,Private,30,2,5,1.0,1,1,1,26-35,Never_married,21.0,1.0,Bachelors,0,2,2,2,2.0,0,38,600,2,4,0
42000.0,267.0,0.0,Medium,1,200-400%,1,0,1.0,1.0,1.0,01,41,Employed,Private,31,1,5,1.0,1,1,1,26-35,Never_married,16.0,1.0,HS_diploma,0,2,2,2,2.0,0,38,600,2,4,0
0.0,58.0,0.0,,0,<100%,0,0,6.0,6.0,2.0,46,84,Not_in_labor_force,Self_employed,37,2,1,1.0,1,1,1,36-45,Married,18.0,1.0,Some_college,0,2,2,2,2.0,0,38,200,2,4,1
22000.0,58.0,0.0,Low,1,<100%,1,0,1.0,2.0,1.0,60,01,Employed,Private,36,1,1,1.0,1,1,1,36-45,Married,16.0,1.0,HS_diploma,0,2,2,2,2.0,0,38,200,2,4,1
43000.0,184.0,0.0,Medium,1,138-200%,1,0,1.0,1.0,1.0,42,82,Employed,Private,50,2,1,3.0,1,5,1,46-55,Married,12.0,1.0,Less_than_HS,0,2,2,2,2.0,0,38,500,2,4,0
0.0,184.0,0.0,,0,138-200%,0,0,6.0,1.0,3.0,42,69,Not_in_labor_force,Private,54,1,1,3.0,1,1,1,46-55,Married,18.0,1.0,Some_college,0,2,2,2,2.0,0,38,500,2,4,0
0.0,184.0,0.0,,0,138-200%,0,0,6.0,1.0,2.0,36,82,Not_in_labor_force,Private,27,1,3,3.0,1,1,1,26-35,Divorced_Separated,17.0,1.0,HS_diploma,0,2,2,2,2.0,0,38,500,2,4,0
10000.0,184.0,0.0,Very_Low,1,138-200%,1,0,1.0,1.0,1.0,55,63,Employed,Private,24,1,5,3.0,1,1,1,18-25,Never_married,13.0,1.0,Less_than_HS,0,2,2,2,2.0,0,38,500,2,4,0
16600.0,184.0,0.0,Low,1,138-200%,1,0,1.0,1.0,1.0,42,82,Employed,Private,19,1,5,3.0,1,1,1,18-25,Never_married,15.0,1.0,Less_than_HS,0,2,2,2,2.0,0,38,500,2,4,0
65000.0,419.0,0.0,High,1,>400%,1,0,1.0,1.0,1.0,15,05,Employed,Private,25,1,5,3.0,1,1,1,18-25,Never_married,21.0,1.0,Bachelors,0,2,2,2,2.0,0,38,300,2,4,0
25000.0,163.0,0.0,Low,1,138-200%,1,0,1.0,1.0,1.0,47,45,Employed,Private,33,1,5,1.0,1,1,1,26-35,Never_married,16.0,1.0,HS_diploma,0,2,2,2,2.0,0,38,400,2,4,0
80000.0,497.0,0.0,Very_High,1,>400%,1,0,1.0,1.0,1.0,08,72,Employed,Private,38,2,1,1.0,1,1,1,36-45,Married,23.0,1.0,Graduate,0,2,2,2,2.0,0,38,100,2,4,0
120000.0,497.0,1000.0,Very_High,2,>400%,1,1,1.0,1.0,1.0,19,04,Employed,Private,41,1,1,1.0,1,1,1,36-45,Married,20.0,1.0,Some_college,0,2,2,2,2.0,0,38,100,2,4,0
70000.0,486.0,0.0,High,1,>400%,1,0,1.0,4.0,1.0,28,93,Employed,Government,36,1,1,1.0,1,1,1,36-45,Married,21.0,1.0,Bachelors,0,2,2,2,2.0,0,38,300,2,4,0
50000.0,486.0,50000.0,Medium,2,>400%,1,1,1.0,1.0,1.0,90,60,Employed,Private,38,2,1,1.0,1,1,1,36-45,Married,21.0,1.0,Bachelors,0,2,2,2,2.0,0,38,300,2,4,0
28000.0,133.0,0.0,Low,1,100-138%,1,0,1.0,1.0,1.0,57,69,Employed,Private,32,2,3,1.0,1,1,1,26-35,Divorced_Separated,21.0,1.0,Bachelors,0,2,2,2,2.0,0,38,200,2,4,0
115000.0,501.0,0.0,Very_High,1,>400%,1,0,2.0,1.0,1.0,63,07,Employed,Private,25,1,5,3.0,1,1,1,18-25,Never_married,20.0,1.0,Some_college,0,2,2,2,2.0,0,38,200,2,4,0
12000.0,294.0,70000.0,Very_Low,3,200-400%,1,1,1.0,6.0,1.0,02,01,Employed,Self_employed,41,1,1,1.0,1,1,1,36-45,Married,19.0,1.0,Some_college,0,2,2,2,2.0,0,38,200,2,4,0
0.0,294.0,30000.0,,1,200-400%,0,1,1.0,6.0,1.0,02,01,Employed,Self_employed,29,2,1,1.0,1,1,1,26-35,Married,16.0,1.0,HS_diploma,0,2,2,2,2.0,0,38,200,2,4,0
36900.0,407.0,0.0,Medium,1,>400%,1,0,1.0,1.0,1.0,34,81,Employed,Private,61,2,1,1.0,1,1,1,56-65,Married,1.0,1.0,Less_than_HS,0,2,2,2,2.0,0,38,400,2,4,0
0.0,475.0,390.0,,1,>400%,0,1,1.0,6.0,1.0,04,62,Employed,Self_employed,37,2,1,1.0,1,1,1,36-45,Married,19.0,1.0,Some_college,0,2,2,2,2.0,0,38,300,2,4,0
115000.0,475.0,0.0,Very_High,1,>400%,1,0,1.0,7.0,1.0,49,70,Employed,Self_employed,32,1,1,1.0,1,1,1,26-35,Married,19.0,1.0,Some_college,0,2,2,2,2.0,0,38,300,2,4,0
86000.0,501.0,0.0,Very_High,1,>400%,1,0,1.0,1.0,1.0,47,48,Employed,Private,64,2,1,1.0,1,1,1,56-65,Married,16.0,1.0,HS_diploma,0,2,2,2,2.0,0,38,500,2,4,0
40000.0,501.0,0.0,Medium,1,>400%,1,0,1.0,7.0,1.0,72,87,Employed,Self_employed,58,1,1,1.0,1,1,1,56-65,Married,19.0,1.0,Some_college,0,2,2,2,2.0,0,38,500,2,4,0
22000.0,240.0,0.0,Low,1,200-400%,1,0,1.0,1.0,1.0,52,39,Employed,Private,62,2,1,1.0,1,1,1,56-65,Married,16.0,1.0,HS_diploma,0,2,2,2,2.0,0,38,400,2,4,0
30000.0,143.0,0.0,Low,1,138-200%,1,0,1.0,1.0,1.0,96,25,Employed,Private,51,1,5,1.0,1,1,3,46-55,Never_married,12.0,1.0,Less_than_HS,0,2,2,2,2.0,0,38,500,2,4,0
115000.0,501.0,0.0,Very_High,1,>400%,1,0,1.0,1.0,1.0,92,60,Employed,Private,33,1,5,1.0,1,1,1,26-35,Never_married,21.0,1.0,Bachelors,0,2,2,2,2.0,0,38,500,2,4,0
50000.0,389.0,0.0,Medium,1,200-400%,1,0,1.0,2.0,1.0,32,81,Employed,Private,56,2,1,1.0,1,1,1,56-65,Married,21.0,1.0,Bachelors,0,2,2,2,2.0,0,38,400,2,4,0
65000.0,501.0,0.0,High,1,>400%,1,0,1.0,2.0,1.0,20,91,Employed,Private,65,1,1,1.0,1,1,1,56-65,Married,22.0,1.0,Graduate,0,2,2,2,2.0,0,38,400,2,4,0
55000.0,501.0,0.0,High,1,>400%,1,0,1.0,2.0,1.0,32,82,Employed,Private,62,2,1,1.0,1,1,1,56-65,Married,20.0,1.0,Some_college,0,2,2,2,2.0,0,38,400,2,4,0
30000.0,501.0,0.0,Low,1,>400%,1,0,1.0,1.0,1.0,52,68,Employed,Private,61,2,1,1.0,1,1,1,56-65,Married,16.0,1.0,HS_diploma,0,2,2,2,2.0,0,38,200,2,4,0
94000.0,501.0,0.0,Very_High,2,>400%,1,0,1.0,1.0,1.0,77,07,Employed,Private,64,1,1,1.0,1,1,1,56-65,Married,16.0,1.0,HS_diploma,0,2,2,2,2.0,0,38,200,2,4,0
24600.0,326.0,0.0,Low,1,200-400%,1,0,1.0,1.0,1.0,46,84,Employed,Private,30,2,2,1.0,1,1,1,26-35,Divorced_Separated,16.0,1.0,HS_diploma,0,2,2,2,2.0,0,38,200,2,4,1
11800.0,150.0,0.0,Very_Low,2,138-200%,1,0,1.0,1.0,1.0,96,53,Employed,Private,61,1,3,1.0,1,1,1,56-65,Divorced_Separated,17.0,1.0,HS_diploma,0,2,2,2,2.0,0,38,600,2,4,0
48000.0,306.0,0.0,Medium,1,200-400%,1,0,1.0,1.0,1.0,34,74,Employed,Private,53,2,5,1.0,1,1,1,46-55,Never_married,22.0,1.0,Graduate,0,1,2,2,1.0,1,38,400,2,4,0
53000.0,463.0,0.0,High,2,>400%,1,0,1.0,1.0,1.0,12,69,Employed,Private,52,2,5,1.0,1,1,1,46-55,Never_married,19.0,1.0,Some_college,0,2,2,2,2.0,0,38,600,2,4,0
120000.0,501.0,0.0,Very_High,1,>400%,1,0,1.0,1.0,1.0,74,87,Employed,Private,53,1,1,1.0,1,1,1,46-55,Married,21.0,1.0,Bachelors,0,2,2,2,2.0,0,38,600,2,4,0
0.0,501.0,0.0,,0,>400%,0,0,6.0,1.0,3.0,42,69,Not_in_labor_force,Private,52,2,1,1.0,1,1,1,46-55,Married,21.0,1.0,Bachelors,0,2,2,2,2.0,0,38,600,2,4,0
26000.0,166.0,0.0,Low,1,138-200%,1,0,1.0,3.0,1.0,40,84,Employed,Government,54,2,5,1.0,1,3,1,46-55,Never_married,17.0,1.0,HS_diploma,0,2,2,2,2.0,0,38,100,2,4,0
80000.0,501.0,0.0,Very_High,1,>400%,1,0,1.0,3.0,1.0,02,78,Employed,Government,50,2,1,1.0,1,1,1,46-55,Married,22.0,1.0,Graduate,0,2,2,2,2.0,0,38,500,2,4,0
60000.0,501.0,0.0,High,1,>400%,1,0,1.0,3.0,1.0,23,78,Employed,Government,56,1,1,1.0,1,1,1,56-65,Married,21.0,1.0,Bachelors,0,2,2,2,2.0,0,38,500,2,4,0
10000.0,501.0,0.0,Very_Low,1,>400%,1,0,1.0,1.0,1.0,59,73,Employed,Private,22,1,5,1.0,1,1,1,18-25,Never_married,20.0,2.0,Some_college,1,2,2,2,2.0,0,38,500,2,4,0
5000.0,501.0,0.0,Very_Low,1,>400%,1,0,1.0,1.0,1.0,96,63,Employed,Private,19,1,5,1.0,1,1,1,18-25,Never_married,16.0,1.0,HS_diploma,0,2,2,2,2.0,0,38,500,2,4,0
87000.0,501.0,0.0,Very_High,1,>400%,1,0,1.0,3.0,1.0,00,67,Employed,Government,35,2,1,1.0,1,1,1,26-35,Married,21.0,1.0,Bachelors,0,2,2,2,2.0,0,38,500,2,4,0
110000.0,501.0,0.0,Very_High,1,>400%,1,0,1.0,1.0,1.0,13,72,Employed,Private,36,1,1,1.0,1,1,1,36-45,Married,21.0,1.0,Bachelors,0,2,2,2,2.0,0,38,500,2,4,0
60000.0,501.0,0.0,High,1,>400%,1,0,1.0,7.0,1.0,62,07,Employed,Self_employed,56,1,1,1.0,1,3,1,56-65,Married,18.0,1.0,Some_college,0,2,2,2,2.0,0,38,500,2,4,0
28000.0,501.0,0.0,Low,1,>400%,1,0,1.0,1.0,1.0,47,52,Employed,Private,26,2,5,1.0,1,3,1,26-35,Never_married,19.0,1.0,Some_college,0,2,2,2,2.0,0,38,500,2,4,0
15000.0,501.0,0.0,Very_Low,1,>400%,1,0,1.0,1.0,1.0,96,63,Employed,Private,21,1,5,1.0,1,3,1,18-25,Never_married,16.0,1.0,HS_diploma,0,2,2,2,2.0,0,38,500,2,4,0
85000.0,380.0,0.0,Very_High,1,200-400%,1,0,1.0,1.0,1.0,81,88,Employed,Private,28,1,1,1.0,1,1,1,26-35,Married,16.0,1.0,HS_diploma,0,2,2,2,2.0,0,38,400,2,4,0
30000.0,380.0,0.0,Low,1,200-400%,1,0,1.0,1.0,1.0,36,79,Employed,Private,24,2,1,1.0,1,1,1,18-25,Married,18.0,1.0,Some_college,0,2,2,2,2.0,0,38,400,2,4,0
60000.0,347.0,0.0,High,1,200-400%,1,0,1.0,7.0,1.0,91,07,Employed,Self_employed,64,1,1,1.0,1,1,1,56-65,Married,19.0,1.0,Some_college,0,2,2,2,2.0,0,38,600,2,4,0
0.0,347.0,0.0,,1,200-400%,0,0,6.0,2.0,2.0,05,69,Not_in_labor_force,Private,64,2,1,1.0,1,1,1,56-65,Married,16.0,1.0,HS_diploma,0,2,2,2,2.0,0,38,600,2,4,0
71000.0,451.0,0.0,High,1,>400%,1,0,1.0,2.0,1.0,22,78,Employed,Private,60,2,5,1.0,1,3,1,56-65,Never_married,22.0,2.0,Graduate,1,2,2,2,2.0,0,38,400,2,4,0
0.0,0.0,0.0,,0,,0,0,6.0,1.0,3.0,42,69,Not_in_labor_force,Private,48,1,5,1.0,1,3,1,46-55,Never_married,12.0,1.0,Less_than_HS,0,2,2,2,2.0,0,38,400,2,4,0
60000.0,501.0,0.0,High,1,>400%,1,0,1.0,1.0,1.0,48,42,Employed,Private,60,1,1,1.0,1,1,1,56-65,Married,16.0,1.0,HS_diploma,0,2,2,2,2.0,0,38,200,2,4,0
125000.0,501.0,0.0,Very_High,1,>400%,1,0,1.0,1.0,1.0,09,82,Employed,Private,64,2,1,1.0,1,1,1,56-65,Married,21.0,1.0,Bachelors,0,2,2,2,2.0,0,38,200,2,4,0
40000.0,501.0,0.0,Medium,1,>400%,1,0,1.0,1.0,1.0,06,82,Employed,Private,24,1,5,1.0,1,1,1,18-25,Never_married,19.0,1.0,Some_college,0,2,2,2,2.0,0,38,200,2,4,0
0.0,22.0,0.0,,0,<100%,0,0,3.0,6.0,2.0,46,84,Unemployed,Self_employed,45,2,3,1.0,1,1,1,36-45,Divorced_Separated,19.0,1.0,Some_college,0,2,2,2,2.0,0,38,100,2,4,1
1200.0,22.0,0.0,Very_Low,1,<100%,1,0,1.0,3.0,1.0,53,86,Employed,Government,20,2,5,1.0,1,1,1,18-25,Never_married,16.0,1.0,HS_diploma,0,1,1,2,2.0,1,38,100,2,4,1
35000.0,458.0,0.0,Medium,1,>400%,1,0,1.0,2.0,1.0,36,82,Employed,Private,52,2,2,1.0,1,1,1,46-55,Divorced_Separated,18.0,2.0,Some_college,1,2,2,2,2.0,0,38,400,2,4,0
57000.0,458.0,0.0,High,1,>400%,1,0,1.0,1.0,1.0,77,39,Employed,Private,22,2,5,1.0,1,1,1,18-25,Never_married,18.0,1.0,Some_college,0,2,2,2,2.0,0,38,400,2,4,0
20400.0,313.0,0.0,Low,1,200-400%,1,0,1.0,1.0,1.0,57,44,Employed,Private,46,2,1,1.0,1,1,1,46-55,Married,18.0,1.0,Some_college,0,2,2,2,2.0,0,38,100,2,4,0
65000.0,313.0,0.0,High,1,200-400%,1,0,1.0,1.0,1.0,72,87,Employed,Private,44,1,1,1.0,1,1,1,36-45,Married,19.0,1.0,Some_college,0,2,2,2,2.0,0,38,100,2,4,0
57000.0,365.0,0.0,High,1,200-400%,1,0,1.0,1.0,1.0,56,23,Employed,Private,58,1,2,1.0,1,1,1,56-65,Divorced_Separated,20.0,1.0,Some_college,0,1,1,2,2.0,1,38,600,2,4,0
21600.0,179.0,0.0,Low,3,138-200%,1,0,6.0,7.0,1.0,62,07,Not_in_labor_force,Self_employed,65,1,3,1.0,1,1,1,56-65,Divorced_Separated,14.0,1.0,Less_than_HS,0,1,1,2,2.0,1,38,400,2,4,0
36900.0,242.0,0.0,Medium,1,200-400%,1,0,1.0,1.0,1.0,34,81,Employed,Private,59,2,3,1.0,1,1,1,56-65,Divorced_Separated,16.0,1.0,HS_diploma,0,2,2,2,2.0,0,38,400,2,4,0
31500.0,204.0,0.0,Medium,1,200-400%,1,0,1.0,1.0,1.0,60,01,Employed,Private,63,1,3,3.0,1,1,1,56-65,Divorced_Separated,19.0,1.0,Some_college,0,2,2,2,2.0,0,38,100,2,4,0
58000.0,373.0,0.0,High,2,200-400%,1,0,1.0,1.0,1.0,50,69,Employed,Private,29,2,5,1.0,1,1,1,26-35,Never_married,21.0,1.0,Bachelors,0,2,2,2,2.0,0,38,600,2,4,0
10000.0,63.0,0.0,Very_Low,1,<100%,1,0,1.0,1.0,1.0,79,34,Employed,Private,63,1,1,1.0,1,1,1,56-65,Married,16.0,1.0,HS_diploma,0,2,2,2,2.0,0,38,400,2,4,0
46000.0,486.0,0.0,Medium,2,>400%,1,0,1.0,1.0,1.0,31,81,Employed,Private,43,1,3,1.0,2,6,1,36-45,Divorced_Separated,22.0,2.0,Graduate,1,2,2,2,2.0,0,38,100,2,4,0
125000.0,501.0,0.0,Very_High,1,>400%,1,0,1.0,1.0,1.0,02,01,Employed,Private,63,1,1,1.0,1,1,1,56-65,Married,16.0,1.0,HS_diploma,0,2,2,2,2.0,0,38,500,2,4,0
0.0,501.0,0.0,,0,>400%,0,0,6.0,1.0,3.0,42,69,Not_in_labor_force,Private,62,2,1,1.0,1,1,1,56-65,Married,19.0,1.0,Some_college,0,2,2,2,2.0,0,38,500,2,4,0
150000.0,501.0,0.0,Very_High,2,>400%,1,0,1.0,1.0,1.0,07,85,Employed,Private,43,1,1,1.0,1,1,1,36-45,Married,21.0,1.0,Bachelors,0,2,2,2,2.0,0,38,500,2,4,0
35000.0,501.0,0.0,Medium,1,>400%,1,0,1.0,1.0,1.0,52,68,Employed,Private,42,2,1,1.0,1,1,1,36-45,Married,19.0,1.0,Some_college,0,2,2,2,2.0,0,38,500,2,4,0
37400.0,245.0,0.0,Medium,1,200-400%,1,0,1.0,7.0,1.0,79,25,Employed,Self_employed,26,1,5,1.0,1,1,1,26-35,Never_married,14.0,1.0,Less_than_HS,0,2,2,2,2.0,0,38,600,2,4,0
65000.0,348.0,0.0,High,1,200-400%,1,0,1.0,1.0,1.0,87,31,Employed,Private,36,1,1,1.0,1,1,1,36-45,Married,16.0,1.0,HS_diploma,0,2,2,2,2.0,0,38,200,2,4,0
12000.0,348.0,0.0,Very_Low,1,200-400%,1,0,1.0,1.0,1.0,40,86,Employed,Private,41,2,1,1.0,1,1,1,36-45,Married,19.0,1.0,Some_college,0,2,2,2,2.0,0,38,200,2,4,0
80000.0,501.0,0.0,Very_High,1,>400%,1,0,1.0,1.0,1.0,60,01,Employed,Private,63,1,1,1.0,1,1,1,56-65,Married,21.0,1.0,Bachelors,0,2,2,2,2.0,0,38,600,2,4,0
60000.0,501.0,0.0,High,1,>400%,1,0,1.0,4.0,1.0,22,78,Employed,Government,61,2,1,1.0,1,1,1,56-65,Married,24.0,1.0,Graduate,0,2,2,2,2.0,0,38,600,2,4,0
25000.0,501.0,0.0,Low,1,>400%,1,0,1.0,2.0,1.0,20,91,Employed,Private,29,1,5,1.0,1,1,1,26-35,Never_married,21.0,1.0,Bachelors,0,2,2,2,2.0,0,38,600,2,4,0
60000.0,389.0,0.0,High,1,200-400%,1,0,1.0,1.0,1.0,10,62,Employed,Private,46,2,1,1.0,1,1,1,46-55,Married,21.0,1.0,Bachelors,0,2,2,2,2.0,0,38,300,2,4,0
50000.0,389.0,0.0,Medium,1,200-400%,1,0,1.0,1.0,1.0,91,61,Employed,Private,49,1,1,1.0,1,9,1,46-55,Married,19.0,1.0,Some_college,0,2,2,2,2.0,0,38,300,2,4,0
7000.0,389.0,0.0,Very_Low,1,200-400%,1,0,1.0,1.0,1.0,40,86,Employed,Private,19,2,5,1.0,1,9,1,18-25,Never_married,18.0,1.0,Some_college,0,2,2,2,2.0,0,38,300,2,4,0
3000.0,389.0,0.0,Very_Low,1,200-400%,1,0,3.0,1.0,1.0,47,53,Unemployed,Private,18,2,5,1.0,1,9,1,18-25,Never_married,16.0,1.0,HS_diploma,0,2,2,2,2.0,0,38,300,2,4,0
30000.0,194.0,0.0,Low,1,138-200%,1,0,1.0,1.0,1.0,47,47,Employed,Private,22,1,5,1.0,1,9,1,18-25,Never_married,21.0,2.0,Bachelors,1,2,2,2,2.0,0,38,600,2,4,0
15000.0,97.0,0.0,Very_Low,1,<100%,1,0,1.0,1.0,1.0,47,51,Employed,Private,21,2,5,1.0,1,3,1,18-25,Never_married,19.0,1.0,Some_college,0,2,2,2,2.0,0,38,600,2,4,1
30000.0,193.0,0.0,Low,1,138-200%,1,0,1.0,3.0,1.0,25,78,Employed,Government,33,2,5,1.0,1,1,1,26-35,Never_married,19.0,1.0,Some_college,0,2,2,2,2.0,0,38,500,2,4,0
50000.0,501.0,0.0,Medium,2,>400%,1,0,1.0,1.0,1.0,32,80,Employed,Private,62,2,3,1.0,1,1,1,56-65,Divorced_Separated,21.0,1.0,Bachelors,0,2,2,2,2.0,0,38,400,2,4,0
51000.0,378.0,0.0,High,1,200-400%,1,0,1.0,1.0,1.0,96,35,Employed,Private,63,2,1,1.0,1,1,1,56-65,Married,16.0,1.0,HS_diploma,0,2,2,2,2.0,0,38,500,2,4,0
0.0,378.0,0.0,,2,200-400%,0,0,6.0,1.0,2.0,73,34,Not_in_labor_force,Private,64,1,1,1.0,1,9,1,56-65,Married,16.0,1.0,HS_diploma,0,2,2,2,2.0,0,38,500,2,4,0
100000.0,486.0,0.0,Very_High,1,>400%,1,0,1.0,1.0,1.0,95,07,Employed,Private,38,1,1,1.0,1,1,1,36-45,Married,16.0,1.0,HS_diploma,0,2,2,2,2.0,0,38,200,2,4,0
0.0,486.0,0.0,,1,>400%,0,0,6.0,6.0,2.0,42,92,Not_in_labor_force,Self_employed,37,2,1,1.0,1,1,1,36-45,Married,19.0,1.0,Some_college,0,2,2,2,2.0,0,38,200,2,4,0
70000.0,501.0,50000.0,High,2,>400%,1,1,1.0,6.0,1.0,02,01,Employed,Self_employed,56,1,1,1.0,1,1,1,56-65,Married,21.0,1.0,Bachelors,0,2,2,2,2.0,0,38,100,2,4,0
50000.0,501.0,0.0,Medium,1,>400%,1,0,1.0,3.0,1.0,23,78,Employed,Government,52,2,1,1.0,1,1,1,46-55,Married,21.0,1.0,Bachelors,0,2,2,2,2.0,0,38,100,2,4,0
20000.0,501.0,0.0,Low,1,>400%,1,0,1.0,1.0,1.0,42,81,Employed,Private,22,2,5,1.0,1,1,1,18-25,Never_married,19.0,1.0,Some_college,0,2,2,2,2.0,0,38,100,2,4,0
39000.0,253.0,0.0,Medium,1,200-400%,1,0,1.0,1.0,1.0,07,75,Employed,Private,28,2,5,1.0,1,1,1,26-35,Never_married,16.0,1.0,HS_diploma,0,2,2,2,2.0,0,38,600,2,4,0
125000.0,501.0,0.0,Very_High,1,>400%,1,0,1.0,2.0,1.0,10,81,Employed,Private,52,2,1,1.0,1,1,1,46-55,Married,20.0,1.0,Some_college,0,2,2,2,2.0,0,38,600,2,4,0
97000.0,501.0,0.0,Very_High,1,>400%,1,0,1.0,1.0,1.0,77,30,Employed,Private,53,1,1,1.0,1,1,1,46-55,Married,16.0,1.0,HS_diploma,0,2,2,2,2.0,0,38,600,2,4,0
9000.0,501.0,0.0,Very_Low,1,>400%,1,0,1.0,1.0,1.0,52,66,Employed,Private,21,1,5,1.0,1,1,1,18-25,Never_married,18.0,1.0,Some_college,0,2,2,2,2.0,0,38,600,2,4,0
9000.0,57.0,0.0,Very_Low,1,<100%,1,0,1.0,1.0,1.0,58,42,Employed,Private,38,2,3,1.0,1,1,1,36-45,Divorced_Separated,16.0,1.0,HS_diploma,0,2,2,2,2.0,0,38,100,2,4,1
45000.0,222.0,0.0,Medium,1,200-400%,1,0,1.0,1.0,1.0,40,82,Employed,Private,31,2,5,1.0,1,1,1,26-35,Never_married,16.0,1.0,HS_diploma,0,2,2,2,2.0,0,38,300,2,4,0
21000.0,211.0,0.0,Low,1,200-400%,1,0,1.0,1.0,1.0,46,84,Employed,Private,52,2,1,1.0,2,1,1,46-55,Married,19.0,1.0,Some_college,0,2,2,2,2.0,0,38,300,2,4,0
0.0,402.0,9000.0,,1,>400%,0,1,1.0,6.0,1.0,11,64,Employed,Self_employed,28,2,1,1.0,1,1,1,26-35,Married,16.0,1.0,HS_diploma,0,2,2,2,2.0,0,38,200,2,4,0
88000.0,402.0,0.0,Very_High,1,>400%,1,0,1.0,1.0,1.0,34,81,Employed,Private,30,1,1,1.0,1,9,2,26-35,Married,20.0,2.0,Some_college,1,2,2,2,2.0,0,38,200,2,4,0
69000.0,322.0,0.0,High,1,200-400%,1,0,1.0,1.0,1.0,07,68,Employed,Private,33,1,1,1.0,1,1,1,26-35,Married,22.0,1.0,Graduate,0,2,2,2,2.0,0,38,600,2,4,0
60000.0,322.0,0.0,High,1,200-400%,1,0,1.0,1.0,1.0,33,81,Employed,Private,32,2,1,1.0,1,1,1,26-35,Married,21.0,1.0,Bachelors,0,2,2,2,2.0,0,38,600,2,4,0
94000.0,501.0,0.0,Very_High,2,>400%,1,0,1.0,3.0,1.0,00,90,Employed,Government,65,1,1,1.0,1,1,1,56-65,Married,16.0,1.0,HS_diploma,0,2,2,2,2.0,0,38,200,2,4,0
106000.0,501.0,0.0,Very_High,1,>400%,1,0,1.0,1.0,1.0,10,73,Employed,Private,52,2,1,1.0,1,1,1,46-55,Married,19.0,1.0,Some_college,0,2,2,2,2.0,0,38,200,2,4,0
20000.0,63.0,0.0,Low,1,<100%,1,0,1.0,1.0,1.0,96,53,Employed,Private,37,2,2,1.0,1,3,1,36-45,Divorced_Separated,18.0,1.0,Some_college,0,2,2,2,2.0,0,38,100,2,4,0
500.0,63.0,0.0,Very_Low,1,<100%,1,0,1.0,1.0,1.0,40,86,Employed,Private,23,1,5,1.0,1,3,1,18-25,Never_married,16.0,1.0,HS_diploma,0,2,2,2,2.0,0,38,100,2,4,1
68000.0,410.0,0.0,High,1,>400%,1,0,1.0,1.0,1.0,52,69,Employed,Private,49,2,1,1.0,1,1,1,46-55,Married,21.0,1.0,Bachelors,0,2,2,2,2.0,0,38,200,2,4,0
30000.0,410.0,0.0,Low,1,>400%,1,0,1.0,1.0,1.0,90,61,Employed,Private,51,1,1,3.0,1,1,1,46-55,Married,21.0,1.0,Bachelors,0,2,2,2,2.0,0,38,200,2,4,0
13600.0,88.0,0.0,Very_Low,1,<100%,1,0,3.0,1.0,1.0,40,86,Unemployed,Private,26,1,5,1.0,1,9,1,26-35,Never_married,20.0,1.0,Some_college,0,1,2,2,2.0,1,38,600,2,4,0
0.0,0.0,0.0,,0,,0,0,6.0,1.0,2.0,64,07,Not_in_labor_force,Private,24,1,5,1.0,1,1,1,18-25,Never_married,18.0,2.0,Some_college,1,2,2,2,2.0,0,38,600,2,4,0
50000.0,322.0,0.0,Medium,1,200-400%,1,0,1.0,1.0,1.0,88,38,Employed,Private,56,1,3,1.0,1,1,1,56-65,Divorced_Separated,19.0,1.0,Some_college,0,2,2,2,2.0,0,38,500,2,4,0
105000.0,430.0,0.0,Very_High,1,>400%,1,0,1.0,3.0,1.0,30,94,Employed,Government,37,1,1,3.0,1,1,1,36-45,Married,23.0,1.0,Graduate,0,2,2,2,2.0,0,38,400,2,4,0
65000.0,430.0,0.0,High,1,>400%,1,0,1.0,3.0,1.0,33,80,Employed,Government,37,2,1,3.0,1,1,1,36-45,Married,21.0,1.0,Bachelors,0,2,2,2,2.0,0,38,400,2,4,0
2000.0,162.0,2000.0,Very_Low,2,138-200%,1,1,6.0,6.0,1.0,02,78,Not_in_labor_force,Self_employed,44,2,1,1.0,1,1,1,36-45,Married,21.0,1.0,Bachelors,0,2,2,2,2.0,0,38,500,2,4,0
60000.0,162.0,0.0,High,1,138-200%,1,0,4.0,5.0,1.0,98,96,Not_in_labor_force,Government,46,1,1,1.0,1,1,1,46-55,Married,18.0,1.0,Some_college,0,2,2,2,2.0,0,38,500,2,4,0
28300.0,124.0,0.0,Low,1,100-138%,1,0,1.0,1.0,1.0,42,85,Employed,Private,27,2,5,3.0,1,3,1,26-35,Never_married,12.0,1.0,Less_than_HS,0,2,2,2,2.0,0,38,100,2,4,0
1000.0,124.0,0.0,Very_Low,1,100-138%,1,0,1.0,1.0,1.0,47,50,Employed,Private,22,2,5,3.0,1,3,1,18-25,Never_married,20.0,1.0,Some_college,0,2,2,2,2.0,0,38,100,2,4,0
0.0,124.0,0.0,,0,100-138%,0,0,6.0,1.0,2.0,42,85,Not_in_labor_force,Private,19,2,5,3.0,1,3,1,18-25,Never_married,13.0,1.0,Less_than_HS,0,2,2,2,2.0,0,38,100,2,4,0
0.0,0.0,0.0,,0,,0,0,6.0,1.0,3.0,42,69,Not_in_labor_force,Private,56,2,5,1.0,1,1,1,56-65,Never_married,18.0,1.0,Some_college,0,2,2,2,2.0,0,38,600,2,4,0
50000.0,500.0,3000.0,Medium,2,>400%,1,1,1.0,3.0,1.0,63,07,Employed,Government,34,1,1,1.0,1,1,1,26-35,Married,21.0,1.0,Bachelors,0,2,2,2,2.0,0,38,300,2,4,0
100000.0,500.0,0.0,Very_High,1,>400%,1,0,1.0,1.0,1.0,32,74,Employed,Private,35,2,1,1.0,1,1,1,26-35,Married,23.0,1.0,Graduate,0,2,2,2,2.0,0,38,300,2,4,0
65000.0,314.0,0.0,High,1,200-400%,1,0,1.0,1.0,1.0,20,79,Employed,Private,30,2,5,3.0,1,9,1,26-35,Never_married,22.0,1.0,Graduate,0,2,2,2,2.0,0,38,600,2,4,0
125000.0,501.0,0.0,Very_High,1,>400%,1,0,1.0,1.0,1.0,48,76,Employed,Private,47,1,1,1.0,1,1,1,46-55,Married,20.0,1.0,Some_college,0,2,2,2,2.0,0,38,600,2,4,0
55000.0,501.0,4000.0,High,2,>400%,1,1,1.0,1.0,1.0,53,07,Employed,Private,45,2,1,1.0,1,1,1,36-45,Married,19.0,1.0,Some_college,0,2,2,2,2.0,0,38,600,2,4,0
15000.0,408.0,5000.0,Very_Low,2,>400%,1,1,1.0,1.0,1.0,89,52,Employed,Private,61,2,1,1.0,1,1,1,56-65,Married,21.0,1.0,Bachelors,0,2,2,2,2.0,0,38,400,2,4,0
60000.0,408.0,0.0,High,1,>400%,1,0,1.0,2.0,1.0,20,91,Employed,Private,61,1,1,1.0,1,1,1,56-65,Married,22.0,1.0,Graduate,0,2,2,2,2.0,0,38,400,2,4,0
50000.0,166.0,0.0,Medium,1,138-200%,1,0,1.0,5.0,1.0,66,95,Employed,Government,46,1,1,1.0,1,1,1,46-55,Married,20.0,1.0,Some_college,0,2,2,2,2.0,0,38,200,2,4,0
0.0,166.0,0.0,,0,138-200%,0,0,6.0,5.0,2.0,53,95,Not_in_labor_force,Government,42,2,1,1.0,1,1,1,36-45,Married,21.0,1.0,Bachelors,0,2,2,2,2.0,0,38,200,2,4,0
0.0,102.0,0.0,,0,100-138%,0,0,6.0,1.0,3.0,42,69,Not_in_labor_force,Private,63,2,5,1.0,1,1,1,56-65,Never_married,21.0,1.0,Bachelors,0,1,2,1,1.0,1,38,600,2,4,0
60000.0,497.0,0.0,High,1,>400%,1,0,6.0,1.0,1.0,70,03,Not_in_labor_force,Private,64,2,1,1.0,1,1,1,56-65,Married,19.0,1.0,Some_college,0,2,2,2,2.0,0,38,200,2,4,0
0.0,0.0,0.0,,0,,0,0,6.0,6.0,2.0,07,73,Not_in_labor_force,Self_employed,30,1,5,1.0,1,1,1,26-35,Never_married,18.0,1.0,Some_college,0,2,2,2,2.0,0,38,600,2,4,1
0.0,39.0,12000.0,,2,<100%,0,1,1.0,6.0,1.0,02,01,Employed,Self_employed,40,1,1,1.0,1,1,1,36-45,Married,21.0,1.0,Bachelors,0,2,2,2,2.0,0,38,400,2,4,0
0.0,39.0,0.0,,0,<100%,0,0,6.0,1.0,3.0,42,69,Not_in_labor_force,Private,45,2,1,1.0,2,6,1,36-45,Married,16.0,1.0,HS_diploma,0,2,2,2,2.0,0,38,400,2,4,0
0.0,138.0,0.0,,0,100-138%,0,0,6.0,1.0,3.0,42,69,Not_in_labor_force,Private,34,2,1,1.0,1,1,1,26-35,Married,16.0,1.0,HS_diploma,0,2,2,2,2.0,0,38,300,2,4,0
42000.0,138.0,0.0,Medium,1,100-138%,1,0,1.0,1.0,1.0,91,46,Employed,Private,37,1,1,1.0,2,9,1,36-45,Married,16.0,1.0,HS_diploma,0,2,2,2,2.0,0,38,300,2,4,0
0.0,423.0,0.0,,0,>400%,0,0,6.0,1.0,3.0,42,69,Not_in_labor_force,Private,37,2,1,3.0,1,1,1,36-45,Married,21.0,1.0,Bachelors,0,2,2,2,2.0,0,38,200,2,4,0
82000.0,423.0,0.0,Very_High,2,>400%,1,0,4.0,5.0,1.0,98,96,Not_in_labor_force,Government,35,1,1,3.0,1,1,1,26-35,Married,22.0,1.0,Graduate,0,2,2,2,2.0,0,38,200,2,4,0
48000.0,497.0,0.0,Medium,1,>400%,1,0,1.0,1.0,1.0,30,50,Employed,Private,39,2,1,1.0,1,1,1,36-45,Married,24.0,1.0,Graduate,0,2,2,2,2.0,0,38,100,2,4,0
105000.0,497.0,0.0,Very_High,1,>400%,1,0,1.0,1.0,1.0,14,30,Employed,Private,40,1,1,1.0,1,1,1,36-45,Married,21.0,1.0,Bachelors,0,2,2,2,2.0,0,38,100,2,4,0
120000.0,501.0,0.0,Very_High,2,>400%,1,0,1.0,1.0,1.0,92,60,Employed,Private,46,1,5,1.0,1,1,1,46-55,Never_married,16.0,1.0,HS_diploma,0,2,2,2,2.0,0,38,200,2,4,0
6000.0,501.0,0.0,Very_Low,1,>400%,1,0,1.0,3.0,1.0,25,78,Employed,Government,41,2,1,1.0,1,1,1,36-45,Married,22.0,1.0,Graduate,0,2,2,2,2.0,0,38,300,2,4,0
50000.0,426.0,0.0,Medium,1,>400%,1,0,1.0,1.0,1.0,47,61,Employed,Private,63,1,1,1.0,1,1,1,56-65,Married,16.0,1.0,HS_diploma,0,2,2,2,2.0,0,38,300,2,4,0
36200.0,426.0,0.0,Medium,1,>400%,1,0,1.0,1.0,1.0,96,10,Employed,Private,64,2,1,1.0,1,1,1,56-65,Married,19.0,1.0,Some_college,0,2,2,2,2.0,0,38,300,2,4,0
4000.0,161.0,0.0,Very_Low,2,138-200%,1,0,1.0,1.0,1.0,04,64,Employed,Private,65,1,2,1.0,1,1,1,56-65,Divorced_Separated,16.0,1.0,HS_diploma,0,2,2,2,2.0,0,38,600,2,4,1
24000.0,501.0,0.0,Low,1,>400%,1,0,1.0,3.0,1.0,57,78,Employed,Government,48,2,1,1.0,1,1,1,46-55,Married,20.0,1.0,Some_college,0,2,2,2,2.0,0,38,500,2,4,0
110000.0,501.0,0.0,Very_High,1,>400%,1,0,1.0,3.0,1.0,04,06,Employed,Government,50,1,1,1.0,1,1,1,46-55,Married,19.0,1.0,Some_college,0,2,2,2,2.0,0,38,500,2,4,0
35000.0,222.0,0.0,Medium,1,200-400%,1,0,1.0,1.0,1.0,74,77,Employed,Private,28,1,5,1.0,1,1,1,26-35,Never_married,16.0,1.0,HS_diploma,0,2,2,2,2.0,0,38,300,2,4,0
1200.0,266.0,0.0,Very_Low,2,200-400%,1,0,1.0,2.0,1.0,91,81,Employed,Private,60,1,1,1.0,1,9,1,56-65,Married,19.0,1.0,Some_college,0,1,2,1,2.0,1,38,500,2,4,0
104000.0,501.0,0.0,Very_High,2,>400%,1,0,1.0,1.0,1.0,39,68,Employed,Private,39,2,1,1.0,1,1,1,36-45,Married,21.0,1.0,Bachelors,0,2,2,2,2.0,0,38,600,2,4,0
70000.0,501.0,0.0,High,2,>400%,1,0,1.0,1.0,1.0,48,44,Employed,Private,40,1,1,1.0,1,1,1,36-45,Married,20.0,1.0,Some_college,0,2,2,2,2.0,0,38,600,2,4,0
145000.0,501.0,0.0,Very_High,2,>400%,1,0,1.0,1.0,1.0,01,68,Employed,Private,32,2,1,1.0,1,1,1,26-35,Married,21.0,2.0,Bachelors,1,2,2,2,2.0,0,38,200,2,4,0
60000.0,383.0,0.0,High,1,200-400%,1,0,1.0,1.0,1.0,11,24,Employed,Private,50,1,2,1.0,1,1,1,46-55,Divorced_Separated,19.0,1.0,Some_college,0,2,2,2,2.0,0,38,500,2,4,0
50000.0,318.0,0.0,Medium,1,200-400%,1,0,1.0,1.0,1.0,00,86,Employed,Private,57,2,3,1.0,1,1,1,56-65,Divorced_Separated,19.0,1.0,Some_college,0,2,2,2,2.0,0,38,100,2,4,0
130000.0,501.0,0.0,Very_High,1,>400%,1,0,1.0,1.0,1.0,89,10,Employed,Private,32,1,1,1.0,1,1,1,26-35,Married,20.0,1.0,Some_college,0,2,2,2,2.0,0,38,300,2,4,0
130000.0,501.0,0.0,Very_High,1,>400%,1,0,1.0,1.0,1.0,32,74,Employed,Private,30,2,1,1.0,1,1,1,26-35,Married,24.0,1.0,Graduate,0,2,2,2,2.0,0,38,300,2,4,0
12000.0,39.0,0.0,Very_Low,1,<100%,1,0,1.0,1.0,1.0,47,53,Employed,Private,32,2,4,1.0,1,1,1,26-35,Divorced_Separated,19.0,1.0,Some_college,0,2,2,2,2.0,0,38,200,2,4,0
0.0,96.0,0.0,,0,<100%,0,0,6.0,1.0,3.0,42,69,Not_in_labor_force,Private,60,1,5,1.0,1,1,1,56-65,Never_married,16.0,1.0,HS_diploma,0,2,2,2,2.0,0,38,200,2,4,1
0.0,501.0,150000.0,,2,>400%,0,1,1.0,6.0,1.0,02,01,Employed,Self_employed,61,1,1,1.0,1,1,1,56-65,Married,21.0,1.0,Bachelors,0,2,2,2,2.0,0,38,100,2,4,0
0.0,501.0,50000.0,,1,>400%,0,1,1.0,6.0,1.0,02,01,Employed,Self_employed,54,2,1,1.0,1,1,1,46-55,Married,21.0,1.0,Bachelors,0,2,2,2,2.0,0,38,100,2,4,0
50000.0,318.0,0.0,Medium,1,200-400%,1,0,1.0,2.0,1.0,54,82,Employed,Private,35,1,5,1.0,1,1,1,26-35,Never_married,16.0,1.0,HS_diploma,0,1,2,2,2.0,1,38,600,2,4,0
125000.0,501.0,0.0,Very_High,2,>400%,1,0,1.0,4.0,1.0,35,78,Employed,Government,52,1,1,1.0,1,1,1,46-55,Married,24.0,1.0,Graduate,0,1,1,2,2.0,1,38,500,2,4,0
56000.0,501.0,0.0,High,1,>400%,1,0,1.0,2.0,1.0,30,81,Employed,Private,52,2,1,1.0,1,1,1,46-55,Married,21.0,1.0,Bachelors,0,2,2,2,2.0,0,38,500,2,4,0
52000.0,481.0,0.0,High,1,>400%,1,0,1.0,3.0,1.0,23,78,Employed,Government,28,1,1,1.0,1,1,1,26-35,Married,21.0,3.0,Bachelors,1,2,2,2,2.0,0,38,300,2,4,0
64000.0,481.0,0.0,High,1,>400%,1,0,1.0,3.0,1.0,23,78,Employed,Government,28,2,1,1.0,1,1,1,26-35,Married,21.0,1.0,Bachelors,0,2,2,2,2.0,0,38,300,2,4,0
115000.0,501.0,0.0,Very_High,1,>400%,1,0,1.0,2.0,1.0,00,68,Employed,Private,36,1,1,1.0,1,1,1,36-45,Married,21.0,1.0,Bachelors,0,2,2,2,2.0,0,38,200,2,4,0
50000.0,501.0,0.0,Medium,1,>400%,1,0,1.0,4.0,1.0,09,78,Employed,Government,38,2,1,1.0,1,1,1,36-45,Married,21.0,1.0,Bachelors,0,2,2,2,2.0,0,38,200,2,4,0
50000.0,450.0,0.0,Medium,2,>400%,1,0,1.0,1.0,1.0,89,77,Employed,Private,65,1,1,1.0,1,9,1,56-65,Married,20.0,1.0,Some_college,0,2,2,2,2.0,0,38,200,2,4,0
30000.0,450.0,0.0,Low,1,>400%,1,0,1.0,2.0,1.0,19,81,Employed,Private,29,2,1,1.0,2,6,1,26-35,Married,20.0,1.0,Some_college,0,2,2,2,2.0,0,38,200,2,4,0
10.0,0.0,10.0,Very_Low,2,,1,1,1.0,6.0,1.0,02,01,Employed,Self_employed,41,1,5,1.0,1,1,1,36-45,Never_married,20.0,1.0,Some_college,0,2,2,2,2.0,0,38,500,2,4,0
6900.0,222.0,0.0,Very_Low,1,200-400%,1,0,3.0,2.0,1.0,01,85,Unemployed,Private,41,2,1,1.0,1,1,1,36-45,Married,22.0,1.0,Graduate,0,2,2,2,2.0,0,38,400,2,4,0
60000.0,222.0,0.0,High,1,200-400%,1,0,1.0,3.0,1.0,02,78,Employed,Government,38,1,1,1.0,1,1,1,36-45,Married,22.0,1.0,Graduate,0,2,2,2,2.0,0,38,400,2,4,0
79000.0,466.0,0.0,Very_High,3,>400%,1,0,1.0,3.0,1.0,42,83,Employed,Government,63,1,1,1.0,1,1,1,56-65,Married,20.0,1.0,Some_college,0,2,2,2,2.0,0,38,100,2,4,0
0.0,466.0,12000.0,,2,>400%,0,1,1.0,6.0,1.0,05,85,Employed,Self_employed,61,2,1,1.0,1,1,1,56-65,Married,21.0,1.0,Bachelors,0,2,2,2,2.0,0,38,100,2,4,0
0.0,501.0,100000.0,,1,>400%,0,1,1.0,6.0,1.0,02,01,Employed,Self_employed,46,1,5,1.0,1,1,1,46-55,Never_married,21.0,1.0,Bachelors,0,2,2,2,2.0,0,38,400,2,4,0
103000.0,501.0,0.0,Very_High,1,>400%,1,0,1.0,2.0,1.0,32,81,Employed,Private,37,2,1,1.0,2,6,1,36-45,Married,21.0,1.0,Bachelors,0,2,2,2,2.0,0,38,600,2,4,0
0.0,501.0,10100.0,,2,>400%,0,1,1.0,6.0,1.0,55,63,Employed,Self_employed,39,1,1,1.0,2,6,1,36-45,Married,20.0,1.0,Some_college,0,2,2,2,2.0,0,38,600,2,4,0
70000.0,447.0,0.0,High,1,>400%,1,0,1.0,1.0,1.0,72,07,Employed,Private,46,1,5,1.0,1,1,1,46-55,Never_married,20.0,1.0,Some_college,0,2,2,2,2.0,0,38,600,2,4,0
68000.0,501.0,0.0,High,1,>400%,1,0,1.0,3.0,1.0,23,78,Employed,Government,45,2,1,1.0,1,1,1,36-45,Married,22.0,1.0,Graduate,0,2,2,2,2.0,0,38,100,2,4,0
68000.0,501.0,0.0,High,1,>400%,1,0,1.0,3.0,1.0,23,78,Employed,Government,47,1,1,1.0,1,1,1,46-55,Married,22.0,2.0,Graduate,1,2,2,2,2.0,0,38,100,2,4,0
0.0,279.0,0.0,,1,200-400%,0,0,6.0,1.0,2.0,47,49,Not_in_labor_force,Private,40,2,5,1.0,1,1,1,36-45,Never_married,16.0,1.0,HS_diploma,0,2,2,2,2.0,0,38,200,2,4,0
520.0,279.0,0.0,Very_Low,1,200-400%,1,0,1.0,3.0,1.0,42,78,Employed,Government,18,1,5,1.0,1,1,1,18-25,Never_married,16.0,2.0,HS_diploma,1,2,2,2,2.0,0,38,200,2,4,1
52000.0,279.0,0.0,High,1,200-400%,1,0,1.0,3.0,1.0,04,93,Employed,Government,48,1,3,1.0,1,1,1,46-55,Divorced_Separated,15.0,1.0,Less_than_HS,0,2,2,2,2.0,0,38,200,2,4,0
24000.0,299.0,0.0,Low,1,200-400%,1,0,1.0,7.0,1.0,47,49,Employed,Self_employed,55,2,1,1.0,1,1,1,46-55,Married,21.0,1.0,Bachelors,0,2,2,2,2.0,0,38,400,2,4,0
36000.0,299.0,0.0,Medium,1,200-400%,1,0,1.0,7.0,1.0,47,49,Employed,Self_employed,54,1,1,1.0,1,1,1,46-55,Married,21.0,1.0,Bachelors,0,2,2,2,2.0,0,38,400,2,4,0
30000.0,501.0,0.0,Low,3,>400%,1,0,1.0,2.0,1.0,20,91,Employed,Private,60,2,1,1.0,1,1,1,56-65,Married,18.0,1.0,Some_college,0,2,2,2,2.0,0,38,200,2,4,0
0.0,297.0,0.0,,2,200-400%,0,0,6.0,1.0,2.0,64,07,Not_in_labor_force,Private,63,1,2,1.0,1,1,1,56-65,Divorced_Separated,21.0,1.0,Bachelors,0,2,2,2,2.0,0,38,400,2,4,1
0.0,497.0,140000.0,,1,>400%,0,1,1.0,6.0,1.0,81,88,Employed,Self_employed,38,1,1,1.0,1,1,1,36-45,Married,20.0,1.0,Some_college,0,2,2,2,2.0,0,38,100,2,4,0
40000.0,497.0,0.0,Medium,1,>400%,1,0,1.0,1.0,1.0,57,88,Employed,Private,35,2,1,1.0,1,1,1,26-35,Married,21.0,1.0,Bachelors,0,2,2,2,2.0,0,38,100,2,4,0
0.0,67.0,0.0,,2,<100%,0,0,6.0,1.0,2.0,42,39,Not_in_labor_force,Private,60,1,3,1.0,1,1,1,56-65,Divorced_Separated,16.0,1.0,HS_diploma,0,1,2,2,1.0,1,38,200,2,4,1
3000.0,15.0,0.0,Very_Low,1,<100%,1,0,3.0,1.0,1.0,47,53,Unemployed,Private,35,2,5,1.0,1,1,1,26-35,Never_married,18.0,1.0,Some_college,0,2,2,2,2.0,0,38,500,2,4,1
35000.0,270.0,0.0,Medium,1,200-400%,1,0,3.0,1.0,1.0,63,07,Unemployed,Private,31,1,5,1.0,1,1,1,26-35,Never_married,19.0,1.0,Some_college,0,2,2,2,2.0,0,38,500,2,4,0
19300.0,144.0,0.0,Low,1,138-200%,1,0,1.0,4.0,1.0,17,74,Employed,Government,29,1,1,1.0,2,6,1,26-35,Married,22.0,2.0,Graduate,1,2,2,2,2.0,0,38,600,2,4,0
9000.0,144.0,0.0,Very_Low,1,138-200%,1,0,1.0,4.0,1.0,17,74,Employed,Government,30,2,1,1.0,2,6,1,26-35,Married,22.0,2.0,Graduate,1,2,2,2,2.0,0,38,600,2,4,0
100000.0,501.0,0.0,Very_High,2,>400%,1,0,1.0,1.0,1.0,05,69,Employed,Private,57,1,1,1.0,1,1,1,56-65,Married,21.0,1.0,Bachelors,0,2,2,2,2.0,0,38,500,2,4,0
100000.0,501.0,0.0,Very_High,2,>400%,1,0,1.0,1.0,1.0,96,23,Employed,Private,55,2,1,1.0,1,1,1,46-55,Married,16.0,1.0,HS_diploma,0,2,2,2,2.0,0,38,500,2,4,0
0.0,0.0,0.0,,0,,0,0,6.0,1.0,2.0,47,53,Not_in_labor_force,Private,61,2,3,1.0,1,1,1,56-65,Divorced_Separated,18.0,1.0,Some_college,0,1,2,2,1.0,1,38,100,2,4,1
45000.0,151.0,0.0,Medium,1,138-200%,1,0,1.0,1.0,1.0,63,07,Employed,Private,24,1,1,1.0,1,8,2,18-25,Married,17.0,1.0,HS_diploma,0,2,2,2,2.0,0,38,600,2,4,0
0.0,151.0,0.0,,0,138-200%,0,0,6.0,1.0,2.0,36,82,Not_in_labor_force,Private,23,2,1,1.0,1,8,2,18-25,Married,19.0,1.0,Some_college,0,2,2,2,2.0,0,38,600,2,4,0
108000.0,501.0,0.0,Very_High,1,>400%,1,0,1.0,1.0,1.0,04,12,Employed,Private,57,1,1,1.0,1,1,1,56-65,Married,17.0,1.0,HS_diploma,0,2,2,2,2.0,0,38,500,2,4,0
5000.0,501.0,0.0,Very_Low,1,>400%,1,0,1.0,1.0,1.0,40,86,Employed,Private,57,2,1,1.0,1,1,1,56-65,Married,16.0,1.0,HS_diploma,0,2,2,2,2.0,0,38,500,2,4,0
70000.0,447.0,0.0,High,1,>400%,1,0,1.0,1.0,1.0,91,61,Employed,Private,61,1,3,1.0,1,1,1,56-65,Divorced_Separated,20.0,1.0,Some_college,0,2,2,2,2.0,0,38,400,2,4,1
50000.0,319.0,0.0,Medium,1,200-400%,1,0,1.0,1.0,1.0,07,48,Employed,Private,46,2,3,1.0,1,1,1,46-55,Divorced_Separated,21.0,1.0,Bachelors,0,2,2,2,2.0,0,38,400,2,4,1
104000.0,501.0,6000.0,Very_High,3,>400%,1,1,1.0,2.0,1.0,47,05,Employed,Private,46,2,1,1.0,1,1,1,46-55,Married,21.0,1.0,Bachelors,0,2,2,2,2.0,0,38,200,2,4,0
48000.0,501.0,0.0,Medium,1,>400%,1,0,1.0,2.0,1.0,72,44,Employed,Private,22,1,5,1.0,1,9,24,18-25,Never_married,18.0,1.0,Some_college,0,2,2,2,2.0,0,38,200,2,4,0
130000.0,501.0,0.0,Very_High,1,>400%,1,0,1.0,1.0,1.0,94,60,Employed,Private,33,2,1,1.0,1,1,1,26-35,Married,20.0,1.0,Some_college,0,2,2,2,2.0,0,38,200,2,4,0
82000.0,501.0,0.0,Very_High,1,>400%,1,0,1.0,3.0,1.0,38,94,Employed,Government,32,1,1,1.0,1,1,1,26-35,Married,22.0,2.0,Graduate,1,2,2,2,2.0,0,38,200,2,4,0
54000.0,371.0,0.0,High,1,200-400%,1,0,1.0,1.0,1.0,06,49,Employed,Private,47,2,1,1.0,2,6,1,46-55,Married,21.0,1.0,Bachelors,0,2,2,2,2.0,0,38,600,2,4,0
82000.0,501.0,0.0,Very_High,1,>400%,1,0,1.0,1.0,1.0,15,25,Employed,Private,43,1,5,1.0,1,1,1,36-45,Never_married,16.0,1.0,HS_diploma,0,2,2,2,2.0,0,38,600,2,4,0
30000.0,190.0,0.0,Low,1,138-200%,1,0,1.0,1.0,1.0,05,49,Employed,Private,38,2,3,1.0,1,1,1,36-45,Divorced_Separated,19.0,1.0,Some_college,0,2,2,2,2.0,0,38,600,2,4,0
34500.0,166.0,0.0,Medium,1,138-200%,1,0,1.0,1.0,1.0,47,42,Employed,Private,41,2,5,1.0,1,1,1,36-45,Never_married,16.0,1.0,HS_diploma,0,2,2,2,2.0,0,38,600,2,4,0
70000.0,446.0,0.0,High,1,>400%,1,0,1.0,5.0,1.0,32,81,Employed,Government,44,1,5,1.0,1,1,1,36-45,Never_married,20.0,1.0,Some_college,0,2,2,2,2.0,0,38,600,2,4,0
40000.0,189.0,0.0,Medium,1,138-200%,1,0,1.0,7.0,1.0,65,07,Employed,Self_employed,42,1,1,1.0,1,1,1,36-45,Married,19.0,1.0,Some_college,0,2,2,2,2.0,0,38,200,2,4,0
36000.0,189.0,0.0,Medium,1,138-200%,1,0,1.0,3.0,1.0,04,93,Employed,Government,38,2,1,1.0,1,1,1,36-45,Married,19.0,1.0,Some_college,0,2,2,2,2.0,0,38,200,2,4,0
18000.0,136.0,0.0,Low,1,100-138%,1,0,1.0,2.0,1.0,36,91,Employed,Private,61,2,1,1.0,1,1,1,56-65,Married,18.0,1.0,Some_college,0,2,2,2,2.0,0,38,400,2,4,0
38000.0,249.0,0.0,Medium,1,200-400%,1,0,1.0,1.0,1.0,53,81,Employed,Private,19,2,5,3.0,1,1,1,18-25,Never_married,18.0,2.0,Some_college,1,2,2,2,2.0,0,38,600,2,4,0
40400.0,256.0,0.0,Medium,1,200-400%,1,0,1.0,1.0,1.0,47,50,Employed,Private,60,1,5,1.0,1,1,1,56-65,Never_married,16.0,1.0,HS_diploma,0,2,2,2,2.0,0,38,300,2,4,0
90000.0,363.0,0.0,Very_High,1,200-400%,1,0,1.0,1.0,1.0,91,22,Employed,Private,47,1,1,1.0,1,1,1,46-55,Married,15.0,1.0,Less_than_HS,0,2,2,2,2.0,0,38,500,2,4,0
28000.0,363.0,0.0,Low,1,200-400%,1,0,1.0,2.0,1.0,35,82,Employed,Private,38,2,1,1.0,1,1,1,36-45,Married,20.0,1.0,Some_college,0,2,2,2,2.0,0,38,500,2,4,0
0.0,422.0,0.0,,2,>400%,0,0,6.0,5.0,2.0,55,63,Not_in_labor_force,Government,60,2,1,1.0,1,1,1,56-65,Married,21.0,1.0,Bachelors,0,2,2,2,2.0,0,38,600,2,4,0
47000.0,422.0,0.0,Medium,1,>400%,1,0,1.0,3.0,1.0,97,77,Employed,Government,61,1,1,1.0,1,1,1,56-65,Married,21.0,1.0,Bachelors,0,1,1,2,2.0,1,38,600,2,4,0
0.0,501.0,0.0,,2,>400%,0,0,6.0,1.0,3.0,42,69,Not_in_labor_force,Private,64,1,1,1.0,1,1,1,56-65,Married,19.0,1.0,Some_college,0,2,2,2,2.0,0,38,400,2,4,0
160000.0,501.0,0.0,Very_High,1,>400%,1,0,1.0,1.0,1.0,48,01,Employed,Private,55,1,5,1.0,1,1,1,46-55,Never_married,18.0,1.0,Some_college,0,2,2,2,2.0,0,38,200,2,4,0
0.0,501.0,0.0,,1,>400%,0,0,6.0,1.0,2.0,51,69,Not_in_labor_force,Private,44,2,4,1.0,1,1,1,36-45,Divorced_Separated,19.0,1.0,Some_college,0,1,2,2,1.0,1,38,200,2,4,0
70000.0,501.0,0.0,High,1,>400%,1,0,1.0,1.0,1.0,73,05,Employed,Private,22,1,1,3.0,1,1,1,18-25,Married,16.0,1.0,HS_diploma,0,2,2,2,2.0,0,38,100,2,4,0
30000.0,501.0,0.0,Low,1,>400%,1,0,1.0,1.0,1.0,36,79,Employed,Private,22,2,1,3.0,1,1,1,18-25,Married,18.0,1.0,Some_college,0,2,2,2,2.0,0,38,100,2,4,0
0.0,501.0,0.0,,3,>400%,0,0,6.0,1.0,3.0,42,69,Not_in_labor_force,Private,65,2,1,1.0,1,1,1,56-65,Married,20.0,1.0,Some_college,0,2,2,2,2.0,0,38,100,2,4,0
34000.0,318.0,0.0,Medium,1,200-400%,1,0,1.0,1.0,1.0,36,82,Employed,Private,40,2,1,1.0,1,1,1,36-45,Married,19.0,1.0,Some_college,0,2,2,2,2.0,0,38,400,2,4,0
80000.0,318.0,0.0,Very_High,1,200-400%,1,0,1.0,1.0,1.0,62,44,Employed,Private,43,1,1,1.0,1,1,1,36-45,Married,16.0,1.0,HS_diploma,0,2,2,2,2.0,0,38,400,2,4,0
0.0,220.0,0.0,,0,200-400%,0,0,6.0,1.0,3.0,42,69,Not_in_labor_force,Private,64,2,1,1.0,1,1,1,56-65,Married,19.0,1.0,Some_college,0,2,2,2,2.0,0,38,400,2,4,1
76000.0,501.0,0.0,Very_High,1,>400%,1,0,1.0,1.0,1.0,50,68,Employed,Private,29,2,1,1.0,1,1,1,26-35,Married,19.0,1.0,Some_college,0,2,2,2,2.0,0,38,400,2,4,0
95000.0,501.0,0.0,Very_High,1,>400%,1,0,1.0,1.0,1.0,14,35,Employed,Private,29,1,1,1.0,1,1,1,26-35,Married,21.0,1.0,Bachelors,0,2,2,2,2.0,0,38,400,2,4,0
105000.0,501.0,0.0,Very_High,2,>400%,1,0,1.0,5.0,1.0,00,95,Employed,Government,65,2,1,1.0,1,1,1,56-65,Married,21.0,1.0,Bachelors,0,2,2,2,2.0,0,38,400,2,4,0
0.0,501.0,0.0,,2,>400%,0,0,6.0,1.0,3.0,42,69,Not_in_labor_force,Private,63,1,1,1.0,1,1,1,56-65,Married,14.0,1.0,Less_than_HS,0,1,2,1,2.0,1,38,400,2,4,0
5600.0,501.0,0.0,Very_Low,1,>400%,1,0,6.0,1.0,1.0,07,79,Not_in_labor_force,Private,63,2,1,1.0,1,1,1,56-65,Married,19.0,1.0,Some_college,0,2,2,2,2.0,0,38,500,2,4,0
0.0,501.0,0.0,,2,>400%,0,0,6.0,1.0,3.0,42,69,Not_in_labor_force,Private,63,2,1,1.0,1,1,1,56-65,Married,22.0,1.0,Graduate,0,2,2,2,2.0,0,38,500,2,4,0
51000.0,326.0,0.0,High,1,200-400%,1,0,1.0,1.0,1.0,91,61,Employed,Private,62,1,1,1.0,1,1,1,56-65,Married,17.0,1.0,HS_diploma,0,2,2,2,2.0,0,38,600,2,4,0
10000.0,64.0,0.0,Very_Low,1,<100%,1,0,1.0,1.0,1.0,91,63,Employed,Private,35,2,5,1.0,1,1,1,26-35,Never_married,16.0,1.0,HS_diploma,0,2,2,2,2.0,0,38,100,2,4,1
12000.0,393.0,0.0,Very_Low,1,200-400%,1,0,1.0,1.0,1.0,40,86,Employed,Private,57,1,1,1.0,1,9,1,56-65,Married,21.0,1.0,Bachelors,0,2,2,2,2.0,0,38,400,2,4,1
67000.0,393.0,0.0,High,1,200-400%,1,0,1.0,1.0,1.0,47,53,Employed,Private,61,2,1,1.0,1,1,1,56-65,Married,21.0,1.0,Bachelors,0,1,1,2,2.0,1,38,400,2,4,0
0.0,54.0,0.0,,0,<100%,0,0,6.0,1.0,3.0,42,69,Not_in_labor_force,Private,63,2,1,1.0,2,1,1,56-65,Married,12.0,1.0,Less_than_HS,0,1,2,2,1.0,1,38,100,2,4,1
110000.0,501.0,5000.0,Very_High,2,>400%,1,1,1.0,1.0,1.0,72,48,Employed,Private,59,1,1,1.0,1,1,1,56-65,Married,19.0,1.0,Some_college,0,2,2,2,2.0,0,38,400,2,4,0
88000.0,501.0,0.0,Very_High,1,>400%,1,0,1.0,1.0,1.0,96,52,Employed,Private,38,1,1,1.0,1,5,1,36-45,Married,21.0,1.0,Bachelors,0,2,2,2,2.0,0,38,300,2,4,1
52000.0,501.0,0.0,High,1,>400%,1,0,1.0,1.0,1.0,32,81,Employed,Private,38,2,1,1.0,1,5,1,36-45,Married,21.0,1.0,Bachelors,0,2,2,2,2.0,0,38,300,2,4,0
160000.0,501.0,0.0,Very_High,1,>400%,1,0,6.0,7.0,1.0,32,75,Not_in_labor_force,Self_employed,59,2,3,1.0,1,1,1,56-65,Divorced_Separated,22.0,1.0,Graduate,0,2,2,2,2.0,0,38,600,2,4,0
60000.0,430.0,0.0,High,1,>400%,1,0,1.0,1.0,1.0,57,78,Employed,Private,37,2,1,1.0,1,1,1,36-45,Married,20.0,1.0,Some_college,0,1,2,2,2.0,1,38,500,2,4,0
60000.0,430.0,0.0,High,2,>400%,1,0,1.0,1.0,1.0,62,04,Employed,Private,38,1,1,1.0,1,1,1,36-45,Married,17.0,1.0,HS_diploma,0,2,2,2,2.0,0,38,500,2,4,0
49000.0,321.0,0.0,Medium,1,200-400%,1,0,1.0,1.0,1.0,47,53,Employed,Private,52,2,3,1.0,1,1,1,46-55,Divorced_Separated,18.0,1.0,Some_college,0,2,2,2,2.0,0,38,500,2,4,0
45900.0,297.0,0.0,Medium,1,200-400%,1,0,1.0,2.0,1.0,59,83,Employed,Private,52,2,3,3.0,1,1,1,46-55,Divorced_Separated,21.0,1.0,Bachelors,0,1,2,2,1.0,1,38,600,2,4,0
28300.0,222.0,0.0,Low,1,200-400%,1,0,1.0,1.0,1.0,51,05,Employed,Private,29,2,1,1.0,1,1,1,26-35,Married,21.0,1.0,Bachelors,0,2,2,2,2.0,0,38,300,2,4,0
40000.0,222.0,0.0,Medium,1,200-400%,1,0,1.0,1.0,1.0,64,07,Employed,Private,31,1,1,1.0,1,1,1,26-35,Married,16.0,1.0,HS_diploma,0,2,2,2,2.0,0,38,300,2,4,0
44700.0,450.0,0.0,Medium,1,>400%,1,0,1.0,1.0,1.0,58,64,Employed,Private,46,2,1,1.0,1,1,1,46-55,Married,19.0,1.0,Some_college,0,2,2,2,2.0,0,38,600,2,4,0
89000.0,450.0,0.0,Very_High,1,>400%,1,0,1.0,1.0,1.0,13,72,Employed,Private,52,1,1,1.0,1,1,1,46-55,Married,21.0,1.0,Bachelors,0,2,2,2,2.0,0,38,600,2,4,0
65000.0,358.0,0.0,High,1,200-400%,1,0,1.0,3.0,1.0,23,78,Employed,Government,33,1,1,1.0,1,1,1,26-35,Married,21.0,1.0,Bachelors,0,2,2,2,2.0,0,38,200,2,4,0
62000.0,358.0,0.0,High,1,200-400%,1,0,1.0,3.0,1.0,23,78,Employed,Government,31,2,1,1.0,1,1,1,26-35,Married,22.0,1.0,Graduate,0,2,2,2,2.0,0,38,200,2,4,0
0.0,336.0,110000.0,,1,200-400%,0,1,1.0,6.0,1.0,00,03,Employed,Self_employed,42,1,1,1.0,1,1,1,36-45,Married,20.0,1.0,Some_college,0,2,2,2,2.0,0,38,100,2,4,0
0.0,336.0,24000.0,,1,200-400%,0,1,6.0,6.0,1.0,02,01,Not_in_labor_force,Self_employed,37,2,1,1.0,1,1,1,36-45,Married,19.0,1.0,Some_college,0,2,2,2,2.0,0,38,100,2,4,0
96000.0,501.0,0.0,Very_High,1,>400%,1,0,1.0,1.0,1.0,32,81,Employed,Private,47,1,1,1.0,1,1,1,46-55,Married,21.0,1.0,Bachelors,0,1,2,1,2.0,1,38,600,2,4,0
144000.0,501.0,0.0,Very_High,1,>400%,1,0,1.0,1.0,1.0,30,81,Employed,Private,41,2,1,1.0,1,1,1,36-45,Married,24.0,1.0,Graduate,0,1,2,1,2.0,1,38,600,2,4,0
27000.0,89.0,0.0,Low,1,<100%,1,0,1.0,1.0,1.0,52,68,Employed,Private,26,2,1,3.0,1,3,1,26-35,Married,18.0,1.0,Some_college,0,2,2,2,2.0,0,38,100,2,4,0
35000.0,288.0,0.0,Medium,3,200-400%,1,0,1.0,3.0,1.0,57,78,Employed,Government,54,2,2,1.0,1,1,1,46-55,Divorced_Separated,20.0,1.0,Some_college,0,2,2,2,2.0,0,38,300,2,4,0
42000.0,332.0,0.0,Medium,2,200-400%,1,0,1.0,3.0,1.0,42,78,Employed,Government,62,1,1,1.0,1,1,1,56-65,Married,19.0,1.0,Some_college,0,2,2,2,2.0,0,38,300,2,4,0
54000.0,345.0,0.0,High,1,200-400%,1,0,1.0,2.0,1.0,32,82,Employed,Private,30,2,5,1.0,2,6,1,26-35,Never_married,21.0,1.0,Bachelors,0,2,2,2,2.0,0,38,300,2,4,0
45000.0,111.0,0.0,Medium,1,100-138%,1,0,4.0,5.0,1.0,96,96,Not_in_labor_force,Government,38,1,1,1.0,1,9,3,36-45,Married,19.0,1.0,Some_college,0,1,2,2,1.0,1,38,300,2,4,0
0.0,111.0,0.0,,0,100-138%,0,0,6.0,1.0,2.0,78,11,Not_in_labor_force,Private,38,2,1,1.0,1,9,3,36-45,Married,21.0,1.0,Bachelors,0,1,2,2,1.0,1,38,300,2,4,1
75000.0,501.0,55000.0,High,3,>400%,1,1,1.0,1.0,1.0,04,07,Employed,Private,64,1,1,1.0,1,1,1,56-65,Married,16.0,1.0,HS_diploma,0,2,2,2,2.0,0,38,400,2,4,0
70000.0,501.0,0.0,High,2,>400%,1,0,1.0,1.0,1.0,57,07,Employed,Private,62,2,1,1.0,1,1,1,56-65,Married,19.0,1.0,Some_college,0,2,2,2,2.0,0,38,400,2,4,0
0.0,501.0,0.0,,0,>400%,0,0,6.0,2.0,2.0,36,82,Not_in_labor_force,Private,57,2,1,1.0,1,1,1,56-65,Married,16.0,1.0,HS_diploma,0,1,1,2,2.0,1,38,400,2,4,0
0.0,501.0,0.0,,3,>400%,0,0,6.0,2.0,2.0,50,53,Not_in_labor_force,Private,62,2,1,1.0,1,1,1,56-65,Married,21.0,1.0,Bachelors,0,1,1,2,1.0,1,38,500,2,4,0
70000.0,501.0,0.0,High,2,>400%,1,0,1.0,1.0,1.0,47,47,Employed,Private,64,1,1,1.0,1,1,1,56-65,Married,20.0,1.0,Some_college,0,2,2,2,2.0,0,38,500,2,4,0
0.0,330.0,50000.0,,2,200-400%,0,1,1.0,6.0,1.0,60,01,Employed,Self_employed,63,1,3,1.0,1,1,1,56-65,Divorced_Separated,21.0,1.0,Bachelors,0,2,2,2,2.0,0,38,400,2,4,0
75000.0,392.0,0.0,High,1,200-400%,1,0,1.0,1.0,1.0,73,07,Employed,Private,33,1,3,1.0,1,9,1,26-35,Divorced_Separated,20.0,1.0,Some_college,0,2,2,2,2.0,0,38,600,2,4,0
45000.0,349.0,0.0,Medium,1,200-400%,1,0,1.0,1.0,1.0,55,63,Employed,Private,27,1,5,1.0,1,1,1,26-35,Never_married,19.0,1.0,Some_college,0,2,2,2,2.0,0,38,400,2,4,0
0.0,312.0,0.0,,1,200-400%,0,0,6.0,1.0,3.0,42,69,Not_in_labor_force,Private,63,2,1,1.0,1,1,1,56-65,Married,23.0,1.0,Graduate,0,2,2,2,2.0,0,38,500,2,4,0
110000.0,477.0,0.0,Very_High,1,>400%,1,0,1.0,2.0,1.0,03,81,Employed,Private,43,2,1,1.0,1,1,1,36-45,Married,22.0,1.0,Graduate,0,2,2,2,2.0,0,38,600,2,4,0
80000.0,477.0,0.0,Very_High,1,>400%,1,0,1.0,1.0,1.0,04,38,Employed,Private,47,1,1,1.0,1,1,1,46-55,Married,21.0,1.0,Bachelors,0,2,2,2,2.0,0,38,600,2,4,0
0.0,12.0,0.0,,1,<100%,0,0,6.0,6.0,2.0,02,01,Not_in_labor_force,Self_employed,63,1,2,1.0,1,1,1,56-65,Divorced_Separated,19.0,1.0,Some_college,0,2,2,2,2.0,0,38,400,2,4,1
90000.0,501.0,0.0,Very_High,1,>400%,1,0,1.0,1.0,1.0,72,88,Employed,Private,37,1,1,1.0,1,1,1,36-45,Married,16.0,1.0,HS_diploma,0,2,2,2,2.0,0,38,300,2,4,0
65000.0,501.0,0.0,High,1,>400%,1,0,1.0,1.0,1.0,32,69,Employed,Private,36,2,1,1.0,1,1,1,36-45,Married,21.0,1.0,Bachelors,0,2,2,2,2.0,0,38,300,2,4,0
88000.0,501.0,0.0,Very_High,1,>400%,1,0,1.0,1.0,1.0,96,52,Employed,Private,38,1,1,1.0,1,9,1,36-45,Married,20.0,3.0,Some_college,1,2,2,2,2.0,0,38,600,2,4,0
55000.0,501.0,0.0,High,1,>400%,1,0,1.0,1.0,1.0,32,81,Employed,Private,40,2,1,1.0,1,1,1,36-45,Married,21.0,1.0,Bachelors,0,2,2,2,2.0,0,38,600,2,4,0
25000.0,122.0,0.0,Low,1,100-138%,1,0,1.0,1.0,1.0,75,04,Employed,Private,31,1,3,3.0,1,1,1,26-35,Divorced_Separated,16.0,1.0,HS_diploma,0,2,2,2,2.0,0,38,100,2,4,0
0.0,5.0,900.0,,1,<100%,0,1,6.0,6.0,1.0,42,86,Not_in_labor_force,Self_employed,22,2,5,3.0,1,1,1,18-25,Never_married,15.0,1.0,Less_than_HS,0,2,2,2,2.0,0,38,100,2,4,0
35000.0,501.0,0.0,Medium,1,>400%,1,0,1.0,7.0,1.0,02,01,Employed,Self_employed,38,2,1,1.0,1,1,1,36-45,Married,20.0,1.0,Some_college,0,2,2,2,2.0,0,38,200,2,4,0
54000.0,501.0,0.0,High,2,>400%,1,0,1.0,7.0,1.0,31,80,Employed,Self_employed,54,2,1,1.0,1,1,1,46-55,Married,23.0,1.0,Graduate,0,1,1,1,2.0,1,38,100,2,4,0
54000.0,501.0,0.0,High,1,>400%,1,0,1.0,7.0,1.0,31,80,Employed,Self_employed,54,1,1,1.0,1,9,1,46-55,Married,23.0,1.0,Graduate,0,2,2,2,2.0,0,38,100,2,4,0
115000.0,501.0,0.0,Very_High,1,>400%,1,0,1.0,1.0,1.0,68,03,Employed,Private,36,1,5,1.0,1,9,1,36-45,Never_married,19.0,1.0,Some_college,0,2,2,2,2.0,0,38,100,2,4,0
114000.0,501.0,0.0,Very_High,2,>400%,1,0,1.0,1.0,1.0,91,61,Employed,Private,51,2,3,1.0,1,9,1,46-55,Divorced_Separated,20.0,1.0,Some_college,0,1,2,1,1.0,1,38,100,2,4,0
45000.0,285.0,0.0,Medium,1,200-400%,1,0,6.0,2.0,1.0,36,81,Not_in_labor_force,Private,57,1,3,1.0,1,1,1,56-65,Divorced_Separated,16.0,1.0,HS_diploma,0,2,2,2,2.0,0,38,100,2,4,0
25000.0,501.0,0.0,Low,1,>400%,1,0,1.0,1.0,1.0,36,82,Employed,Private,55,2,1,1.0,1,1,1,46-55,Married,20.0,1.0,Some_college,0,2,2,2,2.0,0,38,500,2,4,0
77000.0,501.0,0.0,Very_High,1,>400%,1,0,1.0,1.0,1.0,72,87,Employed,Private,59,1,1,1.0,1,1,1,56-65,Married,18.0,1.0,Some_college,0,2,2,2,2.0,0,38,500,2,4,0
32000.0,165.0,1000.0,Medium,2,138-200%,1,1,1.0,6.0,1.0,46,84,Employed,Self_employed,53,2,1,1.0,1,1,1,46-55,Married,16.0,1.0,HS_diploma,0,2,2,2,2.0,0,38,200,2,4,1
0.0,165.0,0.0,,0,138-200%,0,0,6.0,1.0,3.0,42,69,Not_in_labor_force,Private,60,1,1,1.0,1,1,1,56-65,Married,15.0,1.0,Less_than_HS,0,1,2,2,2.0,1,38,200,2,4,1
64000.0,413.0,0.0,High,1,>400%,1,0,1.0,1.0,1.0,51,68,Employed,Private,60,2,5,1.0,1,1,1,56-65,Never_married,20.0,1.0,Some_college,0,2,2,2,2.0,0,38,400,2,4,0
40000.0,260.0,0.0,Medium,1,200-400%,1,0,1.0,1.0,1.0,47,49,Employed,Private,22,2,5,3.0,1,8,8,18-25,Never_married,20.0,2.0,Some_college,1,2,2,2,2.0,0,38,100,2,4,0
20000.0,127.0,0.0,Low,1,100-138%,1,0,1.0,3.0,1.0,42,78,Employed,Government,45,2,1,1.0,2,6,1,36-45,Married,16.0,1.0,HS_diploma,0,2,2,2,2.0,0,38,300,2,4,1
59000.0,376.0,0.0,High,1,200-400%,1,0,1.0,4.0,1.0,23,78,Employed,Government,44,2,1,1.0,2,6,1,36-45,Married,23.0,1.0,Graduate,0,2,2,2,2.0,0,38,300,2,4,0
0.0,0.0,0.0,,0,,0,0,6.0,1.0,3.0,42,69,Not_in_labor_force,Private,19,2,5,1.0,2,6,1,18-25,Never_married,16.0,2.0,HS_diploma,1,2,2,2,2.0,0,38,300,2,4,0
59000.0,501.0,0.0,High,1,>400%,1,0,1.0,1.0,1.0,52,66,Employed,Private,38,2,1,1.0,1,1,1,36-45,Married,11.0,1.0,Less_than_HS,0,2,2,2,2.0,0,38,300,2,4,0
100000.0,501.0,0.0,Very_High,1,>400%,1,0,1.0,1.0,1.0,02,07,Employed,Private,38,1,1,1.0,1,1,1,36-45,Married,21.0,1.0,Bachelors,0,2,2,2,2.0,0,38,300,2,4,0
0.0,501.0,54000.0,,2,>400%,0,1,2.0,6.0,1.0,47,86,Employed,Self_employed,41,2,1,1.0,2,6,1,36-45,Married,15.0,1.0,Less_than_HS,0,2,2,2,2.0,0,38,400,2,4,0
52000.0,501.0,0.0,High,2,>400%,1,0,2.0,1.0,1.0,40,86,Employed,Private,44,1,1,1.0,2,6,1,36-45,Married,10.0,1.0,Less_than_HS,0,2,2,2,2.0,0,38,400,2,4,0
90000.0,501.0,0.0,Very_High,1,>400%,1,0,1.0,7.0,1.0,54,72,Employed,Self_employed,61,2,1,1.0,1,1,1,56-65,Married,16.0,1.0,HS_diploma,0,2,2,2,2.0,0,38,100,2,4,0
80000.0,501.0,0.0,Very_High,1,>400%,1,0,1.0,1.0,1.0,01,68,Employed,Private,45,1,1,1.0,1,1,1,36-45,Married,21.0,1.0,Bachelors,0,2,2,2,2.0,0,38,200,2,4,0
90000.0,501.0,0.0,Very_High,1,>400%,1,0,1.0,1.0,1.0,91,61,Employed,Private,47,1,1,1.0,1,1,1,46-55,Married,16.0,1.0,HS_diploma,0,2,2,2,2.0,0,38,200,2,4,0
46000.0,299.0,0.0,Medium,1,200-400%,1,0,1.0,1.0,1.0,72,50,Employed,Private,21,1,5,3.0,1,1,1,18-25,Never_married,19.0,2.0,Some_college,1,2,2,2,2.0,0,38,400,2,4,0
11000.0,71.0,0.0,Very_Low,1,<100%,1,0,1.0,1.0,1.0,47,50,Employed,Private,21,2,5,3.0,1,1,1,18-25,Never_married,19.0,2.0,Some_college,1,2,2,2,2.0,0,38,400,2,4,0
0.0,77.0,0.0,,1,<100%,0,0,6.0,1.0,3.0,42,69,Not_in_labor_force,Private,63,1,3,1.0,1,1,1,56-65,Divorced_Separated,16.0,1.0,HS_diploma,0,2,2,2,2.0,0,38,400,2,4,1
125000.0,501.0,0.0,Very_High,3,>400%,1,0,1.0,1.0,1.0,48,42,Employed,Private,64,1,1,1.0,1,1,1,56-65,Married,16.0,1.0,HS_diploma,0,2,2,2,2.0,0,38,200,2,4,0
100.0,501.0,0.0,Very_Low,1,>400%,1,0,1.0,1.0,1.0,96,51,Employed,Private,40,2,1,1.0,2,6,1,36-45,Married,17.0,1.0,HS_diploma,0,2,2,2,2.0,0,38,200,2,4,0
48000.0,501.0,0.0,Medium,1,>400%,1,0,1.0,1.0,1.0,36,82,Employed,Private,28,2,1,1.0,1,9,1,26-35,Married,16.0,1.0,HS_diploma,0,1,2,2,2.0,1,38,300,2,4,0
120000.0,501.0,0.0,Very_High,1,>400%,1,0,1.0,1.0,1.0,69,03,Employed,Private,29,1,1,1.0,1,1,1,26-35,Married,16.0,1.0,HS_diploma,0,2,2,2,2.0,0,38,300,2,4,0
44000.0,278.0,0.0,Medium,1,200-400%,1,0,1.0,1.0,1.0,60,01,Employed,Private,29,1,5,3.0,1,5,1,26-35,Never_married,16.0,1.0,HS_diploma,0,2,2,2,2.0,0,38,300,2,4,0
33600.0,295.0,0.0,Medium,1,200-400%,1,0,1.0,1.0,1.0,36,80,Employed,Private,46,2,1,1.0,1,1,1,46-55,Married,19.0,1.0,Some_college,0,2,2,2,2.0,0,38,300,2,4,0
38400.0,295.0,0.0,Medium,1,200-400%,1,0,1.0,3.0,1.0,38,94,Employed,Government,40,1,1,1.0,1,1,1,36-45,Married,19.0,1.0,Some_college,0,1,2,2,2.0,1,38,300,2,4,0
35000.0,355.0,0.0,Medium,1,200-400%,1,0,4.0,5.0,1.0,70,96,Not_in_labor_force,Government,29,1,1,1.0,1,1,1,26-35,Married,18.0,1.0,Some_college,0,2,2,2,2.0,0,38,500,2,4,0
35000.0,355.0,0.0,Medium,1,200-400%,1,0,1.0,1.0,1.0,18,80,Employed,Private,25,2,1,1.0,1,2,1,18-25,Married,21.0,1.0,Bachelors,0,2,2,2,2.0,0,38,500,2,4,0
0.0,171.0,0.0,,1,138-200%,0,0,6.0,1.0,2.0,11,68,Not_in_labor_force,Private,64,2,1,1.0,1,1,1,56-65,Married,21.0,1.0,Bachelors,0,2,2,2,2.0,0,38,300,2,4,0
18500.0,501.0,0.0,Low,1,>400%,1,0,3.0,5.0,1.0,20,95,Unemployed,Government,47,2,1,3.0,1,1,1,46-55,Married,19.0,1.0,Some_college,0,2,2,2,2.0,0,38,500,2,4,0
65000.0,501.0,0.0,High,2,>400%,1,0,1.0,1.0,1.0,06,33,Employed,Private,47,1,1,3.0,1,1,1,46-55,Married,20.0,1.0,Some_college,0,2,2,2,2.0,0,38,500,2,4,0
35000.0,501.0,0.0,Medium,1,>400%,1,0,1.0,1.0,1.0,47,53,Employed,Private,55,2,1,1.0,1,1,1,46-55,Married,19.0,1.0,Some_college,0,2,2,2,2.0,0,38,400,2,4,0
70000.0,457.0,0.0,High,1,>400%,1,0,1.0,1.0,1.0,54,68,Employed,Private,59,2,3,1.0,1,1,1,56-65,Divorced_Separated,18.0,1.0,Some_college,0,2,2,2,2.0,0,38,600,2,4,0
0.0,280.0,29900.0,,2,200-400%,0,1,1.0,6.0,1.0,02,01,Employed,Self_employed,49,2,2,1.0,1,1,1,46-55,Divorced_Separated,21.0,1.0,Bachelors,0,2,2,2,2.0,0,38,200,2,4,0
37700.0,242.0,0.0,Medium,1,200-400%,1,0,1.0,1.0,1.0,60,01,Employed,Private,49,1,5,1.0,1,1,1,46-55,Never_married,18.0,1.0,Some_college,0,2,2,2,2.0,0,38,200,2,4,0
10000.0,280.0,0.0,Very_Low,1,200-400%,1,0,1.0,1.0,1.0,91,87,Employed,Private,18,2,5,1.0,1,1,1,18-25,Never_married,12.0,1.0,Less_than_HS,0,2,2,2,2.0,0,38,200,2,4,0
10000.0,280.0,0.0,Very_Low,1,200-400%,1,0,6.0,1.0,1.0,42,77,Not_in_labor_force,Private,19,1,5,1.0,1,1,1,18-25,Never_married,19.0,1.0,Some_college,0,1,2,2,2.0,1,38,200,2,4,0
0.0,0.0,0.0,,0,,0,0,6.0,1.0,3.0,42,69,Not_in_labor_force,Private,22,2,3,1.0,1,9,2,18-25,Divorced_Separated,19.0,2.0,Some_college,1,1,2,2,1.0,1,38,200,2,4,1
70000.0,501.0,0.0,High,1,>400%,1,0,1.0,3.0,1.0,04,93,Employed,Government,57,1,5,1.0,1,3,1,56-65,Never_married,18.0,1.0,Some_college,0,2,2,2,2.0,0,38,200,2,4,0
45000.0,501.0,0.0,Medium,1,>400%,1,0,1.0,3.0,1.0,04,93,Employed,Government,56,2,5,1.0,1,3,1,56-65,Never_married,21.0,1.0,Bachelors,0,1,2,2,1.0,1,38,200,2,4,0
66000.0,501.0,0.0,High,3,>400%,1,0,6.0,1.0,1.0,72,87,Not_in_labor_force,Private,64,1,1,1.0,1,1,1,56-65,Married,16.0,1.0,HS_diploma,0,2,2,2,2.0,0,38,500,2,4,0
47000.0,501.0,0.0,Medium,1,>400%,1,0,1.0,2.0,1.0,51,81,Employed,Private,60,2,1,1.0,1,1,1,56-65,Married,20.0,1.0,Some_college,0,2,2,2,2.0,0,38,600,2,4,0
90000.0,501.0,0.0,Very_High,1,>400%,1,0,1.0,1.0,1.0,42,30,Employed,Private,61,1,1,1.0,1,1,1,56-65,Married,16.0,1.0,HS_diploma,0,2,2,2,2.0,0,38,600,2,4,0
31000.0,200.0,0.0,Medium,1,138-200%,1,0,1.0,1.0,1.0,42,77,Employed,Private,28,1,5,1.0,1,9,1,26-35,Never_married,16.0,1.0,HS_diploma,0,2,2,2,2.0,0,38,600,2,4,0
80000.0,408.0,0.0,Very_High,1,>400%,1,0,1.0,1.0,1.0,10,69,Employed,Private,58,2,5,1.0,2,6,1,56-65,Never_married,20.0,1.0,Some_college,0,2,2,2,2.0,0,38,600,2,4,0
150000.0,501.0,0.0,Very_High,1,>400%,1,0,1.0,1.0,1.0,13,07,Employed,Private,40,1,1,1.0,1,1,1,36-45,Married,21.0,1.0,Bachelors,0,1,1,2,1.0,1,38,200,2,4,0
44000.0,501.0,0.0,Medium,1,>400%,1,0,1.0,1.0,1.0,04,82,Employed,Private,41,2,1,1.0,1,1,1,36-45,Married,21.0,1.0,Bachelors,0,1,2,2,1.0,1,38,200,2,4,0
0.0,501.0,0.0,,0,>400%,0,0,6.0,1.0,3.0,42,69,Not_in_labor_force,Private,21,1,5,1.0,1,1,1,18-25,Never_married,19.0,3.0,Some_college,1,1,1,2,2.0,1,38,200,2,4,0
0.0,501.0,0.0,,0,>400%,0,0,6.0,1.0,3.0,42,69,Not_in_labor_force,Private,42,2,1,1.0,1,9,1,36-45,Married,17.0,1.0,HS_diploma,0,2,2,2,2.0,0,38,100,2,4,0
10000.0,501.0,0.0,Very_Low,1,>400%,1,0,1.0,1.0,1.0,91,87,Employed,Private,18,2,5,1.0,1,9,1,18-25,Never_married,12.0,1.0,Less_than_HS,0,2,2,2,2.0,0,38,100,2,4,0
70000.0,330.0,50000.0,High,2,200-400%,1,1,1.0,7.0,1.0,64,07,Employed,Self_employed,39,1,1,1.0,2,9,2,36-45,Married,11.0,1.0,Less_than_HS,0,2,2,2,2.0,0,38,100,2,4,0
0.0,330.0,0.0,,0,200-400%,0,0,6.0,1.0,3.0,42,69,Not_in_labor_force,Private,34,2,1,1.0,2,9,2,26-35,Married,15.0,2.0,Less_than_HS,1,2,2,2,2.0,0,38,100,2,4,0
0.0,330.0,0.0,,0,200-400%,0,0,6.0,1.0,3.0,42,69,Not_in_labor_force,Private,18,2,5,1.0,1,9,2,18-25,Never_married,14.0,2.0,Less_than_HS,1,2,2,2,2.0,0,38,100,2,4,0
56000.0,194.0,0.0,High,1,138-200%,1,0,1.0,1.0,1.0,63,07,Employed,Private,44,1,5,1.0,1,1,1,36-45,Never_married,16.0,1.0,HS_diploma,0,2,2,2,2.0,0,38,500,2,4,0
3500.0,194.0,0.0,Very_Low,1,138-200%,1,0,6.0,1.0,1.0,47,52,Not_in_labor_force,Private,22,2,5,1.0,1,1,1,18-25,Never_married,19.0,2.0,Some_college,1,2,2,2,2.0,0,38,500,2,4,1
3500.0,194.0,0.0,Very_Low,1,138-200%,1,0,6.0,1.0,1.0,47,52,Not_in_labor_force,Private,20,2,5,1.0,1,1,1,18-25,Never_married,19.0,2.0,Some_college,1,2,2,2,2.0,0,38,500,2,4,0
120000.0,501.0,0.0,Very_High,1,>400%,1,0,1.0,1.0,1.0,13,07,Employed,Private,26,1,1,1.0,1,1,1,26-35,Married,21.0,1.0,Bachelors,0,2,2,2,2.0,0,38,600,2,4,0
90000.0,501.0,0.0,Very_High,1,>400%,1,0,1.0,1.0,1.0,32,81,Employed,Private,26,2,1,1.0,1,1,1,26-35,Married,20.0,2.0,Some_college,1,2,2,2,2.0,0,38,600,2,4,0
42000.0,501.0,0.0,Medium,2,>400%,1,0,1.0,1.0,1.0,51,68,Employed,Private,57,2,1,1.0,1,1,1,56-65,Married,21.0,1.0,Bachelors,0,2,2,2,2.0,0,38,600,2,4,0
0.0,501.0,0.0,,2,>400%,0,0,6.0,1.0,2.0,92,60,Not_in_labor_force,Private,65,1,1,1.0,1,1,1,56-65,Married,16.0,1.0,HS_diploma,0,2,2,2,2.0,0,38,600,2,4,0
6200.0,39.0,0.0,Very_Low,1,<100%,1,0,3.0,1.0,1.0,03,86,Unemployed,Private,58,2,3,1.0,1,1,1,56-65,Divorced_Separated,16.0,1.0,HS_diploma,0,2,2,2,2.0,0,38,500,2,4,0
5900.0,449.0,0.0,Very_Low,1,>400%,1,0,1.0,1.0,1.0,23,78,Employed,Private,44,2,1,1.0,1,9,1,36-45,Married,21.0,1.0,Bachelors,0,2,2,2,2.0,0,38,600,2,4,0
0.0,449.0,130000.0,,1,>400%,0,1,1.0,6.0,1.0,02,01,Employed,Self_employed,45,1,1,1.0,1,1,1,36-45,Married,21.0,1.0,Bachelors,0,2,2,2,2.0,0,38,600,2,4,0
128000.0,501.0,0.0,Very_High,1,>400%,1,0,1.0,1.0,1.0,04,24,Employed,Private,35,1,5,1.0,1,1,1,26-35,Never_married,20.0,2.0,Some_college,1,2,2,2,2.0,0,38,600,2,4,0
55000.0,356.0,0.0,High,1,200-400%,1,0,1.0,1.0,1.0,08,86,Employed,Private,36,2,5,1.0,1,1,1,36-45,Never_married,21.0,1.0,Bachelors,0,2,2,2,2.0,0,38,600,2,4,0
63000.0,501.0,0.0,High,1,>400%,1,0,1.0,1.0,1.0,01,68,Employed,Private,58,1,1,1.0,1,1,1,56-65,Married,21.0,1.0,Bachelors,0,2,2,2,2.0,0,38,600,2,4,0
105000.0,501.0,0.0,Very_High,2,>400%,1,0,1.0,1.0,1.0,63,07,Employed,Private,57,2,1,1.0,1,1,1,56-65,Married,20.0,1.0,Some_college,0,2,2,2,2.0,0,38,600,2,4,0
0.0,501.0,0.0,,0,>400%,0,0,6.0,1.0,2.0,23,78,Not_in_labor_force,Private,21,2,5,1.0,1,1,1,18-25,Never_married,21.0,2.0,Bachelors,1,2,2,2,2.0,0,38,600,2,4,0
7000.0,45.0,0.0,Very_Low,1,<100%,1,0,6.0,1.0,1.0,14,07,Not_in_labor_force,Private,20,2,5,1.0,1,1,1,18-25,Never_married,19.0,2.0,Some_college,1,2,2,2,2.0,0,38,100,2,4,0
40000.0,259.0,0.0,Medium,2,200-400%,1,0,1.0,2.0,1.0,40,82,Employed,Private,64,2,3,1.0,1,1,1,56-65,Divorced_Separated,16.0,1.0,HS_diploma,0,2,2,2,2.0,0,38,600,2,4,0
120000.0,485.0,0.0,Very_High,1,>400%,1,0,1.0,1.0,1.0,00,07,Employed,Private,36,1,1,1.0,1,1,1,36-45,Married,16.0,1.0,HS_diploma,0,2,2,2,2.0,0,38,500,2,4,0
28000.0,485.0,0.0,Low,1,>400%,1,0,1.0,2.0,1.0,35,82,Employed,Private,37,2,1,1.0,1,1,1,36-45,Married,20.0,1.0,Some_college,0,2,2,2,2.0,0,38,500,2,4,0
0.0,365.0,57000.0,,1,200-400%,0,1,1.0,6.0,1.0,62,07,Employed,Self_employed,61,1,5,1.0,1,1,1,56-65,Never_married,16.0,1.0,HS_diploma,0,2,2,2,2.0,0,38,200,2,4,0
70000.0,501.0,0.0,High,1,>400%,1,0,1.0,1.0,1.0,47,45,Employed,Private,43,2,1,1.0,1,1,1,36-45,Married,21.0,1.0,Bachelors,0,2,2,2,2.0,0,38,300,2,4,0
75000.0,501.0,0.0,High,1,>400%,1,0,1.0,1.0,1.0,95,07,Employed,Private,34,1,1,1.0,1,1,1,26-35,Married,17.0,1.0,HS_diploma,0,2,2,2,2.0,0,38,300,2,4,0
26900.0,501.0,0.0,Low,1,>400%,1,0,1.0,1.0,1.0,36,83,Employed,Private,22,2,5,1.0,1,1,1,18-25,Never_married,14.0,1.0,Less_than_HS,0,2,2,2,2.0,0,38,300,2,4,0
50000.0,501.0,0.0,Medium,1,>400%,1,0,1.0,3.0,1.0,63,07,Employed,Government,61,1,1,1.0,1,1,1,56-65,Married,19.0,1.0,Some_college,0,2,2,2,2.0,0,38,200,2,4,0
45000.0,501.0,0.0,Medium,1,>400%,1,0,6.0,3.0,1.0,51,93,Not_in_labor_force,Government,63,2,1,1.0,1,1,1,56-65,Married,21.0,1.0,Bachelors,0,2,2,2,2.0,0,38,200,2,4,0
70000.0,501.0,0.0,High,1,>400%,1,0,1.0,1.0,1.0,96,04,Employed,Private,29,1,5,1.0,1,1,1,26-35,Never_married,19.0,1.0,Some_college,0,2,2,2,2.0,0,38,200,2,4,0
92000.0,501.0,0.0,Very_High,1,>400%,1,0,1.0,1.0,1.0,32,81,Employed,Private,41,2,1,1.0,1,1,1,36-45,Married,21.0,1.0,Bachelors,0,2,2,2,2.0,0,38,500,2,4,0
92000.0,501.0,0.0,Very_High,1,>400%,1,0,1.0,1.0,1.0,91,63,Employed,Private,43,1,1,1.0,1,1,1,36-45,Married,16.0,1.0,HS_diploma,0,2,2,2,2.0,0,38,500,2,4,0
62000.0,265.0,0.0,High,1,200-400%,1,0,1.0,3.0,1.0,04,93,Employed,Government,26,2,5,1.0,1,3,1,26-35,Never_married,19.0,2.0,Some_college,1,2,2,2,2.0,0,38,400,2,4,0
70000.0,459.0,0.0,High,1,>400%,1,0,3.0,4.0,1.0,38,94,Unemployed,Government,37,1,3,1.0,1,1,1,36-45,Divorced_Separated,20.0,1.0,Some_college,0,2,2,2,2.0,0,38,400,2,4,1
60000.0,333.0,0.0,High,1,200-400%,1,0,1.0,1.0,1.0,14,30,Employed,Private,30,1,1,1.0,1,1,1,26-35,Married,21.0,1.0,Bachelors,0,1,2,2,2.0,1,38,600,2,4,0
41200.0,333.0,0.0,Medium,1,200-400%,1,0,1.0,2.0,1.0,20,83,Employed,Private,29,2,1,1.0,1,1,1,26-35,Married,21.0,1.0,Bachelors,0,2,2,2,2.0,0,38,600,2,4,0
45000.0,291.0,0.0,Medium,1,200-400%,1,0,1.0,1.0,1.0,96,26,Employed,Private,23,1,5,3.0,1,1,1,18-25,Never_married,15.0,1.0,Less_than_HS,0,2,2,2,2.0,0,38,500,2,4,0
0.0,0.0,0.0,,0,,0,0,6.0,1.0,2.0,96,53,Not_in_labor_force,Private,21,2,5,3.0,1,1,1,18-25,Never_married,19.0,1.0,Some_college,0,2,2,2,2.0,0,38,500,2,4,0
44000.0,239.0,0.0,Medium,1,200-400%,1,0,1.0,4.0,1.0,32,78,Employed,Government,28,2,1,1.0,1,1,1,26-35,Married,21.0,1.0,Bachelors,0,2,2,2,2.0,0,38,200,2,4,0
52000.0,239.0,0.0,High,1,200-400%,1,0,1.0,1.0,1.0,05,87,Employed,Private,37,1,1,1.0,1,1,1,36-45,Married,20.0,1.0,Some_college,0,2,2,2,2.0,0,38,200,2,4,0
27000.0,131.0,0.0,Low,2,100-138%,1,0,1.0,7.0,1.0,09,68,Employed,Self_employed,31,2,5,1.0,1,1,1,26-35,Never_married,21.0,1.0,Bachelors,0,2,2,2,2.0,0,38,400,2,4,1
52000.0,332.0,0.0,High,1,200-400%,1,0,1.0,7.0,1.0,48,44,Employed,Self_employed,35,1,5,1.0,1,1,1,26-35,Never_married,19.0,1.0,Some_college,0,2,2,2,2.0,0,38,400,2,4,0
30000.0,501.0,0.0,Low,1,>400%,1,0,1.0,1.0,1.0,34,81,Employed,Private,35,2,1,3.0,1,1,1,26-35,Married,21.0,1.0,Bachelors,0,2,2,2,2.0,0,38,600,2,4,0
96000.0,501.0,0.0,Very_High,1,>400%,1,0,1.0,1.0,1.0,10,73,Employed,Private,37,1,1,3.0,1,1,1,36-45,Married,20.0,1.0,Some_college,0,2,2,2,2.0,0,38,600,2,4,0
7100.0,236.0,0.0,Very_Low,1,200-400%,1,0,1.0,1.0,1.0,74,77,Employed,Private,49,1,5,1.0,1,1,1,46-55,Never_married,16.0,1.0,HS_diploma,0,2,2,2,2.0,0,38,500,2,4,0
0.0,214.0,0.0,,0,200-400%,0,0,6.0,1.0,2.0,41,86,Not_in_labor_force,Private,33,2,1,1.0,1,1,1,26-35,Married,19.0,1.0,Some_college,0,2,2,2,2.0,0,38,100,2,4,0
64000.0,214.0,0.0,High,1,200-400%,1,0,1.0,3.0,1.0,38,94,Employed,Government,34,1,1,1.0,1,1,1,26-35,Married,18.0,1.0,Some_college,0,2,2,2,2.0,0,38,100,2,4,0
0.0,22.0,0.0,,1,<100%,0,0,6.0,1.0,2.0,09,72,Not_in_labor_force,Private,60,2,3,1.0,1,3,1,56-65,Divorced_Separated,21.0,1.0,Bachelors,0,2,2,2,2.0,0,38,400,2,4,0
50000.0,320.0,0.0,Medium,1,200-400%,1,0,1.0,1.0,1.0,56,25,Employed,Private,51,1,5,1.0,1,1,1,46-55,Never_married,16.0,1.0,HS_diploma,0,1,1,2,2.0,1,38,600,2,4,0
90000.0,444.0,0.0,Very_High,1,>400%,1,0,1.0,1.0,1.0,68,03,Employed,Private,49,2,1,1.0,1,1,1,46-55,Married,20.0,1.0,Some_college,0,2,2,2,2.0,0,38,100,2,4,0
0.0,444.0,0.0,,0,>400%,0,0,6.0,1.0,3.0,42,69,Not_in_labor_force,Private,59,1,1,1.0,1,9,1,56-65,Married,12.0,1.0,Less_than_HS,0,2,2,2,2.0,0,38,100,2,4,0
0.0,90.0,0.0,,2,<100%,0,0,6.0,1.0,3.0,42,69,Not_in_labor_force,Private,44,1,5,1.0,1,1,1,36-45,Never_married,18.0,1.0,Some_college,0,2,2,2,2.0,0,38,600,2,4,1
0.0,107.0,0.0,,1,100-138%,0,0,6.0,1.0,3.0,42,69,Not_in_labor_force,Private,64,1,3,1.0,1,3,1,56-65,Divorced_Separated,17.0,1.0,HS_diploma,0,1,2,2,1.0,1,38,100,2,4,1
400.0,107.0,0.0,Very_Low,1,100-138%,1,0,6.0,3.0,1.0,00,93,Not_in_labor_force,Government,55,2,5,1.0,1,3,1,46-55,Never_married,20.0,1.0,Some_college,0,2,2,2,2.0,0,38,100,2,4,0
50000.0,345.0,0.0,Medium,1,200-400%,1,0,1.0,1.0,1.0,57,68,Employed,Private,58,2,1,1.0,1,1,1,56-65,Married,21.0,1.0,Bachelors,0,2,2,2,2.0,0,38,600,2,4,0
57000.0,501.0,0.0,High,2,>400%,1,0,1.0,1.0,1.0,07,45,Employed,Private,54,2,1,1.0,1,1,1,46-55,Married,20.0,1.0,Some_college,0,2,2,2,2.0,0,38,500,2,4,0
125000.0,501.0,0.0,Very_High,1,>400%,1,0,1.0,2.0,1.0,04,05,Employed,Private,43,1,1,1.0,1,1,1,36-45,Married,20.0,1.0,Some_college,0,2,2,2,2.0,0,38,600,2,4,0
60000.0,501.0,0.0,High,1,>400%,1,0,1.0,5.0,1.0,32,94,Employed,Government,44,2,1,1.0,1,1,1,36-45,Married,20.0,1.0,Some_college,0,2,2,2,2.0,0,38,600,2,4,0
24000.0,153.0,0.0,Low,1,138-200%,1,0,1.0,2.0,1.0,22,78,Employed,Private,23,2,5,3.0,1,1,1,18-25,Never_married,21.0,2.0,Bachelors,1,2,2,2,2.0,0,38,600,2,4,0
45000.0,287.0,0.0,Medium,1,200-400%,1,0,1.0,1.0,1.0,42,77,Employed,Private,23,1,5,3.0,1,1,1,18-25,Never_married,19.0,1.0,Some_college,0,2,2,2,2.0,0,38,600,2,4,0
38000.0,243.0,0.0,Medium,1,200-400%,1,0,1.0,1.0,1.0,96,42,Employed,Private,23,1,5,3.0,1,1,1,18-25,Never_married,16.0,2.0,HS_diploma,1,2,2,2,2.0,0,38,600,2,4,0
0.0,55.0,8000.0,,2,<100%,0,1,1.0,6.0,1.0,02,01,Employed,Self_employed,23,1,5,3.0,1,1,1,18-25,Never_married,19.0,1.0,Some_college,0,2,2,2,2.0,0,38,600,2,4,0
75000.0,398.0,0.0,High,2,200-400%,1,0,1.0,5.0,1.0,71,87,Employed,Government,60,1,1,1.0,1,1,1,56-65,Married,20.0,1.0,Some_college,0,2,2,2,2.0,0,38,400,2,4,0
20000.0,398.0,0.0,Low,1,200-400%,1,0,1.0,2.0,1.0,40,82,Employed,Private,51,2,1,1.0,2,8,11,46-55,Married,15.0,1.0,Less_than_HS,0,2,2,2,2.0,0,38,400,2,4,0
0.0,398.0,0.0,,1,200-400%,0,0,6.0,1.0,3.0,42,69,Not_in_labor_force,Private,64,1,3,1.0,2,8,11,56-65,Divorced_Separated,15.0,1.0,Less_than_HS,0,1,2,2,1.0,1,38,400,2,4,0
25000.0,164.0,0.0,Low,1,138-200%,1,0,1.0,1.0,1.0,42,70,Employed,Private,24,2,5,1.0,1,1,1,18-25,Never_married,17.0,1.0,HS_diploma,0,1,2,1,2.0,1,38,500,2,4,1
0.0,291.0,0.0,,0,200-400%,0,0,6.0,1.0,3.0,42,69,Not_in_labor_force,Private,42,2,5,1.0,1,1,1,36-45,Never_married,16.0,1.0,HS_diploma,0,2,2,2,2.0,0,38,500,2,4,1
61000.0,501.0,0.0,High,1,>400%,1,0,1.0,1.0,1.0,62,07,Employed,Private,52,1,1,1.0,1,1,1,46-55,Married,20.0,1.0,Some_college,0,2,2,2,2.0,0,38,300,2,4,0
44700.0,501.0,0.0,Medium,1,>400%,1,0,1.0,1.0,1.0,15,30,Employed,Private,47,2,1,1.0,1,1,1,46-55,Married,20.0,1.0,Some_college,0,2,2,2,2.0,0,38,300,2,4,0
41000.0,336.0,0.0,Medium,2,200-400%,1,0,2.0,1.0,1.0,32,81,Employed,Private,34,2,1,1.0,1,1,1,26-35,Married,21.0,1.0,Bachelors,0,2,2,2,2.0,0,38,600,2,4,0
40000.0,336.0,0.0,Medium,2,200-400%,1,0,1.0,1.0,1.0,19,45,Employed,Private,38,1,1,1.0,1,1,1,36-45,Married,16.0,1.0,HS_diploma,0,2,2,2,2.0,0,38,600,2,4,0
48000.0,436.0,0.0,Medium,1,>400%,1,0,1.0,1.0,1.0,62,60,Employed,Private,40,1,1,1.0,1,9,1,36-45,Married,17.0,1.0,HS_diploma,0,2,2,2,2.0,0,38,500,2,4,0
73000.0,436.0,0.0,High,2,>400%,1,0,6.0,3.0,1.0,02,78,Not_in_labor_force,Government,43,2,1,1.0,2,8,2,36-45,Married,9.0,1.0,Less_than_HS,0,2,2,2,2.0,0,38,500,2,4,0
38000.0,436.0,0.0,Medium,1,>400%,1,0,1.0,1.0,1.0,96,24,Employed,Private,20,1,5,1.0,1,8,2,18-25,Never_married,18.0,1.0,Some_college,0,2,2,2,2.0,0,38,500,2,4,0
100000.0,501.0,0.0,Very_High,2,>400%,1,0,1.0,7.0,1.0,51,68,Employed,Self_employed,55,2,1,1.0,1,1,1,46-55,Married,21.0,1.0,Bachelors,0,2,2,2,2.0,0,38,200,2,4,0
100000.0,501.0,0.0,Very_High,1,>400%,1,0,1.0,7.0,1.0,63,07,Employed,Self_employed,57,1,1,1.0,1,1,1,56-65,Married,16.0,1.0,HS_diploma,0,2,2,2,2.0,0,38,200,2,4,0
45500.0,295.0,0.0,Medium,1,200-400%,1,0,1.0,2.0,1.0,23,78,Employed,Private,26,2,5,1.0,1,1,1,26-35,Never_married,22.0,1.0,Graduate,0,2,2,2,2.0,0,38,500,2,4,0
60000.0,325.0,0.0,High,1,200-400%,1,0,1.0,1.0,1.0,57,61,Employed,Private,31,2,3,1.0,1,1,1,26-35,Divorced_Separated,16.0,1.0,HS_diploma,0,2,2,2,2.0,0,38,200,2,4,0
0.0,77.0,0.0,,1,<100%,0,0,6.0,1.0,3.0,42,69,Not_in_labor_force,Private,20,2,5,1.0,1,1,1,18-25,Never_married,16.0,1.0,HS_diploma,0,1,2,2,2.0,1,38,400,2,4,1
0.0,410.0,0.0,,2,>400%,0,0,6.0,1.0,2.0,23,78,Not_in_labor_force,Private,65,1,1,1.0,1,1,1,56-65,Married,21.0,1.0,Bachelors,0,1,2,2,1.0,1,38,500,2,4,0
60000.0,501.0,0.0,High,2,>400%,1,0,1.0,1.0,1.0,57,68,Employed,Private,65,2,1,1.0,1,1,1,56-65,Married,16.0,1.0,HS_diploma,0,2,2,2,2.0,0,38,400,2,4,0
50000.0,383.0,0.0,Medium,2,200-400%,1,0,1.0,1.0,1.0,91,07,Employed,Private,54,1,1,1.0,1,1,1,46-55,Married,19.0,1.0,Some_college,0,2,2,2,2.0,0,38,200,2,4,0
33600.0,383.0,0.0,Medium,2,200-400%,1,0,1.0,3.0,1.0,40,78,Employed,Government,53,2,1,1.0,1,1,1,46-55,Married,16.0,1.0,HS_diploma,0,2,2,2,2.0,0,38,200,2,4,0
51000.0,335.0,0.0,High,1,200-400%,1,0,1.0,1.0,1.0,11,69,Employed,Private,52,1,5,1.0,1,1,1,46-55,Never_married,20.0,1.0,Some_college,0,2,2,2,2.0,0,38,600,2,4,0
72000.0,501.0,0.0,High,1,>400%,1,0,1.0,3.0,1.0,23,78,Employed,Government,49,2,1,1.0,1,1,1,46-55,Married,22.0,1.0,Graduate,0,2,2,2,2.0,0,38,600,2,4,0
72000.0,501.0,2000.0,High,2,>400%,1,1,1.0,3.0,1.0,23,78,Employed,Government,48,1,1,1.0,1,1,1,46-55,Married,22.0,1.0,Graduate,0,2,2,2,2.0,0,38,600,2,4,0
35000.0,501.0,0.0,Medium,1,>400%,1,0,1.0,1.0,1.0,89,24,Employed,Private,22,1,5,1.0,1,1,1,18-25,Never_married,19.0,1.0,Some_college,0,2,2,2,2.0,0,38,600,2,4,0
0.0,105.0,16600.0,,1,100-138%,0,1,1.0,6.0,1.0,02,01,Employed,Self_employed,26,1,5,1.0,1,9,1,26-35,Never_married,20.0,1.0,Some_college,0,2,2,2,2.0,0,38,200,2,4,0
0.0,240.0,0.0,,0,200-400%,0,0,6.0,1.0,3.0,42,69,Not_in_labor_force,Private,43,1,3,1.0,1,9,24,36-45,Divorced_Separated,1.0,1.0,Less_than_HS,0,2,2,2,2.0,0,38,500,2,4,0
77000.0,496.0,0.0,Very_High,1,>400%,1,0,1.0,1.0,1.0,30,50,Employed,Private,34,2,1,1.0,1,1,1,26-35,Married,24.0,1.0,Graduate,0,1,2,1,2.0,1,38,100,2,4,0
46000.0,345.0,0.0,Medium,1,200-400%,1,0,1.0,1.0,1.0,72,46,Employed,Private,65,1,1,1.0,1,1,1,56-65,Married,15.0,1.0,Less_than_HS,0,1,1,2,2.0,1,38,400,2,4,0
30000.0,191.0,0.0,Low,1,138-200%,1,0,4.0,5.0,1.0,57,96,Not_in_labor_force,Government,28,2,1,1.0,1,1,1,26-35,Married,19.0,1.0,Some_college,0,2,2,2,2.0,0,38,200,2,4,0
8900.0,191.0,0.0,Very_Low,1,138-200%,1,0,1.0,5.0,1.0,73,71,Employed,Government,29,1,1,1.0,1,1,1,26-35,Married,20.0,1.0,Some_college,0,1,2,2,2.0,1,38,200,2,4,0
75000.0,479.0,0.0,High,1,>400%,1,0,1.0,1.0,1.0,63,07,Employed,Private,61,1,3,1.0,1,1,1,56-65,Divorced_Separated,20.0,1.0,Some_college,0,2,2,2,2.0,0,38,200,2,4,0
1300.0,80.0,0.0,Very_Low,1,<100%,1,0,6.0,1.0,1.0,45,89,Not_in_labor_force,Private,18,2,5,3.0,1,1,2,18-25,Never_married,18.0,3.0,Some_college,1,2,2,2,2.0,0,38,600,2,4,0
15000.0,94.0,0.0,Very_Low,1,<100%,1,0,1.0,1.0,1.0,84,49,Employed,Private,20,1,5,3.0,1,1,2,18-25,Never_married,20.0,1.0,Some_college,0,2,2,2,2.0,0,38,600,2,4,0
15000.0,80.0,0.0,Very_Low,1,<100%,1,0,1.0,1.0,1.0,96,44,Employed,Private,20,1,5,3.0,1,1,2,18-25,Never_married,16.0,1.0,HS_diploma,0,2,2,2,2.0,0,38,600,2,4,0
145000.0,501.0,0.0,Very_High,2,>400%,1,0,1.0,1.0,1.0,47,48,Employed,Private,32,2,1,1.0,1,1,1,26-35,Married,21.0,1.0,Bachelors,0,2,2,2,2.0,0,38,400,2,4,0
115000.0,501.0,0.0,Very_High,1,>400%,1,0,1.0,7.0,1.0,47,48,Employed,Self_employed,37,1,1,1.0,1,1,1,36-45,Married,16.0,1.0,HS_diploma,0,2,2,2,2.0,0,38,400,2,4,0
4500.0,145.0,0.0,Very_Low,1,138-200%,1,0,1.0,2.0,1.0,57,91,Employed,Private,47,2,1,1.0,1,1,1,46-55,Married,21.0,1.0,Bachelors,0,2,2,2,2.0,0,38,500,2,4,0
60000.0,145.0,0.0,High,1,138-200%,1,0,1.0,4.0,1.0,22,78,Employed,Government,52,1,1,1.0,1,1,1,46-55,Married,24.0,1.0,Graduate,0,2,2,2,2.0,0,38,500,2,4,0
33000.0,158.0,0.0,Medium,1,138-200%,1,0,1.0,4.0,1.0,54,81,Employed,Government,27,1,5,1.0,1,1,1,26-35,Never_married,21.0,1.0,Bachelors,0,2,2,2,2.0,0,38,400,2,4,0
15000.0,95.0,0.0,Very_Low,1,<100%,1,0,1.0,4.0,1.0,36,81,Employed,Government,28,2,5,1.0,1,1,2,26-35,Never_married,19.0,2.0,Some_college,1,2,2,2,2.0,0,38,400,2,4,1
50000.0,501.0,0.0,Medium,1,>400%,1,0,1.0,1.0,1.0,52,69,Employed,Private,49,2,1,1.0,1,1,1,46-55,Married,21.0,1.0,Bachelors,0,2,2,2,2.0,0,38,400,2,4,0
50000.0,322.0,0.0,Medium,1,200-400%,1,0,1.0,1.0,1.0,87,30,Employed,Private,53,1,5,1.0,1,1,1,46-55,Never_married,16.0,1.0,HS_diploma,0,2,2,2,2.0,0,38,600,2,4,0
0.0,501.0,0.0,,1,>400%,0,0,6.0,1.0,3.0,42,69,Not_in_labor_force,Private,37,1,5,1.0,1,1,1,36-45,Never_married,18.0,1.0,Some_college,0,1,2,2,2.0,1,38,600,2,4,0
12000.0,99.0,0.0,Very_Low,4,<100%,1,0,1.0,1.0,1.0,52,54,Employed,Private,45,2,3,1.0,1,1,1,36-45,Divorced_Separated,20.0,1.0,Some_college,0,2,2,2,2.0,0,38,400,2,4,1
0.0,99.0,0.0,,0,<100%,0,0,6.0,1.0,3.0,42,69,Not_in_labor_force,Private,18,1,5,1.0,1,1,1,18-25,Never_married,14.0,2.0,Less_than_HS,1,2,2,2,2.0,0,38,400,2,4,1
29000.0,431.0,0.0,Low,1,>400%,1,0,1.0,1.0,1.0,51,68,Employed,Private,64,2,1,1.0,1,1,1,56-65,Married,20.0,1.0,Some_college,0,2,2,2,2.0,0,38,200,2,4,0
60000.0,496.0,0.0,High,1,>400%,1,0,1.0,1.0,1.0,57,72,Employed,Private,43,2,1,1.0,1,1,1,36-45,Married,20.0,1.0,Some_college,0,2,2,2,2.0,0,38,600,2,4,0
60000.0,496.0,0.0,High,1,>400%,1,0,1.0,1.0,1.0,15,66,Employed,Private,38,1,1,1.0,1,1,1,36-45,Married,20.0,1.0,Some_college,0,2,2,2,2.0,0,38,600,2,4,0
97000.0,501.0,0.0,Very_High,1,>400%,1,0,1.0,1.0,1.0,07,28,Employed,Private,33,1,1,1.0,1,1,1,26-35,Married,20.0,1.0,Some_college,0,2,2,2,2.0,0,38,100,2,4,0
76000.0,501.0,0.0,Very_High,1,>400%,1,0,1.0,1.0,1.0,07,41,Employed,Private,36,2,1,1.0,1,1,1,36-45,Married,20.0,1.0,Some_college,0,2,2,2,2.0,0,38,100,2,4,0
0.0,384.0,0.0,,1,200-400%,0,0,6.0,3.0,2.0,43,90,Not_in_labor_force,Government,41,1,1,1.0,1,1,1,36-45,Married,19.0,3.0,Some_college,1,1,2,2,2.0,1,38,300,2,4,0
0.0,384.0,0.0,,1,200-400%,0,0,6.0,1.0,2.0,49,75,Not_in_labor_force,Private,44,2,1,1.0,1,9,1,36-45,Married,19.0,1.0,Some_college,0,1,2,1,1.0,1,38,300,2,4,0
15400.0,501.0,0.0,Low,2,>400%,1,0,1.0,1.0,1.0,96,53,Employed,Private,34,2,5,1.0,1,1,1,26-35,Never_married,16.0,1.0,HS_diploma,0,2,2,2,2.0,0,38,200,2,4,1
49000.0,250.0,0.0,Medium,1,200-400%,1,0,1.0,1.0,1.0,20,69,Employed,Private,52,2,5,1.0,1,1,1,46-55,Never_married,20.0,1.0,Some_college,0,2,2,2,2.0,0,38,300,2,4,0
0.0,250.0,0.0,,0,200-400%,0,0,6.0,1.0,2.0,36,81,Not_in_labor_force,Private,27,2,5,1.0,1,1,1,26-35,Never_married,21.0,1.0,Bachelors,0,1,2,2,1.0,1,38,300,2,4,0
55000.0,501.0,0.0,High,1,>400%,1,0,1.0,1.0,1.0,33,80,Employed,Private,57,2,1,1.0,1,1,1,56-65,Married,20.0,1.0,Some_college,0,2,2,2,2.0,0,38,600,2,4,0
52000.0,501.0,0.0,High,1,>400%,1,0,1.0,1.0,1.0,80,28,Employed,Private,58,1,1,1.0,1,1,1,56-65,Married,19.0,1.0,Some_college,0,1,1,2,2.0,1,38,600,2,4,0
28000.0,501.0,0.0,Low,1,>400%,1,0,1.0,1.0,1.0,47,49,Employed,Private,29,2,5,1.0,1,1,1,26-35,Never_married,16.0,1.0,HS_diploma,0,1,2,2,2.0,1,38,600,2,4,0
0.0,501.0,0.0,,3,>400%,0,0,6.0,1.0,2.0,40,49,Not_in_labor_force,Private,64,2,2,1.0,1,1,1,56-65,Divorced_Separated,20.0,1.0,Some_college,0,2,2,2,2.0,0,38,200,2,4,0
0.0,22.0,0.0,,1,<100%,0,0,6.0,1.0,3.0,42,69,Not_in_labor_force,Private,58,2,3,3.0,1,3,1,56-65,Divorced_Separated,14.0,1.0,Less_than_HS,0,2,2,2,2.0,0,38,400,2,4,1
50000.0,501.0,0.0,Medium,2,>400%,1,0,1.0,2.0,1.0,22,78,Employed,Private,31,2,1,1.0,1,1,1,26-35,Married,24.0,1.0,Graduate,0,2,2,2,2.0,0,38,300,2,4,0
50000.0,501.0,0.0,Medium,1,>400%,1,0,1.0,1.0,1.0,91,45,Employed,Private,33,1,1,1.0,1,1,1,26-35,Married,21.0,1.0,Bachelors,0,2,2,2,2.0,0,38,300,2,4,0
9100.0,130.0,0.0,Very_Low,3,100-138%,1,0,6.0,1.0,1.0,40,49,Not_in_labor_force,Private,64,2,3,1.0,1,1,1,56-65,Divorced_Separated,20.0,1.0,Some_college,0,1,2,2,1.0,1,38,300,2,4,0
35000.0,336.0,0.0,Medium,1,200-400%,1,0,1.0,2.0,1.0,45,91,Employed,Private,42,2,1,1.0,1,1,1,36-45,Married,21.0,1.0,Bachelors,0,2,2,2,2.0,0,38,200,2,4,0
46000.0,336.0,0.0,Medium,1,200-400%,1,0,1.0,1.0,1.0,40,78,Employed,Private,42,1,1,1.0,1,1,1,36-45,Married,20.0,1.0,Some_college,0,2,2,2,2.0,0,38,200,2,4,0
160000.0,501.0,0.0,Very_High,2,>400%,1,0,1.0,1.0,1.0,03,73,Employed,Private,56,1,1,1.0,1,1,1,56-65,Married,21.0,1.0,Bachelors,0,2,2,2,2.0,0,38,300,2,4,0
63000.0,501.0,0.0,High,1,>400%,1,0,1.0,1.0,1.0,32,81,Employed,Private,54,2,1,1.0,1,1,1,46-55,Married,21.0,1.0,Bachelors,0,2,2,2,2.0,0,38,300,2,4,0
12000.0,76.0,0.0,Very_Low,1,<100%,1,0,1.0,4.0,1.0,23,78,Employed,Government,20,1,5,1.0,1,1,1,18-25,Never_married,19.0,2.0,Some_college,1,2,2,2,2.0,0,38,500,2,4,0
7500.0,48.0,0.0,Very_Low,1,<100%,1,0,1.0,1.0,1.0,47,52,Employed,Private,20,1,5,1.0,1,1,1,18-25,Never_married,19.0,2.0,Some_college,1,2,2,2,2.0,0,38,500,2,4,0
60000.0,384.0,0.0,High,1,200-400%,1,0,1.0,1.0,1.0,96,63,Employed,Private,18,1,5,3.0,1,1,1,18-25,Never_married,19.0,2.0,Some_college,1,2,2,2,2.0,0,38,500,2,4,0
31000.0,196.0,0.0,Medium,1,138-200%,1,0,1.0,1.0,1.0,02,84,Employed,Private,50,2,5,1.0,1,1,1,46-55,Never_married,21.0,1.0,Bachelors,0,1,2,2,2.0,1,38,100,2,4,1
10000.0,64.0,0.0,Very_Low,1,<100%,1,0,1.0,2.0,1.0,44,85,Employed,Private,59,1,5,1.0,1,1,1,56-65,Never_married,19.0,1.0,Some_college,0,1,1,2,1.0,1,38,200,2,4,1
0.0,501.0,65000.0,,1,>400%,0,1,1.0,6.0,1.0,62,07,Employed,Self_employed,31,1,1,1.0,1,1,1,26-35,Married,16.0,1.0,HS_diploma,0,2,2,2,2.0,0,38,600,2,4,0
42000.0,501.0,0.0,Medium,1,>400%,1,0,1.0,1.0,1.0,54,79,Employed,Private,29,2,1,1.0,1,1,1,26-35,Married,20.0,1.0,Some_college,0,2,2,2,2.0,0,38,600,2,4,0
0.0,0.0,0.0,,0,,0,0,6.0,1.0,2.0,71,87,Not_in_labor_force,Private,63,1,3,3.0,1,1,1,56-65,Divorced_Separated,16.0,1.0,HS_diploma,0,2,2,2,2.0,0,38,100,2,4,0
51000.0,501.0,0.0,High,2,>400%,1,0,1.0,5.0,1.0,04,95,Employed,Government,61,1,1,1.0,1,1,1,56-65,Married,20.0,1.0,Some_college,0,2,2,2,2.0,0,38,500,2,4,0
75000.0,501.0,0.0,High,2,>400%,1,0,1.0,5.0,1.0,36,95,Employed,Government,60,2,1,1.0,1,1,1,56-65,Married,16.0,1.0,HS_diploma,0,2,2,2,2.0,0,38,500,2,4,0
19000.0,122.0,0.0,Low,2,100-138%,1,0,1.0,1.0,1.0,48,44,Employed,Private,63,1,3,1.0,1,1,1,56-65,Divorced_Separated,19.0,1.0,Some_college,0,2,2,2,2.0,0,38,100,2,4,0
60000.0,385.0,0.0,High,2,200-400%,1,0,4.0,5.0,1.0,98,96,Not_in_labor_force,Government,30,1,5,1.0,1,1,1,26-35,Never_married,18.0,1.0,Some_college,0,2,2,2,2.0,0,38,200,2,4,0
80000.0,360.0,0.0,Very_High,1,200-400%,1,0,1.0,5.0,1.0,11,95,Employed,Government,38,1,1,1.0,1,1,1,36-45,Married,19.0,1.0,Some_college,0,2,2,2,2.0,0,38,200,2,4,0
18000.0,360.0,0.0,Low,1,200-400%,1,0,1.0,1.0,1.0,51,68,Employed,Private,41,2,1,1.0,1,1,1,36-45,Married,16.0,1.0,HS_diploma,0,2,2,2,2.0,0,38,200,2,4,0
0.0,73.0,0.0,,1,<100%,0,0,6.0,1.0,2.0,62,07,Not_in_labor_force,Private,65,1,3,1.0,1,1,1,56-65,Divorced_Separated,19.0,1.0,Some_college,0,2,2,2,2.0,0,38,400,2,4,0
0.0,439.0,0.0,,0,>400%,0,0,6.0,1.0,2.0,36,75,Not_in_labor_force,Private,55,2,1,1.0,1,1,1,46-55,Married,20.0,1.0,Some_college,0,2,2,2,2.0,0,38,500,2,4,0
95000.0,439.0,-6700.0,Very_High,1,>400%,1,0,6.0,1.0,1.0,15,73,Not_in_labor_force,Private,56,1,1,1.0,1,1,1,56-65,Married,24.0,1.0,Graduate,0,2,2,2,2.0,0,38,500,2,4,0
73000.0,396.0,0.0,High,1,200-400%,1,0,1.0,1.0,1.0,96,51,Employed,Private,35,2,1,1.0,1,1,1,26-35,Married,20.0,1.0,Some_college,0,2,2,2,2.0,0,38,500,2,4,0
70000.0,396.0,0.0,High,1,200-400%,1,0,1.0,3.0,1.0,38,94,Employed,Government,34,1,1,1.0,1,1,1,26-35,Married,16.0,1.0,HS_diploma,0,2,2,2,2.0,0,38,500,2,4,0
96000.0,501.0,0.0,Very_High,1,>400%,1,0,1.0,1.0,1.0,32,81,Employed,Private,45,1,5,1.0,1,1,1,36-45,Never_married,21.0,1.0,Bachelors,0,2,2,2,2.0,0,38,500,2,4,0
0.0,96.0,0.0,,1,<100%,0,0,6.0,1.0,2.0,60,01,Not_in_labor_force,Private,63,1,3,1.0,1,1,1,56-65,Divorced_Separated,16.0,1.0,HS_diploma,0,2,2,2,2.0,0,38,400,2,4,1
65000.0,501.0,0.0,High,1,>400%,1,0,1.0,1.0,1.0,28,66,Employed,Private,48,2,1,1.0,1,1,1,46-55,Married,21.0,1.0,Bachelors,0,2,2,2,2.0,0,38,600,2,4,0
150000.0,501.0,0.0,Very_High,1,>400%,1,0,1.0,1.0,1.0,21,41,Employed,Private,43,1,1,1.0,1,1,1,36-45,Married,23.0,1.0,Graduate,0,2,2,2,2.0,0,38,600,2,4,0
0.0,249.0,0.0,,0,200-400%,0,0,6.0,2.0,2.0,36,81,Not_in_labor_force,Private,25,1,1,3.0,1,1,1,18-25,Married,21.0,2.0,Bachelors,1,2,2,2,2.0,0,38,300,2,4,0
50000.0,249.0,0.0,Medium,1,200-400%,1,0,1.0,2.0,1.0,33,81,Employed,Private,24,2,1,3.0,1,1,1,18-25,Married,21.0,1.0,Bachelors,0,2,2,2,2.0,0,38,300,2,4,0
65000.0,417.0,0.0,High,1,>400%,1,0,1.0,1.0,1.0,10,73,Employed,Private,26,1,5,3.0,1,1,1,26-35,Never_married,22.0,1.0,Graduate,0,2,2,2,2.0,0,38,300,2,4,0
30000.0,210.0,0.0,Low,1,200-400%,1,0,1.0,1.0,1.0,36,81,Employed,Private,36,2,1,1.0,1,1,1,36-45,Married,19.0,1.0,Some_college,0,2,2,2,2.0,0,38,300,2,4,0
45000.0,210.0,0.0,Medium,1,200-400%,1,0,1.0,1.0,1.0,62,07,Employed,Private,39,1,1,1.0,1,1,1,36-45,Married,16.0,1.0,HS_diploma,0,2,2,2,2.0,0,38,300,2,4,0
43000.0,286.0,0.0,Medium,1,200-400%,1,0,1.0,3.0,1.0,08,93,Employed,Government,35,2,1,1.0,1,1,1,26-35,Married,19.0,1.0,Some_college,0,2,2,2,2.0,0,38,200,2,4,0
42000.0,286.0,0.0,Medium,1,200-400%,1,0,1.0,1.0,1.0,20,83,Employed,Private,46,1,1,1.0,1,1,1,46-55,Married,18.0,1.0,Some_college,0,2,2,2,2.0,0,38,200,2,4,0
2800.0,354.0,0.0,Very_Low,4,200-400%,1,0,1.0,3.0,1.0,08,93,Employed,Government,63,2,3,1.0,1,1,1,56-65,Divorced_Separated,20.0,1.0,Some_college,0,1,1,2,2.0,1,38,500,2,4,0
131000.0,501.0,0.0,Very_High,1,>400%,1,0,1.0,1.0,1.0,11,05,Employed,Private,57,1,1,1.0,1,1,1,56-65,Married,20.0,1.0,Some_college,0,2,2,2,2.0,0,38,300,2,4,0
50000.0,501.0,0.0,Medium,1,>400%,1,0,1.0,1.0,1.0,08,10,Employed,Private,55,2,1,1.0,2,1,1,46-55,Married,21.0,1.0,Bachelors,0,2,2,2,2.0,0,38,300,2,4,0
17000.0,501.0,0.0,Low,1,>400%,1,0,1.0,1.0,1.0,47,48,Employed,Private,22,1,5,1.0,1,1,1,18-25,Never_married,16.0,2.0,HS_diploma,1,2,2,2,2.0,0,38,300,2,4,0
14500.0,501.0,0.0,Very_Low,1,>400%,1,0,1.0,1.0,1.0,47,48,Employed,Private,20,1,5,1.0,1,1,1,18-25,Never_married,16.0,2.0,HS_diploma,1,2,2,2,2.0,0,38,300,2,4,0
800.0,294.0,600.0,Very_Low,2,200-400%,1,1,1.0,3.0,1.0,23,78,Employed,Government,33,2,1,1.0,1,1,1,26-35,Married,21.0,1.0,Bachelors,0,2,2,2,2.0,0,38,200,2,4,0
115000.0,294.0,0.0,Very_High,1,200-400%,1,0,1.0,1.0,1.0,71,87,Employed,Private,34,1,1,1.0,1,1,1,26-35,Married,19.0,1.0,Some_college,0,2,2,2,2.0,0,38,200,2,4,0
0.0,169.0,0.0,,0,138-200%,0,0,6.0,1.0,3.0,42,69,Not_in_labor_force,Private,32,2,1,1.0,1,1,1,26-35,Married,1.0,1.0,Less_than_HS,0,2,2,2,2.0,0,38,400,2,4,0
60000.0,169.0,0.0,High,1,138-200%,1,0,1.0,1.0,1.0,01,68,Employed,Private,31,1,1,1.0,1,1,1,26-35,Married,21.0,1.0,Bachelors,0,2,2,2,2.0,0,38,400,2,4,0
101000.0,501.0,0.0,Very_High,1,>400%,1,0,1.0,1.0,1.0,10,41,Employed,Private,30,1,5,1.0,1,1,1,26-35,Never_married,22.0,1.0,Graduate,0,2,2,2,2.0,0,38,400,2,4,0
5300.0,475.0,0.0,Very_Low,1,>400%,1,0,1.0,1.0,1.0,06,38,Employed,Private,32,2,1,1.0,2,1,1,26-35,Married,16.0,1.0,HS_diploma,0,2,2,2,2.0,0,38,500,2,4,0
140000.0,475.0,0.0,Very_High,1,>400%,1,0,1.0,1.0,1.0,01,38,Employed,Private,35,1,1,1.0,1,1,1,26-35,Married,16.0,1.0,HS_diploma,0,2,2,2,2.0,0,38,500,2,4,0
0.0,213.0,0.0,,0,200-400%,0,0,6.0,1.0,2.0,51,61,Not_in_labor_force,Private,48,2,3,1.0,1,1,1,46-55,Divorced_Separated,16.0,1.0,HS_diploma,0,1,2,2,2.0,1,38,500,2,4,0
0.0,213.0,0.0,,0,200-400%,0,0,6.0,1.0,2.0,64,07,Not_in_labor_force,Private,18,1,5,1.0,1,1,1,18-25,Never_married,16.0,2.0,HS_diploma,1,2,2,2,2.0,0,38,500,2,4,0
9000.0,401.0,0.0,Very_Low,2,>400%,1,0,6.0,1.0,1.0,91,45,Not_in_labor_force,Private,63,2,1,1.0,1,1,1,56-65,Married,18.0,1.0,Some_college,0,2,2,2,2.0,0,38,500,2,4,0
60000.0,401.0,0.0,High,1,>400%,1,0,1.0,1.0,1.0,72,88,Employed,Private,51,1,1,1.0,1,1,1,46-55,Married,16.0,1.0,HS_diploma,0,2,2,2,2.0,0,38,500,2,4,0
40000.0,257.0,0.0,Medium,1,200-400%,1,0,1.0,1.0,1.0,51,61,Employed,Private,21,2,5,1.0,1,1,1,18-25,Never_married,16.0,1.0,HS_diploma,0,2,2,2,2.0,0,38,500,2,4,0
12000.0,501.0,0.0,Very_Low,1,>400%,1,0,6.0,2.0,1.0,57,91,Not_in_labor_force,Private,50,2,1,1.0,1,1,1,46-55,Married,21.0,1.0,Bachelors,0,2,2,2,2.0,0,38,400,2,4,0
63000.0,342.0,0.0,High,1,200-400%,1,0,1.0,3.0,1.0,49,93,Employed,Government,40,1,1,1.0,1,1,1,36-45,Married,19.0,1.0,Some_college,0,2,2,2,2.0,0,38,600,2,4,0
61000.0,342.0,0.0,High,1,200-400%,1,0,1.0,4.0,1.0,21,95,Employed,Government,37,2,1,1.0,1,1,1,36-45,Married,21.0,1.0,Bachelors,0,2,2,2,2.0,0,38,600,2,4,0
38400.0,204.0,0.0,Medium,1,200-400%,1,0,1.0,3.0,1.0,89,93,Employed,Government,49,1,1,1.0,1,1,1,46-55,Married,19.0,1.0,Some_college,0,2,2,2,2.0,0,38,300,2,4,0
2000.0,204.0,0.0,Very_Low,1,200-400%,1,0,6.0,1.0,1.0,96,62,Not_in_labor_force,Private,45,2,1,1.0,1,1,1,36-45,Married,16.0,1.0,HS_diploma,0,2,2,2,2.0,0,38,300,2,4,0
0.0,180.0,0.0,,2,138-200%,0,0,6.0,1.0,3.0,42,69,Not_in_labor_force,Private,65,2,3,1.0,1,1,1,56-65,Divorced_Separated,19.0,1.0,Some_college,0,1,2,2,1.0,1,38,100,2,4,0
50000.0,456.0,0.0,Medium,1,>400%,1,0,1.0,2.0,1.0,06,81,Employed,Private,25,2,1,1.0,1,1,1,18-25,Married,21.0,1.0,Bachelors,0,2,2,2,2.0,0,38,400,2,4,0
60000.0,456.0,0.0,High,1,>400%,1,0,1.0,1.0,1.0,01,68,Employed,Private,27,1,1,1.0,1,1,1,26-35,Married,21.0,2.0,Bachelors,1,2,2,2,2.0,0,38,400,2,4,0
68000.0,501.0,0.0,High,2,>400%,1,0,1.0,5.0,1.0,36,95,Employed,Government,48,2,1,3.0,2,8,5,46-55,Married,20.0,1.0,Some_college,0,2,2,2,2.0,0,38,400,2,4,0
17100.0,112.0,0.0,Low,2,100-138%,1,0,1.0,1.0,1.0,40,86,Employed,Private,29,1,5,1.0,1,1,1,26-35,Never_married,16.0,1.0,HS_diploma,0,1,2,2,2.0,1,38,600,2,4,0
15800.0,501.0,57000.0,Low,3,>400%,1,1,1.0,4.0,1.0,25,78,Employed,Government,57,2,1,1.0,1,9,1,56-65,Married,16.0,1.0,HS_diploma,0,2,2,2,2.0,0,38,200,2,4,0
32700.0,501.0,0.0,Medium,1,>400%,1,0,6.0,1.0,1.0,68,04,Not_in_labor_force,Private,61,1,1,1.0,1,1,1,56-65,Married,14.0,1.0,Less_than_HS,0,2,2,2,2.0,0,38,200,2,4,0
35000.0,394.0,0.0,Medium,3,200-400%,1,0,1.0,4.0,1.0,32,94,Employed,Government,63,2,1,1.0,1,1,1,56-65,Married,19.0,1.0,Some_college,0,2,2,2,2.0,0,38,500,2,4,0
0.0,331.0,38000.0,,2,200-400%,0,1,1.0,6.0,1.0,46,84,Employed,Self_employed,58,2,2,1.0,1,1,1,56-65,Divorced_Separated,16.0,1.0,HS_diploma,0,2,2,2,2.0,0,38,300,2,4,0
28000.0,331.0,0.0,Low,1,200-400%,1,0,1.0,3.0,1.0,46,78,Employed,Government,23,2,5,1.0,1,1,1,18-25,Never_married,21.0,1.0,Bachelors,0,2,2,2,2.0,0,38,300,2,4,0
26000.0,166.0,0.0,Low,1,138-200%,1,0,1.0,2.0,1.0,33,79,Employed,Private,22,1,5,3.0,1,1,1,18-25,Never_married,21.0,1.0,Bachelors,0,2,2,2,2.0,0,38,600,2,4,0
52000.0,332.0,0.0,High,1,200-400%,1,0,1.0,2.0,1.0,03,81,Employed,Private,22,2,5,3.0,1,1,1,18-25,Never_married,21.0,2.0,Bachelors,1,2,2,2,2.0,0,38,600,2,4,0
40200.0,257.0,0.0,Medium,1,200-400%,1,0,1.0,1.0,1.0,02,01,Employed,Private,61,1,5,1.0,1,5,1,56-65,Never_married,22.0,1.0,Graduate,0,2,2,2,2.0,0,38,100,2,4,0
100000.0,501.0,0.0,Very_High,1,>400%,1,0,1.0,1.0,1.0,50,69,Employed,Private,45,2,1,1.0,1,1,1,36-45,Married,21.0,1.0,Bachelors,0,2,2,2,2.0,0,38,600,2,4,0
130000.0,501.0,0.0,Very_High,1,>400%,1,0,3.0,1.0,1.0,04,64,Unemployed,Private,46,1,1,1.0,1,1,1,46-55,Married,21.0,1.0,Bachelors,0,2,2,2,2.0,0,38,600,2,4,0
57000.0,211.0,0.0,High,1,200-400%,1,0,1.0,1.0,1.0,87,21,Employed,Private,42,1,1,1.0,2,2,1,36-45,Married,21.0,1.0,Bachelors,0,2,2,2,2.0,0,38,600,2,4,0
26500.0,211.0,0.0,Low,1,200-400%,1,0,1.0,2.0,1.0,36,81,Employed,Private,39,2,1,1.0,2,2,1,36-45,Married,18.0,1.0,Some_college,0,2,2,2,2.0,0,38,600,2,4,0
18000.0,136.0,0.0,Low,1,100-138%,1,0,1.0,2.0,1.0,42,76,Employed,Private,20,2,5,1.0,1,3,1,18-25,Never_married,18.0,1.0,Some_college,0,2,2,2,2.0,0,38,600,2,4,1
89000.0,501.0,0.0,Very_High,1,>400%,1,0,1.0,4.0,1.0,20,82,Employed,Government,64,2,2,1.0,2,9,1,56-65,Divorced_Separated,20.0,1.0,Some_college,0,2,2,2,2.0,0,38,500,2,4,0
104000.0,394.0,0.0,Very_High,1,200-400%,1,0,4.0,5.0,1.0,98,96,Not_in_labor_force,Government,36,1,1,1.0,1,1,1,36-45,Married,22.0,1.0,Graduate,0,2,2,2,2.0,0,38,200,2,4,0
13000.0,394.0,0.0,Very_Low,1,200-400%,1,0,1.0,1.0,1.0,07,73,Employed,Private,36,2,1,1.0,1,1,1,36-45,Married,22.0,1.0,Graduate,0,2,2,2,2.0,0,38,200,2,4,0
81000.0,501.0,0.0,Very_High,2,>400%,1,0,1.0,1.0,1.0,57,88,Employed,Private,60,2,1,1.0,1,1,1,56-65,Married,18.0,1.0,Some_college,0,1,2,2,1.0,1,38,100,2,4,0
0.0,501.0,0.0,,1,>400%,0,0,6.0,1.0,2.0,96,53,Not_in_labor_force,Private,59,1,1,1.0,1,1,1,56-65,Married,17.0,1.0,HS_diploma,0,1,1,2,2.0,1,38,100,2,4,0
50000.0,253.0,0.0,Medium,1,200-400%,1,0,1.0,2.0,1.0,00,83,Employed,Private,61,1,1,1.0,1,1,1,56-65,Married,16.0,1.0,HS_diploma,0,2,2,2,2.0,0,38,400,2,4,0
0.0,253.0,0.0,,0,200-400%,0,0,6.0,4.0,2.0,42,83,Not_in_labor_force,Government,62,2,1,1.0,1,1,1,56-65,Married,16.0,1.0,HS_diploma,0,1,2,1,2.0,1,38,400,2,4,0
20000.0,130.0,0.0,Low,1,100-138%,1,0,1.0,4.0,1.0,23,78,Employed,Government,27,1,5,1.0,1,1,1,26-35,Never_married,22.0,1.0,Graduate,0,2,2,2,2.0,0,38,300,2,4,0
86000.0,501.0,0.0,Very_High,1,>400%,1,0,1.0,1.0,1.0,73,87,Employed,Private,64,1,1,1.0,1,1,1,56-65,Married,20.0,1.0,Some_college,0,2,2,2,2.0,0,38,600,2,4,0
90000.0,501.0,0.0,Very_High,1,>400%,1,0,1.0,5.0,1.0,39,93,Employed,Government,61,2,1,1.0,1,1,1,56-65,Married,17.0,1.0,HS_diploma,0,2,2,2,2.0,0,38,600,2,4,0
63000.0,501.0,0.0,High,1,>400%,1,0,1.0,1.0,1.0,85,38,Employed,Private,34,1,5,1.0,1,1,1,26-35,Never_married,16.0,1.0,HS_diploma,0,2,2,2,2.0,0,38,600,2,4,0
150000.0,501.0,0.0,Very_High,2,>400%,1,0,1.0,1.0,1.0,02,07,Employed,Private,46,2,1,1.0,1,1,1,46-55,Married,21.0,1.0,Bachelors,0,2,2,2,2.0,0,38,400,2,4,0
170000.0,501.0,0.0,Very_High,3,>400%,1,0,1.0,1.0,1.0,02,07,Employed,Private,52,1,1,1.0,1,8,24,46-55,Married,18.0,1.0,Some_college,0,1,1,2,2.0,1,38,400,2,4,0
120000.0,501.0,30000.0,Very_High,2,>400%,1,1,1.0,7.0,1.0,74,05,Employed,Self_employed,53,1,1,1.0,1,1,1,46-55,Married,19.0,1.0,Some_college,0,2,2,2,2.0,0,38,200,2,4,0
57000.0,501.0,0.0,High,1,>400%,1,0,1.0,2.0,1.0,36,81,Employed,Private,59,2,1,1.0,1,1,1,56-65,Married,19.0,1.0,Some_college,0,2,2,2,2.0,0,38,200,2,4,0
0.0,409.0,53000.0,,2,>400%,0,1,1.0,6.0,1.0,02,01,Employed,Self_employed,55,1,3,1.0,1,1,1,46-55,Divorced_Separated,20.0,1.0,Some_college,0,2,2,2,2.0,0,38,400,2,4,0
0.0,0.0,0.0,,0,,0,0,6.0,1.0,2.0,63,07,Not_in_labor_force,Private,65,1,3,1.0,1,1,1,56-65,Divorced_Separated,16.0,1.0,HS_diploma,0,2,2,2,2.0,0,38,100,2,4,0
0.0,501.0,0.0,,3,>400%,0,0,6.0,1.0,3.0,42,69,Not_in_labor_force,Private,65,2,2,1.0,1,1,1,56-65,Divorced_Separated,20.0,1.0,Some_college,0,2,2,2,2.0,0,38,200,2,4,0
42000.0,294.0,0.0,Medium,2,200-400%,1,0,1.0,4.0,1.0,38,94,Employed,Government,59,1,3,1.0,1,1,1,56-65,Divorced_Separated,18.0,1.0,Some_college,0,2,2,2,2.0,0,38,400,2,4,0
3000.0,174.0,0.0,Very_Low,1,138-200%,1,0,1.0,3.0,1.0,25,78,Employed,Government,65,2,1,1.0,1,1,1,56-65,Married,16.0,1.0,HS_diploma,0,2,2,2,2.0,0,38,200,2,4,0
45000.0,342.0,0.0,Medium,1,200-400%,1,0,1.0,3.0,1.0,04,05,Employed,Government,54,1,3,1.0,1,1,1,46-55,Divorced_Separated,18.0,1.0,Some_college,0,2,2,2,2.0,0,38,400,2,4,0
24000.0,342.0,0.0,Low,1,200-400%,1,0,1.0,1.0,1.0,36,79,Employed,Private,22,2,5,1.0,1,1,1,18-25,Never_married,20.0,1.0,Some_college,0,2,2,2,2.0,0,38,400,2,4,0
20000.0,219.0,0.0,Low,1,200-400%,1,0,1.0,2.0,1.0,22,78,Employed,Private,44,2,1,1.0,1,1,1,36-45,Married,24.0,1.0,Graduate,0,2,2,2,2.0,0,38,600,2,4,0
45000.0,219.0,0.0,Medium,1,200-400%,1,0,1.0,3.0,1.0,02,78,Employed,Government,45,1,1,1.0,1,1,1,36-45,Married,22.0,1.0,Graduate,0,2,2,2,2.0,0,38,600,2,4,0
330.0,501.0,0.0,Very_Low,1,>400%,1,0,1.0,2.0,1.0,42,91,Employed,Private,36,2,5,1.0,1,1,1,36-45,Never_married,20.0,1.0,Some_college,0,2,2,2,2.0,0,38,500,2,4,0
0.0,501.0,0.0,,1,>400%,0,0,6.0,6.0,2.0,02,01,Not_in_labor_force,Self_employed,45,1,5,1.0,1,1,1,36-45,Never_married,21.0,1.0,Bachelors,0,2,2,2,2.0,0,38,500,2,4,0
56000.0,360.0,0.0,High,1,200-400%,1,0,1.0,1.0,1.0,69,04,Employed,Private,61,1,3,1.0,1,1,1,56-65,Divorced_Separated,19.0,1.0,Some_college,0,2,2,2,2.0,0,38,100,2,4,0
70000.0,294.0,0.0,High,1,200-400%,1,0,1.0,1.0,1.0,60,01,Employed,Private,26,1,1,1.0,1,1,1,26-35,Married,16.0,1.0,HS_diploma,0,2,2,2,2.0,0,38,400,2,4,0
0.0,294.0,0.0,,0,200-400%,0,0,6.0,1.0,2.0,83,16,Not_in_labor_force,Private,38,2,1,2.0,2,6,1,36-45,Married,11.0,1.0,Less_than_HS,0,2,2,2,2.0,0,38,400,2,4,0
120000.0,501.0,0.0,Very_High,2,>400%,1,0,1.0,1.0,1.0,10,66,Employed,Private,54,1,1,1.0,1,1,1,46-55,Married,20.0,2.0,Some_college,1,2,2,2,2.0,0,38,400,2,4,0
0.0,501.0,0.0,,0,>400%,0,0,6.0,1.0,3.0,42,69,Not_in_labor_force,Private,54,2,1,1.0,1,1,1,46-55,Married,19.0,2.0,Some_college,1,2,2,2,2.0,0,38,400,2,4,0
0.0,501.0,0.0,,0,>400%,0,0,6.0,1.0,3.0,42,69,Not_in_labor_force,Private,18,1,5,1.0,1,1,1,18-25,Never_married,18.0,2.0,Some_college,1,2,2,2,2.0,0,38,400,2,4,0
27000.0,130.0,0.0,Low,1,100-138%,1,0,1.0,1.0,1.0,25,78,Employed,Private,29,2,5,3.0,1,1,1,26-35,Never_married,19.0,1.0,Some_college,0,2,2,2,2.0,0,38,500,2,4,0
32000.0,204.0,0.0,Medium,1,200-400%,1,0,1.0,1.0,1.0,02,01,Employed,Private,30,1,5,3.0,1,1,2,26-35,Never_married,12.0,1.0,Less_than_HS,0,2,2,2,2.0,0,38,500,2,4,0
62000.0,501.0,0.0,High,1,>400%,1,0,1.0,2.0,1.0,30,81,Employed,Private,64,2,1,1.0,1,1,1,56-65,Married,22.0,1.0,Graduate,0,2,2,2,2.0,0,38,300,2,4,0
46300.0,501.0,0.0,Medium,1,>400%,1,0,1.0,1.0,1.0,47,47,Employed,Private,62,1,1,1.0,1,1,1,56-65,Married,21.0,1.0,Bachelors,0,2,2,2,2.0,0,38,300,2,4,0
76000.0,501.0,0.0,Very_High,1,>400%,1,0,1.0,4.0,1.0,52,75,Employed,Government,61,2,1,1.0,1,1,1,56-65,Married,21.0,1.0,Bachelors,0,2,2,2,2.0,0,38,600,2,4,0
25000.0,279.0,0.0,Low,1,200-400%,1,0,1.0,1.0,1.0,58,69,Employed,Private,34,2,1,1.0,1,1,1,26-35,Married,15.0,1.0,Less_than_HS,0,1,2,2,2.0,1,38,200,2,4,0
60000.0,279.0,0.0,High,1,200-400%,1,0,1.0,1.0,1.0,96,04,Employed,Private,33,1,1,1.0,1,1,1,26-35,Married,17.0,1.0,HS_diploma,0,2,2,2,2.0,0,38,200,2,4,0
62000.0,501.0,0.0,High,1,>400%,1,0,1.0,1.0,1.0,01,68,Employed,Private,64,2,1,1.0,1,1,1,56-65,Married,17.0,1.0,HS_diploma,0,2,2,2,2.0,0,38,400,2,4,0
80.0,501.0,0.0,Very_Low,2,>400%,1,0,6.0,1.0,1.0,40,86,Not_in_labor_force,Private,65,2,1,1.0,1,1,1,56-65,Married,16.0,1.0,HS_diploma,0,2,2,2,2.0,0,38,200,2,4,0
45000.0,401.0,0.0,Medium,2,>400%,1,0,3.0,1.0,1.0,48,40,Unemployed,Private,62,2,3,1.0,1,1,1,56-65,Divorced_Separated,18.0,1.0,Some_college,0,2,2,2,2.0,0,38,200,2,4,0
60000.0,452.0,0.0,High,1,>400%,1,0,1.0,3.0,1.0,31,78,Employed,Government,34,2,1,1.0,1,1,1,26-35,Married,22.0,1.0,Graduate,0,2,2,2,2.0,0,38,500,2,4,0
100000.0,452.0,0.0,Very_High,2,>400%,1,0,1.0,7.0,1.0,02,01,Employed,Self_employed,34,1,1,1.0,1,1,1,26-35,Married,21.0,1.0,Bachelors,0,2,2,2,2.0,0,38,500,2,4,0
114000.0,501.0,0.0,Very_High,1,>400%,1,0,1.0,1.0,1.0,91,63,Employed,Private,47,2,3,1.0,1,1,1,46-55,Divorced_Separated,20.0,1.0,Some_college,0,2,2,2,2.0,0,38,200,2,4,0
30000.0,378.0,0.0,Low,1,200-400%,1,0,1.0,2.0,1.0,54,81,Employed,Private,45,2,1,1.0,1,1,1,36-45,Married,18.0,1.0,Some_college,0,2,2,2,2.0,0,38,400,2,4,0
60000.0,378.0,0.0,High,2,200-400%,1,0,1.0,2.0,1.0,42,82,Employed,Private,59,1,1,1.0,1,1,1,56-65,Married,20.0,1.0,Some_college,0,2,2,2,2.0,0,38,400,2,4,0
12000.0,378.0,0.0,Very_Low,1,200-400%,1,0,1.0,1.0,1.0,55,63,Employed,Private,20,1,5,1.0,1,1,1,18-25,Never_married,16.0,1.0,HS_diploma,0,2,2,2,2.0,0,38,400,2,4,0
45100.0,285.0,0.0,Medium,1,200-400%,1,0,1.0,1.0,1.0,65,07,Employed,Private,25,2,5,3.0,1,1,1,18-25,Never_married,21.0,1.0,Bachelors,0,2,2,2,2.0,0,38,600,2,4,0
72000.0,501.0,0.0,High,2,>400%,1,0,1.0,1.0,1.0,04,70,Employed,Private,54,2,1,1.0,1,1,1,46-55,Married,20.0,1.0,Some_college,0,2,2,2,2.0,0,38,500,2,4,0
70000.0,501.0,0.0,High,1,>400%,1,0,1.0,1.0,1.0,60,01,Employed,Private,55,1,1,1.0,1,1,1,46-55,Married,19.0,1.0,Some_college,0,2,2,2,2.0,0,38,500,2,4,0
34500.0,398.0,0.0,Medium,1,200-400%,1,0,1.0,1.0,1.0,51,70,Employed,Private,29,2,1,1.0,1,1,1,26-35,Married,20.0,1.0,Some_college,0,2,2,2,2.0,0,38,200,2,4,0
50000.0,398.0,0.0,Medium,1,200-400%,1,0,1.0,4.0,1.0,70,85,Employed,Government,31,1,1,1.0,1,1,1,26-35,Married,16.0,1.0,HS_diploma,0,2,2,2,2.0,0,38,200,2,4,0
60000.0,398.0,0.0,High,1,200-400%,1,0,1.0,1.0,1.0,08,72,Employed,Private,29,2,5,1.0,1,1,1,26-35,Never_married,21.0,1.0,Bachelors,0,2,2,2,2.0,0,38,200,2,4,0
55000.0,361.0,0.0,High,1,200-400%,1,0,1.0,1.0,1.0,47,49,Employed,Private,20,1,5,1.0,1,1,1,18-25,Never_married,16.0,1.0,HS_diploma,0,2,2,2,2.0,0,38,500,2,4,0
10600.0,69.0,0.0,Very_Low,1,<100%,1,0,1.0,1.0,1.0,40,50,Employed,Private,20,2,5,3.0,1,1,1,18-25,Never_married,19.0,2.0,Some_college,1,2,2,2,2.0,0,38,500,2,4,0
35200.0,182.0,-6700.0,Medium,1,138-200%,1,0,1.0,7.0,1.0,03,86,Employed,Self_employed,29,2,5,1.0,1,1,1,26-35,Never_married,21.0,1.0,Bachelors,0,2,2,2,2.0,0,38,200,2,4,1
35900.0,187.0,-6700.0,Medium,1,138-200%,1,0,1.0,7.0,1.0,03,86,Employed,Self_employed,34,1,5,1.0,1,1,1,26-35,Never_married,19.0,1.0,Some_college,0,2,2,2,2.0,0,38,200,2,4,0
81000.0,501.0,0.0,Very_High,1,>400%,1,0,1.0,1.0,1.0,11,66,Employed,Private,38,1,1,1.0,1,1,1,36-45,Married,20.0,1.0,Some_college,0,2,2,2,2.0,0,38,400,2,4,0
39500.0,501.0,0.0,Medium,1,>400%,1,0,1.0,1.0,1.0,51,72,Employed,Private,33,2,1,1.0,1,1,1,26-35,Married,18.0,3.0,Some_college,1,2,2,2,2.0,0,38,400,2,4,0
82000.0,294.0,0.0,Very_High,1,200-400%,1,0,1.0,3.0,1.0,20,94,Employed,Government,42,2,1,1.0,1,1,1,36-45,Married,21.0,1.0,Bachelors,0,2,2,2,2.0,0,38,500,2,4,0
11100.0,294.0,0.0,Very_Low,1,200-400%,1,0,1.0,1.0,1.0,60,01,Employed,Private,49,1,1,1.0,1,1,1,46-55,Married,14.0,1.0,Less_than_HS,0,2,2,2,2.0,0,38,500,2,4,0
15600.0,294.0,0.0,Low,1,200-400%,1,0,1.0,1.0,1.0,60,01,Employed,Private,18,1,5,1.0,1,1,1,18-25,Never_married,14.0,2.0,Less_than_HS,1,2,2,2,2.0,0,38,500,2,4,0
4000.0,294.0,0.0,Very_Low,1,200-400%,1,0,1.0,1.0,1.0,77,46,Employed,Private,18,1,5,1.0,1,1,1,18-25,Never_married,14.0,2.0,Less_than_HS,1,2,2,2,2.0,0,38,500,2,4,0
0.0,0.0,0.0,,0,,0,0,6.0,1.0,3.0,42,69,Not_in_labor_force,Private,25,2,5,1.0,1,1,1,18-25,Never_married,21.0,2.0,Bachelors,1,2,2,2,2.0,0,38,600,2,4,0
28300.0,181.0,0.0,Low,1,138-200%,1,0,1.0,1.0,1.0,57,68,Employed,Private,25,2,5,2.0,1,1,1,18-25,Never_married,21.0,3.0,Bachelors,1,2,2,2,2.0,0,38,300,2,4,0
20000.0,127.0,0.0,Low,1,100-138%,1,0,1.0,1.0,1.0,96,71,Employed,Private,22,1,5,3.0,1,9,1,18-25,Never_married,14.0,1.0,Less_than_HS,0,2,2,2,2.0,0,38,600,2,4,1
34000.0,215.0,0.0,Medium,1,200-400%,1,0,1.0,1.0,1.0,82,39,Employed,Private,25,2,5,1.0,1,1,1,18-25,Never_married,16.0,1.0,HS_diploma,0,2,2,2,2.0,0,38,400,2,4,0
75000.0,475.0,0.0,High,1,>400%,1,0,1.0,1.0,1.0,63,07,Employed,Private,26,1,5,1.0,1,1,1,26-35,Never_married,19.0,1.0,Some_college,0,2,2,2,2.0,0,38,400,2,4,0
70000.0,401.0,0.0,High,1,>400%,1,0,1.0,2.0,1.0,20,91,Employed,Private,34,1,1,1.0,1,1,1,26-35,Married,22.0,1.0,Graduate,0,2,2,2,2.0,0,38,500,2,4,0
52000.0,401.0,0.0,High,1,>400%,1,0,1.0,2.0,1.0,20,91,Employed,Private,31,2,1,1.0,1,1,1,26-35,Married,22.0,1.0,Graduate,0,2,2,2,2.0,0,38,500,2,4,0
40000.0,358.0,0.0,Medium,1,200-400%,1,0,1.0,3.0,1.0,23,78,Employed,Government,32,2,1,1.0,1,1,1,26-35,Married,21.0,1.0,Bachelors,0,2,2,2,2.0,0,38,600,2,4,0
90000.0,358.0,0.0,Very_High,1,200-400%,1,0,1.0,1.0,1.0,02,07,Employed,Private,35,1,1,1.0,1,9,1,26-35,Married,20.0,1.0,Some_college,0,2,2,2,2.0,0,38,600,2,4,0
94000.0,501.0,0.0,Very_High,1,>400%,1,0,1.0,2.0,1.0,02,84,Employed,Private,48,2,1,1.0,1,1,1,46-55,Married,21.0,1.0,Bachelors,0,2,2,2,2.0,0,38,600,2,4,0
97000.0,501.0,0.0,Very_High,1,>400%,1,0,1.0,1.0,1.0,47,69,Employed,Private,47,1,1,1.0,1,1,1,46-55,Married,21.0,1.0,Bachelors,0,2,2,2,2.0,0,38,600,2,4,0
0.0,501.0,100000.0,,2,>400%,0,1,1.0,6.0,1.0,02,01,Employed,Self_employed,64,1,1,1.0,1,1,1,56-65,Married,21.0,1.0,Bachelors,0,2,2,2,2.0,0,38,400,2,4,0
0.0,501.0,28000.0,,1,>400%,0,1,6.0,6.0,1.0,40,86,Not_in_labor_force,Self_employed,63,2,1,1.0,1,1,1,56-65,Married,20.0,1.0,Some_college,0,2,2,2,2.0,0,38,400,2,4,0
200.0,107.0,0.0,Very_Low,1,100-138%,1,0,6.0,2.0,1.0,42,83,Not_in_labor_force,Private,64,1,1,1.0,1,3,1,56-65,Married,11.0,1.0,Less_than_HS,0,1,2,2,2.0,1,38,400,2,4,0
0.0,107.0,0.0,,1,100-138%,0,0,6.0,1.0,3.0,42,69,Not_in_labor_force,Private,35,1,5,1.0,1,3,1,26-35,Never_married,16.0,1.0,HS_diploma,0,1,2,2,2.0,1,38,400,2,4,1
33000.0,501.0,0.0,Medium,2,>400%,1,0,1.0,4.0,1.0,20,78,Employed,Government,50,2,3,1.0,1,1,1,46-55,Divorced_Separated,22.0,1.0,Graduate,0,2,2,2,2.0,0,38,200,2,4,0
51000.0,329.0,0.0,High,1,200-400%,1,0,1.0,1.0,1.0,60,01,Employed,Private,45,1,3,1.0,1,1,1,36-45,Divorced_Separated,19.0,1.0,Some_college,0,2,2,2,2.0,0,38,400,2,4,0
20000.0,96.0,0.0,Low,1,<100%,1,0,1.0,5.0,1.0,51,68,Employed,Government,20,2,5,3.0,1,9,1,18-25,Never_married,19.0,2.0,Some_college,1,2,2,2,2.0,0,38,500,2,4,1
15600.0,159.0,0.0,Low,1,138-200%,1,0,1.0,5.0,1.0,55,63,Employed,Government,60,2,1,1.0,1,1,1,56-65,Married,17.0,1.0,HS_diploma,0,2,2,2,2.0,0,38,200,2,4,0
16000.0,159.0,0.0,Low,1,138-200%,1,0,1.0,1.0,1.0,96,04,Employed,Private,58,1,1,1.0,1,1,1,56-65,Married,16.0,1.0,HS_diploma,0,2,2,2,2.0,0,38,200,2,4,0
84000.0,313.0,0.0,Very_High,1,200-400%,1,0,1.0,2.0,1.0,03,81,Employed,Private,42,2,1,1.0,1,1,1,36-45,Married,22.0,1.0,Graduate,0,2,2,2,2.0,0,38,500,2,4,0
26000.0,313.0,0.0,Low,1,200-400%,1,0,1.0,4.0,1.0,22,78,Employed,Government,43,1,1,1.0,1,1,1,36-45,Married,21.0,1.0,Bachelors,0,2,2,2,2.0,0,38,500,2,4,0
70000.0,479.0,0.0,High,1,>400%,1,0,1.0,1.0,1.0,01,69,Employed,Private,34,1,1,1.0,1,1,1,26-35,Married,21.0,1.0,Bachelors,0,2,2,2,2.0,0,38,300,2,4,0
45000.0,479.0,0.0,Medium,1,>400%,1,0,1.0,1.0,1.0,59,68,Employed,Private,41,2,1,1.0,1,1,1,36-45,Married,20.0,1.0,Some_college,0,2,2,2,2.0,0,38,300,2,4,0
80000.0,501.0,40000.0,Very_High,3,>400%,1,1,1.0,7.0,1.0,00,87,Employed,Self_employed,59,2,1,1.0,1,1,1,56-65,Married,20.0,1.0,Some_college,0,2,2,2,2.0,0,38,600,2,4,0
90000.0,501.0,40000.0,Very_High,3,>400%,1,1,1.0,7.0,1.0,04,87,Employed,Self_employed,64,1,1,1.0,1,1,1,56-65,Married,20.0,1.0,Some_college,0,2,2,2,2.0,0,38,600,2,4,0
84000.0,482.0,0.0,Very_High,1,>400%,1,0,1.0,4.0,1.0,13,07,Employed,Government,37,1,1,1.0,1,1,1,36-45,Married,21.0,1.0,Bachelors,0,2,2,2,2.0,0,38,300,2,4,0
64000.0,482.0,0.0,High,1,>400%,1,0,1.0,2.0,1.0,32,81,Employed,Private,38,2,1,1.0,1,1,1,36-45,Married,21.0,1.0,Bachelors,0,2,2,2,2.0,0,38,300,2,4,0
53000.0,501.0,0.0,High,2,>400%,1,0,1.0,1.0,1.0,03,86,Employed,Private,39,1,1,1.0,1,1,1,36-45,Married,16.0,1.0,HS_diploma,0,2,2,2,2.0,0,38,200,2,4,0
60000.0,501.0,0.0,High,2,>400%,1,0,1.0,1.0,1.0,03,86,Employed,Private,30,2,1,1.0,2,6,1,26-35,Married,21.0,1.0,Bachelors,0,2,2,2,2.0,0,38,200,2,4,0
38100.0,501.0,0.0,Medium,1,>400%,1,0,1.0,3.0,1.0,08,93,Employed,Government,57,2,1,1.0,1,1,1,56-65,Married,16.0,1.0,HS_diploma,0,2,2,2,2.0,0,38,100,2,4,0
0.0,302.0,0.0,,2,200-400%,0,0,6.0,5.0,2.0,51,68,Not_in_labor_force,Government,61,2,2,1.0,1,1,1,56-65,Divorced_Separated,16.0,1.0,HS_diploma,0,1,1,2,1.0,1,38,300,2,4,0
40000.0,302.0,0.0,Medium,1,200-400%,1,0,1.0,1.0,1.0,96,63,Employed,Private,41,1,3,1.0,1,1,1,36-45,Divorced_Separated,16.0,1.0,HS_diploma,0,2,2,2,2.0,0,38,300,2,4,0
23600.0,162.0,0.0,Low,1,138-200%,1,0,1.0,2.0,1.0,40,82,Employed,Private,64,2,1,1.0,1,1,1,56-65,Married,16.0,1.0,HS_diploma,0,2,2,2,2.0,0,38,500,2,4,0
0.0,162.0,0.0,,1,138-200%,0,0,6.0,2.0,2.0,05,44,Not_in_labor_force,Private,65,1,1,1.0,1,1,1,56-65,Married,16.0,1.0,HS_diploma,0,2,2,2,2.0,0,38,500,2,4,0
53000.0,182.0,0.0,High,2,138-200%,1,0,6.0,1.0,1.0,77,15,Not_in_labor_force,Private,36,1,1,1.0,1,9,1,36-45,Married,17.0,1.0,HS_diploma,0,2,2,2,2.0,0,38,400,2,4,1
0.0,182.0,0.0,,0,138-200%,0,0,6.0,1.0,2.0,39,86,Not_in_labor_force,Private,28,2,1,1.0,1,3,1,26-35,Married,20.0,1.0,Some_college,0,2,2,2,2.0,0,38,400,2,4,1
0.0,501.0,50000.0,,3,>400%,0,1,6.0,6.0,1.0,02,01,Not_in_labor_force,Self_employed,63,1,1,1.0,1,1,1,56-65,Married,18.0,1.0,Some_college,0,1,2,2,1.0,1,38,200,2,4,0
0.0,501.0,62000.0,,1,>400%,0,1,1.0,6.0,1.0,42,76,Employed,Self_employed,53,1,1,1.0,1,1,1,46-55,Married,21.0,1.0,Bachelors,0,2,2,2,2.0,0,38,600,2,4,0
47000.0,501.0,0.0,Medium,1,>400%,1,0,1.0,2.0,1.0,20,80,Employed,Private,52,2,1,1.0,1,1,1,46-55,Married,21.0,1.0,Bachelors,0,2,2,2,2.0,0,38,600,2,4,0
0.0,113.0,40000.0,,1,100-138%,0,1,1.0,6.0,1.0,02,01,Employed,Self_employed,32,1,1,1.0,1,1,1,26-35,Married,19.0,1.0,Some_college,0,2,2,2,2.0,0,38,100,2,4,0
0.0,113.0,0.0,,0,100-138%,0,0,6.0,6.0,2.0,02,01,Not_in_labor_force,Self_employed,32,2,1,1.0,1,1,1,26-35,Married,23.0,1.0,Graduate,0,2,2,2,2.0,0,38,100,2,4,0
180000.0,501.0,0.0,Very_High,1,>400%,1,0,1.0,2.0,1.0,04,73,Employed,Private,48,1,1,1.0,1,1,1,46-55,Married,22.0,1.0,Graduate,0,2,2,2,2.0,0,38,300,2,4,0
65000.0,501.0,0.0,High,1,>400%,1,0,1.0,3.0,1.0,32,82,Employed,Government,45,2,1,1.0,1,1,1,36-45,Married,22.0,1.0,Graduate,0,2,2,2,2.0,0,38,300,2,4,0
70000.0,444.0,0.0,High,1,>400%,1,0,1.0,1.0,1.0,56,39,Employed,Private,31,1,5,1.0,1,1,1,26-35,Never_married,16.0,1.0,HS_diploma,0,2,2,2,2.0,0,38,100,2,4,0
38000.0,241.0,0.0,Medium,1,200-400%,1,0,1.0,1.0,1.0,54,79,Employed,Private,27,2,5,1.0,1,1,1,26-35,Never_married,20.0,1.0,Some_college,0,2,2,2,2.0,0,38,100,2,4,0
73000.0,321.0,0.0,High,1,200-400%,1,0,1.0,1.0,1.0,57,77,Employed,Private,34,2,1,1.0,1,1,1,26-35,Married,21.0,1.0,Bachelors,0,2,2,2,2.0,0,38,600,2,4,0
65000.0,321.0,0.0,High,1,200-400%,1,0,1.0,1.0,1.0,47,48,Employed,Private,45,1,1,1.0,1,1,1,36-45,Married,19.0,1.0,Some_college,0,2,2,2,2.0,0,38,600,2,4,0
75000.0,501.0,4000.0,High,2,>400%,1,1,1.0,1.0,1.0,00,74,Employed,Private,24,2,1,1.0,1,1,1,18-25,Married,21.0,1.0,Bachelors,0,2,2,2,2.0,0,38,500,2,4,0
85000.0,501.0,0.0,Very_High,1,>400%,1,0,1.0,1.0,1.0,00,86,Employed,Private,29,1,1,1.0,1,1,1,26-35,Married,21.0,1.0,Bachelors,0,2,2,2,2.0,0,38,500,2,4,0
0.0,86.0,0.0,,2,<100%,0,0,6.0,1.0,3.0,42,69,Not_in_labor_force,Private,58,2,3,1.0,1,1,1,56-65,Divorced_Separated,19.0,1.0,Some_college,0,1,1,2,1.0,1,38,400,2,4,1
75000.0,474.0,0.0,High,1,>400%,1,0,1.0,1.0,1.0,91,56,Employed,Private,27,1,5,1.0,1,9,1,26-35,Never_married,20.0,1.0,Some_college,0,2,2,2,2.0,0,38,400,2,4,0
55000.0,274.0,0.0,High,1,200-400%,1,0,1.0,1.0,1.0,60,01,Employed,Private,44,1,5,1.0,1,1,1,36-45,Never_married,19.0,1.0,Some_college,0,2,2,2,2.0,0,38,500,2,4,0
60000.0,331.0,0.0,High,1,200-400%,1,0,1.0,1.0,1.0,77,32,Employed,Private,23,1,5,1.0,1,1,1,18-25,Never_married,18.0,1.0,Some_college,0,2,2,2,2.0,0,38,400,2,4,0
7500.0,331.0,0.0,Very_Low,1,200-400%,1,0,1.0,1.0,1.0,96,49,Employed,Private,20,1,5,3.0,1,1,1,18-25,Never_married,20.0,1.0,Some_college,0,1,2,2,2.0,1,38,400,2,4,0
54000.0,380.0,0.0,High,1,200-400%,1,0,1.0,1.0,1.0,65,25,Employed,Private,37,1,5,1.0,1,1,1,36-45,Never_married,16.0,1.0,HS_diploma,0,2,2,2,2.0,0,38,300,2,4,0
40500.0,269.0,0.0,Medium,1,200-400%,1,0,1.0,1.0,1.0,47,50,Employed,Private,60,2,1,1.0,1,1,1,56-65,Married,18.0,1.0,Some_college,0,2,2,2,2.0,0,38,300,2,4,0
13600.0,269.0,0.0,Very_Low,1,200-400%,1,0,1.0,3.0,1.0,91,78,Employed,Government,63,1,1,1.0,1,1,1,56-65,Married,16.0,1.0,HS_diploma,0,2,2,2,2.0,0,38,300,2,4,0
80000.0,501.0,0.0,Very_High,1,>400%,1,0,1.0,1.0,1.0,00,68,Employed,Private,60,1,1,1.0,1,1,1,56-65,Married,23.0,1.0,Graduate,0,2,2,2,2.0,0,38,500,2,4,0
80000.0,501.0,0.0,Very_High,1,>400%,1,0,1.0,2.0,1.0,03,81,Employed,Private,58,2,1,1.0,1,1,1,56-65,Married,15.0,1.0,Less_than_HS,0,2,2,2,2.0,0,38,500,2,4,0
100000.0,501.0,0.0,Very_High,1,>400%,1,0,1.0,7.0,1.0,87,39,Employed,Self_employed,64,1,1,1.0,1,1,1,56-65,Married,21.0,2.0,Bachelors,1,2,2,2,2.0,0,38,600,2,4,0
55000.0,501.0,0.0,High,1,>400%,1,0,1.0,3.0,1.0,23,78,Employed,Government,54,2,1,1.0,1,1,1,46-55,Married,21.0,1.0,Bachelors,0,2,2,2,2.0,0,38,600,2,4,0
52000.0,433.0,0.0,High,1,>400%,1,0,1.0,4.0,1.0,07,78,Employed,Government,37,2,1,1.0,1,1,1,36-45,Married,21.0,1.0,Bachelors,0,2,2,2,2.0,0,38,600,2,4,0
100000.0,433.0,0.0,Very_High,1,>400%,1,0,1.0,1.0,1.0,05,52,Employed,Private,40,1,1,1.0,2,1,1,36-45,Married,21.0,1.0,Bachelors,0,2,2,2,2.0,0,38,600,2,4,0
43900.0,501.0,0.0,Medium,1,>400%,1,0,1.0,2.0,1.0,42,81,Employed,Private,56,1,1,1.0,1,1,1,56-65,Married,18.0,1.0,Some_college,0,2,2,2,2.0,0,38,500,2,4,0
76000.0,501.0,0.0,Very_High,1,>400%,1,0,1.0,4.0,1.0,02,78,Employed,Government,53,2,1,1.0,1,1,1,46-55,Married,22.0,1.0,Graduate,0,2,2,2,2.0,0,38,500,2,4,0
5500.0,501.0,0.0,Very_Low,1,>400%,1,0,1.0,1.0,1.0,47,51,Employed,Private,18,1,5,3.0,1,1,1,18-25,Never_married,14.0,2.0,Less_than_HS,1,2,2,2,2.0,0,38,500,2,4,0
3500.0,501.0,0.0,Very_Low,2,>400%,1,0,1.0,1.0,1.0,73,61,Employed,Private,62,1,1,1.0,1,1,1,56-65,Married,19.0,1.0,Some_college,0,2,2,2,2.0,0,38,200,2,4,0
87000.0,501.0,0.0,Very_High,2,>400%,1,0,1.0,1.0,1.0,20,78,Employed,Private,62,2,1,1.0,1,1,1,56-65,Married,22.0,1.0,Graduate,0,2,2,2,2.0,0,38,200,2,4,0
0.0,501.0,50000.0,,1,>400%,0,1,1.0,6.0,1.0,07,73,Employed,Self_employed,33,2,1,3.0,1,1,1,26-35,Married,22.0,1.0,Graduate,0,2,2,2,2.0,0,38,200,2,4,0
97000.0,501.0,0.0,Very_High,1,>400%,1,0,1.0,1.0,1.0,05,44,Employed,Private,34,1,1,3.0,1,1,1,26-35,Married,21.0,1.0,Bachelors,0,2,2,2,2.0,0,38,200,2,4,0
7300.0,46.0,0.0,Very_Low,1,<100%,1,0,3.0,1.0,1.0,40,86,Unemployed,Private,20,2,5,3.0,1,1,1,18-25,Never_married,20.0,2.0,Some_college,1,2,2,2,2.0,0,38,600,2,4,0
11000.0,69.0,0.0,Very_Low,1,<100%,1,0,6.0,1.0,1.0,96,53,Not_in_labor_force,Private,23,2,5,1.0,1,1,1,18-25,Never_married,21.0,1.0,Bachelors,0,2,2,2,2.0,0,38,600,2,4,0
24400.0,154.0,0.0,Low,1,138-200%,1,0,3.0,1.0,1.0,47,51,Unemployed,Private,21,2,5,3.0,1,1,1,18-25,Never_married,19.0,2.0,Some_college,1,2,2,2,2.0,0,38,600,2,4,0
0.0,501.0,0.0,,0,>400%,0,0,6.0,1.0,2.0,51,68,Not_in_labor_force,Private,29,2,1,1.0,1,1,1,26-35,Married,16.0,1.0,HS_diploma,0,2,2,2,2.0,0,38,300,2,4,0
12000.0,77.0,0.0,Very_Low,1,<100%,1,0,1.0,1.0,1.0,96,48,Employed,Private,20,2,5,3.0,1,1,1,18-25,Never_married,19.0,2.0,Some_college,1,2,2,2,2.0,0,38,600,2,4,0
14000.0,90.0,0.0,Very_Low,1,<100%,1,0,1.0,1.0,1.0,01,68,Employed,Private,22,2,5,3.0,1,1,1,18-25,Never_married,20.0,2.0,Some_college,1,1,2,2,2.0,1,38,600,2,4,0
29000.0,187.0,0.0,Low,1,138-200%,1,0,1.0,1.0,1.0,88,21,Employed,Private,21,2,5,3.0,1,1,1,18-25,Never_married,16.0,1.0,HS_diploma,0,2,2,2,2.0,0,38,600,2,4,0
80000.0,449.0,0.0,Very_High,1,>400%,1,0,1.0,5.0,1.0,90,95,Employed,Government,58,1,1,1.0,1,1,1,56-65,Married,18.0,1.0,Some_college,0,2,2,2,2.0,0,38,500,2,4,0
0.0,449.0,0.0,,1,>400%,0,0,6.0,1.0,3.0,42,69,Not_in_labor_force,Private,58,2,1,1.0,1,1,1,56-65,Married,16.0,1.0,HS_diploma,0,2,2,2,2.0,0,38,500,2,4,0
0.0,501.0,19000.0,,1,>400%,0,1,1.0,6.0,1.0,52,69,Employed,Self_employed,64,2,1,1.0,1,1,1,56-65,Married,20.0,1.0,Some_college,0,2,2,2,2.0,0,38,400,2,4,0
0.0,0.0,0.0,,0,,0,0,6.0,1.0,3.0,42,69,Not_in_labor_force,Private,31,1,5,1.0,1,1,1,26-35,Never_married,20.0,2.0,Some_college,1,2,2,2,2.0,0,38,500,2,4,1
13000.0,84.0,0.0,Very_Low,1,<100%,1,0,1.0,2.0,1.0,25,78,Employed,Private,34,1,5,1.0,1,9,1,26-35,Never_married,19.0,2.0,Some_college,1,2,2,2,2.0,0,38,500,2,4,0
67000.0,426.0,0.0,High,3,>400%,1,0,1.0,1.0,1.0,77,35,Employed,Private,49,2,2,1.0,1,8,2,46-55,Divorced_Separated,16.0,1.0,HS_diploma,0,1,2,2,2.0,1,38,200,2,4,0
85000.0,501.0,0.0,Very_High,1,>400%,1,0,2.0,1.0,1.0,04,35,Employed,Private,62,2,4,3.0,1,9,1,56-65,Divorced_Separated,22.0,1.0,Graduate,0,2,2,2,2.0,0,38,500,2,4,0
42000.0,501.0,0.0,Medium,1,>400%,1,0,1.0,1.0,1.0,36,82,Employed,Private,20,2,5,3.0,1,9,1,18-25,Never_married,16.0,1.0,HS_diploma,0,2,2,2,2.0,0,38,500,2,4,0
82000.0,411.0,0.0,Very_High,1,>400%,1,0,1.0,3.0,1.0,00,93,Employed,Government,51,1,3,3.0,1,1,1,46-55,Divorced_Separated,18.0,1.0,Some_college,0,2,2,2,2.0,0,38,300,2,4,0
0.0,205.0,0.0,,0,200-400%,0,0,6.0,1.0,3.0,42,69,Not_in_labor_force,Private,36,2,1,1.0,1,1,1,36-45,Married,21.0,1.0,Bachelors,0,2,2,2,2.0,0,38,200,2,4,0
62000.0,205.0,0.0,High,1,200-400%,1,0,4.0,5.0,1.0,94,96,Not_in_labor_force,Government,36,1,1,1.0,1,1,1,36-45,Married,21.0,1.0,Bachelors,0,2,2,2,2.0,0,38,200,2,4,0
0.0,124.0,0.0,,2,100-138%,0,0,6.0,1.0,3.0,42,69,Not_in_labor_force,Private,56,2,3,1.0,1,1,1,56-65,Divorced_Separated,21.0,1.0,Bachelors,0,1,1,1,1.0,1,38,100,2,4,1
0.0,58.0,0.0,,1,<100%,0,0,6.0,1.0,3.0,42,69,Not_in_labor_force,Private,56,2,3,1.0,1,1,1,56-65,Divorced_Separated,14.0,1.0,Less_than_HS,0,2,2,2,2.0,0,38,100,2,4,1
0.0,327.0,50000.0,,1,200-400%,0,1,1.0,6.0,1.0,02,01,Employed,Self_employed,46,1,5,1.0,1,1,1,46-55,Never_married,16.0,1.0,HS_diploma,0,2,2,2,2.0,0,38,400,2,4,0
69000.0,385.0,0.0,High,1,200-400%,1,0,1.0,3.0,1.0,23,78,Employed,Government,34,2,1,1.0,1,1,1,26-35,Married,22.0,1.0,Graduate,0,2,2,2,2.0,0,38,500,2,4,0
70000.0,385.0,0.0,High,1,200-400%,1,0,1.0,1.0,1.0,72,87,Employed,Private,35,1,1,1.0,1,1,1,26-35,Married,20.0,1.0,Some_college,0,2,2,2,2.0,0,38,500,2,4,0
120000.0,490.0,0.0,Very_High,1,>400%,1,0,1.0,1.0,1.0,07,38,Employed,Private,47,1,1,3.0,1,1,1,46-55,Married,16.0,1.0,HS_diploma,0,2,2,2,2.0,0,38,500,2,4,0
28000.0,490.0,0.0,Low,1,>400%,1,0,1.0,2.0,1.0,32,81,Employed,Private,35,2,1,3.0,1,1,1,26-35,Married,20.0,1.0,Some_college,0,2,2,2,2.0,0,38,500,2,4,0
50000.0,163.0,0.0,Medium,1,138-200%,1,0,1.0,1.0,1.0,91,61,Employed,Private,33,1,1,1.0,1,1,1,26-35,Married,18.0,1.0,Some_college,0,2,2,2,2.0,0,38,200,2,4,0
0.0,163.0,0.0,,0,138-200%,0,0,6.0,1.0,2.0,51,68,Not_in_labor_force,Private,30,2,1,1.0,1,1,1,26-35,Married,16.0,1.0,HS_diploma,0,1,2,2,2.0,1,38,200,2,4,0
60000.0,302.0,0.0,High,1,200-400%,1,0,1.0,1.0,1.0,72,42,Employed,Private,63,1,1,1.0,1,1,1,56-65,Married,17.0,1.0,HS_diploma,0,2,2,2,2.0,0,38,400,2,4,0
0.0,302.0,1300.0,,1,200-400%,0,1,1.0,6.0,1.0,96,07,Employed,Self_employed,62,2,1,1.0,1,1,1,56-65,Married,16.0,1.0,HS_diploma,0,2,2,2,2.0,0,38,400,2,4,0
55000.0,501.0,0.0,High,2,>400%,1,0,1.0,3.0,1.0,23,78,Employed,Government,60,2,1,1.0,1,1,1,56-65,Married,21.0,1.0,Bachelors,0,2,2,2,2.0,0,38,100,2,4,0
43000.0,139.0,0.0,Medium,1,138-200%,1,0,1.0,2.0,1.0,20,91,Employed,Private,29,1,1,1.0,1,1,1,26-35,Married,22.0,3.0,Graduate,1,2,2,2,2.0,0,38,500,2,4,0
0.0,139.0,0.0,,0,138-200%,0,0,6.0,2.0,2.0,32,80,Not_in_labor_force,Private,31,2,1,1.0,1,1,1,26-35,Married,21.0,1.0,Bachelors,0,2,2,2,2.0,0,38,500,2,4,0
22000.0,245.0,16000.0,Low,2,200-400%,1,1,1.0,6.0,1.0,13,72,Employed,Self_employed,40,1,5,3.0,1,1,1,36-45,Never_married,22.0,1.0,Graduate,0,2,2,2,2.0,0,38,600,2,4,0
62000.0,501.0,0.0,High,1,>400%,1,0,1.0,2.0,1.0,20,81,Employed,Private,30,2,1,1.0,1,1,1,26-35,Married,21.0,1.0,Bachelors,0,2,2,2,2.0,0,38,600,2,4,0
70000.0,501.0,0.0,High,1,>400%,1,0,1.0,1.0,1.0,02,07,Employed,Private,28,1,1,1.0,1,1,1,26-35,Married,21.0,1.0,Bachelors,0,2,2,2,2.0,0,38,600,2,4,0
14000.0,492.0,0.0,Very_Low,1,>400%,1,0,1.0,1.0,1.0,01,68,Employed,Private,43,2,1,1.0,1,1,1,36-45,Married,18.0,1.0,Some_college,0,2,2,2,2.0,0,38,400,2,4,0
70000.0,492.0,50000.0,High,2,>400%,1,1,1.0,6.0,1.0,02,01,Employed,Self_employed,45,1,1,1.0,1,1,1,36-45,Married,16.0,1.0,HS_diploma,0,2,2,2,2.0,0,38,400,2,4,0
25000.0,368.0,0.0,Low,1,200-400%,1,0,1.0,1.0,1.0,23,78,Employed,Private,62,2,1,1.0,1,1,1,56-65,Married,21.0,1.0,Bachelors,0,2,2,2,2.0,0,38,200,2,4,0
50000.0,368.0,0.0,Medium,1,200-400%,1,0,1.0,7.0,1.0,02,01,Employed,Self_employed,62,1,1,1.0,1,1,1,56-65,Married,19.0,2.0,Some_college,1,2,2,2,2.0,0,38,200,2,4,0
0.0,489.0,0.0,,2,>400%,0,0,6.0,1.0,2.0,47,48,Not_in_labor_force,Private,62,2,1,1.0,1,1,1,56-65,Married,16.0,1.0,HS_diploma,0,2,2,2,2.0,0,38,400,2,4,0
0.0,489.0,0.0,,2,>400%,0,0,6.0,1.0,2.0,77,30,Not_in_labor_force,Private,63,1,1,1.0,1,1,1,56-65,Married,20.0,1.0,Some_college,0,2,2,2,2.0,0,38,400,2,4,0
40000.0,501.0,0.0,Medium,1,>400%,1,0,1.0,1.0,1.0,47,42,Employed,Private,47,2,1,3.0,1,1,1,46-55,Married,19.0,1.0,Some_college,0,2,2,2,2.0,0,38,500,2,4,0
75000.0,501.0,0.0,High,1,>400%,1,0,1.0,1.0,1.0,42,76,Employed,Private,49,1,1,3.0,1,9,1,46-55,Married,18.0,1.0,Some_college,0,2,2,2,2.0,0,38,500,2,4,0
45000.0,501.0,0.0,Medium,2,>400%,1,0,1.0,1.0,1.0,52,66,Employed,Private,59,1,1,1.0,1,1,1,56-65,Married,16.0,1.0,HS_diploma,0,2,2,2,2.0,0,38,600,2,4,0
48000.0,501.0,0.0,Medium,1,>400%,1,0,1.0,1.0,1.0,37,76,Employed,Private,60,2,1,1.0,1,1,1,56-65,Married,19.0,1.0,Some_college,0,2,2,2,2.0,0,38,600,2,4,0
65000.0,421.0,0.0,High,1,>400%,1,0,1.0,1.0,1.0,50,79,Employed,Private,53,2,3,1.0,1,1,1,46-55,Divorced_Separated,19.0,1.0,Some_college,0,2,2,2,2.0,0,38,600,2,4,0
12100.0,121.0,0.0,Very_Low,2,100-138%,1,0,1.0,1.0,1.0,72,87,Employed,Private,63,1,1,1.0,1,1,1,56-65,Married,16.0,1.0,HS_diploma,0,2,2,2,2.0,0,38,600,2,4,0
10300.0,121.0,0.0,Very_Low,2,100-138%,1,0,1.0,1.0,1.0,57,87,Employed,Private,62,2,1,1.0,1,1,1,56-65,Married,16.0,1.0,HS_diploma,0,2,2,2,2.0,0,38,600,2,4,0
26000.0,501.0,0.0,Low,1,>400%,1,0,1.0,1.0,1.0,93,87,Employed,Private,23,1,5,1.0,1,1,1,18-25,Never_married,13.0,1.0,Less_than_HS,0,1,2,2,2.0,1,38,300,2,4,0
25500.0,402.0,0.0,Low,3,>400%,1,0,1.0,7.0,1.0,47,47,Employed,Self_employed,64,2,1,1.0,1,1,1,56-65,Married,18.0,1.0,Some_college,0,2,2,2,2.0,0,38,200,2,4,0
26000.0,501.0,0.0,Low,1,>400%,1,0,1.0,1.0,1.0,77,32,Employed,Private,50,2,1,1.0,1,1,1,46-55,Married,20.0,1.0,Some_college,0,2,2,2,2.0,0,38,400,2,4,0
86000.0,501.0,0.0,Very_High,2,>400%,1,0,1.0,1.0,1.0,00,01,Employed,Private,51,1,1,1.0,1,1,1,46-55,Married,21.0,1.0,Bachelors,0,2,2,2,2.0,0,38,400,2,4,0
5000.0,92.0,0.0,Very_Low,1,<100%,1,0,3.0,1.0,1.0,47,86,Unemployed,Private,31,2,4,1.0,1,1,1,26-35,Divorced_Separated,14.0,1.0,Less_than_HS,0,1,2,2,2.0,1,38,600,2,4,1
39200.0,257.0,0.0,Medium,1,200-400%,1,0,1.0,1.0,1.0,03,86,Employed,Private,22,1,5,1.0,1,1,7,18-25,Never_married,14.0,1.0,Less_than_HS,0,2,2,2,2.0,0,38,600,2,4,0
0.0,92.0,0.0,,1,<100%,0,0,6.0,1.0,2.0,73,70,Not_in_labor_force,Private,59,1,3,1.0,1,1,1,56-65,Divorced_Separated,21.0,1.0,Bachelors,0,1,1,2,2.0,1,38,600,2,4,0
0.0,337.0,53000.0,,1,200-400%,0,1,1.0,6.0,1.0,60,01,Employed,Self_employed,57,1,4,1.0,1,1,1,56-65,Divorced_Separated,16.0,1.0,HS_diploma,0,2,2,2,2.0,0,38,500,2,4,0
70000.0,260.0,1000.0,High,3,200-400%,1,1,1.0,2.0,1.0,20,91,Employed,Private,40,1,1,3.0,1,1,1,36-45,Married,23.0,1.0,Graduate,0,2,2,2,2.0,0,38,200,2,4,0
6000.0,260.0,0.0,Very_Low,1,200-400%,1,0,1.0,1.0,1.0,58,64,Employed,Private,40,2,1,3.0,1,1,1,36-45,Married,21.0,1.0,Bachelors,0,2,2,2,2.0,0,38,200,2,4,0
44000.0,501.0,0.0,Medium,1,>400%,1,0,1.0,4.0,1.0,32,78,Employed,Government,31,2,1,1.0,1,1,1,26-35,Married,21.0,2.0,Bachelors,1,2,2,2,2.0,0,38,500,2,4,0
168000.0,501.0,0.0,Very_High,1,>400%,1,0,1.0,1.0,1.0,09,68,Employed,Private,35,1,1,1.0,1,1,1,26-35,Married,21.0,1.0,Bachelors,0,2,2,2,2.0,0,38,500,2,4,0
88000.0,501.0,0.0,Very_High,1,>400%,1,0,1.0,1.0,1.0,33,81,Employed,Private,58,1,3,1.0,1,1,1,56-65,Divorced_Separated,20.0,1.0,Some_college,0,2,2,2,2.0,0,38,600,2,4,0
40000.0,386.0,0.0,Medium,1,200-400%,1,0,1.0,1.0,1.0,47,53,Employed,Private,20,2,5,1.0,1,8,2,18-25,Never_married,16.0,1.0,HS_diploma,0,2,2,2,2.0,0,38,600,2,4,0
18000.0,386.0,0.0,Low,2,200-400%,1,0,6.0,1.0,1.0,91,61,Not_in_labor_force,Private,65,1,4,1.0,1,8,2,56-65,Divorced_Separated,16.0,1.0,HS_diploma,0,2,2,2,2.0,0,38,600,2,4,0
7500.0,36.0,0.0,Very_Low,1,<100%,1,0,6.0,7.0,1.0,60,01,Not_in_labor_force,Self_employed,63,1,1,1.0,1,9,1,56-65,Married,21.0,1.0,Bachelors,0,2,2,2,2.0,0,38,100,2,4,0
0.0,36.0,0.0,,0,<100%,0,0,6.0,2.0,2.0,22,78,Not_in_labor_force,Private,64,2,1,1.0,1,1,1,56-65,Married,22.0,1.0,Graduate,0,2,2,2,2.0,0,38,100,2,4,0
75000.0,455.0,0.0,High,1,>400%,1,0,1.0,1.0,1.0,48,02,Employed,Private,50,1,1,1.0,1,1,1,46-55,Married,21.0,1.0,Bachelors,0,2,2,2,2.0,0,38,600,2,4,0
60000.0,455.0,0.0,High,1,>400%,1,0,1.0,1.0,1.0,00,66,Employed,Private,44,2,1,1.0,1,1,1,36-45,Married,21.0,1.0,Bachelors,0,2,2,2,2.0,0,38,600,2,4,0
72000.0,495.0,0.0,High,2,>400%,1,0,1.0,1.0,1.0,77,30,Employed,Private,23,1,5,3.0,1,1,1,18-25,Never_married,16.0,1.0,HS_diploma,0,2,2,2,2.0,0,38,400,2,4,0
55000.0,357.0,0.0,High,1,200-400%,1,0,1.0,1.0,1.0,96,30,Employed,Private,21,2,5,3.0,1,9,2,18-25,Never_married,20.0,1.0,Some_college,0,2,2,2,2.0,0,38,400,2,4,0
34000.0,370.0,0.0,Medium,1,200-400%,1,0,1.0,1.0,1.0,34,50,Employed,Private,37,2,1,1.0,1,1,1,36-45,Married,21.0,1.0,Bachelors,0,1,2,2,2.0,1,38,200,2,4,0
53000.0,370.0,0.0,High,1,200-400%,1,0,1.0,1.0,1.0,91,07,Employed,Private,46,1,1,1.0,1,1,1,46-55,Married,16.0,1.0,HS_diploma,0,1,2,1,2.0,1,38,200,2,4,0
75000.0,478.0,0.0,High,1,>400%,1,0,1.0,1.0,1.0,00,30,Employed,Private,44,1,5,1.0,1,1,1,36-45,Never_married,19.0,1.0,Some_college,0,2,2,2,2.0,0,38,300,2,4,0
54000.0,344.0,0.0,High,1,200-400%,1,0,1.0,1.0,1.0,48,42,Employed,Private,36,2,3,1.0,1,1,1,36-45,Divorced_Separated,20.0,1.0,Some_college,0,2,2,2,2.0,0,38,300,2,4,0
40000.0,194.0,0.0,Medium,1,138-200%,1,0,6.0,1.0,1.0,52,85,Not_in_labor_force,Private,24,2,5,3.0,1,1,1,18-25,Never_married,16.0,1.0,HS_diploma,0,1,2,1,2.0,1,38,100,2,4,1
42000.0,270.0,0.0,Medium,1,200-400%,1,0,1.0,1.0,1.0,04,61,Employed,Private,30,1,5,3.0,1,1,1,26-35,Never_married,19.0,1.0,Some_college,0,2,2,2,2.0,0,38,100,2,4,0
62000.0,309.0,0.0,High,1,200-400%,1,0,1.0,1.0,1.0,33,81,Employed,Private,47,1,1,1.0,1,1,1,46-55,Married,21.0,1.0,Bachelors,0,2,2,2,2.0,0,38,400,2,4,0
13500.0,309.0,0.0,Very_Low,1,200-400%,1,0,1.0,1.0,1.0,25,78,Employed,Private,47,2,1,1.0,1,1,1,46-55,Married,21.0,1.0,Bachelors,0,2,2,2,2.0,0,38,400,2,4,0
10000.0,330.0,0.0,Very_Low,1,200-400%,1,0,1.0,1.0,1.0,33,81,Employed,Private,61,1,1,1.0,1,1,1,56-65,Married,17.0,1.0,HS_diploma,0,2,2,2,2.0,0,38,300,2,4,0
55000.0,330.0,0.0,High,1,200-400%,1,0,1.0,1.0,1.0,04,69,Employed,Private,62,2,1,1.0,1,1,1,56-65,Married,16.0,1.0,HS_diploma,0,2,2,2,2.0,0,38,300,2,4,0
45200.0,286.0,0.0,Medium,1,200-400%,1,0,1.0,1.0,1.0,72,46,Employed,Private,50,1,5,1.0,1,1,1,46-55,Never_married,18.0,1.0,Some_college,0,1,2,2,1.0,1,38,300,2,4,0
1200.0,501.0,80000.0,Very_Low,2,>400%,1,1,1.0,6.0,1.0,02,01,Employed,Self_employed,57,1,1,1.0,1,1,1,56-65,Married,19.0,1.0,Some_college,0,1,2,2,2.0,1,38,200,2,4,0
66000.0,501.0,0.0,High,1,>400%,1,0,1.0,3.0,1.0,32,78,Employed,Government,46,2,1,1.0,1,1,1,46-55,Married,21.0,3.0,Bachelors,1,2,2,2,2.0,0,38,200,2,4,0
0.0,299.0,46000.0,,1,200-400%,0,1,1.0,6.0,1.0,47,46,Employed,Self_employed,25,1,5,1.0,1,1,1,18-25,Never_married,16.0,1.0,HS_diploma,0,2,2,2,2.0,0,38,300,2,4,0
0.0,227.0,35000.0,,1,200-400%,0,1,1.0,6.0,1.0,97,77,Employed,Self_employed,25,1,5,1.0,1,1,1,18-25,Never_married,16.0,1.0,HS_diploma,0,2,2,2,2.0,0,38,300,2,4,0
96000.0,398.0,0.0,Very_High,1,200-400%,1,0,1.0,1.0,1.0,10,73,Employed,Private,36,1,1,1.0,1,1,1,36-45,Married,20.0,1.0,Some_college,0,2,2,2,2.0,0,38,600,2,4,0
0.0,398.0,0.0,,0,200-400%,0,0,6.0,1.0,3.0,42,69,Not_in_labor_force,Private,37,2,1,1.0,1,1,1,36-45,Married,19.0,1.0,Some_college,0,2,2,2,2.0,0,38,600,2,4,0
66000.0,428.0,0.0,High,1,>400%,1,0,1.0,3.0,1.0,23,78,Employed,Government,45,2,1,1.0,1,1,1,36-45,Married,22.0,1.0,Graduate,0,2,2,2,2.0,0,38,600,2,4,0
64000.0,428.0,0.0,High,1,>400%,1,0,1.0,1.0,1.0,67,62,Employed,Private,43,1,1,1.0,1,1,1,36-45,Married,18.0,1.0,Some_college,0,2,2,2,2.0,0,38,600,2,4,0
68000.0,469.0,0.0,High,1,>400%,1,0,1.0,7.0,1.0,72,04,Employed,Self_employed,62,1,1,1.0,1,1,1,56-65,Married,16.0,1.0,HS_diploma,0,2,2,2,2.0,0,38,200,2,4,0
0.0,469.0,0.0,,1,>400%,0,0,6.0,1.0,3.0,42,69,Not_in_labor_force,Private,60,2,1,1.0,1,1,1,56-65,Married,18.0,1.0,Some_college,0,1,2,2,2.0,1,38,200,2,4,0
0.0,418.0,65000.0,,1,>400%,0,1,1.0,6.0,1.0,48,01,Employed,Self_employed,33,1,5,1.0,1,1,1,26-35,Never_married,19.0,1.0,Some_college,0,2,2,2,2.0,0,38,600,2,4,1
0.0,192.0,0.0,,1,138-200%,0,0,6.0,7.0,2.0,02,01,Not_in_labor_force,Self_employed,61,2,1,1.0,1,1,1,56-65,Married,19.0,1.0,Some_college,0,2,2,2,2.0,0,38,300,2,4,0
0.0,192.0,12000.0,,1,138-200%,0,1,1.0,6.0,1.0,02,01,Employed,Self_employed,65,1,3,1.0,1,1,1,56-65,Divorced_Separated,20.0,1.0,Some_college,0,2,2,2,2.0,0,38,300,2,4,0
59000.0,243.0,0.0,High,1,200-400%,1,0,1.0,3.0,1.0,11,73,Employed,Government,44,1,1,1.0,1,1,1,36-45,Married,19.0,1.0,Some_college,0,2,2,2,2.0,0,38,400,2,4,0
0.0,243.0,0.0,,0,200-400%,0,0,6.0,1.0,3.0,42,69,Not_in_labor_force,Private,44,2,1,1.0,1,1,1,36-45,Married,21.0,1.0,Bachelors,0,2,2,2,2.0,0,38,400,2,4,0
32000.0,202.0,0.0,Medium,1,200-400%,1,0,1.0,1.0,1.0,51,81,Employed,Private,44,2,3,1.0,1,1,1,36-45,Divorced_Separated,16.0,1.0,HS_diploma,0,2,2,2,2.0,0,38,600,2,4,0
47000.0,297.0,0.0,Medium,1,200-400%,1,0,1.0,3.0,1.0,24,67,Employed,Government,35,2,5,1.0,1,1,1,26-35,Never_married,1.0,1.0,Less_than_HS,0,2,2,2,2.0,0,38,600,2,4,0
37000.0,320.0,0.0,Medium,1,200-400%,1,0,1.0,1.0,1.0,51,49,Employed,Private,61,2,1,1.0,1,1,1,56-65,Married,16.0,1.0,HS_diploma,0,2,2,2,2.0,0,38,500,2,4,0
26000.0,320.0,0.0,Low,1,200-400%,1,0,1.0,1.0,1.0,96,49,Employed,Private,62,1,1,1.0,1,1,1,56-65,Married,16.0,1.0,HS_diploma,0,2,2,2,2.0,0,38,500,2,4,0
0.0,342.0,0.0,,1,200-400%,0,0,6.0,1.0,3.0,42,69,Not_in_labor_force,Private,56,1,1,1.0,1,1,1,56-65,Married,16.0,1.0,HS_diploma,0,2,2,2,2.0,0,38,200,2,4,0
35000.0,342.0,0.0,Medium,1,200-400%,1,0,1.0,1.0,1.0,08,68,Employed,Private,59,2,1,1.0,1,1,1,56-65,Married,16.0,1.0,HS_diploma,0,2,2,2,2.0,0,38,200,2,4,0
80000.0,501.0,0.0,Very_High,1,>400%,1,0,1.0,1.0,1.0,77,07,Employed,Private,50,1,3,1.0,1,1,1,46-55,Divorced_Separated,16.0,1.0,HS_diploma,0,2,2,2,2.0,0,38,200,2,4,0
20000.0,443.0,0.0,Low,1,>400%,1,0,6.0,3.0,1.0,25,78,Not_in_labor_force,Government,63,2,1,1.0,1,1,1,56-65,Married,19.0,1.0,Some_college,0,2,2,2,2.0,0,38,400,2,4,0
69000.0,443.0,0.0,High,1,>400%,1,0,2.0,1.0,1.0,77,30,Employed,Private,61,1,1,1.0,1,9,2,56-65,Married,17.0,1.0,HS_diploma,0,2,2,2,2.0,0,38,400,2,4,0
50000.0,366.0,0.0,Medium,2,200-400%,1,0,1.0,1.0,1.0,60,01,Employed,Private,59,1,3,1.0,1,1,1,56-65,Divorced_Separated,15.0,1.0,Less_than_HS,0,2,2,2,2.0,0,38,400,2,4,0
14000.0,90.0,0.0,Very_Low,1,<100%,1,0,6.0,1.0,1.0,78,11,Not_in_labor_force,Private,61,2,3,1.0,1,1,1,56-65,Divorced_Separated,19.0,1.0,Some_college,0,2,2,2,2.0,0,38,400,2,4,1
43000.0,276.0,0.0,Medium,1,200-400%,1,0,1.0,1.0,1.0,58,69,Employed,Private,59,2,3,1.0,1,1,1,56-65,Divorced_Separated,19.0,1.0,Some_college,0,2,2,2,2.0,0,38,600,2,4,0
45000.0,262.0,0.0,Medium,1,200-400%,1,0,1.0,3.0,1.0,40,78,Employed,Government,30,2,1,1.0,1,1,1,26-35,Married,16.0,1.0,HS_diploma,0,2,2,2,2.0,0,38,300,2,4,0
50000.0,262.0,0.0,Medium,1,200-400%,1,0,1.0,1.0,1.0,81,30,Employed,Private,30,1,1,1.0,1,1,1,26-35,Married,16.0,1.0,HS_diploma,0,2,2,2,2.0,0,38,300,2,4,0
105000.0,501.0,0.0,Very_High,1,>400%,1,0,1.0,7.0,1.0,47,87,Employed,Self_employed,60,1,1,1.0,1,1,1,56-65,Married,17.0,1.0,HS_diploma,0,2,2,2,2.0,0,38,500,2,4,0
0.0,501.0,0.0,,0,>400%,0,0,6.0,1.0,3.0,42,69,Not_in_labor_force,Private,46,2,1,1.0,1,9,1,46-55,Married,16.0,1.0,HS_diploma,0,2,2,2,2.0,0,38,400,2,4,0
20000.0,501.0,11000.0,Low,3,>400%,1,1,6.0,1.0,1.0,90,07,Not_in_labor_force,Private,61,1,5,1.0,1,1,1,56-65,Never_married,19.0,1.0,Some_college,0,2,2,2,2.0,0,38,300,2,4,0
65000.0,501.0,0.0,High,1,>400%,1,0,1.0,1.0,1.0,15,07,Employed,Private,25,1,5,1.0,1,1,1,18-25,Never_married,20.0,1.0,Some_college,0,2,2,2,2.0,0,38,600,2,4,0
60000.0,501.0,0.0,High,1,>400%,1,0,1.0,1.0,1.0,32,84,Employed,Private,25,2,5,1.0,1,1,1,18-25,Never_married,21.0,1.0,Bachelors,0,2,2,2,2.0,0,38,600,2,4,0
35000.0,501.0,1500.0,Medium,2,>400%,1,1,1.0,1.0,1.0,08,69,Employed,Private,43,2,1,1.0,1,1,1,36-45,Married,19.0,1.0,Some_college,0,2,2,2,2.0,0,38,600,2,4,0
15000.0,96.0,0.0,Very_Low,1,<100%,1,0,1.0,1.0,1.0,11,42,Employed,Private,22,2,5,1.0,1,1,1,18-25,Never_married,21.0,3.0,Bachelors,1,2,2,2,2.0,0,38,300,2,4,0
50000.0,444.0,0.0,Medium,2,>400%,1,0,1.0,1.0,1.0,32,81,Employed,Private,29,1,5,3.0,1,1,1,26-35,Never_married,22.0,2.0,Graduate,1,2,2,2,2.0,0,38,400,2,4,0
75000.0,377.0,0.0,High,2,200-400%,1,0,1.0,3.0,1.0,08,93,Employed,Government,47,2,3,3.0,1,1,1,46-55,Divorced_Separated,21.0,1.0,Bachelors,0,2,2,2,2.0,0,38,200,2,4,0
25000.0,163.0,0.0,Low,2,138-200%,1,0,6.0,1.0,1.0,60,01,Not_in_labor_force,Private,64,2,2,1.0,1,3,1,56-65,Divorced_Separated,16.0,1.0,HS_diploma,0,2,2,2,2.0,0,38,500,2,4,1
32000.0,501.0,0.0,Medium,2,>400%,1,0,1.0,2.0,1.0,42,91,Employed,Private,60,2,1,1.0,1,1,1,56-65,Married,18.0,1.0,Some_college,0,2,2,2,2.0,0,38,400,2,4,0
50000.0,501.0,0.0,Medium,2,>400%,1,0,1.0,1.0,1.0,60,01,Employed,Private,65,1,1,1.0,1,1,1,56-65,Married,20.0,1.0,Some_college,0,2,2,2,2.0,0,38,400,2,4,0
88000.0,501.0,0.0,Very_High,2,>400%,1,0,1.0,4.0,1.0,10,78,Employed,Government,51,2,1,1.0,1,1,1,46-55,Married,21.0,1.0,Bachelors,0,2,2,2,2.0,0,38,500,2,4,0
84000.0,501.0,0.0,Very_High,1,>400%,1,0,1.0,4.0,1.0,10,78,Employed,Government,55,1,1,1.0,1,1,1,46-55,Married,21.0,1.0,Bachelors,0,2,2,2,2.0,0,38,500,2,4,0
4000.0,501.0,0.0,Very_Low,1,>400%,1,0,1.0,1.0,1.0,46,84,Employed,Private,20,2,5,1.0,1,1,1,18-25,Never_married,16.0,2.0,HS_diploma,1,2,2,2,2.0,0,38,500,2,4,0
18900.0,240.0,0.0,Low,3,200-400%,1,0,1.0,1.0,1.0,72,88,Employed,Private,63,1,1,1.0,1,1,1,56-65,Married,21.0,1.0,Bachelors,0,2,2,2,2.0,0,38,400,2,4,0
0.0,240.0,0.0,,0,200-400%,0,0,6.0,1.0,2.0,47,49,Not_in_labor_force,Private,51,2,1,1.0,1,1,1,46-55,Married,21.0,1.0,Bachelors,0,2,2,2,2.0,0,38,400,2,4,0
65000.0,501.0,0.0,High,2,>400%,1,0,1.0,4.0,1.0,08,68,Employed,Government,49,2,1,1.0,1,1,1,46-55,Married,21.0,1.0,Bachelors,0,2,2,2,2.0,0,38,300,2,4,0
60000.0,501.0,0.0,High,1,>400%,1,0,1.0,4.0,1.0,19,94,Employed,Government,52,1,1,1.0,1,1,1,46-55,Married,21.0,1.0,Bachelors,0,2,2,2,2.0,0,38,300,2,4,0
50000.0,294.0,0.0,Medium,1,200-400%,1,0,1.0,1.0,1.0,08,72,Employed,Private,46,1,3,1.0,1,1,1,46-55,Divorced_Separated,21.0,1.0,Bachelors,0,2,2,2,2.0,0,38,300,2,4,0
3600.0,23.0,0.0,Very_Low,1,<100%,1,0,1.0,3.0,1.0,23,78,Employed,Government,22,2,5,1.0,1,1,1,18-25,Never_married,21.0,2.0,Bachelors,1,2,2,2,2.0,0,38,500,2,4,0
22000.0,141.0,0.0,Low,1,138-200%,1,0,1.0,1.0,1.0,78,86,Employed,Private,56,2,3,1.0,1,1,1,56-65,Divorced_Separated,16.0,1.0,HS_diploma,0,2,2,2,2.0,0,38,200,2,4,0
25000.0,160.0,0.0,Low,1,138-200%,1,0,1.0,1.0,1.0,89,25,Employed,Private,58,1,3,1.0,1,1,1,56-65,Divorced_Separated,16.0,1.0,HS_diploma,0,2,2,2,2.0,0,38,200,2,4,0
4000.0,416.0,0.0,Very_Low,1,>400%,1,0,1.0,3.0,1.0,25,78,Employed,Government,64,2,1,1.0,1,1,1,56-65,Married,16.0,1.0,HS_diploma,0,2,2,2,2.0,0,38,600,2,4,0
48000.0,501.0,0.0,Medium,1,>400%,1,0,1.0,1.0,1.0,55,63,Employed,Private,48,1,1,1.0,1,1,1,46-55,Married,20.0,1.0,Some_college,0,2,2,2,2.0,0,38,300,2,4,0
63000.0,501.0,0.0,High,1,>400%,1,0,1.0,2.0,1.0,32,81,Employed,Private,50,2,1,1.0,1,1,1,46-55,Married,21.0,1.0,Bachelors,0,2,2,2,2.0,0,38,300,2,4,0
70000.0,459.0,0.0,High,1,>400%,1,0,1.0,1.0,1.0,56,39,Employed,Private,28,1,5,1.0,1,1,1,26-35,Never_married,16.0,1.0,HS_diploma,0,2,2,2,2.0,0,38,500,2,4,0
49500.0,325.0,1800.0,Medium,2,200-400%,1,1,6.0,1.0,1.0,04,61,Not_in_labor_force,Private,40,2,3,1.0,1,1,1,36-45,Divorced_Separated,16.0,1.0,HS_diploma,0,2,2,2,2.0,0,38,200,2,4,0
150000.0,501.0,0.0,Very_High,1,>400%,1,0,1.0,1.0,1.0,00,86,Employed,Private,47,2,1,1.0,1,1,1,46-55,Married,17.0,1.0,HS_diploma,0,2,2,2,2.0,0,38,600,2,4,0
6000.0,501.0,0.0,Very_Low,1,>400%,1,0,1.0,3.0,1.0,46,78,Employed,Government,20,2,5,1.0,1,1,1,18-25,Never_married,19.0,2.0,Some_college,1,2,2,2,2.0,0,38,600,2,4,1
100000.0,501.0,0.0,Very_High,1,>400%,1,0,1.0,1.0,1.0,00,46,Employed,Private,41,1,1,1.0,1,1,1,36-45,Married,21.0,1.0,Bachelors,0,2,2,2,2.0,0,38,200,2,4,0
60000.0,501.0,0.0,High,1,>400%,1,0,1.0,2.0,1.0,32,81,Employed,Private,41,2,1,1.0,1,1,1,36-45,Married,21.0,1.0,Bachelors,0,2,2,2,2.0,0,38,200,2,4,0
50000.0,260.0,0.0,Medium,1,200-400%,1,0,1.0,2.0,1.0,04,78,Employed,Private,50,2,1,1.0,1,1,1,46-55,Married,22.0,1.0,Graduate,0,2,2,2,2.0,0,38,300,2,4,0
12000.0,260.0,0.0,Very_Low,1,200-400%,1,0,1.0,7.0,1.0,02,01,Employed,Self_employed,50,1,1,1.0,1,1,1,46-55,Married,21.0,1.0,Bachelors,0,2,2,2,2.0,0,38,300,2,4,0
0.0,501.0,0.0,,1,>400%,0,0,6.0,4.0,2.0,25,78,Not_in_labor_force,Government,61,2,1,1.0,1,1,1,56-65,Married,21.0,1.0,Bachelors,0,2,2,2,2.0,0,38,200,2,4,0
0.0,501.0,0.0,,2,>400%,0,0,6.0,2.0,2.0,00,78,Not_in_labor_force,Private,64,1,1,1.0,1,1,1,56-65,Married,22.0,1.0,Graduate,0,2,2,2,2.0,0,38,200,2,4,0
0.0,330.0,50000.0,,1,200-400%,0,1,1.0,6.0,1.0,06,73,Employed,Self_employed,43,2,1,1.0,1,1,1,36-45,Married,21.0,1.0,Bachelors,0,2,2,2,2.0,0,38,500,2,4,0
0.0,330.0,30000.0,,1,200-400%,0,1,1.0,6.0,1.0,62,07,Employed,Self_employed,44,1,1,1.0,1,9,1,36-45,Married,16.0,1.0,HS_diploma,0,2,2,2,2.0,0,38,500,2,4,0
130000.0,501.0,0.0,Very_High,1,>400%,1,0,1.0,1.0,1.0,86,20,Employed,Private,43,1,1,1.0,1,1,1,36-45,Married,15.0,1.0,Less_than_HS,0,2,2,2,2.0,0,38,100,2,4,0
90000.0,501.0,0.0,Very_High,1,>400%,1,0,1.0,1.0,1.0,51,04,Employed,Private,43,2,1,1.0,2,1,1,36-45,Married,21.0,1.0,Bachelors,0,2,2,2,2.0,0,38,100,2,4,0
50000.0,370.0,0.0,Medium,1,200-400%,1,0,1.0,2.0,1.0,36,82,Employed,Private,38,2,5,1.0,1,1,1,36-45,Never_married,16.0,1.0,HS_diploma,0,2,2,2,2.0,0,38,400,2,4,0
50000.0,321.0,0.0,Medium,1,200-400%,1,0,1.0,1.0,1.0,77,30,Employed,Private,39,1,3,1.0,1,1,1,36-45,Divorced_Separated,16.0,1.0,HS_diploma,0,2,2,2,2.0,0,38,400,2,4,0
3700.0,370.0,0.0,Very_Low,1,200-400%,1,0,1.0,5.0,1.0,41,86,Employed,Government,19,2,5,1.0,1,1,1,18-25,Never_married,16.0,2.0,HS_diploma,1,2,2,2,2.0,0,38,400,2,4,0
75000.0,370.0,0.0,High,1,200-400%,1,0,6.0,7.0,1.0,81,77,Not_in_labor_force,Self_employed,18,1,5,1.0,1,1,1,18-25,Never_married,16.0,2.0,HS_diploma,1,2,2,2,2.0,0,38,400,2,4,0
48000.0,334.0,0.0,Medium,1,200-400%,1,0,1.0,2.0,1.0,33,81,Employed,Private,25,2,1,1.0,1,1,1,18-25,Married,21.0,1.0,Bachelors,0,2,2,2,2.0,0,38,300,2,4,0
45000.0,334.0,0.0,Medium,1,200-400%,1,0,1.0,1.0,1.0,47,46,Employed,Private,25,1,1,1.0,1,1,1,18-25,Married,21.0,1.0,Bachelors,0,2,2,2,2.0,0,38,300,2,4,0
10000.0,334.0,0.0,Very_Low,1,200-400%,1,0,1.0,5.0,1.0,82,16,Employed,Government,22,2,5,3.0,1,1,1,18-25,Never_married,22.0,2.0,Graduate,1,2,2,2,2.0,0,38,300,2,4,0
0.0,147.0,0.0,,0,138-200%,0,0,6.0,1.0,3.0,42,69,Not_in_labor_force,Private,38,2,1,1.0,1,3,1,36-45,Married,18.0,1.0,Some_college,0,2,2,2,2.0,0,38,500,2,4,1
60000.0,147.0,0.0,High,1,138-200%,1,0,1.0,7.0,1.0,77,30,Employed,Self_employed,37,1,1,1.0,1,1,1,36-45,Married,16.0,1.0,HS_diploma,0,2,2,2,2.0,0,38,500,2,4,0
65000.0,501.0,0.0,High,1,>400%,1,0,1.0,1.0,1.0,35,82,Employed,Private,43,2,1,1.0,1,1,1,36-45,Married,19.0,1.0,Some_college,0,2,2,2,2.0,0,38,300,2,4,0
50000.0,501.0,0.0,Medium,1,>400%,1,0,1.0,7.0,1.0,73,87,Employed,Self_employed,48,1,1,1.0,1,9,1,46-55,Married,20.0,1.0,Some_college,0,2,2,2,2.0,0,38,300,2,4,1
0.0,501.0,0.0,,0,>400%,0,0,6.0,1.0,3.0,42,69,Not_in_labor_force,Private,64,2,1,1.0,1,1,1,56-65,Married,17.0,1.0,HS_diploma,0,2,2,2,2.0,0,38,500,2,4,0
600.0,48.0,0.0,Very_Low,2,<100%,1,0,6.0,2.0,1.0,43,91,Not_in_labor_force,Private,59,2,3,1.0,1,1,1,56-65,Divorced_Separated,20.0,1.0,Some_college,0,1,2,1,1.0,1,38,400,2,4,1
13000.0,361.0,0.0,Very_Low,1,200-400%,1,0,1.0,3.0,1.0,46,78,Employed,Government,55,2,1,1.0,1,1,1,46-55,Married,16.0,1.0,HS_diploma,0,2,2,2,2.0,0,38,200,2,4,0
59000.0,361.0,0.0,High,1,200-400%,1,0,1.0,3.0,1.0,00,93,Employed,Government,56,1,1,1.0,1,1,1,56-65,Married,20.0,1.0,Some_college,0,1,1,2,2.0,1,38,200,2,4,0
550.0,345.0,0.0,Very_Low,1,200-400%,1,0,1.0,1.0,1.0,96,49,Employed,Private,27,2,5,1.0,1,1,1,26-35,Never_married,16.0,1.0,HS_diploma,0,1,2,2,2.0,1,38,600,2,4,1
0.0,501.0,0.0,,0,>400%,0,0,6.0,1.0,2.0,20,69,Not_in_labor_force,Private,51,2,1,3.0,1,1,1,46-55,Married,24.0,1.0,Graduate,0,2,2,2,2.0,0,38,600,2,4,0
100000.0,501.0,0.0,Very_High,1,>400%,1,0,1.0,3.0,1.0,23,78,Employed,Government,51,1,1,3.0,1,1,1,46-55,Married,24.0,1.0,Graduate,0,1,1,2,2.0,1,38,600,2,4,0
7000.0,501.0,0.0,Very_Low,1,>400%,1,0,1.0,1.0,1.0,52,47,Employed,Private,18,1,5,3.0,1,1,1,18-25,Never_married,14.0,2.0,Less_than_HS,1,2,2,2,2.0,0,38,600,2,4,0
70000.0,501.0,0.0,High,1,>400%,1,0,1.0,5.0,1.0,16,95,Employed,Government,51,1,3,3.0,1,1,1,46-55,Divorced_Separated,21.0,1.0,Bachelors,0,2,2,2,2.0,0,38,600,2,4,0
53000.0,501.0,0.0,High,2,>400%,1,0,1.0,4.0,1.0,06,94,Employed,Government,51,2,1,1.0,1,1,1,46-55,Married,19.0,1.0,Some_college,0,2,2,2,2.0,0,38,600,2,4,0
80000.0,501.0,0.0,Very_High,1,>400%,1,0,1.0,1.0,1.0,19,04,Employed,Private,22,1,5,1.0,1,1,1,18-25,Never_married,20.0,1.0,Some_college,0,2,2,2,2.0,0,38,300,2,4,0
30000.0,194.0,0.0,Low,1,138-200%,1,0,1.0,1.0,1.0,62,07,Employed,Private,36,1,5,1.0,1,1,1,36-45,Never_married,16.0,1.0,HS_diploma,0,2,2,2,2.0,0,38,200,2,4,0
79000.0,501.0,0.0,Very_High,1,>400%,1,0,1.0,1.0,1.0,69,04,Employed,Private,64,1,5,1.0,1,1,1,56-65,Never_married,16.0,1.0,HS_diploma,0,1,2,1,2.0,1,38,100,2,4,0
45000.0,360.0,0.0,Medium,1,200-400%,1,0,1.0,1.0,1.0,60,01,Employed,Private,39,1,1,1.0,1,1,1,36-45,Married,20.0,1.0,Some_college,0,2,2,2,2.0,0,38,100,2,4,0
85000.0,360.0,0.0,Very_High,1,200-400%,1,0,1.0,5.0,1.0,01,95,Employed,Government,36,2,1,1.0,1,1,1,36-45,Married,21.0,1.0,Bachelors,0,2,2,2,2.0,0,38,100,2,4,0
50000.0,158.0,0.0,Medium,1,138-200%,1,0,1.0,1.0,1.0,81,30,Employed,Private,45,1,1,1.0,1,1,1,36-45,Married,19.0,1.0,Some_college,0,2,2,2,2.0,0,38,400,2,4,0
600.0,158.0,0.0,Very_Low,1,138-200%,1,0,1.0,1.0,1.0,41,86,Employed,Private,18,2,5,1.0,1,1,1,18-25,Never_married,16.0,2.0,HS_diploma,1,2,2,2,2.0,0,38,400,2,4,0
115000.0,501.0,0.0,Very_High,1,>400%,1,0,1.0,1.0,1.0,68,04,Employed,Private,29,1,5,1.0,1,1,2,26-35,Never_married,16.0,1.0,HS_diploma,0,2,2,2,2.0,0,38,200,2,4,0
65000.0,411.0,0.0,High,1,>400%,1,0,1.0,1.0,1.0,15,72,Employed,Private,33,1,5,1.0,1,1,1,26-35,Never_married,21.0,1.0,Bachelors,0,2,2,2,2.0,0,38,600,2,4,0
0.0,0.0,0.0,,0,,0,0,6.0,1.0,3.0,42,69,Not_in_labor_force,Private,39,2,5,1.0,1,1,1,36-45,Never_married,11.0,1.0,Less_than_HS,0,1,1,2,2.0,1,38,300,2,4,1
0.0,78.0,0.0,,2,<100%,0,0,6.0,1.0,3.0,42,69,Not_in_labor_force,Private,63,1,5,1.0,1,1,1,56-65,Never_married,16.0,1.0,HS_diploma,0,1,2,2,1.0,1,38,100,2,4,1
104000.0,501.0,0.0,Very_High,1,>400%,1,0,1.0,1.0,1.0,01,68,Employed,Private,35,2,1,1.0,1,1,1,26-35,Married,21.0,1.0,Bachelors,0,2,2,2,2.0,0,38,600,2,4,0
100000.0,501.0,0.0,Very_High,1,>400%,1,0,1.0,1.0,1.0,55,63,Employed,Private,38,1,1,1.0,1,1,1,36-45,Married,21.0,1.0,Bachelors,0,2,2,2,2.0,0,38,600,2,4,0
90000.0,501.0,0.0,Very_High,2,>400%,1,0,1.0,1.0,1.0,60,01,Employed,Private,58,1,5,1.0,1,1,1,56-65,Never_married,20.0,1.0,Some_college,0,2,2,2,2.0,0,38,400,2,4,0
75000.0,193.0,0.0,High,1,138-200%,1,0,1.0,5.0,1.0,73,95,Employed,Government,37,1,1,1.0,1,1,1,36-45,Married,19.0,3.0,Some_college,1,2,2,2,2.0,0,38,300,2,4,0
850.0,193.0,0.0,Very_Low,1,138-200%,1,0,6.0,3.0,1.0,91,78,Not_in_labor_force,Government,32,2,1,1.0,1,1,1,26-35,Married,18.0,1.0,Some_college,0,2,2,2,2.0,0,38,300,2,4,0
120000.0,501.0,0.0,Very_High,1,>400%,1,0,1.0,1.0,1.0,76,60,Employed,Private,51,1,1,1.0,1,1,1,46-55,Married,20.0,1.0,Some_college,0,1,1,2,2.0,1,38,600,2,4,0
75000.0,501.0,0.0,High,1,>400%,1,0,1.0,5.0,1.0,33,81,Employed,Government,49,2,1,1.0,1,1,1,46-55,Married,21.0,1.0,Bachelors,0,2,2,2,2.0,0,38,600,2,4,0
120000.0,501.0,0.0,Very_High,1,>400%,1,0,1.0,7.0,1.0,13,72,Employed,Self_employed,42,1,1,1.0,1,1,1,36-45,Married,21.0,1.0,Bachelors,0,2,2,2,2.0,0,38,300,2,4,0
40000.0,501.0,3000.0,Medium,2,>400%,1,1,1.0,1.0,1.0,26,07,Employed,Private,41,2,1,1.0,1,1,1,36-45,Married,21.0,1.0,Bachelors,0,2,2,2,2.0,0,38,300,2,4,0
18000.0,114.0,0.0,Low,1,100-138%,1,0,1.0,4.0,1.0,22,78,Employed,Government,28,2,5,1.0,2,2,1,26-35,Never_married,22.0,2.0,Graduate,1,2,2,2,2.0,0,38,600,2,4,0
76000.0,501.0,0.0,Very_High,2,>400%,1,0,1.0,1.0,1.0,91,44,Employed,Private,27,1,5,1.0,1,1,1,26-35,Never_married,19.0,1.0,Some_college,0,2,2,2,2.0,0,38,300,2,4,0
40200.0,501.0,0.0,Medium,2,>400%,1,0,1.0,2.0,1.0,36,83,Employed,Private,30,1,5,1.0,1,1,1,26-35,Never_married,19.0,1.0,Some_college,0,2,2,2,2.0,0,38,300,2,4,0
0.0,113.0,5000.0,,1,100-138%,0,1,1.0,6.0,1.0,02,01,Employed,Self_employed,36,1,1,1.0,1,1,1,36-45,Married,20.0,1.0,Some_college,0,2,2,2,2.0,0,38,200,2,4,0
35000.0,113.0,0.0,Medium,1,100-138%,1,0,1.0,1.0,1.0,33,79,Employed,Private,37,2,1,1.0,1,1,1,36-45,Married,20.0,1.0,Some_college,0,2,2,2,2.0,0,38,200,2,4,0
55000.0,501.0,0.0,High,1,>400%,1,0,1.0,1.0,1.0,72,45,Employed,Private,48,1,1,1.0,1,1,1,46-55,Married,17.0,1.0,HS_diploma,0,2,2,2,2.0,0,38,500,2,4,0
70000.0,501.0,0.0,High,1,>400%,1,0,1.0,4.0,1.0,20,83,Employed,Government,56,2,1,1.0,1,1,1,56-65,Married,21.0,1.0,Bachelors,0,2,2,2,2.0,0,38,500,2,4,0
105000.0,501.0,0.0,Very_High,1,>400%,1,0,1.0,7.0,1.0,47,48,Employed,Self_employed,39,1,1,1.0,1,1,1,36-45,Married,19.0,1.0,Some_college,0,2,2,2,2.0,0,38,400,2,4,0
50000.0,501.0,0.0,Medium,1,>400%,1,0,1.0,1.0,1.0,50,68,Employed,Private,40,2,1,1.0,1,1,1,36-45,Married,21.0,1.0,Bachelors,0,2,2,2,2.0,0,38,400,2,4,0
0.0,501.0,0.0,,0,>400%,0,0,6.0,1.0,3.0,42,69,Not_in_labor_force,Private,61,2,1,1.0,1,1,1,56-65,Married,20.0,1.0,Some_college,0,1,2,2,1.0,1,38,500,2,4,0
0.0,168.0,0.0,,0,138-200%,0,0,6.0,1.0,2.0,25,78,Not_in_labor_force,Private,27,2,1,1.0,1,1,1,26-35,Married,21.0,1.0,Bachelors,0,2,2,2,2.0,0,38,400,2,4,0
21100.0,168.0,28800.0,Low,2,138-200%,1,1,1.0,6.0,1.0,02,01,Employed,Self_employed,26,1,1,1.0,1,1,1,26-35,Married,21.0,1.0,Bachelors,0,2,2,2,2.0,0,38,400,2,4,0
60000.0,387.0,0.0,High,1,200-400%,1,0,2.0,1.0,1.0,40,86,Employed,Private,33,2,5,1.0,1,1,1,26-35,Never_married,20.0,1.0,Some_college,0,2,2,2,2.0,0,38,500,2,4,0
45000.0,287.0,0.0,Medium,1,200-400%,1,0,1.0,5.0,1.0,51,86,Employed,Government,33,2,5,1.0,1,1,1,26-35,Never_married,21.0,1.0,Bachelors,0,2,2,2,2.0,0,38,600,2,4,0
90000.0,501.0,-6700.0,Very_High,1,>400%,1,0,1.0,5.0,1.0,72,73,Employed,Government,28,1,1,1.0,1,1,1,26-35,Married,20.0,1.0,Some_college,0,2,2,2,2.0,0,38,500,2,4,0
100000.0,501.0,0.0,Very_High,1,>400%,1,0,1.0,1.0,1.0,32,81,Employed,Private,31,2,1,1.0,1,1,1,26-35,Married,22.0,2.0,Graduate,1,2,2,2,2.0,0,38,500,2,4,0
75000.0,364.0,0.0,High,1,200-400%,1,0,1.0,1.0,1.0,91,63,Employed,Private,33,1,3,1.0,1,3,1,26-35,Divorced_Separated,19.0,1.0,Some_college,0,2,2,2,2.0,0,38,200,2,4,0
60000.0,501.0,0.0,High,2,>400%,1,0,1.0,1.0,1.0,51,04,Employed,Private,51,2,1,1.0,1,1,2,46-55,Married,16.0,1.0,HS_diploma,0,2,2,2,2.0,0,38,100,2,4,0
12000.0,501.0,0.0,Very_Low,2,>400%,1,0,1.0,1.0,1.0,62,04,Employed,Private,53,1,1,1.0,1,1,1,46-55,Married,16.0,1.0,HS_diploma,0,2,2,2,2.0,0,38,100,2,4,0
0.0,89.0,0.0,,1,<100%,0,0,6.0,1.0,3.0,42,69,Not_in_labor_force,Private,64,1,3,1.0,1,1,1,56-65,Divorced_Separated,16.0,1.0,HS_diploma,0,2,2,2,2.0,0,38,500,2,4,0
60000.0,426.0,0.0,High,2,>400%,1,0,1.0,1.0,1.0,63,07,Employed,Private,62,1,2,1.0,1,1,1,56-65,Divorced_Separated,16.0,1.0,HS_diploma,0,2,2,2,2.0,0,38,200,2,4,0
24000.0,152.0,0.0,Low,1,138-200%,1,0,1.0,1.0,1.0,47,53,Employed,Private,60,2,3,1.0,1,1,1,56-65,Divorced_Separated,16.0,1.0,HS_diploma,0,2,2,2,2.0,0,38,200,2,4,0
20000.0,426.0,0.0,Low,2,>400%,1,0,1.0,1.0,1.0,96,57,Employed,Private,26,2,3,1.0,1,1,1,26-35,Divorced_Separated,16.0,1.0,HS_diploma,0,2,2,2,2.0,0,38,200,2,4,0
47000.0,501.0,0.0,Medium,1,>400%,1,0,1.0,1.0,1.0,47,47,Employed,Private,20,1,5,1.0,1,1,1,18-25,Never_married,16.0,1.0,HS_diploma,0,2,2,2,2.0,0,38,200,2,4,0
5500.0,385.0,0.0,Very_Low,1,200-400%,1,0,6.0,3.0,1.0,42,93,Not_in_labor_force,Government,58,2,1,1.0,1,1,1,56-65,Married,16.0,1.0,HS_diploma,0,2,2,2,2.0,0,38,200,2,4,0
0.0,385.0,72000.0,,1,200-400%,0,1,1.0,6.0,1.0,02,01,Employed,Self_employed,56,1,1,1.0,1,1,1,56-65,Married,16.0,1.0,HS_diploma,0,2,2,2,2.0,0,38,200,2,4,0
870.0,501.0,0.0,Very_Low,1,>400%,1,0,6.0,1.0,1.0,54,79,Not_in_labor_force,Private,56,2,1,1.0,1,1,1,56-65,Married,20.0,1.0,Some_college,0,2,2,2,2.0,0,38,600,2,4,0
64000.0,501.0,0.0,High,2,>400%,1,0,1.0,2.0,1.0,52,05,Employed,Private,35,2,1,1.0,1,1,1,26-35,Married,20.0,1.0,Some_college,0,2,2,2,2.0,0,38,500,2,4,0
52000.0,501.0,0.0,High,1,>400%,1,0,1.0,2.0,1.0,42,53,Employed,Private,36,1,1,1.0,1,1,1,36-45,Married,20.0,1.0,Some_college,0,2,2,2,2.0,0,38,500,2,4,0
73000.0,501.0,0.0,High,2,>400%,1,0,1.0,1.0,1.0,63,07,Employed,Private,40,1,5,1.0,1,1,1,36-45,Never_married,16.0,1.0,HS_diploma,0,1,2,1,2.0,1,38,400,2,4,0
30000.0,143.0,0.0,Low,1,138-200%,1,0,1.0,1.0,1.0,20,78,Employed,Private,47,1,5,1.0,1,3,1,46-55,Never_married,22.0,1.0,Graduate,0,2,2,2,2.0,0,38,400,2,4,0
4900.0,143.0,0.0,Very_Low,1,138-200%,1,0,6.0,3.0,1.0,23,78,Not_in_labor_force,Government,20,2,5,1.0,1,3,1,18-25,Never_married,19.0,2.0,Some_college,1,2,2,2,2.0,0,38,400,2,4,1
131000.0,297.0,0.0,Very_High,1,200-400%,1,0,1.0,1.0,1.0,70,60,Employed,Private,38,1,1,3.0,1,1,1,36-45,Married,19.0,1.0,Some_college,0,2,2,2,2.0,0,38,200,2,4,0
0.0,297.0,0.0,,0,200-400%,0,0,6.0,2.0,2.0,32,80,Not_in_labor_force,Private,37,2,1,3.0,1,1,1,36-45,Married,22.0,1.0,Graduate,0,2,2,2,2.0,0,38,200,2,4,0
40000.0,501.0,0.0,Medium,2,>400%,1,0,1.0,1.0,1.0,50,01,Employed,Private,57,2,1,1.0,1,1,1,56-65,Married,21.0,1.0,Bachelors,0,2,2,2,2.0,0,38,400,2,4,0
85000.0,501.0,0.0,Very_High,1,>400%,1,0,1.0,1.0,1.0,07,23,Employed,Private,29,1,5,3.0,1,1,1,26-35,Never_married,21.0,1.0,Bachelors,0,2,2,2,2.0,0,38,400,2,4,0
48000.0,197.0,0.0,Medium,1,138-200%,1,0,1.0,1.0,1.0,04,63,Employed,Private,33,1,1,1.0,2,6,1,26-35,Married,22.0,1.0,Graduate,0,2,2,2,2.0,0,38,600,2,4,0
0.0,197.0,0.0,,0,138-200%,0,0,6.0,1.0,2.0,23,78,Not_in_labor_force,Private,33,2,1,1.0,2,6,1,26-35,Married,22.0,1.0,Graduate,0,2,2,2,2.0,0,38,600,2,4,0
60000.0,297.0,0.0,High,1,200-400%,1,0,4.0,5.0,1.0,98,96,Not_in_labor_force,Government,44,1,1,3.0,1,1,1,36-45,Married,20.0,1.0,Some_college,0,1,1,2,2.0,1,38,600,2,4,0
47000.0,297.0,0.0,Medium,1,200-400%,1,0,1.0,4.0,1.0,23,78,Employed,Government,42,2,1,3.0,1,1,1,36-45,Married,22.0,1.0,Graduate,0,2,2,2,2.0,0,38,600,2,4,0
0.0,297.0,0.0,,0,200-400%,0,0,6.0,1.0,3.0,42,69,Not_in_labor_force,Private,18,1,5,3.0,1,1,1,18-25,Never_married,14.0,2.0,Less_than_HS,1,1,2,1,2.0,1,38,600,2,4,0
140000.0,501.0,0.0,Very_High,1,>400%,1,0,1.0,1.0,1.0,13,07,Employed,Private,25,1,5,3.0,1,1,1,18-25,Never_married,21.0,1.0,Bachelors,0,2,2,2,2.0,0,38,200,2,4,0
100000.0,501.0,50000.0,Very_High,2,>400%,1,1,1.0,6.0,1.0,02,01,Employed,Self_employed,48,1,5,1.0,1,1,1,46-55,Never_married,13.0,1.0,Less_than_HS,0,2,2,2,2.0,0,38,400,2,4,0
9000.0,58.0,0.0,Very_Low,1,<100%,1,0,1.0,1.0,1.0,58,42,Employed,Private,44,2,5,1.0,1,1,1,36-45,Never_married,16.0,1.0,HS_diploma,0,2,2,2,2.0,0,38,400,2,4,1
40000.0,266.0,0.0,Medium,1,200-400%,1,0,3.0,1.0,1.0,73,88,Unemployed,Private,31,1,5,1.0,1,1,1,26-35,Never_married,19.0,1.0,Some_college,0,2,2,2,2.0,0,38,100,2,4,0
92000.0,501.0,0.0,Very_High,1,>400%,1,0,1.0,1.0,1.0,00,53,Employed,Private,36,1,5,1.0,1,1,2,36-45,Never_married,18.0,1.0,Some_college,0,2,2,2,2.0,0,38,300,2,4,0
70000.0,290.0,0.0,High,1,200-400%,1,0,1.0,1.0,1.0,47,48,Employed,Private,47,1,5,1.0,1,1,1,46-55,Never_married,19.0,1.0,Some_college,0,2,2,2,2.0,0,38,400,2,4,0
23000.0,196.0,8000.0,Low,2,138-200%,1,1,1.0,1.0,1.0,64,07,Employed,Private,45,2,5,1.0,1,1,1,36-45,Never_married,21.0,1.0,Bachelors,0,2,2,2,2.0,0,38,400,2,4,0
24000.0,79.0,0.0,Low,1,<100%,1,0,1.0,1.0,1.0,91,63,Employed,Private,28,2,5,1.0,1,3,1,26-35,Never_married,20.0,2.0,Some_college,1,2,2,2,2.0,0,38,500,2,4,1
90000.0,501.0,0.0,Very_High,1,>400%,1,0,1.0,2.0,1.0,22,78,Employed,Private,42,2,1,1.0,1,1,1,36-45,Married,24.0,1.0,Graduate,0,2,2,2,2.0,0,38,300,2,4,0
80000.0,501.0,0.0,Very_High,1,>400%,1,0,1.0,2.0,1.0,23,78,Employed,Private,43,1,1,1.0,1,1,1,36-45,Married,22.0,1.0,Graduate,0,2,2,2,2.0,0,38,300,2,4,0
96000.0,501.0,0.0,Very_High,2,>400%,1,0,1.0,1.0,1.0,91,03,Employed,Private,59,1,1,1.0,1,1,1,56-65,Married,16.0,1.0,HS_diploma,0,2,2,2,2.0,0,38,200,2,4,0
127000.0,501.0,0.0,Very_High,1,>400%,1,0,1.0,4.0,1.0,00,78,Employed,Government,45,1,1,1.0,1,1,1,36-45,Married,22.0,1.0,Graduate,0,2,2,2,2.0,0,38,200,2,4,0
60000.0,501.0,0.0,High,1,>400%,1,0,1.0,3.0,1.0,38,94,Employed,Government,31,2,1,1.0,1,1,1,26-35,Married,16.0,1.0,HS_diploma,0,2,2,2,2.0,0,38,200,2,4,0
60000.0,501.0,0.0,High,1,>400%,1,0,1.0,2.0,1.0,32,83,Employed,Private,53,2,1,1.0,1,1,1,46-55,Married,21.0,1.0,Bachelors,0,2,2,2,2.0,0,38,400,2,4,0
60000.0,501.0,0.0,High,1,>400%,1,0,1.0,1.0,1.0,72,30,Employed,Private,57,1,1,1.0,1,1,1,56-65,Married,20.0,1.0,Some_college,0,2,2,2,2.0,0,38,400,2,4,0
0.0,94.0,0.0,,0,<100%,0,0,6.0,6.0,2.0,47,50,Not_in_labor_force,Self_employed,41,2,1,1.0,1,1,1,36-45,Married,18.0,1.0,Some_college,0,2,2,2,2.0,0,38,300,2,4,1
28000.0,94.0,0.0,Low,1,<100%,1,0,1.0,1.0,1.0,91,46,Employed,Private,40,1,1,1.0,1,1,1,36-45,Married,17.0,1.0,HS_diploma,0,2,2,2,2.0,0,38,300,2,4,1
50000.0,321.0,0.0,Medium,1,200-400%,1,0,1.0,1.0,1.0,15,04,Employed,Private,24,1,5,3.0,1,1,1,18-25,Never_married,22.0,2.0,Graduate,1,2,2,2,2.0,0,38,100,2,4,0
25000.0,501.0,0.0,Low,1,>400%,1,0,1.0,7.0,1.0,49,70,Employed,Self_employed,59,1,1,1.0,1,1,1,56-65,Married,21.0,1.0,Bachelors,0,2,2,2,2.0,0,38,600,2,4,0
70000.0,483.0,0.0,High,1,>400%,1,0,1.0,4.0,1.0,26,78,Employed,Government,65,2,1,1.0,1,1,1,56-65,Married,20.0,1.0,Some_college,0,2,2,2,2.0,0,38,400,2,4,0
2000.0,483.0,0.0,Very_Low,2,>400%,1,0,6.0,1.0,1.0,91,46,Not_in_labor_force,Private,64,1,1,1.0,1,1,1,56-65,Married,16.0,1.0,HS_diploma,0,1,1,2,2.0,1,38,400,2,4,0
107000.0,501.0,0.0,Very_High,1,>400%,1,0,1.0,1.0,1.0,00,35,Employed,Private,28,2,5,1.0,1,1,1,26-35,Never_married,21.0,1.0,Bachelors,0,2,2,2,2.0,0,38,600,2,4,0
15000.0,76.0,0.0,Very_Low,1,<100%,1,0,1.0,1.0,1.0,96,53,Employed,Private,53,2,3,1.0,1,5,1,46-55,Divorced_Separated,18.0,1.0,Some_college,0,1,2,2,1.0,1,38,400,2,4,0
0.0,76.0,0.0,,0,<100%,0,0,6.0,1.0,3.0,42,69,Not_in_labor_force,Private,36,1,5,1.0,1,5,1,36-45,Never_married,18.0,1.0,Some_college,0,1,2,1,1.0,1,38,400,2,4,1
48000.0,229.0,0.0,Medium,1,200-400%,1,0,2.0,3.0,1.0,25,78,Employed,Government,33,2,5,3.0,1,1,1,26-35,Never_married,12.0,1.0,Less_than_HS,0,2,2,2,2.0,0,38,300,2,4,0
0.0,36.0,0.0,,1,<100%,0,0,6.0,1.0,3.0,42,69,Not_in_labor_force,Private,33,1,5,1.0,1,1,1,26-35,Never_married,15.0,1.0,Less_than_HS,0,1,2,2,2.0,1,38,300,2,4,0
20000.0,130.0,0.0,Low,1,100-138%,1,0,1.0,3.0,1.0,53,78,Employed,Government,22,2,5,3.0,1,1,1,18-25,Never_married,21.0,1.0,Bachelors,0,2,2,2,2.0,0,38,300,2,4,0
14000.0,91.0,0.0,Very_Low,1,<100%,1,0,1.0,3.0,1.0,23,84,Employed,Government,23,2,5,3.0,1,1,1,18-25,Never_married,21.0,1.0,Bachelors,0,2,2,2,2.0,0,38,300,2,4,0
30000.0,227.0,0.0,Low,1,200-400%,1,0,1.0,1.0,1.0,91,61,Employed,Private,33,2,1,1.0,1,1,1,26-35,Married,20.0,1.0,Some_college,0,2,2,2,2.0,0,38,400,2,4,0
40000.0,227.0,0.0,Medium,1,200-400%,1,0,1.0,1.0,1.0,96,04,Employed,Private,32,1,1,1.0,1,1,1,26-35,Married,17.0,1.0,HS_diploma,0,2,2,2,2.0,0,38,400,2,4,0
75000.0,335.0,0.0,High,2,200-400%,1,0,1.0,1.0,1.0,14,30,Employed,Private,28,1,1,1.0,1,1,1,26-35,Married,21.0,1.0,Bachelors,0,2,2,2,2.0,0,38,400,2,4,0
6000.0,335.0,0.0,Very_Low,1,200-400%,1,0,6.0,1.0,1.0,77,30,Not_in_labor_force,Private,24,2,1,1.0,1,9,1,18-25,Married,15.0,1.0,Less_than_HS,0,2,2,2,2.0,0,38,400,2,4,0
0.0,409.0,0.0,,1,>400%,0,0,6.0,5.0,2.0,04,95,Not_in_labor_force,Government,65,2,1,1.0,1,1,1,56-65,Married,16.0,1.0,HS_diploma,0,2,2,2,2.0,0,38,200,2,4,0
45000.0,285.0,0.0,Medium,1,200-400%,1,0,1.0,1.0,1.0,63,07,Employed,Private,21,1,5,3.0,1,1,2,18-25,Never_married,19.0,1.0,Some_college,0,2,2,2,2.0,0,38,600,2,4,0
80000.0,501.0,0.0,Very_High,1,>400%,1,0,1.0,1.0,1.0,91,56,Employed,Private,61,1,1,1.0,1,1,1,56-65,Married,16.0,1.0,HS_diploma,0,2,2,2,2.0,0,38,500,2,4,0
42000.0,501.0,0.0,Medium,1,>400%,1,0,1.0,1.0,1.0,47,49,Employed,Private,56,2,1,1.0,1,1,1,56-65,Married,16.0,1.0,HS_diploma,0,2,2,2,2.0,0,38,500,2,4,0
38000.0,501.0,0.0,Medium,1,>400%,1,0,1.0,1.0,1.0,96,12,Employed,Private,36,1,5,1.0,1,1,1,36-45,Never_married,16.0,1.0,HS_diploma,0,2,2,2,2.0,0,38,500,2,4,0
70000.0,501.0,0.0,High,1,>400%,1,0,1.0,1.0,1.0,91,56,Employed,Private,34,1,3,1.0,1,1,1,26-35,Divorced_Separated,18.0,1.0,Some_college,0,2,2,2,2.0,0,38,500,2,4,0
68000.0,500.0,0.0,High,3,>400%,1,0,6.0,3.0,1.0,02,01,Not_in_labor_force,Government,65,1,1,1.0,1,1,1,56-65,Married,18.0,1.0,Some_college,0,2,2,2,2.0,0,38,200,2,4,0
0.0,500.0,0.0,,0,>400%,0,0,6.0,1.0,3.0,42,69,Not_in_labor_force,Private,61,2,1,1.0,1,1,1,56-65,Married,17.0,1.0,HS_diploma,0,2,2,2,2.0,0,38,200,2,4,0
42200.0,277.0,0.0,Medium,1,200-400%,1,0,1.0,1.0,1.0,52,68,Employed,Private,39,1,5,1.0,1,1,1,36-45,Never_married,21.0,1.0,Bachelors,0,1,1,2,2.0,1,38,300,2,4,0
0.0,83.0,0.0,,1,<100%,0,0,6.0,6.0,2.0,02,01,Not_in_labor_force,Self_employed,65,1,3,1.0,1,1,1,56-65,Divorced_Separated,13.0,1.0,Less_than_HS,0,2,2,2,2.0,0,38,400,2,4,1
50000.0,446.0,0.0,Medium,1,>400%,1,0,1.0,4.0,1.0,19,95,Employed,Government,23,2,1,1.0,1,1,1,18-25,Married,20.0,1.0,Some_college,0,2,2,2,2.0,0,38,400,2,4,0
40000.0,446.0,0.0,Medium,1,>400%,1,0,2.0,1.0,1.0,86,69,Employed,Private,25,1,1,1.0,1,1,1,18-25,Married,16.0,1.0,HS_diploma,0,2,2,2,2.0,0,38,400,2,4,0
25000.0,319.0,0.0,Low,1,200-400%,1,0,1.0,1.0,1.0,78,10,Employed,Private,52,1,3,1.0,1,1,1,46-55,Divorced_Separated,16.0,1.0,HS_diploma,0,2,2,2,2.0,0,38,400,2,4,0
130000.0,501.0,0.0,Very_High,1,>400%,1,0,1.0,1.0,1.0,63,07,Employed,Private,36,1,5,1.0,1,1,1,36-45,Never_married,19.0,1.0,Some_college,0,2,2,2,2.0,0,38,100,2,4,0
50000.0,501.0,0.0,Medium,1,>400%,1,0,1.0,2.0,1.0,08,69,Employed,Private,36,2,1,1.0,1,1,1,36-45,Married,19.0,1.0,Some_college,0,2,2,2,2.0,0,38,600,2,4,0
100000.0,501.0,65000.0,Very_High,2,>400%,1,1,1.0,6.0,1.0,02,07,Employed,Self_employed,34,1,1,1.0,1,9,1,26-35,Married,16.0,1.0,HS_diploma,0,2,2,2,2.0,0,38,600,2,4,0
98000.0,325.0,0.0,Very_High,1,200-400%,1,0,1.0,1.0,1.0,96,05,Employed,Private,38,1,1,1.0,1,9,1,36-45,Married,19.0,1.0,Some_college,0,2,2,2,2.0,0,38,100,2,4,0
0.0,325.0,0.0,,0,200-400%,0,0,6.0,1.0,3.0,42,69,Not_in_labor_force,Private,38,2,1,1.0,1,1,1,36-45,Married,16.0,1.0,HS_diploma,0,2,2,2,2.0,0,38,100,2,4,0
70000.0,451.0,0.0,High,1,>400%,1,0,1.0,1.0,1.0,58,69,Employed,Private,58,1,5,1.0,1,1,1,56-65,Never_married,21.0,1.0,Bachelors,0,2,2,2,2.0,0,38,600,2,4,0
26100.0,426.0,0.0,Low,1,>400%,1,0,1.0,7.0,1.0,72,42,Employed,Self_employed,58,1,1,1.0,1,1,1,56-65,Married,20.0,1.0,Some_college,0,2,2,2,2.0,0,38,400,2,4,0
60000.0,426.0,0.0,High,1,>400%,1,0,1.0,1.0,1.0,05,44,Employed,Private,64,2,1,1.0,1,1,1,56-65,Married,18.0,1.0,Some_college,0,2,2,2,2.0,0,38,400,2,4,0
75000.0,462.0,0.0,High,1,>400%,1,0,1.0,1.0,1.0,04,81,Employed,Private,47,2,2,1.0,1,1,1,46-55,Divorced_Separated,20.0,1.0,Some_college,0,2,2,2,2.0,0,38,100,2,4,0
0.0,0.0,0.0,,0,,0,0,6.0,1.0,2.0,47,49,Not_in_labor_force,Private,31,2,3,1.0,1,1,1,26-35,Divorced_Separated,17.0,1.0,HS_diploma,0,1,2,2,2.0,1,38,400,2,4,1
15000.0,95.0,0.0,Very_Low,1,<100%,1,0,1.0,1.0,1.0,77,39,Employed,Private,49,2,5,1.0,1,1,1,46-55,Never_married,16.0,1.0,HS_diploma,0,2,2,2,2.0,0,38,200,2,4,0
35000.0,501.0,0.0,Medium,2,>400%,1,0,1.0,1.0,1.0,47,47,Employed,Private,65,1,1,1.0,1,1,1,56-65,Married,21.0,1.0,Bachelors,0,2,2,2,2.0,0,38,500,2,4,0
55000.0,501.0,0.0,High,2,>400%,1,0,1.0,4.0,1.0,09,78,Employed,Government,64,2,1,1.0,1,1,1,56-65,Married,21.0,1.0,Bachelors,0,2,2,2,2.0,0,38,500,2,4,0
80000.0,501.0,0.0,Very_High,2,>400%,1,0,1.0,1.0,1.0,35,81,Employed,Private,30,2,5,1.0,1,1,1,26-35,Never_married,23.0,1.0,Graduate,0,2,2,2,2.0,0,38,500,2,4,0
78000.0,501.0,0.0,Very_High,1,>400%,1,0,1.0,1.0,1.0,23,78,Employed,Private,65,2,1,1.0,1,1,1,56-65,Married,22.0,1.0,Graduate,0,2,2,2,2.0,0,38,600,2,4,0
52000.0,333.0,0.0,High,1,200-400%,1,0,1.0,2.0,1.0,20,91,Employed,Private,24,2,5,3.0,1,1,1,18-25,Never_married,19.0,2.0,Some_college,1,2,2,2,2.0,0,38,200,2,4,0
0.0,9.0,1500.0,,1,<100%,0,1,1.0,6.0,1.0,46,92,Employed,Self_employed,23,2,5,1.0,1,1,1,18-25,Never_married,21.0,2.0,Bachelors,1,2,2,2,2.0,0,38,500,2,4,0
12000.0,260.0,0.0,Very_Low,1,200-400%,1,0,1.0,3.0,1.0,23,78,Employed,Government,43,2,1,1.0,1,1,1,36-45,Married,21.0,1.0,Bachelors,0,2,2,2,2.0,0,38,400,2,4,0
65000.0,260.0,0.0,High,1,200-400%,1,0,1.0,1.0,1.0,65,28,Employed,Private,46,1,1,1.0,1,1,1,46-55,Married,16.0,1.0,HS_diploma,0,2,2,2,2.0,0,38,400,2,4,0
60000.0,425.0,0.0,High,1,>400%,1,0,1.0,1.0,1.0,32,81,Employed,Private,34,2,1,1.0,1,1,1,26-35,Married,22.0,1.0,Graduate,0,2,2,2,2.0,0,38,400,2,4,0
0.0,425.0,90000.0,,1,>400%,0,1,1.0,6.0,1.0,02,01,Employed,Self_employed,39,1,1,1.0,1,1,1,36-45,Married,21.0,1.0,Bachelors,0,2,2,2,2.0,0,38,400,2,4,0
111000.0,501.0,0.0,Very_High,1,>400%,1,0,1.0,1.0,1.0,86,05,Employed,Private,51,1,3,1.0,1,1,1,46-55,Divorced_Separated,19.0,1.0,Some_college,0,2,2,2,2.0,0,38,200,2,4,0
11900.0,111.0,0.0,Very_Low,1,100-138%,1,0,1.0,3.0,1.0,40,78,Employed,Government,58,2,1,1.0,1,1,1,56-65,Married,21.0,1.0,Bachelors,0,2,2,2,2.0,0,38,400,2,4,0
8700.0,111.0,0.0,Very_Low,1,100-138%,1,0,1.0,1.0,1.0,91,07,Employed,Private,64,1,1,1.0,1,1,1,56-65,Married,16.0,1.0,HS_diploma,0,2,2,2,2.0,0,38,400,2,4,1
35400.0,292.0,0.0,Medium,1,200-400%,1,0,1.0,1.0,1.0,96,46,Employed,Private,31,1,1,1.0,1,1,1,26-35,Married,16.0,1.0,HS_diploma,0,2,2,2,2.0,0,38,300,2,4,0
54000.0,292.0,0.0,High,1,200-400%,1,0,1.0,4.0,1.0,20,80,Employed,Government,30,2,1,1.0,1,8,2,26-35,Married,21.0,1.0,Bachelors,0,2,2,2,2.0,0,38,300,2,4,0
11000.0,209.0,0.0,Very_Low,1,200-400%,1,0,1.0,1.0,1.0,93,70,Employed,Private,54,2,5,1.0,1,1,1,46-55,Never_married,16.0,1.0,HS_diploma,0,2,2,2,2.0,0,38,300,2,4,1
0.0,123.0,0.0,,2,100-138%,0,0,6.0,1.0,2.0,48,66,Not_in_labor_force,Private,63,1,2,1.0,1,1,1,56-65,Divorced_Separated,20.0,1.0,Some_college,0,1,2,2,2.0,1,38,400,2,4,0
0.0,323.0,0.0,,2,200-400%,0,0,6.0,2.0,2.0,25,78,Not_in_labor_force,Private,65,2,2,1.0,1,1,1,56-65,Divorced_Separated,16.0,1.0,HS_diploma,0,2,2,2,2.0,0,38,400,2,4,0
45000.0,220.0,0.0,Medium,1,200-400%,1,0,1.0,1.0,1.0,32,82,Employed,Private,29,2,3,3.0,1,1,1,26-35,Divorced_Separated,20.0,1.0,Some_college,0,2,2,2,2.0,0,38,500,2,4,0
40000.0,260.0,0.0,Medium,1,200-400%,1,0,1.0,1.0,1.0,72,87,Employed,Private,30,1,5,1.0,1,1,1,26-35,Never_married,16.0,1.0,HS_diploma,0,2,2,2,2.0,0,38,500,2,4,0
18100.0,118.0,0.0,Low,1,100-138%,1,0,1.0,1.0,1.0,31,80,Employed,Private,30,1,5,3.0,1,1,1,26-35,Never_married,24.0,1.0,Graduate,0,2,2,2,2.0,0,38,600,2,4,0
34000.0,216.0,0.0,Medium,1,200-400%,1,0,1.0,2.0,1.0,36,83,Employed,Private,26,2,5,3.0,1,1,1,26-35,Never_married,16.0,1.0,HS_diploma,0,2,2,2,2.0,0,38,200,2,4,0
33000.0,292.0,0.0,Medium,2,200-400%,1,0,2.0,2.0,1.0,47,49,Employed,Private,21,2,1,3.0,1,1,1,18-25,Married,19.0,1.0,Some_college,0,2,2,2,2.0,0,38,600,2,4,0
37000.0,292.0,0.0,Medium,1,200-400%,1,0,1.0,1.0,1.0,96,63,Employed,Private,20,1,1,3.0,1,2,1,18-25,Married,18.0,1.0,Some_college,0,2,2,2,2.0,0,38,600,2,4,0
54000.0,347.0,0.0,High,1,200-400%,1,0,4.0,5.0,1.0,37,96,Not_in_labor_force,Government,39,1,3,1.0,1,1,1,36-45,Divorced_Separated,20.0,1.0,Some_college,0,2,2,2,2.0,0,38,200,2,4,0
95000.0,501.0,0.0,Very_High,1,>400%,1,0,1.0,3.0,1.0,24,78,Employed,Government,53,2,1,1.0,1,1,1,46-55,Married,22.0,2.0,Graduate,1,2,2,2,2.0,0,38,200,2,4,0
10000.0,501.0,0.0,Very_Low,1,>400%,1,0,1.0,1.0,1.0,63,07,Employed,Private,55,1,1,1.0,1,1,1,46-55,Married,20.0,1.0,Some_college,0,2,2,2,2.0,0,38,200,2,4,0
65000.0,501.0,0.0,High,1,>400%,1,0,1.0,3.0,1.0,23,78,Employed,Government,49,2,1,1.0,1,1,1,46-55,Married,21.0,1.0,Bachelors,0,2,2,2,2.0,0,38,400,2,4,0
75000.0,501.0,5000.0,High,2,>400%,1,1,1.0,1.0,1.0,48,10,Employed,Private,52,1,1,1.0,1,1,1,46-55,Married,20.0,1.0,Some_college,0,2,2,2,2.0,0,38,400,2,4,0
10000.0,48.0,0.0,Very_Low,1,<100%,1,0,1.0,1.0,1.0,36,89,Employed,Private,42,2,3,1.0,1,1,1,36-45,Divorced_Separated,16.0,1.0,HS_diploma,0,2,2,2,2.0,0,38,400,2,4,1
19000.0,501.0,0.0,Low,2,>400%,1,0,6.0,1.0,1.0,51,01,Not_in_labor_force,Private,65,2,1,1.0,1,1,1,56-65,Married,18.0,1.0,Some_college,0,2,2,2,2.0,0,38,200,2,4,0
30000.0,294.0,0.0,Low,1,200-400%,1,0,1.0,7.0,1.0,45,89,Employed,Self_employed,41,2,1,1.0,1,1,1,36-45,Married,19.0,1.0,Some_college,0,2,2,2,2.0,0,38,600,2,4,0
74000.0,294.0,0.0,High,2,200-400%,1,0,1.0,1.0,1.0,02,07,Employed,Private,41,1,1,1.0,1,1,1,36-45,Married,16.0,1.0,HS_diploma,0,2,2,2,2.0,0,38,600,2,4,0
0.0,294.0,3600.0,,1,200-400%,0,1,1.0,6.0,1.0,42,92,Employed,Self_employed,18,2,5,1.0,1,1,1,18-25,Never_married,16.0,1.0,HS_diploma,0,2,2,2,2.0,0,38,600,2,4,0
93000.0,501.0,0.0,Very_High,1,>400%,1,0,1.0,1.0,1.0,72,03,Employed,Private,24,1,5,1.0,1,1,1,18-25,Never_married,20.0,1.0,Some_college,0,2,2,2,2.0,0,38,300,2,4,0
0.0,153.0,0.0,,1,138-200%,0,0,6.0,1.0,3.0,42,69,Not_in_labor_force,Private,63,1,3,1.0,1,1,1,56-65,Divorced_Separated,20.0,1.0,Some_college,0,2,2,2,2.0,0,38,200,2,4,0
64000.0,418.0,0.0,High,2,>400%,1,0,1.0,5.0,1.0,52,95,Employed,Government,56,1,5,1.0,1,1,1,56-65,Never_married,21.0,1.0,Bachelors,0,2,2,2,2.0,0,38,300,2,4,0
7800.0,88.0,0.0,Very_Low,1,<100%,1,0,1.0,4.0,1.0,32,81,Employed,Government,33,2,1,2.0,2,6,1,26-35,Married,22.0,1.0,Graduate,0,2,2,2,2.0,0,38,600,2,4,0
9800.0,88.0,0.0,Very_Low,1,<100%,1,0,1.0,4.0,1.0,33,81,Employed,Government,33,1,1,2.0,2,6,1,26-35,Married,21.0,1.0,Bachelors,0,2,2,2,2.0,0,38,600,2,4,0
90000.0,432.0,0.0,Very_High,1,>400%,1,0,1.0,1.0,1.0,75,04,Employed,Private,28,1,5,1.0,1,1,1,26-35,Never_married,16.0,1.0,HS_diploma,0,2,2,2,2.0,0,38,100,2,4,0
0.0,0.0,0.0,,0,,0,0,6.0,2.0,2.0,46,84,Not_in_labor_force,Private,24,2,5,3.0,1,1,1,18-25,Never_married,16.0,1.0,HS_diploma,0,2,2,2,2.0,0,38,100,2,4,1
180000.0,501.0,0.0,Very_High,1,>400%,1,0,1.0,2.0,1.0,31,81,Employed,Private,36,1,1,3.0,1,1,1,36-45,Married,22.0,1.0,Graduate,0,2,2,2,2.0,0,38,500,2,4,0
15000.0,501.0,0.0,Very_Low,1,>400%,1,0,1.0,2.0,1.0,33,81,Employed,Private,35,2,1,3.0,1,1,1,26-35,Married,21.0,1.0,Bachelors,0,2,2,2,2.0,0,38,500,2,4,0
130000.0,321.0,0.0,Very_High,1,200-400%,1,0,1.0,5.0,1.0,28,95,Employed,Government,44,1,1,1.0,1,1,1,36-45,Married,21.0,1.0,Bachelors,0,2,2,2,2.0,0,38,200,2,4,0
0.0,321.0,0.0,,0,200-400%,0,0,6.0,1.0,3.0,42,69,Not_in_labor_force,Private,37,2,1,1.0,1,1,1,36-45,Married,21.0,1.0,Bachelors,0,2,2,2,2.0,0,38,200,2,4,0
60000.0,169.0,0.0,High,2,138-200%,1,0,4.0,5.0,1.0,38,96,Not_in_labor_force,Government,38,1,1,1.0,1,9,1,36-45,Married,21.0,3.0,Bachelors,1,2,2,2,2.0,0,38,500,2,4,0
0.0,169.0,0.0,,1,138-200%,0,0,6.0,1.0,3.0,42,69,Not_in_labor_force,Private,38,2,1,1.0,1,9,1,36-45,Married,21.0,1.0,Bachelors,0,2,2,2,2.0,0,38,500,2,4,0
45000.0,358.0,0.0,Medium,1,200-400%,1,0,1.0,1.0,1.0,52,48,Employed,Private,54,1,5,1.0,1,1,1,46-55,Never_married,16.0,1.0,HS_diploma,0,2,2,2,2.0,0,38,300,2,4,0
24000.0,236.0,0.0,Low,1,200-400%,1,0,1.0,1.0,1.0,36,82,Employed,Private,34,2,1,1.0,1,1,1,26-35,Married,18.0,1.0,Some_college,0,2,2,2,2.0,0,38,100,2,4,0
0.0,236.0,0.0,,1,200-400%,0,0,6.0,1.0,3.0,42,69,Not_in_labor_force,Private,33,1,1,1.0,1,1,1,26-35,Married,19.0,1.0,Some_college,0,1,1,2,1.0,1,38,100,2,4,0
100000.0,422.0,0.0,Very_High,1,>400%,1,0,1.0,1.0,1.0,01,66,Employed,Private,39,2,1,1.0,1,1,1,36-45,Married,22.0,1.0,Graduate,0,2,2,2,2.0,0,38,100,2,4,0
0.0,422.0,50000.0,,1,>400%,0,1,1.0,6.0,1.0,02,07,Employed,Self_employed,39,1,1,1.0,1,1,1,36-45,Married,20.0,1.0,Some_college,0,2,2,2,2.0,0,38,100,2,4,0
46000.0,296.0,0.0,Medium,1,200-400%,1,0,1.0,1.0,1.0,72,87,Employed,Private,21,1,5,3.0,1,1,1,18-25,Never_married,20.0,1.0,Some_college,0,2,2,2,2.0,0,38,300,2,4,0
90000.0,501.0,0.0,Very_High,1,>400%,1,0,1.0,1.0,1.0,15,30,Employed,Private,41,1,5,1.0,1,1,1,36-45,Never_married,19.0,1.0,Some_college,0,2,2,2,2.0,0,38,400,2,4,0
60000.0,329.0,0.0,High,1,200-400%,1,0,1.0,1.0,1.0,08,86,Employed,Private,40,1,1,1.0,1,1,1,36-45,Married,21.0,1.0,Bachelors,0,2,2,2,2.0,0,38,500,2,4,0
40000.0,329.0,0.0,Medium,1,200-400%,1,0,1.0,1.0,1.0,32,79,Employed,Private,34,2,1,1.0,1,1,1,26-35,Married,21.0,1.0,Bachelors,0,2,2,2,2.0,0,38,500,2,4,0
30000.0,190.0,0.0,Low,1,138-200%,1,0,1.0,1.0,1.0,91,42,Employed,Private,21,1,5,3.0,2,6,1,18-25,Never_married,20.0,1.0,Some_college,0,2,2,2,2.0,0,38,300,2,4,0
3000.0,19.0,0.0,Very_Low,1,<100%,1,0,6.0,3.0,1.0,42,77,Not_in_labor_force,Government,19,1,5,3.0,1,1,1,18-25,Never_married,20.0,2.0,Some_college,1,2,2,2,2.0,0,38,300,2,4,0
61000.0,393.0,0.0,High,1,200-400%,1,0,1.0,1.0,1.0,76,44,Employed,Private,53,1,3,3.0,1,1,1,46-55,Divorced_Separated,19.0,1.0,Some_college,0,1,2,1,2.0,1,38,100,2,4,0
52000.0,501.0,0.0,High,2,>400%,1,0,1.0,1.0,1.0,32,80,Employed,Private,65,2,3,1.0,1,1,1,56-65,Divorced_Separated,22.0,1.0,Graduate,0,2,2,2,2.0,0,38,400,2,4,0
33000.0,457.0,0.0,Medium,1,>400%,1,0,1.0,1.0,1.0,96,29,Employed,Private,41,1,5,1.0,1,1,1,36-45,Never_married,16.0,1.0,HS_diploma,0,1,2,1,2.0,1,38,400,2,4,0
50000.0,328.0,0.0,Medium,1,200-400%,1,0,1.0,1.0,1.0,47,46,Employed,Private,60,1,5,1.0,1,1,1,56-65,Never_married,16.0,1.0,HS_diploma,0,2,2,2,2.0,0,38,500,2,4,0
145000.0,501.0,0.0,Very_High,2,>400%,1,0,1.0,4.0,1.0,90,78,Employed,Government,50,1,1,1.0,1,1,1,46-55,Married,22.0,1.0,Graduate,0,2,2,2,2.0,0,38,500,2,4,0
115000.0,501.0,0.0,Very_High,1,>400%,1,0,1.0,4.0,1.0,00,78,Employed,Government,35,2,1,1.0,1,1,1,26-35,Married,22.0,1.0,Graduate,0,2,2,2,2.0,0,38,500,2,4,0
14000.0,234.0,0.0,Very_Low,1,200-400%,1,0,1.0,1.0,1.0,49,70,Employed,Private,23,2,1,3.0,1,1,1,18-25,Married,19.0,1.0,Some_college,0,2,2,2,2.0,0,38,500,2,4,0
33100.0,234.0,0.0,Medium,1,200-400%,1,0,4.0,5.0,1.0,98,97,Not_in_labor_force,Government,23,1,1,3.0,1,1,1,18-25,Married,19.0,1.0,Some_college,0,2,2,2,2.0,0,38,500,2,4,0
0.0,225.0,0.0,,1,200-400%,0,0,6.0,1.0,3.0,42,69,Not_in_labor_force,Private,64,1,1,3.0,1,3,1,56-65,Married,16.0,1.0,HS_diploma,0,2,2,2,2.0,0,38,500,2,4,0
44700.0,225.0,0.0,Medium,1,200-400%,1,0,1.0,1.0,1.0,88,11,Employed,Private,38,2,1,1.0,2,6,1,36-45,Married,16.0,1.0,HS_diploma,0,2,2,2,2.0,0,38,500,2,4,0
52000.0,332.0,0.0,High,1,200-400%,1,0,1.0,5.0,1.0,52,73,Employed,Government,25,1,5,1.0,1,1,1,18-25,Never_married,16.0,1.0,HS_diploma,0,2,2,2,2.0,0,38,500,2,4,0
60000.0,178.0,0.0,High,2,138-200%,1,0,1.0,1.0,1.0,46,85,Employed,Private,42,1,4,1.0,1,1,1,36-45,Divorced_Separated,19.0,1.0,Some_college,0,2,2,2,2.0,0,38,200,2,4,1
130000.0,501.0,0.0,Very_High,1,>400%,1,0,1.0,2.0,1.0,03,82,Employed,Private,49,2,3,1.0,1,1,1,46-55,Divorced_Separated,21.0,1.0,Bachelors,0,2,2,2,2.0,0,38,400,2,4,0
0.0,501.0,3000.0,,1,>400%,0,1,6.0,6.0,1.0,96,88,Not_in_labor_force,Self_employed,18,1,5,1.0,1,1,1,18-25,Never_married,16.0,2.0,HS_diploma,1,1,2,2,2.0,1,38,400,2,4,0
5000.0,179.0,0.0,Very_Low,1,138-200%,1,0,1.0,1.0,1.0,36,83,Employed,Private,29,2,1,1.0,1,1,1,26-35,Married,20.0,1.0,Some_college,0,2,2,2,2.0,0,38,400,2,4,0
50000.0,179.0,0.0,Medium,1,138-200%,1,0,1.0,1.0,1.0,25,44,Employed,Private,42,1,1,1.0,1,1,1,36-45,Married,20.0,1.0,Some_college,0,2,2,2,2.0,0,38,400,2,4,0
60000.0,394.0,0.0,High,1,200-400%,1,0,1.0,1.0,1.0,57,61,Employed,Private,38,2,3,1.0,1,1,1,36-45,Divorced_Separated,21.0,1.0,Bachelors,0,2,2,2,2.0,0,38,600,2,4,0
85000.0,501.0,0.0,Very_High,1,>400%,1,0,1.0,4.0,1.0,15,95,Employed,Government,60,1,1,1.0,1,1,1,56-65,Married,20.0,1.0,Some_college,0,2,2,2,2.0,0,38,300,2,4,0
0.0,501.0,0.0,,2,>400%,0,0,6.0,1.0,3.0,42,69,Not_in_labor_force,Private,53,2,1,1.0,1,1,1,46-55,Married,19.0,1.0,Some_college,0,1,2,2,2.0,1,38,300,2,4,0
50000.0,303.0,0.0,Medium,1,200-400%,1,0,4.0,5.0,1.0,71,96,Not_in_labor_force,Government,24,1,1,1.0,1,1,1,18-25,Married,18.0,1.0,Some_college,0,2,2,2,2.0,0,38,500,2,4,0
11000.0,303.0,0.0,Very_Low,1,200-400%,1,0,6.0,1.0,1.0,96,53,Not_in_labor_force,Private,23,2,1,1.0,1,1,1,18-25,Married,18.0,1.0,Some_college,0,2,2,2,2.0,0,38,500,2,4,0
120000.0,501.0,0.0,Very_High,1,>400%,1,0,1.0,7.0,1.0,02,01,Employed,Self_employed,22,1,5,1.0,1,9,1,18-25,Never_married,20.0,1.0,Some_college,0,1,1,2,2.0,1,38,500,2,4,0
0.0,329.0,48000.0,,1,200-400%,0,1,1.0,6.0,1.0,62,07,Employed,Self_employed,65,2,2,1.0,1,1,1,56-65,Divorced_Separated,16.0,1.0,HS_diploma,0,2,2,2,2.0,0,38,400,2,4,0
0.0,424.0,0.0,,0,>400%,0,0,6.0,1.0,3.0,42,69,Not_in_labor_force,Private,63,2,1,1.0,1,3,1,56-65,Married,17.0,1.0,HS_diploma,0,1,2,2,1.0,1,38,500,2,4,0
120000.0,501.0,0.0,Very_High,1,>400%,1,0,1.0,1.0,1.0,63,07,Employed,Private,62,1,1,1.0,1,1,1,56-65,Married,16.0,1.0,HS_diploma,0,2,2,2,2.0,0,38,100,2,4,0
85000.0,501.0,0.0,Very_High,1,>400%,1,0,1.0,2.0,1.0,33,81,Employed,Private,63,2,1,1.0,1,1,1,56-65,Married,20.0,1.0,Some_college,0,2,2,2,2.0,0,38,100,2,4,0
15000.0,258.0,1500.0,Very_Low,3,200-400%,1,1,1.0,4.0,1.0,28,78,Employed,Government,46,1,1,1.0,1,1,1,46-55,Married,24.0,2.0,Graduate,1,2,2,2,2.0,0,38,600,2,4,0
30000.0,258.0,0.0,Low,1,200-400%,1,0,1.0,1.0,1.0,52,02,Employed,Private,46,2,1,1.0,1,1,1,46-55,Married,24.0,1.0,Graduate,0,2,2,2,2.0,0,38,600,2,4,0
146000.0,501.0,0.0,Very_High,2,>400%,1,0,1.0,1.0,1.0,04,39,Employed,Private,36,1,1,1.0,1,1,1,36-45,Married,21.0,1.0,Bachelors,0,2,2,2,2.0,0,38,600,2,4,0
57000.0,501.0,0.0,High,2,>400%,1,0,1.0,1.0,1.0,31,81,Employed,Private,36,2,1,1.0,1,1,1,36-45,Married,22.0,1.0,Graduate,0,2,2,2,2.0,0,38,600,2,4,0
10000.0,501.0,70000.0,Very_Low,3,>400%,1,1,6.0,6.0,1.0,02,01,Not_in_labor_force,Self_employed,64,1,5,1.0,1,1,1,56-65,Never_married,16.0,1.0,HS_diploma,0,2,2,2,2.0,0,38,400,2,4,0
33000.0,501.0,0.0,Medium,1,>400%,1,0,1.0,3.0,1.0,23,78,Employed,Government,32,2,1,1.0,1,1,1,26-35,Married,21.0,1.0,Bachelors,0,2,2,2,2.0,0,38,400,2,4,0
18800.0,415.0,0.0,Low,1,>400%,1,0,1.0,1.0,1.0,40,84,Employed,Private,36,2,1,1.0,1,1,1,36-45,Married,20.0,1.0,Some_college,0,2,2,2,2.0,0,38,300,2,4,0
105000.0,415.0,0.0,Very_High,1,>400%,1,0,1.0,1.0,1.0,32,81,Employed,Private,39,1,1,1.0,1,1,1,36-45,Married,21.0,1.0,Bachelors,0,2,2,2,2.0,0,38,300,2,4,0
120000.0,501.0,0.0,Very_High,1,>400%,1,0,1.0,1.0,1.0,11,05,Employed,Private,38,1,5,1.0,1,3,1,36-45,Never_married,21.0,1.0,Bachelors,0,2,2,2,2.0,0,38,300,2,4,0
63000.0,304.0,0.0,High,1,200-400%,1,0,1.0,1.0,1.0,11,73,Employed,Private,60,1,1,1.0,1,1,1,56-65,Married,18.0,1.0,Some_college,0,2,2,2,2.0,0,38,500,2,4,0
18000.0,91.0,0.0,Low,2,<100%,1,0,1.0,1.0,1.0,42,86,Employed,Private,56,2,4,1.0,1,3,1,56-65,Divorced_Separated,18.0,1.0,Some_college,0,1,1,1,1.0,1,38,400,2,4,0
0.0,91.0,0.0,,1,<100%,0,0,6.0,1.0,3.0,42,69,Not_in_labor_force,Private,35,1,5,1.0,1,3,1,26-35,Never_married,1.0,1.0,Less_than_HS,0,2,2,2,2.0,0,38,400,2,4,0
50000.0,325.0,0.0,Medium,1,200-400%,1,0,1.0,5.0,1.0,55,63,Employed,Government,21,1,5,3.0,1,1,1,18-25,Never_married,16.0,1.0,HS_diploma,0,2,2,2,2.0,0,38,500,2,4,0
32000.0,185.0,0.0,Medium,1,138-200%,1,0,1.0,1.0,1.0,36,79,Employed,Private,35,2,1,1.0,1,1,1,26-35,Married,20.0,1.0,Some_college,0,2,2,2,2.0,0,38,500,2,4,0
40000.0,185.0,0.0,Medium,1,138-200%,1,0,1.0,1.0,1.0,60,01,Employed,Private,34,1,1,1.0,1,1,1,26-35,Married,16.0,1.0,HS_diploma,0,2,2,2,2.0,0,38,500,2,4,0
47000.0,235.0,0.0,Medium,1,200-400%,1,0,1.0,1.0,1.0,79,27,Employed,Private,60,2,3,1.0,1,1,1,56-65,Divorced_Separated,17.0,1.0,HS_diploma,0,2,2,2,2.0,0,38,500,2,4,0
0.0,235.0,0.0,,0,200-400%,0,0,6.0,1.0,2.0,42,76,Not_in_labor_force,Private,35,1,5,1.0,1,1,1,26-35,Never_married,17.0,1.0,HS_diploma,0,2,2,2,2.0,0,38,500,2,4,0
0.0,19.0,0.0,,1,<100%,0,0,6.0,1.0,2.0,42,76,Not_in_labor_force,Private,47,1,5,1.0,1,1,1,46-55,Never_married,12.0,1.0,Less_than_HS,0,1,2,2,1.0,1,38,500,2,4,0
68000.0,501.0,0.0,High,2,>400%,1,0,1.0,5.0,1.0,36,95,Employed,Government,47,2,1,1.0,1,1,1,46-55,Married,22.0,2.0,Graduate,1,2,2,2,2.0,0,38,200,2,4,0
0.0,265.0,0.0,,0,200-400%,0,0,6.0,1.0,3.0,42,69,Not_in_labor_force,Private,55,2,1,1.0,1,1,1,46-55,Married,17.0,1.0,HS_diploma,0,1,2,2,2.0,1,38,100,2,4,0
0.0,265.0,54000.0,,1,200-400%,0,1,1.0,6.0,1.0,23,78,Employed,Self_employed,50,1,1,1.0,1,1,1,46-55,Married,21.0,1.0,Bachelors,0,2,2,2,2.0,0,38,100,2,4,0
65000.0,449.0,0.0,High,1,>400%,1,0,1.0,2.0,1.0,32,81,Employed,Private,38,2,1,1.0,1,9,1,36-45,Married,21.0,1.0,Bachelors,0,2,2,2,2.0,0,38,400,2,4,0
45000.0,449.0,0.0,Medium,1,>400%,1,0,1.0,1.0,1.0,62,07,Employed,Private,46,1,1,1.0,1,9,1,46-55,Married,18.0,1.0,Some_college,0,2,2,2,2.0,0,38,400,2,4,0
37600.0,388.0,0.0,Medium,1,200-400%,1,0,1.0,1.0,1.0,47,53,Employed,Private,65,2,3,1.0,1,1,1,56-65,Divorced_Separated,16.0,1.0,HS_diploma,0,2,2,2,2.0,0,38,200,2,4,0
55000.0,189.0,3000.0,High,2,138-200%,1,1,1.0,1.0,1.0,34,50,Employed,Private,36,2,1,1.0,1,1,1,36-45,Married,18.0,1.0,Some_college,0,2,2,2,2.0,0,38,400,2,4,0
170000.0,501.0,0.0,Very_High,1,>400%,1,0,1.0,1.0,1.0,10,73,Employed,Private,53,2,1,1.0,1,1,1,46-55,Married,21.0,1.0,Bachelors,0,2,2,2,2.0,0,38,400,2,4,0
143000.0,501.0,0.0,Very_High,1,>400%,1,0,1.0,1.0,1.0,14,33,Employed,Private,55,1,1,1.0,1,1,1,46-55,Married,21.0,1.0,Bachelors,0,2,2,2,2.0,0,38,400,2,4,0
100000.0,501.0,0.0,Very_High,1,>400%,1,0,1.0,1.0,1.0,01,60,Employed,Private,33,2,1,1.0,1,1,1,26-35,Married,22.0,1.0,Graduate,0,2,2,2,2.0,0,38,500,2,4,0
55000.0,501.0,0.0,High,1,>400%,1,0,1.0,2.0,1.0,36,82,Employed,Private,49,2,1,1.0,1,1,1,46-55,Married,16.0,1.0,HS_diploma,0,2,2,2,2.0,0,38,300,2,4,0
62000.0,501.0,0.0,High,1,>400%,1,0,1.0,2.0,1.0,73,83,Employed,Private,59,1,1,1.0,1,1,1,56-65,Married,17.0,1.0,HS_diploma,0,2,2,2,2.0,0,38,300,2,4,0
20000.0,130.0,0.0,Low,1,100-138%,1,0,1.0,1.0,1.0,47,50,Employed,Private,38,1,5,1.0,1,1,1,36-45,Never_married,21.0,1.0,Bachelors,0,2,2,2,2.0,0,38,500,2,4,0
60000.0,501.0,0.0,High,1,>400%,1,0,1.0,1.0,1.0,72,46,Employed,Private,37,1,5,1.0,1,1,1,36-45,Never_married,18.0,1.0,Some_college,0,2,2,2,2.0,0,38,300,2,4,0
100000.0,501.0,0.0,Very_High,1,>400%,1,0,1.0,1.0,1.0,73,07,Employed,Private,32,1,5,1.0,1,1,1,26-35,Never_married,16.0,1.0,HS_diploma,0,2,2,2,2.0,0,38,300,2,4,0
8000.0,501.0,0.0,Very_Low,1,>400%,1,0,1.0,1.0,1.0,57,79,Employed,Private,48,2,1,1.0,1,1,1,46-55,Married,21.0,1.0,Bachelors,0,2,2,2,2.0,0,38,600,2,4,0
34000.0,96.0,0.0,Medium,1,<100%,1,0,1.0,2.0,1.0,34,81,Employed,Private,33,2,5,1.0,1,1,1,26-35,Never_married,16.0,1.0,HS_diploma,0,2,2,2,2.0,0,38,600,2,4,0
34000.0,216.0,0.0,Medium,1,200-400%,1,0,1.0,1.0,1.0,93,87,Employed,Private,38,1,5,1.0,1,1,1,36-45,Never_married,16.0,1.0,HS_diploma,0,2,2,2,2.0,0,38,600,2,4,0
65000.0,431.0,0.0,High,1,>400%,1,0,1.0,1.0,1.0,32,79,Employed,Private,28,2,1,1.0,1,1,1,26-35,Married,21.0,1.0,Bachelors,0,2,2,2,2.0,0,38,300,2,4,0
63000.0,431.0,0.0,High,1,>400%,1,0,1.0,1.0,1.0,64,20,Employed,Private,33,1,1,1.0,1,1,1,26-35,Married,19.0,1.0,Some_college,0,2,2,2,2.0,0,38,300,2,4,0
0.0,314.0,31000.0,,2,200-400%,0,1,1.0,6.0,1.0,02,01,Employed,Self_employed,65,1,1,1.0,1,1,1,56-65,Married,16.0,1.0,HS_diploma,0,2,2,2,2.0,0,38,100,2,4,0
0.0,314.0,2400.0,,2,200-400%,0,1,1.0,6.0,1.0,02,01,Employed,Self_employed,64,2,1,1.0,1,1,1,56-65,Married,16.0,1.0,HS_diploma,0,2,2,2,2.0,0,38,100,2,4,0
49000.0,317.0,0.0,Medium,1,200-400%,1,0,1.0,1.0,1.0,47,46,Employed,Private,59,1,3,1.0,1,1,1,56-65,Divorced_Separated,20.0,1.0,Some_college,0,2,2,2,2.0,0,38,400,2,4,0
46000.0,298.0,0.0,Medium,1,200-400%,1,0,1.0,1.0,1.0,47,53,Employed,Private,59,2,2,1.0,1,1,1,56-65,Divorced_Separated,17.0,1.0,HS_diploma,0,2,2,2,2.0,0,38,400,2,4,0
0.0,185.0,0.0,,0,138-200%,0,0,6.0,1.0,3.0,42,69,Not_in_labor_force,Private,33,2,1,3.0,1,1,1,26-35,Married,21.0,1.0,Bachelors,0,2,2,2,2.0,0,38,400,2,4,0
0.0,185.0,60000.0,,2,138-200%,0,1,1.0,6.0,1.0,02,01,Employed,Self_employed,33,1,1,3.0,1,1,1,26-35,Married,20.0,1.0,Some_college,0,2,2,2,2.0,0,38,400,2,4,0
40000.0,256.0,0.0,Medium,1,200-400%,1,0,1.0,1.0,1.0,85,38,Employed,Private,28,1,5,3.0,1,1,1,26-35,Never_married,18.0,1.0,Some_college,0,2,2,2,2.0,0,38,500,2,4,0
7000.0,112.0,10000.0,Very_Low,3,100-138%,1,1,6.0,1.0,1.0,96,63,Not_in_labor_force,Private,28,1,5,3.0,1,1,1,26-35,Never_married,19.0,1.0,Some_college,0,2,2,2,2.0,0,38,500,2,4,0
27000.0,173.0,0.0,Low,1,138-200%,1,0,1.0,1.0,1.0,47,51,Employed,Private,25,2,5,1.0,1,1,1,18-25,Never_married,19.0,1.0,Some_college,0,2,2,2,2.0,0,38,500,2,4,0
100000.0,501.0,0.0,Very_High,2,>400%,1,0,1.0,5.0,1.0,16,94,Employed,Government,51,2,1,1.0,1,1,1,46-55,Married,22.0,1.0,Graduate,0,2,2,2,2.0,0,38,400,2,4,0
0.0,256.0,40000.0,,1,200-400%,0,1,1.0,6.0,1.0,02,01,Employed,Self_employed,46,1,1,1.0,1,1,1,46-55,Married,19.0,1.0,Some_college,0,2,2,2,2.0,0,38,400,2,4,0
17000.0,256.0,0.0,Low,1,200-400%,1,0,1.0,1.0,1.0,32,81,Employed,Private,47,2,1,1.0,1,1,1,46-55,Married,21.0,1.0,Bachelors,0,1,2,2,2.0,1,38,400,2,4,0
99000.0,501.0,0.0,Very_High,1,>400%,1,0,1.0,1.0,1.0,57,19,Employed,Private,60,1,1,1.0,1,1,1,56-65,Married,19.0,1.0,Some_college,0,2,2,2,2.0,0,38,400,2,4,0
62000.0,501.0,0.0,High,1,>400%,1,0,1.0,1.0,1.0,86,05,Employed,Private,56,2,1,1.0,1,1,1,56-65,Married,16.0,1.0,HS_diploma,0,2,2,2,2.0,0,38,400,2,4,0
75000.0,398.0,0.0,High,1,200-400%,1,0,1.0,2.0,1.0,52,66,Employed,Private,56,2,1,1.0,1,1,1,56-65,Married,19.0,1.0,Some_college,0,2,2,2,2.0,0,38,100,2,4,0
6000.0,398.0,0.0,Very_Low,1,200-400%,1,0,1.0,2.0,1.0,52,44,Employed,Private,44,1,1,1.0,1,1,1,36-45,Married,18.0,1.0,Some_college,0,2,2,2,2.0,0,38,100,2,4,0
0.0,191.0,45000.0,,1,138-200%,0,1,1.0,6.0,1.0,02,01,Employed,Self_employed,39,1,1,1.0,1,1,1,36-45,Married,19.0,1.0,Some_college,0,2,2,2,2.0,0,38,400,2,4,0
0.0,191.0,24000.0,,1,138-200%,0,1,1.0,6.0,1.0,02,01,Employed,Self_employed,42,2,1,1.0,1,1,1,36-45,Married,16.0,1.0,HS_diploma,0,2,2,2,2.0,0,38,400,2,4,0
0.0,191.0,0.0,,0,138-200%,0,0,6.0,1.0,3.0,42,69,Not_in_labor_force,Private,18,1,5,1.0,1,1,1,18-25,Never_married,15.0,2.0,Less_than_HS,1,2,2,2,2.0,0,38,400,2,4,0
73000.0,429.0,0.0,High,1,>400%,1,0,1.0,2.0,1.0,10,81,Employed,Private,32,1,1,1.0,1,1,1,26-35,Married,21.0,1.0,Bachelors,0,2,2,2,2.0,0,38,500,2,4,0
55000.0,429.0,0.0,High,1,>400%,1,0,1.0,1.0,1.0,47,48,Employed,Private,36,2,1,1.0,1,1,1,36-45,Married,19.0,1.0,Some_college,0,1,2,2,2.0,1,38,500,2,4,0
64000.0,420.0,0.0,High,1,>400%,1,0,1.0,1.0,1.0,96,45,Employed,Private,26,1,5,3.0,1,1,1,26-35,Never_married,15.0,1.0,Less_than_HS,0,2,2,2,2.0,0,38,400,2,4,0
35000.0,229.0,100.0,Medium,3,200-400%,1,1,1.0,1.0,1.0,28,65,Employed,Private,28,2,5,1.0,1,1,1,26-35,Never_married,21.0,1.0,Bachelors,0,2,2,2,2.0,0,38,300,2,4,0
37000.0,238.0,0.0,Medium,1,200-400%,1,0,1.0,1.0,1.0,72,87,Employed,Private,36,1,5,1.0,1,1,1,36-45,Never_married,20.0,1.0,Some_college,0,2,2,2,2.0,0,38,400,2,4,0
0.0,472.0,0.0,,0,>400%,0,0,6.0,1.0,3.0,42,69,Not_in_labor_force,Private,61,2,1,1.0,1,1,1,56-65,Married,16.0,1.0,HS_diploma,0,2,2,2,2.0,0,38,400,2,4,0
52000.0,326.0,0.0,High,1,200-400%,1,0,1.0,1.0,1.0,09,68,Employed,Private,39,1,1,1.0,1,1,1,36-45,Married,21.0,1.0,Bachelors,0,2,2,2,2.0,0,38,600,2,4,0
48000.0,326.0,0.0,Medium,1,200-400%,1,0,1.0,3.0,1.0,23,78,Employed,Government,38,2,1,1.0,1,1,1,36-45,Married,22.0,1.0,Graduate,0,2,2,2,2.0,0,38,600,2,4,0
47300.0,501.0,0.0,Medium,1,>400%,1,0,1.0,1.0,1.0,89,10,Employed,Private,38,1,1,1.0,1,1,1,36-45,Married,16.0,1.0,HS_diploma,0,1,2,1,2.0,1,38,400,2,4,0
100000.0,501.0,0.0,Very_High,1,>400%,1,0,1.0,1.0,1.0,23,30,Employed,Private,49,1,1,1.0,1,1,1,46-55,Married,21.0,1.0,Bachelors,0,2,2,2,2.0,0,38,400,2,4,0
63000.0,404.0,0.0,High,1,>400%,1,0,1.0,1.0,1.0,55,63,Employed,Private,32,1,5,1.0,1,1,1,26-35,Never_married,19.0,1.0,Some_college,0,1,1,2,2.0,1,38,200,2,4,0
24000.0,114.0,0.0,Low,1,100-138%,1,0,1.0,1.0,1.0,91,63,Employed,Private,28,2,1,1.0,1,8,2,26-35,Married,17.0,1.0,HS_diploma,0,1,2,2,2.0,1,38,100,2,4,1
15000.0,332.0,0.0,Very_Low,2,200-400%,1,0,1.0,7.0,1.0,02,07,Employed,Self_employed,37,2,1,1.0,1,1,1,36-45,Married,20.0,1.0,Some_college,0,2,2,2,2.0,0,38,500,2,4,0
60000.0,332.0,50000.0,High,2,200-400%,1,1,1.0,7.0,1.0,02,07,Employed,Self_employed,36,1,1,1.0,1,1,1,36-45,Married,18.0,1.0,Some_college,0,2,2,2,2.0,0,38,500,2,4,0
0.0,501.0,0.0,,0,>400%,0,0,6.0,1.0,3.0,42,69,Not_in_labor_force,Private,65,2,1,1.0,1,1,1,56-65,Married,21.0,1.0,Bachelors,0,2,2,2,2.0,0,38,600,2,4,0
40000.0,501.0,0.0,Medium,1,>400%,1,0,3.0,1.0,1.0,96,44,Unemployed,Private,34,1,5,1.0,1,1,1,26-35,Never_married,17.0,1.0,HS_diploma,0,2,2,2,2.0,0,38,600,2,4,0
57000.0,280.0,16000.0,High,2,200-400%,1,1,1.0,1.0,1.0,19,01,Employed,Private,37,1,1,1.0,1,1,1,36-45,Married,20.0,1.0,Some_college,0,2,2,2,2.0,0,38,100,2,4,0
15000.0,280.0,0.0,Very_Low,1,200-400%,1,0,1.0,1.0,1.0,36,81,Employed,Private,38,2,1,1.0,1,9,1,36-45,Married,16.0,1.0,HS_diploma,0,2,2,2,2.0,0,38,100,2,4,0
0.0,280.0,0.0,,0,200-400%,0,0,6.0,1.0,3.0,42,69,Not_in_labor_force,Private,18,2,5,1.0,1,1,1,18-25,Never_married,16.0,2.0,HS_diploma,1,2,2,2,2.0,0,38,100,2,4,0
14000.0,89.0,0.0,Very_Low,1,<100%,1,0,1.0,1.0,1.0,32,81,Employed,Private,24,2,5,1.0,1,1,1,18-25,Never_married,21.0,1.0,Bachelors,0,2,2,2,2.0,0,38,500,2,4,0
38000.0,243.0,0.0,Medium,1,200-400%,1,0,1.0,1.0,1.0,36,92,Employed,Private,29,1,5,1.0,1,1,1,26-35,Never_married,20.0,1.0,Some_college,0,2,2,2,2.0,0,38,500,2,4,0
14000.0,89.0,0.0,Very_Low,1,<100%,1,0,1.0,1.0,1.0,01,74,Employed,Private,22,2,5,3.0,1,1,1,18-25,Never_married,21.0,2.0,Bachelors,1,2,2,2,2.0,0,38,500,2,4,0
0.0,56.0,0.0,,1,<100%,0,0,6.0,1.0,3.0,42,69,Not_in_labor_force,Private,28,1,5,1.0,1,1,1,26-35,Never_married,16.0,1.0,HS_diploma,0,1,2,2,2.0,1,38,300,2,4,1
110000.0,454.0,0.0,Very_High,1,>400%,1,0,1.0,1.0,1.0,36,81,Employed,Private,42,2,4,3.0,2,2,1,36-45,Divorced_Separated,16.0,1.0,HS_diploma,0,2,2,2,2.0,0,38,600,2,4,0
38000.0,323.0,0.0,Medium,1,200-400%,1,0,1.0,1.0,1.0,82,19,Employed,Private,33,1,1,1.0,1,1,1,26-35,Married,16.0,1.0,HS_diploma,0,2,2,2,2.0,0,38,600,2,4,0
27000.0,323.0,0.0,Low,1,200-400%,1,0,1.0,1.0,1.0,48,81,Employed,Private,32,2,1,1.0,1,1,1,26-35,Married,18.0,1.0,Some_college,0,2,2,2,2.0,0,38,600,2,4,0
27000.0,207.0,0.0,Low,1,200-400%,1,0,1.0,1.0,1.0,52,68,Employed,Private,28,2,5,1.0,1,9,1,26-35,Never_married,20.0,1.0,Some_college,0,2,2,2,2.0,0,38,100,2,4,0
50000.0,328.0,0.0,Medium,1,200-400%,1,0,1.0,1.0,1.0,73,70,Employed,Private,41,1,5,1.0,1,1,1,36-45,Never_married,21.0,1.0,Bachelors,0,2,2,2,2.0,0,38,600,2,4,0
22000.0,501.0,0.0,Low,2,>400%,1,0,1.0,1.0,1.0,47,50,Employed,Private,64,2,1,1.0,1,1,1,56-65,Married,16.0,1.0,HS_diploma,0,2,2,2,2.0,0,38,400,2,4,0
38000.0,240.0,0.0,Medium,1,200-400%,1,0,1.0,5.0,1.0,37,94,Employed,Government,27,2,5,1.0,1,1,1,26-35,Never_married,19.0,1.0,Some_college,0,2,2,2,2.0,0,38,100,2,4,0
36200.0,208.0,0.0,Medium,1,200-400%,1,0,1.0,1.0,1.0,96,10,Employed,Private,62,2,1,1.0,1,1,1,56-65,Married,20.0,1.0,Some_college,0,2,2,2,2.0,0,38,600,2,4,0
0.0,36.0,-6700.0,,1,<100%,0,0,6.0,6.0,1.0,02,01,Not_in_labor_force,Self_employed,65,1,5,1.0,1,1,1,56-65,Never_married,19.0,1.0,Some_college,0,1,1,2,2.0,1,38,100,2,4,0
48500.0,307.0,0.0,Medium,1,200-400%,1,0,1.0,1.0,1.0,62,07,Employed,Private,30,1,5,1.0,1,1,1,26-35,Never_married,20.0,1.0,Some_college,0,2,2,2,2.0,0,38,500,2,4,0
74000.0,501.0,0.0,High,1,>400%,1,0,1.0,4.0,1.0,38,94,Employed,Government,39,2,1,3.0,1,1,1,36-45,Married,21.0,1.0,Bachelors,0,2,2,2,2.0,0,38,600,2,4,0
51000.0,501.0,0.0,High,1,>400%,1,0,1.0,3.0,1.0,23,78,Employed,Government,28,2,1,1.0,1,1,1,26-35,Married,21.0,2.0,Bachelors,1,2,2,2,2.0,0,38,100,2,4,0
54000.0,501.0,0.0,High,1,>400%,1,0,1.0,5.0,1.0,60,01,Employed,Government,28,1,1,1.0,1,1,1,26-35,Married,21.0,1.0,Bachelors,0,2,2,2,2.0,0,38,100,2,4,0
86000.0,285.0,0.0,Very_High,1,200-400%,1,0,1.0,1.0,1.0,68,04,Employed,Private,26,1,1,3.0,1,1,1,26-35,Married,20.0,1.0,Some_college,0,2,2,2,2.0,0,38,100,2,4,0
0.0,285.0,0.0,,0,200-400%,0,0,6.0,1.0,2.0,41,86,Not_in_labor_force,Private,23,2,1,1.0,1,1,1,18-25,Married,16.0,1.0,HS_diploma,0,2,2,2,2.0,0,38,100,2,4,0
1200.0,7.0,0.0,Very_Low,1,<100%,1,0,1.0,1.0,1.0,40,86,Employed,Private,34,2,5,1.0,1,1,1,26-35,Never_married,16.0,1.0,HS_diploma,0,2,2,2,2.0,0,38,300,2,4,0
35000.0,386.0,0.0,Medium,1,200-400%,1,0,1.0,1.0,1.0,42,68,Employed,Private,51,2,1,1.0,2,9,2,46-55,Married,16.0,1.0,HS_diploma,0,2,2,2,2.0,0,38,200,2,4,0
42000.0,386.0,0.0,Medium,1,200-400%,1,0,1.0,1.0,1.0,72,46,Employed,Private,51,1,1,1.0,2,9,7,46-55,Married,16.0,1.0,HS_diploma,0,2,2,2,2.0,0,38,200,2,4,0
55000.0,356.0,0.0,High,1,200-400%,1,0,1.0,3.0,1.0,63,07,Employed,Government,23,1,5,1.0,1,1,1,18-25,Never_married,20.0,1.0,Some_college,0,2,2,2,2.0,0,38,200,2,4,0
0.0,426.0,105000.0,,2,>400%,0,1,1.0,6.0,1.0,02,01,Employed,Self_employed,50,1,1,1.0,1,1,1,46-55,Married,21.0,1.0,Bachelors,0,2,2,2,2.0,0,38,600,2,4,0
12000.0,426.0,0.0,Very_Low,1,>400%,1,0,1.0,1.0,1.0,23,84,Employed,Private,45,2,1,1.0,1,1,1,36-45,Married,21.0,1.0,Bachelors,0,2,2,2,2.0,0,38,600,2,4,0
40000.0,304.0,0.0,Medium,1,200-400%,1,0,4.0,5.0,1.0,70,96,Not_in_labor_force,Government,21,1,1,3.0,1,1,1,18-25,Married,19.0,1.0,Some_college,0,2,2,2,2.0,0,38,200,2,4,0
20000.0,304.0,0.0,Low,1,200-400%,1,0,1.0,2.0,1.0,43,90,Employed,Private,19,2,1,3.0,1,1,1,18-25,Married,16.0,1.0,HS_diploma,0,2,2,2,2.0,0,38,200,2,4,0
50000.0,180.0,0.0,Medium,2,138-200%,1,0,3.0,1.0,1.0,91,07,Unemployed,Private,40,1,1,3.0,1,1,1,36-45,Married,19.0,2.0,Some_college,1,1,2,2,2.0,1,38,600,2,4,1
0.0,180.0,0.0,,0,138-200%,0,0,6.0,1.0,3.0,42,69,Not_in_labor_force,Private,41,2,1,3.0,1,1,1,36-45,Married,17.0,1.0,HS_diploma,0,1,1,2,2.0,1,38,600,2,4,1
62000.0,501.0,0.0,High,1,>400%,1,0,1.0,3.0,1.0,23,78,Employed,Government,36,2,1,1.0,1,1,1,36-45,Married,22.0,1.0,Graduate,0,2,2,2,2.0,0,38,300,2,4,0
61000.0,501.0,0.0,High,1,>400%,1,0,1.0,3.0,1.0,68,04,Employed,Government,38,1,1,1.0,1,1,1,36-45,Married,21.0,1.0,Bachelors,0,2,2,2,2.0,0,38,300,2,4,0
6000.0,501.0,0.0,Very_Low,1,>400%,1,0,2.0,1.0,1.0,41,86,Employed,Private,47,2,1,1.0,1,1,1,46-55,Married,19.0,1.0,Some_college,0,2,2,2,2.0,0,38,400,2,4,0
135000.0,501.0,0.0,Very_High,1,>400%,1,0,1.0,1.0,1.0,86,05,Employed,Private,47,1,1,1.0,1,1,1,46-55,Married,18.0,1.0,Some_college,0,2,2,2,2.0,0,38,400,2,4,0
23500.0,501.0,0.0,Low,1,>400%,1,0,1.0,1.0,1.0,21,72,Employed,Private,28,2,1,1.0,1,1,1,26-35,Married,16.0,1.0,HS_diploma,0,2,2,2,2.0,0,38,100,2,4,0
139000.0,501.0,0.0,Very_High,1,>400%,1,0,1.0,1.0,1.0,86,20,Employed,Private,31,1,1,1.0,1,1,1,26-35,Married,17.0,1.0,HS_diploma,0,2,2,2,2.0,0,38,100,2,4,0
0.0,501.0,150000.0,,1,>400%,0,1,1.0,6.0,1.0,02,01,Employed,Self_employed,47,1,1,1.0,1,1,1,46-55,Married,18.0,1.0,Some_college,0,2,2,2,2.0,0,38,300,2,4,0
0.0,501.0,0.0,,0,>400%,0,0,6.0,4.0,2.0,46,84,Not_in_labor_force,Government,58,2,1,3.0,1,1,1,56-65,Married,20.0,1.0,Some_college,0,2,2,2,2.0,0,38,200,2,4,0
85000.0,501.0,0.0,Very_High,2,>400%,1,0,1.0,3.0,1.0,77,06,Employed,Government,61,1,1,3.0,1,1,1,56-65,Married,16.0,1.0,HS_diploma,0,2,2,2,2.0,0,38,200,2,4,0
28000.0,501.0,150000.0,Low,2,>400%,1,1,1.0,7.0,1.0,90,02,Employed,Self_employed,46,1,5,3.0,1,1,1,46-55,Never_married,16.0,1.0,HS_diploma,0,2,2,2,2.0,0,38,400,2,4,0
10000.0,501.0,0.0,Very_Low,1,>400%,1,0,1.0,1.0,1.0,40,86,Employed,Private,23,2,5,3.0,1,1,1,18-25,Never_married,18.0,1.0,Some_college,0,2,2,2,2.0,0,38,400,2,4,0
165000.0,501.0,0.0,Very_High,1,>400%,1,0,1.0,1.0,1.0,08,72,Employed,Private,42,1,1,3.0,1,1,1,36-45,Married,23.0,1.0,Graduate,0,2,2,2,2.0,0,38,500,2,4,0
0.0,501.0,15000.0,,1,>400%,0,1,1.0,6.0,1.0,47,51,Employed,Self_employed,40,2,1,3.0,1,1,1,36-45,Married,18.0,1.0,Some_college,0,2,2,2,2.0,0,38,500,2,4,0
7000.0,501.0,0.0,Very_Low,1,>400%,1,0,1.0,1.0,1.0,40,86,Employed,Private,18,1,5,3.0,1,1,1,18-25,Never_married,16.0,2.0,HS_diploma,1,2,2,2,2.0,0,38,500,2,4,0
50000.0,297.0,0.0,Medium,2,200-400%,1,0,1.0,4.0,1.0,23,78,Employed,Government,42,2,1,1.0,1,1,1,36-45,Married,23.0,1.0,Graduate,0,2,2,2,2.0,0,38,400,2,4,0
55000.0,297.0,0.0,High,1,200-400%,1,0,1.0,4.0,1.0,23,78,Employed,Government,43,1,1,1.0,1,3,1,36-45,Married,21.0,3.0,Bachelors,1,2,2,2,2.0,0,38,400,2,4,0
0.0,145.0,0.0,,2,138-200%,0,0,6.0,1.0,3.0,42,69,Not_in_labor_force,Private,64,1,5,1.0,1,1,1,56-65,Never_married,23.0,1.0,Graduate,0,2,2,2,2.0,0,38,500,2,4,0
2200.0,237.0,0.0,Very_Low,3,200-400%,1,0,1.0,2.0,1.0,53,67,Employed,Private,64,2,2,1.0,1,1,1,56-65,Divorced_Separated,19.0,1.0,Some_college,0,1,2,2,1.0,1,38,500,2,4,0
6700.0,501.0,0.0,Very_Low,2,>400%,1,0,1.0,1.0,1.0,51,01,Employed,Private,59,2,1,1.0,1,1,1,56-65,Married,21.0,1.0,Bachelors,0,2,2,2,2.0,0,38,400,2,4,0
36000.0,326.0,0.0,Medium,1,200-400%,1,0,1.0,1.0,1.0,52,85,Employed,Private,55,1,1,1.0,1,1,1,46-55,Married,22.0,1.0,Graduate,0,2,2,2,2.0,0,38,600,2,4,0
48000.0,326.0,0.0,Medium,1,200-400%,1,0,1.0,7.0,1.0,07,73,Employed,Self_employed,49,2,1,1.0,1,1,1,46-55,Married,21.0,1.0,Bachelors,0,2,2,2,2.0,0,38,600,2,4,0
20000.0,326.0,0.0,Low,1,200-400%,1,0,1.0,1.0,1.0,72,46,Employed,Private,21,1,5,1.0,1,1,1,18-25,Never_married,21.0,2.0,Bachelors,1,2,2,2,2.0,0,38,600,2,4,0
90000.0,346.0,0.0,Very_High,1,200-400%,1,0,1.0,7.0,1.0,02,01,Employed,Self_employed,44,1,1,1.0,1,1,1,36-45,Married,19.0,1.0,Some_college,0,2,2,2,2.0,0,38,500,2,4,0
33000.0,346.0,0.0,Medium,1,200-400%,1,0,1.0,1.0,1.0,58,01,Employed,Private,41,2,1,1.0,1,1,1,36-45,Married,21.0,1.0,Bachelors,0,2,2,2,2.0,0,38,500,2,4,0
0.0,501.0,120000.0,,2,>400%,0,1,1.0,6.0,1.0,02,01,Employed,Self_employed,58,1,3,1.0,1,1,1,56-65,Divorced_Separated,19.0,1.0,Some_college,0,2,2,2,2.0,0,38,400,2,4,0
60000.0,383.0,0.0,High,1,200-400%,1,0,1.0,1.0,1.0,47,48,Employed,Private,63,1,3,1.0,1,1,1,56-65,Divorced_Separated,19.0,1.0,Some_college,0,1,1,2,2.0,1,38,200,2,4,0
40000.0,258.0,500.0,Medium,2,200-400%,1,1,1.0,2.0,1.0,20,91,Employed,Private,24,1,5,1.0,1,1,1,18-25,Never_married,16.0,1.0,HS_diploma,0,2,2,2,2.0,0,38,500,2,4,0
55000.0,352.0,0.0,High,1,200-400%,1,0,1.0,1.0,1.0,71,35,Employed,Private,56,1,3,1.0,1,1,1,56-65,Divorced_Separated,19.0,1.0,Some_college,0,2,2,2,2.0,0,38,500,2,4,0
50000.0,501.0,0.0,Medium,2,>400%,1,0,1.0,1.0,1.0,10,68,Employed,Private,49,1,3,1.0,1,1,1,46-55,Divorced_Separated,19.0,1.0,Some_college,0,2,2,2,2.0,0,38,200,2,4,0
52000.0,329.0,0.0,High,1,200-400%,1,0,1.0,1.0,1.0,40,86,Employed,Private,26,2,5,3.0,1,1,1,26-35,Never_married,16.0,1.0,HS_diploma,0,2,2,2,2.0,0,38,300,2,4,0
48000.0,469.0,0.0,Medium,1,>400%,1,0,1.0,1.0,1.0,32,81,Employed,Private,52,2,1,1.0,1,1,1,46-55,Married,21.0,1.0,Bachelors,0,2,2,2,2.0,0,38,500,2,4,0
90000.0,469.0,0.0,Very_High,1,>400%,1,0,1.0,5.0,1.0,04,95,Employed,Government,58,1,1,1.0,1,1,1,56-65,Married,21.0,1.0,Bachelors,0,2,2,2,2.0,0,38,500,2,4,0
24000.0,469.0,0.0,Low,1,>400%,1,0,1.0,1.0,1.0,60,01,Employed,Private,19,1,5,1.0,1,1,1,18-25,Never_married,16.0,1.0,HS_diploma,0,2,2,2,2.0,0,38,500,2,4,0
150.0,469.0,0.0,Very_Low,2,>400%,1,0,6.0,1.0,1.0,91,86,Not_in_labor_force,Private,28,1,5,3.0,1,1,1,26-35,Never_married,19.0,1.0,Some_college,0,2,2,2,2.0,0,38,500,2,4,1
100000.0,501.0,0.0,Very_High,1,>400%,1,0,1.0,1.0,1.0,04,04,Employed,Private,39,2,1,1.0,1,1,1,36-45,Married,18.0,1.0,Some_college,0,2,2,2,2.0,0,38,100,2,4,0
0.0,501.0,0.0,,0,>400%,0,0,6.0,1.0,3.0,42,69,Not_in_labor_force,Private,18,2,5,1.0,1,9,1,18-25,Never_married,16.0,2.0,HS_diploma,1,2,2,2,2.0,0,38,100,2,4,0
7100.0,501.0,0.0,Very_Low,1,>400%,1,0,1.0,1.0,1.0,74,77,Employed,Private,54,1,1,1.0,1,1,1,46-55,Married,12.0,1.0,Less_than_HS,0,1,1,2,2.0,1,38,100,2,4,1
42000.0,273.0,0.0,Medium,1,200-400%,1,0,1.0,3.0,1.0,23,78,Employed,Government,23,2,3,1.0,1,1,1,18-25,Divorced_Separated,22.0,2.0,Graduate,1,2,2,2,2.0,0,38,200,2,4,0
36000.0,227.0,0.0,Medium,1,200-400%,1,0,1.0,1.0,1.0,53,81,Employed,Private,61,2,2,1.0,1,1,1,56-65,Divorced_Separated,19.0,1.0,Some_college,0,1,1,2,2.0,1,38,300,2,4,0
12000.0,199.0,0.0,Very_Low,2,138-200%,1,0,6.0,1.0,1.0,47,48,Not_in_labor_force,Private,58,1,3,1.0,1,1,1,56-65,Divorced_Separated,20.0,1.0,Some_college,0,1,2,1,2.0,1,38,400,2,4,0
14100.0,501.0,0.0,Very_Low,1,>400%,1,0,1.0,3.0,1.0,40,78,Employed,Government,46,2,1,1.0,1,1,1,46-55,Married,16.0,1.0,HS_diploma,0,2,2,2,2.0,0,38,200,2,4,0
15000.0,501.0,0.0,Very_Low,1,>400%,1,0,1.0,1.0,1.0,52,49,Employed,Private,19,1,5,1.0,1,1,1,18-25,Never_married,16.0,1.0,HS_diploma,0,2,2,2,2.0,0,38,200,2,4,0
29000.0,501.0,0.0,Low,1,>400%,1,0,1.0,1.0,1.0,40,86,Employed,Private,19,1,5,1.0,1,1,1,18-25,Never_married,16.0,1.0,HS_diploma,0,2,2,2,2.0,0,38,200,2,4,0
65000.0,418.0,0.0,High,1,>400%,1,0,1.0,1.0,1.0,89,88,Employed,Private,49,1,5,1.0,1,8,3,46-55,Never_married,19.0,2.0,Some_college,1,2,2,2,2.0,0,38,400,2,4,0
0.0,218.0,0.0,,2,200-400%,0,0,6.0,1.0,2.0,77,05,Not_in_labor_force,Private,63,1,1,1.0,1,1,1,56-65,Married,21.0,1.0,Bachelors,0,2,2,2,2.0,0,38,200,2,4,0
0.0,218.0,0.0,,1,200-400%,0,0,6.0,7.0,2.0,47,47,Not_in_labor_force,Self_employed,63,2,1,1.0,1,1,1,56-65,Married,20.0,1.0,Some_college,0,2,2,2,2.0,0,38,200,2,4,0
80000.0,420.0,0.0,Very_High,2,>400%,1,0,1.0,5.0,1.0,16,94,Employed,Government,33,1,1,1.0,1,1,1,26-35,Married,21.0,1.0,Bachelors,0,2,2,2,2.0,0,38,400,2,4,0
0.0,420.0,20000.0,,1,>400%,0,1,1.0,6.0,1.0,53,23,Employed,Self_employed,21,2,1,1.0,1,1,1,18-25,Married,17.0,1.0,HS_diploma,0,2,2,2,2.0,0,38,400,2,4,0
25000.0,258.0,0.0,Low,1,200-400%,1,0,1.0,3.0,1.0,23,78,Employed,Government,22,2,1,3.0,1,1,1,18-25,Married,21.0,1.0,Bachelors,0,2,2,2,2.0,0,38,400,2,4,0
25700.0,258.0,0.0,Low,1,200-400%,1,0,4.0,5.0,1.0,98,97,Not_in_labor_force,Government,22,1,1,3.0,1,1,1,18-25,Married,16.0,1.0,HS_diploma,0,2,2,2,2.0,0,38,400,2,4,0
55000.0,367.0,1500.0,High,2,200-400%,1,1,1.0,1.0,1.0,50,61,Employed,Private,50,2,3,1.0,1,1,1,46-55,Divorced_Separated,19.0,1.0,Some_college,0,2,2,2,2.0,0,38,400,2,4,0
85000.0,498.0,0.0,Very_High,1,>400%,1,0,1.0,1.0,1.0,02,01,Employed,Private,50,1,1,1.0,1,1,1,46-55,Married,19.0,1.0,Some_college,0,2,2,2,2.0,0,38,300,2,4,0
25000.0,498.0,0.0,Low,1,>400%,1,0,1.0,1.0,1.0,08,07,Employed,Private,47,2,1,1.0,1,1,1,46-55,Married,20.0,1.0,Some_college,0,2,2,2,2.0,0,38,300,2,4,0
4000.0,498.0,0.0,Very_Low,1,>400%,1,0,1.0,1.0,1.0,47,49,Employed,Private,23,2,5,1.0,1,1,1,18-25,Never_married,19.0,1.0,Some_college,0,2,2,2,2.0,0,38,300,2,4,0
80000.0,501.0,0.0,Very_High,1,>400%,1,0,1.0,1.0,1.0,02,78,Employed,Private,43,2,1,1.0,1,1,1,36-45,Married,22.0,1.0,Graduate,0,2,2,2,2.0,0,38,600,2,4,0
150000.0,501.0,0.0,Very_High,1,>400%,1,0,1.0,7.0,1.0,48,75,Employed,Self_employed,44,1,1,1.0,1,1,1,36-45,Married,18.0,1.0,Some_college,0,2,2,2,2.0,0,38,600,2,4,0
24000.0,477.0,0.0,Low,3,>400%,1,0,1.0,1.0,1.0,51,72,Employed,Private,65,2,1,1.0,1,1,1,56-65,Married,16.0,1.0,HS_diploma,0,2,2,2,2.0,0,38,300,2,4,0
15000.0,501.0,0.0,Very_Low,1,>400%,1,0,1.0,5.0,1.0,55,63,Employed,Government,52,2,1,1.0,1,1,1,46-55,Married,18.0,1.0,Some_college,0,2,2,2,2.0,0,38,500,2,4,0
100000.0,501.0,0.0,Very_High,1,>400%,1,0,1.0,1.0,1.0,73,07,Employed,Private,59,1,1,1.0,1,1,1,56-65,Married,16.0,1.0,HS_diploma,0,2,2,2,2.0,0,38,500,2,4,0
85000.0,501.0,0.0,Very_High,1,>400%,1,0,1.0,2.0,1.0,32,82,Employed,Private,49,2,1,1.0,1,1,1,46-55,Married,21.0,1.0,Bachelors,0,2,2,2,2.0,0,38,300,2,4,0
75000.0,501.0,0.0,High,1,>400%,1,0,1.0,1.0,1.0,96,75,Employed,Private,49,1,1,1.0,1,1,1,46-55,Married,21.0,1.0,Bachelors,0,2,2,2,2.0,0,38,300,2,4,0
37900.0,501.0,0.0,Medium,1,>400%,1,0,1.0,1.0,1.0,51,68,Employed,Private,24,2,5,1.0,1,1,1,18-25,Never_married,20.0,1.0,Some_college,0,2,2,2,2.0,0,38,300,2,4,0
85000.0,501.0,0.0,Very_High,1,>400%,1,0,1.0,1.0,1.0,48,42,Employed,Private,45,2,1,1.0,1,1,1,36-45,Married,21.0,1.0,Bachelors,0,2,2,2,2.0,0,38,400,2,4,0
35000.0,501.0,0.0,Medium,1,>400%,1,0,1.0,1.0,1.0,47,46,Employed,Private,48,1,1,1.0,1,1,1,46-55,Married,18.0,1.0,Some_college,0,2,2,2,2.0,0,38,400,2,4,0
0.0,307.0,50000.0,,1,200-400%,0,1,1.0,6.0,1.0,02,01,Employed,Self_employed,61,1,1,1.0,1,1,1,56-65,Married,19.0,1.0,Some_college,0,2,2,2,2.0,0,38,500,2,4,0
0.0,307.0,0.0,,1,200-400%,0,0,6.0,8.0,2.0,60,01,Not_in_labor_force,Unpaid,64,2,1,1.0,1,1,1,56-65,Married,19.0,1.0,Some_college,0,2,2,2,2.0,0,38,500,2,4,0
23800.0,153.0,0.0,Low,1,138-200%,1,0,3.0,1.0,1.0,87,39,Unemployed,Private,48,2,3,3.0,1,1,1,46-55,Divorced_Separated,20.0,1.0,Some_college,0,1,2,2,2.0,1,38,600,2,4,1
46000.0,501.0,1200.0,Medium,2,>400%,1,1,1.0,3.0,1.0,57,94,Employed,Government,58,2,1,1.0,1,1,1,56-65,Married,20.0,1.0,Some_college,0,2,2,2,2.0,0,38,200,2,4,0
55000.0,501.0,0.0,High,1,>400%,1,0,1.0,1.0,1.0,62,07,Employed,Private,64,1,1,1.0,1,1,1,56-65,Married,16.0,1.0,HS_diploma,0,2,2,2,2.0,0,38,200,2,4,0
60000.0,501.0,0.0,High,1,>400%,1,0,1.0,1.0,1.0,09,68,Employed,Private,26,2,5,1.0,1,1,1,26-35,Never_married,21.0,1.0,Bachelors,0,2,2,2,2.0,0,38,200,2,4,0
64000.0,501.0,0.0,High,2,>400%,1,0,1.0,1.0,1.0,91,38,Employed,Private,36,1,3,3.0,1,1,1,36-45,Divorced_Separated,20.0,1.0,Some_college,0,2,2,2,2.0,0,38,600,2,4,0
59000.0,501.0,0.0,High,1,>400%,1,0,1.0,3.0,1.0,50,94,Employed,Government,50,2,1,1.0,1,1,1,46-55,Married,19.0,1.0,Some_college,0,2,2,2,2.0,0,38,400,2,4,0
105000.0,501.0,0.0,Very_High,1,>400%,1,0,1.0,1.0,1.0,01,30,Employed,Private,51,1,1,1.0,1,3,1,46-55,Married,21.0,1.0,Bachelors,0,2,2,2,2.0,0,38,400,2,4,0
52000.0,189.0,0.0,High,1,138-200%,1,0,1.0,2.0,1.0,20,91,Employed,Private,37,1,1,1.0,1,1,1,36-45,Married,19.0,1.0,Some_college,0,2,2,2,2.0,0,38,200,2,4,0
6500.0,189.0,0.0,Very_Low,1,138-200%,1,0,1.0,2.0,1.0,42,91,Employed,Private,38,2,1,1.0,1,1,1,36-45,Married,19.0,1.0,Some_college,0,2,2,2,2.0,0,38,200,2,4,0
73000.0,501.0,0.0,High,2,>400%,1,0,1.0,3.0,1.0,63,07,Employed,Government,64,1,3,1.0,1,1,1,56-65,Divorced_Separated,16.0,1.0,HS_diploma,0,2,2,2,2.0,0,38,500,2,4,0
65000.0,501.0,0.0,High,1,>400%,1,0,1.0,1.0,1.0,47,47,Employed,Private,38,1,1,1.0,1,1,1,36-45,Married,19.0,1.0,Some_college,0,2,2,2,2.0,0,38,500,2,4,0
51000.0,501.0,0.0,High,1,>400%,1,0,1.0,3.0,1.0,20,94,Employed,Government,43,2,1,1.0,1,1,1,36-45,Married,21.0,1.0,Bachelors,0,2,2,2,2.0,0,38,500,2,4,0
9000.0,412.0,0.0,Very_Low,1,>400%,1,0,3.0,1.0,1.0,42,86,Unemployed,Private,42,1,5,1.0,1,1,1,36-45,Never_married,16.0,1.0,HS_diploma,0,1,1,1,2.0,1,38,500,2,4,0
30000.0,389.0,0.0,Low,1,200-400%,1,0,1.0,1.0,1.0,58,82,Employed,Private,60,2,3,1.0,2,9,1,56-65,Divorced_Separated,20.0,1.0,Some_college,0,2,2,2,2.0,0,38,400,2,4,0
48000.0,389.0,0.0,Medium,1,200-400%,1,0,1.0,1.0,1.0,91,48,Employed,Private,27,1,5,1.0,2,9,1,26-35,Never_married,16.0,1.0,HS_diploma,0,2,2,2,2.0,0,38,400,2,4,0
0.0,126.0,20000.0,,1,100-138%,0,1,1.0,6.0,1.0,49,70,Employed,Self_employed,47,1,5,1.0,1,1,1,46-55,Never_married,21.0,1.0,Bachelors,0,1,1,2,2.0,1,38,300,2,4,0
132000.0,501.0,0.0,Very_High,1,>400%,1,0,1.0,1.0,1.0,10,30,Employed,Private,36,1,1,3.0,1,1,1,36-45,Married,21.0,1.0,Bachelors,0,2,2,2,2.0,0,38,300,2,4,0
68000.0,501.0,0.0,High,1,>400%,1,0,1.0,1.0,1.0,11,30,Employed,Private,37,2,1,3.0,1,1,1,36-45,Married,22.0,1.0,Graduate,0,2,2,2,2.0,0,38,300,2,4,0
50000.0,501.0,0.0,Medium,1,>400%,1,0,1.0,3.0,1.0,20,83,Employed,Government,31,2,1,1.0,1,1,1,26-35,Married,21.0,2.0,Bachelors,1,2,2,2,2.0,0,38,400,2,4,0
24800.0,120.0,0.0,Low,1,100-138%,1,0,1.0,1.0,1.0,33,81,Employed,Private,35,2,5,1.0,1,1,1,26-35,Never_married,18.0,1.0,Some_college,0,2,2,2,2.0,0,38,100,2,4,0
33000.0,212.0,0.0,Medium,1,200-400%,1,0,1.0,1.0,1.0,55,63,Employed,Private,40,1,5,1.0,1,1,1,36-45,Never_married,18.0,1.0,Some_college,0,2,2,2,2.0,0,38,100,2,4,0
83000.0,501.0,0.0,Very_High,2,>400%,1,0,1.0,4.0,1.0,22,78,Employed,Government,65,2,1,1.0,2,2,1,56-65,Married,24.0,1.0,Graduate,0,2,2,2,2.0,0,38,600,2,4,0
0.0,248.0,20000.0,,2,200-400%,0,1,1.0,6.0,1.0,02,01,Employed,Self_employed,27,1,5,1.0,1,1,1,26-35,Never_married,21.0,1.0,Bachelors,0,1,2,1,2.0,1,38,400,2,4,0
22700.0,148.0,0.0,Low,1,138-200%,1,0,1.0,1.0,1.0,41,86,Employed,Private,19,2,5,1.0,1,1,1,18-25,Never_married,19.0,2.0,Some_college,1,1,2,2,2.0,1,38,300,2,4,0
82000.0,343.0,0.0,Very_High,1,200-400%,1,0,1.0,1.0,1.0,73,10,Employed,Private,27,1,1,1.0,1,1,1,26-35,Married,16.0,1.0,HS_diploma,0,2,2,2,2.0,0,38,500,2,4,0
0.0,343.0,0.0,,0,200-400%,0,0,6.0,1.0,2.0,47,51,Not_in_labor_force,Private,25,2,1,1.0,1,1,1,18-25,Married,18.0,1.0,Some_college,0,2,2,2,2.0,0,38,500,2,4,0
55000.0,423.0,0.0,High,2,>400%,1,0,1.0,7.0,1.0,08,69,Employed,Self_employed,33,1,3,1.0,1,1,1,26-35,Divorced_Separated,21.0,1.0,Bachelors,0,2,2,2,2.0,0,38,400,2,4,0
30000.0,234.0,0.0,Low,1,200-400%,1,0,1.0,2.0,1.0,57,78,Employed,Private,41,2,1,1.0,1,8,2,36-45,Married,19.0,1.0,Some_college,0,2,2,2,2.0,0,38,500,2,4,0
40000.0,234.0,0.0,Medium,1,200-400%,1,0,1.0,2.0,1.0,36,81,Employed,Private,21,2,5,3.0,1,8,2,18-25,Never_married,16.0,1.0,HS_diploma,0,2,2,2,2.0,0,38,500,2,4,0
57000.0,370.0,0.0,High,1,200-400%,1,0,1.0,1.0,1.0,77,30,Employed,Private,23,2,5,1.0,1,1,1,18-25,Never_married,16.0,1.0,HS_diploma,0,2,2,2,2.0,0,38,400,2,4,0
55000.0,309.0,0.0,High,1,200-400%,1,0,1.0,1.0,1.0,72,46,Employed,Private,31,1,1,3.0,1,1,1,26-35,Married,20.0,1.0,Some_college,0,2,2,2,2.0,0,38,500,2,4,0
40000.0,309.0,0.0,Medium,1,200-400%,1,0,1.0,1.0,1.0,46,84,Employed,Private,25,2,1,3.0,1,8,2,18-25,Married,16.0,1.0,HS_diploma,0,2,2,2,2.0,0,38,500,2,4,0
38000.0,202.0,0.0,Medium,1,200-400%,1,0,1.0,1.0,1.0,56,77,Employed,Private,25,1,1,1.0,1,1,1,18-25,Married,16.0,1.0,HS_diploma,0,1,2,2,2.0,1,38,200,2,4,0
10000.0,202.0,0.0,Very_Low,1,200-400%,1,0,1.0,1.0,1.0,40,86,Employed,Private,24,2,1,1.0,1,1,1,18-25,Married,16.0,1.0,HS_diploma,0,2,2,2,2.0,0,38,200,2,4,0
62000.0,501.0,0.0,High,1,>400%,1,0,1.0,2.0,1.0,31,81,Employed,Private,29,2,1,1.0,1,1,1,26-35,Married,22.0,1.0,Graduate,0,2,2,2,2.0,0,38,600,2,4,0
82000.0,501.0,0.0,Very_High,1,>400%,1,0,1.0,1.0,1.0,32,81,Employed,Private,33,1,1,1.0,1,1,1,26-35,Married,20.0,1.0,Some_college,0,2,2,2,2.0,0,38,600,2,4,0
74000.0,475.0,0.0,High,1,>400%,1,0,1.0,5.0,1.0,42,81,Employed,Government,31,1,3,1.0,1,3,1,26-35,Divorced_Separated,20.0,1.0,Some_college,0,2,2,2,2.0,0,38,100,2,4,0
52000.0,330.0,0.0,High,1,200-400%,1,0,1.0,2.0,1.0,03,81,Employed,Private,25,2,5,1.0,1,1,1,18-25,Never_married,24.0,1.0,Graduate,0,2,2,2,2.0,0,38,100,2,4,0
42000.0,485.0,0.0,Medium,1,>400%,1,0,1.0,3.0,1.0,58,93,Employed,Government,50,2,5,1.0,1,1,1,46-55,Never_married,19.0,1.0,Some_college,0,2,2,2,2.0,0,38,500,2,4,0
20000.0,146.0,0.0,Low,2,138-200%,1,0,1.0,2.0,1.0,43,90,Employed,Private,19,2,5,3.0,1,1,1,18-25,Never_married,16.0,1.0,HS_diploma,0,1,2,2,2.0,1,38,200,2,4,0
108000.0,501.0,0.0,Very_High,1,>400%,1,0,1.0,5.0,1.0,63,95,Employed,Government,33,1,1,1.0,1,1,1,26-35,Married,20.0,1.0,Some_college,0,2,2,2,2.0,0,38,200,2,4,0
40000.0,501.0,0.0,Medium,1,>400%,1,0,1.0,3.0,1.0,23,78,Employed,Government,31,2,1,1.0,1,1,1,26-35,Married,22.0,1.0,Graduate,0,2,2,2,2.0,0,38,200,2,4,0
62000.0,501.0,0.0,High,1,>400%,1,0,1.0,2.0,1.0,32,81,Employed,Private,52,2,1,1.0,1,1,1,46-55,Married,21.0,2.0,Bachelors,1,2,2,2,2.0,0,38,300,2,4,0
70000.0,501.0,0.0,High,1,>400%,1,0,1.0,1.0,1.0,47,48,Employed,Private,54,1,1,1.0,1,1,1,46-55,Married,20.0,2.0,Some_college,1,2,2,2,2.0,0,38,300,2,4,0
100000.0,501.0,0.0,Very_High,1,>400%,1,0,1.0,1.0,1.0,79,30,Employed,Private,62,1,5,3.0,1,1,1,56-65,Never_married,16.0,1.0,HS_diploma,0,2,2,2,2.0,0,38,400,2,4,0
0.0,22.0,0.0,,1,<100%,0,0,6.0,3.0,2.0,62,07,Not_in_labor_force,Government,61,1,1,1.0,1,1,1,56-65,Married,17.0,1.0,HS_diploma,0,2,2,2,2.0,0,38,200,2,4,1
0.0,22.0,0.0,,0,<100%,0,0,6.0,1.0,2.0,40,86,Not_in_labor_force,Private,55,2,1,1.0,1,1,1,46-55,Married,13.0,1.0,Less_than_HS,0,2,2,2,2.0,0,38,200,2,4,1
55000.0,352.0,0.0,High,2,200-400%,1,0,1.0,1.0,1.0,08,05,Employed,Private,24,2,5,3.0,1,1,1,18-25,Never_married,21.0,1.0,Bachelors,0,2,2,2,2.0,0,38,600,2,4,0
26000.0,501.0,0.0,Low,2,>400%,1,0,1.0,1.0,1.0,46,82,Employed,Private,65,2,1,1.0,1,9,1,56-65,Married,16.0,1.0,HS_diploma,0,2,2,2,2.0,0,38,200,2,4,0
0.0,501.0,96000.0,,1,>400%,0,1,1.0,6.0,1.0,60,01,Employed,Self_employed,60,1,1,1.0,1,1,1,56-65,Married,16.0,1.0,HS_diploma,0,2,2,2,2.0,0,38,200,2,4,0
80000.0,501.0,0.0,Very_High,1,>400%,1,0,1.0,3.0,1.0,57,93,Employed,Government,52,2,1,1.0,1,3,1,46-55,Married,21.0,1.0,Bachelors,0,2,2,2,2.0,0,38,100,2,4,0
25000.0,501.0,14400.0,Low,2,>400%,1,1,1.0,7.0,1.0,51,01,Employed,Self_employed,37,2,1,1.0,1,1,1,36-45,Married,21.0,1.0,Bachelors,0,2,2,2,2.0,0,38,200,2,4,0
105000.0,258.0,0.0,Very_High,1,200-400%,1,0,1.0,1.0,1.0,10,73,Employed,Private,48,1,1,1.0,1,1,1,46-55,Married,21.0,1.0,Bachelors,0,2,2,2,2.0,0,38,500,2,4,0
0.0,258.0,0.0,,0,200-400%,0,0,6.0,1.0,3.0,42,69,Not_in_labor_force,Private,48,2,1,1.0,1,1,1,46-55,Married,21.0,1.0,Bachelors,0,2,2,2,2.0,0,38,500,2,4,0
32000.0,208.0,0.0,Medium,1,200-400%,1,0,4.0,5.0,1.0,73,96,Not_in_labor_force,Government,21,1,5,1.0,1,1,1,18-25,Never_married,18.0,1.0,Some_college,0,2,2,2,2.0,0,38,200,2,4,0
56000.0,501.0,0.0,High,1,>400%,1,0,1.0,1.0,1.0,12,73,Employed,Private,59,2,1,1.0,1,1,1,56-65,Married,24.0,1.0,Graduate,0,2,2,2,2.0,0,38,300,2,4,0
91000.0,501.0,0.0,Very_High,1,>400%,1,0,1.0,1.0,1.0,12,73,Employed,Private,58,1,1,1.0,1,1,1,56-65,Married,22.0,1.0,Graduate,0,2,2,2,2.0,0,38,300,2,4,0
70000.0,453.0,0.0,High,1,>400%,1,0,1.0,1.0,1.0,63,07,Employed,Private,57,1,3,1.0,1,1,1,56-65,Divorced_Separated,12.0,1.0,Less_than_HS,0,2,2,2,2.0,0,38,400,2,4,0
36000.0,157.0,0.0,Medium,1,138-200%,1,0,1.0,1.0,1.0,32,69,Employed,Private,56,2,1,1.0,1,1,1,56-65,Married,21.0,1.0,Bachelors,0,1,2,2,1.0,1,38,400,2,4,0
0.0,157.0,0.0,,1,138-200%,0,0,6.0,1.0,2.0,77,15,Not_in_labor_force,Private,64,1,1,1.0,1,1,1,56-65,Married,18.0,1.0,Some_college,0,1,2,2,1.0,1,38,400,2,4,0
20000.0,437.0,0.0,Low,3,>400%,1,0,6.0,1.0,1.0,47,49,Not_in_labor_force,Private,35,2,1,1.0,1,1,1,26-35,Married,16.0,1.0,HS_diploma,0,2,2,2,2.0,0,38,400,2,4,1
40000.0,437.0,0.0,Medium,1,>400%,1,0,6.0,1.0,1.0,96,30,Not_in_labor_force,Private,45,1,1,1.0,1,1,1,36-45,Married,11.0,1.0,Less_than_HS,0,2,2,2,2.0,0,38,400,2,4,0
148000.0,493.0,0.0,Very_High,1,>400%,1,0,1.0,1.0,1.0,86,20,Employed,Private,32,1,1,1.0,1,1,1,26-35,Married,17.0,1.0,HS_diploma,0,2,2,2,2.0,0,38,100,2,4,0
0.0,493.0,0.0,,0,>400%,0,0,6.0,1.0,3.0,42,69,Not_in_labor_force,Private,34,2,1,1.0,1,1,1,26-35,Married,16.0,1.0,HS_diploma,0,2,2,2,2.0,0,38,100,2,4,0
58000.0,277.0,0.0,High,1,200-400%,1,0,1.0,1.0,1.0,21,72,Employed,Private,40,2,3,1.0,1,1,1,36-45,Divorced_Separated,21.0,1.0,Bachelors,0,2,2,2,2.0,0,38,500,2,4,0
80000.0,501.0,0.0,Very_High,1,>400%,1,0,1.0,1.0,1.0,62,07,Employed,Private,44,1,3,1.0,1,1,1,36-45,Divorced_Separated,19.0,1.0,Some_college,0,2,2,2,2.0,0,38,500,2,4,0
0.0,501.0,0.0,,0,>400%,0,0,6.0,1.0,2.0,02,07,Not_in_labor_force,Private,63,1,1,1.0,1,1,1,56-65,Married,20.0,1.0,Some_college,0,2,2,2,2.0,0,38,300,2,4,0
40000.0,501.0,0.0,Medium,1,>400%,1,0,1.0,2.0,1.0,32,81,Employed,Private,60,2,1,1.0,1,1,1,56-65,Married,19.0,1.0,Some_college,0,2,2,2,2.0,0,38,300,2,4,0
145000.0,501.0,0.0,Very_High,2,>400%,1,0,1.0,1.0,1.0,01,68,Employed,Private,26,2,1,1.0,1,1,1,26-35,Married,21.0,1.0,Bachelors,0,2,2,2,2.0,0,38,300,2,4,0
0.0,501.0,0.0,,1,>400%,0,0,6.0,1.0,3.0,42,69,Not_in_labor_force,Private,25,1,5,1.0,1,1,1,18-25,Never_married,15.0,1.0,Less_than_HS,0,2,2,2,2.0,0,38,300,2,4,0
0.0,478.0,52000.0,,1,>400%,0,1,1.0,6.0,1.0,45,89,Employed,Self_employed,35,2,1,1.0,1,1,1,26-35,Married,19.0,1.0,Some_college,0,2,2,2,2.0,0,38,500,2,4,0
120000.0,478.0,0.0,Very_High,1,>400%,1,0,1.0,1.0,1.0,69,04,Employed,Private,29,1,1,1.0,1,1,1,26-35,Married,16.0,1.0,HS_diploma,0,2,2,2,2.0,0,38,500,2,4,0
2600.0,16.0,0.0,Very_Low,1,<100%,1,0,1.0,2.0,1.0,42,82,Employed,Private,23,2,5,1.0,1,1,1,18-25,Never_married,19.0,1.0,Some_college,0,2,2,2,2.0,0,38,500,2,4,0
41500.0,206.0,0.0,Medium,2,200-400%,1,0,3.0,1.0,1.0,33,81,Unemployed,Private,53,1,1,1.0,1,9,1,46-55,Married,21.0,1.0,Bachelors,0,1,1,1,2.0,1,38,600,2,4,0
0.0,206.0,0.0,,1,200-400%,0,0,3.0,1.0,2.0,01,68,Unemployed,Private,51,2,1,1.0,1,9,1,46-55,Married,21.0,1.0,Bachelors,0,1,2,1,2.0,1,38,600,2,4,0
98000.0,501.0,0.0,Very_High,2,>400%,1,0,1.0,3.0,1.0,38,94,Employed,Government,63,2,1,1.0,1,1,1,56-65,Married,16.0,1.0,HS_diploma,0,2,2,2,2.0,0,38,400,2,4,0
60000.0,501.0,0.0,High,2,>400%,1,0,1.0,4.0,1.0,04,83,Employed,Government,55,2,1,1.0,1,1,2,46-55,Married,20.0,2.0,Some_college,1,1,2,2,2.0,1,38,600,2,4,0
80000.0,501.0,0.0,Very_High,2,>400%,1,0,1.0,1.0,1.0,09,70,Employed,Private,56,1,1,1.0,1,1,1,56-65,Married,16.0,1.0,HS_diploma,0,2,2,2,2.0,0,38,600,2,4,0
50000.0,501.0,0.0,Medium,1,>400%,1,0,1.0,1.0,1.0,35,81,Employed,Private,60,2,1,1.0,1,1,1,56-65,Married,20.0,1.0,Some_college,0,1,2,1,2.0,1,38,500,2,4,0
100000.0,501.0,0.0,Very_High,3,>400%,1,0,1.0,7.0,1.0,02,01,Employed,Self_employed,65,1,1,1.0,1,1,1,56-65,Married,10.0,1.0,Less_than_HS,0,2,2,2,2.0,0,38,500,2,4,0
0.0,501.0,0.0,,1,>400%,0,0,6.0,1.0,3.0,42,69,Not_in_labor_force,Private,38,1,3,1.0,1,1,1,36-45,Divorced_Separated,22.0,1.0,Graduate,0,2,2,2,2.0,0,38,500,2,4,0
71000.0,501.0,0.0,High,1,>400%,1,0,1.0,1.0,1.0,55,25,Employed,Private,50,2,1,1.0,1,1,1,46-55,Married,20.0,1.0,Some_college,0,2,2,2,2.0,0,38,100,2,4,0
100000.0,501.0,0.0,Very_High,1,>400%,1,0,1.0,1.0,1.0,91,04,Employed,Private,53,1,1,1.0,1,1,1,46-55,Married,18.0,1.0,Some_college,0,2,2,2,2.0,0,38,200,2,4,0
11500.0,501.0,0.0,Very_Low,1,>400%,1,0,1.0,1.0,1.0,32,81,Employed,Private,48,2,1,1.0,1,1,1,46-55,Married,20.0,1.0,Some_college,0,2,2,2,2.0,0,38,200,2,4,0
39000.0,335.0,0.0,Medium,2,200-400%,1,0,1.0,1.0,1.0,60,01,Employed,Private,60,1,3,1.0,1,1,1,56-65,Divorced_Separated,19.0,1.0,Some_college,0,2,2,2,2.0,0,38,400,2,4,0
0.0,365.0,0.0,,1,200-400%,0,0,6.0,1.0,3.0,42,69,Not_in_labor_force,Private,34,2,1,1.0,1,1,1,26-35,Married,20.0,1.0,Some_college,0,2,2,2,2.0,0,38,200,2,4,0
130000.0,365.0,0.0,Very_High,1,200-400%,1,0,1.0,1.0,1.0,00,21,Employed,Private,35,1,1,1.0,1,1,1,26-35,Married,20.0,1.0,Some_college,0,1,2,1,2.0,1,38,200,2,4,0
12000.0,501.0,20000.0,Very_Low,4,>400%,1,1,1.0,1.0,1.0,21,72,Employed,Private,64,1,1,1.0,1,1,1,56-65,Married,23.0,1.0,Graduate,0,2,2,2,2.0,0,38,500,2,4,0
135000.0,501.0,1500.0,Very_High,3,>400%,1,1,1.0,3.0,1.0,00,78,Employed,Government,49,2,1,1.0,1,1,1,46-55,Married,22.0,1.0,Graduate,0,2,2,2,2.0,0,38,500,2,4,0
72000.0,259.0,0.0,High,1,200-400%,1,0,1.0,1.0,1.0,06,38,Employed,Private,42,1,1,1.0,1,1,1,36-45,Married,21.0,1.0,Bachelors,0,2,2,2,2.0,0,38,400,2,4,0
6500.0,259.0,0.0,Very_Low,1,200-400%,1,0,1.0,2.0,1.0,42,91,Employed,Private,37,2,1,1.0,1,1,1,36-45,Married,19.0,1.0,Some_college,0,2,2,2,2.0,0,38,400,2,4,0
36900.0,501.0,0.0,Medium,1,>400%,1,0,1.0,1.0,1.0,51,87,Employed,Private,58,2,1,1.0,1,1,1,56-65,Married,18.0,1.0,Some_college,0,2,2,2,2.0,0,38,400,2,4,0
0.0,501.0,11000.0,,2,>400%,0,1,1.0,6.0,1.0,02,01,Employed,Self_employed,60,1,1,1.0,1,1,1,56-65,Married,16.0,1.0,HS_diploma,0,2,2,2,2.0,0,38,400,2,4,0
86000.0,501.0,0.0,Very_High,1,>400%,1,0,1.0,1.0,1.0,31,80,Employed,Private,27,2,1,1.0,1,1,1,26-35,Married,21.0,1.0,Bachelors,0,2,2,2,2.0,0,38,400,2,4,0
21100.0,501.0,28800.0,Low,2,>400%,1,1,1.0,6.0,1.0,02,01,Employed,Self_employed,27,1,1,1.0,1,1,1,26-35,Married,21.0,1.0,Bachelors,0,2,2,2,2.0,0,38,400,2,4,0
90000.0,501.0,0.0,Very_High,1,>400%,1,0,1.0,4.0,1.0,04,94,Employed,Government,38,2,1,1.0,1,1,1,36-45,Married,22.0,2.0,Graduate,1,2,2,2,2.0,0,38,300,2,4,0
120000.0,501.0,0.0,Very_High,1,>400%,1,0,1.0,1.0,1.0,95,05,Employed,Private,38,1,1,1.0,1,1,1,36-45,Married,18.0,1.0,Some_college,0,2,2,2,2.0,0,38,300,2,4,0
40000.0,501.0,0.0,Medium,1,>400%,1,0,1.0,2.0,1.0,36,81,Employed,Private,22,2,5,1.0,1,6,1,18-25,Never_married,21.0,1.0,Bachelors,0,2,2,2,2.0,0,38,600,2,4,0
55000.0,350.0,0.0,High,1,200-400%,1,0,1.0,1.0,1.0,47,42,Employed,Private,57,1,3,1.0,1,1,1,56-65,Divorced_Separated,18.0,1.0,Some_college,0,1,1,2,2.0,1,38,500,2,4,0
29000.0,350.0,0.0,Low,1,200-400%,1,0,1.0,1.0,1.0,45,89,Employed,Private,26,2,5,1.0,1,1,1,26-35,Never_married,19.0,1.0,Some_college,0,2,2,2,2.0,0,38,500,2,4,0
0.0,501.0,40000.0,,1,>400%,0,1,1.0,6.0,1.0,40,86,Employed,Self_employed,64,2,1,1.0,1,1,1,56-65,Married,16.0,1.0,HS_diploma,0,2,2,2,2.0,0,38,500,2,4,0
53000.0,501.0,0.0,High,2,>400%,1,0,1.0,2.0,1.0,32,81,Employed,Private,28,2,1,3.0,1,1,1,26-35,Married,21.0,1.0,Bachelors,0,2,2,2,2.0,0,38,600,2,4,0
82000.0,501.0,0.0,Very_High,1,>400%,1,0,1.0,3.0,1.0,38,94,Employed,Government,28,1,1,3.0,1,1,1,26-35,Married,21.0,1.0,Bachelors,0,2,2,2,2.0,0,38,600,2,4,0
1900.0,138.0,0.0,Very_Low,1,100-138%,1,0,6.0,3.0,1.0,26,54,Not_in_labor_force,Government,44,2,1,1.0,1,9,1,36-45,Married,22.0,1.0,Graduate,0,2,2,2,2.0,0,38,500,2,4,0
65000.0,138.0,0.0,High,1,100-138%,1,0,1.0,3.0,1.0,38,94,Employed,Government,45,1,1,1.0,1,1,1,36-45,Married,21.0,1.0,Bachelors,0,2,2,2,2.0,0,38,500,2,4,0
70000.0,501.0,0.0,High,1,>400%,1,0,1.0,1.0,1.0,32,82,Employed,Private,39,2,1,1.0,1,1,1,36-45,Married,21.0,1.0,Bachelors,0,2,2,2,2.0,0,38,600,2,4,0
60000.0,501.0,0.0,High,1,>400%,1,0,1.0,3.0,1.0,23,78,Employed,Government,55,2,1,1.0,1,1,1,46-55,Married,21.0,1.0,Bachelors,0,2,2,2,2.0,0,38,500,2,4,0
7100.0,44.0,0.0,Very_Low,1,<100%,1,0,3.0,1.0,1.0,04,83,Unemployed,Private,55,2,2,3.0,1,9,2,46-55,Divorced_Separated,20.0,1.0,Some_college,0,2,2,2,2.0,0,38,100,2,4,0
0.0,71.0,0.0,,1,<100%,0,0,6.0,1.0,3.0,42,69,Not_in_labor_force,Private,36,1,5,1.0,1,1,1,36-45,Never_married,17.0,1.0,HS_diploma,0,1,2,2,2.0,1,38,500,2,4,0
0.0,358.0,0.0,,2,200-400%,0,0,6.0,1.0,3.0,42,69,Not_in_labor_force,Private,35,1,5,1.0,1,3,1,26-35,Never_married,16.0,1.0,HS_diploma,0,1,2,2,1.0,1,38,100,2,4,1
40000.0,358.0,0.0,Medium,1,200-400%,1,0,1.0,1.0,1.0,47,57,Employed,Private,54,2,1,3.0,1,3,1,46-55,Married,17.0,1.0,HS_diploma,0,2,2,2,2.0,0,38,100,2,4,0
80000.0,365.0,0.0,Very_High,1,200-400%,1,0,1.0,5.0,1.0,13,81,Employed,Government,39,1,1,1.0,1,1,1,36-45,Married,21.0,1.0,Bachelors,0,2,2,2,2.0,0,38,600,2,4,0
30000.0,365.0,0.0,Low,1,200-400%,1,0,1.0,1.0,1.0,96,43,Employed,Private,47,2,1,1.0,1,1,1,46-55,Married,21.0,1.0,Bachelors,0,2,2,2,2.0,0,38,600,2,4,0
63000.0,404.0,0.0,High,1,>400%,1,0,1.0,1.0,1.0,47,48,Employed,Private,52,1,5,1.0,1,1,1,46-55,Never_married,19.0,1.0,Some_college,0,2,2,2,2.0,0,38,200,2,4,0
95000.0,501.0,1000.0,Very_High,2,>400%,1,1,1.0,2.0,1.0,03,80,Employed,Private,35,2,1,1.0,1,1,1,26-35,Married,21.0,1.0,Bachelors,0,2,2,2,2.0,0,38,200,2,4,0
130000.0,501.0,0.0,Very_High,1,>400%,1,0,1.0,1.0,1.0,00,05,Employed,Private,36,1,1,1.0,1,1,1,36-45,Married,20.0,1.0,Some_college,0,2,2,2,2.0,0,38,200,2,4,0
30000.0,363.0,0.0,Low,1,200-400%,1,0,3.0,1.0,1.0,47,49,Unemployed,Private,33,1,5,1.0,1,5,1,26-35,Never_married,17.0,1.0,HS_diploma,0,2,2,2,2.0,0,38,200,2,4,0
40000.0,370.0,0.0,Medium,1,200-400%,1,0,4.0,5.0,1.0,62,96,Not_in_labor_force,Government,19,1,1,3.0,1,1,1,18-25,Married,16.0,1.0,HS_diploma,0,2,2,2,2.0,0,38,200,2,4,0
35000.0,370.0,0.0,Medium,1,200-400%,1,0,1.0,1.0,1.0,35,81,Employed,Private,20,2,1,3.0,1,1,1,18-25,Married,20.0,2.0,Some_college,1,2,2,2,2.0,0,38,200,2,4,0
30000.0,196.0,0.0,Low,1,138-200%,1,0,1.0,1.0,1.0,56,43,Employed,Private,61,1,5,1.0,1,1,1,56-65,Never_married,16.0,1.0,HS_diploma,0,2,2,2,2.0,0,38,600,2,4,0
67000.0,498.0,0.0,High,2,>400%,1,0,1.0,7.0,1.0,48,69,Employed,Self_employed,40,1,3,1.0,1,1,1,36-45,Divorced_Separated,21.0,1.0,Bachelors,0,2,2,2,2.0,0,38,400,2,4,0
0.0,501.0,0.0,,1,>400%,0,0,6.0,2.0,2.0,83,45,Not_in_labor_force,Private,62,2,1,1.0,1,1,1,56-65,Married,13.0,1.0,Less_than_HS,0,2,2,2,2.0,0,38,500,2,4,0
97000.0,465.0,0.0,Very_High,1,>400%,1,0,1.0,3.0,1.0,02,78,Employed,Government,33,1,1,1.0,1,1,1,26-35,Married,22.0,1.0,Graduate,0,2,2,2,2.0,0,38,500,2,4,0
0.0,465.0,43000.0,,1,>400%,0,1,1.0,6.0,1.0,46,84,Employed,Self_employed,34,2,1,1.0,1,1,1,26-35,Married,19.0,1.0,Some_college,0,2,2,2,2.0,0,38,500,2,4,0
37000.0,397.0,0.0,Medium,1,200-400%,1,0,1.0,3.0,1.0,42,78,Employed,Government,65,2,1,1.0,1,1,1,56-65,Married,15.0,1.0,Less_than_HS,0,2,2,2,2.0,0,38,500,2,4,0
64000.0,497.0,0.0,High,1,>400%,1,0,1.0,1.0,1.0,07,46,Employed,Private,64,1,1,1.0,1,1,1,56-65,Married,18.0,1.0,Some_college,0,2,2,2,2.0,0,38,400,2,4,0
65000.0,418.0,0.0,High,1,>400%,1,0,1.0,1.0,1.0,63,07,Employed,Private,36,1,5,1.0,1,1,1,36-45,Never_married,19.0,1.0,Some_college,0,2,2,2,2.0,0,38,300,2,4,0
0.0,501.0,0.0,,0,>400%,0,0,6.0,1.0,2.0,41,86,Not_in_labor_force,Private,52,2,1,1.0,1,9,1,46-55,Married,18.0,1.0,Some_college,0,1,1,2,1.0,1,38,100,2,4,0
117000.0,501.0,0.0,Very_High,1,>400%,1,0,1.0,2.0,1.0,72,42,Employed,Private,57,1,1,1.0,1,1,1,56-65,Married,16.0,1.0,HS_diploma,0,2,2,2,2.0,0,38,100,2,4,0
91000.0,501.0,0.0,Very_High,1,>400%,1,0,1.0,1.0,1.0,09,68,Employed,Private,39,1,5,1.0,1,1,1,36-45,Never_married,21.0,1.0,Bachelors,0,2,2,2,2.0,0,38,600,2,4,0
0.0,501.0,0.0,,1,>400%,0,0,6.0,1.0,3.0,42,69,Not_in_labor_force,Private,61,1,1,1.0,1,1,1,56-65,Married,16.0,1.0,HS_diploma,0,2,2,2,2.0,0,38,100,2,4,0
0.0,501.0,2400.0,,2,>400%,0,1,1.0,6.0,1.0,02,01,Employed,Self_employed,59,2,1,1.0,1,1,1,56-65,Married,21.0,1.0,Bachelors,0,1,1,2,2.0,1,38,100,2,4,0
29000.0,185.0,0.0,Low,1,138-200%,1,0,1.0,1.0,1.0,52,68,Employed,Private,38,2,5,1.0,1,1,1,36-45,Never_married,19.0,1.0,Some_college,0,2,2,2,2.0,0,38,600,2,4,0
0.0,94.0,16000.0,,1,<100%,0,1,1.0,6.0,1.0,46,84,Employed,Self_employed,38,2,3,1.0,1,1,1,36-45,Divorced_Separated,16.0,1.0,HS_diploma,0,2,2,2,2.0,0,38,400,2,4,1
90000.0,351.0,0.0,Very_High,1,200-400%,1,0,1.0,1.0,1.0,01,66,Employed,Private,44,2,1,1.0,1,9,1,36-45,Married,21.0,1.0,Bachelors,0,2,2,2,2.0,0,38,100,2,4,0
50000.0,351.0,0.0,Medium,1,200-400%,1,0,1.0,1.0,1.0,06,07,Employed,Private,44,1,1,1.0,1,9,1,36-45,Married,21.0,1.0,Bachelors,0,2,2,2,2.0,0,38,100,2,4,0
47700.0,307.0,0.0,Medium,1,200-400%,1,0,1.0,1.0,1.0,32,80,Employed,Private,52,2,5,1.0,1,1,1,46-55,Never_married,20.0,1.0,Some_college,0,2,2,2,2.0,0,38,400,2,4,0
30000.0,501.0,0.0,Low,1,>400%,1,0,1.0,1.0,1.0,03,86,Employed,Private,53,2,1,1.0,1,1,1,46-55,Married,22.0,1.0,Graduate,0,2,2,2,2.0,0,38,100,2,4,0
0.0,501.0,0.0,,2,>400%,0,0,6.0,1.0,3.0,42,69,Not_in_labor_force,Private,64,2,1,1.0,1,1,1,56-65,Married,21.0,1.0,Bachelors,0,1,2,2,1.0,1,38,300,2,4,0
28000.0,253.0,0.0,Low,1,200-400%,1,0,1.0,1.0,1.0,26,54,Employed,Private,29,2,1,1.0,1,1,1,26-35,Married,16.0,1.0,HS_diploma,0,2,2,2,2.0,0,38,200,2,4,0
50000.0,253.0,0.0,Medium,1,200-400%,1,0,1.0,4.0,1.0,70,85,Employed,Government,30,1,1,1.0,1,1,1,26-35,Married,16.0,1.0,HS_diploma,0,2,2,2,2.0,0,38,200,2,4,0
0.0,6.0,0.0,,1,<100%,0,0,6.0,1.0,2.0,06,69,Not_in_labor_force,Private,55,2,3,1.0,1,1,1,46-55,Divorced_Separated,20.0,1.0,Some_college,0,1,2,2,1.0,1,38,500,2,4,1
34000.0,216.0,0.0,Medium,1,200-400%,1,0,1.0,1.0,1.0,64,28,Employed,Private,34,1,5,1.0,1,1,1,26-35,Never_married,14.0,1.0,Less_than_HS,0,2,2,2,2.0,0,38,500,2,4,0
65000.0,442.0,0.0,High,1,>400%,1,0,1.0,1.0,1.0,35,82,Employed,Private,39,2,1,1.0,1,1,1,36-45,Married,20.0,1.0,Some_college,0,2,2,2,2.0,0,38,300,2,4,0
22500.0,442.0,0.0,Low,1,>400%,1,0,1.0,1.0,1.0,77,30,Employed,Private,46,1,1,1.0,1,1,1,46-55,Married,16.0,1.0,HS_diploma,0,2,2,2,2.0,0,38,300,2,4,0
0.0,57.0,0.0,,0,<100%,0,0,6.0,1.0,3.0,42,69,Not_in_labor_force,Private,63,2,1,1.0,1,1,1,56-65,Married,16.0,1.0,HS_diploma,0,1,2,2,1.0,1,38,400,2,4,0
7000.0,57.0,0.0,Very_Low,2,<100%,1,0,1.0,1.0,1.0,89,63,Employed,Private,64,1,1,1.0,1,9,1,56-65,Married,15.0,1.0,Less_than_HS,0,2,2,2,2.0,0,38,400,2,4,0
9400.0,63.0,0.0,Very_Low,1,<100%,1,0,1.0,1.0,1.0,52,75,Employed,Private,37,2,3,1.0,1,5,1,36-45,Divorced_Separated,20.0,1.0,Some_college,0,2,2,2,2.0,0,38,400,2,4,1
6000.0,63.0,0.0,Very_Low,1,<100%,1,0,6.0,1.0,1.0,52,53,Not_in_labor_force,Private,18,2,5,3.0,1,5,1,18-25,Never_married,16.0,1.0,HS_diploma,0,2,2,2,2.0,0,38,400,2,4,1
15000.0,96.0,0.0,Very_Low,1,<100%,1,0,1.0,4.0,1.0,61,94,Employed,Government,46,1,5,3.0,1,3,1,46-55,Never_married,19.0,1.0,Some_college,0,2,2,2,2.0,0,38,400,2,4,1
0.0,0.0,0.0,,0,,0,0,6.0,1.0,2.0,47,49,Not_in_labor_force,Private,46,2,5,3.0,1,1,1,46-55,Never_married,19.0,1.0,Some_college,0,2,2,2,2.0,0,38,400,2,4,1
48600.0,312.0,0.0,Medium,1,200-400%,1,0,1.0,1.0,1.0,35,81,Employed,Private,26,2,5,1.0,1,1,1,26-35,Never_married,20.0,1.0,Some_college,0,2,2,2,2.0,0,38,600,2,4,0
61000.0,392.0,0.0,High,1,200-400%,1,0,1.0,1.0,1.0,03,86,Employed,Private,27,1,5,1.0,1,1,1,26-35,Never_married,19.0,1.0,Some_college,0,2,2,2,2.0,0,38,600,2,4,0
440.0,65.0,0.0,Very_Low,2,<100%,1,0,1.0,1.0,1.0,62,53,Employed,Private,33,1,5,3.0,1,1,1,26-35,Never_married,19.0,1.0,Some_college,0,2,2,2,2.0,0,38,100,2,4,0
58000.0,372.0,-6700.0,High,1,200-400%,1,0,1.0,6.0,1.0,02,69,Employed,Self_employed,56,1,1,1.0,1,1,1,56-65,Married,19.0,1.0,Some_college,0,2,2,2,2.0,0,38,500,2,4,0
23500.0,372.0,0.0,Low,1,200-400%,1,0,1.0,1.0,1.0,01,68,Employed,Private,57,2,1,1.0,1,1,1,56-65,Married,19.0,1.0,Some_college,0,2,2,2,2.0,0,38,500,2,4,0
60000.0,438.0,0.0,High,1,>400%,1,0,1.0,4.0,1.0,16,94,Employed,Government,39,1,1,1.0,1,1,1,36-45,Married,21.0,1.0,Bachelors,0,2,2,2,2.0,0,38,100,2,4,0
75000.0,438.0,0.0,High,1,>400%,1,0,1.0,4.0,1.0,20,94,Employed,Government,39,2,1,1.0,1,1,1,36-45,Married,22.0,1.0,Graduate,0,2,2,2,2.0,0,38,100,2,4,0
0.0,199.0,0.0,,1,138-200%,0,0,6.0,2.0,2.0,57,91,Not_in_labor_force,Private,65,2,1,1.0,1,1,1,56-65,Married,18.0,1.0,Some_college,0,2,2,2,2.0,0,38,300,2,4,0
0.0,64.0,10000.0,,1,<100%,0,1,6.0,6.0,1.0,02,01,Not_in_labor_force,Self_employed,52,1,5,1.0,1,1,1,46-55,Never_married,16.0,1.0,HS_diploma,0,2,2,2,2.0,0,38,400,2,4,0
56000.0,501.0,0.0,High,1,>400%,1,0,1.0,4.0,1.0,04,94,Employed,Government,44,2,1,1.0,1,1,1,36-45,Married,21.0,1.0,Bachelors,0,2,2,2,2.0,0,38,200,2,4,0
136000.0,501.0,0.0,Very_High,1,>400%,1,0,1.0,1.0,1.0,47,42,Employed,Private,44,1,1,1.0,1,1,1,36-45,Married,20.0,1.0,Some_college,0,2,2,2,2.0,0,38,200,2,4,0
6000.0,501.0,0.0,Very_Low,1,>400%,1,0,1.0,1.0,1.0,65,07,Employed,Private,18,1,5,1.0,1,1,1,18-25,Never_married,14.0,2.0,Less_than_HS,1,2,2,2,2.0,0,38,200,2,4,0
11000.0,69.0,0.0,Very_Low,1,<100%,1,0,6.0,1.0,1.0,96,53,Not_in_labor_force,Private,21,2,5,3.0,1,1,1,18-25,Never_married,15.0,1.0,Less_than_HS,0,2,2,2,2.0,0,38,300,2,4,1
8000.0,50.0,0.0,Very_Low,1,<100%,1,0,1.0,1.0,1.0,41,86,Employed,Private,22,2,5,1.0,1,1,1,18-25,Never_married,18.0,1.0,Some_college,0,2,2,2,2.0,0,38,300,2,4,0
29000.0,183.0,0.0,Low,1,138-200%,1,0,1.0,1.0,1.0,88,21,Employed,Private,22,2,5,1.0,1,1,1,18-25,Never_married,12.0,1.0,Less_than_HS,0,2,2,2,2.0,0,38,300,2,4,0
12000.0,75.0,0.0,Very_Low,1,<100%,1,0,1.0,1.0,1.0,52,44,Employed,Private,21,2,5,1.0,1,1,1,18-25,Never_married,19.0,2.0,Some_college,1,2,2,2,2.0,0,38,300,2,4,1
0.0,480.0,70000.0,,2,>400%,0,1,1.0,6.0,1.0,02,01,Employed,Self_employed,36,1,5,1.0,1,1,1,36-45,Never_married,20.0,1.0,Some_college,0,2,2,2,2.0,0,38,200,2,4,0
35000.0,353.0,0.0,Medium,1,200-400%,1,0,1.0,2.0,1.0,36,81,Employed,Private,35,2,1,1.0,1,1,1,26-35,Married,18.0,1.0,Some_college,0,2,2,2,2.0,0,38,200,2,4,0
70000.0,353.0,0.0,High,1,200-400%,1,0,1.0,1.0,1.0,96,48,Employed,Private,35,1,1,1.0,1,1,1,26-35,Married,17.0,1.0,HS_diploma,0,2,2,2,2.0,0,38,200,2,4,0
68000.0,441.0,0.0,High,2,>400%,1,0,1.0,1.0,1.0,16,10,Employed,Private,51,2,1,1.0,1,1,1,46-55,Married,24.0,1.0,Graduate,0,2,2,2,2.0,0,38,400,2,4,0
60000.0,441.0,0.0,High,1,>400%,1,0,4.0,5.0,1.0,98,97,Not_in_labor_force,Government,54,1,1,1.0,1,1,1,46-55,Married,21.0,1.0,Bachelors,0,2,2,2,2.0,0,38,400,2,4,0
0.0,57.0,12000.0,,1,<100%,0,1,1.0,6.0,1.0,40,86,Employed,Self_employed,40,2,4,3.0,2,6,1,36-45,Divorced_Separated,22.0,1.0,Graduate,0,2,2,2,2.0,0,38,400,2,4,0
30000.0,192.0,0.0,Low,1,138-200%,1,0,1.0,3.0,1.0,59,78,Employed,Government,54,2,1,1.0,1,3,1,46-55,Married,20.0,1.0,Some_college,0,2,2,2,2.0,0,38,100,2,4,0
0.0,192.0,0.0,,1,138-200%,0,0,6.0,1.0,3.0,42,69,Not_in_labor_force,Private,58,1,1,1.0,1,3,1,56-65,Married,20.0,1.0,Some_college,0,1,2,2,1.0,1,38,100,2,4,1
17000.0,192.0,0.0,Low,1,138-200%,1,0,1.0,3.0,1.0,25,78,Employed,Government,28,2,5,1.0,1,3,1,26-35,Never_married,14.0,1.0,Less_than_HS,0,2,2,2,2.0,0,38,100,2,4,0
30000.0,193.0,0.0,Low,1,138-200%,1,0,1.0,7.0,1.0,20,91,Employed,Self_employed,30,1,5,1.0,1,3,1,26-35,Never_married,18.0,1.0,Some_college,0,2,2,2,2.0,0,38,100,2,4,0
30000.0,381.0,0.0,Low,1,200-400%,1,0,1.0,1.0,1.0,91,44,Employed,Private,65,1,1,1.0,1,1,1,56-65,Married,16.0,1.0,HS_diploma,0,2,2,2,2.0,0,38,500,2,4,0
40000.0,381.0,0.0,Medium,1,200-400%,1,0,1.0,2.0,1.0,36,81,Employed,Private,50,2,1,1.0,1,1,1,46-55,Married,20.0,1.0,Some_college,0,2,2,2,2.0,0,38,500,2,4,0
35000.0,221.0,0.0,Medium,1,200-400%,1,0,1.0,1.0,1.0,54,48,Employed,Private,28,2,5,1.0,1,1,1,26-35,Never_married,21.0,1.0,Bachelors,0,2,2,2,2.0,0,38,200,2,4,0
50000.0,261.0,0.0,Medium,2,200-400%,1,0,1.0,1.0,1.0,36,82,Employed,Private,28,2,5,3.0,1,1,1,26-35,Never_married,18.0,1.0,Some_college,0,2,2,2,2.0,0,38,400,2,4,1
12000.0,501.0,0.0,Very_Low,1,>400%,1,0,1.0,1.0,1.0,25,84,Employed,Private,44,2,1,1.0,1,1,1,36-45,Married,16.0,1.0,HS_diploma,0,2,2,2,2.0,0,38,100,2,4,1
0.0,501.0,8800.0,,1,>400%,0,1,1.0,6.0,1.0,51,01,Employed,Self_employed,60,2,1,1.0,1,1,1,56-65,Married,21.0,1.0,Bachelors,0,2,2,2,2.0,0,38,400,2,4,0
150000.0,501.0,0.0,Very_High,1,>400%,1,0,1.0,1.0,1.0,11,24,Employed,Private,48,1,1,1.0,1,9,1,46-55,Married,18.0,1.0,Some_college,0,2,2,2,2.0,0,38,400,2,4,0
29000.0,501.0,0.0,Low,1,>400%,1,0,1.0,1.0,1.0,47,50,Employed,Private,44,2,1,1.0,1,1,2,36-45,Married,15.0,1.0,Less_than_HS,0,2,2,2,2.0,0,38,400,2,4,0
15000.0,96.0,0.0,Very_Low,1,<100%,1,0,1.0,1.0,1.0,15,75,Employed,Private,21,1,5,3.0,1,1,1,18-25,Never_married,16.0,2.0,HS_diploma,1,2,2,2,2.0,0,38,300,2,4,0
84000.0,437.0,0.0,Very_High,2,>400%,1,0,1.0,1.0,1.0,07,69,Employed,Private,35,1,1,1.0,1,1,1,26-35,Married,21.0,1.0,Bachelors,0,2,2,2,2.0,0,38,600,2,4,0
177000.0,437.0,0.0,Very_High,1,>400%,1,0,1.0,1.0,1.0,50,72,Employed,Private,35,2,1,1.0,1,1,1,26-35,Married,22.0,1.0,Graduate,0,2,2,2,2.0,0,38,600,2,4,0
26000.0,165.0,0.0,Low,1,138-200%,1,0,1.0,4.0,1.0,22,78,Employed,Government,30,1,5,3.0,1,1,1,26-35,Never_married,24.0,1.0,Graduate,0,2,2,2,2.0,0,38,600,2,4,0
90000.0,498.0,0.0,Very_High,2,>400%,1,0,1.0,5.0,1.0,60,01,Employed,Government,43,2,1,1.0,1,1,1,36-45,Married,21.0,1.0,Bachelors,0,2,2,2,2.0,0,38,100,2,4,0
90000.0,498.0,0.0,Very_High,1,>400%,1,0,1.0,1.0,1.0,51,75,Employed,Private,37,1,1,1.0,1,1,1,36-45,Married,20.0,1.0,Some_college,0,2,2,2,2.0,0,38,100,2,4,0
140000.0,501.0,0.0,Very_High,1,>400%,1,0,1.0,2.0,1.0,20,91,Employed,Private,45,1,1,1.0,1,1,1,36-45,Married,21.0,1.0,Bachelors,0,2,2,2,2.0,0,38,300,2,4,0
32000.0,501.0,0.0,Medium,1,>400%,1,0,1.0,3.0,1.0,23,78,Employed,Government,40,2,1,1.0,1,1,1,36-45,Married,22.0,1.0,Graduate,0,1,2,1,2.0,1,38,300,2,4,0
55000.0,242.0,0.0,High,1,200-400%,1,0,1.0,1.0,1.0,91,44,Employed,Private,65,1,1,1.0,1,9,2,56-65,Married,21.0,1.0,Bachelors,0,1,1,2,2.0,1,38,100,2,4,0
0.0,501.0,0.0,,2,>400%,0,0,6.0,1.0,3.0,42,69,Not_in_labor_force,Private,62,1,1,1.0,1,1,1,56-65,Married,22.0,1.0,Graduate,0,1,1,2,1.0,1,38,200,2,4,0
0.0,501.0,0.0,,0,>400%,0,0,6.0,1.0,3.0,42,69,Not_in_labor_force,Private,63,2,1,1.0,1,1,1,56-65,Married,19.0,1.0,Some_college,0,2,2,2,2.0,0,38,200,2,4,0
92000.0,501.0,0.0,Very_High,1,>400%,1,0,1.0,1.0,1.0,68,04,Employed,Private,27,1,5,3.0,1,1,1,26-35,Never_married,18.0,1.0,Some_college,0,2,2,2,2.0,0,38,200,2,4,0
70000.0,455.0,0.0,High,1,>400%,1,0,1.0,1.0,1.0,87,46,Employed,Private,50,1,3,1.0,1,1,1,46-55,Divorced_Separated,20.0,1.0,Some_college,0,2,2,2,2.0,0,38,300,2,4,0
47000.0,305.0,0.0,Medium,1,200-400%,1,0,1.0,1.0,1.0,06,77,Employed,Private,44,2,3,1.0,1,1,1,36-45,Divorced_Separated,19.0,1.0,Some_college,0,2,2,2,2.0,0,38,300,2,4,0
80000.0,501.0,0.0,Very_High,2,>400%,1,0,1.0,7.0,1.0,30,79,Employed,Self_employed,44,1,1,1.0,1,1,1,36-45,Married,24.0,1.0,Graduate,0,2,2,2,2.0,0,38,300,2,4,0
96000.0,501.0,0.0,Very_High,1,>400%,1,0,1.0,1.0,1.0,08,68,Employed,Private,44,2,1,1.0,1,1,1,36-45,Married,21.0,1.0,Bachelors,0,2,2,2,2.0,0,38,300,2,4,0
0.0,501.0,0.0,,2,>400%,0,0,6.0,1.0,3.0,42,69,Not_in_labor_force,Private,62,2,1,1.0,1,1,1,56-65,Married,16.0,1.0,HS_diploma,0,2,2,2,2.0,0,38,100,2,4,0
0.0,501.0,88000.0,,4,>400%,0,1,1.0,6.0,1.0,48,69,Employed,Self_employed,47,1,3,1.0,1,9,1,46-55,Divorced_Separated,21.0,1.0,Bachelors,0,1,2,2,1.0,1,38,400,2,4,0
50000.0,391.0,0.0,Medium,2,200-400%,1,0,1.0,1.0,1.0,52,68,Employed,Private,65,2,1,1.0,1,1,1,56-65,Married,18.0,1.0,Some_college,0,2,2,2,2.0,0,38,400,2,4,0
85000.0,501.0,0.0,Very_High,1,>400%,1,0,1.0,1.0,1.0,89,22,Employed,Private,26,1,5,1.0,1,1,1,26-35,Never_married,16.0,1.0,HS_diploma,0,2,2,2,2.0,0,38,100,2,4,0
60000.0,385.0,0.0,High,1,200-400%,1,0,1.0,1.0,1.0,46,84,Employed,Private,26,2,5,1.0,1,1,1,26-35,Never_married,21.0,1.0,Bachelors,0,2,2,2,2.0,0,38,100,2,4,0
0.0,23.0,0.0,,1,<100%,0,0,6.0,1.0,3.0,42,69,Not_in_labor_force,Private,65,2,5,1.0,1,3,1,56-65,Never_married,11.0,1.0,Less_than_HS,0,1,2,2,1.0,1,38,100,2,4,0
30000.0,195.0,0.0,Low,1,138-200%,1,0,1.0,1.0,1.0,82,23,Employed,Private,38,1,5,1.0,2,2,1,36-45,Never_married,21.0,1.0,Bachelors,0,2,2,2,2.0,0,38,600,2,4,0
0.0,501.0,0.0,,1,>400%,0,0,6.0,1.0,3.0,42,69,Not_in_labor_force,Private,59,2,1,1.0,1,1,1,56-65,Married,16.0,1.0,HS_diploma,0,2,2,2,2.0,0,38,500,2,4,0
0.0,501.0,100000.0,,1,>400%,0,1,6.0,6.0,1.0,02,01,Not_in_labor_force,Self_employed,64,1,1,1.0,1,1,1,56-65,Married,16.0,1.0,HS_diploma,0,1,1,2,2.0,1,38,500,2,4,0
100000.0,501.0,0.0,Very_High,2,>400%,1,0,1.0,5.0,1.0,32,81,Employed,Government,60,2,1,1.0,1,1,1,56-65,Married,22.0,1.0,Graduate,0,2,2,2,2.0,0,38,100,2,4,0
80000.0,501.0,0.0,Very_High,1,>400%,1,0,1.0,1.0,1.0,10,68,Employed,Private,62,1,1,1.0,1,1,1,56-65,Married,21.0,1.0,Bachelors,0,2,2,2,2.0,0,38,100,2,4,0
84000.0,448.0,0.0,Very_High,2,>400%,1,0,1.0,4.0,1.0,15,93,Employed,Government,61,1,1,1.0,1,1,1,56-65,Married,21.0,1.0,Bachelors,0,1,1,2,2.0,1,38,300,2,4,0
0.0,501.0,0.0,,1,>400%,0,0,6.0,1.0,3.0,42,69,Not_in_labor_force,Private,53,2,1,1.0,1,1,1,46-55,Married,17.0,1.0,HS_diploma,0,1,2,2,1.0,1,38,600,2,4,1
360.0,501.0,0.0,Very_Low,1,>400%,1,0,6.0,1.0,1.0,68,04,Not_in_labor_force,Private,22,1,5,1.0,1,1,1,18-25,Never_married,12.0,1.0,Less_than_HS,0,2,2,2,2.0,0,38,600,2,4,1
130000.0,435.0,0.0,Very_High,1,>400%,1,0,1.0,1.0,1.0,86,20,Employed,Private,43,1,1,1.0,1,1,1,36-45,Married,11.0,1.0,Less_than_HS,0,2,2,2,2.0,0,38,100,2,4,0
0.0,435.0,0.0,,0,>400%,0,0,6.0,1.0,3.0,42,69,Not_in_labor_force,Private,41,2,1,1.0,1,1,1,36-45,Married,11.0,1.0,Less_than_HS,0,2,2,2,2.0,0,38,100,2,4,0
10600.0,90.0,0.0,Very_Low,1,<100%,1,0,1.0,1.0,1.0,47,53,Employed,Private,51,2,3,1.0,1,1,1,46-55,Divorced_Separated,19.0,1.0,Some_college,0,2,2,2,2.0,0,38,200,2,4,1
10700.0,90.0,0.0,Very_Low,1,<100%,1,0,1.0,1.0,1.0,40,86,Employed,Private,19,2,5,1.0,1,1,1,18-25,Never_married,20.0,2.0,Some_college,1,2,2,2,2.0,0,38,200,2,4,1
0.0,90.0,0.0,,0,<100%,0,0,6.0,1.0,3.0,42,69,Not_in_labor_force,Private,18,1,5,1.0,1,1,1,18-25,Never_married,14.0,2.0,Less_than_HS,1,1,2,2,1.0,1,38,200,2,4,1
115000.0,501.0,0.0,Very_High,1,>400%,1,0,1.0,3.0,1.0,37,94,Employed,Government,54,1,1,1.0,1,1,1,46-55,Married,21.0,1.0,Bachelors,0,2,2,2,2.0,0,38,600,2,4,0
0.0,501.0,0.0,,0,>400%,0,0,6.0,1.0,3.0,42,69,Not_in_labor_force,Private,55,2,1,1.0,1,1,1,46-55,Married,16.0,1.0,HS_diploma,0,1,2,1,1.0,1,38,600,2,4,0
80000.0,501.0,0.0,Very_High,1,>400%,1,0,1.0,1.0,1.0,91,63,Employed,Private,40,1,1,1.0,1,1,1,36-45,Married,19.0,1.0,Some_college,0,2,2,2,2.0,0,38,600,2,4,0
36000.0,501.0,0.0,Medium,1,>400%,1,0,1.0,7.0,1.0,20,80,Employed,Self_employed,43,2,1,1.0,1,1,1,36-45,Married,22.0,1.0,Graduate,0,2,2,2,2.0,0,38,600,2,4,0
45000.0,449.0,0.0,Medium,1,>400%,1,0,1.0,1.0,1.0,51,66,Employed,Private,46,2,1,1.0,1,1,1,46-55,Married,19.0,1.0,Some_college,0,2,2,2,2.0,0,38,300,2,4,0
0.0,449.0,25000.0,,2,>400%,0,1,1.0,6.0,1.0,02,01,Employed,Self_employed,57,1,1,1.0,1,1,1,56-65,Married,21.0,1.0,Bachelors,0,2,2,2,2.0,0,38,300,2,4,0
48000.0,501.0,0.0,Medium,1,>400%,1,0,1.0,2.0,1.0,46,82,Employed,Private,60,2,1,1.0,1,1,1,56-65,Married,16.0,1.0,HS_diploma,0,2,2,2,2.0,0,38,200,2,4,0
20000.0,318.0,0.0,Low,1,200-400%,1,0,1.0,1.0,1.0,40,86,Employed,Private,30,2,1,2.0,1,8,2,26-35,Married,16.0,1.0,HS_diploma,0,2,2,2,2.0,0,38,400,2,4,0
3000.0,318.0,0.0,Very_Low,2,200-400%,1,0,6.0,1.0,1.0,91,01,Not_in_labor_force,Private,33,2,1,2.0,1,1,1,26-35,Married,19.0,1.0,Some_college,0,1,1,1,2.0,1,38,400,2,4,0
0.0,296.0,0.0,,1,200-400%,0,0,6.0,1.0,2.0,74,05,Not_in_labor_force,Private,61,1,1,1.0,1,1,1,56-65,Married,19.0,1.0,Some_college,0,2,2,2,2.0,0,38,200,2,4,0
0.0,296.0,0.0,,0,200-400%,0,0,6.0,1.0,2.0,52,66,Not_in_labor_force,Private,60,2,1,1.0,1,1,1,56-65,Married,20.0,1.0,Some_college,0,2,2,2,2.0,0,38,200,2,4,0
36400.0,283.0,0.0,Medium,1,200-400%,1,0,1.0,1.0,1.0,50,07,Employed,Private,38,2,1,1.0,1,1,1,36-45,Married,16.0,1.0,HS_diploma,0,2,2,2,2.0,0,38,100,2,4,0
0.0,283.0,50000.0,,1,200-400%,0,1,1.0,6.0,1.0,02,07,Employed,Self_employed,41,1,1,1.0,1,1,1,36-45,Married,18.0,1.0,Some_college,0,1,1,2,2.0,1,38,100,2,4,0
6000.0,420.0,6000.0,Very_Low,2,>400%,1,1,1.0,1.0,1.0,57,35,Employed,Private,59,2,1,1.0,1,1,1,56-65,Married,19.0,1.0,Some_college,0,2,2,2,2.0,0,38,200,2,4,0
0.0,420.0,70000.0,,2,>400%,0,1,1.0,6.0,1.0,04,07,Employed,Self_employed,62,1,1,1.0,1,1,1,56-65,Married,16.0,1.0,HS_diploma,0,1,1,2,2.0,1,38,200,2,4,0
0.0,501.0,100000.0,,2,>400%,0,1,1.0,6.0,1.0,02,01,Employed,Self_employed,64,1,1,1.0,1,1,1,56-65,Married,18.0,1.0,Some_college,0,2,2,2,2.0,0,38,400,2,4,0
2000.0,501.0,0.0,Very_Low,1,>400%,1,0,6.0,1.0,1.0,34,48,Not_in_labor_force,Private,62,2,1,1.0,1,1,1,56-65,Married,20.0,1.0,Some_college,0,2,2,2,2.0,0,38,400,2,4,0
114000.0,501.0,0.0,Very_High,1,>400%,1,0,1.0,1.0,1.0,69,03,Employed,Private,28,1,1,3.0,1,1,1,26-35,Married,16.0,1.0,HS_diploma,0,2,2,2,2.0,0,38,300,2,4,0
80000.0,501.0,0.0,Very_High,1,>400%,1,0,1.0,1.0,1.0,00,03,Employed,Private,35,1,5,1.0,1,1,1,26-35,Never_married,18.0,1.0,Some_college,0,2,2,2,2.0,0,38,100,2,4,0
74000.0,501.0,0.0,High,1,>400%,1,0,1.0,4.0,1.0,15,74,Employed,Government,41,1,1,1.0,1,1,1,36-45,Married,18.0,1.0,Some_college,0,2,2,2,2.0,0,38,500,2,4,0
50000.0,501.0,0.0,Medium,1,>400%,1,0,1.0,2.0,1.0,35,82,Employed,Private,50,2,1,1.0,1,1,1,46-55,Married,16.0,1.0,HS_diploma,0,2,2,2,2.0,0,38,500,2,4,0
0.0,0.0,0.0,,0,,0,0,6.0,1.0,3.0,42,69,Not_in_labor_force,Private,60,1,3,1.0,1,1,2,56-65,Divorced_Separated,15.0,1.0,Less_than_HS,0,1,2,2,1.0,1,38,100,2,4,1
110.0,143.0,0.0,Very_Low,3,138-200%,1,0,1.0,3.0,1.0,00,93,Employed,Government,63,2,1,1.0,1,1,1,56-65,Married,16.0,1.0,HS_diploma,0,2,2,2,2.0,0,38,100,2,4,0
1000.0,143.0,0.0,Very_Low,3,138-200%,1,0,1.0,1.0,1.0,42,04,Employed,Private,65,1,1,1.0,1,1,1,56-65,Married,15.0,1.0,Less_than_HS,0,2,2,2,2.0,0,38,100,2,4,0
65000.0,501.0,0.0,High,1,>400%,1,0,1.0,1.0,1.0,48,68,Employed,Private,62,2,1,1.0,1,1,1,56-65,Married,20.0,1.0,Some_college,0,2,2,2,2.0,0,38,200,2,4,0
48000.0,501.0,7000.0,Medium,3,>400%,1,1,1.0,3.0,1.0,91,07,Employed,Government,64,1,1,1.0,1,1,1,56-65,Married,20.0,1.0,Some_college,0,2,2,2,2.0,0,38,200,2,4,0
28000.0,182.0,0.0,Low,1,138-200%,1,0,1.0,1.0,1.0,47,75,Employed,Private,21,2,5,3.0,1,1,1,18-25,Never_married,21.0,1.0,Bachelors,0,2,2,2,2.0,0,38,600,2,4,0
31800.0,225.0,0.0,Medium,1,200-400%,1,0,1.0,2.0,1.0,07,81,Employed,Private,54,1,1,1.0,1,3,1,46-55,Married,17.0,1.0,HS_diploma,0,2,2,2,2.0,0,38,200,2,4,1
41000.0,225.0,0.0,Medium,1,200-400%,1,0,1.0,1.0,1.0,57,79,Employed,Private,41,2,1,1.0,1,3,1,36-45,Married,16.0,1.0,HS_diploma,0,2,2,2,2.0,0,38,200,2,4,1
18000.0,225.0,0.0,Low,1,200-400%,1,0,1.0,2.0,1.0,42,76,Employed,Private,18,2,5,1.0,1,3,1,18-25,Never_married,17.0,1.0,HS_diploma,0,2,2,2,2.0,0,38,200,2,4,0
59000.0,169.0,0.0,High,1,138-200%,1,0,1.0,1.0,1.0,47,57,Employed,Private,32,1,1,1.0,1,1,1,26-35,Married,16.0,1.0,HS_diploma,0,2,2,2,2.0,0,38,200,2,4,0
0.0,169.0,0.0,,0,138-200%,0,0,6.0,1.0,2.0,36,82,Not_in_labor_force,Private,37,2,1,1.0,1,1,1,36-45,Married,19.0,1.0,Some_college,0,2,2,2,2.0,0,38,200,2,4,0
10000.0,63.0,0.0,Very_Low,1,<100%,1,0,1.0,1.0,1.0,35,82,Employed,Private,23,2,5,1.0,1,1,1,18-25,Never_married,20.0,2.0,Some_college,1,2,2,2,2.0,0,38,500,2,4,0
40000.0,202.0,0.0,Medium,1,200-400%,1,0,1.0,2.0,1.0,36,82,Employed,Private,40,2,3,1.0,1,8,2,36-45,Divorced_Separated,19.0,1.0,Some_college,0,2,2,2,2.0,0,38,500,2,4,0
0.0,420.0,0.0,,1,>400%,0,0,6.0,1.0,3.0,42,69,Not_in_labor_force,Private,61,2,1,1.0,1,1,1,56-65,Married,21.0,1.0,Bachelors,0,2,2,2,2.0,0,38,500,2,4,0
50000.0,420.0,0.0,Medium,2,>400%,1,0,1.0,1.0,1.0,48,45,Employed,Private,63,1,1,1.0,1,1,1,56-65,Married,18.0,1.0,Some_college,0,2,2,2,2.0,0,38,500,2,4,0
15000.0,97.0,0.0,Very_Low,1,<100%,1,0,1.0,1.0,1.0,36,81,Employed,Private,20,2,5,3.0,1,1,1,18-25,Never_married,19.0,2.0,Some_college,1,2,2,2,2.0,0,38,200,2,4,0
0.0,162.0,23000.0,,1,138-200%,0,1,1.0,6.0,1.0,02,01,Employed,Self_employed,50,1,1,1.0,1,1,1,46-55,Married,20.0,1.0,Some_college,0,2,2,2,2.0,0,38,400,2,4,0
35000.0,162.0,0.0,Medium,1,138-200%,1,0,1.0,7.0,1.0,02,01,Employed,Self_employed,44,2,1,1.0,1,1,1,36-45,Married,18.0,1.0,Some_college,0,2,2,2,2.0,0,38,400,2,4,0
31000.0,382.0,0.0,Medium,1,200-400%,1,0,1.0,3.0,1.0,25,78,Employed,Government,29,2,1,1.0,1,1,1,26-35,Married,21.0,2.0,Bachelors,1,2,2,2,2.0,0,38,200,2,4,0
60000.0,382.0,0.0,High,1,200-400%,1,0,1.0,1.0,1.0,19,42,Employed,Private,29,1,1,1.0,1,3,1,26-35,Married,19.0,1.0,Some_college,0,2,2,2,2.0,0,38,200,2,4,0
120000.0,501.0,0.0,Very_High,2,>400%,1,0,1.0,4.0,1.0,01,68,Employed,Government,61,1,1,1.0,1,1,1,56-65,Married,21.0,1.0,Bachelors,0,2,2,2,2.0,0,38,300,2,4,0
60000.0,501.0,0.0,High,2,>400%,1,0,1.0,7.0,1.0,08,72,Employed,Self_employed,58,2,1,1.0,1,1,1,56-65,Married,21.0,1.0,Bachelors,0,2,2,2,2.0,0,38,300,2,4,0
0.0,249.0,15000.0,,1,200-400%,0,1,6.0,6.0,1.0,02,01,Not_in_labor_force,Self_employed,64,1,1,1.0,1,1,1,56-65,Married,16.0,1.0,HS_diploma,0,2,2,2,2.0,0,38,400,2,4,0
35000.0,249.0,0.0,Medium,1,200-400%,1,0,1.0,1.0,1.0,36,82,Employed,Private,49,2,1,1.0,1,1,1,46-55,Married,19.0,1.0,Some_college,0,2,2,2,2.0,0,38,400,2,4,0
60000.0,327.0,0.0,High,1,200-400%,1,0,1.0,1.0,1.0,01,48,Employed,Private,41,1,1,1.0,1,1,1,36-45,Married,22.0,1.0,Graduate,0,2,2,2,2.0,0,38,500,2,4,0
40000.0,327.0,0.0,Medium,1,200-400%,1,0,1.0,1.0,1.0,07,68,Employed,Private,36,2,1,1.0,1,1,1,36-45,Married,21.0,1.0,Bachelors,0,2,2,2,2.0,0,38,500,2,4,0
0.0,501.0,14400.0,,1,>400%,0,1,1.0,6.0,1.0,02,01,Employed,Self_employed,55,2,1,1.0,1,1,1,46-55,Married,16.0,1.0,HS_diploma,0,2,2,2,2.0,0,38,400,2,4,0
42000.0,501.0,0.0,Medium,1,>400%,1,0,1.0,1.0,1.0,57,41,Employed,Private,48,2,1,1.0,1,1,1,46-55,Married,21.0,1.0,Bachelors,0,2,2,2,2.0,0,38,200,2,4,0
80000.0,501.0,0.0,Very_High,1,>400%,1,0,1.0,1.0,1.0,90,04,Employed,Private,48,1,1,1.0,1,1,1,46-55,Married,16.0,1.0,HS_diploma,0,2,2,2,2.0,0,38,200,2,4,0
25000.0,501.0,0.0,Low,1,>400%,1,0,1.0,1.0,1.0,08,68,Employed,Private,20,1,5,1.0,1,1,1,18-25,Never_married,19.0,2.0,Some_college,1,2,2,2,2.0,0,38,200,2,4,0
20000.0,256.0,0.0,Low,3,200-400%,1,0,1.0,2.0,1.0,41,53,Employed,Private,65,2,5,1.0,1,9,1,56-65,Never_married,19.0,1.0,Some_college,0,2,2,2,2.0,0,38,300,2,4,0
50000.0,328.0,0.0,Medium,1,200-400%,1,0,1.0,1.0,1.0,47,46,Employed,Private,60,1,3,1.0,1,1,1,56-65,Divorced_Separated,16.0,1.0,HS_diploma,0,2,2,2,2.0,0,38,500,2,4,0
32000.0,237.0,0.0,Medium,1,200-400%,1,0,1.0,1.0,1.0,91,61,Employed,Private,55,2,1,1.0,1,1,1,46-55,Married,20.0,1.0,Some_college,0,1,2,2,1.0,1,38,600,2,4,0
40000.0,237.0,0.0,Medium,1,200-400%,1,0,1.0,1.0,1.0,47,87,Employed,Private,50,1,1,1.0,1,1,1,46-55,Married,18.0,1.0,Some_college,0,2,2,2,2.0,0,38,600,2,4,0
1600.0,237.0,0.0,Very_Low,1,200-400%,1,0,1.0,1.0,1.0,41,86,Employed,Private,18,2,5,1.0,1,1,1,18-25,Never_married,16.0,2.0,HS_diploma,1,2,2,2,2.0,0,38,600,2,4,0
43700.0,282.0,0.0,Medium,1,200-400%,1,0,1.0,2.0,1.0,87,69,Employed,Private,35,2,1,1.0,1,1,1,26-35,Married,20.0,1.0,Some_college,0,2,2,2,2.0,0,38,600,2,4,0
43000.0,282.0,0.0,Medium,1,200-400%,1,0,1.0,2.0,1.0,07,69,Employed,Private,49,1,1,1.0,1,1,1,46-55,Married,19.0,1.0,Some_college,0,2,2,2,2.0,0,38,600,2,4,0
56000.0,368.0,350.0,High,2,200-400%,1,1,1.0,3.0,1.0,23,78,Employed,Government,64,1,3,1.0,1,1,1,56-65,Divorced_Separated,21.0,1.0,Bachelors,0,2,2,2,2.0,0,38,400,2,4,0
75000.0,475.0,0.0,High,1,>400%,1,0,1.0,1.0,1.0,04,60,Employed,Private,41,1,5,1.0,1,1,1,36-45,Never_married,21.0,1.0,Bachelors,0,2,2,2,2.0,0,38,500,2,4,0
55000.0,349.0,0.0,High,1,200-400%,1,0,1.0,3.0,1.0,38,94,Employed,Government,45,1,5,1.0,1,1,1,36-45,Never_married,20.0,1.0,Some_college,0,2,2,2,2.0,0,38,500,2,4,0
60000.0,379.0,0.0,High,1,200-400%,1,0,1.0,1.0,1.0,96,30,Employed,Private,56,1,3,1.0,1,1,1,56-65,Divorced_Separated,17.0,1.0,HS_diploma,0,2,2,2,2.0,0,38,400,2,4,0
36000.0,230.0,0.0,Medium,1,200-400%,1,0,1.0,1.0,1.0,42,77,Employed,Private,59,1,3,1.0,1,1,1,56-65,Divorced_Separated,24.0,1.0,Graduate,0,1,2,2,2.0,1,38,600,2,4,0
0.0,501.0,0.0,,2,>400%,0,0,6.0,3.0,2.0,51,78,Not_in_labor_force,Government,62,2,2,1.0,1,1,1,56-65,Divorced_Separated,16.0,1.0,HS_diploma,0,2,2,2,2.0,0,38,100,2,4,0
50000.0,443.0,0.0,Medium,1,>400%,1,0,1.0,1.0,1.0,47,61,Employed,Private,62,1,1,1.0,1,1,1,56-65,Married,16.0,1.0,HS_diploma,0,2,2,2,2.0,0,38,300,2,4,0
40000.0,443.0,0.0,Medium,1,>400%,1,0,1.0,1.0,1.0,42,76,Employed,Private,65,2,1,1.0,1,1,1,56-65,Married,13.0,1.0,Less_than_HS,0,2,2,2,2.0,0,38,300,2,4,0
66000.0,501.0,0.0,High,3,>400%,1,0,6.0,2.0,1.0,32,81,Not_in_labor_force,Private,65,2,1,1.0,1,1,1,56-65,Married,22.0,1.0,Graduate,0,2,2,2,2.0,0,38,600,2,4,0
62000.0,501.0,0.0,High,1,>400%,1,0,1.0,1.0,1.0,28,64,Employed,Private,65,1,1,1.0,2,1,1,56-65,Married,21.0,1.0,Bachelors,0,2,2,2,2.0,0,38,600,2,4,0
10000.0,501.0,0.0,Very_Low,3,>400%,1,0,1.0,1.0,1.0,77,30,Employed,Private,65,1,5,1.0,1,1,1,56-65,Never_married,20.0,1.0,Some_college,0,2,2,2,2.0,0,38,400,2,4,0
80000.0,501.0,0.0,Very_High,1,>400%,1,0,4.0,5.0,1.0,04,96,Not_in_labor_force,Government,24,1,1,1.0,1,1,1,18-25,Married,19.0,1.0,Some_college,0,2,2,2,2.0,0,38,200,2,4,0
30600.0,501.0,0.0,Medium,1,>400%,1,0,1.0,1.0,1.0,40,86,Employed,Private,23,2,1,1.0,1,8,4,18-25,Married,19.0,1.0,Some_college,0,2,2,2,2.0,0,38,200,2,4,0
60000.0,442.0,1500.0,High,3,>400%,1,1,1.0,3.0,1.0,39,85,Employed,Government,51,1,1,1.0,1,1,1,46-55,Married,21.0,1.0,Bachelors,0,2,2,2,2.0,0,38,300,2,4,0
75000.0,442.0,0.0,High,1,>400%,1,0,1.0,1.0,1.0,32,69,Employed,Private,37,2,1,1.0,1,1,1,36-45,Married,21.0,1.0,Bachelors,0,2,2,2,2.0,0,38,300,2,4,0
85000.0,501.0,0.0,Very_High,3,>400%,1,0,1.0,5.0,1.0,71,44,Employed,Government,57,1,3,1.0,1,1,1,56-65,Divorced_Separated,19.0,1.0,Some_college,0,1,2,1,2.0,1,38,500,2,4,0
12000.0,501.0,0.0,Very_Low,3,>400%,1,0,1.0,4.0,1.0,23,85,Employed,Government,62,2,1,1.0,1,1,1,56-65,Married,21.0,1.0,Bachelors,0,2,2,2,2.0,0,38,200,2,4,0
24000.0,96.0,0.0,Low,2,<100%,1,0,1.0,1.0,1.0,40,86,Employed,Private,39,2,3,1.0,1,1,1,36-45,Divorced_Separated,16.0,1.0,HS_diploma,0,2,2,2,2.0,0,38,100,2,4,1
20000.0,128.0,0.0,Low,1,100-138%,1,0,1.0,1.0,1.0,40,86,Employed,Private,47,1,3,1.0,1,1,1,46-55,Divorced_Separated,16.0,1.0,HS_diploma,0,2,2,2,2.0,0,38,100,2,4,1
0.0,71.0,0.0,,2,<100%,0,0,6.0,1.0,3.0,42,69,Not_in_labor_force,Private,62,1,5,1.0,1,1,1,56-65,Never_married,19.0,1.0,Some_college,0,2,2,2,2.0,0,38,400,2,4,1
50000.0,501.0,75000.0,Medium,2,>400%,1,1,1.0,7.0,1.0,47,11,Employed,Self_employed,38,2,1,3.0,1,1,1,36-45,Married,20.0,1.0,Some_college,0,2,2,2,2.0,0,38,600,2,4,0
65000.0,501.0,0.0,High,3,>400%,1,0,1.0,1.0,1.0,28,64,Employed,Private,50,2,5,1.0,1,1,1,46-55,Never_married,22.0,1.0,Graduate,0,2,2,2,2.0,0,38,600,2,4,0
0.0,176.0,0.0,,2,138-200%,0,0,6.0,1.0,3.0,42,69,Not_in_labor_force,Private,34,1,5,3.0,1,9,1,26-35,Never_married,21.0,1.0,Bachelors,0,1,2,2,2.0,1,38,400,2,4,1
43200.0,274.0,0.0,Medium,1,200-400%,1,0,1.0,2.0,1.0,33,81,Employed,Private,28,2,5,1.0,2,6,1,26-35,Never_married,21.0,1.0,Bachelors,0,2,2,2,2.0,0,38,500,2,4,0
13000.0,83.0,0.0,Very_Low,1,<100%,1,0,6.0,2.0,1.0,02,78,Not_in_labor_force,Private,27,1,1,2.0,2,6,1,26-35,Married,22.0,2.0,Graduate,1,2,2,2,2.0,0,38,600,2,4,0
0.0,0.0,0.0,,0,,0,0,6.0,1.0,3.0,42,69,Not_in_labor_force,Private,21,2,1,2.0,2,6,1,18-25,Married,1.0,1.0,Less_than_HS,0,2,2,2,2.0,0,38,600,2,4,0
0.0,256.0,20000.0,,1,200-400%,0,1,1.0,6.0,1.0,02,01,Employed,Self_employed,63,1,1,1.0,1,1,1,56-65,Married,19.0,1.0,Some_college,0,2,2,2,2.0,0,38,500,2,4,0
32000.0,256.0,0.0,Medium,1,200-400%,1,0,1.0,3.0,1.0,22,78,Employed,Government,63,2,1,1.0,1,1,1,56-65,Married,20.0,1.0,Some_college,0,2,2,2,2.0,0,38,500,2,4,0
50000.0,501.0,0.0,Medium,1,>400%,1,0,1.0,1.0,1.0,32,81,Employed,Private,30,2,1,1.0,1,9,1,26-35,Married,20.0,1.0,Some_college,0,2,2,2,2.0,0,38,100,2,4,0
93000.0,501.0,0.0,Very_High,1,>400%,1,0,1.0,1.0,1.0,91,56,Employed,Private,31,1,1,1.0,1,1,1,26-35,Married,16.0,1.0,HS_diploma,0,2,2,2,2.0,0,38,100,2,4,0
50000.0,246.0,0.0,Medium,1,200-400%,1,0,1.0,1.0,1.0,26,74,Employed,Private,34,2,5,1.0,1,1,1,26-35,Never_married,22.0,1.0,Graduate,0,2,2,2,2.0,0,38,500,2,4,0
100000.0,501.0,0.0,Very_High,1,>400%,1,0,1.0,1.0,1.0,96,44,Employed,Private,41,1,3,1.0,1,1,1,36-45,Divorced_Separated,16.0,1.0,HS_diploma,0,2,2,2,2.0,0,38,500,2,4,0
35000.0,429.0,0.0,Medium,1,>400%,1,0,1.0,1.0,1.0,42,68,Employed,Private,50,2,3,1.0,1,3,1,46-55,Divorced_Separated,16.0,1.0,HS_diploma,0,1,2,2,1.0,1,38,400,2,4,0
14000.0,429.0,0.0,Very_Low,2,>400%,1,0,6.0,1.0,1.0,91,61,Not_in_labor_force,Private,45,1,3,1.0,1,3,1,36-45,Divorced_Separated,12.0,1.0,Less_than_HS,0,1,2,2,1.0,1,38,400,2,4,0
120000.0,501.0,0.0,Very_High,1,>400%,1,0,1.0,7.0,1.0,26,73,Employed,Self_employed,58,2,1,1.0,1,1,1,56-65,Married,21.0,1.0,Bachelors,0,2,2,2,2.0,0,38,600,2,4,0
125000.0,501.0,0.0,Very_High,1,>400%,1,0,1.0,1.0,1.0,92,60,Employed,Private,59,2,1,1.0,1,1,1,56-65,Married,20.0,1.0,Some_college,0,2,2,2,2.0,0,38,200,2,4,0
85000.0,501.0,0.0,Very_High,1,>400%,1,0,1.0,1.0,1.0,48,22,Employed,Private,62,1,1,1.0,1,1,1,56-65,Married,21.0,1.0,Bachelors,0,2,2,2,2.0,0,38,200,2,4,0
58000.0,381.0,0.0,High,1,200-400%,1,0,1.0,1.0,1.0,57,04,Employed,Private,59,2,2,1.0,1,1,1,56-65,Divorced_Separated,16.0,1.0,HS_diploma,0,2,2,2,2.0,0,38,100,2,4,0
18000.0,356.0,0.0,Low,1,200-400%,1,0,1.0,1.0,1.0,47,47,Employed,Private,26,2,1,1.0,1,1,1,26-35,Married,19.0,2.0,Some_college,1,2,2,2,2.0,0,38,300,2,4,0
68000.0,356.0,0.0,High,1,200-400%,1,0,1.0,1.0,1.0,72,88,Employed,Private,28,1,1,1.0,1,1,1,26-35,Married,20.0,1.0,Some_college,0,2,2,2,2.0,0,38,300,2,4,0
0.0,501.0,0.0,,0,>400%,0,0,6.0,1.0,3.0,42,69,Not_in_labor_force,Private,50,1,1,3.0,1,1,1,46-55,Married,21.0,1.0,Bachelors,0,2,2,2,2.0,0,38,100,2,4,0
79000.0,501.0,0.0,Very_High,2,>400%,1,0,1.0,1.0,1.0,14,35,Employed,Private,56,2,1,1.0,2,1,1,56-65,Married,22.0,1.0,Graduate,0,1,2,1,2.0,1,38,500,2,4,0
65000.0,429.0,0.0,High,1,>400%,1,0,1.0,1.0,1.0,42,30,Employed,Private,60,2,1,1.0,1,1,1,56-65,Married,16.0,1.0,HS_diploma,0,2,2,2,2.0,0,38,400,2,4,0
0.0,120.0,0.0,,1,100-138%,0,0,6.0,1.0,2.0,40,86,Not_in_labor_force,Private,64,2,3,3.0,1,1,1,56-65,Divorced_Separated,18.0,1.0,Some_college,0,2,2,2,2.0,0,38,500,2,4,0
60000.0,501.0,0.0,High,2,>400%,1,0,1.0,1.0,1.0,33,80,Employed,Private,65,2,1,1.0,1,1,1,56-65,Married,20.0,1.0,Some_college,0,2,2,2,2.0,0,38,600,2,4,0
120000.0,501.0,0.0,Very_High,1,>400%,1,0,1.0,1.0,1.0,35,81,Employed,Private,61,2,1,1.0,1,1,1,56-65,Married,21.0,1.0,Bachelors,0,2,2,2,2.0,0,38,300,2,4,0
2000.0,501.0,0.0,Very_Low,1,>400%,1,0,1.0,2.0,1.0,20,91,Employed,Private,24,1,5,1.0,1,1,1,18-25,Never_married,20.0,3.0,Some_college,1,2,2,2,2.0,0,38,300,2,4,0
49000.0,501.0,0.0,Medium,2,>400%,1,0,1.0,2.0,1.0,57,80,Employed,Private,61,2,1,1.0,1,1,1,56-65,Married,16.0,1.0,HS_diploma,0,2,2,2,2.0,0,38,500,2,4,0
85000.0,501.0,12000.0,Very_High,2,>400%,1,1,1.0,1.0,1.0,48,44,Employed,Private,60,1,1,1.0,1,1,1,56-65,Married,16.0,1.0,HS_diploma,0,2,2,2,2.0,0,38,500,2,4,0
5000.0,24.0,0.0,Very_Low,1,<100%,1,0,1.0,1.0,1.0,41,86,Employed,Private,21,2,5,1.0,1,1,1,18-25,Never_married,19.0,2.0,Some_college,1,2,2,2,2.0,0,38,400,2,4,0
0.0,501.0,0.0,,0,>400%,0,0,6.0,1.0,2.0,32,82,Not_in_labor_force,Private,64,2,1,1.0,2,1,1,56-65,Married,20.0,1.0,Some_college,0,2,2,2,2.0,0,38,300,2,4,0
130000.0,501.0,0.0,Very_High,2,>400%,1,0,1.0,5.0,1.0,38,94,Employed,Government,55,1,3,3.0,1,8,1,46-55,Divorced_Separated,18.0,1.0,Some_college,0,2,2,2,2.0,0,38,200,2,4,0
82000.0,501.0,0.0,Very_High,1,>400%,1,0,1.0,1.0,1.0,10,73,Employed,Private,34,1,1,1.0,1,1,1,26-35,Married,21.0,1.0,Bachelors,0,2,2,2,2.0,0,38,600,2,4,0
64000.0,501.0,0.0,High,1,>400%,1,0,1.0,3.0,1.0,23,78,Employed,Government,31,2,1,1.0,1,1,1,26-35,Married,22.0,1.0,Graduate,0,2,2,2,2.0,0,38,600,2,4,0
0.0,501.0,100000.0,,1,>400%,0,1,1.0,6.0,1.0,02,01,Employed,Self_employed,31,1,1,1.0,1,1,1,26-35,Married,16.0,1.0,HS_diploma,0,2,2,2,2.0,0,38,400,2,4,0
0.0,501.0,97000.0,,1,>400%,0,1,1.0,6.0,1.0,02,01,Employed,Self_employed,32,2,1,1.0,1,1,1,26-35,Married,21.0,1.0,Bachelors,0,2,2,2,2.0,0,38,400,2,4,0
0.0,501.0,0.0,,1,>400%,0,0,6.0,1.0,2.0,00,52,Not_in_labor_force,Private,60,1,1,3.0,1,1,1,56-65,Married,20.0,1.0,Some_college,0,2,2,2,2.0,0,38,400,2,4,0
0.0,501.0,150000.0,,2,>400%,0,1,1.0,6.0,1.0,02,01,Employed,Self_employed,57,1,5,1.0,1,1,1,56-65,Never_married,20.0,1.0,Some_college,0,2,2,2,2.0,0,38,400,2,4,0
17000.0,501.0,0.0,Low,1,>400%,1,0,3.0,3.0,1.0,25,78,Unemployed,Government,25,2,5,1.0,1,3,2,18-25,Never_married,19.0,1.0,Some_college,0,2,2,2,2.0,0,38,100,2,4,0
30000.0,501.0,0.0,Low,1,>400%,1,0,1.0,1.0,1.0,36,82,Employed,Private,22,2,5,1.0,1,3,2,18-25,Never_married,18.0,1.0,Some_college,0,2,2,2,2.0,0,38,100,2,4,0
44000.0,286.0,0.0,Medium,1,200-400%,1,0,1.0,4.0,1.0,25,78,Employed,Government,26,2,5,1.0,1,1,1,26-35,Never_married,21.0,1.0,Bachelors,0,2,2,2,2.0,0,38,600,2,4,0
45000.0,292.0,0.0,Medium,1,200-400%,1,0,1.0,1.0,1.0,09,68,Employed,Private,26,1,5,1.0,1,1,1,26-35,Never_married,21.0,1.0,Bachelors,0,2,2,2,2.0,0,38,600,2,4,0
65000.0,501.0,0.0,High,2,>400%,1,0,1.0,7.0,1.0,42,76,Employed,Self_employed,41,1,5,1.0,1,1,1,36-45,Never_married,17.0,1.0,HS_diploma,0,2,2,2,2.0,0,38,600,2,4,0
0.0,501.0,0.0,,2,>400%,0,0,6.0,1.0,2.0,25,78,Not_in_labor_force,Private,64,2,1,1.0,1,1,1,56-65,Married,20.0,1.0,Some_college,0,2,2,2,2.0,0,38,300,2,4,0
27000.0,174.0,0.0,Low,1,138-200%,1,0,1.0,2.0,1.0,20,83,Employed,Private,25,1,5,3.0,1,1,1,18-25,Never_married,21.0,2.0,Bachelors,1,2,2,2,2.0,0,38,500,2,4,0
86000.0,501.0,0.0,Very_High,2,>400%,1,0,1.0,2.0,1.0,96,49,Employed,Private,45,1,5,1.0,1,1,1,36-45,Never_married,16.0,1.0,HS_diploma,0,1,2,2,2.0,1,38,300,2,4,1
30000.0,190.0,0.0,Low,1,138-200%,1,0,1.0,2.0,1.0,54,80,Employed,Private,21,2,5,3.0,1,1,1,18-25,Never_married,16.0,1.0,HS_diploma,0,1,2,2,2.0,1,38,500,2,4,0
0.0,0.0,0.0,,0,,0,0,6.0,1.0,3.0,42,69,Not_in_labor_force,Private,22,1,5,3.0,1,1,1,18-25,Never_married,19.0,2.0,Some_college,1,1,2,2,2.0,1,38,500,2,4,0
15000.0,95.0,0.0,Very_Low,1,<100%,1,0,1.0,1.0,1.0,01,68,Employed,Private,20,2,5,3.0,1,1,1,18-25,Never_married,19.0,2.0,Some_college,1,2,2,2,2.0,0,38,500,2,4,0
55000.0,260.0,1500.0,High,2,200-400%,1,1,1.0,3.0,1.0,23,78,Employed,Government,49,1,1,1.0,1,1,1,46-55,Married,21.0,1.0,Bachelors,0,1,2,2,2.0,1,38,200,2,4,0
0.0,260.0,20600.0,,1,200-400%,0,1,1.0,6.0,1.0,46,84,Employed,Self_employed,45,2,1,1.0,1,1,1,36-45,Married,21.0,1.0,Bachelors,0,2,2,2,2.0,0,38,200,2,4,0
0.0,261.0,0.0,,1,200-400%,0,0,6.0,1.0,3.0,42,69,Not_in_labor_force,Private,58,2,1,1.0,1,1,1,56-65,Married,16.0,1.0,HS_diploma,0,2,2,2,2.0,0,38,400,2,4,0
0.0,261.0,0.0,,1,200-400%,0,0,6.0,1.0,3.0,42,69,Not_in_labor_force,Private,63,1,1,1.0,1,1,1,56-65,Married,21.0,1.0,Bachelors,0,2,2,2,2.0,0,38,400,2,4,0
32800.0,139.0,0.0,Medium,1,138-200%,1,0,1.0,3.0,1.0,23,78,Employed,Government,44,2,3,3.0,1,1,1,36-45,Divorced_Separated,22.0,1.0,Graduate,0,2,2,2,2.0,0,38,200,2,4,0
130000.0,501.0,0.0,Very_High,1,>400%,1,0,1.0,1.0,1.0,94,60,Employed,Private,33,2,1,1.0,1,1,1,26-35,Married,18.0,1.0,Some_college,0,2,2,2,2.0,0,38,400,2,4,0
0.0,501.0,40000.0,,1,>400%,0,1,1.0,6.0,1.0,02,01,Employed,Self_employed,37,1,1,1.0,1,1,1,36-45,Married,19.0,1.0,Some_college,0,2,2,2,2.0,0,38,400,2,4,0
6700.0,501.0,0.0,Very_Low,2,>400%,1,0,1.0,1.0,1.0,51,01,Employed,Private,61,2,2,1.0,1,1,1,56-65,Divorced_Separated,22.0,1.0,Graduate,0,2,2,2,2.0,0,38,400,2,4,0
72000.0,501.0,0.0,High,1,>400%,1,0,1.0,1.0,1.0,08,07,Employed,Private,61,1,3,1.0,1,1,1,56-65,Divorced_Separated,22.0,1.0,Graduate,0,2,2,2,2.0,0,38,400,2,4,0
20000.0,347.0,0.0,Low,1,200-400%,1,0,1.0,1.0,1.0,11,73,Employed,Private,28,1,1,1.0,1,1,1,26-35,Married,20.0,2.0,Some_college,1,2,2,2,2.0,0,38,600,2,4,0
49000.0,347.0,0.0,Medium,1,200-400%,1,0,1.0,1.0,1.0,10,73,Employed,Private,27,2,1,1.0,1,6,1,26-35,Married,16.0,2.0,HS_diploma,1,2,2,2,2.0,0,38,600,2,4,0
0.0,275.0,0.0,,1,200-400%,0,0,6.0,1.0,3.0,42,69,Not_in_labor_force,Private,38,2,1,1.0,1,1,1,36-45,Married,21.0,1.0,Bachelors,0,2,2,2,2.0,0,38,600,2,4,0
48000.0,275.0,48000.0,Medium,2,200-400%,1,1,1.0,7.0,1.0,02,07,Employed,Self_employed,42,1,1,1.0,1,1,1,36-45,Married,18.0,1.0,Some_college,0,2,2,2,2.0,0,38,600,2,4,0
48000.0,303.0,0.0,Medium,1,200-400%,1,0,1.0,2.0,1.0,36,82,Employed,Private,55,2,3,1.0,1,1,1,46-55,Divorced_Separated,20.0,1.0,Some_college,0,2,2,2,2.0,0,38,400,2,4,0
9000.0,208.0,0.0,Very_Low,1,200-400%,1,0,1.0,1.0,1.0,47,53,Employed,Private,31,2,1,1.0,1,1,1,26-35,Married,20.0,1.0,Some_college,0,1,2,2,2.0,1,38,200,2,4,0
40000.0,208.0,0.0,Medium,1,200-400%,1,0,1.0,1.0,1.0,96,53,Employed,Private,34,1,1,1.0,1,1,1,26-35,Married,16.0,1.0,HS_diploma,0,1,2,2,2.0,1,38,200,2,4,0
55000.0,501.0,0.0,High,1,>400%,1,0,1.0,4.0,1.0,06,78,Employed,Government,27,2,1,1.0,1,1,1,26-35,Married,21.0,1.0,Bachelors,0,2,2,2,2.0,0,38,500,2,4,0
40000.0,501.0,0.0,Medium,1,>400%,1,0,1.0,1.0,1.0,91,63,Employed,Private,30,1,1,1.0,1,1,1,26-35,Married,19.0,1.0,Some_college,0,2,2,2,2.0,0,38,500,2,4,0
28000.0,501.0,0.0,Low,1,>400%,1,0,1.0,1.0,1.0,58,79,Employed,Private,27,2,5,1.0,1,1,1,26-35,Never_married,19.0,1.0,Some_college,0,2,2,2,2.0,0,38,500,2,4,0
24000.0,307.0,0.0,Low,1,200-400%,1,0,1.0,1.0,1.0,51,74,Employed,Private,59,2,1,1.0,1,1,1,56-65,Married,19.0,1.0,Some_college,0,2,2,2,2.0,0,38,100,2,4,0
38400.0,307.0,0.0,Medium,1,200-400%,1,0,1.0,7.0,1.0,32,74,Employed,Self_employed,61,1,1,1.0,1,1,1,56-65,Married,23.0,1.0,Graduate,0,2,2,2,2.0,0,38,100,2,4,0
25000.0,163.0,0.0,Low,1,138-200%,1,0,1.0,1.0,1.0,58,21,Employed,Private,60,2,2,1.0,1,1,1,56-65,Divorced_Separated,16.0,1.0,HS_diploma,0,2,2,2,2.0,0,38,600,2,4,0
0.0,501.0,0.0,,1,>400%,0,0,6.0,1.0,3.0,42,69,Not_in_labor_force,Private,50,2,1,1.0,1,1,1,46-55,Married,22.0,1.0,Graduate,0,1,1,2,2.0,1,38,600,2,4,0
30000.0,501.0,0.0,Low,1,>400%,1,0,1.0,7.0,1.0,57,87,Employed,Self_employed,40,2,1,1.0,1,1,1,36-45,Married,17.0,1.0,HS_diploma,0,2,2,2,2.0,0,38,200,2,4,0
30000.0,501.0,0.0,Low,1,>400%,1,0,1.0,7.0,1.0,72,87,Employed,Self_employed,18,1,5,1.0,1,1,1,18-25,Never_married,16.0,1.0,HS_diploma,0,2,2,2,2.0,0,38,200,2,4,0
66000.0,427.0,0.0,High,1,>400%,1,0,1.0,1.0,1.0,47,49,Employed,Private,61,1,3,1.0,1,1,1,56-65,Divorced_Separated,16.0,1.0,HS_diploma,0,2,2,2,2.0,0,38,100,2,4,0
100000.0,412.0,0.0,Very_High,1,>400%,1,0,1.0,4.0,1.0,04,06,Employed,Government,34,1,1,1.0,1,1,1,26-35,Married,21.0,1.0,Bachelors,0,2,2,2,2.0,0,38,500,2,4,0
44000.0,412.0,0.0,Medium,1,>400%,1,0,1.0,3.0,1.0,32,84,Employed,Government,33,2,1,1.0,1,1,1,26-35,Married,21.0,1.0,Bachelors,0,2,2,2,2.0,0,38,500,2,4,0
45000.0,292.0,0.0,Medium,1,200-400%,1,0,1.0,1.0,1.0,14,39,Employed,Private,55,1,3,1.0,1,1,1,46-55,Divorced_Separated,20.0,1.0,Some_college,0,1,2,1,2.0,1,38,400,2,4,0
40000.0,256.0,0.0,Medium,1,200-400%,1,0,4.0,5.0,1.0,71,96,Not_in_labor_force,Government,24,1,3,1.0,1,1,1,18-25,Divorced_Separated,16.0,1.0,HS_diploma,0,2,2,2,2.0,0,38,200,2,4,0
11000.0,54.0,0.0,Very_Low,1,<100%,1,0,1.0,1.0,1.0,91,63,Employed,Private,57,1,1,1.0,2,1,1,56-65,Married,21.0,1.0,Bachelors,0,2,2,2,2.0,0,38,600,2,4,0
0.0,54.0,0.0,,0,<100%,0,0,6.0,1.0,3.0,42,69,Not_in_labor_force,Private,54,2,1,1.0,2,1,1,46-55,Married,19.0,1.0,Some_college,0,2,2,2,2.0,0,38,600,2,4,0
29000.0,473.0,0.0,Low,1,>400%,1,0,1.0,3.0,1.0,25,78,Employed,Government,43,2,1,1.0,1,1,1,36-45,Married,21.0,1.0,Bachelors,0,2,2,2,2.0,0,38,500,2,4,0
70000.0,473.0,0.0,High,1,>400%,1,0,1.0,7.0,1.0,91,61,Employed,Self_employed,53,1,1,1.0,1,1,1,46-55,Married,18.0,1.0,Some_college,0,2,2,2,2.0,0,38,500,2,4,0
10000.0,473.0,0.0,Very_Low,1,>400%,1,0,1.0,2.0,1.0,46,84,Employed,Private,18,2,5,1.0,1,1,1,18-25,Never_married,14.0,2.0,Less_than_HS,1,2,2,2,2.0,0,38,500,2,4,0
35000.0,501.0,30000.0,Medium,2,>400%,1,1,1.0,1.0,1.0,35,79,Employed,Private,57,2,1,1.0,1,1,1,56-65,Married,19.0,1.0,Some_college,0,2,2,2,2.0,0,38,400,2,4,0
67000.0,501.0,0.0,High,1,>400%,1,0,1.0,5.0,1.0,55,63,Employed,Government,53,1,1,1.0,1,1,1,46-55,Married,18.0,1.0,Some_college,0,2,2,2,2.0,0,38,400,2,4,0
6900.0,219.0,0.0,Very_Low,1,200-400%,1,0,1.0,1.0,1.0,34,74,Employed,Private,40,2,1,1.0,1,1,1,36-45,Married,21.0,1.0,Bachelors,0,2,2,2,2.0,0,38,300,2,4,0
60000.0,219.0,0.0,High,1,200-400%,1,0,1.0,1.0,1.0,95,05,Employed,Private,43,1,1,1.0,1,1,1,36-45,Married,20.0,1.0,Some_college,0,2,2,2,2.0,0,38,300,2,4,0
54000.0,351.0,0.0,High,1,200-400%,1,0,4.0,5.0,1.0,71,96,Not_in_labor_force,Government,25,1,5,2.0,1,1,1,18-25,Never_married,16.0,1.0,HS_diploma,0,2,2,2,2.0,0,38,200,2,4,0
0.0,84.0,0.0,,1,<100%,0,0,6.0,1.0,3.0,42,69,Not_in_labor_force,Private,48,1,5,1.0,1,1,1,46-55,Never_married,18.0,1.0,Some_college,0,1,2,2,2.0,1,38,500,2,4,0
0.0,501.0,157000.0,,1,>400%,0,1,6.0,6.0,1.0,02,01,Not_in_labor_force,Self_employed,62,1,1,1.0,1,1,1,56-65,Married,16.0,1.0,HS_diploma,0,2,2,2,2.0,0,38,500,2,4,1
700.0,501.0,0.0,Very_Low,1,>400%,1,0,6.0,2.0,1.0,27,91,Not_in_labor_force,Private,60,2,1,1.0,1,1,1,56-65,Married,16.0,1.0,HS_diploma,0,2,2,2,2.0,0,38,500,2,4,0
10200.0,356.0,0.0,Very_Low,2,200-400%,1,0,1.0,2.0,1.0,62,07,Employed,Private,47,1,5,1.0,1,1,1,46-55,Never_married,16.0,1.0,HS_diploma,0,2,2,2,2.0,0,38,500,2,4,0
57000.0,452.0,0.0,High,3,>400%,1,0,1.0,3.0,1.0,02,78,Employed,Government,51,2,2,1.0,1,1,1,46-55,Divorced_Separated,21.0,1.0,Bachelors,0,2,2,2,2.0,0,38,400,2,4,0
2300.0,452.0,0.0,Very_Low,2,>400%,1,0,1.0,1.0,1.0,91,86,Employed,Private,18,1,5,1.0,1,1,1,18-25,Never_married,16.0,2.0,HS_diploma,1,1,2,2,2.0,1,38,400,2,4,0
52000.0,279.0,0.0,High,1,200-400%,1,0,1.0,3.0,1.0,38,94,Employed,Government,34,1,1,1.0,1,1,1,26-35,Married,21.0,1.0,Bachelors,0,2,2,2,2.0,0,38,100,2,4,0
32000.0,279.0,0.0,Medium,1,200-400%,1,0,1.0,1.0,1.0,36,81,Employed,Private,33,2,1,1.0,1,1,1,26-35,Married,16.0,1.0,HS_diploma,0,2,2,2,2.0,0,38,100,2,4,0
83000.0,501.0,0.0,Very_High,1,>400%,1,0,1.0,1.0,1.0,08,70,Employed,Private,61,2,5,1.0,1,1,1,56-65,Never_married,21.0,1.0,Bachelors,0,2,2,2,2.0,0,38,300,2,4,0
44000.0,418.0,0.0,Medium,1,>400%,1,0,1.0,1.0,1.0,51,85,Employed,Private,44,2,1,1.0,1,1,1,36-45,Married,16.0,1.0,HS_diploma,0,2,2,2,2.0,0,38,400,2,4,0
85000.0,418.0,0.0,Very_High,1,>400%,1,0,1.0,4.0,1.0,67,07,Employed,Government,45,1,1,1.0,1,1,1,36-45,Married,16.0,1.0,HS_diploma,0,2,2,2,2.0,0,38,400,2,4,0
0.0,418.0,0.0,,0,>400%,0,0,6.0,1.0,2.0,96,49,Not_in_labor_force,Private,19,1,5,1.0,1,1,1,18-25,Never_married,16.0,1.0,HS_diploma,0,2,2,2,2.0,0,38,400,2,4,0
45000.0,288.0,0.0,Medium,1,200-400%,1,0,1.0,1.0,1.0,35,07,Employed,Private,21,1,5,3.0,1,1,1,18-25,Never_married,19.0,1.0,Some_college,0,2,2,2,2.0,0,38,500,2,4,0
0.0,0.0,0.0,,0,,0,0,6.0,1.0,3.0,42,69,Not_in_labor_force,Private,21,2,5,3.0,1,1,1,18-25,Never_married,19.0,1.0,Some_college,0,1,2,1,1.0,1,38,500,2,4,0
98000.0,400.0,0.0,Very_High,1,200-400%,1,0,1.0,1.0,1.0,65,28,Employed,Private,31,1,1,1.0,1,1,1,26-35,Married,19.0,1.0,Some_college,0,2,2,2,2.0,0,38,600,2,4,0
45000.0,400.0,0.0,Medium,1,200-400%,1,0,1.0,1.0,1.0,57,49,Employed,Private,29,2,1,1.0,1,1,1,26-35,Married,20.0,1.0,Some_college,0,2,2,2,2.0,0,38,600,2,4,0
91000.0,501.0,0.0,Very_High,1,>400%,1,0,1.0,2.0,1.0,27,78,Employed,Private,43,1,5,1.0,1,1,1,36-45,Never_married,24.0,1.0,Graduate,0,2,2,2,2.0,0,38,300,2,4,0
0.0,234.0,0.0,,2,200-400%,0,0,6.0,6.0,2.0,46,84,Not_in_labor_force,Self_employed,62,2,1,1.0,1,1,1,56-65,Married,15.0,1.0,Less_than_HS,0,2,2,2,2.0,0,38,500,2,4,0
0.0,234.0,0.0,,2,200-400%,0,0,6.0,1.0,2.0,74,05,Not_in_labor_force,Private,63,1,1,1.0,1,1,1,56-65,Married,18.0,1.0,Some_college,0,2,2,2,2.0,0,38,500,2,4,0
60000.0,501.0,0.0,High,2,>400%,1,0,1.0,1.0,1.0,91,61,Employed,Private,57,1,1,1.0,1,1,1,56-65,Married,21.0,1.0,Bachelors,0,2,2,2,2.0,0,38,300,2,4,0
25000.0,501.0,0.0,Low,1,>400%,1,0,1.0,1.0,1.0,54,79,Employed,Private,57,2,1,1.0,1,1,1,56-65,Married,16.0,1.0,HS_diploma,0,2,2,2,2.0,0,38,300,2,4,0
10000.0,501.0,0.0,Very_Low,1,>400%,1,0,1.0,1.0,1.0,42,80,Employed,Private,19,2,5,1.0,1,1,1,18-25,Never_married,18.0,2.0,Some_college,1,2,2,2,2.0,0,38,300,2,4,0
30000.0,418.0,0.0,Low,1,>400%,1,0,1.0,1.0,1.0,58,82,Employed,Private,58,2,1,1.0,1,1,1,56-65,Married,19.0,1.0,Some_college,0,2,2,2,2.0,0,38,400,2,4,0
54000.0,418.0,0.0,High,1,>400%,1,0,1.0,2.0,1.0,42,82,Employed,Private,59,1,1,1.0,1,1,1,56-65,Married,19.0,1.0,Some_college,0,2,2,2,2.0,0,38,400,2,4,0
70000.0,428.0,0.0,High,2,>400%,1,0,4.0,5.0,1.0,08,98,Not_in_labor_force,Government,33,1,1,1.0,1,1,1,26-35,Married,22.0,1.0,Graduate,0,2,2,2,2.0,0,38,300,2,4,0
54000.0,428.0,0.0,High,1,>400%,1,0,1.0,1.0,1.0,09,68,Employed,Private,31,2,1,1.0,1,1,1,26-35,Married,21.0,1.0,Bachelors,0,2,2,2,2.0,0,38,300,2,4,0
55000.0,433.0,0.0,High,1,>400%,1,0,1.0,4.0,1.0,12,93,Employed,Government,28,2,1,1.0,1,1,1,26-35,Married,21.0,1.0,Bachelors,0,2,2,2,2.0,0,38,200,2,4,0
50000.0,433.0,0.0,Medium,1,>400%,1,0,1.0,2.0,1.0,04,83,Employed,Private,30,1,1,1.0,1,1,1,26-35,Married,21.0,1.0,Bachelors,0,2,2,2,2.0,0,38,200,2,4,0
25000.0,119.0,0.0,Low,1,100-138%,1,0,1.0,1.0,1.0,47,45,Employed,Private,29,1,4,3.0,1,1,1,26-35,Divorced_Separated,16.0,1.0,HS_diploma,0,2,2,2,2.0,0,38,400,2,4,0
0.0,0.0,0.0,,0,,0,0,6.0,1.0,2.0,36,81,Not_in_labor_force,Private,22,2,5,1.0,1,1,1,18-25,Never_married,20.0,1.0,Some_college,0,2,2,2,2.0,0,38,400,2,4,0
6000.0,46.0,0.0,Very_Low,1,<100%,1,0,1.0,1.0,1.0,42,76,Employed,Private,47,2,4,1.0,1,1,1,46-55,Divorced_Separated,21.0,1.0,Bachelors,0,2,2,2,2.0,0,38,200,2,4,1
12000.0,76.0,0.0,Very_Low,1,<100%,1,0,1.0,1.0,1.0,96,07,Employed,Private,35,1,3,1.0,1,1,1,26-35,Divorced_Separated,20.0,1.0,Some_college,0,2,2,2,2.0,0,38,500,2,4,0
0.0,501.0,4000.0,,1,>400%,0,1,6.0,6.0,1.0,02,01,Not_in_labor_force,Self_employed,65,2,1,1.0,1,1,1,56-65,Married,21.0,1.0,Bachelors,0,2,2,2,2.0,0,38,400,2,4,0
105000.0,501.0,0.0,Very_High,1,>400%,1,0,1.0,1.0,1.0,02,07,Employed,Private,46,1,1,1.0,1,1,1,46-55,Married,21.0,1.0,Bachelors,0,2,2,2,2.0,0,38,300,2,4,0
84000.0,424.0,0.0,Very_High,1,>400%,1,0,1.0,4.0,1.0,17,74,Employed,Government,46,1,1,3.0,2,1,1,46-55,Married,24.0,1.0,Graduate,0,2,2,2,2.0,0,38,500,2,4,0
16000.0,424.0,0.0,Low,1,>400%,1,0,1.0,1.0,1.0,96,53,Employed,Private,42,2,1,3.0,2,1,1,36-45,Married,19.0,2.0,Some_college,1,2,2,2,2.0,0,38,500,2,4,0
72000.0,406.0,0.0,High,1,>400%,1,0,1.0,1.0,1.0,91,63,Employed,Private,51,1,3,1.0,1,1,1,46-55,Divorced_Separated,16.0,1.0,HS_diploma,0,2,2,2,2.0,0,38,200,2,4,0
10000.0,406.0,0.0,Very_Low,1,>400%,1,0,1.0,3.0,1.0,25,78,Employed,Government,21,1,5,1.0,1,1,1,18-25,Never_married,16.0,2.0,HS_diploma,1,2,2,2,2.0,0,38,200,2,4,0
0.0,431.0,0.0,,1,>400%,0,0,6.0,1.0,3.0,42,69,Not_in_labor_force,Private,61,2,1,1.0,1,1,1,56-65,Married,16.0,1.0,HS_diploma,0,2,2,2,2.0,0,38,300,2,4,0
0.0,431.0,0.0,,1,>400%,0,0,6.0,1.0,3.0,42,69,Not_in_labor_force,Private,64,1,1,1.0,1,1,1,56-65,Married,20.0,1.0,Some_college,0,2,2,2,2.0,0,38,300,2,4,0
76000.0,501.0,0.0,Very_High,1,>400%,1,0,1.0,7.0,1.0,01,86,Employed,Self_employed,34,2,1,1.0,1,1,1,26-35,Married,21.0,1.0,Bachelors,0,2,2,2,2.0,0,38,600,2,4,0
120000.0,501.0,0.0,Very_High,1,>400%,1,0,1.0,7.0,1.0,02,07,Employed,Self_employed,36,1,1,1.0,1,1,1,36-45,Married,20.0,1.0,Some_college,0,2,2,2,2.0,0,38,600,2,4,0
15000.0,365.0,0.0,Very_Low,2,200-400%,1,0,1.0,1.0,1.0,47,49,Employed,Private,65,2,1,1.0,1,1,1,56-65,Married,20.0,1.0,Some_college,0,2,2,2,2.0,0,38,600,2,4,0
40000.0,365.0,0.0,Medium,1,200-400%,1,0,6.0,1.0,1.0,91,61,Not_in_labor_force,Private,64,1,1,1.0,1,1,1,56-65,Married,16.0,1.0,HS_diploma,0,2,2,2,2.0,0,38,600,2,4,0
96000.0,501.0,0.0,Very_High,1,>400%,1,0,1.0,1.0,1.0,21,72,Employed,Private,27,1,5,1.0,1,1,1,26-35,Never_married,23.0,1.0,Graduate,0,2,2,2,2.0,0,38,600,2,4,0
65000.0,501.0,0.0,High,1,>400%,1,0,1.0,1.0,1.0,32,81,Employed,Private,25,1,5,1.0,1,1,1,18-25,Never_married,21.0,1.0,Bachelors,0,2,2,2,2.0,0,38,600,2,4,0
90000.0,501.0,0.0,Very_High,1,>400%,1,0,1.0,1.0,1.0,48,69,Employed,Private,28,1,5,1.0,1,1,1,26-35,Never_married,21.0,1.0,Bachelors,0,2,2,2,2.0,0,38,600,2,4,0
56000.0,446.0,0.0,High,1,>400%,1,0,1.0,1.0,1.0,32,69,Employed,Private,33,2,1,1.0,1,1,1,26-35,Married,20.0,1.0,Some_college,0,2,2,2,2.0,0,38,300,2,4,0
80000.0,446.0,0.0,Very_High,1,>400%,1,0,1.0,1.0,1.0,92,60,Employed,Private,33,1,1,1.0,1,1,1,26-35,Married,19.0,1.0,Some_college,0,2,2,2,2.0,0,38,300,2,4,0
100000.0,501.0,0.0,Very_High,1,>400%,1,0,1.0,1.0,1.0,15,05,Employed,Private,30,1,5,1.0,1,1,1,26-35,Never_married,21.0,1.0,Bachelors,0,2,2,2,2.0,0,38,300,2,4,0
30000.0,255.0,0.0,Low,1,200-400%,1,0,1.0,3.0,1.0,90,56,Employed,Government,52,2,1,1.0,1,3,1,46-55,Married,19.0,1.0,Some_college,0,2,2,2,2.0,0,38,500,2,4,0
20000.0,255.0,0.0,Low,1,200-400%,1,0,1.0,3.0,1.0,63,07,Employed,Government,47,1,1,1.0,1,3,1,46-55,Married,16.0,1.0,HS_diploma,0,2,2,2,2.0,0,38,500,2,4,0
75000.0,478.0,0.0,High,1,>400%,1,0,1.0,1.0,1.0,08,61,Employed,Private,29,1,5,3.0,1,1,1,26-35,Never_married,21.0,1.0,Bachelors,0,2,2,2,2.0,0,38,600,2,4,0
60000.0,382.0,0.0,High,1,200-400%,1,0,1.0,1.0,1.0,18,80,Employed,Private,29,2,5,3.0,1,9,2,26-35,Never_married,24.0,1.0,Graduate,0,2,2,2,2.0,0,38,600,2,4,0
27000.0,501.0,0.0,Low,1,>400%,1,0,1.0,1.0,1.0,32,80,Employed,Private,46,2,1,1.0,1,1,1,46-55,Married,20.0,1.0,Some_college,0,2,2,2,2.0,0,38,600,2,4,0
78000.0,501.0,0.0,Very_High,1,>400%,1,0,1.0,2.0,1.0,62,07,Employed,Private,54,1,1,1.0,1,1,1,46-55,Married,15.0,2.0,Less_than_HS,1,2,2,2,2.0,0,38,600,2,4,0
0.0,323.0,0.0,,2,200-400%,0,0,6.0,1.0,3.0,42,69,Not_in_labor_force,Private,62,1,5,1.0,1,1,1,56-65,Never_married,16.0,1.0,HS_diploma,0,2,2,2,2.0,0,38,200,2,4,0
140000.0,501.0,0.0,Very_High,1,>400%,1,0,1.0,1.0,1.0,05,68,Employed,Private,48,2,1,1.0,1,1,1,46-55,Married,20.0,1.0,Some_college,0,2,2,2,2.0,0,38,500,2,4,0
110000.0,501.0,0.0,Very_High,1,>400%,1,0,1.0,5.0,1.0,04,95,Employed,Government,50,1,1,1.0,1,1,1,46-55,Married,16.0,1.0,HS_diploma,0,2,2,2,2.0,0,38,500,2,4,0
31300.0,311.0,0.0,Medium,1,200-400%,1,0,1.0,1.0,1.0,54,40,Employed,Private,51,2,1,1.0,1,1,1,46-55,Married,16.0,1.0,HS_diploma,0,2,2,2,2.0,0,38,400,2,4,0
42400.0,311.0,0.0,Medium,1,200-400%,1,0,1.0,3.0,1.0,67,07,Employed,Government,53,1,1,1.0,1,1,1,46-55,Married,16.0,1.0,HS_diploma,0,2,2,2,2.0,0,38,400,2,4,0
75000.0,285.0,0.0,High,1,200-400%,1,0,4.0,5.0,1.0,98,96,Not_in_labor_force,Government,38,1,1,1.0,1,1,1,36-45,Married,20.0,1.0,Some_college,0,2,2,2,2.0,0,38,200,2,4,0
11000.0,285.0,0.0,Very_Low,1,200-400%,1,0,1.0,3.0,1.0,25,78,Employed,Government,37,2,1,1.0,1,1,1,36-45,Married,20.0,1.0,Some_college,0,2,2,2,2.0,0,38,200,2,4,0
34000.0,218.0,0.0,Medium,1,200-400%,1,0,1.0,1.0,1.0,91,30,Employed,Private,52,1,5,1.0,1,1,1,46-55,Never_married,19.0,1.0,Some_college,0,2,2,2,2.0,0,38,400,2,4,0
55000.0,359.0,0.0,High,1,200-400%,1,0,1.0,3.0,1.0,67,06,Employed,Government,49,1,5,1.0,1,9,1,46-55,Never_married,21.0,1.0,Bachelors,0,2,2,2,2.0,0,38,200,2,4,0
40000.0,210.0,-6700.0,Medium,1,200-400%,1,0,1.0,1.0,1.0,04,77,Employed,Private,24,1,5,1.0,1,1,1,18-25,Never_married,19.0,2.0,Some_college,1,2,2,2,2.0,0,38,600,2,4,0
50000.0,316.0,0.0,Medium,1,200-400%,1,0,1.0,1.0,1.0,06,22,Employed,Private,25,2,5,1.0,1,1,1,18-25,Never_married,19.0,2.0,Some_college,1,2,2,2,2.0,0,38,600,2,4,0
2000.0,12.0,0.0,Very_Low,1,<100%,1,0,1.0,1.0,1.0,42,46,Employed,Private,26,2,5,1.0,1,1,1,26-35,Never_married,16.0,1.0,HS_diploma,0,2,2,2,2.0,0,38,600,2,4,0
110000.0,501.0,0.0,Very_High,1,>400%,1,0,1.0,4.0,1.0,22,78,Employed,Government,25,1,1,1.0,1,9,4,18-25,Married,21.0,2.0,Bachelors,1,2,2,2,2.0,0,38,600,2,4,0
60000.0,501.0,40000.0,High,3,>400%,1,1,1.0,1.0,1.0,48,40,Employed,Private,36,1,1,1.0,1,1,1,36-45,Married,21.0,1.0,Bachelors,0,2,2,2,2.0,0,38,200,2,4,0
70000.0,501.0,0.0,High,1,>400%,1,0,1.0,1.0,1.0,53,68,Employed,Private,36,2,1,1.0,1,9,2,36-45,Married,22.0,1.0,Graduate,0,2,2,2,2.0,0,38,200,2,4,0
14300.0,239.0,0.0,Very_Low,2,200-400%,1,0,1.0,1.0,1.0,36,81,Employed,Private,57,2,5,1.0,1,1,1,56-65,Never_married,20.0,1.0,Some_college,0,1,2,2,2.0,1,38,600,2,4,0
150000.0,370.0,0.0,Very_High,1,200-400%,1,0,1.0,1.0,1.0,60,01,Employed,Private,41,1,1,1.0,1,1,1,36-45,Married,21.0,2.0,Bachelors,1,2,2,2,2.0,0,38,400,2,4,0
0.0,370.0,0.0,,0,200-400%,0,0,6.0,1.0,3.0,42,69,Not_in_labor_force,Private,42,2,1,1.0,1,1,1,36-45,Married,21.0,1.0,Bachelors,0,2,2,2,2.0,0,38,400,2,4,0
62000.0,501.0,0.0,High,1,>400%,1,0,1.0,3.0,1.0,23,78,Employed,Government,50,2,1,1.0,1,1,1,46-55,Married,24.0,1.0,Graduate,0,2,2,2,2.0,0,38,600,2,4,0
70000.0,501.0,0.0,High,1,>400%,1,0,1.0,1.0,1.0,10,66,Employed,Private,50,1,1,1.0,1,1,1,46-55,Married,19.0,1.0,Some_college,0,2,2,2,2.0,0,38,600,2,4,0
72000.0,472.0,0.0,High,1,>400%,1,0,1.0,5.0,1.0,16,95,Employed,Government,42,1,1,1.0,1,1,1,36-45,Married,21.0,1.0,Bachelors,0,2,2,2,2.0,0,38,400,2,4,0
70000.0,472.0,0.0,High,1,>400%,1,0,1.0,4.0,1.0,32,94,Employed,Government,32,2,1,1.0,1,1,1,26-35,Married,20.0,1.0,Some_college,0,2,2,2,2.0,0,38,400,2,4,0
26000.0,129.0,0.0,Low,1,100-138%,1,0,1.0,2.0,1.0,55,83,Employed,Private,28,1,1,1.0,1,1,1,26-35,Married,18.0,1.0,Some_college,0,2,2,2,2.0,0,38,400,2,4,1
0.0,129.0,0.0,,0,100-138%,0,0,6.0,2.0,2.0,40,85,Not_in_labor_force,Private,25,2,1,1.0,1,3,1,18-25,Married,19.0,1.0,Some_college,0,2,2,2,2.0,0,38,400,2,4,1
0.0,396.0,80000.0,,1,200-400%,0,1,1.0,6.0,1.0,02,01,Employed,Self_employed,61,1,1,1.0,1,1,1,56-65,Married,21.0,1.0,Bachelors,0,2,2,2,2.0,0,38,500,2,4,0
0.0,396.0,0.0,,0,200-400%,0,0,6.0,1.0,3.0,42,69,Not_in_labor_force,Private,61,2,1,1.0,1,1,1,56-65,Married,21.0,1.0,Bachelors,0,2,2,2,2.0,0,38,500,2,4,0
86000.0,423.0,0.0,Very_High,1,>400%,1,0,1.0,1.0,1.0,81,10,Employed,Private,45,1,5,1.0,1,1,1,36-45,Never_married,17.0,1.0,HS_diploma,0,2,2,2,2.0,0,38,500,2,4,0
16000.0,101.0,0.0,Low,1,100-138%,1,0,1.0,2.0,1.0,46,84,Employed,Private,50,2,5,1.0,1,1,1,46-55,Never_married,16.0,1.0,HS_diploma,0,2,2,2,2.0,0,38,500,2,4,1
17000.0,423.0,0.0,Low,1,>400%,1,0,1.0,1.0,1.0,81,28,Employed,Private,18,1,5,1.0,1,1,1,18-25,Never_married,18.0,2.0,Some_college,1,2,2,2,2.0,0,38,500,2,4,0
52000.0,501.0,0.0,High,2,>400%,1,0,1.0,1.0,1.0,47,48,Employed,Private,55,1,1,1.0,1,1,1,46-55,Married,20.0,1.0,Some_college,0,2,2,2,2.0,0,38,100,2,4,0
61000.0,501.0,860.0,High,2,>400%,1,1,1.0,4.0,1.0,52,93,Employed,Government,53,2,1,1.0,1,1,1,46-55,Married,18.0,1.0,Some_college,0,2,2,2,2.0,0,38,100,2,4,0
14400.0,282.0,0.0,Very_Low,1,200-400%,1,0,1.0,1.0,1.0,04,73,Employed,Private,27,2,1,1.0,1,1,1,26-35,Married,17.0,1.0,HS_diploma,0,2,2,2,2.0,0,38,200,2,4,0
42000.0,282.0,0.0,Medium,1,200-400%,1,0,1.0,3.0,1.0,23,78,Employed,Government,31,1,1,1.0,1,1,1,26-35,Married,21.0,1.0,Bachelors,0,2,2,2,2.0,0,38,200,2,4,0
60000.0,392.0,0.0,High,1,200-400%,1,0,1.0,1.0,1.0,64,07,Employed,Private,37,1,4,1.0,1,3,1,36-45,Divorced_Separated,16.0,1.0,HS_diploma,0,2,2,2,2.0,0,38,100,2,4,0
0.0,101.0,0.0,,1,100-138%,0,0,6.0,1.0,3.0,42,69,Not_in_labor_force,Private,64,1,5,1.0,1,1,1,56-65,Never_married,18.0,1.0,Some_college,0,1,2,2,1.0,1,38,100,2,4,0
60000.0,419.0,0.0,High,1,>400%,1,0,1.0,1.0,1.0,13,07,Employed,Private,60,1,1,1.0,1,1,1,56-65,Married,21.0,1.0,Bachelors,0,2,2,2,2.0,0,38,300,2,4,0
76000.0,489.0,0.0,Very_High,1,>400%,1,0,1.0,5.0,1.0,51,95,Employed,Government,51,1,1,1.0,1,1,1,46-55,Married,19.0,3.0,Some_college,1,1,1,2,2.0,1,38,300,2,4,0
0.0,489.0,3000.0,,1,>400%,0,1,6.0,6.0,1.0,46,84,Not_in_labor_force,Self_employed,51,2,1,1.0,1,1,1,46-55,Married,21.0,3.0,Bachelors,1,1,2,2,1.0,1,38,300,2,4,0
26000.0,489.0,0.0,Low,1,>400%,1,0,1.0,2.0,1.0,46,83,Employed,Private,25,2,5,1.0,1,1,1,18-25,Never_married,21.0,1.0,Bachelors,0,2,2,2,2.0,0,38,300,2,4,0
89000.0,492.0,0.0,Very_High,1,>400%,1,0,1.0,1.0,1.0,10,35,Employed,Private,37,1,1,3.0,1,1,1,36-45,Married,19.0,1.0,Some_college,0,2,2,2,2.0,0,38,400,2,4,0
58000.0,492.0,0.0,High,1,>400%,1,0,1.0,2.0,1.0,06,83,Employed,Private,33,2,1,3.0,1,1,1,26-35,Married,20.0,1.0,Some_college,0,2,2,2,2.0,0,38,400,2,4,0
78000.0,501.0,0.0,Very_High,1,>400%,1,0,1.0,1.0,1.0,46,84,Employed,Private,61,2,1,1.0,1,1,1,56-65,Married,20.0,1.0,Some_college,0,2,2,2,2.0,0,38,600,2,4,0
70000.0,501.0,0.0,High,1,>400%,1,0,1.0,3.0,1.0,67,07,Employed,Government,57,1,1,1.0,1,1,1,56-65,Married,19.0,1.0,Some_college,0,2,2,2,2.0,0,38,600,2,4,0
70000.0,341.0,0.0,High,1,200-400%,1,0,1.0,7.0,1.0,02,02,Employed,Self_employed,48,1,1,1.0,1,1,1,46-55,Married,19.0,1.0,Some_college,0,2,2,2,2.0,0,38,400,2,4,0
28000.0,341.0,0.0,Low,2,200-400%,1,0,1.0,1.0,1.0,58,69,Employed,Private,40,2,1,1.0,1,1,1,36-45,Married,19.0,1.0,Some_college,0,2,2,2,2.0,0,38,400,2,4,0
116000.0,501.0,0.0,Very_High,2,>400%,1,0,1.0,1.0,1.0,05,01,Employed,Private,61,1,3,3.0,1,1,1,56-65,Divorced_Separated,18.0,1.0,Some_college,0,2,2,2,2.0,0,38,500,2,4,0
50000.0,328.0,0.0,Medium,1,200-400%,1,0,1.0,1.0,1.0,10,44,Employed,Private,28,1,5,3.0,1,1,1,26-35,Never_married,20.0,1.0,Some_college,0,2,2,2,2.0,0,38,600,2,4,0
0.0,273.0,80000.0,,1,200-400%,0,1,1.0,6.0,1.0,62,07,Employed,Self_employed,38,1,1,1.0,1,1,1,36-45,Married,20.0,1.0,Some_college,0,2,2,2,2.0,0,38,200,2,4,0
14000.0,273.0,0.0,Very_Low,1,200-400%,1,0,1.0,2.0,1.0,50,81,Employed,Private,38,2,1,1.0,1,9,1,36-45,Married,19.0,1.0,Some_college,0,2,2,2,2.0,0,38,200,2,4,0
60000.0,381.0,0.0,High,1,200-400%,1,0,1.0,3.0,1.0,23,78,Employed,Government,49,2,3,1.0,1,1,1,46-55,Divorced_Separated,22.0,2.0,Graduate,1,2,2,2,2.0,0,38,400,2,4,0
72000.0,501.0,0.0,High,1,>400%,1,0,1.0,5.0,1.0,55,63,Employed,Government,46,2,1,1.0,1,1,1,46-55,Married,16.0,1.0,HS_diploma,0,1,1,2,2.0,1,38,200,2,4,0
38000.0,501.0,0.0,Medium,1,>400%,1,0,1.0,1.0,1.0,81,30,Employed,Private,52,1,1,1.0,1,1,1,46-55,Married,19.0,1.0,Some_college,0,1,1,2,2.0,1,38,200,2,4,0
0.0,501.0,0.0,,0,>400%,0,0,6.0,1.0,3.0,42,69,Not_in_labor_force,Private,64,2,1,1.0,1,1,1,56-65,Married,21.0,1.0,Bachelors,0,2,2,2,2.0,0,38,100,2,4,0
0.0,7.0,1000.0,,2,<100%,0,1,1.0,6.0,1.0,02,01,Employed,Self_employed,60,1,3,2.0,1,1,1,56-65,Divorced_Separated,16.0,1.0,HS_diploma,0,2,2,2,2.0,0,38,300,2,4,0
0.0,260.0,0.0,,1,200-400%,0,0,6.0,7.0,2.0,91,07,Not_in_labor_force,Self_employed,62,1,1,1.0,1,1,1,56-65,Married,19.0,1.0,Some_college,0,2,2,2,2.0,0,38,400,2,4,0
45000.0,260.0,0.0,Medium,1,200-400%,1,0,1.0,2.0,1.0,36,83,Employed,Private,62,2,1,1.0,1,1,1,56-65,Married,16.0,1.0,HS_diploma,0,2,2,2,2.0,0,38,400,2,4,0
15000.0,380.0,0.0,Very_Low,1,200-400%,1,0,6.0,7.0,1.0,57,07,Not_in_labor_force,Self_employed,44,2,1,1.0,1,1,1,36-45,Married,18.0,1.0,Some_college,0,2,2,2,2.0,0,38,400,2,4,0
100000.0,380.0,0.0,Very_High,1,200-400%,1,0,6.0,7.0,1.0,62,07,Not_in_labor_force,Self_employed,51,1,1,1.0,1,1,1,46-55,Married,16.0,1.0,HS_diploma,0,2,2,2,2.0,0,38,400,2,4,0
22000.0,380.0,0.0,Low,1,200-400%,1,0,6.0,1.0,1.0,62,07,Not_in_labor_force,Private,21,1,5,1.0,1,1,1,18-25,Never_married,19.0,2.0,Some_college,1,2,2,2,2.0,0,38,400,2,4,0
12000.0,71.0,0.0,Very_Low,1,<100%,1,0,1.0,1.0,1.0,32,81,Employed,Private,22,2,5,3.0,1,1,1,18-25,Never_married,19.0,2.0,Some_college,1,2,2,2,2.0,0,38,500,2,4,0
15000.0,178.0,0.0,Very_Low,1,138-200%,1,0,1.0,5.0,1.0,36,81,Employed,Government,22,2,1,3.0,1,1,1,18-25,Married,16.0,2.0,HS_diploma,1,2,2,2,2.0,0,38,300,2,4,1
40000.0,178.0,0.0,Medium,1,138-200%,1,0,1.0,2.0,1.0,88,06,Employed,Private,24,1,1,3.0,1,1,1,18-25,Married,20.0,1.0,Some_college,0,2,2,2,2.0,0,38,300,2,4,0
98000.0,501.0,0.0,Very_High,1,>400%,1,0,1.0,2.0,1.0,32,81,Employed,Private,47,2,3,1.0,1,1,1,46-55,Divorced_Separated,21.0,1.0,Bachelors,0,2,2,2,2.0,0,38,200,2,4,0
100000.0,501.0,0.0,Very_High,1,>400%,1,0,1.0,1.0,1.0,70,66,Employed,Private,49,1,3,1.0,1,1,1,46-55,Divorced_Separated,19.0,1.0,Some_college,0,2,2,2,2.0,0,38,200,2,4,0
55000.0,501.0,0.0,High,1,>400%,1,0,1.0,2.0,1.0,32,81,Employed,Private,23,2,5,1.0,1,1,1,18-25,Never_married,21.0,1.0,Bachelors,0,2,2,2,2.0,0,38,200,2,4,0
24800.0,119.0,0.0,Low,1,100-138%,1,0,1.0,1.0,1.0,33,81,Employed,Private,39,2,3,1.0,1,1,1,36-45,Divorced_Separated,20.0,1.0,Some_college,0,2,2,2,2.0,0,38,300,2,4,0
140000.0,501.0,5000.0,Very_High,2,>400%,1,1,1.0,1.0,1.0,01,69,Employed,Private,31,1,5,1.0,1,1,1,26-35,Never_married,22.0,1.0,Graduate,0,2,2,2,2.0,0,38,600,2,4,0
28800.0,467.0,7800.0,Low,2,>400%,1,1,1.0,1.0,1.0,40,86,Employed,Private,24,2,1,1.0,1,1,1,18-25,Married,16.0,1.0,HS_diploma,0,2,2,2,2.0,0,38,400,2,4,0
75000.0,467.0,0.0,High,1,>400%,1,0,1.0,1.0,1.0,03,86,Employed,Private,33,1,1,1.0,1,1,1,26-35,Married,16.0,1.0,HS_diploma,0,2,2,2,2.0,0,38,400,2,4,0
100000.0,501.0,0.0,Very_High,1,>400%,1,0,1.0,1.0,1.0,68,03,Employed,Private,34,1,1,1.0,1,1,1,26-35,Married,16.0,1.0,HS_diploma,0,2,2,2,2.0,0,38,300,2,4,0
50000.0,501.0,0.0,Medium,1,>400%,1,0,1.0,3.0,1.0,51,93,Employed,Government,32,2,1,1.0,1,1,1,26-35,Married,19.0,1.0,Some_college,0,2,2,2,2.0,0,38,300,2,4,0
7000.0,44.0,0.0,Very_Low,1,<100%,1,0,2.0,1.0,1.0,40,86,Employed,Private,20,2,5,3.0,1,1,1,18-25,Never_married,19.0,2.0,Some_college,1,2,2,2,2.0,0,38,600,2,4,0
24000.0,152.0,0.0,Low,1,138-200%,1,0,1.0,1.0,1.0,51,68,Employed,Private,24,1,5,3.0,1,1,1,18-25,Never_married,19.0,2.0,Some_college,1,2,2,2,2.0,0,38,600,2,4,1
0.0,0.0,0.0,,0,,0,0,6.0,5.0,2.0,36,94,Not_in_labor_force,Government,30,2,5,1.0,1,1,1,26-35,Never_married,16.0,1.0,HS_diploma,0,2,2,2,2.0,0,38,400,2,4,1
35000.0,224.0,0.0,Medium,1,200-400%,1,0,1.0,1.0,1.0,62,07,Employed,Private,44,1,5,1.0,1,1,1,36-45,Never_married,17.0,1.0,HS_diploma,0,2,2,2,2.0,0,38,400,2,4,1
74000.0,404.0,0.0,High,2,>400%,1,0,1.0,1.0,1.0,86,60,Employed,Private,60,1,3,1.0,1,1,1,56-65,Divorced_Separated,13.0,1.0,Less_than_HS,0,2,2,2,2.0,0,38,100,2,4,0
0.0,404.0,0.0,,0,>400%,0,0,6.0,1.0,3.0,42,69,Not_in_labor_force,Private,22,1,5,1.0,1,1,1,18-25,Never_married,21.0,2.0,Bachelors,1,2,2,2,2.0,0,38,100,2,4,0
125000.0,501.0,0.0,Very_High,1,>400%,1,0,1.0,1.0,1.0,81,03,Employed,Private,41,1,1,1.0,1,1,1,36-45,Married,20.0,1.0,Some_college,0,2,2,2,2.0,0,38,300,2,4,0
25000.0,501.0,0.0,Low,1,>400%,1,0,1.0,1.0,1.0,40,78,Employed,Private,32,2,1,1.0,1,1,1,26-35,Married,20.0,1.0,Some_college,0,2,2,2,2.0,0,38,300,2,4,0
85000.0,410.0,0.0,Very_High,1,>400%,1,0,1.0,2.0,1.0,26,81,Employed,Private,38,2,5,1.0,1,1,1,36-45,Never_married,20.0,1.0,Some_college,0,2,2,2,2.0,0,38,500,2,4,0
48000.0,501.0,0.0,Medium,1,>400%,1,0,1.0,1.0,1.0,50,74,Employed,Private,38,2,1,1.0,1,1,1,36-45,Married,19.0,1.0,Some_college,0,2,2,2,2.0,0,38,400,2,4,0
73000.0,501.0,0.0,High,1,>400%,1,0,1.0,3.0,1.0,77,06,Employed,Government,42,1,1,1.0,1,1,1,36-45,Married,16.0,1.0,HS_diploma,0,2,2,2,2.0,0,38,400,2,4,0
56000.0,501.0,0.0,High,1,>400%,1,0,1.0,2.0,1.0,23,78,Employed,Private,37,2,1,3.0,1,1,1,36-45,Married,21.0,1.0,Bachelors,0,2,2,2,2.0,0,38,100,2,4,0
125000.0,501.0,0.0,Very_High,1,>400%,1,0,1.0,1.0,1.0,04,02,Employed,Private,45,1,1,3.0,1,1,1,36-45,Married,22.0,1.0,Graduate,0,2,2,2,2.0,0,38,100,2,4,0
34000.0,373.0,0.0,Medium,1,200-400%,1,0,1.0,1.0,1.0,58,44,Employed,Private,52,2,3,3.0,1,1,1,46-55,Divorced_Separated,19.0,1.0,Some_college,0,2,2,2,2.0,0,38,100,2,4,0
45000.0,294.0,0.0,Medium,1,200-400%,1,0,1.0,1.0,1.0,36,81,Employed,Private,58,2,5,1.0,1,1,1,56-65,Never_married,19.0,1.0,Some_college,0,2,2,2,2.0,0,38,100,2,4,0
21000.0,501.0,0.0,Low,1,>400%,1,0,1.0,1.0,1.0,60,01,Employed,Private,65,2,1,1.0,1,1,1,56-65,Married,18.0,1.0,Some_college,0,2,2,2,2.0,0,38,200,2,4,0
45000.0,314.0,0.0,Medium,1,200-400%,1,0,1.0,1.0,1.0,35,81,Employed,Private,44,2,1,1.0,1,1,1,36-45,Married,20.0,1.0,Some_college,0,2,2,2,2.0,0,38,400,2,4,0
45000.0,314.0,0.0,Medium,1,200-400%,1,0,1.0,1.0,1.0,96,39,Employed,Private,47,1,1,1.0,1,1,1,46-55,Married,16.0,1.0,HS_diploma,0,2,2,2,2.0,0,38,400,2,4,0
100000.0,501.0,7400.0,Very_High,2,>400%,1,1,1.0,1.0,1.0,47,48,Employed,Private,59,1,1,1.0,1,1,1,56-65,Married,16.0,1.0,HS_diploma,0,2,2,2,2.0,0,38,500,2,4,0
45000.0,501.0,0.0,Medium,1,>400%,1,0,1.0,3.0,1.0,21,72,Employed,Government,52,2,1,1.0,1,1,1,46-55,Married,20.0,1.0,Some_college,0,2,2,2,2.0,0,38,500,2,4,0
44200.0,501.0,0.0,Medium,1,>400%,1,0,1.0,7.0,1.0,02,01,Employed,Self_employed,54,2,1,1.0,1,1,1,46-55,Married,19.0,1.0,Some_college,0,2,2,2,2.0,0,38,400,2,4,0
15400.0,501.0,0.0,Low,2,>400%,1,0,1.0,1.0,1.0,96,53,Employed,Private,28,2,5,1.0,1,9,1,26-35,Never_married,20.0,1.0,Some_college,0,2,2,2,2.0,0,38,400,2,4,0
20000.0,130.0,0.0,Low,1,100-138%,1,0,1.0,1.0,1.0,90,50,Employed,Private,50,1,5,1.0,1,1,1,46-55,Never_married,20.0,1.0,Some_college,0,2,2,2,2.0,0,38,500,2,4,0
45000.0,213.0,0.0,Medium,2,200-400%,1,0,1.0,2.0,1.0,51,66,Employed,Private,45,2,3,1.0,1,1,1,36-45,Divorced_Separated,20.0,1.0,Some_college,0,1,1,2,2.0,1,38,600,2,4,0
57000.0,364.0,0.0,High,1,200-400%,1,0,1.0,1.0,1.0,52,57,Employed,Private,63,1,3,1.0,1,1,1,56-65,Divorced_Separated,20.0,1.0,Some_college,0,2,2,2,2.0,0,38,600,2,4,0
50000.0,261.0,0.0,Medium,1,200-400%,1,0,1.0,1.0,1.0,73,69,Employed,Private,56,1,1,1.0,2,1,1,56-65,Married,15.0,1.0,Less_than_HS,0,2,2,2,2.0,0,38,200,2,4,0
117000.0,501.0,0.0,Very_High,3,>400%,1,0,1.0,5.0,1.0,20,81,Employed,Government,40,2,1,1.0,1,3,1,36-45,Married,22.0,1.0,Graduate,0,2,2,2,2.0,0,38,400,2,4,0
54000.0,501.0,0.0,High,2,>400%,1,0,1.0,1.0,1.0,63,07,Employed,Private,46,1,1,1.0,1,3,1,46-55,Married,21.0,1.0,Bachelors,0,2,2,2,2.0,0,38,400,2,4,0
4000.0,501.0,0.0,Very_Low,2,>400%,1,0,1.0,4.0,1.0,93,78,Employed,Government,20,1,5,1.0,1,3,1,18-25,Never_married,19.0,2.0,Some_college,1,1,2,2,2.0,1,38,400,2,4,0
0.0,458.0,49000.0,,1,>400%,0,1,1.0,6.0,1.0,02,01,Employed,Self_employed,32,1,1,1.0,1,1,1,26-35,Married,16.0,1.0,HS_diploma,0,2,2,2,2.0,0,38,100,2,4,0
91000.0,458.0,0.0,Very_High,1,>400%,1,0,1.0,1.0,1.0,51,68,Employed,Private,28,2,1,1.0,1,1,1,26-35,Married,21.0,1.0,Bachelors,0,2,2,2,2.0,0,38,100,2,4,0
30000.0,203.0,1000.0,Low,2,200-400%,1,1,1.0,6.0,1.0,02,01,Employed,Self_employed,51,2,1,1.0,1,1,1,46-55,Married,21.0,2.0,Bachelors,1,2,2,2,2.0,0,38,400,2,4,0
0.0,203.0,10000.0,,1,200-400%,0,1,1.0,6.0,1.0,02,01,Employed,Self_employed,54,1,1,1.0,1,1,1,46-55,Married,22.0,2.0,Graduate,1,2,2,2,2.0,0,38,400,2,4,0
48500.0,387.0,0.0,Medium,1,200-400%,1,0,1.0,5.0,1.0,21,72,Employed,Government,61,2,1,1.0,1,3,1,56-65,Married,20.0,1.0,Some_college,0,2,2,2,2.0,0,38,400,2,4,0
50000.0,387.0,0.0,Medium,1,200-400%,1,0,1.0,1.0,1.0,47,46,Employed,Private,55,1,1,1.0,1,1,1,46-55,Married,16.0,1.0,HS_diploma,0,2,2,2,2.0,0,38,400,2,4,0
25000.0,387.0,0.0,Low,1,200-400%,1,0,6.0,1.0,1.0,40,86,Not_in_labor_force,Private,22,1,5,1.0,1,3,1,18-25,Never_married,13.0,1.0,Less_than_HS,0,2,2,2,2.0,0,38,400,2,4,1
52000.0,430.0,0.0,High,1,>400%,1,0,1.0,2.0,1.0,36,82,Employed,Private,46,2,1,1.0,1,1,1,46-55,Married,19.0,1.0,Some_college,0,2,2,2,2.0,0,38,100,2,4,0
0.0,430.0,32300.0,,1,>400%,0,1,1.0,6.0,1.0,47,87,Employed,Self_employed,49,1,1,1.0,1,1,1,46-55,Married,19.0,1.0,Some_college,0,2,2,2,2.0,0,38,100,2,4,0
0.0,100.0,0.0,,0,<100%,0,0,6.0,1.0,3.0,42,69,Not_in_labor_force,Private,62,2,1,1.0,1,1,1,56-65,Married,16.0,1.0,HS_diploma,0,2,2,2,2.0,0,38,100,2,4,0
20000.0,100.0,0.0,Low,1,<100%,1,0,1.0,1.0,1.0,04,03,Employed,Private,60,1,1,1.0,1,1,1,56-65,Married,14.0,1.0,Less_than_HS,0,2,2,2,2.0,0,38,100,2,4,0
0.0,152.0,0.0,,2,138-200%,0,0,6.0,1.0,3.0,42,69,Not_in_labor_force,Private,47,1,5,1.0,1,1,1,46-55,Never_married,24.0,1.0,Graduate,0,1,2,2,2.0,1,38,600,2,4,1
15000.0,421.0,0.0,Very_Low,1,>400%,1,0,6.0,1.0,1.0,35,50,Not_in_labor_force,Private,38,2,1,1.0,1,1,1,36-45,Married,19.0,1.0,Some_college,0,2,2,2,2.0,0,38,300,2,4,0
70000.0,421.0,0.0,High,1,>400%,1,0,1.0,1.0,1.0,96,48,Employed,Private,38,1,1,1.0,1,1,1,36-45,Married,17.0,1.0,HS_diploma,0,2,2,2,2.0,0,38,300,2,4,0
22100.0,152.0,0.0,Low,2,138-200%,1,0,6.0,1.0,1.0,90,60,Not_in_labor_force,Private,61,1,1,1.0,1,1,1,56-65,Married,22.0,1.0,Graduate,0,2,2,2,2.0,0,38,600,2,4,0
43700.0,348.0,0.0,Medium,1,200-400%,1,0,1.0,1.0,1.0,47,86,Employed,Private,58,2,1,1.0,1,1,1,56-65,Married,18.0,1.0,Some_college,0,2,2,2,2.0,0,38,400,2,4,0
9200.0,348.0,0.0,Very_Low,2,200-400%,1,0,1.0,1.0,1.0,36,82,Employed,Private,39,2,5,1.0,1,1,1,36-45,Never_married,16.0,1.0,HS_diploma,0,2,2,2,2.0,0,38,400,2,4,1
69000.0,332.0,0.0,High,1,200-400%,1,0,1.0,1.0,1.0,81,32,Employed,Private,37,1,3,1.0,1,1,1,36-45,Divorced_Separated,18.0,1.0,Some_college,0,2,2,2,2.0,0,38,400,2,4,0
103000.0,501.0,0.0,Very_High,1,>400%,1,0,1.0,3.0,1.0,02,78,Employed,Government,58,2,3,3.0,1,1,1,56-65,Divorced_Separated,24.0,1.0,Graduate,0,2,2,2,2.0,0,38,500,2,4,0
47000.0,463.0,0.0,Medium,1,>400%,1,0,3.0,1.0,1.0,52,17,Unemployed,Private,34,2,1,1.0,1,1,1,26-35,Married,19.0,1.0,Some_college,0,1,2,2,1.0,1,38,600,2,4,0
47000.0,463.0,0.0,Medium,1,>400%,1,0,1.0,1.0,1.0,89,12,Employed,Private,36,1,1,1.0,1,1,1,36-45,Married,20.0,1.0,Some_college,0,2,2,2,2.0,0,38,600,2,4,0
5600.0,35.0,0.0,Very_Low,1,<100%,1,0,1.0,1.0,1.0,96,50,Employed,Private,44,1,3,2.0,1,1,1,36-45,Divorced_Separated,17.0,1.0,HS_diploma,0,2,2,2,2.0,0,38,400,2,4,0
0.0,279.0,50000.0,,2,200-400%,0,1,1.0,6.0,1.0,02,01,Employed,Self_employed,39,1,1,1.0,1,1,1,36-45,Married,21.0,2.0,Bachelors,1,2,2,2,2.0,0,38,100,2,4,0
45000.0,279.0,0.0,Medium,1,200-400%,1,0,1.0,3.0,1.0,23,78,Employed,Government,31,2,1,1.0,1,1,1,26-35,Married,21.0,2.0,Bachelors,1,2,2,2,2.0,0,38,100,2,4,0
52000.0,316.0,0.0,High,1,200-400%,1,0,1.0,1.0,1.0,32,81,Employed,Private,56,2,1,3.0,1,1,1,56-65,Married,21.0,1.0,Bachelors,0,2,2,2,2.0,0,38,600,2,4,0
25000.0,316.0,0.0,Low,1,200-400%,1,0,1.0,1.0,1.0,91,07,Employed,Private,60,1,1,3.0,1,1,1,56-65,Married,19.0,1.0,Some_college,0,2,2,2,2.0,0,38,600,2,4,0
140000.0,500.0,36000.0,Very_High,2,>400%,1,1,1.0,7.0,1.0,85,38,Employed,Self_employed,47,1,1,1.0,1,1,1,46-55,Married,16.0,1.0,HS_diploma,0,2,2,2,2.0,0,38,500,2,4,0
0.0,500.0,0.0,,0,>400%,0,0,6.0,1.0,3.0,42,69,Not_in_labor_force,Private,44,2,1,1.0,1,1,1,36-45,Married,16.0,1.0,HS_diploma,0,2,2,2,2.0,0,38,500,2,4,0
46000.0,500.0,0.0,Medium,1,>400%,1,0,1.0,1.0,1.0,58,38,Employed,Private,21,2,5,1.0,1,1,1,18-25,Never_married,16.0,1.0,HS_diploma,0,2,2,2,2.0,0,38,500,2,4,0
42000.0,500.0,0.0,Medium,1,>400%,1,0,1.0,1.0,1.0,53,42,Employed,Private,19,2,5,1.0,1,1,1,18-25,Never_married,16.0,1.0,HS_diploma,0,2,2,2,2.0,0,38,500,2,4,0
130000.0,444.0,0.0,Very_High,1,>400%,1,0,1.0,1.0,1.0,47,48,Employed,Private,45,1,1,1.0,1,1,1,36-45,Married,20.0,1.0,Some_college,0,2,2,2,2.0,0,38,400,2,4,0
25000.0,444.0,0.0,Low,1,>400%,1,0,1.0,3.0,1.0,23,78,Employed,Government,42,2,1,1.0,1,1,1,36-45,Married,20.0,1.0,Some_college,0,2,2,2,2.0,0,38,400,2,4,0
0.0,363.0,0.0,,2,200-400%,0,0,6.0,3.0,2.0,23,78,Not_in_labor_force,Government,64,2,1,1.0,1,1,1,56-65,Married,21.0,1.0,Bachelors,0,1,1,2,2.0,1,38,500,2,4,0
41000.0,363.0,0.0,Medium,1,200-400%,1,0,1.0,1.0,1.0,60,01,Employed,Private,65,1,1,1.0,1,1,1,56-65,Married,20.0,1.0,Some_college,0,2,2,2,2.0,0,38,500,2,4,0
52000.0,501.0,0.0,High,2,>400%,1,0,1.0,1.0,1.0,51,66,Employed,Private,51,2,1,1.0,1,1,1,46-55,Married,16.0,1.0,HS_diploma,0,2,2,2,2.0,0,38,300,2,4,0
8000.0,72.0,0.0,Very_Low,1,<100%,1,0,1.0,7.0,1.0,46,84,Employed,Self_employed,41,2,3,3.0,1,1,1,36-45,Divorced_Separated,17.0,1.0,HS_diploma,0,2,2,2,2.0,0,38,500,2,4,0
37000.0,241.0,0.0,Medium,1,200-400%,1,0,1.0,1.0,1.0,52,80,Employed,Private,37,2,5,1.0,1,1,1,36-45,Never_married,21.0,1.0,Bachelors,0,2,2,2,2.0,0,38,200,2,4,0
90000.0,444.0,0.0,Very_High,1,>400%,1,0,1.0,1.0,1.0,01,11,Employed,Private,31,1,1,1.0,1,1,1,26-35,Married,16.0,1.0,HS_diploma,0,2,2,2,2.0,0,38,400,2,4,0
45000.0,444.0,0.0,Medium,1,>400%,1,0,1.0,1.0,1.0,35,81,Employed,Private,31,2,1,1.0,1,1,1,26-35,Married,17.0,1.0,HS_diploma,0,2,2,2,2.0,0,38,400,2,4,0
0.0,501.0,29800.0,,1,>400%,0,1,1.0,6.0,1.0,02,01,Employed,Self_employed,60,2,1,1.0,1,1,1,56-65,Married,21.0,1.0,Bachelors,0,2,2,2,2.0,0,38,100,2,4,0
100000.0,501.0,-6700.0,Very_High,2,>400%,1,0,1.0,1.0,1.0,06,04,Employed,Private,63,1,1,1.0,1,1,1,56-65,Married,22.0,1.0,Graduate,0,2,2,2,2.0,0,38,100,2,4,0
0.0,243.0,50000.0,,1,200-400%,0,1,1.0,6.0,1.0,02,01,Employed,Self_employed,43,2,5,1.0,1,1,1,36-45,Never_married,21.0,1.0,Bachelors,0,2,2,2,2.0,0,38,200,2,4,0
40000.0,368.0,0.0,Medium,1,200-400%,1,0,1.0,1.0,1.0,05,69,Employed,Private,42,2,1,1.0,1,1,1,36-45,Married,16.0,1.0,HS_diploma,0,2,2,2,2.0,0,38,300,2,4,0
70000.0,368.0,0.0,High,1,200-400%,1,0,1.0,1.0,1.0,91,61,Employed,Private,44,1,1,1.0,1,1,1,36-45,Married,16.0,1.0,HS_diploma,0,2,2,2,2.0,0,38,300,2,4,0
127000.0,501.0,0.0,Very_High,1,>400%,1,0,1.0,2.0,1.0,74,05,Employed,Private,30,1,1,1.0,1,1,1,26-35,Married,20.0,1.0,Some_college,0,2,2,2,2.0,0,38,500,2,4,0
40000.0,501.0,0.0,Medium,1,>400%,1,0,1.0,1.0,1.0,57,01,Employed,Private,31,2,1,1.0,1,1,1,26-35,Married,21.0,1.0,Bachelors,0,2,2,2,2.0,0,38,500,2,4,0
58000.0,252.0,0.0,High,1,200-400%,1,0,1.0,3.0,1.0,32,94,Employed,Government,38,2,5,1.0,1,1,1,36-45,Never_married,21.0,1.0,Bachelors,0,2,2,2,2.0,0,38,400,2,4,0
80000.0,501.0,0.0,Very_High,1,>400%,1,0,1.0,1.0,1.0,72,88,Employed,Private,43,1,5,1.0,1,1,1,36-45,Never_married,16.0,1.0,HS_diploma,0,2,2,2,2.0,0,38,400,2,4,0
83000.0,501.0,0.0,Very_High,3,>400%,1,0,1.0,4.0,1.0,22,78,Employed,Government,63,1,1,1.0,1,1,1,56-65,Married,19.0,1.0,Some_college,0,2,2,2,2.0,0,38,500,2,4,0
60000.0,501.0,0.0,High,1,>400%,1,0,1.0,1.0,1.0,82,35,Employed,Private,59,2,1,1.0,1,1,1,56-65,Married,16.0,1.0,HS_diploma,0,2,2,2,2.0,0,38,500,2,4,0
40000.0,256.0,0.0,Medium,1,200-400%,1,0,1.0,1.0,1.0,21,72,Employed,Private,23,1,5,1.0,1,1,1,18-25,Never_married,21.0,1.0,Bachelors,0,2,2,2,2.0,0,38,200,2,4,0
82000.0,501.0,0.0,Very_High,1,>400%,1,0,1.0,3.0,1.0,53,78,Employed,Government,45,2,1,1.0,1,1,1,36-45,Married,20.0,1.0,Some_college,0,2,2,2,2.0,0,38,600,2,4,0
65000.0,501.0,0.0,High,1,>400%,1,0,1.0,1.0,1.0,63,07,Employed,Private,47,1,1,1.0,1,1,1,46-55,Married,20.0,1.0,Some_college,0,2,2,2,2.0,0,38,600,2,4,0
23000.0,501.0,0.0,Low,1,>400%,1,0,1.0,1.0,1.0,63,07,Employed,Private,21,1,5,1.0,1,1,1,18-25,Never_married,20.0,1.0,Some_college,0,2,2,2,2.0,0,38,600,2,4,0
0.0,501.0,0.0,,0,>400%,0,0,6.0,2.0,2.0,32,78,Not_in_labor_force,Private,40,2,1,1.0,1,1,1,36-45,Married,22.0,1.0,Graduate,0,2,2,2,2.0,0,38,600,2,4,0
75000.0,501.0,0.0,High,1,>400%,1,0,1.0,2.0,1.0,50,05,Employed,Private,31,2,1,1.0,1,1,1,26-35,Married,21.0,1.0,Bachelors,0,2,2,2,2.0,0,38,200,2,4,0
120000.0,501.0,0.0,Very_High,1,>400%,1,0,1.0,1.0,1.0,09,68,Employed,Private,31,1,1,1.0,2,9,1,26-35,Married,21.0,1.0,Bachelors,0,2,2,2,2.0,0,38,200,2,4,0
75000.0,501.0,100000.0,High,2,>400%,1,1,1.0,6.0,1.0,02,01,Employed,Self_employed,37,1,1,1.0,1,1,1,36-45,Married,18.0,1.0,Some_college,0,2,2,2,2.0,0,38,400,2,4,0
28000.0,501.0,0.0,Low,1,>400%,1,0,1.0,2.0,1.0,32,81,Employed,Private,36,2,1,1.0,1,1,1,36-45,Married,20.0,1.0,Some_college,0,2,2,2,2.0,0,38,400,2,4,0
130000.0,501.0,0.0,Very_High,1,>400%,1,0,1.0,1.0,1.0,47,48,Employed,Private,54,1,1,1.0,1,1,1,46-55,Married,20.0,1.0,Some_college,0,2,2,2,2.0,0,38,500,2,4,0
60000.0,501.0,0.0,High,1,>400%,1,0,1.0,3.0,1.0,04,93,Employed,Government,52,2,1,1.0,1,1,1,46-55,Married,21.0,1.0,Bachelors,0,2,2,2,2.0,0,38,500,2,4,0
40000.0,501.0,0.0,Medium,2,>400%,1,0,1.0,1.0,1.0,35,82,Employed,Private,54,2,5,1.0,1,1,1,46-55,Never_married,20.0,1.0,Some_college,0,2,2,2,2.0,0,38,100,2,4,0
50000.0,501.0,10000.0,Medium,3,>400%,1,1,6.0,1.0,1.0,01,06,Not_in_labor_force,Private,64,1,1,1.0,1,1,1,56-65,Married,21.0,1.0,Bachelors,0,2,2,2,2.0,0,38,200,2,4,0
0.0,501.0,80000.0,,1,>400%,0,1,6.0,6.0,1.0,48,69,Not_in_labor_force,Self_employed,59,2,1,1.0,1,1,1,56-65,Married,18.0,1.0,Some_college,0,2,2,2,2.0,0,38,400,2,4,0
60000.0,384.0,0.0,High,1,200-400%,1,0,1.0,2.0,1.0,77,30,Employed,Private,59,2,3,1.0,1,1,1,56-65,Divorced_Separated,18.0,1.0,Some_college,0,2,2,2,2.0,0,38,500,2,4,0
31000.0,200.0,0.0,Medium,1,138-200%,1,0,1.0,1.0,1.0,10,30,Employed,Private,21,1,5,1.0,1,1,1,18-25,Never_married,16.0,2.0,HS_diploma,1,2,2,2,2.0,0,38,600,2,4,0
24000.0,155.0,0.0,Low,1,138-200%,1,0,1.0,4.0,1.0,25,78,Employed,Government,27,1,5,1.0,2,6,1,26-35,Never_married,21.0,2.0,Bachelors,1,2,2,2,2.0,0,38,600,2,4,0
50000.0,501.0,0.0,Medium,1,>400%,1,0,1.0,5.0,1.0,57,94,Employed,Government,47,2,1,1.0,1,1,1,46-55,Married,20.0,1.0,Some_college,0,2,2,2,2.0,0,38,300,2,4,0
90000.0,501.0,0.0,Very_High,1,>400%,1,0,1.0,3.0,1.0,25,78,Employed,Government,39,1,1,1.0,1,1,1,36-45,Married,20.0,1.0,Some_college,0,2,2,2,2.0,0,38,300,2,4,0
110000.0,501.0,0.0,Very_High,1,>400%,1,0,1.0,3.0,1.0,63,77,Employed,Government,51,1,1,1.0,1,1,1,46-55,Married,21.0,2.0,Bachelors,1,2,2,2,2.0,0,38,200,2,4,0
0.0,501.0,0.0,,0,>400%,0,0,6.0,1.0,3.0,42,69,Not_in_labor_force,Private,48,2,1,1.0,1,1,1,46-55,Married,21.0,2.0,Bachelors,1,1,2,2,1.0,1,38,200,2,4,0
100000.0,501.0,0.0,Very_High,1,>400%,1,0,1.0,2.0,1.0,47,69,Employed,Private,42,2,1,1.0,1,9,1,36-45,Married,18.0,1.0,Some_college,0,2,2,2,2.0,0,38,600,2,4,0
100000.0,501.0,0.0,Very_High,2,>400%,1,0,1.0,1.0,1.0,01,32,Employed,Private,46,1,1,1.0,1,9,1,46-55,Married,18.0,1.0,Some_college,0,2,2,2,2.0,0,38,600,2,4,0
20000.0,501.0,0.0,Low,1,>400%,1,0,1.0,1.0,1.0,62,07,Employed,Private,21,1,5,1.0,1,9,1,18-25,Never_married,19.0,1.0,Some_college,0,2,2,2,2.0,0,38,600,2,4,0
15000.0,501.0,0.0,Very_Low,1,>400%,1,0,1.0,3.0,1.0,25,78,Employed,Government,19,2,5,1.0,1,9,1,18-25,Never_married,19.0,2.0,Some_college,1,2,2,2,2.0,0,38,600,2,4,0
150000.0,501.0,0.0,Very_High,1,>400%,1,0,1.0,2.0,1.0,00,74,Employed,Private,50,2,1,1.0,1,1,1,46-55,Married,21.0,1.0,Bachelors,0,2,2,2,2.0,0,38,600,2,4,0
70000.0,501.0,0.0,High,1,>400%,1,0,1.0,1.0,1.0,01,01,Employed,Private,50,1,1,1.0,1,1,1,46-55,Married,21.0,1.0,Bachelors,0,2,2,2,2.0,0,38,600,2,4,0
24000.0,501.0,0.0,Low,1,>400%,1,0,1.0,1.0,1.0,72,46,Employed,Private,19,1,5,1.0,1,1,1,18-25,Never_married,18.0,2.0,Some_college,1,2,2,2,2.0,0,38,600,2,4,0
44800.0,181.0,0.0,Medium,1,138-200%,1,0,1.0,3.0,1.0,23,78,Employed,Government,37,2,1,1.0,1,1,1,36-45,Married,21.0,1.0,Bachelors,0,2,2,2,2.0,0,38,500,2,4,0
20900.0,181.0,0.0,Low,1,138-200%,1,0,3.0,1.0,1.0,47,53,Unemployed,Private,49,1,1,1.0,1,1,1,46-55,Married,16.0,1.0,HS_diploma,0,2,2,2,2.0,0,38,500,2,4,1
31200.0,234.0,0.0,Medium,1,200-400%,1,0,1.0,2.0,1.0,72,46,Employed,Private,53,1,1,1.0,1,1,1,46-55,Married,16.0,1.0,HS_diploma,0,2,2,2,2.0,0,38,200,2,4,0
5800.0,234.0,0.0,Very_Low,1,200-400%,1,0,1.0,2.0,1.0,49,53,Employed,Private,20,2,5,1.0,1,9,2,18-25,Never_married,17.0,1.0,HS_diploma,0,2,2,2,2.0,0,38,200,2,4,0
18000.0,104.0,0.0,Low,2,100-138%,1,0,1.0,7.0,1.0,02,01,Employed,Self_employed,45,1,5,1.0,1,1,1,36-45,Never_married,20.0,1.0,Some_college,0,2,2,2,2.0,0,38,400,2,4,0
41000.0,260.0,0.0,Medium,1,200-400%,1,0,1.0,1.0,1.0,36,82,Employed,Private,41,2,5,1.0,1,1,1,36-45,Never_married,16.0,1.0,HS_diploma,0,2,2,2,2.0,0,38,400,2,4,0
15000.0,98.0,0.0,Very_Low,1,<100%,1,0,1.0,5.0,1.0,47,55,Employed,Government,20,2,5,3.0,1,1,1,18-25,Never_married,16.0,1.0,HS_diploma,0,2,2,2,2.0,0,38,600,2,4,0
13000.0,84.0,0.0,Very_Low,1,<100%,1,0,1.0,5.0,1.0,06,49,Employed,Government,20,1,5,3.0,1,1,1,18-25,Never_married,17.0,1.0,HS_diploma,0,2,2,2,2.0,0,38,600,2,4,0
4000.0,38.0,0.0,Very_Low,2,<100%,1,0,2.0,1.0,1.0,33,79,Employed,Private,28,2,5,1.0,1,1,1,26-35,Never_married,20.0,1.0,Some_college,0,1,2,2,2.0,1,38,600,2,4,0
40000.0,253.0,0.0,Medium,1,200-400%,1,0,1.0,1.0,1.0,86,06,Employed,Private,28,1,5,1.0,1,1,1,26-35,Never_married,21.0,1.0,Bachelors,0,2,2,2,2.0,0,38,600,2,4,0
45000.0,291.0,0.0,Medium,1,200-400%,1,0,1.0,1.0,1.0,35,07,Employed,Private,21,1,5,3.0,1,1,1,18-25,Never_married,19.0,1.0,Some_college,0,2,2,2,2.0,0,38,500,2,4,0
2900.0,126.0,0.0,Very_Low,1,100-138%,1,0,6.0,1.0,1.0,32,81,Not_in_labor_force,Private,30,2,5,1.0,1,1,1,26-35,Never_married,21.0,1.0,Bachelors,0,2,2,2,2.0,0,38,500,2,4,0
44000.0,144.0,0.0,Medium,1,138-200%,1,0,1.0,2.0,1.0,20,91,Employed,Private,35,1,1,1.0,1,1,1,26-35,Married,22.0,1.0,Graduate,0,2,2,2,2.0,0,38,200,2,4,0
0.0,144.0,0.0,,0,138-200%,0,0,6.0,1.0,3.0,42,69,Not_in_labor_force,Private,33,2,1,1.0,1,1,1,26-35,Married,21.0,1.0,Bachelors,0,2,2,2,2.0,0,38,200,2,4,0
22000.0,501.0,0.0,Low,1,>400%,1,0,1.0,1.0,1.0,30,80,Employed,Private,38,2,1,1.0,1,1,1,36-45,Married,21.0,1.0,Bachelors,0,2,2,2,2.0,0,38,100,2,4,0
89000.0,501.0,0.0,Very_High,1,>400%,1,0,1.0,1.0,1.0,48,32,Employed,Private,31,1,1,1.0,1,1,1,26-35,Married,16.0,1.0,HS_diploma,0,2,2,2,2.0,0,38,100,2,4,0
52000.0,501.0,0.0,High,1,>400%,1,0,1.0,1.0,1.0,23,78,Employed,Private,26,2,1,1.0,1,9,1,26-35,Married,22.0,2.0,Graduate,1,2,2,2,2.0,0,38,100,2,4,0
40000.0,259.0,0.0,Medium,1,200-400%,1,0,1.0,1.0,1.0,47,53,Employed,Private,21,2,5,1.0,1,9,1,18-25,Never_married,16.0,1.0,HS_diploma,0,1,2,2,2.0,1,38,400,2,4,0
45000.0,501.0,0.0,Medium,1,>400%,1,0,1.0,2.0,1.0,03,81,Employed,Private,47,2,1,1.0,1,1,1,46-55,Married,21.0,1.0,Bachelors,0,2,2,2,2.0,0,38,600,2,4,0
12600.0,501.0,0.0,Very_Low,1,>400%,1,0,1.0,1.0,1.0,64,07,Employed,Private,19,1,5,1.0,1,1,1,18-25,Never_married,16.0,1.0,HS_diploma,0,2,2,2,2.0,0,38,600,2,4,0
63000.0,501.0,0.0,High,1,>400%,1,0,1.0,1.0,1.0,32,79,Employed,Private,60,2,1,1.0,1,1,1,56-65,Married,20.0,1.0,Some_college,0,2,2,2,2.0,0,38,300,2,4,0
1500.0,501.0,0.0,Very_Low,1,>400%,1,0,1.0,8.0,1.0,57,01,Employed,Unpaid,58,2,1,1.0,1,1,1,56-65,Married,21.0,1.0,Bachelors,0,2,2,2,2.0,0,38,200,2,4,0
0.0,501.0,9600.0,,2,>400%,0,1,1.0,6.0,1.0,02,01,Employed,Self_employed,60,1,1,1.0,1,1,1,56-65,Married,21.0,1.0,Bachelors,0,2,2,2,2.0,0,38,200,2,4,0
75000.0,477.0,0.0,High,1,>400%,1,0,1.0,2.0,1.0,04,82,Employed,Private,61,2,5,1.0,1,1,1,56-65,Never_married,18.0,1.0,Some_college,0,2,2,2,2.0,0,38,500,2,4,0
125000.0,501.0,0.0,Very_High,1,>400%,1,0,1.0,1.0,1.0,26,85,Employed,Private,49,1,1,1.0,1,3,1,46-55,Married,20.0,1.0,Some_college,0,2,2,2,2.0,0,38,200,2,4,0
45300.0,501.0,0.0,Medium,1,>400%,1,0,1.0,2.0,1.0,01,91,Employed,Private,46,2,1,1.0,1,1,1,46-55,Married,18.0,1.0,Some_college,0,2,2,2,2.0,0,38,200,2,4,0
32000.0,302.0,0.0,Medium,1,200-400%,1,0,1.0,4.0,1.0,91,82,Employed,Government,41,2,1,1.0,1,1,1,36-45,Married,15.0,1.0,Less_than_HS,0,2,2,2,2.0,0,38,400,2,4,0
68000.0,302.0,0.0,High,1,200-400%,1,0,1.0,1.0,1.0,77,30,Employed,Private,50,1,1,1.0,1,1,1,46-55,Married,19.0,1.0,Some_college,0,2,2,2,2.0,0,38,400,2,4,0
47700.0,307.0,0.0,Medium,1,200-400%,1,0,1.0,1.0,1.0,77,28,Employed,Private,55,1,3,1.0,1,3,1,46-55,Divorced_Separated,16.0,1.0,HS_diploma,0,1,2,2,1.0,1,38,200,2,4,0
30000.0,194.0,0.0,Low,1,138-200%,1,0,1.0,2.0,1.0,23,84,Employed,Private,47,2,3,1.0,1,1,1,46-55,Divorced_Separated,18.0,1.0,Some_college,0,2,2,2,2.0,0,38,200,2,4,0
7100.0,307.0,0.0,Very_Low,2,200-400%,1,0,1.0,1.0,1.0,42,76,Employed,Private,20,1,5,1.0,1,9,1,18-25,Never_married,18.0,1.0,Some_college,0,2,2,2,2.0,0,38,200,2,4,0
5000.0,307.0,0.0,Very_Low,1,200-400%,1,0,1.0,1.0,1.0,96,63,Employed,Private,19,1,5,1.0,1,9,1,18-25,Never_married,16.0,1.0,HS_diploma,0,2,2,2,2.0,0,38,200,2,4,0
120000.0,501.0,0.0,Very_High,2,>400%,1,0,1.0,2.0,1.0,32,81,Employed,Private,48,2,3,3.0,1,1,1,46-55,Divorced_Separated,22.0,1.0,Graduate,0,2,2,2,2.0,0,38,600,2,4,0
12000.0,501.0,0.0,Very_Low,1,>400%,1,0,1.0,1.0,1.0,47,52,Employed,Private,22,2,5,3.0,1,1,1,18-25,Never_married,21.0,2.0,Bachelors,1,2,2,2,2.0,0,38,600,2,4,0
53000.0,183.0,0.0,High,2,138-200%,1,0,1.0,2.0,1.0,32,82,Employed,Private,37,2,3,1.0,1,1,1,36-45,Divorced_Separated,20.0,1.0,Some_college,0,2,2,2,2.0,0,38,300,2,4,1
20000.0,128.0,0.0,Low,1,100-138%,1,0,1.0,3.0,1.0,46,84,Employed,Government,21,2,5,1.0,1,9,2,18-25,Never_married,16.0,1.0,HS_diploma,0,2,2,2,2.0,0,38,500,2,4,0
31200.0,328.0,0.0,Medium,2,200-400%,1,0,1.0,3.0,1.0,46,84,Employed,Government,21,2,5,1.0,1,9,1,18-25,Never_married,16.0,1.0,HS_diploma,0,1,2,2,2.0,1,38,500,2,4,0
0.0,155.0,0.0,,1,138-200%,0,0,6.0,1.0,3.0,42,69,Not_in_labor_force,Private,24,1,3,1.0,1,1,1,18-25,Divorced_Separated,18.0,1.0,Some_college,0,1,1,2,2.0,1,38,500,2,4,0
0.0,501.0,0.0,,1,>400%,0,0,6.0,1.0,3.0,42,69,Not_in_labor_force,Private,44,2,1,1.0,1,9,1,36-45,Married,19.0,1.0,Some_college,0,2,2,2,2.0,0,38,100,2,4,0
62000.0,501.0,0.0,High,1,>400%,1,0,1.0,1.0,1.0,50,42,Employed,Private,59,2,1,1.0,1,1,1,56-65,Married,16.0,1.0,HS_diploma,0,2,2,2,2.0,0,38,100,2,4,0
115000.0,501.0,0.0,Very_High,1,>400%,1,0,1.0,1.0,1.0,01,05,Employed,Private,58,1,1,1.0,1,1,1,56-65,Married,16.0,1.0,HS_diploma,0,2,2,2,2.0,0,38,100,2,4,0
310.0,2.0,0.0,Very_Low,1,<100%,1,0,1.0,1.0,1.0,47,57,Employed,Private,65,1,5,3.0,1,1,1,56-65,Never_married,19.0,1.0,Some_college,0,2,2,2,2.0,0,38,600,2,4,0
0.0,501.0,0.0,,0,>400%,0,0,6.0,1.0,2.0,03,86,Not_in_labor_force,Private,36,2,1,1.0,1,1,1,36-45,Married,16.0,1.0,HS_diploma,0,2,2,2,2.0,0,38,100,2,4,0
28000.0,501.0,0.0,Low,1,>400%,1,0,1.0,1.0,1.0,47,47,Employed,Private,32,2,1,1.0,1,3,1,26-35,Married,19.0,1.0,Some_college,0,2,2,2,2.0,0,38,300,2,4,0
100000.0,501.0,0.0,Very_High,1,>400%,1,0,4.0,5.0,1.0,98,97,Not_in_labor_force,Government,39,1,1,1.0,1,2,3,36-45,Married,20.0,1.0,Some_college,0,2,2,2,2.0,0,38,300,2,4,0
122000.0,501.0,0.0,Very_High,1,>400%,1,0,1.0,5.0,1.0,01,94,Employed,Government,41,1,5,1.0,1,3,1,36-45,Never_married,22.0,1.0,Graduate,0,2,2,2,2.0,0,38,300,2,4,0
125000.0,501.0,0.0,Very_High,1,>400%,1,0,1.0,2.0,1.0,30,80,Employed,Private,61,1,1,1.0,1,1,1,56-65,Married,23.0,1.0,Graduate,0,2,2,2,2.0,0,38,500,2,4,0
66000.0,501.0,0.0,High,1,>400%,1,0,1.0,1.0,1.0,52,81,Employed,Private,47,2,1,1.0,1,1,1,46-55,Married,20.0,1.0,Some_college,0,2,2,2,2.0,0,38,500,2,4,0
0.0,501.0,0.0,,0,>400%,0,0,6.0,1.0,3.0,42,69,Not_in_labor_force,Private,21,1,5,1.0,1,1,1,18-25,Never_married,19.0,2.0,Some_college,1,2,2,2,2.0,0,38,500,2,4,0
0.0,84.0,0.0,,1,<100%,0,0,6.0,7.0,2.0,91,61,Not_in_labor_force,Self_employed,62,1,1,1.0,1,2,1,56-65,Married,19.0,1.0,Some_college,0,1,2,2,1.0,1,38,600,2,4,0
0.0,84.0,0.0,,0,<100%,0,0,6.0,7.0,2.0,03,86,Not_in_labor_force,Self_employed,54,2,1,1.0,1,2,1,46-55,Married,19.0,1.0,Some_college,0,1,2,1,1.0,1,38,600,2,4,1
25000.0,179.0,0.0,Low,1,138-200%,1,0,1.0,1.0,1.0,58,69,Employed,Private,27,2,1,1.0,1,1,1,26-35,Married,1.0,1.0,Less_than_HS,0,2,2,2,2.0,0,38,200,2,4,0
40000.0,179.0,0.0,Medium,1,138-200%,1,0,1.0,1.0,1.0,62,07,Employed,Private,28,1,1,1.0,1,1,1,26-35,Married,20.0,1.0,Some_college,0,2,2,2,2.0,0,38,200,2,4,0
9000.0,55.0,0.0,Very_Low,2,<100%,1,0,1.0,1.0,1.0,33,81,Employed,Private,43,2,3,1.0,2,1,1,36-45,Divorced_Separated,21.0,2.0,Bachelors,1,2,2,2,2.0,0,38,400,2,4,0
36600.0,231.0,0.0,Medium,1,200-400%,1,0,1.0,4.0,1.0,57,81,Employed,Government,41,2,1,1.0,1,1,1,36-45,Married,19.0,2.0,Some_college,1,2,2,2,2.0,0,38,400,2,4,0
0.0,231.0,0.0,,1,200-400%,0,0,6.0,1.0,3.0,42,69,Not_in_labor_force,Private,45,1,1,1.0,1,1,1,36-45,Married,16.0,1.0,HS_diploma,0,1,2,2,1.0,1,38,400,2,4,0
15000.0,231.0,0.0,Very_Low,1,200-400%,1,0,1.0,2.0,1.0,60,01,Employed,Private,23,1,5,1.0,1,1,1,18-25,Never_married,16.0,1.0,HS_diploma,0,2,2,2,2.0,0,38,400,2,4,0
2400.0,175.0,0.0,Very_Low,3,138-200%,1,0,1.0,1.0,1.0,73,82,Employed,Private,59,1,3,1.0,1,1,1,56-65,Divorced_Separated,16.0,1.0,HS_diploma,0,1,2,2,1.0,1,38,400,2,4,0
0.0,5.0,1900.0,,1,<100%,0,1,1.0,6.0,1.0,91,61,Employed,Self_employed,48,1,1,1.0,1,1,1,46-55,Married,13.0,1.0,Less_than_HS,0,2,2,2,2.0,0,38,100,2,4,0
0.0,5.0,0.0,,0,<100%,0,0,6.0,1.0,3.0,42,69,Not_in_labor_force,Private,43,2,1,1.0,1,1,1,36-45,Married,16.0,1.0,HS_diploma,0,2,2,2,2.0,0,38,100,2,4,0
520.0,5.0,0.0,Very_Low,1,<100%,1,0,1.0,3.0,1.0,42,78,Employed,Government,18,1,5,1.0,1,1,1,18-25,Never_married,14.0,2.0,Less_than_HS,1,2,2,2,2.0,0,38,100,2,4,0
65000.0,501.0,10900.0,High,3,>400%,1,1,1.0,2.0,1.0,57,06,Employed,Private,60,2,1,1.0,1,1,1,56-65,Married,20.0,1.0,Some_college,0,2,2,2,2.0,0,38,400,2,4,0
39800.0,501.0,26000.0,Medium,2,>400%,1,1,1.0,7.0,1.0,47,47,Employed,Self_employed,63,1,1,1.0,1,1,1,56-65,Married,19.0,1.0,Some_college,0,2,2,2,2.0,0,38,400,2,4,0
80000.0,423.0,2000.0,Very_High,2,>400%,1,1,1.0,1.0,1.0,79,02,Employed,Private,46,1,1,3.0,1,1,1,46-55,Married,19.0,1.0,Some_college,0,2,2,2,2.0,0,38,100,2,4,0
0.0,423.0,20000.0,,1,>400%,0,1,1.0,6.0,1.0,02,01,Employed,Self_employed,41,2,1,3.0,1,1,1,36-45,Married,20.0,1.0,Some_college,0,2,2,2,2.0,0,38,100,2,4,0
1700.0,395.0,0.0,Very_Low,3,200-400%,1,0,2.0,1.0,1.0,30,79,Employed,Private,27,1,5,3.0,1,1,1,26-35,Never_married,23.0,3.0,Graduate,1,2,2,2,2.0,0,38,400,2,4,0
58000.0,290.0,0.0,High,2,200-400%,1,0,1.0,1.0,1.0,05,41,Employed,Private,38,2,3,1.0,1,1,1,36-45,Divorced_Separated,21.0,1.0,Bachelors,0,2,2,2,2.0,0,38,600,2,4,0
30000.0,197.0,0.0,Low,1,138-200%,1,0,1.0,1.0,1.0,36,83,Employed,Private,54,2,3,1.0,1,1,1,46-55,Divorced_Separated,16.0,1.0,HS_diploma,0,2,2,2,2.0,0,38,100,2,4,0
65000.0,412.0,0.0,High,1,>400%,1,0,1.0,1.0,1.0,86,10,Employed,Private,38,1,4,1.0,1,1,1,36-45,Divorced_Separated,16.0,2.0,HS_diploma,1,2,2,2,2.0,0,38,200,2,4,1
0.0,501.0,160000.0,,1,>400%,0,1,6.0,6.0,1.0,02,01,Not_in_labor_force,Self_employed,27,1,1,1.0,1,1,1,26-35,Married,20.0,1.0,Some_college,0,2,2,2,2.0,0,38,500,2,4,0
40000.0,501.0,0.0,Medium,1,>400%,1,0,1.0,2.0,1.0,32,81,Employed,Private,23,2,1,1.0,1,1,1,18-25,Married,21.0,1.0,Bachelors,0,2,2,2,2.0,0,38,500,2,4,0
80000.0,501.0,55000.0,Very_High,2,>400%,1,1,1.0,1.0,1.0,62,07,Employed,Private,58,1,3,1.0,1,1,1,56-65,Divorced_Separated,16.0,1.0,HS_diploma,0,2,2,2,2.0,0,38,600,2,4,0
60000.0,282.0,0.0,High,1,200-400%,1,0,1.0,1.0,1.0,71,60,Employed,Private,40,1,1,1.0,1,1,1,36-45,Married,20.0,1.0,Some_college,0,1,2,1,2.0,1,38,600,2,4,0
36000.0,282.0,0.0,Medium,1,200-400%,1,0,1.0,3.0,1.0,57,78,Employed,Government,40,2,1,1.0,1,1,1,36-45,Married,21.0,1.0,Bachelors,0,2,2,2,2.0,0,38,600,2,4,0
48000.0,352.0,0.0,Medium,2,200-400%,1,0,1.0,1.0,1.0,58,04,Employed,Private,40,2,3,1.0,1,1,1,36-45,Divorced_Separated,20.0,1.0,Some_college,0,2,2,2,2.0,0,38,100,2,4,0
70000.0,444.0,0.0,High,1,>400%,1,0,1.0,1.0,1.0,51,35,Employed,Private,33,1,5,1.0,1,1,1,26-35,Never_married,21.0,1.0,Bachelors,0,2,2,2,2.0,0,38,100,2,4,0
0.0,83.0,0.0,,1,<100%,0,0,6.0,1.0,3.0,42,69,Not_in_labor_force,Private,50,1,1,1.0,1,9,2,46-55,Married,13.0,1.0,Less_than_HS,0,1,1,1,1.0,1,38,500,2,4,1
0.0,83.0,15500.0,,1,<100%,0,1,1.0,6.0,1.0,36,83,Employed,Self_employed,47,2,1,1.0,1,9,2,46-55,Married,11.0,1.0,Less_than_HS,0,2,2,2,2.0,0,38,500,2,4,1
85000.0,501.0,0.0,Very_High,1,>400%,1,0,1.0,3.0,1.0,04,93,Employed,Government,51,2,3,1.0,1,3,1,46-55,Divorced_Separated,22.0,1.0,Graduate,0,2,2,2,2.0,0,38,100,2,4,0
5800.0,36.0,0.0,Very_Low,1,<100%,1,0,1.0,1.0,1.0,27,86,Employed,Private,55,1,3,1.0,1,1,1,46-55,Divorced_Separated,19.0,1.0,Some_college,0,2,2,2,2.0,0,38,400,2,4,0
6000.0,38.0,0.0,Very_Low,1,<100%,1,0,1.0,1.0,1.0,40,86,Employed,Private,49,2,4,1.0,1,1,1,46-55,Divorced_Separated,18.0,1.0,Some_college,0,1,2,1,2.0,1,38,400,2,4,0
19500.0,160.0,0.0,Low,2,138-200%,1,0,1.0,1.0,1.0,83,90,Employed,Private,32,1,5,1.0,1,1,1,26-35,Never_married,16.0,1.0,HS_diploma,0,2,2,2,2.0,0,38,600,2,4,0
20000.0,127.0,0.0,Low,1,100-138%,1,0,1.0,1.0,1.0,42,76,Employed,Private,51,2,3,1.0,1,1,1,46-55,Divorced_Separated,17.0,1.0,HS_diploma,0,1,1,1,1.0,1,38,300,2,4,1
15000.0,319.0,0.0,Very_Low,1,200-400%,1,0,6.0,1.0,1.0,36,81,Not_in_labor_force,Private,45,2,1,1.0,1,1,1,36-45,Married,19.0,2.0,Some_college,1,2,2,2,2.0,0,38,400,2,4,0
56000.0,319.0,0.0,High,1,200-400%,1,0,1.0,1.0,1.0,82,30,Employed,Private,43,1,1,1.0,2,1,1,36-45,Married,19.0,1.0,Some_college,0,2,2,2,2.0,0,38,400,2,4,0
80000.0,501.0,0.0,Very_High,1,>400%,1,0,1.0,1.0,1.0,87,42,Employed,Private,49,2,3,1.0,1,1,1,46-55,Divorced_Separated,20.0,1.0,Some_college,0,2,2,2,2.0,0,38,400,2,4,0
54000.0,311.0,0.0,High,1,200-400%,1,0,1.0,3.0,1.0,72,93,Employed,Government,60,1,1,1.0,1,9,1,56-65,Married,19.0,1.0,Some_college,0,1,1,2,2.0,1,38,200,2,4,0
300.0,311.0,0.0,Very_Low,3,200-400%,1,0,1.0,3.0,1.0,42,93,Employed,Government,63,2,1,1.0,1,9,1,56-65,Married,19.0,1.0,Some_college,0,2,2,2,2.0,0,38,200,2,4,0
37000.0,237.0,0.0,Medium,1,200-400%,1,0,1.0,2.0,1.0,20,91,Employed,Private,61,2,5,1.0,1,1,1,56-65,Never_married,22.0,1.0,Graduate,0,2,2,2,2.0,0,38,500,2,4,0
48000.0,335.0,0.0,Medium,1,200-400%,1,0,1.0,2.0,1.0,58,82,Employed,Private,61,2,1,1.0,1,1,1,56-65,Married,16.0,1.0,HS_diploma,0,2,2,2,2.0,0,38,300,2,4,0
480.0,335.0,0.0,Very_Low,2,200-400%,1,0,6.0,1.0,1.0,96,50,Not_in_labor_force,Private,64,1,1,1.0,1,1,1,56-65,Married,15.0,1.0,Less_than_HS,0,2,2,2,2.0,0,38,300,2,4,0
60000.0,292.0,0.0,High,1,200-400%,1,0,1.0,1.0,1.0,81,39,Employed,Private,31,2,1,1.0,1,9,1,26-35,Married,19.0,1.0,Some_college,0,2,2,2,2.0,0,38,400,2,4,0
30000.0,292.0,0.0,Low,1,200-400%,1,0,1.0,7.0,1.0,02,01,Employed,Self_employed,33,1,1,1.0,1,9,1,26-35,Married,18.0,1.0,Some_college,0,2,2,2,2.0,0,38,400,2,4,0
70000.0,342.0,0.0,High,1,200-400%,1,0,1.0,1.0,1.0,47,46,Employed,Private,39,1,3,1.0,1,1,1,36-45,Divorced_Separated,20.0,1.0,Some_college,0,2,2,2,2.0,0,38,300,2,4,0
41000.0,265.0,0.0,Medium,1,200-400%,1,0,1.0,1.0,1.0,36,82,Employed,Private,43,2,3,1.0,1,1,1,36-45,Divorced_Separated,16.0,1.0,HS_diploma,0,2,2,2,2.0,0,38,300,2,4,0
75000.0,490.0,0.0,High,1,>400%,1,0,1.0,2.0,1.0,04,91,Employed,Private,57,1,5,1.0,1,1,1,56-65,Never_married,19.0,1.0,Some_college,0,2,2,2,2.0,0,38,600,2,4,0
44000.0,188.0,0.0,Medium,1,138-200%,1,0,1.0,3.0,1.0,38,93,Employed,Government,39,1,3,1.0,1,1,1,36-45,Divorced_Separated,17.0,1.0,HS_diploma,0,2,2,2,2.0,0,38,400,2,4,0
40000.0,191.0,0.0,Medium,1,138-200%,1,0,1.0,1.0,1.0,47,46,Employed,Private,39,1,5,1.0,1,1,1,36-45,Never_married,18.0,1.0,Some_college,0,2,2,2,2.0,0,38,500,2,4,0
10000.0,63.0,0.0,Very_Low,1,<100%,1,0,1.0,1.0,1.0,91,63,Employed,Private,37,2,5,1.0,1,1,1,36-45,Never_married,17.0,1.0,HS_diploma,0,2,2,2,2.0,0,38,500,2,4,0
39000.0,160.0,0.0,Medium,1,138-200%,1,0,1.0,1.0,1.0,19,10,Employed,Private,40,2,5,1.0,1,1,1,36-45,Never_married,19.0,1.0,Some_college,0,2,2,2,2.0,0,38,100,2,4,0
7000.0,45.0,0.0,Very_Low,1,<100%,1,0,6.0,1.0,1.0,96,01,Not_in_labor_force,Private,39,1,5,1.0,1,3,1,36-45,Never_married,14.0,1.0,Less_than_HS,0,2,2,2,2.0,0,38,100,2,4,0
57000.0,367.0,0.0,High,1,200-400%,1,0,1.0,1.0,1.0,15,74,Employed,Private,26,1,5,3.0,1,1,1,26-35,Never_married,21.0,1.0,Bachelors,0,2,2,2,2.0,0,38,600,2,4,0
40000.0,255.0,0.0,Medium,1,200-400%,1,0,1.0,1.0,1.0,08,42,Employed,Private,24,2,5,3.0,1,1,1,18-25,Never_married,21.0,1.0,Bachelors,0,2,2,2,2.0,0,38,600,2,4,0
29000.0,187.0,0.0,Low,1,138-200%,1,0,1.0,1.0,1.0,01,68,Employed,Private,30,1,5,3.0,1,9,1,26-35,Never_married,12.0,1.0,Less_than_HS,0,2,2,2,2.0,0,38,600,2,4,0
28000.0,180.0,0.0,Low,1,138-200%,1,0,1.0,1.0,1.0,26,53,Employed,Private,30,2,5,3.0,1,9,1,26-35,Never_married,13.0,1.0,Less_than_HS,0,2,2,2,2.0,0,38,600,2,4,0
0.0,0.0,0.0,,0,,0,0,6.0,1.0,2.0,07,12,Not_in_labor_force,Private,57,1,5,3.0,1,1,1,56-65,Never_married,18.0,1.0,Some_college,0,2,2,2,2.0,0,38,600,2,4,0
16000.0,196.0,15000.0,Low,2,138-200%,1,1,1.0,1.0,1.0,91,61,Employed,Private,48,1,3,1.0,1,1,1,46-55,Divorced_Separated,21.0,1.0,Bachelors,0,2,2,2,2.0,0,38,100,2,4,0
41300.0,307.0,0.0,Medium,1,200-400%,1,0,1.0,4.0,1.0,22,78,Employed,Government,35,2,1,1.0,1,1,1,26-35,Married,21.0,1.0,Bachelors,0,2,2,2,2.0,0,38,100,2,4,0
50000.0,307.0,0.0,Medium,1,200-400%,1,0,1.0,3.0,1.0,42,93,Employed,Government,36,1,1,1.0,1,1,1,36-45,Married,19.0,1.0,Some_college,0,2,2,2,2.0,0,38,100,2,4,0
69000.0,448.0,0.0,High,1,>400%,1,0,1.0,2.0,1.0,03,66,Employed,Private,45,2,3,1.0,1,1,1,36-45,Divorced_Separated,18.0,1.0,Some_college,0,2,2,2,2.0,0,38,600,2,4,0
0.0,85.0,0.0,,1,<100%,0,0,6.0,1.0,3.0,42,69,Not_in_labor_force,Private,49,1,3,1.0,1,1,1,46-55,Divorced_Separated,16.0,1.0,HS_diploma,0,1,2,2,1.0,1,38,600,2,4,0
106000.0,501.0,0.0,Very_High,1,>400%,1,0,1.0,2.0,1.0,25,79,Employed,Private,42,2,1,1.0,1,1,1,36-45,Married,21.0,1.0,Bachelors,0,2,2,2,2.0,0,38,500,2,4,0
50000.0,501.0,0.0,Medium,1,>400%,1,0,1.0,1.0,1.0,77,39,Employed,Private,44,1,1,1.0,1,1,1,36-45,Married,16.0,1.0,HS_diploma,0,2,2,2,2.0,0,38,500,2,4,0
20000.0,501.0,0.0,Low,1,>400%,1,0,1.0,1.0,1.0,81,39,Employed,Private,18,1,5,1.0,1,1,1,18-25,Never_married,14.0,2.0,Less_than_HS,1,2,2,2,2.0,0,38,500,2,4,0
5000.0,16.0,0.0,Very_Low,1,<100%,1,0,1.0,1.0,1.0,40,86,Employed,Private,34,2,3,1.0,1,1,1,26-35,Divorced_Separated,16.0,1.0,HS_diploma,0,1,2,2,2.0,1,38,400,2,4,1
55000.0,383.0,0.0,High,1,200-400%,1,0,1.0,1.0,1.0,17,74,Employed,Private,42,1,3,1.0,1,1,1,36-45,Divorced_Separated,21.0,1.0,Bachelors,0,2,2,2,2.0,0,38,400,2,4,0
75000.0,258.0,0.0,High,1,200-400%,1,0,1.0,1.0,1.0,73,07,Employed,Private,28,1,5,3.0,1,1,1,26-35,Never_married,19.0,1.0,Some_college,0,2,2,2,2.0,0,38,300,2,4,0
25000.0,158.0,0.0,Low,1,138-200%,1,0,1.0,1.0,1.0,51,77,Employed,Private,34,2,5,3.0,1,1,1,26-35,Never_married,20.0,1.0,Some_college,0,2,2,2,2.0,0,38,300,2,4,1
10000.0,63.0,0.0,Very_Low,1,<100%,1,0,1.0,1.0,1.0,36,81,Employed,Private,21,2,5,3.0,1,1,1,18-25,Never_married,16.0,2.0,HS_diploma,1,2,2,2,2.0,0,38,500,2,4,0
15000.0,95.0,0.0,Very_Low,1,<100%,1,0,1.0,1.0,1.0,53,23,Employed,Private,20,2,5,3.0,1,1,1,18-25,Never_married,16.0,2.0,HS_diploma,1,2,2,2,2.0,0,38,500,2,4,0
20000.0,127.0,0.0,Low,1,100-138%,1,0,1.0,1.0,1.0,52,53,Employed,Private,20,2,5,3.0,1,1,1,18-25,Never_married,19.0,2.0,Some_college,1,1,2,2,2.0,1,38,500,2,4,0
144000.0,501.0,0.0,Very_High,2,>400%,1,0,1.0,5.0,1.0,21,94,Employed,Government,51,1,5,1.0,1,1,1,46-55,Never_married,23.0,1.0,Graduate,0,2,2,2,2.0,0,38,300,2,4,0
15000.0,234.0,0.0,Very_Low,1,200-400%,1,0,1.0,2.0,1.0,51,81,Employed,Private,39,2,1,1.0,1,1,1,36-45,Married,19.0,1.0,Some_college,0,2,2,2,2.0,0,38,100,2,4,0
75000.0,234.0,0.0,High,1,200-400%,1,0,1.0,1.0,1.0,91,61,Employed,Private,40,1,1,1.0,1,1,1,36-45,Married,15.0,1.0,Less_than_HS,0,2,2,2,2.0,0,38,100,2,4,0
145000.0,501.0,0.0,Very_High,1,>400%,1,0,1.0,5.0,1.0,57,93,Employed,Government,61,1,1,1.0,1,1,1,56-65,Married,19.0,1.0,Some_college,0,2,2,2,2.0,0,38,300,2,4,0
25000.0,501.0,0.0,Low,1,>400%,1,0,1.0,1.0,1.0,59,50,Employed,Private,62,2,1,1.0,1,1,1,56-65,Married,16.0,1.0,HS_diploma,0,2,2,2,2.0,0,38,300,2,4,0
90000.0,471.0,0.0,Very_High,1,>400%,1,0,1.0,1.0,1.0,15,30,Employed,Private,39,1,1,1.0,1,1,1,36-45,Married,19.0,1.0,Some_college,0,2,2,2,2.0,0,38,400,2,4,0
20000.0,471.0,0.0,Low,1,>400%,1,0,3.0,1.0,1.0,26,54,Unemployed,Private,39,2,1,1.0,1,1,1,36-45,Married,21.0,1.0,Bachelors,0,2,2,2,2.0,0,38,400,2,4,0
100000.0,501.0,0.0,Very_High,1,>400%,1,0,1.0,1.0,1.0,07,45,Employed,Private,47,1,1,1.0,1,1,1,46-55,Married,22.0,1.0,Graduate,0,2,2,2,2.0,0,38,400,2,4,0
103000.0,501.0,0.0,Very_High,1,>400%,1,0,1.0,2.0,1.0,32,81,Employed,Private,42,2,1,1.0,1,1,2,36-45,Married,19.0,1.0,Some_college,0,2,2,2,2.0,0,38,400,2,4,0
40000.0,501.0,0.0,Medium,1,>400%,1,0,1.0,2.0,1.0,36,81,Employed,Private,23,2,5,3.0,1,1,2,18-25,Never_married,18.0,1.0,Some_college,0,2,2,2,2.0,0,38,400,2,4,0
59000.0,501.0,0.0,High,1,>400%,1,0,1.0,1.0,1.0,60,01,Employed,Private,20,1,5,1.0,1,1,2,18-25,Never_married,18.0,1.0,Some_college,0,2,2,2,2.0,0,38,400,2,4,0
0.0,501.0,3600.0,,1,>400%,0,1,1.0,6.0,1.0,42,92,Employed,Self_employed,18,2,5,1.0,1,1,2,18-25,Never_married,18.0,1.0,Some_college,0,2,2,2,2.0,0,38,400,2,4,0
62000.0,501.0,0.0,High,1,>400%,1,0,1.0,1.0,1.0,12,75,Employed,Private,25,1,1,1.0,1,1,2,18-25,Married,23.0,1.0,Graduate,0,2,2,2,2.0,0,38,400,2,4,0
120000.0,501.0,0.0,Very_High,1,>400%,1,0,1.0,1.0,1.0,47,51,Employed,Private,62,1,3,1.0,1,1,1,56-65,Divorced_Separated,21.0,1.0,Bachelors,0,2,2,2,2.0,0,38,200,2,4,0
79000.0,501.0,0.0,Very_High,1,>400%,1,0,1.0,2.0,1.0,32,81,Employed,Private,58,2,3,1.0,1,1,1,56-65,Divorced_Separated,20.0,1.0,Some_college,0,1,1,2,1.0,1,38,600,2,4,0
0.0,501.0,0.0,,1,>400%,0,0,6.0,2.0,2.0,33,81,Not_in_labor_force,Private,34,2,5,1.0,1,1,1,26-35,Never_married,20.0,1.0,Some_college,0,1,1,2,1.0,1,38,600,2,4,1
52000.0,501.0,0.0,High,1,>400%,1,0,1.0,1.0,1.0,81,07,Employed,Private,25,1,5,1.0,1,9,2,18-25,Never_married,16.0,1.0,HS_diploma,0,2,2,2,2.0,0,38,600,2,4,0
28000.0,156.0,0.0,Low,1,138-200%,1,0,1.0,1.0,1.0,51,68,Employed,Private,39,2,1,1.0,1,1,1,36-45,Married,19.0,1.0,Some_college,0,2,2,2,2.0,0,38,400,2,4,0
0.0,156.0,20000.0,,1,138-200%,0,1,1.0,6.0,1.0,72,87,Employed,Self_employed,40,1,1,1.0,1,1,1,36-45,Married,20.0,1.0,Some_college,0,2,2,2,2.0,0,38,400,2,4,0
125000.0,501.0,0.0,Very_High,1,>400%,1,0,1.0,3.0,1.0,02,78,Employed,Government,43,1,1,1.0,1,1,1,36-45,Married,22.0,3.0,Graduate,1,2,2,2,2.0,0,38,100,2,4,0
70000.0,501.0,0.0,High,1,>400%,1,0,1.0,3.0,1.0,23,78,Employed,Government,37,2,1,1.0,1,1,1,36-45,Married,22.0,1.0,Graduate,0,2,2,2,2.0,0,38,100,2,4,0
0.0,391.0,0.0,,0,200-400%,0,0,6.0,1.0,3.0,42,69,Not_in_labor_force,Private,55,2,1,1.0,1,1,1,46-55,Married,17.0,1.0,HS_diploma,0,1,2,2,2.0,1,38,100,2,4,1
78000.0,391.0,0.0,Very_High,1,200-400%,1,0,1.0,1.0,1.0,69,04,Employed,Private,50,1,1,1.0,1,1,1,46-55,Married,15.0,1.0,Less_than_HS,0,2,2,2,2.0,0,38,100,2,4,0
94000.0,473.0,0.0,Very_High,1,>400%,1,0,1.0,1.0,1.0,10,05,Employed,Private,46,1,1,1.0,1,1,1,46-55,Married,21.0,1.0,Bachelors,0,2,2,2,2.0,0,38,300,2,4,0
35000.0,473.0,0.0,Medium,1,>400%,1,0,1.0,1.0,1.0,34,80,Employed,Private,45,2,1,1.0,1,1,1,36-45,Married,20.0,1.0,Some_college,0,2,2,2,2.0,0,38,300,2,4,0
96000.0,501.0,0.0,Very_High,3,>400%,1,0,1.0,1.0,1.0,19,10,Employed,Private,57,1,1,1.0,1,1,1,56-65,Married,22.0,1.0,Graduate,0,2,2,2,2.0,0,38,500,2,4,0
4000.0,501.0,0.0,Very_Low,1,>400%,1,0,3.0,1.0,1.0,41,86,Unemployed,Private,54,2,1,1.0,1,1,1,46-55,Married,16.0,1.0,HS_diploma,0,2,2,2,2.0,0,38,500,2,4,0
50000.0,501.0,0.0,Medium,1,>400%,1,0,1.0,3.0,1.0,20,78,Employed,Government,43,2,1,1.0,1,1,1,36-45,Married,22.0,1.0,Graduate,0,2,2,2,2.0,0,38,100,2,4,0
82000.0,501.0,0.0,Very_High,1,>400%,1,0,1.0,1.0,1.0,47,46,Employed,Private,50,1,1,1.0,1,1,1,46-55,Married,19.0,1.0,Some_college,0,2,2,2,2.0,0,38,600,2,4,0
68000.0,501.0,0.0,High,1,>400%,1,0,1.0,2.0,1.0,35,81,Employed,Private,55,2,1,1.0,1,1,1,46-55,Married,20.0,1.0,Some_college,0,2,2,2,2.0,0,38,600,2,4,0
48000.0,307.0,0.0,Medium,1,200-400%,1,0,1.0,1.0,1.0,73,70,Employed,Private,48,1,5,3.0,1,1,1,46-55,Never_married,19.0,1.0,Some_college,0,2,2,2,2.0,0,38,600,2,4,0
60000.0,501.0,0.0,High,1,>400%,1,0,1.0,5.0,1.0,42,85,Employed,Government,53,1,1,3.0,1,1,1,46-55,Married,18.0,1.0,Some_college,0,2,2,2,2.0,0,38,200,2,4,0
60000.0,501.0,0.0,High,1,>400%,1,0,2.0,4.0,1.0,05,69,Employed,Government,53,2,1,3.0,1,1,1,46-55,Married,18.0,1.0,Some_college,0,2,2,2,2.0,0,38,200,2,4,0
55000.0,400.0,3000.0,High,3,200-400%,1,1,1.0,1.0,1.0,04,70,Employed,Private,56,2,3,1.0,1,1,1,56-65,Divorced_Separated,21.0,1.0,Bachelors,0,2,2,2,2.0,0,38,300,2,4,0
0.0,90.0,0.0,,1,<100%,0,0,3.0,1.0,2.0,97,40,Unemployed,Private,35,1,1,3.0,2,9,2,26-35,Married,16.0,1.0,HS_diploma,0,2,2,2,2.0,0,38,500,2,4,1
20000.0,90.0,0.0,Low,1,<100%,1,0,1.0,1.0,1.0,77,27,Employed,Private,34,2,1,3.0,2,9,2,26-35,Married,13.0,1.0,Less_than_HS,0,2,2,2,2.0,0,38,500,2,4,0
140000.0,501.0,0.0,Very_High,1,>400%,1,0,1.0,1.0,1.0,68,04,Employed,Private,39,1,3,1.0,1,1,1,36-45,Divorced_Separated,19.0,1.0,Some_college,0,2,2,2,2.0,0,38,400,2,4,0
0.0,70.0,0.0,,1,<100%,0,0,6.0,1.0,3.0,42,69,Not_in_labor_force,Private,24,1,5,1.0,1,1,1,18-25,Never_married,16.0,1.0,HS_diploma,0,1,2,2,2.0,1,38,500,2,4,0
82000.0,501.0,0.0,Very_High,1,>400%,1,0,1.0,1.0,1.0,47,69,Employed,Private,27,2,1,1.0,1,1,1,26-35,Married,21.0,1.0,Bachelors,0,2,2,2,2.0,0,38,600,2,4,0
80000.0,501.0,0.0,Very_High,1,>400%,1,0,1.0,1.0,1.0,62,07,Employed,Private,31,1,1,1.0,1,1,1,26-35,Married,19.0,1.0,Some_college,0,2,2,2,2.0,0,38,600,2,4,0
28800.0,210.0,0.0,Low,2,200-400%,1,0,1.0,1.0,1.0,60,01,Employed,Private,52,1,3,1.0,1,1,1,46-55,Divorced_Separated,16.0,1.0,HS_diploma,0,2,2,2,2.0,0,38,500,2,4,1
30000.0,194.0,0.0,Low,1,138-200%,1,0,1.0,1.0,1.0,51,49,Employed,Private,50,2,3,1.0,1,1,1,46-55,Divorced_Separated,19.0,1.0,Some_college,0,1,2,1,2.0,1,38,500,2,4,0
91000.0,501.0,0.0,Very_High,2,>400%,1,0,1.0,5.0,1.0,20,94,Employed,Government,41,2,3,1.0,1,1,1,36-45,Divorced_Separated,22.0,1.0,Graduate,0,2,2,2,2.0,0,38,500,2,4,0
0.0,72.0,0.0,,1,<100%,0,0,6.0,1.0,3.0,42,69,Not_in_labor_force,Private,63,2,3,1.0,1,1,1,56-65,Divorced_Separated,19.0,1.0,Some_college,0,1,2,2,1.0,1,38,300,2,4,1
80000.0,501.0,0.0,Very_High,1,>400%,1,0,1.0,1.0,1.0,60,01,Employed,Private,61,1,3,1.0,1,1,1,56-65,Divorced_Separated,19.0,1.0,Some_college,0,2,2,2,2.0,0,38,500,2,4,0
16000.0,358.0,0.0,Low,3,200-400%,1,0,1.0,1.0,1.0,44,90,Employed,Private,65,2,3,1.0,1,1,1,56-65,Divorced_Separated,20.0,1.0,Some_college,0,2,2,2,2.0,0,38,300,2,4,0
80000.0,414.0,0.0,Very_High,1,>400%,1,0,1.0,1.0,1.0,02,01,Employed,Private,29,1,1,1.0,1,1,1,26-35,Married,16.0,1.0,HS_diploma,0,2,2,2,2.0,0,38,500,2,4,0
43000.0,414.0,0.0,Medium,1,>400%,1,0,1.0,1.0,1.0,23,78,Employed,Private,27,2,1,1.0,1,1,1,26-35,Married,21.0,1.0,Bachelors,0,2,2,2,2.0,0,38,500,2,4,0
36000.0,427.0,0.0,Medium,1,>400%,1,0,1.0,2.0,1.0,51,81,Employed,Private,36,2,1,1.0,1,1,1,36-45,Married,20.0,1.0,Some_college,0,2,2,2,2.0,0,38,200,2,4,0
0.0,427.0,50000.0,,1,>400%,0,1,1.0,6.0,1.0,72,87,Employed,Self_employed,36,1,1,1.0,1,1,1,36-45,Married,17.0,1.0,HS_diploma,0,2,2,2,2.0,0,38,200,2,4,0
0.0,36.0,3000.0,,1,<100%,0,1,1.0,6.0,1.0,02,01,Employed,Self_employed,25,1,5,1.0,1,1,1,18-25,Never_married,20.0,1.0,Some_college,0,2,2,2,2.0,0,38,400,2,4,0
55000.0,270.0,0.0,High,1,200-400%,1,0,2.0,2.0,1.0,23,78,Employed,Private,33,2,1,1.0,1,1,1,26-35,Married,21.0,1.0,Bachelors,0,2,2,2,2.0,0,38,100,2,4,0
65000.0,270.0,0.0,High,1,200-400%,1,0,1.0,1.0,1.0,52,42,Employed,Private,38,1,1,1.0,1,9,1,36-45,Married,16.0,1.0,HS_diploma,0,1,2,1,2.0,1,38,100,2,4,0
0.0,42.0,0.0,,1,<100%,0,0,6.0,1.0,3.0,42,69,Not_in_labor_force,Private,59,1,3,1.0,1,3,1,56-65,Divorced_Separated,16.0,1.0,HS_diploma,0,2,2,2,2.0,0,38,300,2,4,1
76000.0,482.0,0.0,Very_High,1,>400%,1,0,1.0,1.0,1.0,52,42,Employed,Private,24,1,5,1.0,1,1,1,18-25,Never_married,19.0,1.0,Some_college,0,2,2,2,2.0,0,38,600,2,4,0
93000.0,497.0,25000.0,Very_High,2,>400%,1,1,1.0,2.0,1.0,32,82,Employed,Private,45,2,1,1.0,1,1,1,36-45,Married,21.0,1.0,Bachelors,0,2,2,2,2.0,0,38,500,2,4,0
0.0,497.0,30000.0,,1,>400%,0,1,1.0,6.0,1.0,02,01,Employed,Self_employed,46,1,1,1.0,1,1,1,46-55,Married,20.0,1.0,Some_college,0,2,2,2,2.0,0,38,500,2,4,0
3000.0,497.0,0.0,Very_Low,1,>400%,1,0,6.0,2.0,1.0,36,82,Not_in_labor_force,Private,18,2,5,1.0,1,1,1,18-25,Never_married,14.0,2.0,Less_than_HS,1,2,2,2,2.0,0,38,500,2,4,0
63000.0,321.0,0.0,High,1,200-400%,1,0,1.0,1.0,1.0,47,48,Employed,Private,48,1,1,1.0,1,1,1,46-55,Married,18.0,1.0,Some_college,0,2,2,2,2.0,0,38,200,2,4,0
0.0,321.0,0.0,,1,200-400%,0,0,6.0,1.0,3.0,42,69,Not_in_labor_force,Private,45,2,1,1.0,1,1,1,36-45,Married,22.0,1.0,Graduate,0,2,2,2,2.0,0,38,200,2,4,0
6000.0,321.0,0.0,Very_Low,2,200-400%,1,0,6.0,4.0,1.0,42,85,Not_in_labor_force,Government,18,1,5,1.0,1,1,1,18-25,Never_married,14.0,3.0,Less_than_HS,1,2,2,2,2.0,0,38,200,2,4,0
26000.0,72.0,0.0,Low,1,<100%,1,0,1.0,1.0,1.0,47,50,Employed,Private,26,1,1,1.0,1,3,1,26-35,Married,14.0,1.0,Less_than_HS,0,2,2,2,2.0,0,38,200,2,4,1
0.0,72.0,0.0,,0,<100%,0,0,6.0,1.0,2.0,47,50,Not_in_labor_force,Private,28,2,1,1.0,1,1,1,26-35,Married,16.0,1.0,HS_diploma,0,1,2,2,2.0,1,38,200,2,4,1
0.0,409.0,0.0,,2,>400%,0,0,6.0,1.0,3.0,42,69,Not_in_labor_force,Private,64,2,1,1.0,1,1,1,56-65,Married,19.0,1.0,Some_college,0,1,2,2,1.0,1,38,300,2,4,0
0.0,21.0,0.0,,1,<100%,0,0,6.0,1.0,3.0,42,69,Not_in_labor_force,Private,53,2,3,1.0,1,1,1,46-55,Divorced_Separated,19.0,1.0,Some_college,0,2,2,2,2.0,0,38,600,2,4,0
81000.0,501.0,0.0,Very_High,1,>400%,1,0,1.0,1.0,1.0,00,49,Employed,Private,62,2,3,1.0,1,1,1,56-65,Divorced_Separated,18.0,1.0,Some_college,0,2,2,2,2.0,0,38,300,2,4,0
140000.0,501.0,0.0,Very_High,1,>400%,1,0,1.0,1.0,1.0,15,72,Employed,Private,51,1,1,1.0,1,1,1,46-55,Married,20.0,1.0,Some_college,0,2,2,2,2.0,0,38,300,2,4,0
50000.0,501.0,0.0,Medium,1,>400%,1,0,1.0,1.0,1.0,57,46,Employed,Private,50,2,1,1.0,1,1,1,46-55,Married,16.0,1.0,HS_diploma,0,2,2,2,2.0,0,38,300,2,4,0
63000.0,501.0,0.0,High,1,>400%,1,0,1.0,1.0,1.0,33,79,Employed,Private,26,2,5,1.0,1,1,1,26-35,Never_married,20.0,1.0,Some_college,0,2,2,2,2.0,0,38,300,2,4,0
0.0,168.0,0.0,,0,138-200%,0,0,6.0,6.0,2.0,02,01,Not_in_labor_force,Self_employed,41,2,1,1.0,1,1,1,36-45,Married,16.0,1.0,HS_diploma,0,2,2,2,2.0,0,38,100,2,4,0
50000.0,168.0,0.0,Medium,1,138-200%,1,0,1.0,1.0,1.0,91,61,Employed,Private,40,1,1,1.0,1,1,1,36-45,Married,19.0,1.0,Some_college,0,2,2,2,2.0,0,38,100,2,4,0
25000.0,184.0,10000.0,Low,2,138-200%,1,1,1.0,6.0,1.0,40,78,Employed,Self_employed,54,1,5,1.0,1,1,1,46-55,Never_married,21.0,1.0,Bachelors,0,1,1,2,2.0,1,38,200,2,4,0
0.0,156.0,24000.0,,1,138-200%,0,1,1.0,6.0,1.0,62,07,Employed,Self_employed,52,2,5,1.0,1,1,1,46-55,Never_married,19.0,1.0,Some_college,0,2,2,2,2.0,0,38,200,2,4,0
1300.0,184.0,0.0,Very_Low,1,138-200%,1,0,6.0,1.0,1.0,54,60,Not_in_labor_force,Private,19,2,5,1.0,1,1,1,18-25,Never_married,21.0,2.0,Bachelors,1,2,2,2,2.0,0,38,200,2,4,0
60000.0,212.0,0.0,High,1,200-400%,1,0,1.0,5.0,1.0,42,85,Employed,Government,54,1,1,1.0,1,1,1,46-55,Married,19.0,1.0,Some_college,0,2,2,2,2.0,0,38,200,2,4,0
14000.0,212.0,0.0,Very_Low,1,200-400%,1,0,1.0,2.0,1.0,50,81,Employed,Private,40,2,1,1.0,1,1,1,36-45,Married,20.0,1.0,Some_college,0,2,2,2,2.0,0,38,200,2,4,0
38000.0,187.0,0.0,Medium,1,138-200%,1,0,1.0,1.0,1.0,64,07,Employed,Private,29,1,5,3.0,1,9,23,26-35,Never_married,18.0,1.0,Some_college,0,2,2,2,2.0,0,38,600,2,4,0
11000.0,71.0,0.0,Very_Low,1,<100%,1,0,1.0,1.0,1.0,47,68,Employed,Private,28,2,5,3.0,1,1,1,26-35,Never_married,19.0,1.0,Some_college,0,2,2,2,2.0,0,38,600,2,4,0
35000.0,225.0,0.0,Medium,1,200-400%,1,0,1.0,1.0,1.0,03,82,Employed,Private,63,2,3,1.0,1,1,1,56-65,Divorced_Separated,20.0,1.0,Some_college,0,2,2,2,2.0,0,38,400,2,4,0
62000.0,398.0,0.0,High,1,200-400%,1,0,1.0,1.0,1.0,32,79,Employed,Private,64,2,3,1.0,1,1,1,56-65,Divorced_Separated,20.0,1.0,Some_college,0,1,1,2,2.0,1,38,100,2,4,0
0.0,343.0,0.0,,1,200-400%,0,0,6.0,1.0,3.0,42,69,Not_in_labor_force,Private,65,1,2,1.0,1,1,1,56-65,Divorced_Separated,16.0,1.0,HS_diploma,0,1,2,1,2.0,1,38,100,2,4,0
43000.0,275.0,0.0,Medium,1,200-400%,1,0,1.0,1.0,1.0,60,01,Employed,Private,29,1,1,1.0,2,9,1,26-35,Married,20.0,1.0,Some_college,0,2,2,2,2.0,0,38,500,2,4,0
37700.0,241.0,0.0,Medium,1,200-400%,1,0,1.0,1.0,1.0,60,01,Employed,Private,54,1,5,1.0,2,9,1,46-55,Never_married,16.0,1.0,HS_diploma,0,2,2,2,2.0,0,38,500,2,4,0
11900.0,76.0,0.0,Very_Low,1,<100%,1,0,1.0,1.0,1.0,60,01,Employed,Private,45,1,5,2.0,2,9,1,36-45,Never_married,16.0,1.0,HS_diploma,0,2,2,2,2.0,0,38,500,2,4,0
36200.0,232.0,0.0,Medium,1,200-400%,1,0,1.0,1.0,1.0,60,01,Employed,Private,40,1,5,1.0,2,9,1,36-45,Never_married,19.0,1.0,Some_college,0,2,2,2,2.0,0,38,500,2,4,0
44000.0,282.0,0.0,Medium,1,200-400%,1,0,1.0,1.0,1.0,60,01,Employed,Private,35,1,5,1.0,2,9,1,26-35,Never_married,16.0,1.0,HS_diploma,0,2,2,2,2.0,0,38,500,2,4,0
46100.0,295.0,0.0,Medium,1,200-400%,1,0,1.0,1.0,1.0,60,01,Employed,Private,31,1,5,1.0,2,9,1,26-35,Never_married,17.0,1.0,HS_diploma,0,2,2,2,2.0,0,38,500,2,4,0
39100.0,250.0,0.0,Medium,1,200-400%,1,0,1.0,1.0,1.0,60,01,Employed,Private,31,1,5,1.0,2,9,1,26-35,Never_married,19.0,1.0,Some_college,0,2,2,2,2.0,0,38,500,2,4,0
40000.0,256.0,0.0,Medium,1,200-400%,1,0,1.0,1.0,1.0,60,01,Employed,Private,29,1,5,1.0,2,9,1,26-35,Never_married,16.0,1.0,HS_diploma,0,2,2,2,2.0,0,38,500,2,4,0
14500.0,93.0,0.0,Very_Low,1,<100%,1,0,1.0,1.0,1.0,60,01,Employed,Private,27,1,5,1.0,2,9,1,26-35,Never_married,16.0,1.0,HS_diploma,0,2,2,2,2.0,0,38,500,2,4,1
35000.0,224.0,0.0,Medium,1,200-400%,1,0,1.0,1.0,1.0,60,01,Employed,Private,27,1,5,2.0,2,9,1,26-35,Never_married,16.0,1.0,HS_diploma,0,2,2,2,2.0,0,38,500,2,4,0
59000.0,378.0,0.0,High,1,200-400%,1,0,1.0,1.0,1.0,60,01,Employed,Private,22,1,5,1.0,2,9,1,18-25,Never_married,20.0,1.0,Some_college,0,2,2,2,2.0,0,38,500,2,4,0
12100.0,77.0,0.0,Very_Low,1,<100%,1,0,1.0,1.0,1.0,60,01,Employed,Private,20,1,5,2.0,2,9,1,18-25,Never_married,16.0,1.0,HS_diploma,0,2,2,2,2.0,0,38,500,2,4,0
12000.0,486.0,0.0,Very_Low,1,>400%,1,0,1.0,3.0,1.0,40,78,Employed,Government,43,2,1,1.0,1,1,1,36-45,Married,16.0,1.0,HS_diploma,0,2,2,2,2.0,0,38,200,2,4,0
85000.0,486.0,0.0,Very_High,1,>400%,1,0,1.0,1.0,1.0,19,45,Employed,Private,49,1,1,1.0,1,1,1,46-55,Married,20.0,1.0,Some_college,0,2,2,2,2.0,0,38,200,2,4,0
14000.0,88.0,0.0,Very_Low,1,<100%,1,0,1.0,4.0,1.0,52,78,Employed,Government,22,1,5,1.0,1,1,1,18-25,Never_married,21.0,2.0,Bachelors,1,2,2,2,2.0,0,38,500,2,4,0
0.0,0.0,0.0,,0,,0,0,3.0,1.0,2.0,47,53,Unemployed,Private,22,1,5,1.0,1,9,21,18-25,Never_married,19.0,2.0,Some_college,1,2,2,2,2.0,0,38,500,2,4,0
12000.0,76.0,0.0,Very_Low,2,<100%,1,0,1.0,4.0,1.0,76,78,Employed,Government,21,1,5,1.0,1,1,1,18-25,Never_married,19.0,2.0,Some_college,1,2,2,2,2.0,0,38,500,2,4,0
75000.0,501.0,0.0,High,1,>400%,1,0,1.0,4.0,1.0,32,69,Employed,Government,35,2,1,1.0,1,1,1,26-35,Married,21.0,1.0,Bachelors,0,2,2,2,2.0,0,38,500,2,4,0
20000.0,446.0,0.0,Low,2,>400%,1,0,1.0,1.0,1.0,60,01,Employed,Private,59,1,5,1.0,1,1,1,56-65,Never_married,16.0,1.0,HS_diploma,0,2,2,2,2.0,0,38,600,2,4,0
40000.0,253.0,0.0,Medium,1,200-400%,1,0,1.0,1.0,1.0,73,39,Employed,Private,23,1,5,1.0,1,1,1,18-25,Never_married,20.0,1.0,Some_college,0,2,2,2,2.0,0,38,600,2,4,0
60000.0,354.0,0.0,High,2,200-400%,1,0,1.0,3.0,1.0,20,78,Employed,Government,42,1,1,1.0,1,1,1,36-45,Married,21.0,1.0,Bachelors,0,2,2,2,2.0,0,38,400,2,4,0
68000.0,354.0,0.0,High,1,200-400%,1,0,1.0,2.0,1.0,32,81,Employed,Private,38,2,1,1.0,1,1,1,36-45,Married,21.0,1.0,Bachelors,0,2,2,2,2.0,0,38,400,2,4,0
0.0,188.0,0.0,,0,138-200%,0,0,6.0,1.0,3.0,42,69,Not_in_labor_force,Private,63,2,1,1.0,1,1,1,56-65,Married,20.0,1.0,Some_college,0,2,2,2,2.0,0,38,200,2,4,0
0.0,95.0,0.0,,0,<100%,0,0,6.0,1.0,3.0,42,69,Not_in_labor_force,Private,60,2,1,1.0,1,1,1,56-65,Married,20.0,1.0,Some_college,0,2,2,2,2.0,0,38,500,2,4,1
0.0,95.0,0.0,,1,<100%,0,0,6.0,1.0,3.0,42,69,Not_in_labor_force,Private,62,1,1,1.0,1,1,1,56-65,Married,11.0,1.0,Less_than_HS,0,2,2,2,2.0,0,38,500,2,4,1
100000.0,501.0,0.0,Very_High,2,>400%,1,0,1.0,2.0,1.0,47,69,Employed,Private,53,2,1,1.0,1,1,1,46-55,Married,20.0,1.0,Some_college,0,2,2,2,2.0,0,38,600,2,4,0
55000.0,277.0,0.0,High,1,200-400%,1,0,1.0,1.0,1.0,04,72,Employed,Private,41,2,1,1.0,1,1,1,36-45,Married,21.0,1.0,Bachelors,0,2,2,2,2.0,0,38,500,2,4,0
0.0,277.0,30000.0,,1,200-400%,0,1,6.0,6.0,1.0,02,01,Not_in_labor_force,Self_employed,48,1,1,1.0,1,1,1,46-55,Married,21.0,1.0,Bachelors,0,2,2,2,2.0,0,38,500,2,4,0
125000.0,501.0,30000.0,Very_High,2,>400%,1,1,1.0,6.0,1.0,02,01,Employed,Self_employed,60,1,1,1.0,1,1,1,56-65,Married,16.0,1.0,HS_diploma,0,2,2,2,2.0,0,38,100,2,4,0
0.0,501.0,2500.0,,1,>400%,0,1,1.0,6.0,1.0,02,01,Employed,Self_employed,20,1,5,1.0,1,1,1,18-25,Never_married,18.0,2.0,Some_college,1,2,2,2,2.0,0,38,100,2,4,0
2200.0,14.0,0.0,Very_Low,1,<100%,1,0,1.0,1.0,1.0,42,76,Employed,Private,19,2,5,1.0,1,9,1,18-25,Never_married,19.0,2.0,Some_college,1,2,2,2,2.0,0,38,100,2,4,1
26000.0,501.0,0.0,Low,1,>400%,1,0,1.0,3.0,1.0,40,78,Employed,Government,61,2,1,1.0,1,1,1,56-65,Married,16.0,1.0,HS_diploma,0,2,2,2,2.0,0,38,100,2,4,0
16000.0,501.0,0.0,Low,1,>400%,1,0,1.0,1.0,1.0,54,79,Employed,Private,46,2,1,1.0,1,1,1,46-55,Married,16.0,1.0,HS_diploma,0,2,2,2,2.0,0,38,200,2,4,0
160000.0,501.0,0.0,Very_High,1,>400%,1,0,1.0,1.0,1.0,89,22,Employed,Private,47,1,1,1.0,1,1,1,46-55,Married,19.0,1.0,Some_college,0,2,2,2,2.0,0,38,200,2,4,0
39500.0,250.0,0.0,Medium,1,200-400%,1,0,1.0,3.0,1.0,23,78,Employed,Government,25,1,5,3.0,1,1,1,18-25,Never_married,21.0,1.0,Bachelors,0,2,2,2,2.0,0,38,600,2,4,0
4000.0,25.0,0.0,Very_Low,2,<100%,1,0,1.0,4.0,1.0,93,78,Employed,Government,24,1,5,1.0,2,6,1,18-25,Never_married,19.0,2.0,Some_college,1,2,2,2,2.0,0,38,500,2,4,0
15000.0,501.0,0.0,Very_Low,1,>400%,1,0,1.0,1.0,1.0,32,80,Employed,Private,46,2,1,1.0,1,1,1,46-55,Married,21.0,1.0,Bachelors,0,2,2,2,2.0,0,38,600,2,4,0
65000.0,501.0,0.0,High,1,>400%,1,0,1.0,5.0,1.0,72,73,Employed,Government,30,1,1,1.0,1,9,1,26-35,Married,19.0,1.0,Some_college,0,2,2,2,2.0,0,38,500,2,4,0
55000.0,501.0,0.0,High,1,>400%,1,0,1.0,5.0,1.0,72,07,Employed,Government,32,2,1,1.0,1,9,1,26-35,Married,17.0,1.0,HS_diploma,0,2,2,2,2.0,0,38,500,2,4,0
65000.0,348.0,0.0,High,1,200-400%,1,0,1.0,1.0,1.0,72,48,Employed,Private,28,1,1,3.0,1,1,1,26-35,Married,20.0,1.0,Some_college,0,2,2,2,2.0,0,38,400,2,4,0
60000.0,348.0,0.0,High,1,200-400%,1,0,1.0,1.0,1.0,05,44,Employed,Private,28,2,1,3.0,1,1,1,26-35,Married,21.0,1.0,Bachelors,0,2,2,2,2.0,0,38,400,2,4,0
30000.0,197.0,0.0,Low,1,138-200%,1,0,1.0,3.0,1.0,58,93,Employed,Government,30,2,5,3.0,1,1,1,26-35,Never_married,20.0,1.0,Some_college,0,2,2,2,2.0,0,38,600,2,4,0
50000.0,328.0,0.0,Medium,1,200-400%,1,0,1.0,3.0,1.0,15,72,Employed,Government,32,1,3,3.0,1,1,1,26-35,Divorced_Separated,20.0,1.0,Some_college,0,2,2,2,2.0,0,38,600,2,4,0
0.0,199.0,80000.0,,1,138-200%,0,1,1.0,6.0,1.0,08,73,Employed,Self_employed,37,1,1,1.0,1,1,1,36-45,Married,22.0,1.0,Graduate,0,2,2,2,2.0,0,38,300,2,4,0
0.0,199.0,0.0,,0,138-200%,0,0,6.0,1.0,3.0,42,69,Not_in_labor_force,Private,34,2,1,1.0,1,1,1,26-35,Married,21.0,1.0,Bachelors,0,2,2,2,2.0,0,38,300,2,4,0
80000.0,432.0,0.0,Very_High,1,>400%,1,0,1.0,2.0,1.0,32,82,Employed,Private,60,2,1,1.0,1,1,1,56-65,Married,21.0,1.0,Bachelors,0,2,2,2,2.0,0,38,400,2,4,0
65000.0,501.0,0.0,High,1,>400%,1,0,1.0,1.0,1.0,50,69,Employed,Private,59,2,1,1.0,1,1,1,56-65,Married,21.0,1.0,Bachelors,0,2,2,2,2.0,0,38,300,2,4,0
65000.0,501.0,0.0,High,1,>400%,1,0,1.0,1.0,1.0,48,05,Employed,Private,61,1,1,1.0,1,1,1,56-65,Married,20.0,1.0,Some_college,0,2,2,2,2.0,0,38,300,2,4,0
0.0,0.0,0.0,,0,,0,0,6.0,1.0,2.0,96,37,Not_in_labor_force,Private,42,1,5,1.0,1,1,1,36-45,Never_married,17.0,1.0,HS_diploma,0,1,2,2,2.0,1,38,400,2,4,1
30000.0,501.0,0.0,Low,1,>400%,1,0,1.0,1.0,1.0,54,74,Employed,Private,53,2,1,1.0,1,1,1,46-55,Married,20.0,1.0,Some_college,0,2,2,2,2.0,0,38,500,2,4,0
85000.0,501.0,0.0,Very_High,1,>400%,1,0,1.0,1.0,1.0,64,07,Employed,Private,59,1,1,1.0,1,1,1,56-65,Married,20.0,1.0,Some_college,0,2,2,2,2.0,0,38,500,2,4,0
32000.0,501.0,0.0,Medium,1,>400%,1,0,1.0,1.0,1.0,55,63,Employed,Private,28,1,5,1.0,1,1,1,26-35,Never_married,20.0,1.0,Some_college,0,2,2,2,2.0,0,38,500,2,4,0
32000.0,501.0,0.0,Medium,1,>400%,1,0,1.0,1.0,1.0,56,35,Employed,Private,23,1,5,1.0,1,1,1,18-25,Never_married,16.0,1.0,HS_diploma,0,2,2,2,2.0,0,38,500,2,4,0
45000.0,295.0,0.0,Medium,1,200-400%,1,0,1.0,2.0,1.0,33,81,Employed,Private,36,2,5,3.0,1,1,1,36-45,Never_married,20.0,1.0,Some_college,0,2,2,2,2.0,0,38,600,2,4,0
100000.0,501.0,0.0,Very_High,1,>400%,1,0,1.0,3.0,1.0,63,07,Employed,Government,30,1,5,3.0,1,1,1,26-35,Never_married,16.0,1.0,HS_diploma,0,2,2,2,2.0,0,38,600,2,4,0
48000.0,312.0,0.0,Medium,1,200-400%,1,0,1.0,5.0,1.0,42,94,Employed,Government,42,1,5,1.0,1,1,1,36-45,Never_married,21.0,1.0,Bachelors,0,2,2,2,2.0,0,38,200,2,4,0
35000.0,227.0,0.0,Medium,1,200-400%,1,0,1.0,1.0,1.0,52,69,Employed,Private,35,1,5,1.0,1,1,1,26-35,Never_married,18.0,1.0,Some_college,0,1,2,2,1.0,1,38,200,2,4,0
94000.0,501.0,0.0,Very_High,2,>400%,1,0,1.0,1.0,1.0,14,35,Employed,Private,33,2,5,1.0,1,1,1,26-35,Never_married,21.0,1.0,Bachelors,0,2,2,2,2.0,0,38,400,2,4,0
21000.0,501.0,0.0,Low,1,>400%,1,0,1.0,1.0,1.0,55,35,Employed,Private,37,2,5,3.0,1,1,1,36-45,Never_married,21.0,1.0,Bachelors,0,2,2,2,2.0,0,38,400,2,4,0
25000.0,501.0,0.0,Low,1,>400%,1,0,1.0,1.0,1.0,15,35,Employed,Private,31,2,5,3.0,1,1,1,26-35,Never_married,22.0,1.0,Graduate,0,2,2,2,2.0,0,38,400,2,4,0
80000.0,501.0,0.0,Very_High,1,>400%,1,0,1.0,1.0,1.0,09,68,Employed,Private,36,2,1,1.0,1,1,1,36-45,Married,21.0,1.0,Bachelors,0,2,2,2,2.0,0,38,400,2,4,0
65000.0,501.0,0.0,High,1,>400%,1,0,1.0,1.0,1.0,52,42,Employed,Private,38,1,1,1.0,1,1,1,36-45,Married,16.0,1.0,HS_diploma,0,2,2,2,2.0,0,38,400,2,4,0
71000.0,477.0,0.0,High,2,>400%,1,0,1.0,2.0,1.0,02,78,Employed,Private,34,1,5,1.0,2,1,1,26-35,Never_married,22.0,1.0,Graduate,0,2,2,2,2.0,0,38,300,2,4,0
115000.0,501.0,0.0,Very_High,2,>400%,1,0,1.0,1.0,1.0,00,73,Employed,Private,62,2,5,1.0,1,1,1,56-65,Never_married,22.0,1.0,Graduate,0,2,2,2,2.0,0,38,600,2,4,0
0.0,355.0,0.0,,0,200-400%,0,0,6.0,1.0,2.0,91,01,Not_in_labor_force,Private,54,1,1,1.0,1,1,1,46-55,Married,16.0,1.0,HS_diploma,0,2,2,2,2.0,0,38,400,2,4,0
70000.0,355.0,0.0,High,1,200-400%,1,0,3.0,1.0,1.0,51,01,Unemployed,Private,57,2,1,1.0,1,1,1,56-65,Married,19.0,1.0,Some_college,0,2,2,2,2.0,0,38,400,2,4,0
0.0,243.0,0.0,,2,200-400%,0,0,6.0,4.0,2.0,07,74,Not_in_labor_force,Government,64,2,5,1.0,1,1,1,56-65,Never_married,20.0,1.0,Some_college,0,1,2,2,2.0,1,38,400,2,4,0
100000.0,501.0,0.0,Very_High,1,>400%,1,0,1.0,4.0,1.0,01,93,Employed,Government,39,2,1,1.0,1,1,1,36-45,Married,22.0,1.0,Graduate,0,2,2,2,2.0,0,38,300,2,4,0
75000.0,501.0,0.0,High,1,>400%,1,0,1.0,3.0,1.0,38,94,Employed,Government,38,1,1,1.0,1,1,1,36-45,Married,19.0,1.0,Some_college,0,2,2,2,2.0,0,38,300,2,4,0
50000.0,326.0,0.0,Medium,1,200-400%,1,0,1.0,1.0,1.0,23,78,Employed,Private,47,1,5,1.0,1,1,1,46-55,Never_married,21.0,1.0,Bachelors,0,2,2,2,2.0,0,38,200,2,4,0
11000.0,71.0,0.0,Very_Low,1,<100%,1,0,1.0,1.0,1.0,96,87,Employed,Private,27,1,5,3.0,1,1,1,26-35,Never_married,16.0,1.0,HS_diploma,0,2,2,2,2.0,0,38,200,2,4,0
48000.0,308.0,10400.0,Medium,3,200-400%,1,1,1.0,2.0,1.0,42,82,Employed,Private,64,1,1,1.0,1,1,1,56-65,Married,19.0,1.0,Some_college,0,2,2,2,2.0,0,38,500,2,4,0
0.0,308.0,0.0,,1,200-400%,0,0,6.0,2.0,2.0,20,82,Not_in_labor_force,Private,64,2,1,1.0,1,1,1,56-65,Married,20.0,1.0,Some_college,0,1,2,2,1.0,1,38,500,2,4,0
0.0,79.0,0.0,,1,<100%,0,0,6.0,3.0,2.0,57,78,Not_in_labor_force,Government,60,2,4,1.0,1,1,1,56-65,Divorced_Separated,19.0,1.0,Some_college,0,2,2,2,2.0,0,38,400,2,4,0
24000.0,501.0,0.0,Low,1,>400%,1,0,1.0,3.0,1.0,23,78,Employed,Government,44,2,1,1.0,1,1,1,36-45,Married,19.0,1.0,Some_college,0,2,2,2,2.0,0,38,600,2,4,0
2000.0,501.0,0.0,Very_Low,1,>400%,1,0,6.0,1.0,1.0,39,85,Not_in_labor_force,Private,18,2,5,1.0,1,9,2,18-25,Never_married,18.0,2.0,Some_college,1,1,2,2,2.0,1,38,600,2,4,0
50000.0,501.0,0.0,Medium,1,>400%,1,0,1.0,2.0,1.0,32,81,Employed,Private,57,2,1,1.0,1,1,1,56-65,Married,20.0,1.0,Some_college,0,2,2,2,2.0,0,38,400,2,4,0
100000.0,501.0,0.0,Very_High,1,>400%,1,0,1.0,1.0,1.0,62,07,Employed,Private,57,1,1,1.0,1,1,1,56-65,Married,1.0,1.0,Less_than_HS,0,2,2,2,2.0,0,38,400,2,4,0
55000.0,270.0,0.0,High,1,200-400%,1,0,1.0,5.0,1.0,37,94,Employed,Government,32,1,5,1.0,1,1,1,26-35,Never_married,18.0,1.0,Some_college,0,2,2,2,2.0,0,38,500,2,4,0
36000.0,501.0,0.0,Medium,2,>400%,1,0,1.0,1.0,1.0,49,66,Employed,Private,64,1,1,1.0,1,1,1,56-65,Married,20.0,1.0,Some_college,0,2,2,2,2.0,0,38,200,2,4,0
65000.0,501.0,0.0,High,1,>400%,1,0,1.0,2.0,1.0,32,80,Employed,Private,60,2,1,1.0,1,1,1,56-65,Married,20.0,1.0,Some_college,0,2,2,2,2.0,0,38,200,2,4,0
50000.0,326.0,0.0,Medium,1,200-400%,1,0,1.0,1.0,1.0,01,68,Employed,Private,60,1,5,1.0,1,1,1,56-65,Never_married,21.0,1.0,Bachelors,0,2,2,2,2.0,0,38,600,2,4,0
7500.0,458.0,0.0,Very_Low,3,>400%,1,0,1.0,1.0,1.0,42,48,Employed,Private,49,1,5,1.0,1,1,1,46-55,Never_married,16.0,1.0,HS_diploma,0,1,2,2,2.0,1,38,400,2,4,0
53000.0,346.0,0.0,High,1,200-400%,1,0,1.0,1.0,1.0,15,10,Employed,Private,23,2,5,3.0,1,1,1,18-25,Never_married,21.0,1.0,Bachelors,0,2,2,2,2.0,0,38,500,2,4,0
25000.0,163.0,0.0,Low,1,138-200%,1,0,6.0,5.0,1.0,55,63,Not_in_labor_force,Government,23,1,5,3.0,1,1,1,18-25,Never_married,19.0,2.0,Some_college,1,2,2,2,2.0,0,38,500,2,4,0
500.0,414.0,0.0,Very_Low,1,>400%,1,0,6.0,1.0,1.0,26,55,Not_in_labor_force,Private,33,2,1,1.0,1,1,1,26-35,Married,21.0,1.0,Bachelors,0,2,2,2,2.0,0,38,500,2,4,0
100000.0,414.0,0.0,Very_High,1,>400%,1,0,1.0,1.0,1.0,72,46,Employed,Private,34,1,1,1.0,1,1,1,26-35,Married,20.0,1.0,Some_college,0,2,2,2,2.0,0,38,500,2,4,0
11600.0,292.0,0.0,Very_Low,2,200-400%,1,0,1.0,1.0,1.0,36,92,Employed,Private,65,2,3,1.0,1,1,1,56-65,Divorced_Separated,20.0,1.0,Some_college,0,2,2,2,2.0,0,38,600,2,4,0
55000.0,501.0,0.0,High,1,>400%,1,0,1.0,1.0,1.0,96,30,Employed,Private,56,1,1,1.0,1,1,1,56-65,Married,24.0,1.0,Graduate,0,2,2,2,2.0,0,38,500,2,4,0
70000.0,501.0,0.0,High,1,>400%,1,0,1.0,4.0,1.0,20,83,Employed,Government,56,2,1,1.0,1,1,1,56-65,Married,22.0,1.0,Graduate,0,2,2,2,2.0,0,38,500,2,4,0
0.0,208.0,0.0,,2,200-400%,0,0,6.0,1.0,3.0,42,69,Not_in_labor_force,Private,51,2,3,3.0,1,1,1,46-55,Divorced_Separated,20.0,1.0,Some_college,0,1,2,2,1.0,1,38,600,2,4,1
7100.0,208.0,0.0,Very_Low,2,200-400%,1,0,1.0,1.0,1.0,42,76,Employed,Private,23,1,5,3.0,1,1,1,18-25,Never_married,16.0,1.0,HS_diploma,0,1,2,2,2.0,1,38,600,2,4,1
0.0,501.0,0.0,,1,>400%,0,0,6.0,1.0,2.0,42,82,Not_in_labor_force,Private,65,2,1,1.0,1,1,1,56-65,Married,20.0,1.0,Some_college,0,2,2,2,2.0,0,38,500,2,4,0
120000.0,501.0,0.0,Very_High,1,>400%,1,0,1.0,1.0,1.0,63,07,Employed,Private,56,1,1,1.0,1,1,1,56-65,Married,19.0,1.0,Some_college,0,2,2,2,2.0,0,38,500,2,4,0
0.0,501.0,0.0,,0,>400%,0,0,6.0,1.0,2.0,26,73,Not_in_labor_force,Private,54,2,1,1.0,1,1,1,46-55,Married,18.0,1.0,Some_college,0,2,2,2,2.0,0,38,500,2,4,0
16000.0,501.0,0.0,Low,1,>400%,1,0,1.0,1.0,1.0,56,63,Employed,Private,25,1,5,1.0,1,1,1,18-25,Never_married,19.0,2.0,Some_college,1,2,2,2,2.0,0,38,500,2,4,0
0.0,501.0,1600.0,,3,>400%,0,1,1.0,6.0,1.0,46,85,Employed,Self_employed,58,2,3,3.0,1,1,1,56-65,Divorced_Separated,19.0,1.0,Some_college,0,2,2,2,2.0,0,38,500,2,4,0
97000.0,501.0,0.0,Very_High,1,>400%,1,0,1.0,1.0,1.0,73,07,Employed,Private,32,1,5,1.0,1,1,1,26-35,Never_married,16.0,1.0,HS_diploma,0,2,2,2,2.0,0,38,500,2,4,1
15000.0,96.0,0.0,Very_Low,1,<100%,1,0,1.0,1.0,1.0,53,86,Employed,Private,23,2,5,3.0,1,1,2,18-25,Never_married,19.0,1.0,Some_college,0,2,2,2,2.0,0,38,500,2,4,0
52000.0,384.0,0.0,High,1,200-400%,1,0,1.0,3.0,1.0,23,78,Employed,Government,51,1,1,1.0,1,1,1,46-55,Married,22.0,1.0,Graduate,0,2,2,2,2.0,0,38,600,2,4,0
40000.0,384.0,0.0,Medium,1,200-400%,1,0,1.0,1.0,1.0,52,69,Employed,Private,46,2,1,1.0,1,1,1,46-55,Married,21.0,1.0,Bachelors,0,2,2,2,2.0,0,38,600,2,4,0
20000.0,384.0,0.0,Low,1,200-400%,1,0,1.0,1.0,1.0,96,49,Employed,Private,20,1,5,1.0,1,1,1,18-25,Never_married,19.0,1.0,Some_college,0,2,2,2,2.0,0,38,600,2,4,0
10000.0,501.0,0.0,Very_Low,1,>400%,1,0,1.0,1.0,1.0,90,50,Employed,Private,41,2,1,1.0,1,1,1,36-45,Married,16.0,1.0,HS_diploma,0,2,2,2,2.0,0,38,600,2,4,0
140000.0,501.0,0.0,Very_High,1,>400%,1,0,1.0,1.0,1.0,92,60,Employed,Private,44,1,1,1.0,1,1,1,36-45,Married,16.0,1.0,HS_diploma,0,2,2,2,2.0,0,38,600,2,4,0
0.0,159.0,0.0,,2,138-200%,0,0,6.0,1.0,3.0,42,69,Not_in_labor_force,Private,59,1,5,1.0,1,1,1,56-65,Never_married,14.0,2.0,Less_than_HS,1,1,2,2,1.0,1,38,200,2,4,0
26000.0,206.0,0.0,Low,1,200-400%,1,0,1.0,1.0,1.0,21,72,Employed,Private,37,2,5,1.0,1,1,1,36-45,Never_married,16.0,1.0,HS_diploma,0,2,2,2,2.0,0,38,400,2,4,0
51000.0,335.0,0.0,High,1,200-400%,1,0,1.0,1.0,1.0,79,30,Employed,Private,23,1,5,1.0,1,1,1,18-25,Never_married,19.0,1.0,Some_college,0,2,2,2,2.0,0,38,600,2,4,0
51000.0,335.0,0.0,High,1,200-400%,1,0,1.0,1.0,1.0,08,72,Employed,Private,24,2,5,1.0,1,1,1,18-25,Never_married,21.0,1.0,Bachelors,0,2,2,2,2.0,0,38,600,2,4,0
70000.0,460.0,0.0,High,1,>400%,1,0,1.0,7.0,1.0,47,51,Employed,Self_employed,40,1,1,1.0,1,1,1,36-45,Married,20.0,2.0,Some_college,1,2,2,2,2.0,0,38,600,2,4,0
65000.0,460.0,0.0,High,2,>400%,1,0,1.0,2.0,1.0,31,81,Employed,Private,37,2,1,3.0,1,1,1,36-45,Married,22.0,1.0,Graduate,0,2,2,2,2.0,0,38,600,2,4,0
33800.0,215.0,0.0,Medium,1,200-400%,1,0,1.0,2.0,1.0,54,80,Employed,Private,22,2,5,3.0,1,1,1,18-25,Never_married,16.0,1.0,HS_diploma,0,2,2,2,2.0,0,38,600,2,4,0
52000.0,331.0,0.0,High,1,200-400%,1,0,1.0,1.0,1.0,73,42,Employed,Private,23,1,5,3.0,1,1,1,18-25,Never_married,20.0,1.0,Some_college,0,2,2,2,2.0,0,38,600,2,4,0
0.0,384.0,8000.0,,1,200-400%,0,1,1.0,6.0,1.0,46,84,Employed,Self_employed,27,2,1,1.0,1,1,21,26-35,Married,19.0,1.0,Some_college,0,2,2,2,2.0,0,38,400,2,4,0
110000.0,384.0,0.0,Very_High,1,200-400%,1,0,1.0,5.0,1.0,15,95,Employed,Government,28,1,1,1.0,1,1,1,26-35,Married,21.0,1.0,Bachelors,0,2,2,2,2.0,0,38,400,2,4,0
60000.0,384.0,0.0,High,1,200-400%,1,0,1.0,1.0,1.0,81,88,Employed,Private,30,1,5,1.0,1,1,1,26-35,Never_married,16.0,1.0,HS_diploma,0,2,2,2,2.0,0,38,100,2,4,0
1000.0,44.0,6000.0,Very_Low,2,<100%,1,1,1.0,6.0,1.0,46,89,Employed,Self_employed,33,1,3,1.0,1,1,1,26-35,Divorced_Separated,16.0,1.0,HS_diploma,0,2,2,2,2.0,0,38,100,2,4,0
31000.0,501.0,0.0,Medium,1,>400%,1,0,1.0,1.0,1.0,46,82,Employed,Private,61,2,1,1.0,1,1,1,56-65,Married,20.0,1.0,Some_college,0,1,1,2,2.0,1,38,500,2,4,0
75000.0,501.0,0.0,High,2,>400%,1,0,1.0,1.0,1.0,60,01,Employed,Private,65,1,1,1.0,1,1,1,56-65,Married,16.0,1.0,HS_diploma,0,2,2,2,2.0,0,38,500,2,4,0
10200.0,41.0,0.0,Very_Low,1,<100%,1,0,1.0,1.0,1.0,47,50,Employed,Private,32,2,5,1.0,1,1,1,26-35,Never_married,19.0,1.0,Some_college,0,2,2,2,2.0,0,38,400,2,4,1
5200.0,449.0,1100.0,Very_Low,3,>400%,1,1,6.0,7.0,1.0,52,68,Not_in_labor_force,Self_employed,54,2,1,1.0,1,1,1,46-55,Married,21.0,1.0,Bachelors,0,2,2,2,2.0,0,38,100,2,4,0
0.0,449.0,70000.0,,2,>400%,0,1,1.0,6.0,1.0,02,01,Employed,Self_employed,54,1,1,1.0,1,1,1,46-55,Married,20.0,1.0,Some_college,0,2,2,2,2.0,0,38,100,2,4,0
40000.0,262.0,0.0,Medium,1,200-400%,1,0,1.0,2.0,1.0,28,66,Employed,Private,24,2,5,3.0,1,1,1,18-25,Never_married,21.0,1.0,Bachelors,0,2,2,2,2.0,0,38,600,2,4,0
0.0,501.0,0.0,,0,>400%,0,0,6.0,3.0,2.0,25,78,Not_in_labor_force,Government,45,2,1,1.0,1,1,1,36-45,Married,20.0,1.0,Some_college,0,2,2,2,2.0,0,38,500,2,4,0
40000.0,259.0,0.0,Medium,1,200-400%,1,0,1.0,1.0,1.0,51,61,Employed,Private,22,2,5,3.0,1,1,1,18-25,Never_married,16.0,1.0,HS_diploma,0,2,2,2,2.0,0,38,100,2,4,0
100000.0,501.0,0.0,Very_High,1,>400%,1,0,1.0,1.0,1.0,04,61,Employed,Private,30,1,5,3.0,1,1,1,26-35,Never_married,16.0,1.0,HS_diploma,0,2,2,2,2.0,0,38,100,2,4,0
65000.0,312.0,0.0,High,1,200-400%,1,0,1.0,1.0,1.0,73,12,Employed,Private,30,1,1,1.0,1,1,1,26-35,Married,20.0,1.0,Some_college,0,2,2,2,2.0,0,38,400,2,4,0
48000.0,312.0,0.0,Medium,1,200-400%,1,0,2.0,3.0,1.0,23,78,Employed,Government,31,2,1,1.0,1,1,1,26-35,Married,22.0,1.0,Graduate,0,2,2,2,2.0,0,38,400,2,4,0
75000.0,501.0,0.0,High,1,>400%,1,0,1.0,1.0,1.0,01,73,Employed,Private,53,2,1,1.0,1,1,1,46-55,Married,18.0,1.0,Some_college,0,2,2,2,2.0,0,38,600,2,4,0
0.0,501.0,180000.0,,1,>400%,0,1,1.0,6.0,1.0,48,45,Employed,Self_employed,53,1,1,1.0,1,1,1,46-55,Married,21.0,1.0,Bachelors,0,2,2,2,2.0,0,38,600,2,4,0
60000.0,427.0,0.0,High,1,>400%,1,0,1.0,1.0,1.0,57,68,Employed,Private,35,2,1,1.0,1,1,1,26-35,Married,21.0,1.0,Bachelors,0,2,2,2,2.0,0,38,400,2,4,0
90000.0,427.0,0.0,Very_High,1,>400%,1,0,1.0,7.0,1.0,55,61,Employed,Self_employed,42,1,1,1.0,1,1,1,36-45,Married,16.0,1.0,HS_diploma,0,2,2,2,2.0,0,38,400,2,4,0
76000.0,501.0,0.0,Very_High,2,>400%,1,0,1.0,1.0,1.0,62,07,Employed,Private,63,1,1,1.0,1,1,1,56-65,Married,16.0,1.0,HS_diploma,0,2,2,2,2.0,0,38,200,2,4,0
39500.0,452.0,0.0,Medium,1,>400%,1,0,1.0,1.0,1.0,42,52,Employed,Private,31,1,5,1.0,1,1,1,26-35,Never_married,20.0,1.0,Some_college,0,2,2,2,2.0,0,38,100,2,4,0
33000.0,501.0,0.0,Medium,1,>400%,1,0,1.0,5.0,1.0,04,95,Employed,Government,37,2,1,1.0,1,1,2,36-45,Married,22.0,1.0,Graduate,0,2,2,2,2.0,0,38,200,2,4,0
50000.0,501.0,0.0,Medium,1,>400%,1,0,4.0,5.0,1.0,98,96,Not_in_labor_force,Government,38,1,1,1.0,1,1,1,36-45,Married,18.0,1.0,Some_college,0,2,2,2,2.0,0,38,200,2,4,0
61000.0,211.0,0.0,High,1,200-400%,1,0,1.0,1.0,1.0,58,69,Employed,Private,45,2,1,1.0,1,1,1,36-45,Married,20.0,1.0,Some_college,0,2,2,2,2.0,0,38,200,2,4,0
22500.0,211.0,0.0,Low,1,200-400%,1,0,1.0,1.0,1.0,77,30,Employed,Private,45,1,1,1.0,1,1,1,36-45,Married,16.0,1.0,HS_diploma,0,2,2,2,2.0,0,38,200,2,4,0
0.0,103.0,0.0,,0,100-138%,0,0,6.0,1.0,3.0,42,69,Not_in_labor_force,Private,38,2,3,1.0,1,3,1,36-45,Divorced_Separated,19.0,1.0,Some_college,0,2,2,2,2.0,0,38,200,2,4,1
0.0,103.0,0.0,,0,100-138%,0,0,6.0,3.0,2.0,52,85,Not_in_labor_force,Government,18,2,5,1.0,1,3,1,18-25,Never_married,17.0,1.0,HS_diploma,0,2,2,2,2.0,0,38,200,2,4,1
46000.0,149.0,0.0,Medium,1,138-200%,1,0,4.0,5.0,1.0,98,96,Not_in_labor_force,Government,34,1,1,3.0,2,8,6,26-35,Married,19.0,1.0,Some_college,0,2,2,2,2.0,0,38,200,2,4,0
0.0,149.0,0.0,,0,138-200%,0,0,6.0,1.0,3.0,42,69,Not_in_labor_force,Private,36,2,1,3.0,1,8,18,36-45,Married,21.0,1.0,Bachelors,0,2,2,2,2.0,0,38,200,2,4,0
13000.0,28.0,0.0,Very_Low,1,<100%,1,0,1.0,5.0,1.0,38,94,Employed,Government,38,1,3,1.0,1,3,1,36-45,Divorced_Separated,17.0,1.0,HS_diploma,0,1,1,2,2.0,1,38,200,2,4,1
0.0,28.0,0.0,,0,<100%,0,0,6.0,1.0,3.0,42,69,Not_in_labor_force,Private,18,1,5,1.0,1,3,1,18-25,Never_married,14.0,2.0,Less_than_HS,1,2,2,2,2.0,0,38,200,2,4,1
0.0,28.0,0.0,,0,<100%,0,0,6.0,1.0,3.0,42,69,Not_in_labor_force,Private,18,2,5,1.0,1,3,1,18-25,Never_married,14.0,2.0,Less_than_HS,1,2,2,2,2.0,0,38,200,2,4,1
0.0,9.0,0.0,,1,<100%,0,0,6.0,1.0,2.0,03,86,Not_in_labor_force,Private,63,1,3,1.0,1,1,1,56-65,Divorced_Separated,16.0,1.0,HS_diploma,0,2,2,2,2.0,0,38,400,2,4,0
0.0,379.0,42000.0,,1,200-400%,0,1,1.0,6.0,1.0,46,84,Employed,Self_employed,40,2,1,1.0,1,1,1,36-45,Married,19.0,1.0,Some_college,0,2,2,2,2.0,0,38,400,2,4,0
75000.0,379.0,0.0,High,1,200-400%,1,0,1.0,1.0,1.0,01,78,Employed,Private,44,1,1,1.0,1,1,1,36-45,Married,21.0,1.0,Bachelors,0,2,2,2,2.0,0,38,400,2,4,0
150000.0,501.0,0.0,Very_High,1,>400%,1,0,1.0,1.0,1.0,04,03,Employed,Private,36,1,1,1.0,1,1,1,36-45,Married,21.0,1.0,Bachelors,0,2,2,2,2.0,0,38,200,2,4,0
130000.0,501.0,7000.0,Very_High,2,>400%,1,1,1.0,1.0,1.0,47,49,Employed,Private,33,2,1,1.0,1,1,1,26-35,Married,22.0,1.0,Graduate,0,2,2,2,2.0,0,38,200,2,4,0
60000.0,320.0,0.0,High,1,200-400%,1,0,1.0,1.0,1.0,08,68,Employed,Private,34,2,1,1.0,1,1,1,26-35,Married,21.0,1.0,Bachelors,0,2,2,2,2.0,0,38,200,2,4,0
0.0,320.0,50000.0,,2,200-400%,0,1,1.0,6.0,1.0,02,01,Employed,Self_employed,39,1,1,1.0,1,1,1,36-45,Married,16.0,1.0,HS_diploma,0,2,2,2,2.0,0,38,200,2,4,0
54000.0,501.0,0.0,High,2,>400%,1,0,1.0,1.0,1.0,63,07,Employed,Private,45,1,5,1.0,2,2,1,36-45,Never_married,20.0,1.0,Some_college,0,2,2,2,2.0,0,38,100,2,4,0
54000.0,501.0,0.0,High,2,>400%,1,0,1.0,1.0,1.0,63,07,Employed,Private,45,1,5,1.0,2,2,1,36-45,Never_married,20.0,1.0,Some_college,0,2,2,2,2.0,0,38,100,2,4,0
60000.0,381.0,0.0,High,1,200-400%,1,0,1.0,1.0,1.0,40,86,Employed,Private,35,1,5,1.0,1,1,1,26-35,Never_married,17.0,1.0,HS_diploma,0,2,2,2,2.0,0,38,600,2,4,0
37000.0,239.0,0.0,Medium,1,200-400%,1,0,1.0,1.0,1.0,21,73,Employed,Private,37,2,3,1.0,1,1,1,36-45,Divorced_Separated,19.0,1.0,Some_college,0,1,1,2,2.0,1,38,600,2,4,0
72000.0,397.0,0.0,High,1,200-400%,1,0,1.0,1.0,1.0,60,01,Employed,Private,38,1,5,1.0,1,1,1,36-45,Never_married,19.0,1.0,Some_college,0,2,2,2,2.0,0,38,500,2,4,0
480.0,3.0,0.0,Very_Low,1,<100%,1,0,1.0,1.0,1.0,47,49,Employed,Private,40,2,3,1.0,1,1,1,36-45,Divorced_Separated,20.0,1.0,Some_college,0,2,2,2,2.0,0,38,500,2,4,0
25000.0,225.0,0.0,Low,1,200-400%,1,0,1.0,4.0,1.0,25,78,Employed,Government,51,2,1,1.0,1,1,1,46-55,Married,20.0,1.0,Some_college,0,2,2,2,2.0,0,38,400,2,4,0
45000.0,225.0,0.0,Medium,1,200-400%,1,0,1.0,1.0,1.0,48,45,Employed,Private,63,1,1,1.0,1,1,1,56-65,Married,20.0,1.0,Some_college,0,2,2,2,2.0,0,38,400,2,4,0
0.0,225.0,0.0,,0,200-400%,0,0,6.0,1.0,3.0,42,69,Not_in_labor_force,Private,18,2,5,1.0,1,1,1,18-25,Never_married,14.0,2.0,Less_than_HS,1,2,2,2,2.0,0,38,400,2,4,0
100000.0,501.0,0.0,Very_High,1,>400%,1,0,1.0,1.0,1.0,63,03,Employed,Private,42,1,5,1.0,1,9,1,36-45,Never_married,20.0,1.0,Some_college,0,2,2,2,2.0,0,38,200,2,4,0
63000.0,408.0,0.0,High,1,>400%,1,0,1.0,1.0,1.0,96,42,Employed,Private,64,1,3,1.0,1,1,1,56-65,Divorced_Separated,19.0,1.0,Some_college,0,2,2,2,2.0,0,38,600,2,4,0
45000.0,423.0,0.0,Medium,1,>400%,1,0,1.0,4.0,1.0,51,68,Employed,Government,34,2,1,1.0,1,1,1,26-35,Married,17.0,1.0,HS_diploma,0,2,2,2,2.0,0,38,200,2,4,0
40000.0,423.0,0.0,Medium,1,>400%,1,0,1.0,3.0,1.0,67,93,Employed,Government,32,1,1,1.0,1,1,1,26-35,Married,17.0,1.0,HS_diploma,0,2,2,2,2.0,0,38,200,2,4,0
109000.0,392.0,0.0,Very_High,1,200-400%,1,0,1.0,7.0,1.0,03,86,Employed,Self_employed,38,2,1,1.0,1,1,1,36-45,Married,21.0,1.0,Bachelors,0,2,2,2,2.0,0,38,500,2,4,0
10000.0,392.0,0.0,Very_Low,1,200-400%,1,0,1.0,7.0,1.0,02,01,Employed,Self_employed,43,1,1,1.0,2,9,1,36-45,Married,16.0,1.0,HS_diploma,0,2,2,2,2.0,0,38,500,2,4,0
110000.0,501.0,0.0,Very_High,2,>400%,1,0,1.0,1.0,1.0,13,30,Employed,Private,26,1,5,3.0,1,1,1,26-35,Never_married,21.0,1.0,Bachelors,0,2,2,2,2.0,0,38,600,2,4,0
65000.0,432.0,0.0,High,1,>400%,1,0,1.0,4.0,1.0,20,94,Employed,Government,48,2,1,1.0,1,1,1,46-55,Married,22.0,1.0,Graduate,0,2,2,2,2.0,0,38,100,2,4,0
9000.0,432.0,6000.0,Very_Low,3,>400%,1,1,6.0,6.0,1.0,55,63,Not_in_labor_force,Self_employed,54,1,1,1.0,1,1,1,46-55,Married,16.0,1.0,HS_diploma,0,1,1,2,2.0,1,38,100,2,4,0
6000.0,432.0,0.0,Very_Low,2,>400%,1,0,1.0,2.0,1.0,46,84,Employed,Private,19,2,5,1.0,1,1,1,18-25,Never_married,14.0,2.0,Less_than_HS,1,1,1,2,2.0,1,38,100,2,4,0
500.0,3.0,0.0,Very_Low,1,<100%,1,0,1.0,5.0,1.0,38,94,Employed,Government,36,1,5,1.0,1,5,1,36-45,Never_married,16.0,1.0,HS_diploma,0,2,2,2,2.0,0,38,200,2,4,0
88000.0,501.0,0.0,Very_High,1,>400%,1,0,1.0,5.0,1.0,04,04,Employed,Government,32,2,1,1.0,1,1,1,26-35,Married,18.0,1.0,Some_college,0,2,2,2,2.0,0,38,100,2,4,0
114000.0,501.0,0.0,Very_High,1,>400%,1,0,1.0,5.0,1.0,02,04,Employed,Government,34,1,1,1.0,1,1,1,26-35,Married,15.0,1.0,Less_than_HS,0,2,2,2,2.0,0,38,100,2,4,0
0.0,79.0,0.0,,1,<100%,0,0,6.0,4.0,2.0,02,78,Not_in_labor_force,Government,65,1,3,1.0,1,1,1,56-65,Divorced_Separated,16.0,1.0,HS_diploma,0,2,2,2,2.0,0,38,100,2,4,0
1500.0,12.0,0.0,Very_Low,2,<100%,1,0,1.0,3.0,1.0,25,78,Employed,Government,37,2,3,1.0,1,1,1,36-45,Divorced_Separated,20.0,2.0,Some_college,1,2,2,2,2.0,0,38,600,2,4,0
140000.0,501.0,0.0,Very_High,1,>400%,1,0,1.0,1.0,1.0,48,70,Employed,Private,33,1,1,1.0,1,1,1,26-35,Married,21.0,1.0,Bachelors,0,2,2,2,2.0,0,38,600,2,4,0
80000.0,501.0,0.0,Very_High,1,>400%,1,0,1.0,1.0,1.0,00,75,Employed,Private,34,2,1,1.0,1,1,1,26-35,Married,21.0,1.0,Bachelors,0,2,2,2,2.0,0,38,600,2,4,0
0.0,406.0,0.0,,0,>400%,0,0,6.0,1.0,2.0,04,04,Not_in_labor_force,Private,52,1,1,1.0,1,1,1,46-55,Married,21.0,1.0,Bachelors,0,2,2,2,2.0,0,38,200,2,4,0
80000.0,406.0,0.0,Very_High,1,>400%,1,0,1.0,3.0,1.0,02,78,Employed,Government,52,2,1,1.0,1,1,1,46-55,Married,21.0,1.0,Bachelors,0,2,2,2,2.0,0,38,200,2,4,0
71000.0,458.0,0.0,High,2,>400%,1,0,1.0,4.0,1.0,22,78,Employed,Government,28,1,5,3.0,2,6,1,26-35,Never_married,22.0,2.0,Graduate,1,2,2,2,2.0,0,38,500,2,4,0
5000.0,31.0,0.0,Very_Low,1,<100%,1,0,3.0,3.0,1.0,23,84,Unemployed,Government,22,2,5,1.0,1,1,1,18-25,Never_married,20.0,2.0,Some_college,1,2,2,2,2.0,0,38,300,2,4,0
150000.0,501.0,0.0,Very_High,1,>400%,1,0,1.0,1.0,1.0,70,05,Employed,Private,21,1,5,1.0,1,1,1,18-25,Never_married,20.0,1.0,Some_college,0,2,2,2,2.0,0,38,300,2,4,0
13000.0,501.0,0.0,Very_Low,3,>400%,1,0,1.0,1.0,1.0,52,48,Employed,Private,65,2,1,1.0,1,1,1,56-65,Married,16.0,1.0,HS_diploma,0,1,2,1,2.0,1,38,200,2,4,0
93000.0,501.0,0.0,Very_High,1,>400%,1,0,1.0,1.0,1.0,91,56,Employed,Private,60,1,1,1.0,1,1,1,56-65,Married,18.0,1.0,Some_college,0,2,2,2,2.0,0,38,200,2,4,0
15000.0,501.0,0.0,Very_Low,2,>400%,1,0,6.0,1.0,1.0,47,53,Not_in_labor_force,Private,51,2,3,3.0,1,1,1,46-55,Divorced_Separated,19.0,1.0,Some_college,0,2,2,2,2.0,0,38,200,2,4,0
12000.0,501.0,0.0,Very_Low,2,>400%,1,0,6.0,1.0,1.0,47,53,Not_in_labor_force,Private,51,2,3,3.0,1,1,1,46-55,Divorced_Separated,19.0,1.0,Some_college,0,2,2,2,2.0,0,38,200,2,4,0
100000.0,501.0,0.0,Very_High,1,>400%,1,0,1.0,7.0,1.0,02,01,Employed,Self_employed,63,1,3,1.0,1,1,1,56-65,Divorced_Separated,20.0,1.0,Some_college,0,2,2,2,2.0,0,38,300,2,4,0
55000.0,353.0,0.0,High,1,200-400%,1,0,1.0,2.0,1.0,57,81,Employed,Private,60,2,3,1.0,1,1,1,56-65,Divorced_Separated,20.0,1.0,Some_college,0,2,2,2,2.0,0,38,300,2,4,0
0.0,308.0,60000.0,,2,200-400%,0,1,1.0,6.0,1.0,02,01,Employed,Self_employed,62,1,1,1.0,1,1,1,56-65,Married,20.0,1.0,Some_college,0,1,1,2,2.0,1,38,500,2,4,0
0.0,308.0,0.0,,0,200-400%,0,0,6.0,1.0,3.0,42,69,Not_in_labor_force,Private,59,2,1,1.0,1,1,1,56-65,Married,16.0,1.0,HS_diploma,0,2,2,2,2.0,0,38,500,2,4,0
45000.0,235.0,0.0,Medium,1,200-400%,1,0,1.0,2.0,1.0,20,91,Employed,Private,57,1,1,1.0,1,1,1,56-65,Married,21.0,1.0,Bachelors,0,2,2,2,2.0,0,38,200,2,4,0
0.0,235.0,0.0,,0,200-400%,0,0,6.0,1.0,3.0,42,69,Not_in_labor_force,Private,56,2,1,1.0,1,1,1,56-65,Married,21.0,1.0,Bachelors,0,2,2,2,2.0,0,38,200,2,4,0
10000.0,235.0,0.0,Very_Low,1,200-400%,1,0,1.0,1.0,1.0,40,86,Employed,Private,20,2,5,1.0,1,1,1,18-25,Never_married,16.0,1.0,HS_diploma,0,2,2,2,2.0,0,38,200,2,4,0
4200.0,501.0,0.0,Very_Low,2,>400%,1,0,1.0,1.0,1.0,58,75,Employed,Private,51,2,1,1.0,1,1,1,46-55,Married,19.0,1.0,Some_college,0,1,2,2,2.0,1,38,200,2,4,0
122000.0,501.0,0.0,Very_High,1,>400%,1,0,1.0,1.0,1.0,04,66,Employed,Private,51,1,1,1.0,1,1,1,46-55,Married,19.0,1.0,Some_college,0,2,2,2,2.0,0,38,200,2,4,0
25000.0,501.0,0.0,Low,1,>400%,1,0,1.0,1.0,1.0,78,10,Employed,Private,47,1,5,1.0,1,9,1,46-55,Never_married,16.0,1.0,HS_diploma,0,2,2,2,2.0,0,38,500,2,4,0
0.0,501.0,47000.0,,1,>400%,0,1,1.0,6.0,1.0,21,72,Employed,Self_employed,47,2,3,1.0,1,9,1,46-55,Divorced_Separated,15.0,1.0,Less_than_HS,0,2,2,2,2.0,0,38,500,2,4,0
75000.0,501.0,0.0,High,1,>400%,1,0,1.0,1.0,1.0,04,82,Employed,Private,57,2,1,1.0,1,1,1,56-65,Married,20.0,1.0,Some_college,0,2,2,2,2.0,0,38,500,2,4,0
0.0,501.0,0.0,,1,>400%,0,0,6.0,3.0,2.0,73,94,Not_in_labor_force,Government,57,1,1,1.0,1,1,1,56-65,Married,16.0,1.0,HS_diploma,0,2,2,2,2.0,0,38,500,2,4,0
40000.0,260.0,0.0,Medium,1,200-400%,1,0,1.0,1.0,1.0,87,39,Employed,Private,56,1,2,1.0,1,1,1,56-65,Divorced_Separated,19.0,1.0,Some_college,0,2,2,2,2.0,0,38,600,2,4,0
63000.0,501.0,0.0,High,1,>400%,1,0,1.0,4.0,1.0,22,78,Employed,Government,46,2,1,1.0,1,1,1,46-55,Married,22.0,1.0,Graduate,0,2,2,2,2.0,0,38,500,2,4,0
115000.0,481.0,0.0,Very_High,1,>400%,1,0,1.0,1.0,1.0,63,03,Employed,Private,42,1,3,1.0,1,1,1,36-45,Divorced_Separated,19.0,1.0,Some_college,0,2,2,2,2.0,0,38,100,2,4,0
42000.0,272.0,0.0,Medium,1,200-400%,1,0,1.0,1.0,1.0,32,81,Employed,Private,36,2,5,1.0,1,1,1,36-45,Never_married,20.0,2.0,Some_college,1,2,2,2,2.0,0,38,100,2,4,0
107000.0,501.0,0.0,Very_High,1,>400%,1,0,1.0,2.0,1.0,32,81,Employed,Private,55,2,1,1.0,1,1,1,46-55,Married,21.0,2.0,Bachelors,1,2,2,2,2.0,0,38,400,2,4,0
52000.0,501.0,0.0,High,1,>400%,1,0,1.0,1.0,1.0,89,28,Employed,Private,52,1,1,1.0,1,1,1,46-55,Married,20.0,1.0,Some_college,0,2,2,2,2.0,0,38,400,2,4,0
0.0,501.0,50000.0,,3,>400%,0,1,6.0,6.0,1.0,02,01,Not_in_labor_force,Self_employed,63,1,1,1.0,1,1,1,56-65,Married,22.0,1.0,Graduate,0,2,2,2,2.0,0,38,200,2,4,0
45000.0,501.0,0.0,Medium,1,>400%,1,0,1.0,3.0,1.0,23,78,Employed,Government,59,2,1,1.0,1,1,1,56-65,Married,22.0,1.0,Graduate,0,2,2,2,2.0,0,38,200,2,4,0
0.0,501.0,96000.0,,1,>400%,0,1,6.0,6.0,1.0,02,07,Not_in_labor_force,Self_employed,61,1,3,1.0,1,1,1,56-65,Divorced_Separated,16.0,1.0,HS_diploma,0,2,2,2,2.0,0,38,300,2,4,0
24000.0,153.0,0.0,Low,1,138-200%,1,0,6.0,1.0,1.0,58,07,Not_in_labor_force,Private,58,2,3,1.0,1,1,1,56-65,Divorced_Separated,18.0,1.0,Some_college,0,2,2,2,2.0,0,38,300,2,4,0
0.0,71.0,4.0,,2,<100%,0,1,1.0,6.0,1.0,02,01,Employed,Self_employed,34,1,1,1.0,1,1,1,26-35,Married,20.0,1.0,Some_college,0,2,2,2,2.0,0,38,100,2,4,0
0.0,71.0,0.0,,0,<100%,0,0,6.0,1.0,3.0,42,69,Not_in_labor_force,Private,31,2,1,1.0,1,1,1,26-35,Married,20.0,1.0,Some_college,0,2,2,2,2.0,0,38,100,2,4,0
90000.0,501.0,0.0,Very_High,1,>400%,1,0,1.0,1.0,1.0,91,63,Employed,Private,47,1,1,1.0,1,1,1,46-55,Married,16.0,1.0,HS_diploma,0,2,2,2,2.0,0,38,600,2,4,0
150000.0,501.0,0.0,Very_High,1,>400%,1,0,1.0,1.0,1.0,00,86,Employed,Private,46,2,1,1.0,1,1,1,46-55,Married,17.0,1.0,HS_diploma,0,2,2,2,2.0,0,38,600,2,4,0
0.0,501.0,0.0,,0,>400%,0,0,6.0,1.0,3.0,42,69,Not_in_labor_force,Private,20,1,5,1.0,1,1,1,18-25,Never_married,19.0,2.0,Some_college,1,2,2,2,2.0,0,38,600,2,4,0
20000.0,501.0,0.0,Low,1,>400%,1,0,1.0,2.0,1.0,25,78,Employed,Private,29,2,5,1.0,1,9,2,26-35,Never_married,21.0,2.0,Bachelors,1,2,2,2,2.0,0,38,600,2,4,0
135000.0,501.0,0.0,Very_High,1,>400%,1,0,1.0,1.0,1.0,62,03,Employed,Private,26,1,5,3.0,1,1,1,26-35,Never_married,20.0,1.0,Some_college,0,2,2,2,2.0,0,38,100,2,4,0
38000.0,404.0,0.0,Medium,1,>400%,1,0,1.0,1.0,1.0,42,77,Employed,Private,41,1,5,1.0,1,1,1,36-45,Never_married,19.0,1.0,Some_college,0,2,2,2,2.0,0,38,300,2,4,0
37000.0,501.0,50000.0,Medium,3,>400%,1,1,2.0,7.0,1.0,28,64,Employed,Self_employed,48,2,1,1.0,1,1,1,46-55,Married,21.0,1.0,Bachelors,0,2,2,2,2.0,0,38,400,2,4,0
86000.0,501.0,0.0,Very_High,2,>400%,1,0,1.0,1.0,1.0,00,01,Employed,Private,47,1,1,1.0,1,1,1,46-55,Married,22.0,1.0,Graduate,0,2,2,2,2.0,0,38,400,2,4,0
120000.0,501.0,0.0,Very_High,1,>400%,1,0,1.0,5.0,1.0,04,94,Employed,Government,61,1,1,1.0,1,1,1,56-65,Married,21.0,1.0,Bachelors,0,2,2,2,2.0,0,38,300,2,4,0
50000.0,501.0,0.0,Medium,1,>400%,1,0,1.0,1.0,1.0,20,82,Employed,Private,60,2,1,1.0,1,9,1,56-65,Married,21.0,1.0,Bachelors,0,2,2,2,2.0,0,38,300,2,4,0
90000.0,501.0,0.0,Very_High,1,>400%,1,0,1.0,5.0,1.0,38,94,Employed,Government,26,2,5,3.0,1,9,2,26-35,Never_married,21.0,1.0,Bachelors,0,2,2,2,2.0,0,38,200,2,4,0
30000.0,192.0,0.0,Low,1,138-200%,1,0,1.0,1.0,1.0,71,35,Employed,Private,40,1,5,1.0,1,1,1,36-45,Never_married,19.0,1.0,Some_college,0,2,2,2,2.0,0,38,500,2,4,0
137000.0,501.0,0.0,Very_High,2,>400%,1,0,1.0,1.0,1.0,91,04,Employed,Private,47,1,3,1.0,1,1,1,46-55,Divorced_Separated,21.0,1.0,Bachelors,0,2,2,2,2.0,0,38,100,2,4,0
36500.0,231.0,0.0,Medium,1,200-400%,1,0,1.0,1.0,1.0,52,47,Employed,Private,55,2,3,1.0,1,1,1,46-55,Divorced_Separated,20.0,1.0,Some_college,0,2,2,2,2.0,0,38,100,2,4,0
80000.0,501.0,0.0,Very_High,1,>400%,1,0,1.0,1.0,1.0,91,61,Employed,Private,61,1,2,3.0,1,1,1,56-65,Divorced_Separated,19.0,1.0,Some_college,0,1,1,2,2.0,1,38,100,2,4,0
118000.0,501.0,0.0,Very_High,2,>400%,1,0,1.0,1.0,1.0,14,20,Employed,Private,34,2,1,1.0,1,1,1,26-35,Married,21.0,1.0,Bachelors,0,2,2,2,2.0,0,38,200,2,4,0
125000.0,501.0,0.0,Very_High,2,>400%,1,0,1.0,2.0,1.0,15,05,Employed,Private,37,1,1,1.0,1,1,1,36-45,Married,21.0,1.0,Bachelors,0,2,2,2,2.0,0,38,200,2,4,0
17000.0,406.0,0.0,Low,3,>400%,1,0,1.0,2.0,1.0,20,91,Employed,Private,62,2,1,1.0,1,1,1,56-65,Married,20.0,1.0,Some_college,0,2,2,2,2.0,0,38,100,2,4,0
