,PC1,PC2,PC3,PC4,PC5,PC6,PC7,PC8,PC9,PC10
POVPIP,-0.13073634572885212,0.0868339824660891,0.01765186011433862,0.04274117676388701,-0.021071680110274073,-0.11521133582005931,0.009427020990868376,-0.02839277484207466,-0.04284508589140444,0.04594538580373042
PINCP,-0.18202328109916588,0.07874776683391521,0.01161083768706396,0.05103565853851304,-0.07312825585223093,-0.20960766763060928,-0.016111350199772452,0.04070769502671271,-0.007936243306139276,0.08238896301874875
PERNP,-0.20683856023019215,0.05919245027939821,0.0077031308771262075,0.04933689566146057,-0.06383064230771257,-0.18517363805567055,-0.005419219315446054,0.034899424261749114,-0.017450421339604588,0.07304202345273639
WAGP,-0.2022863681687163,0.04356717849070624,0.0041712431834165925,0.04417336899664015,-0.06293634790738317,-0.17824217912540707,-0.007190521518447599,0.041538222495243804,-0.0014879113407799682,0.06023892731606755
SSIP,0.08191634123979188,0.0019151682226080657,-0.020408466083942034,-0.014913280883469916,0.0020737073530496287,-0.003187718375063653,-0.09613133627399328,0.11427120830461988,0.02474030686497114,-0.00885704761552461
WKHP,-0.05919822524560938,0.030096416889063005,-0.00581818082218391,-0.01574901437138182,-0.05103926588465271,-0.15476302997049662,-0.0011547675843280314,0.06686095709943257,0.0012436155368927976,0.09059270180050685
MARHYP,-0.06484419136434051,-0.028958845764398583,0.05370629093550394,0.010035009613534762,-0.07321402795289424,-0.10703749515718453,-0.04003906418485806,0.03281197650603061,0.02700293862460039,0.03103985352203681
WKWN,-0.06533880927720383,0.0512125009058648,-0.004797460516956342,0.006422489487163341,-0.03086667135400957,-0.13860443826216218,-0.07656794076057438,0.09285528899014375,0.0027778660297891333,0.02491755342735752
POBP,-0.0018368013945598586,-0.1814794034425396,0.18558011371790206,-0.10708836055828386,0.07003586600790976,-0.10834541390004959,0.09714367982086886,0.06579611110883882,-0.06220543568550222,0.005840424661938549
SSP,0.09676415917134683,0.04558539450015978,0.00735258824641194,0.0005005261984170201,-0.001188903760899529,-0.0503878984367524,-0.04303535281199477,0.019182929729727682,0.0014387888611926969,-0.015951576867320183
RETP,0.03778934574285249,0.041336054878531064,0.010962321192023394,0.0003166019296998446,-0.020720677744701765,-0.04394235751254314,-0.011042949877676417,0.0094300405899099,0.02474906047029024,0.01693074236657266
OIP,0.02543533477915447,0.029192984616957973,0.002771633312007693,-0.005548591025749672,-0.022469998285848572,-0.04683684434891766,-0.012453400730717618,-0.002537538157848969,0.04645869038622195,0.031626315756293225
PAP,0.016105731645590354,-0.010103103822415568,-0.005967978966068266,-0.006123524818947013,0.0006666376731101669,-0.026388014481724953,-0.00038690525347969545,0.013204715015712437,0.005147339424919517,0.001948745308034766
INTP,0.004081213227866823,0.022577126436344342,0.008623268914489321,0.015922373348069452,-0.015830566469460627,-0.0337754805028489,0.0029699938225697664,-0.010088341924068489,-0.008577582873155354,0.02398683807466212
OCCP_2digit_01,-0.019215815017510008,0.007730168585435746,-0.005847883298022598,-0.0007572924300449646,-0.01345284162214605,-0.007296166308351684,0.0045369305827490936,0.0027400539004245883,-0.015260429534835585,0.004943127420129131
OCCP_2digit_02,-0.014830418031435233,0.037105856164176096,0.02082618776797826,0.016590604519185814,-0.007961989491524157,-0.029533519028064545,-0.008177334002370334,-0.017430945396058745,-0.05175978923218849,0.029484446304616996
OCCP_2digit_03,-0.005486007535143796,-0.0023100047990095435,0.006223947649840217,0.0012133278941514059,-0.001280302936454758,-0.00950032651292311,0.011676097826358915,-0.01240495143099149,-0.010074312813661584,-0.003012787501106562
OCCP_2digit_04,-0.023854650216062635,0.007010025513049458,-0.010184400782370342,0.018666142875317506,-0.019713714348990052,-0.030578512982500423,-0.003783541437658522,9.410422650629746e-05,0.010959443518595471,0.004246534550529951
OCCP_2digit_05,-0.006691831074556805,0.00936772534120668,-0.005005200727964938,0.011501075119153692,-0.007134664398338597,-0.021760438568378615,-0.0018182465358275168,0.0008555735733197234,0.004426250330391937,0.0025371079434385324
OCCP_2digit_06,-0.010157759615807919,0.00742164110692474,0.01351444110217945,0.005723165139241834,0.004770162332481148,-0.014966651401372533,0.003217163839147441,-0.004609341449375082,0.009216198197747327,-0.008548373836156586
OCCP_2digit_07,-0.017036632720371685,0.004201483332319474,-0.003785145680065515,0.0016158914357628316,0.006400186860390726,-0.017630173301348147,-0.00039197800910445446,0.011744915104565434,0.004103971670998657,0.005743929246074975
OCCP_2digit_08,-0.02120477993322955,0.014828240594801331,0.00488915405569125,0.013317487046318788,-0.005288797048538619,-0.015638345994383705,-0.013580187592888093,0.0010500455166906897,-0.005092517134317437,-0.0025868246225251024
OCCP_2digit_09,-0.00823172967096013,0.007401292788366789,-0.0016215950448256742,0.0031649277481691647,-0.0017765232484951328,-0.015288895673412978,0.01573789920263935,0.015234389469410803,-6.657008949485788e-05,-0.006233998402837004
OCCP_2digit_10,-0.023695677719810317,0.010446438407064834,0.01487657823170093,0.012453650649299016,-0.008478143437573504,-0.016664823244727116,1.3511812750888197e-06,0.01684277971440787,-0.00792930845391826,0.0012772778176700222
OCCP_2digit_11,-0.017727502861656315,0.005763036665623068,0.005413131337368639,0.011867970435763434,-0.008069504556627895,-0.013584392534988957,0.008576247916897928,0.019059605912685573,0.001778218343637561,0.004002739533016081
OCCP_2digit_12,-0.010234319313396571,0.005444550280846648,-0.00043177913245748907,0.005652187006432683,1.6781312881979007e-05,-0.00324759793596728,-0.002349405675372618,0.0036174590585035804,-0.007366244738991168,-0.005529669529271697
OCCP_2digit_13,-0.011516598645547741,0.003729312157727177,-0.006149806916047898,0.004103801515418072,-0.0019727794304044,-0.004045077336124139,-0.011948101455797236,0.0011151842970286985,0.011987301523227994,0.002615825061291599
OCCP_2digit_14,-0.017570993446436863,0.01248361438177854,0.0006664794694937085,0.006077651469684269,-0.005507447391127294,-0.02699656017438603,-0.018915809469892426,0.011225889940510367,-0.004470870132198157,0.01609540954436184
OCCP_2digit_15,-0.012720459057183192,-0.0031347265371542018,0.0015760538384829415,0.008974831049767696,0.010371057771422318,-8.599377550254813e-05,-0.00011828660311528905,-0.007441996553860634,0.005070249025308837,0.002188648228084372
OCCP_2digit_16,-0.012028378581719406,-0.004914040442213372,0.014375225722800603,0.0006505029149562066,0.005829186893227324,-0.017587716503755863,-0.009365997961690613,0.0005798777326619514,0.016908507839648104,-0.003543496688981046
OCCP_2digit_17,-0.007465086179505697,-0.030731742041600438,0.0606202372476808,0.03382980171285342,-0.006440451634994763,0.022043929556009666,-0.014928920759379209,0.021790257138312057,-0.0027161566038812965,-0.023759305459395447
OCCP_2digit_18,-0.005504618548106089,-0.010635984829678492,0.007102728120071089,-0.018259142096132542,0.015247516902654091,-0.014149813443554949,0.014156171636241957,-0.005169437853409857,0.0039895712337031375,-0.006344546360587261
OCCP_2digit_19,-0.008771585239144267,-0.0063602977896682344,0.019383808701898143,0.017181075137254583,-0.010921935222741175,-0.006153657801045466,-0.005145706268216459,0.0005011386145900147,0.01830328458519486,-0.0011369464614371383
OCCP_2digit_20,-0.01501500117138458,0.006453253600362154,-0.002645822455225852,0.02479285600784696,-0.008806625172081816,-0.02138955076349725,0.002729353709340614,-0.01190255421366984,-0.012241256400691968,-0.015535368591634225
OCCP_2digit_21,-0.015830533398792614,-0.002191400625824425,-0.0035896578087475242,-0.0011132222496405895,0.006012405946059238,-0.02029319050040126,-0.00971366380709576,0.011486307263704481,0.012484815794939447,0.0013246933793902415
OCCP_2digit_22,-0.015305854483679984,-0.026256351974869235,0.033134416045352735,0.021530720507474715,0.018336354815924338,-0.018507572311337414,0.0016106005924817425,0.00013941193991463027,-0.006603594285059867,0.0076600468030303594
OCCP_2digit_23,-0.022343712849709804,0.011000716991423647,0.030473563747112555,0.04949111799398286,-0.005373415419938542,-0.004048118552301919,0.007160604645662307,-0.009651971642483208,-0.020945709158082738,-0.04470589983936279
OCCP_2digit_24,-0.0095093451498518,0.003566868548842858,0.0006624737412659599,0.005371120241865487,0.0037135051719348277,0.004804026276470577,-0.006116417947162291,0.003892926667469165,-0.007155864660370283,-0.0106364802607474
OCCP_2digit_25,0.0015519416046931168,-0.025668435768947118,0.031954127415586855,0.014810546037633909,0.006504875649968409,0.021854841158597177,0.007670233287675167,-0.00726480674482676,-0.008469760762445785,-0.032385531021698624
OCCP_2digit_26,-0.0017787692549606797,0.005077742261499773,-0.00540907644743257,0.008427166653496652,0.0039243091138077245,0.006377972417176789,0.015223058575537343,-0.0040057890988886985,-0.0056532739944318774,-0.0005678158855178809
OCCP_2digit_27,0.004035618548418358,-0.0151410536090043,0.012231134607122524,0.004286710286137515,0.01765791597746285,0.06771128067464248,0.009039751462243692,-0.016767770219590875,-0.0002441769212555404,-0.01816823214790133
OCCP_2digit_28,-0.006959430814733119,0.009337887204828985,0.005439551453093433,0.005329745999424904,0.0012883708643846594,-0.0078199741561239,0.004315589913251674,-0.006152775617495196,0.003014182164500727,-0.0026952996272963346
OCCP_2digit_29,0.006452793345858485,0.00905938894080376,0.0035367135449976697,0.004532506867410568,0.005170709167631685,0.014622039867320967,0.021382125887183967,-0.025287285595632734,0.0045444759195298915,0.002782194464713608
OCCP_2digit_30,-0.016169454195052297,0.014194727061828744,0.004567641220717793,0.010090247827307478,0.0007903963494951316,-0.0145503872215975,-0.006645230523805531,-0.001899454570100982,-0.013425310415427692,0.004967094253242954
OCCP_2digit_31,-0.01628677820872147,-0.001264127264857331,0.03221000780180691,0.02055327230412379,-0.008318674273054555,-0.01808732794641591,0.0016588692977877726,0.018949028834982312,-0.02087768824724596,0.005811458580979105
OCCP_2digit_32,-0.026526229205288687,0.011807761067733584,0.025384505867200254,0.016749253794854466,0.0024426649428333316,-0.03616008955551451,-0.012856588408428151,-0.0048024260764915425,-0.015100384008909572,-0.009533561151548318
OCCP_2digit_33,-0.008166331408581856,0.0008146284611650515,0.02585257944813843,0.015163698856586687,-0.00014790361033602942,0.0011687602400418829,-0.005375648946583462,0.008404356237763562,-0.004014925218070273,-0.004868981399227197
OCCP_2digit_34,0.00040442365886339413,0.008197941444802117,0.0019364985062854478,-0.0005197463199180306,0.0030441540045568908,0.0027108183704553073,-0.0009427473877320307,0.003070775100832564,-0.007680748668866183,0.004620107230973148
OCCP_2digit_35,-0.00869485947825888,0.013491658422623783,0.001440661440103499,0.0041750487583848825,0.009121839132154726,0.005400270899474522,0.0006714817369925499,-0.008712583812204343,-0.009675465111148472,-0.01056157146217764
OCCP_2digit_36,0.004657858745317543,-0.027329670000192763,0.010292355051735255,-0.026507411989637047,0.02248775596868145,0.015160244010735117,0.016160497006035918,-0.027862367186739623,-0.025106827234372884,-0.00579596944407617
OCCP_2digit_37,-0.014039480333718374,0.004928618075514097,-0.001171200350082909,-0.004725791300285293,-0.010164754777741775,-0.009510138140745942,-0.006373548863230662,-0.0032837545136235437,0.03414628120392682,-0.0042698052873829835
OCCP_2digit_38,-0.012931719580428302,-0.01759844605401562,-0.004569238098153684,-0.03502994780838974,-0.03182437148974022,-0.02390332857772733,-0.01791406351727995,-0.02662749441518508,0.055962492522772786,-0.007859153208388668
OCCP_2digit_39,0.00934274177758416,-0.014024233432392447,-0.022130428686671356,0.007588172926087441,0.0028777848566903953,0.02605083528435526,0.018246111298148786,-0.008849915332175164,0.009048007902174512,-0.01000574655402407
OCCP_2digit_40,0.016632730025066992,-0.01235384370623977,-0.006480025807531229,-0.008232570127026514,0.006892234857073879,0.07179524270501249,0.04211176071543625,-0.05113075770957785,-0.00999263705485337,0.02155787157600697
OCCP_2digit_41,0.02332220852791572,-0.012252301155901115,0.0026843646594270952,-0.012000112301779853,0.025074811625952955,0.07987038494407216,0.04860315558986547,-0.038671840901811014,0.008125066958827793,-0.01694506086387737
OCCP_2digit_42,0.17448039308018506,0.003310680205214662,-0.020360992096523565,-0.026724139004382225,0.014638481659652041,-0.008847560393658034,-0.13013611712019485,0.1452227613603723,-0.008679771287946992,-0.0408964684350455
OCCP_2digit_43,0.007824873889917991,-0.0006622397355403425,-0.012514222092535502,0.0020895121450540967,0.006714055451017596,0.019210493410227614,0.030697332173471342,0.0017760174892869102,0.0065539073129093975,-0.02406410852480337
OCCP_2digit_44,0.01023935030552598,-0.003152224605074453,-0.010453835219944372,0.00399182391337603,0.0073476733535779055,0.019340507249034692,-0.0035198929587810742,-0.005266733563180661,0.007056725964020314,-0.006280219341095042
OCCP_2digit_45,0.005577349143863927,-0.029465316504416087,0.0017608674768268555,-0.022349573167902544,0.03819435513836672,-0.02026011288466253,0.003375558650387136,-0.06194725216988549,-0.012967820694990764,-0.011054449049768591
OCCP_2digit_46,0.007201942226201559,-0.00338765592062527,-0.0031739750310315015,-0.02048298283169979,0.00570111396365141,0.05281239524280157,0.028187132196979194,-0.022238756134658793,-0.022927008435901803,-0.016563982701335685
OCCP_2digit_47,0.0069722931410760615,-0.005073061371836145,-0.008639778647708766,0.00328139314965984,0.0049138951851270245,0.05157304421300936,0.013204003708271989,-0.03403650019006953,-0.0068205872279211415,0.014124364724011943
OCCP_2digit_48,-0.01468500290675612,0.024338869794015852,-0.0007470018485550071,0.005651873982374522,-0.0015493146622602026,-0.01598711541884799,-0.007042483657879055,0.005685427234505689,-0.002786128490286735,0.01710502450677516
OCCP_2digit_49,0.00171344899618748,0.012108436745284666,0.0019366432956012501,-0.0048138402145659984,-0.0012810561607755064,-0.006005332430681856,0.014700630269318823,0.0026444920454413803,0.007143608298642411,0.000710050932773669
OCCP_2digit_50,-0.01541454892393876,0.01228732974275057,-0.0024960507775323576,0.006416419483695514,0.00014234061734397512,-0.008720953598557585,0.0008251011941489776,0.009574235482152993,-0.00899152170760493,-0.0012810852401661835
OCCP_2digit_51,-0.0071933682323149116,0.02093208780244123,-0.002321409947688707,0.002683851374179018,0.005831391467138623,0.002220965496041549,-0.011646401913418746,-0.0007771891581910008,-0.006690772331584431,-0.004596475103301618
OCCP_2digit_52,-0.007154717938427566,-0.007277335988637463,-0.02376660825759945,0.006373089712299572,0.006391374929841864,0.03216144297343801,0.001748818787856593,-0.008489686292713294,0.0005774397886450838,-0.005409203866413867
OCCP_2digit_53,0.0022451347608229218,0.002651447695271156,-0.0058790306735682476,-0.0018913113701890794,0.00047638056900317936,0.008786288634567572,0.00460975779375513,-0.009187308395555557,0.006613376673033083,-0.017143932930679628
OCCP_2digit_54,-0.0018308755749666475,-0.0003270150096157448,-0.010095177694416518,0.010397748353658429,0.005602194317603086,0.0054512475839635305,0.0008269743366997297,-0.004202426797738663,-0.009779421875399813,-0.0027512297555499633
OCCP_2digit_55,-0.003966577618293308,0.0010861141401770189,0.002034249432923758,0.000592177756475763,0.0005804684515385883,0.011539361922237439,-0.0023601233529492852,-0.0022898685014719994,0.025595670327426823,-0.007600823964313466
OCCP_2digit_56,-0.0031068493578564464,0.008196820028707199,-0.002632852595172025,-0.00473974195980859,0.0034795407518760546,0.0015370253960707329,-0.0012324102638042378,0.010750592350183271,0.0021136084343446617,-0.0011493907259544798
OCCP_2digit_57,-0.01269307271598832,0.015890675779535283,0.003122876213443013,0.008482037725869833,-0.004737961593426412,-0.01131711029717943,-0.004971168247613089,-0.009705875165741305,-0.015924986154868852,-0.008094957995098687
OCCP_2digit_58,-0.004130787703990193,0.00419985726527523,-0.009140321279711035,0.0016201194954342663,0.01090686790178541,0.010021399341026704,-0.00903877866392162,0.010041074706191238,-0.0011722288827417766,-0.0077474319402814
OCCP_2digit_59,-0.006645050650617801,-0.007050461035093641,-0.013611643387338722,0.014280782965970509,0.0037012899186180865,0.005718185424038186,-0.002007445520149614,-0.0022116471174172124,-0.005414959310136801,-0.010089097454560332
OCCP_2digit_60,-0.00037830223924894196,-0.01539599792604725,0.007118221694699036,-0.041037246003513564,0.024818709555412165,0.0061769559306994685,0.06794629928570474,0.023660843494037156,-0.0230295916723414,0.026265203500722173
OCCP_2digit_61,0.001623502003643277,-0.02328433082993005,-0.022618470619933575,0.01922526395691972,-0.0020035966337225894,-0.0012815130294166882,0.005650484385588393,-0.006689519392805344,0.003040156194869555,-0.004396481069689269
OCCP_2digit_62,0.0023869829284636278,-0.02168372218672707,-0.02353105082398128,0.014232182021367862,-0.013100383771439307,0.0034438545596523263,0.013831986958875794,-0.010225892215959303,-0.015075536886390156,0.011546179485824544
OCCP_2digit_63,-0.01064598581230794,0.0002460004953099263,-0.010128359111234454,-0.0008137152866520878,0.009568693406450673,-0.02706300414036062,0.0051361920885093035,-0.0135534842210849,-0.0068282171268731606,0.012400470672755817
OCCP_2digit_64,0.004172645632234193,-0.008558711877894866,-0.018258460934611195,0.0029607966204159564,-0.004178484616160676,0.0042260789995745545,0.03363771902116514,-0.005984146115874751,-0.010331153112385121,0.008161981925495203
OCCP_2digit_65,-0.004143526745251094,0.004489307547223725,-0.003543692198970689,0.001283158870399945,0.003456311208629095,0.005719306754314558,-0.001031461495409167,-0.009356053203799522,-0.006052605272970479,0.0047527600889162806
OCCP_2digit_66,-0.003388782635910175,0.0038992455691555417,-0.0005742424184534398,-0.0007894587170598615,-0.005447322839732547,-0.0033473903888795657,0.001621066555134026,-0.0015282828082536096,0.016340338499865905,-0.0060729941920907166
OCCP_2digit_67,-0.0037177311856731385,0.0019826989477733634,-0.004518742039487851,0.008217744099975962,-0.006742376682101938,-0.015262700598907013,0.0037079388761118172,0.002143356396023831,-0.00575310945610923,0.010683900453945539
OCCP_2digit_68,-0.005364183165470681,-0.003946958481990632,-0.0015287770359013924,-0.009167556988978854,-0.009848039932842527,-0.025657643708193532,0.009601833268591934,-0.014253521693060654,-0.005186818421818373,0.013999212986631156
OCCP_2digit_69,-0.015285360557133547,0.0019784610012617315,0.0008794638653415469,-0.005949419596373548,-0.0012309401878210279,-0.01743489303126728,0.0004815536842743609,0.021738706548303236,-0.01070684828164449,0.020292002873419385
OCCP_2digit_70,-0.007185472135212194,0.01635740567110205,0.000505113745752854,-0.00035330405776677685,-0.011407541713946985,-0.014818105027303366,0.003325959174188633,-0.00906752467130221,0.032996545232096136,-0.0037675388362705745
OCCP_2digit_71,-0.005040713466164625,0.007636200209429678,-0.002571420352325366,-0.02185830508462522,-0.03329186549077928,-0.011132427021869166,0.006726315477798841,-0.0058563908292408135,0.09918284146657615,-0.019054321261025787
OCCP_2digit_72,-0.017422588572393965,0.014185380771744761,-0.0077451189477804865,-0.00845156082054836,-0.003110902814492129,0.0032601408900916518,0.004960610521650062,0.005264884123117795,0.002028219125912282,0.0160538860872233
OCCP_2digit_73,-0.00814295179849376,-0.008266543769738323,-0.0229358340418534,0.0006088888599568867,-0.008711110195620292,-0.0018114735979975216,0.01561824905508885,0.01316640219364053,0.014049954041764274,0.005630621833891534
OCCP_2digit_74,0.00043393037591001087,0.014400434275966578,0.0007602787410933136,0.004756507327987754,0.00024149155867713245,-0.007279668408153514,0.0030584608877659183,-0.007723155949212284,9.781518298713734e-05,-0.004764640670351428
OCCP_2digit_75,-0.0041905086404715325,0.0034304485804505323,-0.0034615339286993385,-0.000844690982949134,0.0022552775681789145,0.00405637352978421,0.0018983177328576535,-6.932275976370906e-05,0.005818074757827658,-0.003056833024680186
OCCP_2digit_76,-0.006739883975025563,0.009672164388019495,-0.0030945065640146873,9.594353425344326e-05,0.001169928892855079,0.0035951293448065135,0.006017244855963123,0.005320030535934734,0.010323194974223418,-0.01104228037540237
OCCP_2digit_77,-0.0018949156866292173,-0.007120887807184283,-0.013163881480339227,-0.012849977162311682,-0.011268945075723198,-0.009902585641108358,0.013240512941093343,-0.005902286846734606,-0.016196792020112295,0.006751978536694216
OCCP_2digit_78,0.002281263280654631,0.006772838521922488,0.0012941478702753768,-0.0072478072905383896,-0.0025435462258444046,0.003602700292949343,0.008873943900113349,0.011843284396586311,-0.0005919266810764875,0.0011624725682741188
OCCP_2digit_79,-0.00861922413468,-0.0046111416362198615,-0.0023691702424931834,-0.014621289300224521,-0.012448697045111316,0.003179851158130833,-0.005336728536626021,-0.008342303370962747,-0.021602488238505118,0.0032064882940968896
OCCP_2digit_80,-0.002439293164581841,0.0024891056409964804,-0.00297714001972705,-0.0046418482381246845,-0.001847763430382545,-0.0022181379277262164,-0.0146684390599041,0.017910473834526274,0.005265656250930704,0.004509924092038401
OCCP_2digit_81,-0.005411950477959723,0.005071037990912273,-0.009184610476322061,-0.0013806365767074684,0.0021992839529436127,0.01154549773128062,0.011723784445021434,-0.007973607077610313,-0.007482468552658223,0.007063505868426437
OCCP_2digit_82,-0.00701273444363148,-0.017926042734259833,0.009265869948089896,-0.022688259035725692,0.04225885767579086,-0.01445467106246501,0.004908274759426005,-0.012717834501039136,0.012086406320581479,-0.014112910942377689
OCCP_2digit_83,0.008211421514342546,-0.011898360586575235,0.02844819307875675,-0.0009466680135609387,-0.02392782769528163,0.00014395925197155016,-0.00766914393990561,-0.010830401567348531,0.0028354001744127165,-0.013463223227403705
OCCP_2digit_84,-0.0007774301659820619,-0.004103756452483156,-0.0017911355257448686,-0.011245945359693088,-0.00606185826007232,0.016221246754052454,0.009471519628656751,-0.01120377804251888,-0.0028838503221841785,-0.009171911743656596
OCCP_2digit_85,-0.007293147578158036,0.004316904442337242,-0.0005524123821768162,-0.0017977107703630267,0.0027135410546501424,0.0034264514698582674,0.012139053857717642,-7.44855264223755e-05,0.003429835216520702,-0.005825350473742536
OCCP_2digit_86,-0.014557541499050022,0.0076033788206130316,0.003796337383806091,0.006173204663355125,-0.011243716578359951,-0.023145126640960825,-0.005154465735519683,0.014888955220660876,0.0006011544563177088,0.022854580956367387
OCCP_2digit_87,-0.006420151882495561,-0.0035706332592747828,-0.003928051081266834,-0.0016326809794984817,0.01837656850129527,-0.015864731053717194,-0.002608405207441474,-0.0012368789037986128,0.0025168997858920354,0.0027259230863455846
OCCP_2digit_88,-0.00015711379360021808,-0.005650661715089304,0.01938777847152712,0.00938439746899264,-0.0012067135278631012,0.004415786412750833,-0.004282029146608496,-0.003441122375885656,0.003242247496297483,0.0022048881675710546
OCCP_2digit_89,-0.008488421458947447,-0.02289606239397227,0.0005673853982976831,-0.0312311442227627,0.006637061610138078,0.0013766657476527687,-0.008212770928270184,0.005659554857529596,-0.006635367834298932,-0.0012285329227411468
OCCP_2digit_90,-0.007840628523346941,-0.0035583585740380378,-0.004616761769617921,-0.010131522340975432,-0.021452056570724024,-0.01161749293953816,-0.0037333817769808044,0.00041222742054567173,0.05280206227328272,0.0016232009956418116
OCCP_2digit_91,-0.0027535098507187592,-0.003569827684167731,-0.0074637313553091765,-0.00936463099713198,-0.0034084971760348637,-0.013113229328100433,0.007604983848828422,0.0166034415834504,-0.005640472497517013,0.025275311890223234
OCCP_2digit_92,-0.007638984059946645,0.012730821660666308,-0.0009504103441601455,0.0031329193469375616,-0.002794378058076411,-0.012253419584711926,0.0015544707187076289,-0.005575854727459127,0.00894020155777536,0.011305700005025692
OCCP_2digit_93,0.005618532874935704,-0.027339378765586786,-0.0012364761472614155,0.016726699594243624,0.003759385056000266,0.012538949187423026,0.01706909498794768,0.0022562375181558966,0.007783107740809766,0.006372679851799183
OCCP_2digit_94,-0.0035441621939636485,-0.037801563207812895,-0.04150122035370101,0.028577357506895808,-0.01751999639153676,-0.015250099975919067,-0.009351536898537228,0.003947318439915045,0.02360137345942338,0.011624397778533005
OCCP_2digit_95,-0.008461874342248134,0.004132433021958301,-0.0018648381089267701,0.0011035266963856263,-0.0032848403920294755,-0.009977141530022614,-0.010129647173876185,0.004262198655356212,0.0002122840473042408,0.010021821621685634
OCCP_2digit_96,0.011462898613606137,-0.025030767431268103,-0.014801552641165063,-0.016738291417261384,0.019822093826508264,0.03535362952241539,0.02479974241741031,-0.017857289292940327,0.008727157068375724,-0.012573266359130503
OCCP_2digit_97,0.00042292723939397515,-0.0010701596774182274,0.0021465686308989825,-0.015779291163044638,-0.010776169292030935,0.006261544049694046,0.022689177091855937,0.00527811141231114,-0.012277801302539405,0.005443882260669457
OCCP_2digit_98,-0.018853406773671817,-0.032137712473459916,-0.006086538967946828,-0.11082317276759952,-0.11889223482778423,-0.008948667581309851,-0.026236752822423628,-0.05740819797198853,0.2647225339348836,-0.053468124566217815
OCCP_2digit_99,0.015641783193807924,-0.007503448900483774,0.012106043823965002,-0.007458558783080655,0.011086927613466472,0.08493023921548634,-0.021984623859515707,-0.06057593560006863,0.0952945362821033,0.3919266032732699
INDP_2digit_02,-0.007746631547513842,0.004274152558047334,-0.001698130729650256,-0.003534592388884414,0.0008933424803824802,0.001467209804569745,0.00024533629662165164,0.008495821666734165,-0.008975785251655233,0.009859041516538134
INDP_2digit_03,-0.014213627052158386,0.00740181359217985,-0.008370699251857494,0.0066913910692107175,-0.004756091272107439,-0.01802671142999231,0.006975355742132568,0.007502628572196968,-0.006550030380031791,0.01161335870512327
INDP_2digit_04,-0.01841636754235003,0.00192797806762787,0.004170402189231549,-0.006697760719515209,-0.011432782353391088,-0.03145132870070854,-0.0015242159204189676,0.003448804472923184,-0.008382527262900596,0.02821104016883586
INDP_2digit_05,-0.01840746765337361,0.02360880560805728,0.000570952535551862,0.01382335023288598,-0.0105519592351203,-0.03544163996180565,-0.0010043836999874794,0.0017030972948598726,-0.0022021789646146086,0.011996556489944667
INDP_2digit_06,-0.012067566480880436,0.001921764597546202,0.006151845487000458,0.004688319720979603,-0.004787405329374693,-0.0045806849334636525,0.001835498590588108,0.01486527770786269,-0.006268295320017232,0.009140370541822122
INDP_2digit_07,-0.008651840306655877,-0.009988199925202706,-0.0347517498148418,0.011973045739563244,-0.009220118601869247,-0.017901135045547273,0.021275228336681676,-0.02150108645579151,-0.02519598339445166,0.030116029781445543
INDP_2digit_10,-0.011017699019407466,0.0034895584213892514,-0.006111467338790917,0.00246189020508146,0.002789497625820776,-0.004258187275285873,0.0018502124385657434,0.007257423391673684,-0.0065892915210813835,0.00761141303774685
INDP_2digit_11,-0.002190035101113985,-0.002257218942163602,0.020274507558975835,0.0027005990611730212,-0.012730713132781207,-0.005550465205774675,0.0067050291436467095,0.018263802241707493,0.0061088927907992484,-0.003109562205825059
INDP_2digit_12,-0.004615562048258772,0.003818010319707258,-0.002063981665040033,-0.0012509638189264081,0.003980574571836363,0.0033406772790920453,-0.007506752365873128,0.0032611883083915926,-0.003984302820516969,0.00155552754117283
INDP_2digit_15,0.013088703886773318,0.005381978583030095,-0.0016035619578147317,-0.0033525728634798218,-0.006271765100528425,-0.01164434156934865,0.009559028872060298,0.020329911718701046,-8.976858835766749e-05,-0.0009004461478787671
INDP_2digit_16,0.005278632331398125,-0.017383065669840395,0.03190538765920988,-0.0014240880528169936,-0.024101883594948456,0.0013956935985769468,-0.005218316176248152,-0.018474546283340984,0.007769917536807469,-0.017908559124366456
INDP_2digit_17,0.004607803804862271,0.007619845327308107,0.00033510167381172444,0.0020963172994242023,-0.00023585193110726188,-0.0014216317789459134,0.001958497725999406,-0.0009385150818553707,0.006551241394475519,0.01119595891941967
INDP_2digit_19,-0.005126142098257682,0.003387917304690846,-7.51496099756986e-05,0.0008289210195156877,0.0037955417250278064,-0.001949741673444401,0.0001161277391084524,-0.0020572149799380148,-0.0016773502491583157,-0.002486708768233954
INDP_2digit_20,-0.012489625388751724,0.010877147774885796,0.00029993579986303673,0.004069517579030245,-0.010348815529249497,-0.02585512445022792,-0.0020299322224420348,0.011058387407575561,0.00021450062746586926,0.0147468910410849
INDP_2digit_21,-0.005327369562179947,-0.011609066728813537,0.004514379252875395,-0.012148723768080526,0.02901128553479603,-0.013994210098498713,-0.0037679543738880516,-0.0022312914417261455,0.0030868267754681896,-0.0038322138297719136
INDP_2digit_22,-0.013856014603014482,0.000500190612029281,-0.004814136698764797,-0.002191218702801582,0.002196619850804148,-0.0030831242423681785,-0.020276636296062862,0.009204095952824022,-0.007423267210957589,0.016979164235029997
INDP_2digit_23,-0.005487366584242039,-0.02078349079837998,0.010273673471957415,-0.028367336468211587,0.05714156519730057,-0.027402759301593072,0.005347978694514243,-0.014973538417253966,0.008018548059561877,-0.009316379794420264
INDP_2digit_24,-0.007676324978158028,-0.001926376039839785,-0.004592039806992193,-0.009879103948406104,-0.008439872385862855,0.001190940800734703,-0.0013455448089203456,-0.005572020485690025,-0.009643354810566038,0.005312624261648844
INDP_2digit_25,-0.006761564516939262,0.0003228111439816892,-0.006065383679726145,-0.005243415479534646,0.004581718061754602,0.011564470053601207,-0.005010620515987788,0.0037004811906973995,0.0038923149245927774,0.0004953199780259001
INDP_2digit_26,-0.0022078534456016295,-0.001700810955536959,-0.0009457555412915007,-0.003894229625030492,0.006190346939686423,0.01769944652539332,-0.0003705510382260352,-0.010435373069583906,0.0025462674490806794,-0.005226280514683112
INDP_2digit_27,-0.0019295484937315666,-0.006333004187761169,0.00045031818825430993,-0.019083831160289944,-0.01617206558394953,-0.0014759084840549016,0.018257768753239707,0.009991322806514187,-0.01656551930845772,0.0021171242778441875
INDP_2digit_28,-0.003012852254662854,-0.006923620203719023,-0.007687089956089045,-0.006795618074129308,-0.015551056758068194,-0.009008915204478617,0.0010451415749290521,-0.004603022216750548,-0.018965094424743326,0.010437674465414631
INDP_2digit_29,-0.0007177920166282874,-0.011980042820014858,-0.0012297500929631402,-0.014390486426259078,0.035301238959691325,-0.005136358779614415,0.0017245387672395983,-0.011694668548055336,0.008376134268889173,-0.013505863994212075
INDP_2digit_30,-0.02068160177448832,0.012350619345812462,-0.0054096587252296675,-0.003351754367950892,-0.0077274895540362576,-0.009673080808715505,-0.0028145302710984527,0.0009412176661515686,-0.012771302268947467,0.016281428035034348
INDP_2digit_31,-0.008219309742572935,-0.008142398269893669,0.003646866721297164,-0.010060495849325113,0.02166426704833336,-0.0220559144486432,-0.0055487322760719975,-0.0005697847908084246,-0.002726962297236322,0.005614384385714393
INDP_2digit_32,-0.007577648224635956,0.0015919663676289835,-0.00500735413702322,-0.009857351707974353,-0.004089220006204148,0.006126214026419558,0.009966260003102278,0.015028437137588817,-0.005730923371781624,0.006651606692873549
INDP_2digit_33,-0.007078914394826866,0.008979946717799862,0.0011573675134835136,0.0027812444842908943,-0.005172211947939989,-0.015276971715584974,0.0007666424100282878,0.002155062024111111,0.008330114140062905,0.0010138563701382027
INDP_2digit_34,0.0018854370836241554,0.002390823248878205,-0.0026397125998777297,-0.001025374782379328,-0.004531556255735938,-0.006085818713962753,0.01116720343558332,0.008191756134849536,-0.0038109791368674513,0.0041981341116997944
INDP_2digit_35,-0.008478284434702927,-1.742448988340155e-05,-0.011392167655120985,-0.0014135866872774193,-0.014515338963758116,-0.011444928763318657,-0.00586911918464717,-0.008333591825618403,-0.006888762632558479,0.0009473762434783555
INDP_2digit_36,-0.0029325356265078634,-0.0007310114450708001,-0.0010032138372021064,-0.001283190224962638,0.001578762792612313,0.002636126878226049,-0.007738104051657687,0.00217703410903806,-0.003723362663123199,0.004312753072267913
INDP_2digit_37,0.00991935607469119,0.004679534503810355,0.00035544064363404737,-0.0018776963390609298,0.0023934031179053037,0.0037636739125080487,0.004925832277561009,-0.0026100192094663977,0.003937189897830816,-0.009075759509910268
INDP_2digit_38,-0.010724922993115758,-0.0009641317714331073,0.004911745808206702,0.0022088038819048817,0.005163218744748108,0.013585760499017942,0.013601529095959833,0.0036036587172120936,-0.000600558019670426,-0.007775330144610019
INDP_2digit_39,-0.00379859060071428,0.006209956261841381,-0.005613864218667168,-0.006952479867394936,0.007267650307972729,0.012207469823938798,0.0005262226117703192,0.009681709140484144,0.002402290290689739,0.004861406545971464
INDP_2digit_40,-0.004783905900739647,0.00601140772944499,-0.0002644676776978242,-0.007242015561170048,-0.010136727183565319,-0.006165112647057625,0.00893256825315868,0.00768361894499158,-0.0034361424648673435,0.012708485253667403
INDP_2digit_41,-0.011343767468021411,0.008965885993313862,-0.002360525360489493,0.004023116122895718,0.005434702733723635,0.003909078844659328,0.006508861127937774,-0.0029472720087741046,0.0011839906050459554,-0.007157377593224782
INDP_2digit_42,-0.01476363839472366,0.0018031039436065203,-0.004679777164770575,0.004252392014261162,0.007405896981913197,0.01540805278137635,-0.009515247222310813,0.009262188179081525,-0.002078943031549647,0.004387686785425249
INDP_2digit_43,-0.0071779374198098255,0.00603649379983308,-0.0004140727616659852,0.00019481863656484855,-0.0008475817662828437,-0.005097228763900648,-0.0064195975384305605,0.004034439676035397,0.007690628291026541,0.0025711302677027792
INDP_2digit_44,-0.011308843126995666,0.010447168917952932,-0.005890230977007698,-0.006942300493188226,-0.001399031178238781,0.008537562043414123,0.0007050988358546882,0.0075761451612368965,-0.002686816689447053,0.0035675701388339603
INDP_2digit_45,-0.007374122418069686,0.004606554043838204,0.001563659629362434,-0.0031480916277216854,0.01014205236518066,-0.009433017213926713,-0.002440460131309954,-0.0028148215904114484,-0.003990522773133515,0.005294258176028359
INDP_2digit_46,-0.006914270690825781,-0.0006470876955733661,-0.004521641343614246,-0.013677627493197462,-0.012070985376439743,0.009140855242705198,0.0010059506300109362,-0.006668755260111462,-0.017404118499641137,0.004736523198371398
INDP_2digit_47,0.0025807726532344625,0.004108147533019919,-0.0050134868378897855,0.006192572955255276,0.002262352374718038,0.005735102855358764,0.003430562750690222,-0.0013202016279568244,4.9743132404939675e-05,-0.0015966611796103332
INDP_2digit_48,-0.01339257354406423,-0.0021308500480417517,-0.0039104739035776825,-0.001541353984235992,0.013128730223106124,0.03463735060238981,-0.009325578295520113,0.0051604496704504565,-0.00012425922098585284,0.007224704068343931
INDP_2digit_49,0.013943026615314876,-0.00520969643018147,-0.005439586048374707,0.004955942269740388,0.004721259083147402,0.0402948572461061,0.009187705972457374,-0.028412768091554345,-0.0042654048595303605,-0.008316591025429039
INDP_2digit_50,0.007580367167702546,-0.00023774638791081986,-0.009163154587467968,0.0051233911316399755,0.009716906964010659,0.01906160720403551,0.0002601638373774194,-0.013094590565473402,-0.011658353860313848,-0.001350377681973236
INDP_2digit_51,0.005787995952147138,-0.0057499222445325255,0.008386802389434673,0.004421493165208071,0.01110671301699179,0.007554472031172557,0.010877613293191181,-0.022086090235162913,0.0119225192732466,-0.008101315144363793
INDP_2digit_52,-0.0015666585229186722,-0.00841225527876394,-0.012012833141091988,-0.0003636788520895164,-0.0002574067018243273,0.01773203451747882,0.002942098729788741,-0.01707066789581886,-0.006342856605700702,-0.003698499792103682
INDP_2digit_53,0.023288620290647807,-0.020134371891627995,-0.0025396948943294294,-0.00887196701673633,0.007003748204632553,0.02072240567647067,0.04422080408983746,-0.01512469912983663,0.004706162929051228,-0.0008782565294090383
INDP_2digit_54,0.005221847863093352,0.009203628744182742,0.000731307500485085,0.004530598756019235,0.0025584612037620157,0.008275751699301915,0.015711499066858623,-0.016328539138640904,-0.0038274015157550817,0.009068268636690413
INDP_2digit_55,0.009324673717186913,0.010063676959180482,0.003021223987667593,0.00111028826124466,0.005682043801794717,0.012343221425341538,0.008199983925057911,-0.01865994567760301,0.001411174573423607,-0.013569315917166098
INDP_2digit_56,-0.005754199815973116,-0.003490132048588399,-0.011273934727424008,0.007266804290734556,-0.007856246842047335,-0.015514461343198551,0.005721407249607021,0.0077335447069450565,0.003763429330567335,0.010867218277602272
INDP_2digit_57,-0.00040107169795430917,-0.009000996728016093,-0.015217846846497596,0.014222836622944036,-0.002737367243651366,-0.0011916465351752426,-0.002007334371009084,-0.005136743569618067,0.0009007617415705417,0.0036009340716225318
INDP_2digit_60,-0.010600649074063644,0.0159591570692403,-0.0026844146094739335,0.00561313752540823,-0.009921279609580693,-0.025115452908181346,0.0010764557599170972,0.003957131084208594,0.0136236186092767,0.012996336369672791
INDP_2digit_61,-0.0031717292008531673,0.003185681759345795,-0.010053835651906264,-0.007738699227138735,-0.004190340301791033,-0.016417948218556584,-0.007900134910347315,0.015598694004343421,-0.005916110109632645,0.022329935627126696
INDP_2digit_62,-0.004073945171722481,0.012339756791199174,0.001486024430066988,0.004139633157839578,-0.0005613923775143219,-0.004617352749280841,0.0014184910189699036,-0.004140227351409494,-0.004238072566196072,-0.002137613940502393
INDP_2digit_63,-0.0033307070741628417,-0.021887248406775285,0.0005655868832816336,-0.0036999844767044918,0.01296743253577819,0.00428382188345405,-0.0015525451083943,-0.00662077716918535,0.025908538889096364,-0.0064609633134025705
INDP_2digit_64,-0.003987974326292178,-0.0059614226976767515,0.021994508706953724,0.00668239202022927,0.011547142628444935,-0.016546842177934104,-0.0011089377853302062,-0.0028734530343127542,-0.0006741469242133688,0.0035618932044936334
INDP_2digit_65,-0.004907664647371118,0.004827875068349924,0.0015036682113498713,0.001095656094639471,0.001910000190656634,0.009737935477367723,0.018256802984375157,0.004156621673014987,-0.004609417913861989,0.0021734136683044325
INDP_2digit_66,-0.014802385292154236,0.017102013046862024,-0.0025282430491044756,0.002196000025447785,-0.006551028432970828,-0.016645327009766134,0.007372586077821525,0.014855248036703402,0.0013698601243811589,0.002084442501001472
INDP_2digit_67,-0.004038011260690006,0.002960363081962695,-0.004120857500791316,-0.00057253056543914,0.004970767268816292,0.007677148895028112,-0.013041588797256335,0.011675593655468797,-0.0011921874724391622,-0.012728317247774311
INDP_2digit_68,-0.017364378758448137,0.017804739586923066,-0.003377995605999928,-0.0009224596921571392,-0.00781965568613976,-0.00576954109047549,0.008702368740763381,0.010895668084690618,-0.017946134538622215,0.0005776735614263165
INDP_2digit_69,0.1625682436355349,0.025805977192963386,-0.0010257408555270663,-0.02344580119804195,0.0025896862297629117,-0.035172398211515944,-0.13579342854958995,0.16004365023743808,-0.009156740112082049,-0.03329174728786918
INDP_2digit_70,-0.005414909931948185,0.01308925114794295,-0.0037528845631825845,0.003759935964950274,0.0037578342504846624,0.0002787567055156157,-4.789175886500051e-05,0.0008613425167250312,0.006499485934518481,-0.00412712892993403
INDP_2digit_71,-0.002066719135501447,-0.000258364467397242,-0.006219180927096958,-0.0037089641483973377,-0.0018162661122481528,0.005164613350515837,0.013235953039063202,0.01724158703434908,0.007740419174681662,-0.00576471843811997
INDP_2digit_72,-0.02327563111232561,0.0004111741557264942,0.0006244768047623524,0.012029685215970271,0.008715660463170866,-0.016559249437254855,-0.01218267162963631,0.007747329107027013,-0.002459911965126014,0.005493938820681934
INDP_2digit_73,-0.023690714606719288,0.012229608878428368,0.0043348260584382264,0.005396528913402836,-0.0034452915570943503,-0.00936386006432806,-0.00015985402453066403,0.016126571239895467,-0.0037447252973885916,0.00940358229072454
INDP_2digit_74,-0.014081646348195115,0.0023029430258055253,0.02520265722315999,0.01751227651625297,-0.003033428980286029,0.00699261452158833,-0.004724384323522338,0.014987032652405367,-0.0031948045861057866,-0.016241267856383117
INDP_2digit_75,-0.005039852014035067,0.006521980394684892,-0.007396338950199235,0.009858214104591789,-0.0005025296362704761,-0.010757497611444133,0.015454055542469175,0.009805188343136593,0.002564326307385618,-0.010819116846179805
INDP_2digit_76,0.008842340947500985,-0.009690554485238279,-0.02139932074079662,-0.006425106693094116,-0.0013622491535911288,0.01644106274070455,-0.002484728075345846,0.026329242518786534,-0.00544149433947969,-0.010652499117953438
INDP_2digit_77,0.0028775923981833084,0.007680486268249741,-0.005076053131114963,-0.006492170868068112,0.01389328939930255,0.024617491070657912,0.001978783820076978,0.006586608593269316,-0.004055410891154114,-0.012472843580114384
INDP_2digit_78,-0.028172167789227532,-0.009801282616814297,0.05931291443041533,0.06465740888376155,0.005112368142939606,0.004196239275940903,0.006648724472781232,-0.022797349763362968,-0.037569237240022035,-0.05773515805943576
INDP_2digit_79,-0.010801145215142246,0.010808883695011295,5.375212284467189e-05,0.009972495124264971,0.007905628625722408,0.0030713901771350543,-0.001355250392647708,-0.009835119245704467,-0.016063723699202535,-0.0047311661709923845
INDP_2digit_80,-0.015854013669348323,0.011344620048101208,0.0167956017270685,0.005744026352866833,0.0011792942650479254,-0.013728382152872946,0.003567258308565724,-0.005044657766486954,-0.02179597900197182,-0.008256023765232167
INDP_2digit_81,-0.02502791993220521,-0.010129804521071602,0.034257669774216,0.012981529615355729,0.018115034696992875,-0.032549815598484695,-0.0018353620333079754,0.006402096266614832,-0.018105227606362025,0.0009803877080274402
INDP_2digit_82,-0.0019751886651532794,-0.018384599037941752,0.004028870105315217,-0.013888889320625349,0.010555535673488471,0.009045871807641015,0.007521268053965749,-0.006616348931474321,-0.03251442938064382,-0.007807195212528133
INDP_2digit_83,-0.003533140230574387,-0.0007529560119751804,-0.009968992919305043,0.005050577157775062,0.0006261501201046652,0.013182767917018093,0.006191125741843475,0.0005484046440626826,-0.009516639957181957,-0.01008293918441127
INDP_2digit_84,0.005167740860236137,-0.003003589395066283,-0.00454716255600704,-0.014732742573089324,0.0005591978477588757,0.03644163356795716,0.021497113576639394,-0.016218822250207123,-0.018840334863248556,-0.00848853194886318
INDP_2digit_85,0.01575797302560377,-0.03826062284467037,-0.02695167918221257,0.023001010069142055,0.013201368290017385,0.06063211517114447,0.016620617018271115,-0.038080170845351216,0.010615605725415641,-0.020969461351201386
INDP_2digit_86,0.031866535420380045,-0.024760811333942583,-0.005639046844681525,-0.013843760375242112,0.02755015032543458,0.09355579930872998,0.06613590811607083,-0.06885305459919473,0.0077018406822667255,0.01614962410890138
INDP_2digit_87,-0.007237784897641882,-0.007999344614164109,-0.022012782618832803,0.009923493593988954,0.0017754362004426623,0.004012162126877917,0.006823478629369968,-0.0026317703950279004,0.00596368492358823,0.014203114430072033
INDP_2digit_88,-0.002097709331066444,0.00422399544217589,-0.007363876738293388,0.0036665554565090924,-0.007903741574015341,-0.003114035288247834,0.0089828838081532,-0.01946447810145853,-0.004633690040185908,0.006939746550839116
INDP_2digit_89,-0.0006640126664514333,-0.006161687626721414,-0.001896664404879932,-0.009121054035027993,0.0012614625939818787,0.007603523496302729,-0.000484054596821796,-0.042211536189342716,-0.0261017503277292,-0.003756149574873085
INDP_2digit_90,-1.4671951329148832e-05,0.006797884393701897,-0.005580561634362812,-0.0020096020629694696,0.007061694778923391,0.02163366759732339,0.030390436056367896,5.162161224289383e-05,0.004787346769524715,-0.024172091955191204
INDP_2digit_91,-0.005288135294467879,0.020625474496739186,0.0038458606880373723,0.011794955080815895,-0.00032209599797094845,-0.0035416509703024446,0.0019203138361731517,-0.026894573251191753,-0.01821088766575051,-0.01943469543270173
INDP_2digit_92,0.003200930678778719,0.0018307323713769206,-0.0027167039801741094,-0.0056872437653518945,0.014689531085951642,0.03740998109216233,0.0006947051229588139,-0.015991366020267957,-0.006586258000264921,-0.010120770622306445
INDP_2digit_93,-0.009893301468548494,-0.021724707665129094,-0.039293603173399604,0.039223080590303334,-0.0032735418805919826,-0.026428677497529224,-0.004676228675880057,-0.0028888552334129258,0.0031668594057706182,-0.011086870153287678
INDP_2digit_94,-0.02208629294633383,-0.011674820462506535,-0.0028604948995902308,-0.010891188614313225,-0.005507058478289092,-0.045503295259063624,-0.007872756542822804,-0.01567301581433097,0.022766149239563774,-0.007032825904827983
INDP_2digit_95,-0.01757498042327706,0.014518871262471601,0.007025123812771505,-0.009671888737711678,-0.040331912893637925,-0.04028192519750036,-0.01186434555017642,-0.007350911319227993,0.07312760312763078,-0.0034195722606357804
INDP_2digit_96,-0.022668556854448015,-0.026062594576412027,-0.000336422242614099,-0.11920932568585187,-0.15231095540572118,-0.014279579993831002,-0.01587812161789836,-0.05283006458441999,0.3483490736037221,-0.0718452217426681
INDP_2digit_97,-0.007342752130230493,-0.020235452211009766,-0.004256046324076352,-0.047708174985150856,-0.02466780016156097,-0.00919694623506209,-0.013313890907395811,-0.008519452973478649,0.1327478843566899,-0.012178477971317627
INDP_2digit_98,-0.005217268517955501,0.0037993382803182606,0.00015021406654315846,-0.003982252896972222,-0.010779556066287468,-0.007549131413361823,-0.0006321902898679823,-0.003919924416051083,0.03507367329717419,-0.008708391896634925
INDP_2digit_99,0.01564178319380792,-0.00750344890048377,0.012106043823964989,-0.007458558783080705,0.011086927613466477,0.08493023921548634,-0.021984623859515717,-0.060575935600068666,0.09529453628210342,0.39192660327326995
ESR_2.0,0.007471939181621468,-0.012779607455484005,0.020719940675442854,0.008635176091409126,-0.018913124484850566,-0.0015542769898490522,0.023693981274750635,-0.014694902911732725,-0.018982943590357116,0.05239096828958999
ESR_3.0,0.04468389595705668,0.006108008564845039,-0.003851617640565789,0.00645129831786414,0.0024465034410846116,0.057194256644427684,0.06705941357711916,-0.08102499862715676,0.06193853708563035,0.19714665444516682
ESR_4.0,-0.025373933641536353,-0.03071980540646883,-0.0019121609290792285,-0.12708031188441796,-0.1523122521547151,-0.01655026907716596,-0.019904845569782354,-0.05218962376640459,0.3725715446257964,-0.07251081641710398
ESR_6.0,0.25348029804709915,0.022348999331515684,0.010259922734666095,-0.014932584339509457,0.015261208581541395,-0.02574198679030707,-0.05225693232333373,0.006922736162853676,-0.010440080102734856,-0.04903399014346642
ANC1P_5,0.015678785451212884,0.0077032071703288215,-3.778450514146039e-05,-0.002647001510450579,-0.0008229902397648276,-0.005675684326411193,-0.01693309952984365,0.020623356234223827,0.008093313774438298,-0.0034803060612557577
ANC1P_8,0.006394182614495892,0.0077090666709031894,0.005042588756477242,0.002017078980128372,-0.000743032992932098,-0.007971306777174255,0.0062427880224392735,-0.009867011779712494,0.001847038758705872,-0.0012489634025509015
ANC1P_11,0.0033585981745558446,0.005228247338357896,0.007950776960205307,-0.004366183260316418,-0.0014265814238683574,-0.0028100213451581466,0.00981830203616438,-0.016048444801235292,0.014923634063812289,-0.010918243915637777
ANC1P_12,0.008059106121643707,0.0038463541516520696,0.0058530482835434635,-0.00989032649825623,0.0004490074918296923,-0.0025513113215719176,0.04016926779929784,0.012220847536427625,-0.007052998413414064,0.003779352074265394
ANC1P_20,-0.0022139316112658536,0.00931556566132773,0.0009035068162624922,-0.0019185140569986932,0.001647787650004453,0.001104660407255559,0.010468448012430295,0.003822712003156096,-0.0028721204873756053,-0.003792848427383729
ANC1P_21,-0.006649779137555254,0.01048508202948819,-0.0005361936845274503,-0.0030428163479953906,-0.002491069818705365,-0.005763707637246574,0.02254145588302214,0.00951588733341611,0.01721146416903759,-0.017090689271177073
ANC1P_22,0.0018278343701354713,0.03221165114560982,0.007657553169289585,-0.004074764593100298,-0.012942780418400286,-0.012184978660859328,0.01692609571925182,-0.003708656194278145,0.041726454276698265,-0.027976056946630582
ANC1P_24,0.0009180591749376545,0.008379877801966931,-0.0009367061920554329,0.009675681142905113,0.0018328520639344862,-0.004458991776709052,0.0024940153443433234,-0.005691141800705807,-0.007046457831968606,-0.0072387710966891165
ANC1P_26,0.004144159108266254,0.020415462150386955,0.0003391965757215292,0.000362782093553774,0.00045667061637271795,-0.001508179437460178,0.01889296437380229,0.009184569332166184,0.005820674081966822,-0.021484502172327752
ANC1P_32,-0.029718400553166723,0.1127332163350038,0.007514143882887251,0.0382830225569552,0.020111238803774325,-0.004835529878510019,0.030899903524767507,-0.049208849406256146,-0.006937509564566069,-0.03196268079788086
ANC1P_40,-0.005775078629450381,0.0018989421370828757,0.000381832112229417,0.0023762771198775545,-0.0016315720287039639,-0.0061409965447401455,-0.003939936574315918,0.0022965824356946185,-0.0025872450325077024,0.0043052029541099076
ANC1P_46,-0.002288669689039192,-0.0002975401683791646,0.000253471235531467,0.0006487799110504792,0.000726072174624674,0.0021385922540722723,-0.003302148531602006,0.0015354474724423954,-0.003495139592204491,0.0022784209039795277
ANC1P_49,-0.0032907558837863816,0.008795332154507821,-0.0009718438709500676,0.0011282588057203726,0.006471863769661699,0.010055609599112024,0.0062963895007952545,-0.006522778344842077,-0.00453382025381515,-0.010874212147735294
ANC1P_50,0.0011603941002283015,0.03149026887508058,0.001364553764180446,-0.0022641134989824967,-0.0011115769376907165,0.012630930116442018,0.022041065111736424,-0.01606446383009447,0.03436230090841157,-0.030979905799848648
ANC1P_51,0.0034535320499648825,0.015168562118714386,-0.0013606139972536149,-0.0048300038721388085,0.005890937778341502,0.03050722895311045,0.025906398113714865,-0.023907827912049304,0.032275157530915026,-0.0261245580374486
ANC1P_68,0.001234485853838797,-0.0010147094239096575,0.001004994902184261,-0.003303736681127333,-0.0038198839129926195,0.0006830701973808425,-0.013015426062145188,0.009735926940645503,0.008059995171783753,-0.0030699515810699435
ANC1P_77,-0.0036087303260100086,0.0015960439454328554,0.0014611821954611545,0.004249623047026445,-1.1032598979175494e-05,-0.0019615021554384316,-0.002926577916048958,-0.0011738186106991688,-0.00520895586962279,-0.002249391180042105
ANC1P_78,0.005839866612176321,0.0055769379675144,0.004196014196215115,0.003004903828469331,0.0003585778614241269,-0.0015229499448777533,0.006011371113542828,-0.015633556700604585,-0.004472213923498887,0.007061549042895123
ANC1P_82,-0.002667490746680162,0.08120288892905911,0.0129336968211723,0.030404390666063912,0.008179960074596477,-0.02218052933396523,0.029362990312156997,-0.029826428839064282,-0.0265440314030356,-0.024329865498273838
ANC1P_84,-0.003978221718253143,0.004165963443957321,0.0038938093936555437,-0.000880999178618194,-0.005020915225599145,-0.003860236992587986,0.025800278529169905,0.017405693556975646,-0.0058709376799167,0.010779555620853979
ANC1P_87,-0.002517613980217906,0.010022313306370543,0.0001945504895454876,-0.00502483304510151,-0.011935317294276162,-0.011318865664009295,0.0014657120372550403,-0.0009404396656233,0.03430087870560215,-0.007205003835068144
ANC1P_88,-0.012866028532656858,0.01183134452561083,0.0013416306989205084,-0.011969370634963067,-0.012678048012444508,-0.015473207174429522,0.011801272517078281,0.014063898530850726,0.036595036518305306,-0.009093079502733702
ANC1P_89,-0.0015686909815404548,0.018835647355706524,0.006613117996128786,0.008375142602225341,-0.0037516873739486156,-0.01353223229729156,0.015425499319165276,-0.0069018372865552735,0.01247184660237977,-0.009350762140515388
ANC1P_91,0.009714192546805285,0.013197041176690035,0.004600384623866244,0.0010412060186863964,-0.00425104438096915,-0.01807570195561745,-0.014202011131875204,0.014968203813089123,-0.0011640395470146007,-0.0036627651738495364
ANC1P_94,-0.0002480079166479205,0.009537580763928202,0.00015225987402823688,-0.003198791803554869,0.0003608559708581255,0.0014934767723787006,0.02044494332895734,0.006701431549729973,-0.005757837809949594,-0.006400043190880625
ANC1P_97,-0.007304770209470798,0.008460445734939714,-0.0006366602607603463,0.002992486404300768,0.003320110155788986,0.0075546347214268976,0.011911663673747314,-0.011257772943306496,-0.0012880801041223974,-0.0029411074910088426
ANC1P_98,-0.007805494501808708,0.013224170827529781,0.006390313102966658,0.0029897056110558106,-0.0014613042330999622,-0.007331015897119087,-0.013861765363379486,-0.0043541143589290315,0.0026180402193944066,-0.00310461083183606
ANC1P_99,-0.005250199140282801,-0.00017421602925631952,-0.0012750544675747435,-0.010195179660574597,-0.01779324070664474,-0.007629610297459699,-0.0059578432181792915,-0.005188313525613085,0.05040717094366243,-0.005297748946252588
ANC1P_109,-0.004849935599554876,0.004041058178464037,-0.00029114154275625153,0.0028184133318978474,-0.0013601053858747936,-0.006186996271104255,0.001707958846497753,0.000827545865958001,0.0017336989820343001,-0.003493021923277427
ANC1P_111,0.005338744519238717,0.015370530448980568,0.0044650939251487335,0.002517160451052563,0.0006865914913957168,-0.006618090063238907,0.017188301011359125,0.0006206333510305476,-0.005012636227026118,-0.004369369476735641
ANC1P_112,0.0048987350975495565,0.011234365278513193,0.004508340785014292,0.0033294922036312077,0.0006198130155591672,-0.008281969197865268,0.001911465946366061,-0.00944816862366213,-0.0020833959219944778,0.0015530255317148696
ANC1P_114,0.001910062146893946,0.006933369397698478,0.0018184908951624074,0.0030093848634757865,0.001775213415619042,-0.0010060647993567436,0.0018570156364855512,-0.0076267558802398825,-0.005694026079315784,-0.0019736561754798874
ANC1P_122,-0.002450682686632995,0.011537973379992716,0.002592887486381032,0.007687480209965925,0.0010282971001717431,-0.007740140974417352,-0.0012692256889165177,-0.01304335672949792,-0.007635880294520097,0.007731525821522849
ANC1P_128,-0.00572047697348525,0.00365375610852016,0.00033243830022084195,0.003968704548917012,-0.0026810671378049503,-0.009839287652127096,-0.001155123558975121,0.003249392846775303,0.002533893239154249,-0.0013717279276986905
ANC1P_131,-0.003921534149033921,-0.0009983273776913455,0.0023305439873165133,0.0010814582041677218,0.0026207065286927966,0.0003616130020673572,-0.0013388216224334483,-0.000646848150053107,-0.005971890720308965,-0.0007254630555478797
ANC1P_142,-0.004943862228177223,0.023971322610001216,0.0008987909185142522,0.00932819618243263,0.002052565468544381,-0.0041138435746240175,0.01344722945903242,-0.007739446825375809,-0.007681232551689379,-0.013649638811287822
ANC1P_148,0.008367635410543727,0.011389707969206651,0.004033230677981764,0.004364918084193904,0.0018590810791481907,-0.00048215617846995856,0.016455835181473037,-0.0037707771063218514,0.001864650692694628,-0.01024683695311052
ANC1P_152,-0.004919462130279232,0.0013485020608997838,0.0026560231752301446,0.0006685802403448421,-0.001181278065042771,-0.008659432282757368,-0.004115425766645331,0.0022640275850430392,-0.004779013700868633,0.004446907986877587
ANC1P_153,-0.0025290313035989526,0.0016499367545116865,-0.0004196290586937283,0.0004272504309511026,0.0009546195803130901,0.0009241678687342478,-0.0027335793936639594,-0.0002684704581483757,-0.003127696032698054,0.00019491703343326588
ANC1P_169,0.004738146860380695,-0.022466483039991984,0.019479399356367,0.004984821206885208,-0.0033726538598469347,0.02564251168145645,-0.022417874214453976,0.027053251191073643,0.01307948588016827,-0.020461949443110805
ANC1P_171,-0.000959357902785598,0.0044383703534413,-0.0015896336273847087,-0.00613418887539933,0.0011212377469792109,0.014191578981069616,-0.0017358559776383606,-0.009989703185780434,-0.0024554931356697667,-0.013576302461626274
ANC1P_176,0.006892947912534465,0.0020790875278200722,0.007999924265553139,-0.000713429397905074,0.002408241060641195,-0.00822371862197832,0.005740915953912848,-0.00710585032245857,-0.0065690045376459475,-0.0011153176204891952
ANC1P_178,-0.003454005579729206,8.859233194565653e-05,-0.0016544319265069283,-0.0007919917655360563,-0.0025067958823324025,-0.0026681291343610097,-0.005411297513214125,0.0010536933676962474,0.011318946881196584,0.0010146430450408588
ANC1P_183,-0.0012521245320629279,-0.0009647273277487969,-0.002235241646042187,0.0007626402922527771,0.005415105282919697,0.011982649889533188,0.0006768685620593539,-0.00594752080058546,-0.0044145919348895155,-0.005835352480054415
ANC1P_187,-0.0007787503092984568,0.006716688737609248,0.005560915605806805,0.004206833739687605,-0.0024987199205372627,-0.012529862628588007,-0.004581734836657211,0.00619175563177052,-0.010189660055694034,0.005284408472168666
ANC1P_190,-0.005707922229119266,-0.0010115950896991731,-0.0034206650639162805,0.0002793202397393603,-0.001704872191167693,-0.0002948350810346802,0.010305134205621248,0.012184902218443682,-0.003706369207002593,0.003580159351792137
ANC1P_194,-0.0029569163901740957,0.0013991143065241664,-0.003734675281776346,-0.005396363748701219,0.0005746019365202615,0.008369115722132905,0.004451713278533914,0.0011702301551251711,0.02419925794191691,-0.010887918835716983
ANC1P_195,0.0010480561031935814,0.0058069170145323866,0.004968822596697692,0.0002475814850770703,0.0043268878850475645,-0.0023399475119336346,0.004732829078122379,-0.003573026301078914,-0.012336588075546027,0.004331404996429974
ANC1P_200,-0.002551443004460607,-0.007687443603143171,0.0007497559594163612,-0.03096044956604059,-0.031855576726548304,-0.004771386051679042,0.016275249664555413,0.021783338561997392,0.0669360022887436,-0.004594649271065444
ANC1P_210,0.0014588419021811698,-0.05387564004237107,0.007826432819884509,-0.12033850364197134,-0.13958356908163333,0.008549085510523798,0.022629983224160224,-0.07631923313195504,-0.04214606235054003,-0.023489499999504358
ANC1P_211,0.010121824226298759,-0.02547479110361601,-0.0007090149475407045,-0.05948090781217419,-0.05295446600568748,0.010071463511929397,0.019558639816194483,0.014949831181165347,-0.04926358343339474,0.0012998131511897603
ANC1P_212,0.01364387282431325,-0.021580244329044377,-0.0008104460394077795,-0.025883128204218203,-0.033390613312653465,-0.018773966793687466,0.045652103141529884,0.03261721278672568,-0.04245847467370947,0.012542041060662049
ANC1P_215,0.007839360515937475,-0.01917114578873393,-0.019020303791930683,-4.4496978169823144e-05,-0.00864149821003758,0.0034472315831809057,0.01976223886187894,0.007800180404532305,-0.00532738196614426,-0.0004713412359028046
ANC1P_221,-0.001958045358820493,-0.0037273940550754084,-0.004021917336078274,-0.020865385495165523,-0.01237655481936299,0.014586179749276817,0.022157317424267,0.026011371567119232,0.005638070954900428,-0.010534292210180677
ANC1P_223,-0.0006336024364716659,-0.02315344606809446,0.003189559817882349,-0.04122895911867417,-0.03406371743635541,0.01540893119817155,0.0042257064089381655,-0.02426166868413512,-0.05255882167458193,-0.004147341485610819
ANC1P_226,0.005571027189983178,-0.04507448834249045,0.011484186881678756,-0.086041497444948,-0.09593144805486313,-0.02639768780155255,-0.05158264879689349,-0.052857645714940005,-0.12560114977307663,-0.011005673678856404
ANC1P_231,-0.004863579083447947,0.005149750145633344,0.0006657920702842096,0.004483865126226097,-0.0012280599099034738,-0.0055878852145099965,0.004927429401834867,0.002183728050627664,-0.0008287832031085069,-0.01005923293203242
ANC1P_234,0.013354713376195343,-0.004247945582576996,0.009295787158250286,-0.03492930463224338,-0.019404230314907817,-0.010130478337219487,0.046827959513456016,0.055410956035190626,-0.02988278417658416,0.01912138296709105
ANC1P_235,-0.001480137789372981,-0.0007184481448029908,-0.002625926839043788,-0.030992354967958706,-0.03063252778553958,0.009270782280648883,0.004397577549629013,-0.03010201311340308,0.14705151085302873,-0.04100356259744024
ANC1P_239,0.008776838392530547,0.002034010600354071,0.0023774017113610715,-0.010754375901776574,-0.0036032086539126928,0.016667207757149066,0.04599511091750736,-0.0016897233430690807,0.0070209296885447095,0.011254985290451082
ANC1P_252,0.01014320729779912,-0.012074605406951777,0.009776996581683331,-0.02670992736647652,-0.03680053353169247,-0.007180042956241696,-0.014573221199365527,-0.02869496163649918,-0.03172896095840331,-0.008653746935857395
ANC1P_261,0.008394658173272016,-0.013749381941876351,0.006757773830400716,-0.051966262036096014,-0.050686746441274654,-0.011918572137964711,0.018646266953904797,0.034248026836945396,0.03756261226856525,-0.0027664023482147533
ANC1P_271,0.010445764582368032,-0.01528316993162647,0.0021725175473483404,-0.039887311040189104,-0.03342025509223222,-0.002488500017171953,-0.007459745372902447,0.018507545063021862,-0.028525556070786075,-0.0002465867047630429
ANC1P_275,0.0010532926228596102,-0.017483605262142397,0.00902296604330296,-0.03809726944983311,-0.050692142422944945,-0.021065288312228307,-0.009230826112895803,-0.03710925317121528,-0.02501177183784212,0.0013041611448870358
ANC1P_290,0.0008617291316868846,-0.015491889493385485,-0.0002528935226834952,-0.05486687112618209,-0.04699522790031555,0.006618159403562756,0.029370189804374797,0.007553895372141358,-0.006945529115751101,0.0041076066765209475
ANC1P_291,-0.0007469184651636458,-0.021358049461569793,0.00488898151692903,-0.054990018948877915,-0.063506569082105,-0.008811236943084397,0.023712365060660844,-0.009749016348556194,-0.048874292283808796,0.012730525491129206
ANC1P_302,0.010530278540439919,-0.0070515659149665766,0.007695016009439186,-0.02552959088377219,-0.028697119526074403,-0.030804488859695466,0.03903025586452973,0.032486951345793394,-0.03021831375545678,0.017203803528581214
ANC1P_308,0.00039593707521463895,-0.03883175535260123,0.003922611695761729,-0.0334254996633538,0.07519706135371503,-0.03555377058010369,-0.006245715940088532,-0.03754121044662443,0.016350481170009232,-0.013192448460036383
ANC1P_402,-0.00450859399787981,0.0037866772131308034,0.0020524413690229874,0.005514659536017729,-0.0019425893270469618,-0.005156485342979635,0.0023102397192112894,0.00047663815116570375,-0.002266184405420749,-0.006463345708302165
ANC1P_416,-0.0015982094455548063,-0.013649683419269724,0.03519783075913195,0.013899896407329991,-0.003855684315698974,-0.000865803844384445,0.002435347842499259,0.018703658130366046,-0.00708661827865531,-0.003205248358909339
ANC1P_419,-0.002550954744974192,0.0013551661397786096,-0.0024941692367934603,-0.002398005603872006,-0.000449842034859979,0.0027136727522865988,-0.0017324024552260906,-0.0019882415488769642,0.011340770636931664,0.002798105569723813
ANC1P_421,0.006223413142469804,-0.00547647279123753,0.019981826343602283,0.00615002371431415,0.001397370807905952,0.003282808141834983,-0.004470987757473202,0.004485025949740739,-0.002855078930261455,-0.003976451586582069
ANC1P_425,0.012059220176177507,0.005596632976349027,0.003869238019241991,-0.0008158389003310764,0.003255936631246461,0.006933820175429942,0.0047399891819396274,-0.01111550313546404,0.002163717895649235,-0.007854027139852646
ANC1P_508,-0.00350026553780905,-0.036402636749686315,0.015106918812952607,-0.03472681466708029,0.07020575330131362,-0.05286368028005784,0.009999934132415945,-0.018114059905536252,0.006863777061061244,-0.001731003964990126
ANC1P_529,-0.0016195920323576782,-0.027791419421050942,0.01678182628849287,-0.022505630561864803,0.05247572638052033,-0.03091147505500737,0.007271984755044981,-0.013369796085077539,0.004073152839363631,-0.007766559227894627
ANC1P_541,-0.0024649112275174257,-0.050599391078552845,0.03155085962824265,-0.049574472065424265,0.09974621710684232,-0.08256262241465674,0.010099701525197449,-0.026143407697861224,0.009698474714232807,-0.001130267147355223
ANC1P_553,-0.002032026113265343,-0.053618533798758354,0.03511838139099608,-0.0506490656644789,0.10471054324747166,-0.0810303975457476,0.010554416873323402,-0.03321190673198838,0.013775253624765327,-0.010144406887273645
ANC1P_568,-0.002053904870635005,-0.027370742985611693,0.014915037182415313,-0.02889102669050643,0.05282055651282597,-0.03963830796918305,0.0054781949933731325,-0.012226116138842776,0.005388512751599822,-0.004343834337340288
ANC1P_570,-0.005794337620006903,-0.05446917934765783,0.030605838921335036,-0.08589389768273369,0.05908445312487805,-0.017449659503237493,0.13972397658110264,0.10675088189245738,-0.03688270436676465,0.04061462519450879
ANC1P_587,-0.0007058540450270977,-0.027056900264360705,0.013766706173841669,-0.026276258967543212,0.05070393553209279,-0.042014649864875735,-0.000149686057005095,-0.007429899847998898,0.0058864112864701525,0.00215222177204994
ANC1P_599,-0.004155305514342073,-0.044847133679159934,0.025367626723942056,-0.04353354173594843,0.08877950016039758,-0.06991868597618053,0.006370338970351184,-0.0178006384305206,0.010960618463593837,-0.006080504930565816
ANC1P_603,-0.002880639013961531,-0.069141215204781,0.12281575169778261,0.06593644995810309,-0.016182583085420782,0.060168113751026896,-0.0086607611255518,0.0258722022719662,0.004159280341848208,-0.06431322498650788
ANC1P_615,-0.007981679664082213,-0.05141787333737381,0.1011711310343075,0.05334019985511237,-0.03023587780263696,-0.013696209054293005,0.007674984873691791,0.04890055346526242,-0.022464205651566677,0.013035253331376742
ANC1P_680,0.01301069910349481,0.004919834617006756,0.0018483895017242424,-0.015096544917112764,0.0009061117981357366,0.0061429649464888395,0.04233655338401959,0.041051874905162725,-0.014279026324914635,-0.016576623884556184
ANC1P_690,0.0035897980164848156,-0.028735602900261305,0.06265534412762393,0.03737635653014463,-0.012214477426409336,0.009403551290630025,-0.005207302919435359,0.005540620650763627,0.006297899359294523,-0.021026036135377103
ANC1P_700,0.004774932955792153,-0.029680032088402943,0.05740464234585415,0.0350441609022927,-0.009848145115590866,0.02259762927501124,-0.0075187866939187605,0.0024982542107674817,0.004787020234979818,-0.016768349366252055
ANC1P_703,0.002662879200571876,0.002541078400596405,0.006834555005703064,-0.001651222357208441,-0.005588477014380203,-0.012521900542240104,0.01941666503349578,0.01153410167608967,-0.007410071251117951,0.009744297667429725
ANC1P_706,0.002110900476035106,-0.030885773368488998,0.0599048435646622,0.030595869502184358,-0.01874434951521042,0.02427745035492951,0.029126387774048,-0.0038137157885746865,0.024267846261343422,0.1937467860621408
ANC1P_720,0.002827336692200068,-0.07758310171294246,0.16039464303654635,0.07674065438611434,-0.05256695682569116,0.013622975467467283,0.004135332854336667,0.04040313129796657,0.04905424495173936,-0.04351432987938002
ANC1P_740,-0.006955024285930993,-0.013470978453097105,0.03655436872183109,0.02365008443609171,-0.01862761681387794,-0.015180909990171717,0.008496156348638298,0.03540857826235151,0.0023892025495987094,0.008390900076531663
ANC1P_750,9.731808046469032e-05,-0.035664883348807117,0.07425340653014019,0.04341283659726952,-0.01727618008111164,-0.003300469311700157,0.00141802403348272,0.02632046893039793,0.004606156648772784,0.016458330002167683
ANC1P_765,-0.00345023831435001,-0.014242238797210746,0.0251341713879751,0.01831894698245783,-0.006445149963314123,0.009718921685255368,-0.00915244517565847,0.0075837150794008275,0.0012974487122619463,-0.006957921036265944
ANC1P_776,0.008859068634313096,-0.03199189233923451,0.05205452174756639,0.03057290006054451,-0.008197603085967058,0.033620696623247896,-0.003704926722683744,0.002564638814658862,0.014062465069147462,-0.0205635134785886
ANC1P_785,-0.0034411934296436093,-0.03702879760840692,0.060861310311183955,0.03466290570233031,-0.003672533163960871,0.033903977214250924,-0.0036580541679437713,0.027781186851180507,0.005812713266899505,-0.0361116656298752
ANC1P_795,0.01151971392154721,-0.06451584090912552,0.12359037124174994,0.06686848798906868,-0.022489717370716557,0.05222431791587127,0.002656050633463472,0.01150874475254334,0.018466506602758902,-0.03949279016527424
ANC1P_811,-0.00401634785208265,0.0018398773319079466,0.0008314009439978057,-0.0055580229768997,-0.009810945861205882,-0.004092159344175082,0.032866174943931396,0.01994871082231591,-0.005400193890836569,0.0026284691194055788
ANC1P_901,0.001031291881260119,-0.0044630694363987635,-0.008324682104316914,-0.008303718630370377,-0.0002843819494413765,0.009324457593444965,0.020843488772637243,0.042958445222245505,0.0009083608083300848,-0.0068771086045383584
ANC1P_902,0.014663805339462821,-0.062092376022666165,0.027349363260397778,-0.06825728178417971,0.13297816422234598,-0.10285693601139032,0.005742973399514535,-0.05203698322754653,0.046424667430923695,-0.013964555482806852
ANC1P_917,0.05201400163234957,-0.15826317861267014,-0.1770475691775068,0.15867865718017432,-0.04335936919871139,-0.0756285085861791,0.04585923647473594,-0.012880020327815657,0.013970720907881727,-0.009864857672529355
ANC1P_918,-0.0017981172351461082,0.0006894681233021695,-0.0017195900563813358,-0.0076224291222309,-0.006024207849799258,0.00027171431169199865,0.024839828125881577,0.017848568962135547,-0.0033336154861026454,0.0028072073215177546
ANC1P_919,0.01345551540242757,-0.009612651369175242,-0.006948877361723498,-0.010975162054492168,-0.017599646680550356,-0.006294982740804942,0.04567413413311793,0.03186757380557682,-0.01150644874228159,0.01174671198960283
ANC1P_920,0.03415810860009206,-0.1188405558662475,-0.13047763876199736,0.11088462345510604,-0.028965247594978413,-0.04278602165438459,0.025664577752268974,-0.0142319701510239,0.01469717991727381,0.00012450414294555806
ANC1P_924,0.00886255614771237,0.01579412086633496,0.0016158349677986034,-0.002618793874064403,1.2136404395341173e-05,0.0027154278702713306,0.005778444438191174,-0.0015945138226795585,0.004017063449583616,-0.006655442264208753
ANC1P_931,0.0006024467398412596,-0.0019791627559988863,-0.0020225370319552774,-0.010046106908660674,0.00042600057632939783,0.009981296775944557,0.01964164710991878,0.016275581639399,0.004569069563727627,-0.0018004022171260773
ANC1P_935,0.002577447190324285,0.00448365434878882,-0.00848171851176921,0.0038806142958927596,-0.006928738817475743,-0.0007645328490567672,0.03849312577899631,0.0026458202417828777,0.00990994727439363,-0.00010302125907878698
ANC1P_939,0.007922323703867147,0.006542279316432551,0.0003262545348174996,-0.01033554747887695,-0.005968605607894835,0.007416649635376272,-0.02179307561875633,-0.017977087605162673,-0.015578807826122039,0.027173058056828545
ANC1P_940,-0.0030614379325790103,0.005087386255416775,0.0010921168564101385,0.0036574322422956405,-0.0005080894879485874,-0.004102223739825256,-0.004122271059870812,-0.00177578279125064,-0.00022150202730593529,-0.00012613253268762615
ANC1P_995,0.001598408472767485,0.00029764844001609227,0.00010002242330639464,-0.0234199437951778,-0.02286160388613601,-0.014119735503853707,0.03711340890480528,0.06192822963212257,0.0014643916883487988,0.03696299846658396
ANC1P_996,0.0037848103955374825,0.003957866403454923,-0.006937297686499645,-0.01269520290912692,-0.015210387440600921,-0.013351613031937012,-0.012081739995892382,0.024128607337626593,0.014889102548456419,0.03794352217390149
ANC1P_998,0.018028516203485584,0.003016248026853084,0.0017121569139412441,-0.005185161338374728,0.008842163993921497,0.01477093910527296,-0.009546307915435518,-0.0032437961104952906,-0.0007615000712131619,-0.004350031775095642
ANC1P_999,-0.008510916109253511,-0.0841118863491766,-0.040778715930711945,-0.08025153747378264,0.05284223149544244,0.10207698863091334,-0.20253309611847267,0.07956817572046326,-0.025999240183120473,0.0968096524792071
WKL_2.0,0.12657646774221215,0.036931335269180195,0.026919610672783964,0.013867260121654242,-0.013213227602683454,-0.062140250388849204,0.04293022884589692,-0.0694969121866425,0.012080630135120177,-0.0163961546884116
WKL_3.0,0.1863152029532682,0.01566128296829912,-0.0038590073398416017,-0.03279886569103771,0.005801348570817985,-0.016209290663184397,-0.14240394482030555,0.1497487898052491,0.007195983122918563,0.025618519546488965
SCHL_7.0,0.015927354593980605,0.0010466415877788595,-0.0032138895614157357,-0.00964578294142055,0.004958244658789244,0.007419970592275362,-0.03368192197432867,0.03398118195596723,0.003041617018851365,-0.0029585462427784374
SCHL_9.0,-0.0023435266302357293,-0.019500372490328263,0.006337595553371734,-0.033654582856888965,-0.04042455458839534,-0.010416332135768277,-0.015066234745022864,-0.02598984781686103,-0.04717629284223171,-0.0006780391953094464
SCHL_10.0,-0.0022373911666551524,-0.011162790011452059,0.030769134304512398,0.019328292175033734,-0.010305555452139945,0.0006999007980249249,0.0009440857306719635,-0.004725909955599235,0.006173146673794779,0.09275950358590959
SCHL_11.0,0.017764951963165264,-0.013946556282329502,0.0033089778269406235,0.0036311548788422426,-0.022086434499140578,-0.0065091173660070945,-0.0007500592114951646,0.0037839409302546116,-0.019073743872253378,-0.0020318888902526484
SCHL_12.0,0.021470486582022677,-0.04271081178115494,-0.05096321540127364,0.031062856047666294,-0.005391640386526189,-0.006025015335520866,0.0006312179523661333,0.011888964271226226,0.0030242012923302453,0.0003547790630482498
SCHL_13.0,0.030962945737807526,-0.019191571875486178,-0.0255366248507472,0.01122472378534255,-0.0060656810754074475,-0.015401948631683328,0.028365209739177683,-0.0025642119271558662,-0.007831476255659588,0.004671995889005246
SCHL_14.0,0.03309845900617717,-0.02432370087270338,-0.03585988711131694,0.005034951371712508,0.021578418726322126,0.03703972501236842,0.01633326565658272,-0.0022721169611205775,-0.002058194239294857,-0.024251251509070208
SCHL_15.0,0.01542503394922605,-0.024243176677769186,-0.012756729510971253,-0.03284119307045336,-0.009312105775510148,0.01700558688297708,-0.0398075257278991,0.02443942333562955,-0.03876538618288348,0.007499247509995308
SCHL_16.0,0.048606838146576806,-0.00825466289443672,-0.020413441493274773,-0.04649626441137532,0.01817531952045601,0.041916566966427024,-0.00020337616084124282,0.007387014000362229,-0.015258709670733523,0.010104878723243822
SCHL_17.0,0.028021896788532133,-0.03930514744378664,-0.03763876639389719,-0.004283343742720568,0.004273800740656938,-0.017449843070005522,-0.0022409121666890678,0.027572359403725086,0.0011004198349170698,0.007478584087639324
SCHL_18.0,0.013349856508931878,-0.0027576175032010567,-0.020661644768125122,-0.025576006811635195,-0.016439603536884676,0.025806460763718248,0.015915419655288848,-0.02516703123384636,0.025069207871644242,0.0328588903348796
SCHL_19.0,0.00607840261797536,-0.009084379054241152,-0.010730726367844569,-0.032967032303305596,0.023242189420234614,0.08848869633556446,0.007669192701190207,-0.03676635929269897,0.02645560939377946,-0.01490818938871332
SCHL_20.0,-0.028428432350098794,0.027839735996626383,-0.00537734807359773,0.013470973088059075,0.001456507020224323,-0.039584280509302634,0.0032838685017179837,0.0007443831811937026,-0.0008195483796204234,0.017669855221291393
SCHL_21.0,-0.05177994787670176,0.046041395857497946,0.05140297123301987,0.045061655531251354,-0.018565410440248224,-0.05828697991557558,-0.011287241906423611,0.008719274807682783,-0.0009526048605045932,-0.03733989739805161
SCHL_22.0,-0.037080603664986035,0.004984880636345174,0.04876530362845784,0.05690903979269546,-0.020492322195268867,-0.05986071634556089,-0.00163412178854595,0.010178950324672538,-0.0003240062122258731,-0.018566935396949414
SCHL_23.0,-0.017201193613319985,0.011326361997987004,0.0226474776871836,0.016222953076822193,-0.010752944725766515,-0.020964192813802903,0.0040064517020779065,0.010498500183803688,0.0019437759340847098,-0.0006940834426049345
SCHL_24.0,-0.021582421621992566,-0.0008985330024942152,0.019261947341324772,0.010760939983515629,0.0062117791992623884,-0.022864106423442512,-0.011636659886890166,0.005273662545535412,-0.022626497518061756,0.0161178483548534
RELSHIPP_21,-0.02639869136694752,0.05202589191999622,0.06597465799149815,0.027855907262289575,-0.04895320988754984,-0.12437672801998678,-0.027991137150683267,0.009575137900958723,-0.054158968556784225,0.024071165200963588
RELSHIPP_22,0.0017772043396965741,-0.005607153126823171,-0.020044099551240473,-0.010917775556424475,0.014873562582966236,0.052868024224360606,0.0002608590625996586,-0.00010147872031707589,0.005053069657692925,-0.002556204346441733
RELSHIPP_23,0.001201657688975562,0.00486922942671886,0.0026114091616578185,-0.0021429445460932257,-0.003454495744104091,-0.007505967312909704,-0.012945843564962946,0.015168118278665947,0.0034094225662807363,0.001565741072952677
RELSHIPP_24,-0.002967607863327377,-0.01569381716764224,-0.02181483647311419,0.01662801304968413,0.003871316231677372,0.006540604278725378,-0.001321013946205143,-0.00504696937135361,-0.004081966268069666,-0.009971252296610706
RELSHIPP_25,0.04202793215674619,-0.018867499296200647,-0.049569866294664026,0.007963298919618826,0.04029344265072829,0.10431576821556188,0.05339641649942805,-0.03582676152034896,-0.010188511530663663,-0.022379391434133436
RELSHIPP_26,0.01802750002939352,-0.011304786288976621,-0.01835703261705478,0.00470890602060821,0.0006835436134223898,0.012686384333381772,0.020455714808232797,0.016139353271587286,-0.0015215601957117926,-0.013084980210757801
RELSHIPP_27,0.00831804707329276,-0.017322865063040198,-0.012206597366557522,-0.01682970700767792,0.011297664901870633,0.018066322975767955,0.004949417478145295,-0.004005583892940734,-0.017098389235109843,-0.0118840736706451
RELSHIPP_28,0.006399239536313472,-0.028387689564011765,-0.01746891799062081,0.008986620536170567,0.014051145089143494,0.008959215241144937,0.004938558136484281,-0.011488435800696363,0.006407189083884858,-0.009423756301375973
RELSHIPP_29,0.015972340858305543,-0.009775889343757053,-0.005703638552073094,-0.016594168101659177,-0.024276097693781334,-0.0207915219491106,-0.015232592820305962,0.023093774436603463,-0.015293567343639073,0.008225000941446951
RELSHIPP_30,0.025146345267605945,-0.03679389395934182,-0.036736825908431824,0.01706476175400656,0.0007122984532049534,0.004793728478635904,0.04080603429973876,-0.008439109190967744,-0.0015104223104100076,0.0032935595414734105
RELSHIPP_32,0.003259980712287975,-0.01286515648792266,-0.018295230642273893,0.012102974724700323,-0.008578596507266336,-0.014447237130766429,-0.009723839018506144,0.0164229608265648,-0.006528683170122575,0.00871424673144591
RELSHIPP_33,0.013481578601284941,-0.011980790292468456,-0.00854682779629342,-0.021772500406958467,-0.014935497961505726,0.002066258585642592,-0.04786063461585552,0.01728586401025465,-0.013783259459095969,0.006875223464784724
RELSHIPP_34,0.0038486058251491714,-0.039404403555478314,0.013600272419566323,-0.02608594191375045,-0.0065695778879547315,0.0887421978012674,0.01601683645153718,-0.01119866265579825,0.023550818836085813,-0.03324524944373799
RELSHIPP_36,0.0029410944160175177,-0.048741923813046636,0.012491917446343486,-0.0460474730104013,0.0362790913411369,0.013478534475996421,0.07277700719406345,0.06097276889114573,-0.02717577766261263,0.023660819974907047
RELSHIPP_37,0.028984113461579405,-0.09276845038597344,-0.05961286308635035,-0.01954470502331852,0.06570633519633431,0.003775128806168216,-0.0736893083564998,0.03893193992508163,0.0063400546264449804,-0.021215154791169488
RELSHIPP_38,0.0485506794388938,-0.051935593662556886,-0.011707659337601683,-0.0569036247545619,0.0507698417889492,0.175323576241691,-0.01693719004048994,-0.053370280556539286,0.04625285873863514,0.008106220110539034
MSP_2.0,0.008449106285147551,-0.0361649907493069,0.02196111816659634,0.011338641346438711,-0.0384278465722621,-0.0030774105832533454,-0.013139345131473483,0.003123742243023347,-0.013237670338266394,0.006323049979267115
MSP_3.0,0.01808834615367386,-0.0007736283436982265,-0.02198103137222112,0.024730548097758483,-0.013027712736925573,-0.02953289425024197,-0.009100266096713973,-0.028566096820723256,9.504916715839042e-05,-0.009580149556213276
MSP_4.0,0.030828216056838175,0.0070108819747767195,-0.02464388602728862,0.01312027971491153,-0.027248502869119225,-0.0639528464571261,-0.06908904559021395,0.06730283767860228,0.020173227969139618,0.027285123566272485
MSP_5.0,0.010135468143656557,-0.02555354506176567,-0.0020208935360515757,-0.011734102337843905,0.023131788957195674,-0.040715207874565035,-0.023514376596660676,0.00713397649693953,0.014332397548724026,0.04081245974019586
MSP_6.0,0.049321378143190854,-0.10387768456204623,-0.07332063562566787,-0.06540703860598435,0.11362787389868002,0.26812568156377214,0.08989983569232,-0.048931237813044974,0.03178433737092777,-0.0504125287364035
WRK_2.0,0.2610882065621891,0.06863636325430067,0.04034355467626084,0.008494364581329085,-0.016699129065560016,-0.052474264732398086,0.029640073736629878,-0.05500313399981051,0.0037685664130156795,-2.7320299727966136e-05
DIS_2,-0.11952995189743748,-0.01815643194171214,0.04171682607644941,0.050139169181303116,0.008796059756154993,0.012793971915766473,0.14607242213768618,-0.2206347140936633,-0.041316779811088236,0.017964616702237104
MAR_2,0.01808834615367386,-0.0007736283436982205,-0.021981031372221082,0.024730548097758456,-0.013027712736925552,-0.029532894250241935,-0.009100266096713976,-0.028566096820723214,9.504916715840896e-05,-0.00958014955621327
MAR_3,0.030828216056838185,0.007010881974776707,-0.024643886027288623,0.013120279714911524,-0.027248502869119232,-0.06395284645712612,-0.06908904559021402,0.06730283767860236,0.020173227969139642,0.0272851235662725
MAR_4,0.010135468143656562,-0.025553545061765666,-0.0020208935360515813,-0.01173410233784391,0.023131788957195667,-0.04071520787456504,-0.023514376596660676,0.007133976496939534,0.014332397548724037,0.04081245974019586
MAR_5,0.04932137814319084,-0.10387768456204625,-0.07332063562566786,-0.06540703860598433,0.11362787389867997,0.2681256815637722,0.08989983569232003,-0.048931237813044974,0.03178433737092781,-0.05041252873640354
DREM_2.0,-0.10060974525958129,-0.00012059230824210437,0.03225313486863732,0.06291716005911695,-0.0010442168095565183,-0.021547764143764882,0.11805955304305502,-0.18751722201849072,-0.02433451504944383,0.0075737461919264965
RAC3P_2,0.0030464167808626316,-0.15306198136760477,0.06704694446058325,-0.15018730704309222,0.2944841554301063,-0.20970179787817012,-0.007444184852625051,-0.08812357149449722,0.06139509319897763,-0.024139190639859646
RAC3P_3,0.05991450298202836,-0.22628789667031915,-0.24618182879578168,0.21676619028494734,-0.05330493720920743,-0.09479020010611001,0.023525620969831226,-0.028361722615715495,0.020937905395536614,-0.005152004602425386
RAC3P_4,-0.0008810135949527008,-0.05843482511336747,0.12520199039089788,0.07120061333072197,-0.031267578147236276,-0.006751110407647595,-0.0016278648762107827,0.04376156923849071,-0.013922283384312761,0.004888634483251105
RAC3P_5,0.0025466552506966233,-0.04113036369415669,0.07232068717567573,0.03849876380487805,-0.022894015945840604,0.0275282775131526,-0.007048855709500244,-0.014894420639118378,0.043876789470301984,0.26819589604529814
RAC3P_6,0.004883247641209067,-0.09926403945139797,0.20621088558243295,0.10501477022946903,-0.06209061956798683,0.023881495220416823,0.00216385296145976,0.030456573304739845,0.05179879726930553,-0.053015940783554275
RAC3P_7,-0.00733112199641935,-0.017285197027188153,0.041315291930605444,0.029838007589868765,-0.018640098858024305,-0.015880744153689987,0.0005250758608447242,0.028398248781751165,0.0038258722319397935,0.009848982172150349
RAC3P_8,0.0020017284008787533,-0.04653762055024782,0.09764558315004708,0.05608807667641668,-0.023161636978635786,-0.008325488301701569,-0.01827783465252559,0.0325048024017496,0.00960230956920266,0.018723839020365826
RAC3P_9,-0.0034411934296436093,-0.03702879760840691,0.06086131031118398,0.03466290570233034,-0.003672533163960855,0.03390397721425093,-0.003658054167943756,0.027781186851180494,0.0058127132668994936,-0.036111665629875195
RAC3P_10,0.00521347358147831,-0.09832006620530685,0.15302580624688905,0.08678973045890744,-0.015859340759874715,0.10991250184162037,-0.022765289442822623,0.0187998370256546,0.021356676461938888,-0.07611008173921643
RAC3P_11,-0.003647043468814345,-0.014112861658847451,-0.0165188927778956,0.01823145549552756,0.0027519698649768973,-0.0003454556057694112,-0.0006519788352024012,-0.012497908099110418,-0.013246480594200916,-0.00603331955440515
RAC3P_15,0.0008496038503736203,-0.11311751592537875,0.013895770260367297,-0.2109033577447462,-0.2496512535182418,-0.018942958991130437,-0.08924555210492255,-0.1779335868417313,-0.16394257821380595,-0.03447725474309384
RAC3P_16,-0.0019050108790916404,-0.045263141298723206,0.02110808415272765,-0.09447918714029249,0.037090390292977664,-0.010016662272193432,0.15392143364686986,0.1305667034426619,-0.024885308276550208,0.04669660665503089
RAC3P_17,0.017412686344444542,-0.01802749165465945,-0.04521474742817974,-0.017090338096138358,-0.04183367452157062,-0.01689739917692007,0.17786291514963945,0.14086177360289992,0.009845781147206226,0.014293014346972957
RAC3P_19,-0.0008860327639291319,0.001705521493177992,0.006642001248273123,-0.004549142072387145,-0.005222028796576616,0.01737508607520294,0.05972605362925446,0.021118925950333406,0.00015172762951993536,0.046235856713224055
RAC3P_20,0.0044871958641825365,-0.004921641131871609,0.010662929316635525,-0.005113434187250173,-0.00632572674668996,0.011183051720544694,0.020329269877760483,0.025436664347617936,0.0051397780434068,-0.004825556565183027
RAC3P_21,0.0037065121999535836,0.003953158032568161,0.0038642570268228927,-0.006632921788094311,-0.008479705061790074,-0.006146163914184264,0.01570153788182224,0.034109936487711254,0.0024923564876364337,0.0010807992588159354
RAC3P_22,-0.005867664951142158,-0.0049369278178522285,0.005824409498465868,-0.007024807663040397,-0.003042398988684119,0.00786324756591054,0.042323301831210774,0.03190758911891198,-0.004149040167678882,0.00920902115291889
RAC3P_23,0.010617732375444073,0.004776188755932075,0.0012016878414041977,-0.007086297370421378,0.001591550317302823,0.01830527114722239,0.04167166582657792,-0.002017656729565295,0.00843374979926346,0.026842968848317196
RAC3P_24,-0.00028419401514743705,-0.0025642619373579677,0.014139758906235514,0.001607753820457712,-0.007521420884031016,-0.013096591612792056,0.023650001229389764,0.019461052924627638,-0.00982273148417471,0.009162781755276794
RAC3P_26,-0.0031612953853586696,0.00043838507475322435,-0.0010071407361632659,-0.005707600185717157,-0.0033812442635250423,0.005315601602020192,0.023048457586734128,0.024709402446100256,0.00465834524650562,-0.002050924517010508
RAC3P_28,0.005976098547785641,-0.0032857544210886645,0.005938893718927343,-0.009610885074035621,0.005030551725547734,0.006643784471190302,0.030979450090015948,0.00569851192736086,-0.004186774916877127,-0.004815474598083926
RAC3P_29,0.016068562403347968,-0.020766507084791216,0.003843637465944655,-0.12002120171793154,-0.08545422856395228,0.010655087737416084,0.15772269872836145,0.13846891435858033,-0.017660756268412237,0.04608021163678171
RAC3P_30,0.016690593599449594,-0.02461361515132407,-0.018536669397939003,-0.0022128252193251677,-0.012731845767261999,0.0031416035519066235,0.04354267505034278,0.022389068692986763,-0.005353948208076325,0.009922097091717447
RAC3P_35,0.008898915166147662,-0.007486892048515439,0.00302876835170802,-0.008036159972518834,0.007460946993052403,-8.86101924125456e-05,0.038790356700632744,-0.006854044706151372,0.012953848820125895,0.012715630973515586
RAC3P_38,-0.0031334733844474256,-0.021632145546718228,0.016422781736571104,-0.018286111324274268,-0.0046437170970066634,-0.015394952555700963,0.032154227125362735,0.035570587407347996,-0.025126569271042017,0.01458217049717201
RAC3P_40,0.007806690279827132,-0.0041948583683998715,-0.000981187338290495,0.0002764543571651413,-0.008225072180469485,-0.007073949994448114,0.031336172639040004,0.004208424277660606,-0.007052509692829435,0.013505572349635234
RAC3P_41,0.021351055757890456,-0.02454558192213554,-0.0007034491465055811,-0.034127744460089045,-0.04465661252623915,-0.02068321172533075,0.06305286752332172,0.04037892382568503,-0.046284989210225363,0.010093364648339077
RAC3P_60,0.001031291881260121,-0.0044630694363987635,-0.008324682104316916,-0.008303718630370379,-0.00028438194944137806,0.009324457593444965,0.020843488772637263,0.04295844522224552,0.0009083608083300793,-0.0068771086045383584
RAC3P_64,-0.001332811947749525,-0.014301658452805847,-0.009288476426122719,-0.028941471204596513,-0.021305571061286402,0.012655358255994481,0.009297430677604211,0.008863084865296614,0.07505330672317842,-0.007429269628338892
RAC3P_67,-0.005108332923185869,0.00508242839493891,-0.001254581273112812,-0.0034279512572243384,-0.009180627022063318,-0.013071248180065071,0.0142078941353184,0.016051738939774077,0.009399566529598766,0.005906150273826919
RAC3P_69,-0.004016347852082645,0.001839877331907947,0.0008314009439978053,-0.005558022976899674,-0.009810945861205875,-0.00409215934417509,0.032866174943931355,0.01994871082231587,-0.005400193890836582,0.002628469119405583
RAC3P_79,-0.00026832404656271957,-0.011414244690213342,-0.016307173896923065,0.0011734454431042522,-0.0018329141460048097,0.00801294141587497,0.03782204614687064,0.014454279335379704,-0.0009097560035187982,-0.0015740345348504443
RAC3P_82,0.010530278540439916,-0.007051565914966586,0.007695016009439201,-0.02552959088377217,-0.02869711952607435,-0.030804488859695445,0.039030255864529705,0.032486951345793394,-0.03021831375545675,0.017203803528581196
RAC3P_83,0.00495621308765335,-0.007408175302280094,-0.006556273595236554,-0.020227546335884538,0.0018216703840168303,0.02510432320277559,0.0035123317508411354,0.033264390950238525,-0.0024243411370355786,0.00528140850395459
RAC3P_93,0.013010699103494809,0.004919834617006762,0.0018483895017242806,-0.01509654491711278,0.000906111798135748,0.006142964946488855,0.042336553384019586,0.04105187490516272,-0.01427902632491467,-0.01657662388455621
RAC3P_96,0.014319607734878368,-0.006337579400057512,0.011841061808225828,-0.007988921220081794,-0.01216927630432572,0.0012429921191724278,0.009111354576539759,0.04473524076614277,0.014883828603104938,-0.012931894831059235
DOUT_2.0,-0.10926384068415476,0.0029304204426576453,0.042136211222854075,0.05724855420976158,-0.007854207386877537,-0.012094620466599171,0.1607162949617946,-0.20489935301917667,-0.02433412707413226,0.034974546504948016
NWLK_2.0,0.253973906616945,0.08686982068948922,0.06939850253421524,0.020566536230526546,-0.028693228725323646,-0.10399362924499017,0.02467342304531602,-0.06680221298772634,-0.010449848095930744,-0.02410007201917905
NWLK_3.0,-0.2652351744256747,-0.08716943669806893,-0.07209489781888956,-0.027262825404670243,0.02964478019621356,0.08957267026666636,-0.049707534607484644,0.08922068416503509,-0.0056117361075537124,-0.015813106649981895
RAC2P_3000,0.0030464167808626303,-0.1530619813676048,0.06704694446058325,-0.15018730704309227,0.29448415543010636,-0.20970179787817,-0.0074441848526250595,-0.08812357149449725,0.06139509319897765,-0.024139190639859663
RAC2P_4000,0.0025466552506966233,-0.04113036369415668,0.07232068717567572,0.038498763804878065,-0.022894015945840635,0.027528277513152625,-0.00704885570950025,-0.014894420639118361,0.04387678947030198,0.2681958960452982
RAC2P_4002,-0.007331121996419351,-0.017285197027188153,0.04131529193060545,0.02983800758986876,-0.018640098858024312,-0.01588074415368999,0.0005250758608447313,0.02839824878175117,0.0038258722319397817,0.00984898217215035
RAC2P_4003,0.002001728400878754,-0.04653762055024781,0.09764558315004708,0.05608807667641667,-0.023161636978635772,-0.008325488301701569,-0.01827783465252556,0.03250480240174958,0.009602309569202664,0.018723839020365805
RAC2P_4006,0.004774932955792155,-0.029680032088402947,0.05740464234585417,0.035044160902292704,-0.009848145115590866,0.022597629275011237,-0.007518786693918773,0.002498254210767484,0.004787020234979797,-0.016768349366252072
RAC2P_4008,0.004883247641209073,-0.09926403945139797,0.20621088558243292,0.10501477022946898,-0.06209061956798684,0.023881495220416823,0.0021638529614597334,0.030456573304739838,0.05179879726930555,-0.05301594078355428
RAC2P_4010,-0.003450238314350009,-0.014242238797210725,0.02513417138797505,0.01831894698245781,-0.006445149963314122,0.009718921685255351,-0.009152445175658469,0.00758371507940081,0.0012974487122619544,-0.0069579210362659275
RAC2P_4013,0.008659589476108294,-0.023520743694361572,0.03435597035920474,0.02082720371701729,-0.002403053507053345,0.03385951943132417,-0.0038513689552292997,-7.195949123727061e-05,0.011398944652834002,-0.018042184310363765
RAC2P_4014,-0.00344119342964361,-0.03702879760840692,0.06086131031118397,0.034662905702330334,-0.0036725331639608605,0.03390397721425094,-0.0036580541679437605,0.027781186851180518,0.005812713266899495,-0.0361116656298752
RAC2P_4015,-0.0008810135949526988,-0.05843482511336748,0.12520199039089788,0.07120061333072203,-0.03126757814723627,-0.006751110407647581,-0.001627864876210772,0.04376156923849073,-0.013922283384312773,0.004888634483251092
RAC2P_4016,-0.0028806390139615354,-0.06914121520478106,0.12281575169778264,0.06593644995810315,-0.01618258308542082,0.060168113751026917,-0.008660761125551818,0.025872202271966228,0.004159280341848216,-0.0643132249865079
RAC2P_4021,0.003589798016484813,-0.02873560290026128,0.06265534412762386,0.03737635653014457,-0.012214477426409312,0.009403551290629995,-0.005207302919435353,0.0055406206507636335,0.006297899359294521,-0.021026036135377072
RAC2P_4024,0.004738146860380688,-0.022466483039992,0.01947939935636702,0.004984821206885209,-0.0033726538598469347,0.025642511681456478,-0.022417874214454,0.027053251191073664,0.013079485880168287,-0.020461949443110822
RAC2P_4025,0.002024956494268413,-0.04776669842423923,0.04872269051380235,0.02889469596046289,0.005414134472625919,0.08770757793985802,-0.0103676067110382,-0.010351675454648017,0.015912776192745896,-0.03097736295881875
RAC2P_5002,0.010214146662218574,-0.0162110120418192,-0.015563560207302696,0.015378994698932018,-0.0010794129307702973,0.0022858137958314266,0.009608603819462635,-0.01766647154227097,0.002208590157927634,-0.004379880296467939
RAC2P_5006,0.017704953840218283,-0.033408081138781236,-0.037664795789505504,0.03839409172892639,-0.010801142759638886,-0.020782794096186854,0.009907995711888736,-0.016433537910858585,0.0001991560060241124,-0.0008662982393820968
RAC2P_5007,0.010013717976130194,-0.016832105673334354,-0.016988505947419453,0.016788383175963675,-0.001551374056625388,0.002188029476219232,0.010152084541124207,-0.017359686525923124,0.0032898509558828308,-0.004582670725174145
RAC2P_5009,0.009985686614598456,-0.014758266262807558,-0.01545997476163322,0.020731333809360892,-0.008601425552654808,-0.016111955858577238,0.004214595314578831,-0.009513155477802803,-0.0022969770116268136,0.0015336401537312016
RAC2P_5013,0.05351683661127631,-0.19501199980427197,-0.21431181766685545,0.19052810888504346,-0.04842246382447758,-0.09051194718917846,0.020510422405923996,-0.022821268470451784,0.016117569063286503,-0.006416747070104841
RAC2P_5014,0.011400570824180023,-0.04133985339697826,-0.04735133221585854,0.03711848759986632,-0.010246106615129567,-0.013007769714649195,0.0036763790240035166,-0.0007852203364883391,0.011946925668822382,0.005955904589508478
RAC2P_5023,0.005391443529051763,-0.017052327390028,-0.01907524092777687,0.015320402429236253,-0.0037116600635451968,-0.007733680510569265,-0.009936050882838618,0.011396899850659455,-0.0022216524341245355,-0.0034513189175926226
RAC2P_5024,0.012705524516023815,-0.0414830017267417,-0.048908088396695575,0.043667647515405666,-0.013170994221810764,-0.026768555732656532,-0.007580017187667776,0.010307538989174251,0.006402527450055292,-0.006143559105442135
RAC2P_5025,0.006732891329009103,-0.08312579971940255,-0.08090930371164164,0.06368329614238341,-0.008911874222487463,-0.0054973422155729056,0.011093150719673584,-0.015323903162854098,0.009324509337872317,0.005185977236178714
RAC2P_7500,-0.0036470434688143467,-0.014112861658847443,-0.016518892777895585,0.018231455495527554,0.0027519698649768973,-0.00034545560576940875,-0.0006519788352023867,-0.012497908099110402,-0.013246480594200931,-0.006033319554405138
RAC2P_8000,0.0008496038503736168,-0.1131175159253788,0.013895770260367257,-0.21090335774474625,-0.2496512535182419,-0.01894295899113042,-0.08924555210492262,-0.17793358684173138,-0.163942578213806,-0.03447725474309386
RAC2P_9000,0.028656888115084267,-0.05413560599734678,-0.012925614509193729,-0.13940451747124719,-0.07914537318454562,-0.005980427854151715,0.32308650034905556,0.26447382481454257,-0.021914138035486738,0.06962139929117506
NWLA_2.0,0.26378995993160737,0.08745958517259537,0.07308064899518568,0.02774942439128757,-0.026580438697599077,-0.09140050167650222,0.054630237312871865,-0.08823250356486635,-0.0075688388680105875,0.02776998430374146
NWLA_3.0,-0.26410615168553003,-0.08753682812989806,-0.06958409156253867,-0.03122731219076674,0.028253068575076746,0.09284631971469083,-0.061241887542265463,0.09522319108331058,0.004601917959073954,-0.03863495008967714
NWAB_2.0,0.26558703126682903,0.08666710199248355,0.06944368613713765,0.021412392491734024,-0.025957907891126685,-0.091610719084872,0.04779595621745397,-0.08542057081859702,-0.0046044256920261435,0.01597003257651448
NWAB_3.0,-0.26369256433126187,-0.08447973806393011,-0.07333257520226888,-0.024771208937348327,0.029256566953134798,0.0918363618942366,-0.05481554604046535,0.08788579130428639,0.007251752253294588,-0.028469616440504178
HIMRKS_1,0.013035387544338113,0.01504283388104408,0.03789450008273584,0.021685580860559522,-0.00047578269690146346,-0.0006984362857791533,-0.006538184306920829,-0.015848243096944156,-0.03185710702132226,-0.0020965654038689672
HIMRKS_2,0.029168508625143228,0.0224279186829277,0.027686221962404795,-0.003987115246451962,0.01865910868465552,0.03278167761958432,0.015086347467096355,-0.022447035482670605,-0.03531852733306527,-0.013903531556536659
DPHY_2.0,-0.1086947554568392,-0.004125859216519838,0.03424441886654233,0.0361118115633412,0.007807044767457487,0.03811838049760669,0.1480725985055874,-0.19408370324573365,-0.026518651259583054,0.024423970520697644
RAC1P_2,0.0030464167808626303,-0.1530619813676048,0.06704694446058324,-0.1501873070430922,0.2944841554301064,-0.20970179787817006,-0.007444184852625061,-0.08812357149449723,0.06139509319897764,-0.024139190639859642
RAC1P_3,0.05936970055496036,-0.20463497054168975,-0.22544940302412392,0.2021774519357087,-0.051864291832042594,-0.0967879147376866,0.021481130388330463,-0.025885837580254634,0.017068202452076527,-0.008249709018289307
RAC1P_4,0.005391443529051766,-0.017052327390027995,-0.019075240927776866,0.015320402429236265,-0.0037116600635451902,-0.007733680510569263,-0.009936050882838618,0.011396899850659442,-0.002221652434124545,-0.003451318917592614
RAC1P_5,0.011470373692555252,-0.09281052530438377,-0.09382815313859723,0.0737772792179604,-0.01280447039440347,-0.011181551123952967,0.01148205795400304,-0.01375344183282283,0.013999418052973342,0.0074479635953574675
RAC1P_6,0.004913183549571637,-0.16847860072895998,0.31769547456202474,0.17398551751724795,-0.07366151268581235,0.08049341063338679,-0.02043975583781191,0.05895267004048784,0.05473980648181174,0.011693411697662848
RAC1P_7,-0.0036470434688143463,-0.01411286165884744,-0.016518892777895592,0.018231455495527554,0.0027519698649769017,-0.00034545560576940604,-0.000651978835202396,-0.012497908099110428,-0.01324648059420092,-0.006033319554405123
RAC1P_8,0.0008496038503736168,-0.1131175159253788,0.013895770260367259,-0.21090335774474625,-0.2496512535182419,-0.018942958991130424,-0.08924555210492262,-0.17793358684173138,-0.16394257821380603,-0.034477254743093856
RAC1P_9,0.028656888115084267,-0.054135605997346785,-0.012925614509193722,-0.13940451747124713,-0.07914537318454563,-0.005980427854151714,0.3230865003490555,0.2644738248145425,-0.02191413803548678,0.06962139929117506
DDRS_2.0,-0.09288866558540695,0.0010570058025668563,0.02664844736014312,0.057517800395335335,-0.0025532492668908975,0.000516195077066563,0.16628598639370218,-0.1921893286722803,-0.014212243400007638,0.03092133882126605
RACAIAN_1,0.06518623467768313,-0.20459441574437717,-0.2304869316837232,0.158652326071116,-0.07892675568367433,-0.0905514577292305,0.1411426719582819,0.06998487164902399,0.017029054565150047,0.007730249836220127
RACWHT_1,-0.052569167228568116,0.34975982012430457,0.007862395949969337,-0.0846900140396799,0.06377435554598367,0.12506341106514546,0.010814291494263351,0.08740417553742293,0.010084854629012086,0.017685232494382593
ANC2P_5,-0.003771636817755648,0.0009660805232228689,-0.0013039500650586136,-0.011692966870117638,-0.016431184385423032,-0.0005301934288611507,-0.00013772494688053135,-0.00906492031270165,0.058446961899156075,-0.014260852657597493
ANC2P_8,-0.004965077204500176,0.005714872334285408,-0.0013026751668051314,0.00035039516729467766,0.0003625123555428769,0.0037051436406834496,0.002126923712982368,0.0008392626135680379,0.004750062998313049,-0.007185888332970924
ANC2P_11,0.0013438315079544192,0.006901071281782272,0.003407351610636888,0.00250421302042017,0.0007713893334690343,-0.0016265630593959794,0.00570127254734736,-0.006343567738206851,-0.005279279225151981,-0.0036278325547676993
ANC2P_20,0.005658013796094823,0.019892417225854764,0.0070064009626334195,0.007653425847477163,0.0010501464296922022,-0.006669581507286279,0.023174496746749314,-0.013094251375710023,-0.0016359766306888797,-0.0075095572044911515
ANC2P_21,-0.0055889709448352885,0.013075636365709718,0.00017722888363780012,-0.0009618469643326353,-0.003476670604497032,0.0026906954426022334,0.01918826722539045,0.0016623536015590449,0.0007245602511044288,-0.009255542230422142
ANC2P_22,-0.0031672574514947896,0.030586784661110932,0.0038560541514974806,-0.00457447766862199,-0.0023450543958203314,0.01201666632953243,0.046161231833990075,-0.012900510112414392,0.024598960275077582,-0.0402045023472636
ANC2P_24,-0.004894214137053984,0.009398295577523856,-0.0020722232926807726,0.0037667816202772908,-0.002619336477503448,-0.005263815519042748,0.015809444760458143,0.004286118948063655,3.3235580647325715e-05,-0.00022772534001048073
ANC2P_26,-0.003964479550950985,0.02633844700121869,-0.0052238044530571025,0.002580712987124141,-0.01063982606728724,-0.014029357054409719,0.03951958100049526,0.022879085915823705,0.01567287446559212,-0.024379014287392673
ANC2P_32,-0.005883128203242246,0.062274745644999914,0.004194627570975644,0.011065722689600281,-0.003916636384757239,0.0026198336097559907,0.05602090206774099,-0.017373022103007615,0.026495095306798923,-0.07379115935153893
ANC2P_40,-0.002471370079489452,0.004031736369536593,0.0003403049793149836,0.0022082686547501658,-0.0010687546931448728,-0.002385614382483962,-0.0031979427379039767,0.007566821890726733,-0.0002081775034467762,-0.00651126568397512
ANC2P_46,-0.004095255289509502,0.00379346409479813,0.0005549683387991891,0.002917801914977384,-0.0011494707132247372,-0.002766894003384665,0.0018572207703703477,-0.0017458252445246558,-0.00012099901169969785,-0.004556199987255484
ANC2P_49,-0.011435240948693125,0.010650868312557842,0.0019037390674551688,0.006614933652446428,-0.002903716315529209,-0.015636113265793915,0.0029959182267417918,0.004376123573951613,-0.005060529307038781,-0.0019885177922309783
ANC2P_50,-0.0024645269368863657,0.04568750114825989,0.0014534697058788632,0.011529107842146873,-0.0018294234627896687,-0.0012507873906475325,0.0510190496286209,-0.01325069924855741,0.03176864396883744,-0.026729836133760215
ANC2P_51,-0.002632730069733654,0.010906795888900629,-0.0011160677751284832,-0.018309430206086823,-0.02003946342887391,0.00929785529986245,0.013807813179302887,-0.017306548875106256,0.08570116049506417,-0.03449384485480067
ANC2P_77,-0.0009696003351461238,-0.00039183116191646676,-0.003244921653088446,-0.003072138357836964,0.0042050755506415185,0.014864810016405853,0.006582736468745194,-0.0078741201374469,0.009626647206184951,-0.005483096072646592
ANC2P_82,-0.0196972105253472,0.06375325389287763,0.0006083203296073245,0.022297147837091646,0.006354447126463778,-0.00708615840894653,0.04522242655622557,-0.022146783335843963,0.017078441078547633,-0.05056955978014142
ANC2P_84,0.004307882021333594,-0.008637814576610272,0.016325409825099085,-0.007544379714880826,-0.025382390923522284,0.0007521808903625727,0.04387759274873787,0.00277530268264772,-0.011773177642376021,-0.007973478724962225
ANC2P_87,-0.0019878362377038434,0.013133857758263694,-0.00310436714995388,0.005054639914199946,-0.004163882914454161,-0.0076743111768664725,0.008873639315012068,0.007649138920707919,0.006877739126711649,-0.009296109018944038
ANC2P_88,0.0068567345300590546,0.022068760066930263,0.005076638140422302,0.0006778131923156199,-0.0018057423744957811,-0.0026151037990084594,0.012820956665032931,-0.009980384224058053,0.01851083724133271,-0.018319080735717815
ANC2P_89,-0.008865168940459732,0.04268142827219705,0.001416032685375755,0.012670945949527312,0.002508728717356386,-0.0044135953002342205,0.02776823231009168,-0.007589652569344121,0.0034975276950890174,-0.03425651009354497
ANC2P_91,0.004738924518971673,0.006984676698036045,0.0008366809863834461,0.0008375675051301858,0.002229236258579374,0.002317051865085213,0.0024582210517483266,0.0007430939777256521,-0.00413117909762016,-0.003637802446041633
ANC2P_94,0.0016933842175692925,0.011141111009005208,0.00348075216005233,-0.0006077265744963017,-0.007221791076321056,-0.005377048105453369,0.024338393178181077,-0.011040598963837956,0.0220571916516876,-0.015391846241355926
ANC2P_97,-0.0031170221500601207,0.008095700339083344,-0.001726542470791822,0.00039824798212219635,0.0018921411809801334,0.0028209323578950018,0.0044095793234704495,0.0007068418806990588,0.001181787296260544,-0.009011895338530463
ANC2P_98,-0.004993756712302881,0.010936414072660256,-0.001584406754353992,-0.004734485872273587,-0.003137509310486688,-0.0023963996184076792,0.024600888481620828,0.018275037554236706,0.003595528754921864,-0.002098734501952331
ANC2P_109,-0.004999774652072556,0.0041996627626828265,0.0021885674177404,0.0028794016653367,-0.0016080508817202623,-0.004991130371262055,0.002573337392094395,0.0012649733763486137,-0.0003308214044657454,0.0003965073755636373
ANC2P_111,-0.010227019791474308,0.014320705479105281,0.003658275438400723,0.00784226685232985,0.0002676367952072907,-0.006412720547562265,0.009515507458679113,-0.0008053284557454917,-0.001972725611360103,-0.012148708492487411
ANC2P_112,0.001171482787890431,0.012260222832278816,-0.0002164897577655613,-0.0006405039097891356,-0.001364110175240418,0.00027355002854976445,-0.001870816985013071,0.005597287567378595,0.013955481802624627,-0.016896373277193524
ANC2P_114,-0.0054399040600408965,0.005976330330223314,2.365102020793692e-05,0.0015447521586143284,-0.0004976635802897594,-0.0030476672516187653,0.0033917230619688863,-0.001728312809537944,0.003457099828461393,-0.002481591220242701
ANC2P_122,-0.0023213523338104576,0.001735111355184967,-0.002592878719019513,-0.005066918456183414,-0.002901159765197608,0.002526479322874199,0.0005934099240807517,0.0003486564865690848,0.0259987335111892,-0.009510279238277786
ANC2P_125,-0.0014146427852068616,0.013834585868958237,0.0028407560362190636,0.004114739051531263,0.0017069121056691157,-0.0029472208149450606,0.004276725179689949,-0.0033202824830214383,-0.002130353904812943,-0.009718588956220787
ANC2P_142,-0.0063230152395300455,0.02449089167535176,-0.003782124708999196,0.004328687134716607,0.007938200850347727,0.014126392501491032,0.020629555698291356,-0.011776235593288591,0.009333253878180027,-0.02425540581033769
ANC2P_144,0.0027176612385353283,0.005895469430656847,-0.003083044283962395,-0.0009167104535517345,-0.003085810877067888,-0.0030319766397362714,0.01238641627357975,0.019032232500922397,0.001557577388798739,-0.007379617457492885
ANC2P_148,-0.00814987822537127,0.03364931862913647,0.0028863734801221224,0.010262087831672512,0.0037694308714239164,0.002900085668622148,0.02906964763839397,-0.01599240199526047,-0.002000012864706939,-0.03396354114772938
ANC2P_154,-0.0057051799886008725,0.0009465919867589181,3.066589387346775e-05,-0.004457072509553094,-0.0009940168151133088,-0.009794775968830376,0.014395014901434567,0.015219575280513185,0.0062871786576190365,0.006166301430930093
ANC2P_171,-0.0030221313759487348,0.010545433080003584,-0.0021208185518283933,0.005155372100053471,0.0021699171728411237,0.005538566204670188,0.016737602646003248,0.001068053274708116,0.0033158987172759993,-0.014996539530190568
ANC2P_187,0.010230324764559161,0.0064721904949362734,0.007581319914373398,-0.00717676733984288,0.0004887310671716848,-0.003664880395513278,0.03635393326878193,0.002658905838361055,-0.00565188618595019,0.0002412000712920884
ANC2P_190,-0.006055381804390609,0.002287890474410631,-0.0005421631295771463,-0.009567376069289712,-0.009579222466283016,0.0003015785929200396,0.0018350810933794525,-0.013235455758767977,0.038364516945710074,-0.013647227456058463
ANC2P_195,0.003737396050925282,0.005036648654124827,-0.000850249104459912,-0.0046010452361546885,-0.0022561845026023673,-0.013060043245945792,0.02173574095334075,0.017346416840824413,0.014966391618357762,-0.005140870146624407
ANC2P_200,0.004324931859971668,-0.008315579887350143,0.002225309744232711,-0.03129097664851752,-0.03602366970698178,8.815490094071741e-05,0.018044537311009672,-0.021935929347137603,-0.022349851003164518,-0.008373337673611527
ANC2P_210,0.0018137986146423077,0.004007587621365282,0.0010819778953818336,-0.01608729094894811,-0.019255269605697536,-8.680183732445552e-05,0.020799244920303956,-0.006970165572334554,0.012666339636012016,-0.004867311834434361
ANC2P_211,0.018158504359540535,-0.0048053354643620635,-0.005350935759397479,-0.01927252878666393,-0.01759270450278705,0.0041335057715557455,0.0368189090736971,0.033864230433638905,-0.007678240629378836,-0.0007647378798086023
ANC2P_218,-0.004995202036000681,-0.0012171113239339546,0.00772671486135145,-0.004190528538370664,-0.006601484512999795,-0.010752669165728488,0.005008469164741049,0.00406655404573494,-0.015353010517840642,2.000197071191028e-05
ANC2P_234,-0.0031086941089222614,0.004011285640165306,0.0017175393152198393,-0.0018281826212985458,-0.003664483258314702,-0.004670275318790687,0.007838421834450045,0.009768927307717962,-0.008687242472395395,0.000978530592172364
ANC2P_271,-0.0005192526074855268,-0.00410392267535987,-0.002887318472595103,-0.02250440944156779,-0.014888305106704733,0.011500542487567647,0.022458617505809037,0.03593698889750523,0.007750977470887974,-0.009347773102441316
ANC2P_290,-0.0022171877079335814,-0.0015072367413955323,-0.002971815318561682,-0.010630834067392939,-0.0002611182559656806,0.017823730020858238,0.02514672268778083,0.005152444194878701,-0.0031354267041095833,-0.007167372348316444
ANC2P_291,-0.0039009810352589095,0.0007809547517858999,0.0004420151525805605,-0.009977554811672779,-0.008661784144033177,-0.0028821883271547832,0.023794886889017205,0.023572424241172778,-0.0009199779795543929,0.0038023050881687438
ANC2P_416,-0.002431433493121796,0.0031884204551178414,-0.0002726297292590602,0.0007452072204489413,0.00039710623000395137,0.001519715903381927,0.001938769747807303,-0.001609191130345835,0.0014227461237981541,-0.0036292655490445503
ANC2P_425,-0.004513912841044882,0.00405126920758954,0.002479796964821695,0.005820637597906029,-0.00039522306096970736,-0.004189366727480596,0.001710720081005376,-0.0012409485469122594,-0.003727790793237773,-0.005814447554066361
ANC2P_431,-0.005030213308438286,0.0030282863539497096,0.0028098446596285555,0.005387237201114621,0.0003629534757804346,-0.005071075591958879,0.001162351802815226,-0.0003000334105053437,-0.0030777524024292006,-0.0033194721810440417
ANC2P_434,-0.0020198623404838823,0.004062149469569888,-0.0004836086670597214,0.0011882157933812887,0.0035345859478045608,0.0066269379210183105,0.00834123608755288,-0.004104645433976746,0.0003062422360593056,-0.010956349322120135
ANC2P_599,-0.0023014704622113004,-0.015597145159579736,0.01589253517545741,-0.010992183160500282,-0.014395787865143889,-0.012946654224529206,0.02704389324174935,0.030649771296612165,-0.025540758402101474,0.010534444227644857
ANC2P_615,0.013010699103494809,0.004919834617006762,0.0018483895017242546,-0.015096544917112757,0.0009061117981357482,0.006142964946488855,0.04233655338401958,0.041051874905162704,-0.014279026324914658,-0.016576623884556208
ANC2P_706,-0.002155699474593597,0.001998996001416028,0.0002599665582939083,-0.003980679423601593,-0.0005647869652844722,0.010578149150586946,0.028896984059141713,0.013840597557837502,-0.002640933715024005,0.006988396983208167
ANC2P_720,0.011609581484526132,-0.024891021830708498,0.06798582125174353,0.03219462551273383,-0.020303891224619206,0.01302352291527646,0.011319866701555305,0.020854430046418907,0.01610315925305003,-0.025453049848434956
ANC2P_740,-0.0002683240465627159,-0.011414244690213324,-0.016307173896923058,0.0011734454431042535,-0.0018329141460047959,0.008012941415874969,0.03782204614687059,0.014454279335379672,-0.0009097560035188051,-0.001574034534850443
ANC2P_750,0.0008153871757621444,-0.0022757709433990424,0.0030287000467544493,-0.008724607549480819,0.0007623126147293284,-0.0036212642393730022,0.04974347659085533,0.013961614462937845,0.0055644932699960735,0.013871004818050859
ANC2P_785,0.01061773237544407,0.004776188755932073,0.001201687841404194,-0.007086297370421372,0.0015915503173028272,0.01830527114722238,0.04167166582657789,-0.0020176567295653023,0.008433749799263453,0.026842968848317182
ANC2P_822,0.007890988770594791,-0.004171820497437183,0.007661584193315377,-0.00968597160788593,-0.010997091615121862,0.004638137720445877,0.02274292999655593,0.04911019539521673,0.013819928101127739,-0.010595621947485423
ANC2P_902,0.0036991357291255474,-0.010023740495991983,-0.012138887059077624,-0.003801814461456324,-0.00031343484946649424,0.006595342981727812,0.04591173894489919,0.02255359026619956,-0.0035123811184049553,-0.003232515278493147
ANC2P_917,-0.002215697353970636,-0.010334926905743757,-0.026358617428481147,0.004251960985442666,-0.020127625338438634,-0.01267610821352183,0.06952151052195334,0.040773098168416004,0.0203772541695787,-0.006845338304696615
ANC2P_918,0.012712450863168237,-0.0054740062317530196,0.01439832294649096,-0.017741798956112765,-0.0004690582367182975,0.015652396048938352,0.053005021466629866,0.009197692995896843,-0.002954720810347894,-0.0048740430518296645
ANC2P_919,0.006804383483343066,0.0028811093189373125,-0.005557568350457348,-0.003738951722021554,-0.003051037706331181,-0.0007721775071027376,0.013731711295241656,0.02084299235552538,0.004706839540873723,-0.0022731736553713152
ANC2P_920,0.011667807542547025,-0.007568399359446867,-0.02232174528765235,0.0056914456197321,-0.014388398458074587,-0.004356079366104055,0.07648739335778686,0.037536366807109284,0.002956327438456673,-0.0022494004166519694
ANC2P_924,-0.003954327053685226,0.0003044957944257127,-0.004285280780334569,-0.012437830823225903,-0.01968746080865876,-0.006068378593415587,0.026061798354917814,0.006909043154955743,0.01578008558429463,-0.0020109057592269026
ANC2P_931,-0.004450167271308762,0.0034729145936487956,0.0015763187162268788,-0.0011200893598454843,0.004612756797892964,0.002611073224964403,0.0023087465144041373,0.009157475990596447,0.0020513639694830503,-0.011054064440709803
ANC2P_935,0.01247579109700301,-0.013330556125934015,-0.02930424675680663,0.022109503507131586,-0.010316761249344183,-0.012408821713664446,0.03826454585071179,0.017723043942031294,0.003861295352163652,-0.006567339375846673
ANC2P_939,0.019741836418413008,0.015986809055465772,0.0022233256542177585,-0.0020229009580607373,0.0038933563185905135,-0.007761125353181181,-0.012349679374999591,0.015340167124718203,0.002877590318647896,-0.01454594871819834
ANC2P_995,-0.004521203427761905,-0.0009538926870847503,-0.0008436985809538926,-0.011411576728704334,-0.012711180278458769,0.006018242188898963,-0.0015771685485498732,-0.014095894188825165,-0.014313362757470761,-0.004283355008356385
ANC2P_998,-0.003205782700126357,0.0035160032017199122,0.001893049537408405,0.0034092923470469523,-4.56533736608925e-06,-0.0016220799782035754,0.002080097174474835,-0.0023230788727662465,-0.00319511468117527,-0.00648745926726175
ANC2P_999,0.020484041360096683,-0.14841798527038727,-0.000992434436586179,-0.024219616429843323,0.021947003898196225,0.005496978701210352,-0.19769453711169796,0.008897007863051748,-0.07709745297617941,0.15233812981930095
COW_2.0,-0.022082487320957894,0.013976455628509871,0.021777840351937718,0.023002814742458546,0.007198328611523369,-0.009250547105822429,0.004107593823329885,-0.020518015135950838,-0.04708266518865589,-0.027829784150984995
COW_3.0,-0.020810200632136205,-0.00779254710516747,-0.011802250826482319,0.05467427754886774,-0.00699167473715598,-0.009831511262681841,-0.006029090488242165,-0.03373593125155881,-0.0257310060908854,-0.04775778324932431
COW_4.0,-0.03169910139115202,-0.026812185073070694,0.062486020148980644,0.031091690748765066,0.018034272637688985,-0.006002067272657127,0.008257286684764418,0.0032193698074286232,-0.003680781460782929,-0.027342257462584417
COW_5.0,-0.03065307890428927,-0.017881230283331745,-0.013821980268617936,-0.07905532294251527,-0.1272474108689975,-0.04591999911512962,-0.012614644851776598,-0.0354618353031746,0.30071370491683586,-0.046850916768955427
COW_6.0,-0.00021504536619827407,0.03550682995061269,0.01611595327726198,0.011208005911386808,0.004426552035550773,0.014315714319445286,-0.001800499805310397,-0.03572621237254369,-0.047231615617458464,0.027024351275461992
COW_7.0,-0.021302668274657037,0.02940024891125462,0.002030930303230198,0.008921196535428605,0.0059281808748030415,-0.03531163010123536,0.018577674305023262,9.328304813466305e-05,-0.025917684543848647,0.020123666264658606
COW_8.0,0.0120596580344323,0.006732716831665057,0.003355683484188523,-0.001877523988088794,0.00646354834464617,0.0146267129894651,-0.002927524519320117,-0.011446813110337963,-0.006861268640786354,-0.002163465013651387
COW_9.0,0.01564178319380792,-0.00750344890048377,0.012106043823964989,-0.007458558783080705,0.011086927613466477,0.08493023921548634,-0.021984623859515717,-0.060575935600068666,0.09529453628210342,0.39192660327326995
NWAV_2.0,0.03583130399683435,0.01390231803761513,-0.00033516201883508856,0.005129094851197673,0.004247727622144549,0.014430239256755076,0.028157664031201454,-0.026727984040673128,0.01456782961741028,0.028085498473919463
NWAV_3.0,0.06347958660865846,0.022054925755142195,0.010509319268621368,0.01989237651394011,-0.007851895650077403,-0.016288347067792835,0.03590155758447135,-0.04877621558972785,0.009428415620503786,0.02749878317215275
NWAV_5.0,-0.08972596244070695,-0.030577037365625743,-0.017879291627414477,-0.035171028423260926,0.01454927578607894,0.0014699897455220726,-0.08777981838481536,0.0980377337479918,-0.04436779623830046,-0.12062636236251148
PUMA_200,-0.0034553276960121587,0.011409111278971634,-0.00642920606539671,-0.01821720129870291,-0.06136732939722353,-0.020755891981558583,-0.010373427189361049,-0.008962311589085824,0.08122613804700908,-0.009358962468587065
PUMA_300,-0.0025013711496115107,-0.004145327585203739,-0.007901192664885294,0.003940566760322693,0.011332320446388969,0.020167715502562814,-0.033050875739649085,0.010743298576853536,-0.009523673574376012,-0.012516638500886988
PUMA_400,0.02260176660845866,-0.011375844826046857,-0.030533008288802278,0.027857594295882835,-0.003335801043292414,-0.007910885085046596,-0.02796524633398322,0.0016768651601782388,-0.05051869642707147,0.03475950651773047
PUMA_500,-0.0010012149623574596,0.013248579169669993,0.016952008702716723,-0.030237169004517832,0.01281759947491325,0.01586179344633684,0.045155382836879525,-0.013624825782069742,0.004623643327848589,-0.027101216368967482
PUMA_600,-0.02398523323980604,-0.0018403781884242497,0.05005411633746563,0.00503191229406248,0.05894386072037859,0.0217409264154721,0.014510650050840505,-0.005571410569786116,-0.0014019118191809332,0.002856676863931934
MIG_2.0,0.016595048963267394,-0.06942197292592003,0.11046052680682751,-0.008758893249555094,-0.023282028382976817,0.015130239295118694,0.045253667474572934,0.021543695620833633,-0.006046329261873962,-0.028837118679554515
MIG_3.0,0.019253458902786343,-0.08217961292842264,-0.02552030372812079,-0.04213179617486166,0.032973530085184194,0.11010666509418943,0.001981985736977516,-0.04032383991014811,0.07838805123476707,-0.01518759461949116
ANC_2,-0.020130905989285915,0.14867057834982314,0.0010639467962440291,0.025199456003614878,-0.020912619874934313,-0.006005243446519748,0.1980565588761941,-0.007731938135950746,0.07838092297736328,-0.15215856449700518
ANC_3,0.004116545319415953,0.0036672171392034235,-0.006139325610052896,-0.022188218519006583,-0.024171813875578013,-0.018457622980291907,0.006450142966985388,0.05025329455795477,0.013955656617346372,0.050986095830959165
ANC_4,-0.008510916109253516,-0.08411188634917659,-0.040778715930711903,-0.08025153747378265,0.05284223149544245,0.10207698863091332,-0.20253309611847267,0.07956817572046324,-0.02599924018312044,0.09680965247920714
DEYE_2,-0.04161189030144903,-0.009404092367809508,0.010056546813398152,0.023344032996024465,-0.0054311197003083225,0.0029041486109930422,0.07039065263333986,-0.12055603737683136,-0.022466061274803023,0.0021099687179370477
WAOB_2,0.006439979004843964,-0.031035563894762676,0.013708020000086637,-0.06286994073601238,-0.062456256282340576,0.005945109244475524,0.002761153813387366,0.044627866109388015,0.04547912875913182,-0.010827189862924655
WAOB_3,0.014241186694705001,-0.06829218937583029,0.02827456183611795,-0.14132926336235227,-0.13944066238470018,-0.04372342769301709,0.031521366805686006,0.008405276649545535,-0.1519567102498929,0.019709273082505467
WAOB_4,0.004398182809340768,-0.1481369741233054,0.30153645929097017,0.1602264938627514,-0.06839218841120455,0.04371092796797238,-0.010134571606934352,0.06707528061099703,0.03519270527392311,-0.019539548802902793
WAOB_5,-0.0112196867989437,0.0017900693576571737,0.009222006297467287,-0.006324725663428545,-0.006455852323480782,-0.0170365497442694,-0.016201703380158607,0.0004879432509434226,-0.0017223982183391677,0.00032002540948547866
WAOB_6,-0.00943261861853046,-0.1335789215655644,0.07429544589238353,-0.15071324556245422,0.22047778976833382,-0.15320726159295775,0.10273279622568195,0.03289440431985544,-0.004132602222551915,0.019411466326848672
WAOB_7,-0.002527918009732226,-0.010308357984029556,0.015309325450705926,-0.010136703408464929,0.004206948916544206,-0.013781605077559978,0.03766207737284554,0.015965730002186092,-0.00625112399163649,-0.007659724633152804
WAOB_8,0.0025782785774167336,-0.014705707540051257,0.006253439840194373,-0.019174673649288848,0.015579515880377598,0.028070027735368923,0.0193688625095623,0.0020427786012396534,-0.007567681312745943,-0.0033826353706061314
DEAR_2,-0.04050098592263963,-0.02485069077060437,0.017213036357517777,0.014678630028249559,0.023782924516182753,0.032383392492180085,0.054031780175720245,-0.08506205637305782,-0.032404701235711625,0.0061175211424850835
NWRE_2.0,0.07416337958943399,0.045802215952268494,0.025922805465857655,0.030990740965152808,-0.015354953256940133,-0.04807174970856241,0.043615860574610435,-0.06983337644877427,-0.0004996968310401313,0.06136521106720493
NWRE_3.0,-0.07179811480069999,-0.043355901777334484,-0.020169928200694135,-0.033299571953393274,0.017411702347678155,0.04763821632240382,-0.051960656955656014,0.0768014504206471,-0.0025362798477526695,-0.07510267066222419
MIL_2.0,0.00047883586065707983,0.024489654318522115,-0.008394534674255775,-0.03224052550876347,-0.042358549952067205,-0.0681174488280153,-0.02483799370321285,0.025787871772350594,0.1251655807287712,0.04104075156878912
MIL_3.0,-0.009712713948481977,0.00450323239917796,-0.004424182238037959,-0.012768959469622351,-0.005518584634338526,-0.02099395667742911,-0.00291448428179372,-0.009622869042721159,0.0588900859963666,0.0068254926127730865
MIL_4.0,0.014364232262236244,-0.008599905072207032,0.00957308459013479,0.0861945948954483,0.10183611698670875,0.07155398509220172,0.029747018859180206,0.005243451569951598,-0.2854745463913709,-0.005809576971530636
HISP_2,0.011680978245748087,-0.08337870747583996,-0.0019233792018845137,-0.16065194619134576,-0.1720132548715656,0.01807495397807827,0.04440691040876167,-0.04400813160102736,-0.08233493346469908,0.010592648499748968
HISP_3,0.002569242193513103,-0.02388441039800195,0.0068191432853701855,-0.06777584513871249,-0.046373651418821396,-0.015174634956164768,0.022498752545236853,0.03685963098802299,0.07802904671073875,-0.005622124068036255
HISP_4,0.0027560646386135955,-0.018621259975046087,0.0033169987738943868,-0.04580813101833934,-0.0413410683754857,-0.0049495391312365045,0.015568739712924114,0.02929562507178936,-0.00842912505869415,0.008083567998019953
HISP_5,0.0014577270331266588,-0.020765230117592116,0.004240808069319979,-0.05438850363654136,-0.055602975792151656,-0.008208751786591122,0.007587696826234392,-0.03058306825897128,0.012616056089697198,0.010464520143049917
HISP_6,-0.0025635747383159595,-0.018091860652321906,-5.9556015209711634e-05,-0.04886416677619035,-0.046783131766832124,0.004384967242788671,0.005830145689016959,0.008950301557813067,0.025516074416147897,-0.016114225604166622
HISP_7,0.002391939406608427,-0.004335634472336277,0.004006946044053944,-0.02105550121260391,-0.013504876173713059,-0.00034588097717165356,0.014137610096848646,0.013174266930933331,-0.018994351305204653,0.004886553575371482
HISP_8,-0.0015349563340201157,-0.02625451969845897,0.0006107927710950503,-0.044761774501445584,-0.03959371598925625,0.014101715283820001,-0.005930851926597414,-0.029778746996403843,-0.0514535463754409,0.002677574611563511
HISP_11,0.004230742026910291,-0.051407069894008714,0.013727736743177172,-0.09605380724179753,-0.09934227895116808,-0.01965791958495842,-0.04263513912904792,-0.05608716283490917,-0.13740418676243712,-0.009853461696303408
HISP_13,-0.004863579083447948,0.005149750145633345,0.0006657920702842108,0.004483865126226096,-0.0012280599099034751,-0.005587885214510002,0.004927429401834869,0.002183728050627671,-0.0008287832031085159,-0.01005923293203243
HISP_16,0.01001193586744794,-0.001672927987437215,0.008910330313323108,-0.031167397718740324,-0.018639259330061452,-0.011110130644961313,0.04447918693473179,0.052878672651414625,-0.030227165787820205,0.017050858352576616
HISP_17,-0.001480137789372984,-0.0007184481448029936,-0.002625926839043782,-0.03099235496795872,-0.03063252778553958,0.009270782280648895,0.004397577549629026,-0.030102013113403086,0.14705151085302878,-0.04100356259744024
HISP_18,0.009546138991200596,-0.010468775345394641,0.004791006471578783,-0.02363904967942084,-0.029956376195574504,-0.007078064377163536,-0.02425047686713225,-0.02524742695979995,-0.026985540179631808,-0.004522998804256424
HISP_21,0.005350909518791855,0.003586509455909944,0.0013996432955372903,-0.00872035777370769,-0.0019726149559826643,0.01805499865862976,0.039825750193852816,-0.003885431482520538,0.0045121589861492305,0.005427539070587266
HISP_23,0.008242359319936245,0.0010953665922888648,0.0007000192169062263,-0.02034458491833361,-0.01656504212479187,0.0063151263359668575,0.034642658797448815,0.005786734288855559,-0.009273889217888735,0.007701040557586043
HISP_24,0.0012946645131673281,-0.017456963261342148,-0.009426232893820842,-0.05284530669542214,-0.032974600182453385,0.027233410259557507,0.02820667516708711,0.036848421604156675,0.004821090261735635,0.005122310513842417
