medicaid_only,POVPIP,PINCP,PERNP,OCCP_2digit,WAGP,INDP_2digit,ESR,ANC1P,WKL,SCHL,RELSHIPP,MSP,WRK,DIS,MAR,HIMRKS,DREM,RAC3P,DOUT,RAC2P,NWLK,SSIP,NWLA,DPHY,RAC1P,DDRS,RACAIAN,NWAB,MARHYP,RACWHT,ANC2P,COW,WAOB,WKHP,SSP,POBP,WKWN,PWGTP,INTP,PUMA,MIG,ANC,DEYE,NWRE,PAP,MARHM,NWAV,DEAR,MIL,HISP,AGEP
1,0.0,0.0,0.0,42,0.0,69,6.0,999,3.0,16.0,38,4.0,2.0,1,3,0,1.0,1,1.0,1000,2.0,0.0,2.0,1.0,1,2.0,0,2.0,2009.0,1,999,1.0,1,40.0,0.0,39,52.0,5,0.0,600,1.0,4,2,3.0,0.0,2.0,5.0,2,4.0,1,41
0,379.0,3000.0,3000.0,96,3000.0,49,6.0,999,1.0,19.0,38,6.0,1.0,2,5,2,2.0,1,2.0,1000,3.0,0.0,3.0,2.0,1,2.0,0,3.0,1995.0,1,999,3.0,1,30.0,0.0,27,12.0,113,0.0,600,1.0,4,2,3.0,0.0,2.0,5.0,2,4.0,1,22
0,379.0,4100.0,5200.0,47,5200.0,48,1.0,999,1.0,19.0,38,6.0,1.0,2,5,2,2.0,1,2.0,1000,3.0,0.0,3.0,2.0,1,2.0,0,3.0,1995.0,1,999,1.0,1,30.0,0.0,27,16.0,129,-1100.0,600,1.0,4,2,3.0,0.0,2.0,5.0,2,4.0,1,21
0,379.0,5700.0,5700.0,41,3300.0,85,6.0,795,1.0,19.0,38,6.0,1.0,2,5,2,2.0,10,2.0,4025,3.0,0.0,3.0,2.0,6,2.0,0,3.0,1995.0,0,999,1.0,1,7.0,0.0,6,17.0,24,0.0,300,1.0,1,2,3.0,0.0,2.0,5.0,2,4.0,1,20
0,379.0,32000.0,32000.0,60,32000.0,01,6.0,22,1.0,16.0,38,6.0,2.0,2,5,2,2.0,1,2.0,1000,2.0,0.0,2.0,2.0,1,2.0,0,2.0,1995.0,1,999,1.0,1,75.0,0.0,38,24.0,37,0.0,300,1.0,1,2,3.0,0.0,2.0,3.0,2,4.0,1,19
0,379.0,4500.0,4500.0,39,4500.0,85,1.0,999,1.0,16.0,38,6.0,1.0,2,5,2,2.0,1,2.0,1000,3.0,0.0,3.0,2.0,1,2.0,0,3.0,1995.0,1,999,3.0,1,20.0,0.0,27,15.0,100,0.0,600,3.0,4,2,3.0,0.0,2.0,5.0,2,4.0,1,18
0,379.0,21600.0,21600.0,40,21600.0,86,1.0,996,1.0,16.0,38,6.0,1.0,2,5,0,2.0,16,2.0,9000,3.0,0.0,3.0,2.0,9,2.0,0,2.0,1995.0,1,999,1.0,1,84.0,0.0,12,52.0,123,0.0,200,3.0,3,2,2.0,0.0,2.0,5.0,2,2.0,5,18
0,379.0,10000.0,10000.0,23,10000.0,78,1.0,98,1.0,19.0,38,6.0,1.0,2,5,0,2.0,1,2.0,1000,3.0,0.0,3.0,2.0,1,2.0,0,3.0,1995.0,1,999,4.0,1,20.0,0.0,27,52.0,82,0.0,500,1.0,1,2,3.0,0.0,2.0,5.0,2,4.0,1,22
0,379.0,23600.0,23600.0,25,23600.0,78,1.0,541,1.0,19.0,38,6.0,1.0,2,5,0,2.0,2,2.0,3000,3.0,0.0,3.0,2.0,2,2.0,0,3.0,1995.0,0,999,4.0,6,40.0,0.0,440,52.0,9,0.0,400,1.0,1,2,3.0,0.0,2.0,5.0,2,4.0,1,31
1,27.0,4300.0,0.0,42,0.0,69,6.0,999,3.0,16.0,38,6.0,2.0,1,5,0,2.0,1,1.0,1000,2.0,4300.0,2.0,1.0,1,1.0,0,2.0,1995.0,1,999,1.0,1,40.0,0.0,38,52.0,34,0.0,300,1.0,4,1,3.0,0.0,2.0,5.0,2,4.0,1,32
0,379.0,10000.0,10000.0,39,10000.0,85,6.0,999,1.0,19.0,38,6.0,1.0,2,5,0,2.0,1,2.0,1000,3.0,0.0,3.0,2.0,1,2.0,0,3.0,1995.0,1,999,3.0,1,40.0,0.0,38,20.0,83,0.0,600,1.0,4,2,3.0,0.0,2.0,5.0,2,3.0,1,21
0,379.0,15000.0,15000.0,41,15000.0,86,6.0,32,1.0,18.0,38,6.0,2.0,2,5,0,2.0,1,2.0,1000,2.0,0.0,2.0,2.0,1,2.0,0,2.0,1995.0,1,999,1.0,1,20.0,0.0,38,40.0,156,0.0,500,3.0,1,2,3.0,0.0,2.0,5.0,2,4.0,1,19
0,379.0,6000.0,6000.0,64,6000.0,07,1.0,32,1.0,19.0,38,6.0,1.0,2,5,0,2.0,1,2.0,1000,3.0,0.0,3.0,2.0,1,2.0,0,3.0,1995.0,1,77,1.0,1,18.0,0.0,27,20.0,112,0.0,600,1.0,2,2,3.0,0.0,2.0,5.0,2,3.0,1,21
0,379.0,4800.0,4800.0,46,4800.0,92,6.0,999,1.0,19.0,38,6.0,1.0,2,5,0,2.0,1,2.0,1000,3.0,0.0,3.0,2.0,1,2.0,0,3.0,1995.0,1,999,1.0,1,35.0,0.0,38,12.0,86,0.0,600,1.0,4,2,3.0,0.0,2.0,5.0,2,4.0,1,19
0,379.0,5200.0,5200.0,36,5200.0,78,1.0,32,1.0,20.0,38,6.0,1.0,2,5,0,2.0,1,2.0,1000,3.0,0.0,3.0,2.0,1,2.0,0,3.0,1995.0,1,82,2.0,1,15.0,0.0,38,52.0,14,0.0,400,1.0,2,2,3.0,0.0,2.0,5.0,2,4.0,1,20
0,379.0,1500.0,1500.0,42,1500.0,78,6.0,32,1.0,16.0,37,6.0,1.0,2,5,0,2.0,1,2.0,1000,3.0,0.0,3.0,2.0,1,2.0,0,3.0,1995.0,1,999,3.0,1,30.0,0.0,38,52.0,61,0.0,300,1.0,1,2,3.0,0.0,2.0,5.0,2,4.0,1,23
0,379.0,9300.0,5300.0,42,5300.0,77,6.0,32,1.0,19.0,38,6.0,2.0,2,5,2,2.0,1,2.0,1000,2.0,0.0,2.0,2.0,1,2.0,0,2.0,1995.0,1,999,1.0,1,11.0,0.0,38,25.0,77,0.0,100,1.0,1,2,3.0,0.0,2.0,5.0,2,4.0,1,19
0,501.0,100000.0,100000.0,00,100000.0,30,1.0,999,1.0,21.0,38,2.0,1.0,2,1,0,2.0,1,2.0,1000,3.0,0.0,3.0,2.0,1,2.0,0,3.0,2013.0,1,999,1.0,1,40.0,0.0,27,52.0,23,0.0,600,3.0,4,2,3.0,0.0,2.0,5.0,2,4.0,1,54
0,379.0,7500.0,7500.0,46,7500.0,84,1.0,999,1.0,16.0,38,6.0,1.0,2,5,0,2.0,1,2.0,1000,3.0,0.0,3.0,2.0,1,2.0,0,3.0,1995.0,1,999,1.0,8,30.0,0.0,501,40.0,32,0.0,200,3.0,4,2,3.0,0.0,2.0,5.0,2,4.0,1,18
0,379.0,11000.0,11000.0,01,11000.0,46,6.0,999,1.0,19.0,38,6.0,1.0,2,5,2,2.0,1,2.0,1000,3.0,0.0,3.0,2.0,1,2.0,0,3.0,1995.0,1,999,1.0,1,40.0,0.0,38,25.0,12,0.0,400,3.0,4,2,3.0,0.0,2.0,5.0,2,4.0,1,19
1,379.0,25000.0,25000.0,62,25000.0,07,6.0,920,1.0,16.0,37,6.0,1.0,2,5,0,2.0,3,2.0,5025,3.0,0.0,3.0,2.0,5,2.0,1,3.0,1995.0,0,999,1.0,1,44.0,0.0,38,28.0,20,0.0,400,3.0,1,2,3.0,0.0,2.0,5.0,2,4.0,1,30
0,379.0,8900.0,10000.0,98,10000.0,96,4.0,210,1.0,16.0,38,6.0,1.0,2,5,0,2.0,15,2.0,8000,3.0,0.0,3.0,2.0,8,2.0,0,3.0,1995.0,0,999,5.0,1,84.0,0.0,48,15.0,81,-1100.0,200,3.0,1,2,3.0,0.0,2.0,5.0,2,1.0,2,18
0,379.0,0.0,0.0,91,0.0,86,6.0,22,2.0,19.0,38,6.0,2.0,2,5,0,2.0,1,2.0,1000,2.0,0.0,2.0,2.0,1,2.0,0,2.0,1995.0,1,999,1.0,1,40.0,0.0,6,52.0,5,0.0,500,1.0,1,2,3.0,0.0,2.0,5.0,2,4.0,1,22
1,27.0,4300.0,0.0,42,0.0,69,6.0,999,3.0,16.0,38,4.0,1.0,1,3,0,1.0,1,1.0,1000,3.0,4300.0,3.0,1.0,1,1.0,0,3.0,2003.0,1,999,1.0,1,40.0,0.0,38,52.0,243,0.0,500,3.0,4,1,3.0,0.0,2.0,5.0,1,4.0,1,48
1,9.0,1400.0,0.0,42,0.0,69,6.0,999,3.0,16.0,38,6.0,2.0,1,5,0,1.0,1,1.0,1000,2.0,0.0,2.0,2.0,1,1.0,0,2.0,1995.0,1,999,1.0,1,40.0,1400.0,38,52.0,38,0.0,400,3.0,4,2,3.0,0.0,2.0,5.0,2,4.0,1,63
1,379.0,16800.0,0.0,42,0.0,69,6.0,999,3.0,21.0,37,4.0,1.0,1,3,0,1.0,1,1.0,1000,3.0,0.0,3.0,1.0,1,1.0,0,3.0,1995.0,1,999,1.0,1,40.0,0.0,36,52.0,102,0.0,300,1.0,4,2,3.0,0.0,2.0,5.0,2,4.0,1,54
0,379.0,4500.0,4500.0,52,3500.0,85,3.0,32,1.0,19.0,38,6.0,2.0,2,5,0,2.0,1,2.0,1000,1.0,0.0,2.0,2.0,1,2.0,0,2.0,1995.0,1,22,1.0,1,40.0,0.0,27,12.0,66,0.0,600,3.0,2,2,3.0,0.0,2.0,1.0,2,4.0,1,19
0,379.0,15600.0,15600.0,38,15600.0,94,1.0,999,1.0,19.0,38,6.0,1.0,2,5,0,2.0,1,2.0,1000,3.0,0.0,3.0,2.0,1,2.0,0,3.0,1995.0,1,999,4.0,1,25.0,0.0,6,38.0,12,0.0,500,3.0,4,2,3.0,0.0,2.0,5.0,2,4.0,1,22
1,379.0,28000.0,28000.0,62,28000.0,07,6.0,999,1.0,17.0,37,5.0,1.0,1,4,0,1.0,1,2.0,1000,3.0,0.0,3.0,2.0,1,2.0,0,3.0,2021.0,1,999,1.0,1,44.0,0.0,38,28.0,80,0.0,400,1.0,4,2,3.0,0.0,2.0,5.0,2,4.0,1,48
0,379.0,8900.0,8900.0,47,8900.0,52,6.0,50,1.0,19.0,38,6.0,2.0,2,5,0,2.0,1,2.0,1000,2.0,0.0,2.0,2.0,1,2.0,0,2.0,1995.0,1,210,1.0,1,25.0,0.0,6,40.0,21,0.0,400,3.0,2,2,3.0,0.0,2.0,5.0,2,4.0,2,20
0,379.0,5500.0,5500.0,27,5500.0,78,1.0,999,1.0,18.0,38,6.0,1.0,2,5,2,2.0,1,2.0,1000,3.0,0.0,3.0,2.0,1,2.0,0,3.0,1995.0,1,999,4.0,1,35.0,0.0,56,20.0,126,0.0,300,3.0,4,2,3.0,0.0,2.0,5.0,2,4.0,1,21
0,379.0,4500.0,4500.0,39,4500.0,85,1.0,32,1.0,19.0,38,6.0,1.0,2,5,0,2.0,1,2.0,1000,3.0,0.0,3.0,2.0,1,2.0,0,3.0,1995.0,1,999,3.0,1,20.0,0.0,27,15.0,99,0.0,600,3.0,1,2,3.0,0.0,2.0,5.0,2,4.0,1,18
0,379.0,10000.0,10000.0,39,10000.0,85,6.0,999,1.0,19.0,38,6.0,1.0,2,5,0,2.0,1,2.0,1000,3.0,0.0,3.0,2.0,1,2.0,0,3.0,1995.0,1,999,3.0,1,40.0,0.0,38,20.0,69,0.0,600,1.0,4,2,3.0,0.0,2.0,5.0,2,3.0,1,21
0,176.0,27500.0,27500.0,62,0.0,01,1.0,3,1.0,14.0,38,2.0,1.0,2,1,0,2.0,1,2.0,1000,3.0,0.0,3.0,2.0,1,2.0,0,3.0,2015.0,1,32,6.0,1,40.0,0.0,46,52.0,85,0.0,200,1.0,2,2,3.0,0.0,2.0,5.0,2,4.0,1,33
0,379.0,6500.0,6500.0,60,6500.0,01,3.0,999,1.0,19.0,38,6.0,1.0,2,5,0,2.0,1,2.0,1000,3.0,0.0,3.0,2.0,1,2.0,0,3.0,1995.0,1,999,1.0,1,40.0,0.0,27,26.0,29,0.0,400,3.0,4,2,3.0,0.0,2.0,5.0,2,4.0,1,21
0,379.0,17000.0,17000.0,34,17000.0,81,6.0,82,1.0,19.0,38,6.0,2.0,2,5,0,2.0,1,2.0,1000,2.0,0.0,2.0,2.0,1,2.0,0,2.0,1995.0,1,999,1.0,1,16.0,0.0,27,48.0,12,0.0,500,1.0,1,2,3.0,0.0,2.0,5.0,2,4.0,1,20
0,379.0,8000.0,8000.0,41,8000.0,86,6.0,999,1.0,19.0,38,6.0,1.0,2,5,0,2.0,1,2.0,1000,3.0,0.0,3.0,2.0,1,2.0,0,3.0,1995.0,1,999,1.0,1,15.0,0.0,17,35.0,12,0.0,500,3.0,4,2,3.0,0.0,2.0,5.0,2,4.0,24,21
0,379.0,8000.0,8000.0,41,8000.0,86,6.0,22,1.0,16.0,38,6.0,2.0,2,5,0,2.0,29,2.0,9000,2.0,0.0,2.0,2.0,9,2.0,0,2.0,1995.0,1,918,1.0,7,15.0,0.0,301,35.0,162,0.0,400,2.0,2,2,3.0,0.0,2.0,5.0,2,4.0,1,21
0,379.0,8000.0,8000.0,42,8000.0,78,1.0,50,1.0,19.0,38,6.0,1.0,2,5,0,2.0,1,2.0,1000,3.0,0.0,3.0,2.0,1,2.0,0,3.0,1995.0,1,999,4.0,1,20.0,0.0,17,42.0,12,0.0,500,1.0,1,2,3.0,0.0,2.0,5.0,2,4.0,1,20
1,379.0,14800.0,14800.0,55,14800.0,61,6.0,111,1.0,18.0,37,6.0,1.0,2,5,0,2.0,17,2.0,9000,3.0,0.0,3.0,2.0,9,2.0,1,3.0,1995.0,1,148,1.0,1,25.0,0.0,38,40.0,47,0.0,300,3.0,2,2,3.0,0.0,2.0,5.0,2,4.0,1,30
0,379.0,4000.0,4000.0,47,4000.0,52,1.0,999,1.0,19.0,38,6.0,1.0,2,5,2,2.0,1,2.0,1000,3.0,0.0,3.0,2.0,1,2.0,0,3.0,1995.0,1,999,1.0,1,20.0,0.0,38,44.0,7,0.0,500,3.0,4,2,3.0,0.0,2.0,5.0,2,4.0,1,19
1,0.0,0.0,0.0,42,0.0,69,6.0,998,3.0,18.0,38,6.0,2.0,2,5,0,2.0,1,2.0,1000,2.0,0.0,2.0,2.0,1,2.0,0,2.0,1995.0,1,999,1.0,1,40.0,0.0,34,52.0,33,0.0,500,1.0,1,2,3.0,0.0,2.0,5.0,2,4.0,1,47
1,379.0,12000.0,6000.0,41,6000.0,86,6.0,920,1.0,16.0,37,5.0,1.0,2,4,0,2.0,3,2.0,5013,3.0,6000.0,3.0,2.0,3,2.0,1,3.0,2003.0,0,999,1.0,1,56.0,0.0,46,12.0,64,0.0,300,3.0,1,2,3.0,0.0,2.0,5.0,2,4.0,1,41
0,379.0,5000.0,5000.0,36,5000.0,82,1.0,999,1.0,19.0,38,6.0,1.0,2,5,0,2.0,1,2.0,1000,3.0,0.0,3.0,2.0,1,2.0,0,3.0,1995.0,1,999,1.0,1,35.0,0.0,27,40.0,147,0.0,400,1.0,4,2,3.0,0.0,2.0,5.0,2,4.0,1,19
1,379.0,30000.0,30000.0,62,30000.0,07,6.0,920,1.0,16.0,37,6.0,1.0,2,5,0,2.0,3,2.0,5025,3.0,0.0,3.0,2.0,5,2.0,1,3.0,1995.0,0,999,1.0,1,44.0,0.0,38,28.0,12,0.0,500,3.0,1,2,3.0,0.0,2.0,5.0,2,4.0,1,31
1,379.0,0.0,0.0,42,0.0,69,6.0,999,3.0,16.0,37,6.0,1.0,2,5,0,2.0,1,2.0,1000,3.0,0.0,3.0,2.0,1,2.0,0,3.0,1995.0,1,999,1.0,1,40.0,0.0,38,52.0,15,0.0,400,3.0,4,2,3.0,0.0,2.0,5.0,2,4.0,1,64
0,379.0,3300.0,0.0,99,0.0,99,3.0,999,3.0,18.0,38,6.0,1.0,2,5,0,2.0,1,2.0,1000,3.0,0.0,3.0,2.0,1,2.0,0,3.0,1995.0,1,999,9.0,1,40.0,0.0,27,52.0,45,0.0,600,3.0,4,2,3.0,0.0,2.0,5.0,2,4.0,1,18
1,379.0,10000.0,10000.0,39,10000.0,85,6.0,917,1.0,18.0,38,6.0,2.0,2,5,0,2.0,3,2.0,5007,2.0,0.0,2.0,2.0,3,2.0,1,2.0,1995.0,0,999,3.0,1,40.0,0.0,46,20.0,7,0.0,300,3.0,1,2,3.0,0.0,2.0,5.0,2,4.0,1,24
0,379.0,12200.0,12200.0,41,12200.0,86,1.0,32,1.0,19.0,38,6.0,1.0,2,5,0,2.0,1,2.0,1000,3.0,0.0,3.0,2.0,1,2.0,0,3.0,1995.0,1,999,1.0,1,15.0,0.0,38,52.0,714,0.0,500,1.0,1,2,3.0,0.0,2.0,5.0,2,4.0,1,19
0,379.0,48000.0,48000.0,45,48000.0,86,6.0,308,1.0,18.0,37,6.0,1.0,2,5,0,2.0,2,2.0,3000,3.0,0.0,3.0,2.0,2,2.0,0,3.0,1995.0,0,999,1.0,1,30.0,0.0,12,52.0,31,0.0,200,3.0,1,2,3.0,0.0,2.0,5.0,2,4.0,1,35
0,379.0,5110.0,5100.0,40,5100.0,86,1.0,32,1.0,18.0,38,6.0,1.0,2,5,0,2.0,1,2.0,1000,3.0,0.0,3.0,2.0,1,2.0,0,3.0,1995.0,1,82,1.0,1,12.0,0.0,38,47.0,203,10.0,600,3.0,2,2,3.0,0.0,2.0,5.0,2,4.0,1,18
1,379.0,6000.0,6000.0,60,6000.0,01,6.0,999,1.0,16.0,38,6.0,1.0,2,5,0,2.0,1,2.0,1000,3.0,0.0,3.0,2.0,1,2.0,0,3.0,1995.0,1,999,1.0,1,40.0,0.0,38,28.0,84,0.0,400,3.0,4,2,3.0,0.0,2.0,5.0,2,4.0,1,19
0,379.0,0.0,0.0,53,0.0,86,6.0,49,2.0,18.0,38,6.0,2.0,2,5,0,2.0,1,2.0,1000,2.0,0.0,2.0,2.0,1,2.0,0,2.0,1995.0,1,999,1.0,1,40.0,0.0,26,52.0,145,0.0,500,3.0,1,2,3.0,0.0,2.0,5.0,2,4.0,1,18
0,379.0,7600.0,7600.0,40,7600.0,86,1.0,32,1.0,19.0,38,6.0,1.0,2,5,0,2.0,1,2.0,1000,2.0,0.0,2.0,2.0,1,2.0,0,3.0,1995.0,1,50,1.0,1,15.0,0.0,21,46.0,29,0.0,300,1.0,2,2,2.0,0.0,2.0,3.0,2,4.0,1,22
0,379.0,8000.0,8000.0,15,8000.0,72,6.0,999,1.0,18.0,38,6.0,1.0,2,5,0,2.0,1,2.0,1000,3.0,0.0,3.0,2.0,1,2.0,0,3.0,1995.0,1,999,1.0,1,50.0,0.0,27,12.0,71,0.0,600,3.0,4,2,3.0,0.0,2.0,5.0,2,4.0,1,19
0,379.0,7000.0,7000.0,40,7000.0,85,1.0,999,1.0,18.0,38,6.0,1.0,2,5,0,2.0,1,2.0,1000,3.0,0.0,3.0,2.0,1,2.0,0,3.0,1995.0,1,999,1.0,1,20.0,0.0,38,52.0,102,0.0,600,3.0,4,2,3.0,0.0,2.0,5.0,2,4.0,1,19
0,379.0,0.0,0.0,42,0.0,69,6.0,999,3.0,19.0,37,6.0,1.0,2,5,1,2.0,1,2.0,1000,3.0,0.0,3.0,2.0,1,2.0,0,3.0,1995.0,1,999,1.0,1,40.0,0.0,39,52.0,7,0.0,500,1.0,4,2,3.0,0.0,2.0,5.0,2,4.0,1,19
0,379.0,5500.0,5500.0,27,5500.0,78,1.0,999,1.0,18.0,38,6.0,1.0,2,5,2,2.0,1,2.0,1000,3.0,0.0,3.0,2.0,1,2.0,0,3.0,1995.0,1,999,4.0,1,35.0,0.0,56,20.0,35,0.0,300,3.0,4,2,3.0,0.0,2.0,5.0,2,4.0,1,21
0,379.0,0.0,0.0,42,0.0,69,6.0,999,3.0,19.0,38,6.0,1.0,2,5,0,2.0,1,2.0,1000,3.0,0.0,3.0,2.0,1,2.0,0,3.0,1995.0,1,999,1.0,1,40.0,0.0,27,52.0,23,0.0,300,1.0,4,2,3.0,0.0,2.0,5.0,2,4.0,1,21
0,379.0,3000.0,3000.0,96,3000.0,49,6.0,999,1.0,19.0,38,6.0,1.0,2,5,2,2.0,1,2.0,1000,3.0,0.0,3.0,2.0,1,2.0,0,3.0,1995.0,1,999,3.0,1,30.0,0.0,27,12.0,35,0.0,600,1.0,4,2,3.0,0.0,2.0,5.0,2,4.0,1,22
1,379.0,1100.0,1100.0,20,1100.0,94,6.0,82,1.0,19.0,37,4.0,1.0,2,3,0,2.0,1,2.0,1000,3.0,0.0,3.0,2.0,1,2.0,0,3.0,2009.0,1,999,3.0,1,5.0,0.0,38,52.0,62,0.0,300,1.0,1,2,3.0,0.0,2.0,5.0,2,4.0,1,42
0,379.0,50000.0,50000.0,62,50000.0,07,6.0,999,1.0,16.0,37,6.0,1.0,2,5,0,2.0,1,2.0,1000,3.0,0.0,3.0,2.0,1,2.0,0,3.0,1995.0,1,999,1.0,1,40.0,0.0,38,52.0,45,0.0,500,3.0,4,2,3.0,0.0,2.0,5.0,2,4.0,1,34
1,379.0,5400.0,0.0,42,0.0,69,6.0,169,3.0,18.0,37,6.0,1.0,2,5,0,2.0,10,2.0,4024,3.0,5400.0,3.0,2.0,6,2.0,0,3.0,1995.0,0,999,1.0,2,40.0,0.0,78,52.0,53,0.0,300,1.0,1,2,3.0,0.0,2.0,5.0,2,4.0,1,34
0,379.0,6000.0,6000.0,36,6000.0,82,1.0,32,1.0,18.0,38,6.0,1.0,2,5,0,2.0,1,2.0,1000,3.0,0.0,3.0,2.0,1,2.0,0,3.0,1995.0,1,999,1.0,1,25.0,0.0,27,26.0,54,0.0,600,3.0,1,2,3.0,0.0,2.0,5.0,2,4.0,1,18
0,379.0,0.0,0.0,42,0.0,69,6.0,999,3.0,16.0,37,6.0,1.0,2,5,0,2.0,1,2.0,1000,3.0,0.0,3.0,2.0,1,2.0,0,3.0,1995.0,1,999,1.0,1,40.0,0.0,38,52.0,63,0.0,600,3.0,4,2,3.0,0.0,2.0,5.0,2,4.0,1,29
0,379.0,27100.0,27100.0,38,27100.0,96,4.0,235,1.0,16.0,38,6.0,1.0,2,5,0,2.0,1,2.0,1000,2.0,0.0,3.0,2.0,1,2.0,0,3.0,1995.0,1,51,5.0,1,60.0,0.0,50,52.0,175,0.0,500,1.0,2,2,3.0,0.0,2.0,5.0,2,1.0,17,21
0,379.0,10000.0,10000.0,39,10000.0,85,6.0,999,1.0,19.0,38,6.0,1.0,2,5,0,2.0,1,2.0,1000,3.0,0.0,3.0,2.0,1,2.0,0,3.0,1995.0,1,999,3.0,1,40.0,0.0,38,20.0,120,0.0,600,1.0,4,2,3.0,0.0,2.0,5.0,2,3.0,1,21
0,379.0,16500.0,16500.0,13,16500.0,07,6.0,999,1.0,18.0,38,6.0,1.0,2,5,0,2.0,1,2.0,1000,3.0,0.0,3.0,2.0,1,2.0,0,3.0,1995.0,1,999,1.0,1,40.0,0.0,30,12.0,72,0.0,200,3.0,4,2,3.0,0.0,2.0,5.0,2,4.0,1,20
1,379.0,300.0,300.0,43,300.0,93,6.0,917,1.0,17.0,37,6.0,1.0,2,5,0,2.0,3,2.0,5013,3.0,0.0,3.0,2.0,3,2.0,1,3.0,1995.0,0,999,3.0,1,56.0,0.0,46,4.0,45,0.0,300,3.0,1,2,3.0,0.0,2.0,5.0,2,4.0,1,29
0,379.0,2000.0,2000.0,47,2000.0,55,1.0,142,1.0,19.0,38,6.0,1.0,2,5,0,2.0,1,2.0,1000,3.0,0.0,3.0,2.0,1,2.0,0,3.0,1995.0,1,32,1.0,1,25.0,0.0,38,20.0,49,0.0,300,1.0,2,2,3.0,0.0,2.0,5.0,2,4.0,1,21
0,379.0,28000.0,28000.0,62,28000.0,07,6.0,999,1.0,16.0,37,6.0,1.0,2,5,0,2.0,1,2.0,1000,3.0,0.0,3.0,2.0,1,2.0,0,3.0,1995.0,1,999,1.0,1,44.0,0.0,38,28.0,63,0.0,600,3.0,4,2,3.0,0.0,2.0,5.0,2,4.0,1,38
0,379.0,15000.0,15000.0,60,15000.0,01,1.0,32,1.0,18.0,38,6.0,1.0,2,5,0,2.0,1,2.0,1000,3.0,0.0,3.0,2.0,1,2.0,0,3.0,1995.0,1,148,1.0,1,50.0,0.0,38,52.0,78,0.0,400,3.0,2,2,3.0,0.0,2.0,5.0,2,4.0,1,19
1,189.0,28800.0,28800.0,94,28800.0,87,1.0,920,1.0,12.0,38,2.0,1.0,2,1,0,2.0,3,2.0,5025,3.0,0.0,3.0,2.0,5,2.0,1,3.0,2014.0,0,999,1.0,1,40.0,0.0,38,28.0,19,0.0,400,3.0,1,2,3.0,0.0,2.0,5.0,2,4.0,1,39
0,501.0,145000.0,145000.0,81,0.0,01,1.0,3,1.0,13.0,38,6.0,1.0,2,5,0,2.0,1,2.0,1000,3.0,0.0,3.0,2.0,1,2.0,0,3.0,1995.0,1,32,6.0,1,40.0,0.0,46,52.0,71,0.0,200,1.0,2,2,3.0,0.0,2.0,5.0,2,4.0,1,27
0,379.0,17200.0,17200.0,03,17200.0,86,6.0,920,1.0,17.0,37,6.0,1.0,2,5,0,2.0,3,2.0,5013,3.0,0.0,3.0,2.0,3,2.0,1,3.0,1995.0,0,999,1.0,1,60.0,0.0,38,8.0,141,0.0,300,3.0,1,2,3.0,0.0,2.0,5.0,2,4.0,1,26
0,115.0,18000.0,18000.0,96,18000.0,26,1.0,32,1.0,11.0,38,2.0,1.0,2,1,0,2.0,1,2.0,1000,3.0,0.0,3.0,2.0,1,2.0,0,3.0,1996.0,1,999,8.0,1,40.0,0.0,46,52.0,224,0.0,200,1.0,1,2,3.0,0.0,2.0,5.0,2,4.0,1,51
0,379.0,1500.0,1500.0,41,1500.0,86,6.0,51,1.0,18.0,38,6.0,2.0,2,5,0,2.0,1,2.0,1000,2.0,0.0,2.0,2.0,1,2.0,0,2.0,1995.0,1,999,1.0,1,15.0,0.0,26,12.0,186,0.0,500,3.0,1,2,3.0,0.0,2.0,5.0,2,4.0,1,19
1,27.0,4300.0,0.0,42,0.0,69,6.0,999,3.0,16.0,38,6.0,2.0,1,5,0,2.0,1,1.0,1000,2.0,4300.0,2.0,1.0,1,1.0,0,2.0,1995.0,1,999,1.0,1,40.0,0.0,38,52.0,29,0.0,300,1.0,4,1,3.0,0.0,2.0,5.0,2,4.0,1,32
0,379.0,28850.0,28500.0,15,28500.0,30,1.0,999,1.0,19.0,38,6.0,1.0,2,5,0,2.0,1,2.0,1000,3.0,0.0,3.0,2.0,1,2.0,0,3.0,1995.0,1,999,1.0,1,30.0,0.0,27,46.0,47,350.0,600,1.0,4,2,3.0,0.0,2.0,5.0,2,4.0,1,20
1,379.0,0.0,0.0,42,0.0,69,6.0,999,3.0,16.0,37,6.0,1.0,2,5,0,2.0,2,2.0,3000,3.0,0.0,3.0,2.0,2,2.0,0,3.0,1995.0,0,999,1.0,1,40.0,0.0,12,52.0,51,0.0,400,1.0,4,2,3.0,0.0,2.0,5.0,2,4.0,1,41
0,96.0,15000.0,15000.0,77,15000.0,35,1.0,917,1.0,16.0,38,6.0,1.0,2,5,0,2.0,3,2.0,5013,2.0,0.0,2.0,2.0,3,2.0,1,2.0,1995.0,0,999,1.0,1,40.0,0.0,38,52.0,52,0.0,100,1.0,1,2,3.0,0.0,2.0,1.0,2,4.0,1,31
1,0.0,0.0,0.0,42,0.0,69,6.0,998,3.0,16.0,38,6.0,2.0,2,5,0,2.0,1,2.0,1000,2.0,0.0,2.0,2.0,1,2.0,0,2.0,1995.0,1,999,1.0,1,40.0,0.0,34,52.0,38,0.0,400,1.0,1,2,3.0,0.0,2.0,5.0,2,4.0,1,47
0,501.0,145000.0,145000.0,81,0.0,01,1.0,3,1.0,16.0,38,6.0,1.0,2,5,0,2.0,1,2.0,1000,3.0,0.0,3.0,2.0,1,2.0,0,3.0,1995.0,1,32,6.0,1,40.0,0.0,46,52.0,28,0.0,200,1.0,2,2,3.0,0.0,2.0,5.0,2,4.0,1,27
0,379.0,20000.0,20000.0,41,20000.0,86,1.0,82,1.0,19.0,38,6.0,1.0,2,5,2,2.0,1,2.0,1000,3.0,0.0,3.0,2.0,1,2.0,0,3.0,1995.0,1,999,1.0,1,35.0,0.0,38,24.0,13,0.0,500,1.0,1,2,3.0,0.0,2.0,5.0,2,4.0,1,20
0,379.0,15000.0,15000.0,13,15000.0,07,6.0,999,1.0,19.0,38,6.0,1.0,2,5,0,2.0,1,2.0,1000,3.0,0.0,3.0,2.0,1,2.0,0,3.0,1995.0,1,999,1.0,1,40.0,0.0,30,12.0,39,0.0,400,3.0,4,2,3.0,0.0,2.0,5.0,2,4.0,1,20
0,379.0,27000.0,27000.0,25,27000.0,78,1.0,917,1.0,19.0,38,6.0,1.0,2,5,0,2.0,3,2.0,5025,3.0,0.0,3.0,2.0,5,2.0,1,3.0,1995.0,0,999,4.0,1,40.0,0.0,46,52.0,9,0.0,300,1.0,1,2,3.0,0.0,2.0,5.0,2,4.0,1,30
0,379.0,0.0,0.0,89,0.0,29,6.0,902,2.0,17.0,37,6.0,1.0,2,5,0,2.0,2,2.0,3000,3.0,0.0,3.0,2.0,2,2.0,0,3.0,1995.0,0,999,1.0,1,40.0,0.0,26,52.0,38,0.0,300,3.0,1,2,3.0,0.0,2.0,5.0,2,4.0,1,36
1,379.0,3000.0,3000.0,47,3000.0,48,1.0,999,1.0,19.0,38,6.0,1.0,2,5,0,2.0,10,2.0,4025,3.0,0.0,3.0,2.0,6,2.0,0,3.0,1995.0,0,999,1.0,1,18.0,0.0,30,28.0,132,0.0,200,3.0,4,2,3.0,0.0,2.0,5.0,2,4.0,1,20
0,379.0,3000.0,3000.0,96,3000.0,48,1.0,999,1.0,19.0,38,6.0,1.0,1,5,2,1.0,1,2.0,1000,3.0,0.0,3.0,2.0,1,2.0,0,3.0,1995.0,1,999,1.0,1,23.0,0.0,46,52.0,26,0.0,300,1.0,4,2,3.0,0.0,2.0,5.0,2,4.0,1,20
1,54.0,8600.0,0.0,42,0.0,69,6.0,999,3.0,16.0,38,2.0,2.0,1,1,0,1.0,1,1.0,1000,2.0,8600.0,2.0,1.0,1,1.0,0,2.0,2014.0,1,999,1.0,1,40.0,0.0,38,52.0,8,0.0,600,1.0,4,2,3.0,0.0,2.0,5.0,2,4.0,1,58
1,45.0,7200.0,0.0,42,0.0,69,6.0,999,3.0,16.0,38,6.0,1.0,1,5,0,1.0,1,1.0,1000,3.0,7200.0,3.0,2.0,1,2.0,0,3.0,1995.0,1,999,1.0,1,40.0,0.0,38,52.0,19,0.0,400,3.0,4,1,3.0,0.0,2.0,5.0,2,4.0,1,61
1,379.0,26700.0,26700.0,96,26700.0,61,6.0,215,1.0,17.0,37,6.0,2.0,1,5,0,1.0,3,2.0,5013,2.0,0.0,2.0,2.0,3,2.0,1,2.0,1995.0,0,999,1.0,1,60.0,0.0,6,8.0,55,0.0,300,3.0,1,2,3.0,0.0,2.0,5.0,2,4.0,2,29
0,379.0,6100.0,6100.0,40,6100.0,86,6.0,32,1.0,19.0,38,6.0,2.0,2,5,2,2.0,1,2.0,1000,2.0,0.0,2.0,2.0,1,2.0,0,2.0,1995.0,1,999,1.0,1,35.0,0.0,27,14.0,223,0.0,500,3.0,1,2,3.0,0.0,2.0,5.0,2,4.0,1,18
1,379.0,17000.0,0.0,42,0.0,69,6.0,999,3.0,19.0,37,6.0,1.0,1,5,0,1.0,1,1.0,1000,3.0,8500.0,3.0,1.0,1,1.0,0,3.0,1995.0,1,999,1.0,1,40.0,8500.0,38,52.0,44,0.0,500,3.0,4,2,3.0,0.0,2.0,5.0,2,4.0,1,52
0,379.0,8900.0,10000.0,98,10000.0,96,4.0,210,1.0,16.0,38,6.0,1.0,2,5,0,2.0,15,2.0,8000,3.0,0.0,3.0,2.0,8,2.0,0,3.0,1995.0,0,999,5.0,1,84.0,0.0,48,15.0,55,-1100.0,200,3.0,1,2,3.0,0.0,2.0,5.0,2,1.0,2,18
0,379.0,4000.0,4000.0,41,4000.0,86,6.0,999,1.0,18.0,38,6.0,2.0,2,5,2,2.0,1,2.0,1000,2.0,0.0,2.0,2.0,1,2.0,0,2.0,1995.0,1,999,1.0,1,15.0,0.0,8,24.0,117,0.0,500,3.0,4,2,3.0,0.0,2.0,5.0,2,4.0,1,19
0,379.0,24000.0,24000.0,25,24000.0,94,6.0,902,1.0,21.0,37,4.0,1.0,2,3,0,2.0,2,2.0,3000,2.0,0.0,2.0,2.0,2,2.0,0,2.0,2015.0,0,999,4.0,1,40.0,0.0,1,52.0,61,0.0,300,1.0,1,2,3.0,0.0,2.0,5.0,2,2.0,1,38
0,379.0,3000.0,3000.0,36,3000.0,82,6.0,89,1.0,19.0,38,6.0,2.0,2,5,0,2.0,1,2.0,1000,2.0,0.0,2.0,2.0,1,2.0,0,2.0,1995.0,1,999,1.0,4,40.0,0.0,207,12.0,12,0.0,400,1.0,1,2,3.0,0.0,2.0,5.0,2,4.0,1,21
0,379.0,4300.0,0.0,42,0.0,69,6.0,999,3.0,15.0,37,6.0,1.0,1,5,0,1.0,1,1.0,1000,3.0,4300.0,3.0,2.0,1,2.0,0,3.0,1995.0,1,999,1.0,1,40.0,0.0,38,52.0,10,0.0,600,1.0,4,2,3.0,0.0,2.0,5.0,2,4.0,1,19
0,379.0,5100.0,5100.0,42,5100.0,85,3.0,82,1.0,16.0,38,6.0,2.0,2,5,0,2.0,1,2.0,1000,1.0,0.0,2.0,2.0,1,2.0,0,2.0,1995.0,1,999,1.0,1,30.0,0.0,38,11.0,29,0.0,300,1.0,1,2,3.0,0.0,2.0,1.0,2,4.0,1,19
0,379.0,0.0,0.0,42,0.0,69,6.0,999,3.0,19.0,38,6.0,1.0,2,5,0,2.0,1,2.0,1000,3.0,0.0,3.0,2.0,1,2.0,0,3.0,1995.0,1,999,1.0,1,40.0,0.0,27,52.0,151,0.0,300,1.0,4,2,3.0,0.0,2.0,5.0,2,4.0,1,21
0,379.0,6100.0,6100.0,40,6100.0,86,6.0,32,1.0,19.0,38,6.0,2.0,2,5,2,2.0,1,2.0,1000,2.0,0.0,2.0,2.0,1,2.0,0,2.0,1995.0,1,999,1.0,1,35.0,0.0,27,14.0,148,0.0,500,3.0,1,2,3.0,0.0,2.0,5.0,2,4.0,1,18
1,379.0,4300.0,0.0,42,0.0,69,6.0,999,3.0,15.0,37,6.0,1.0,1,5,0,1.0,1,1.0,1000,3.0,4300.0,3.0,2.0,1,1.0,0,3.0,1995.0,1,999,1.0,1,40.0,0.0,38,52.0,2,0.0,300,1.0,4,2,3.0,0.0,2.0,5.0,2,4.0,1,19
0,379.0,5000.0,5000.0,25,5000.0,78,1.0,32,1.0,19.0,38,6.0,1.0,2,5,2,2.0,1,2.0,1000,3.0,0.0,3.0,2.0,1,2.0,0,3.0,1995.0,1,999,1.0,1,30.0,0.0,8,40.0,14,0.0,500,1.0,1,2,3.0,0.0,2.0,5.0,2,4.0,1,19
0,379.0,15000.0,15000.0,62,15000.0,07,6.0,50,1.0,16.0,38,6.0,2.0,2,5,0,2.0,1,2.0,1000,2.0,0.0,2.0,2.0,1,2.0,0,2.0,1995.0,1,32,1.0,1,45.0,0.0,24,10.0,53,0.0,600,3.0,2,2,3.0,0.0,2.0,5.0,2,4.0,1,19
0,379.0,10800.0,10800.0,03,10800.0,86,6.0,21,1.0,20.0,37,6.0,2.0,2,5,0,2.0,1,2.0,1000,2.0,0.0,2.0,2.0,1,2.0,0,2.0,1995.0,1,50,1.0,1,60.0,0.0,38,8.0,97,0.0,300,3.0,2,2,3.0,0.0,2.0,5.0,2,4.0,1,50
0,176.0,27500.0,27500.0,62,0.0,01,1.0,3,1.0,16.0,38,2.0,1.0,2,1,0,2.0,1,2.0,1000,3.0,0.0,3.0,2.0,1,2.0,0,3.0,2015.0,1,32,6.0,1,40.0,0.0,46,52.0,224,0.0,400,1.0,2,2,3.0,0.0,2.0,5.0,2,4.0,1,33
0,379.0,1000.0,1000.0,72,1000.0,87,6.0,999,1.0,19.0,38,6.0,1.0,2,5,0,2.0,1,2.0,1000,3.0,0.0,3.0,2.0,1,2.0,0,3.0,1995.0,1,999,1.0,1,50.0,0.0,38,16.0,31,0.0,400,1.0,4,2,3.0,0.0,2.0,5.0,2,4.0,1,23
0,379.0,1500.0,1500.0,41,1500.0,86,6.0,51,1.0,18.0,38,6.0,2.0,2,5,0,2.0,1,2.0,1000,2.0,0.0,2.0,2.0,1,2.0,0,2.0,1995.0,1,999,1.0,1,15.0,0.0,26,12.0,69,0.0,500,3.0,1,2,3.0,0.0,2.0,5.0,2,4.0,1,19
0,379.0,1000.0,1000.0,13,1000.0,86,6.0,999,1.0,16.0,38,6.0,1.0,2,5,2,2.0,1,2.0,1000,3.0,0.0,3.0,2.0,1,2.0,0,3.0,1995.0,1,999,1.0,1,18.0,0.0,38,8.0,33,0.0,400,3.0,4,2,3.0,0.0,2.0,5.0,2,4.0,1,18
0,379.0,8000.0,8000.0,91,8000.0,07,6.0,234,1.0,18.0,38,6.0,2.0,2,5,2,2.0,29,2.0,9000,2.0,0.0,2.0,2.0,9,2.0,0,2.0,1995.0,1,98,1.0,1,45.0,0.0,27,12.0,118,0.0,500,3.0,2,2,3.0,0.0,2.0,5.0,2,4.0,16,19
0,176.0,27500.0,27500.0,62,0.0,01,1.0,3,1.0,11.0,38,2.0,1.0,2,1,0,2.0,1,2.0,1000,3.0,0.0,3.0,2.0,1,2.0,0,3.0,2015.0,1,32,6.0,1,40.0,0.0,46,52.0,114,0.0,500,1.0,2,2,3.0,0.0,2.0,5.0,2,4.0,1,33
0,379.0,3000.0,3000.0,52,3000.0,53,6.0,999,1.0,16.0,38,6.0,1.0,2,5,2,2.0,1,2.0,1000,3.0,0.0,3.0,2.0,1,2.0,0,3.0,1995.0,1,999,1.0,1,18.0,0.0,27,26.0,189,0.0,200,1.0,4,2,3.0,0.0,2.0,5.0,2,4.0,1,18
0,379.0,3000.0,3000.0,96,3000.0,49,6.0,999,1.0,19.0,38,6.0,1.0,2,5,2,2.0,1,2.0,1000,3.0,0.0,3.0,2.0,1,2.0,0,3.0,1995.0,1,999,3.0,1,30.0,0.0,27,12.0,66,0.0,600,1.0,4,2,3.0,0.0,2.0,5.0,2,4.0,1,22
0,379.0,5500.0,5500.0,27,5500.0,78,1.0,999,1.0,18.0,38,6.0,1.0,2,5,2,2.0,1,2.0,1000,3.0,0.0,3.0,2.0,1,2.0,0,3.0,1995.0,1,999,4.0,1,35.0,0.0,56,20.0,200,0.0,300,3.0,4,2,3.0,0.0,2.0,5.0,2,4.0,1,21
0,379.0,1800.0,1800.0,46,1800.0,91,6.0,195,1.0,18.0,38,6.0,2.0,2,5,2,2.0,1,2.0,1000,2.0,0.0,2.0,2.0,1,2.0,0,2.0,1995.0,1,999,2.0,1,8.0,0.0,29,35.0,84,0.0,100,1.0,1,2,3.0,0.0,2.0,5.0,2,4.0,1,19
0,379.0,500.0,500.0,47,500.0,78,1.0,223,1.0,19.0,38,6.0,1.0,2,5,2,2.0,29,2.0,9000,3.0,0.0,3.0,2.0,9,2.0,0,3.0,1995.0,1,999,4.0,3,14.0,0.0,314,3.0,106,0.0,600,1.0,1,2,3.0,0.0,2.0,5.0,2,4.0,11,20
0,379.0,0.0,0.0,42,0.0,69,6.0,999,3.0,16.0,38,6.0,1.0,2,5,0,2.0,83,2.0,9000,3.0,0.0,3.0,2.0,9,2.0,0,3.0,1995.0,1,999,1.0,1,40.0,0.0,8,52.0,28,0.0,300,1.0,4,2,3.0,0.0,2.0,5.0,2,4.0,24,22
0,379.0,13200.0,13200.0,40,13200.0,86,1.0,82,1.0,16.0,38,6.0,1.0,2,5,0,2.0,1,2.0,1000,3.0,0.0,3.0,2.0,1,2.0,0,3.0,1995.0,1,999,1.0,1,35.0,0.0,38,52.0,62,0.0,600,3.0,1,2,3.0,0.0,2.0,5.0,2,4.0,1,18
1,82.0,13000.0,13000.0,42,13000.0,85,1.0,999,1.0,16.0,38,6.0,1.0,2,5,0,2.0,1,2.0,1000,3.0,0.0,3.0,2.0,1,2.0,0,3.0,1995.0,1,999,1.0,1,40.0,0.0,27,28.0,25,0.0,600,3.0,4,2,3.0,0.0,2.0,5.0,2,4.0,1,25
0,379.0,12000.0,12000.0,91,12000.0,83,6.0,51,1.0,18.0,38,6.0,2.0,2,5,0,2.0,1,2.0,1000,2.0,0.0,2.0,2.0,1,2.0,0,2.0,1995.0,1,999,1.0,1,15.0,0.0,8,20.0,58,0.0,500,3.0,1,2,3.0,0.0,2.0,5.0,2,4.0,1,19
0,379.0,9600.0,9600.0,81,9600.0,88,6.0,32,1.0,16.0,38,6.0,2.0,2,5,2,2.0,1,2.0,1000,2.0,0.0,2.0,2.0,1,2.0,0,2.0,1995.0,1,999,1.0,1,40.0,0.0,38,16.0,141,0.0,100,3.0,1,2,3.0,0.0,2.0,3.0,2,4.0,1,19
0,379.0,21600.0,21600.0,40,21600.0,86,1.0,996,1.0,18.0,38,6.0,1.0,2,5,0,2.0,16,2.0,9000,3.0,0.0,3.0,2.0,9,2.0,0,2.0,1995.0,1,999,1.0,1,84.0,0.0,12,52.0,116,0.0,200,3.0,3,2,2.0,0.0,2.0,5.0,2,2.0,5,18
1,27.0,4300.0,0.0,42,0.0,69,6.0,999,3.0,16.0,38,4.0,1.0,1,3,0,1.0,1,1.0,1000,3.0,4300.0,3.0,1.0,1,1.0,0,3.0,2003.0,1,999,1.0,1,40.0,0.0,38,52.0,50,0.0,200,3.0,4,1,3.0,0.0,2.0,5.0,1,4.0,1,48
1,27.0,4300.0,0.0,42,0.0,69,6.0,999,3.0,16.0,38,6.0,2.0,1,5,0,2.0,1,1.0,1000,2.0,4300.0,2.0,1.0,1,1.0,0,2.0,1995.0,1,999,1.0,1,40.0,0.0,38,52.0,29,0.0,300,1.0,4,1,3.0,0.0,2.0,5.0,2,4.0,1,32
1,379.0,4900.0,4900.0,40,4900.0,86,6.0,999,1.0,17.0,37,6.0,2.0,1,5,0,1.0,16,2.0,9000,2.0,0.0,2.0,2.0,9,2.0,0,2.0,1995.0,1,999,1.0,1,40.0,0.0,48,14.0,62,0.0,300,3.0,4,2,3.0,0.0,2.0,5.0,2,4.0,1,31
0,379.0,50000.0,50000.0,62,50000.0,07,6.0,999,1.0,16.0,37,6.0,1.0,2,5,0,2.0,1,2.0,1000,3.0,0.0,3.0,2.0,1,2.0,0,3.0,1995.0,1,999,1.0,1,40.0,0.0,38,52.0,50,0.0,400,3.0,4,2,3.0,0.0,2.0,5.0,2,4.0,1,34
0,379.0,3300.0,0.0,99,0.0,99,3.0,32,3.0,19.0,38,6.0,2.0,2,5,0,2.0,1,2.0,1000,1.0,0.0,2.0,2.0,1,2.0,0,2.0,1995.0,1,999,9.0,1,40.0,0.0,20,52.0,37,0.0,600,1.0,1,2,3.0,0.0,2.0,1.0,2,4.0,1,19
0,379.0,3000.0,3000.0,52,3000.0,53,6.0,999,1.0,16.0,38,6.0,1.0,2,5,2,2.0,1,2.0,1000,3.0,0.0,3.0,2.0,1,2.0,0,3.0,1995.0,1,999,1.0,1,18.0,0.0,27,26.0,31,0.0,200,1.0,4,2,3.0,0.0,2.0,5.0,2,4.0,1,18
0,379.0,500.0,500.0,40,500.0,86,6.0,999,1.0,19.0,38,6.0,1.0,2,5,0,2.0,29,2.0,9000,3.0,0.0,3.0,2.0,9,2.0,0,3.0,1995.0,1,999,1.0,1,30.0,0.0,38,20.0,120,0.0,600,3.0,4,2,3.0,0.0,2.0,5.0,2,4.0,8,20
0,379.0,19000.0,19000.0,98,19000.0,96,4.0,22,1.0,21.0,38,6.0,1.0,2,5,0,2.0,1,2.0,1000,3.0,0.0,3.0,2.0,1,2.0,0,3.0,1995.0,1,32,5.0,1,40.0,0.0,12,47.0,65,0.0,200,3.0,2,2,3.0,0.0,2.0,5.0,2,1.0,1,23
0,379.0,1000.0,1000.0,01,1000.0,46,6.0,210,1.0,19.0,38,6.0,2.0,2,5,0,2.0,15,2.0,8000,2.0,0.0,2.0,2.0,8,2.0,0,2.0,1995.0,0,999,1.0,1,5.0,0.0,4,13.0,77,0.0,100,1.0,1,2,3.0,0.0,2.0,5.0,2,4.0,2,19
0,379.0,4000.0,4000.0,41,4000.0,86,6.0,32,1.0,19.0,38,6.0,2.0,2,5,0,2.0,1,2.0,1000,2.0,0.0,2.0,2.0,1,2.0,0,2.0,1995.0,1,89,1.0,1,30.0,0.0,27,20.0,101,0.0,500,1.0,2,2,3.0,0.0,2.0,5.0,2,4.0,1,20
0,379.0,0.0,0.0,42,0.0,69,6.0,917,3.0,14.0,37,3.0,1.0,2,2,0,2.0,3,2.0,5013,3.0,0.0,3.0,2.0,3,2.0,1,3.0,2009.0,0,999,1.0,1,40.0,0.0,38,52.0,38,0.0,300,3.0,1,2,3.0,0.0,2.0,5.0,2,4.0,1,43
0,379.0,19200.0,20300.0,72,20300.0,42,1.0,999,1.0,16.0,38,6.0,1.0,2,5,2,2.0,1,2.0,1000,3.0,0.0,3.0,2.0,1,2.0,0,3.0,1995.0,1,999,1.0,1,40.0,0.0,27,52.0,204,-1100.0,400,3.0,4,2,3.0,0.0,2.0,5.0,2,4.0,1,18
0,379.0,11000.0,11000.0,60,11000.0,01,1.0,32,1.0,19.0,38,6.0,1.0,2,5,0,2.0,1,2.0,1000,3.0,0.0,3.0,2.0,1,2.0,0,3.0,1995.0,1,50,1.0,1,35.0,0.0,27,42.0,39,0.0,600,1.0,2,2,3.0,0.0,2.0,5.0,2,4.0,1,22
0,379.0,20000.0,20000.0,96,20000.0,53,6.0,32,1.0,19.0,38,6.0,2.0,2,5,0,2.0,1,2.0,1000,2.0,0.0,2.0,2.0,1,2.0,0,2.0,1995.0,1,999,1.0,1,40.0,0.0,38,24.0,5,0.0,500,3.0,1,2,3.0,0.0,2.0,5.0,2,4.0,1,18
1,186.0,29000.0,18000.0,36,18000.0,82,1.0,171,1.0,16.0,38,6.0,1.0,2,5,0,2.0,1,2.0,1000,3.0,0.0,3.0,2.0,1,2.0,0,3.0,1995.0,1,999,1.0,1,40.0,0.0,38,26.0,51,0.0,100,3.0,1,2,3.0,0.0,2.0,5.0,2,4.0,1,38
1,379.0,3000.0,3000.0,47,3000.0,48,1.0,999,1.0,19.0,38,6.0,1.0,2,5,0,2.0,10,2.0,4025,3.0,0.0,3.0,2.0,6,2.0,0,3.0,1995.0,0,999,1.0,1,18.0,0.0,30,28.0,74,0.0,200,3.0,4,2,3.0,0.0,2.0,5.0,2,4.0,1,20
0,379.0,50000.0,50000.0,42,50000.0,77,6.0,82,1.0,16.0,37,6.0,1.0,2,5,0,2.0,1,2.0,1000,3.0,0.0,3.0,2.0,1,2.0,0,3.0,1995.0,1,999,1.0,1,40.0,0.0,38,52.0,37,0.0,200,3.0,1,2,3.0,0.0,2.0,5.0,2,4.0,1,26
1,85.0,13000.0,13000.0,42,13000.0,85,1.0,999,1.0,17.0,38,6.0,1.0,1,5,0,1.0,1,1.0,1000,3.0,0.0,3.0,2.0,1,2.0,0,3.0,1995.0,1,999,1.0,1,40.0,0.0,12,28.0,23,0.0,400,3.0,4,2,3.0,0.0,2.0,5.0,2,4.0,1,27
0,379.0,5000.0,5000.0,47,5000.0,49,6.0,290,1.0,16.0,38,6.0,1.0,2,5,0,2.0,29,2.0,9000,3.0,0.0,3.0,2.0,9,2.0,0,3.0,1995.0,1,999,1.0,1,10.0,0.0,8,44.0,113,0.0,300,3.0,1,2,3.0,0.0,2.0,5.0,2,4.0,24,18
0,379.0,50000.0,50000.0,62,50000.0,07,6.0,999,1.0,16.0,37,6.0,1.0,2,5,0,2.0,1,2.0,1000,3.0,0.0,3.0,2.0,1,2.0,0,3.0,1995.0,1,999,1.0,1,40.0,0.0,38,52.0,17,0.0,400,3.0,4,2,3.0,0.0,2.0,5.0,2,4.0,1,34
0,379.0,7500.0,7500.0,46,7500.0,84,1.0,999,1.0,16.0,38,6.0,1.0,2,5,0,2.0,1,2.0,1000,3.0,0.0,3.0,2.0,1,2.0,0,3.0,1995.0,1,999,1.0,8,30.0,0.0,501,40.0,80,0.0,200,3.0,4,2,3.0,0.0,2.0,5.0,2,4.0,1,18
0,379.0,3300.0,0.0,99,0.0,99,3.0,32,3.0,19.0,38,6.0,2.0,2,5,0,2.0,1,2.0,1000,1.0,0.0,2.0,2.0,1,2.0,0,2.0,1995.0,1,999,9.0,1,40.0,0.0,20,52.0,119,0.0,600,1.0,1,2,3.0,0.0,2.0,1.0,2,4.0,1,19
1,27.0,4300.0,0.0,42,0.0,69,6.0,999,3.0,16.0,38,4.0,1.0,1,3,0,1.0,1,1.0,1000,3.0,4300.0,3.0,1.0,1,1.0,0,3.0,2003.0,1,999,1.0,1,40.0,0.0,38,52.0,43,0.0,500,3.0,4,1,3.0,0.0,2.0,5.0,1,4.0,1,48
0,379.0,3270.0,2900.0,62,2900.0,07,6.0,999,1.0,16.0,37,6.0,1.0,2,5,0,2.0,3,2.0,5025,3.0,0.0,3.0,2.0,5,2.0,1,3.0,1995.0,0,999,1.0,1,25.0,0.0,38,40.0,2,0.0,200,3.0,4,2,3.0,0.0,2.0,5.0,2,4.0,1,30
1,27.0,4300.0,0.0,36,0.0,81,6.0,999,2.0,16.0,38,6.0,2.0,1,5,0,1.0,1,1.0,1000,2.0,4300.0,2.0,1.0,1,1.0,0,2.0,1995.0,1,999,1.0,1,40.0,0.0,38,52.0,24,0.0,300,1.0,4,1,3.0,0.0,2.0,5.0,2,4.0,1,23
1,186.0,29000.0,18000.0,36,18000.0,82,1.0,171,1.0,19.0,38,6.0,1.0,2,5,0,2.0,1,2.0,1000,3.0,0.0,3.0,2.0,1,2.0,0,3.0,1995.0,1,999,1.0,1,40.0,0.0,38,26.0,31,0.0,500,3.0,1,2,3.0,0.0,2.0,5.0,2,4.0,1,38
0,379.0,920.0,920.0,60,920.0,01,6.0,32,1.0,19.0,38,6.0,2.0,2,5,0,2.0,1,2.0,1000,2.0,0.0,2.0,2.0,1,2.0,0,2.0,1995.0,1,22,1.0,1,20.0,0.0,27,11.0,70,0.0,500,1.0,2,2,3.0,0.0,2.0,5.0,2,4.0,1,19
0,176.0,27500.0,27500.0,62,0.0,01,1.0,3,1.0,16.0,38,2.0,1.0,2,1,0,2.0,1,2.0,1000,3.0,0.0,3.0,2.0,1,2.0,0,3.0,2014.0,1,32,6.0,1,40.0,0.0,46,52.0,34,0.0,300,1.0,2,2,3.0,0.0,2.0,5.0,2,4.0,1,34
0,379.0,4500.0,4500.0,40,4500.0,86,1.0,32,1.0,19.0,38,6.0,1.0,2,5,0,2.0,1,2.0,1000,3.0,0.0,3.0,2.0,1,2.0,0,3.0,1995.0,1,148,1.0,1,25.0,0.0,27,24.0,17,0.0,300,1.0,2,2,3.0,0.0,2.0,5.0,2,4.0,1,20
0,379.0,3300.0,0.0,99,0.0,99,3.0,999,3.0,18.0,38,6.0,1.0,2,5,0,2.0,1,2.0,1000,3.0,0.0,3.0,2.0,1,2.0,0,3.0,1995.0,1,999,9.0,1,40.0,0.0,27,52.0,211,0.0,600,3.0,4,2,3.0,0.0,2.0,5.0,2,4.0,1,18
0,379.0,2000.0,2000.0,47,2000.0,48,6.0,999,1.0,18.0,38,6.0,1.0,2,5,0,2.0,1,2.0,1000,3.0,0.0,3.0,2.0,1,2.0,0,3.0,1995.0,1,999,1.0,1,15.0,0.0,27,8.0,53,0.0,600,3.0,4,2,3.0,0.0,2.0,5.0,2,4.0,1,19
1,54.0,8600.0,0.0,42,0.0,69,6.0,999,3.0,16.0,38,2.0,2.0,1,1,0,1.0,1,1.0,1000,2.0,8600.0,2.0,1.0,1,1.0,0,2.0,2014.0,1,999,1.0,1,40.0,0.0,38,52.0,45,0.0,600,1.0,4,2,3.0,0.0,2.0,5.0,2,4.0,1,58
1,27.0,4300.0,0.0,42,0.0,69,6.0,999,3.0,16.0,38,6.0,2.0,1,5,0,2.0,1,1.0,1000,2.0,4300.0,2.0,1.0,1,1.0,0,2.0,1995.0,1,999,1.0,1,40.0,0.0,38,52.0,247,0.0,300,1.0,4,1,3.0,0.0,2.0,5.0,2,4.0,1,32
0,379.0,5000.0,5000.0,52,2000.0,78,1.0,98,1.0,19.0,38,6.0,1.0,2,5,0,2.0,1,2.0,1000,3.0,0.0,3.0,2.0,1,2.0,0,3.0,1995.0,1,32,4.0,1,9.0,0.0,27,52.0,35,0.0,600,1.0,2,2,3.0,0.0,2.0,5.0,2,4.0,1,20
0,379.0,4300.0,0.0,42,0.0,69,6.0,999,3.0,15.0,37,6.0,1.0,1,5,0,1.0,1,1.0,1000,3.0,4300.0,3.0,2.0,1,2.0,0,3.0,1995.0,1,999,1.0,1,40.0,0.0,38,52.0,3,0.0,300,1.0,4,2,3.0,0.0,2.0,5.0,2,4.0,1,19
0,379.0,9000.0,9000.0,40,9000.0,86,1.0,32,1.0,19.0,38,6.0,1.0,2,5,0,2.0,1,2.0,1000,3.0,0.0,3.0,2.0,1,2.0,0,3.0,1995.0,1,51,1.0,1,20.0,0.0,27,52.0,69,0.0,500,1.0,2,2,3.0,0.0,2.0,5.0,2,4.0,1,21
1,379.0,17000.0,0.0,42,0.0,69,6.0,999,3.0,19.0,37,6.0,1.0,1,5,0,1.0,1,1.0,1000,3.0,8500.0,3.0,1.0,1,1.0,0,3.0,1995.0,1,999,1.0,1,40.0,8500.0,38,52.0,20,0.0,400,3.0,4,2,3.0,0.0,2.0,5.0,2,4.0,1,36
0,379.0,11500.0,11500.0,59,11500.0,78,1.0,32,1.0,19.0,38,6.0,1.0,2,5,0,2.0,1,2.0,1000,3.0,0.0,3.0,2.0,1,2.0,0,3.0,1995.0,1,999,4.0,1,12.0,0.0,27,52.0,14,0.0,500,1.0,1,2,3.0,0.0,2.0,5.0,2,4.0,1,19
0,379.0,3000.0,3000.0,46,3000.0,78,1.0,32,1.0,19.0,38,6.0,1.0,2,5,2,2.0,1,2.0,1000,3.0,0.0,3.0,2.0,1,2.0,0,3.0,1995.0,1,88,4.0,1,25.0,0.0,38,44.0,9,0.0,500,1.0,2,2,3.0,0.0,2.0,5.0,2,4.0,1,20
0,379.0,3500.0,3500.0,41,3500.0,85,1.0,999,1.0,19.0,38,6.0,1.0,2,5,0,2.0,2,2.0,3000,3.0,0.0,3.0,2.0,2,2.0,0,3.0,1995.0,0,999,1.0,1,15.0,0.0,1,30.0,24,0.0,400,1.0,4,2,3.0,0.0,2.0,5.0,2,4.0,1,19
1,189.0,28800.0,28800.0,94,28800.0,87,1.0,920,1.0,19.0,38,4.0,1.0,1,3,0,2.0,3,1.0,5025,3.0,0.0,3.0,1.0,5,1.0,1,3.0,1995.0,0,999,1.0,1,40.0,0.0,38,28.0,18,0.0,400,3.0,1,2,3.0,0.0,2.0,5.0,2,4.0,1,51
0,379.0,2000.0,2000.0,47,2000.0,48,6.0,999,1.0,18.0,38,6.0,1.0,2,5,0,2.0,1,2.0,1000,3.0,0.0,3.0,2.0,1,2.0,0,3.0,1995.0,1,999,1.0,1,15.0,0.0,27,8.0,135,0.0,600,3.0,4,2,3.0,0.0,2.0,5.0,2,4.0,1,19
0,379.0,0.0,0.0,42,0.0,69,6.0,999,3.0,18.0,38,6.0,1.0,2,5,0,2.0,1,2.0,1000,3.0,0.0,3.0,2.0,1,2.0,0,3.0,1995.0,1,999,1.0,1,40.0,0.0,27,52.0,58,0.0,600,3.0,4,2,3.0,0.0,2.0,5.0,2,4.0,1,18
1,379.0,4300.0,0.0,42,0.0,69,6.0,999,3.0,15.0,37,6.0,1.0,1,5,0,1.0,1,1.0,1000,3.0,4300.0,3.0,2.0,1,1.0,0,3.0,1995.0,1,999,1.0,1,40.0,0.0,38,52.0,7,0.0,600,1.0,4,2,3.0,0.0,2.0,5.0,2,4.0,1,19
1,379.0,28000.0,28000.0,62,28000.0,07,6.0,999,1.0,12.0,37,3.0,1.0,2,2,0,2.0,3,2.0,5013,3.0,0.0,3.0,2.0,3,2.0,1,3.0,2020.0,0,999,1.0,1,44.0,0.0,38,28.0,98,0.0,400,3.0,4,2,3.0,0.0,2.0,5.0,2,4.0,1,37
0,379.0,32000.0,32000.0,60,32000.0,01,6.0,999,1.0,18.0,38,6.0,1.0,2,5,2,2.0,1,2.0,1000,3.0,0.0,3.0,2.0,1,2.0,0,3.0,1995.0,1,999,1.0,1,75.0,0.0,38,24.0,31,0.0,300,3.0,4,2,3.0,0.0,2.0,5.0,2,4.0,1,19
0,379.0,0.0,0.0,40,0.0,86,6.0,999,2.0,19.0,38,6.0,1.0,2,5,0,2.0,1,2.0,1000,3.0,0.0,3.0,2.0,1,2.0,0,3.0,1995.0,1,999,1.0,1,40.0,0.0,27,52.0,36,0.0,600,1.0,4,2,3.0,0.0,2.0,5.0,2,4.0,1,21
1,27.0,4300.0,0.0,42,0.0,69,6.0,999,3.0,16.0,38,6.0,2.0,1,5,0,2.0,1,1.0,1000,2.0,4300.0,2.0,1.0,1,1.0,0,2.0,1995.0,1,999,1.0,1,40.0,0.0,38,52.0,85,0.0,300,1.0,4,1,3.0,0.0,2.0,5.0,2,4.0,1,32
1,9.0,1400.0,0.0,42,0.0,69,6.0,999,3.0,16.0,38,6.0,2.0,1,5,0,1.0,1,1.0,1000,2.0,0.0,2.0,2.0,1,1.0,0,2.0,1995.0,1,999,1.0,1,40.0,1400.0,38,52.0,24,0.0,400,3.0,4,2,3.0,0.0,2.0,5.0,2,4.0,1,63
1,379.0,13200.0,0.0,42,0.0,69,6.0,917,3.0,15.0,37,6.0,1.0,1,5,0,1.0,3,1.0,5013,3.0,0.0,3.0,1.0,3,1.0,1,3.0,1995.0,0,999,1.0,1,40.0,13200.0,17,52.0,100,0.0,300,1.0,1,2,3.0,0.0,2.0,5.0,2,4.0,1,54
1,183.0,28800.0,28800.0,94,28800.0,87,1.0,920,1.0,16.0,38,2.0,1.0,2,1,0,2.0,3,2.0,5013,3.0,0.0,3.0,2.0,3,2.0,1,3.0,2022.0,0,999,1.0,1,40.0,0.0,27,28.0,31,0.0,500,3.0,1,2,3.0,0.0,2.0,5.0,2,4.0,1,28
1,58.0,9000.0,0.0,42,0.0,94,6.0,32,2.0,17.0,38,6.0,2.0,1,5,0,1.0,1,1.0,1000,2.0,0.0,2.0,2.0,1,2.0,0,2.0,1995.0,1,999,4.0,1,40.0,9000.0,38,52.0,15,0.0,300,1.0,1,2,3.0,0.0,2.0,5.0,2,4.0,1,55
0,379.0,7000.0,7000.0,96,7000.0,49,6.0,22,1.0,16.0,38,6.0,2.0,2,5,2,2.0,1,2.0,1000,2.0,0.0,2.0,2.0,1,2.0,0,2.0,1995.0,1,32,1.0,1,32.0,0.0,49,38.0,32,0.0,300,3.0,2,2,3.0,0.0,2.0,5.0,2,4.0,1,18
0,379.0,600.0,600.0,40,600.0,86,6.0,999,1.0,19.0,38,6.0,1.0,2,5,2,2.0,1,2.0,1000,3.0,0.0,3.0,2.0,1,2.0,0,3.0,1995.0,1,999,1.0,1,30.0,0.0,38,20.0,158,0.0,600,1.0,4,2,3.0,0.0,2.0,5.0,2,4.0,1,22
1,27.0,4300.0,0.0,36,0.0,81,6.0,999,2.0,16.0,38,6.0,2.0,1,5,0,1.0,1,1.0,1000,2.0,4300.0,2.0,1.0,1,1.0,0,2.0,1995.0,1,999,1.0,1,40.0,0.0,38,52.0,21,0.0,300,1.0,4,1,3.0,0.0,2.0,5.0,2,4.0,1,23
1,379.0,4300.0,0.0,42,0.0,69,6.0,999,3.0,15.0,37,6.0,1.0,1,5,0,1.0,1,1.0,1000,3.0,4300.0,3.0,2.0,1,1.0,0,3.0,1995.0,1,999,1.0,1,40.0,0.0,38,52.0,8,0.0,600,1.0,4,2,3.0,0.0,2.0,5.0,2,4.0,1,19
1,379.0,0.0,0.0,42,0.0,69,6.0,999,3.0,16.0,37,6.0,1.0,2,5,0,2.0,2,2.0,3000,3.0,0.0,3.0,2.0,2,2.0,0,3.0,1995.0,0,999,1.0,1,40.0,0.0,12,52.0,43,0.0,400,1.0,4,2,3.0,0.0,2.0,5.0,2,4.0,1,41
0,379.0,26000.0,26000.0,64,26000.0,07,6.0,999,1.0,14.0,37,6.0,1.0,2,5,0,2.0,1,2.0,1000,3.0,0.0,3.0,2.0,1,2.0,0,3.0,1995.0,1,999,1.0,1,40.0,0.0,38,52.0,12,0.0,500,3.0,4,2,3.0,0.0,2.0,5.0,2,4.0,1,35
1,0.0,0.0,0.0,42,0.0,69,6.0,998,3.0,19.0,38,6.0,2.0,2,5,0,2.0,1,2.0,1000,2.0,0.0,2.0,2.0,1,2.0,0,2.0,1995.0,1,999,1.0,1,40.0,0.0,34,52.0,53,0.0,300,1.0,1,2,3.0,0.0,2.0,5.0,2,4.0,1,47
1,27.0,4300.0,0.0,42,0.0,69,6.0,999,3.0,16.0,38,4.0,1.0,1,3,0,1.0,1,1.0,1000,3.0,4300.0,3.0,1.0,1,1.0,0,3.0,2003.0,1,999,1.0,1,40.0,0.0,38,52.0,16,0.0,400,3.0,4,1,3.0,0.0,2.0,5.0,1,4.0,1,48
0,379.0,27100.0,27100.0,38,27100.0,96,4.0,235,1.0,19.0,38,6.0,1.0,2,5,0,2.0,1,2.0,1000,2.0,0.0,3.0,2.0,1,2.0,0,3.0,1995.0,1,51,5.0,1,60.0,0.0,50,52.0,117,0.0,200,1.0,2,2,3.0,0.0,2.0,5.0,2,1.0,17,21
0,379.0,0.0,0.0,42,0.0,69,6.0,999,3.0,19.0,38,6.0,1.0,2,5,0,2.0,83,2.0,9000,3.0,0.0,3.0,2.0,9,2.0,0,3.0,1995.0,1,999,1.0,1,40.0,0.0,8,52.0,116,0.0,300,1.0,4,2,3.0,0.0,2.0,5.0,2,4.0,24,23
0,379.0,0.0,0.0,27,0.0,85,6.0,999,2.0,16.0,38,6.0,1.0,2,5,0,2.0,1,2.0,1000,3.0,0.0,3.0,2.0,1,2.0,0,3.0,1995.0,1,999,3.0,1,40.0,0.0,38,52.0,7,0.0,500,3.0,4,2,3.0,0.0,2.0,5.0,2,4.0,1,19
0,379.0,9500.0,9500.0,46,9500.0,82,1.0,999,1.0,18.0,38,6.0,1.0,2,5,0,2.0,1,2.0,1000,3.0,0.0,3.0,2.0,1,2.0,0,3.0,1995.0,1,999,1.0,1,25.0,0.0,38,52.0,98,0.0,600,3.0,4,2,3.0,0.0,2.0,5.0,2,4.0,1,19
0,379.0,19200.0,20300.0,72,20300.0,42,1.0,82,1.0,16.0,38,6.0,1.0,2,5,0,2.0,1,2.0,1000,3.0,0.0,3.0,2.0,1,2.0,0,3.0,1995.0,1,32,1.0,1,40.0,0.0,38,52.0,132,-1100.0,400,3.0,2,2,3.0,0.0,2.0,5.0,2,4.0,1,19
0,379.0,3000.0,3000.0,96,3000.0,49,6.0,917,1.0,18.0,38,6.0,2.0,2,5,0,2.0,3,2.0,5002,2.0,0.0,2.0,2.0,3,2.0,1,2.0,1995.0,0,999,3.0,1,30.0,0.0,46,12.0,7,0.0,300,3.0,1,2,3.0,0.0,2.0,5.0,2,4.0,1,22
0,379.0,7000.0,7000.0,96,7000.0,49,6.0,22,1.0,16.0,38,6.0,2.0,2,5,2,2.0,1,2.0,1000,2.0,0.0,2.0,2.0,1,2.0,0,2.0,1995.0,1,32,1.0,1,32.0,0.0,49,38.0,120,0.0,300,3.0,2,2,3.0,0.0,2.0,5.0,2,4.0,1,18
0,379.0,7200.0,7200.0,46,7200.0,86,6.0,32,1.0,19.0,38,6.0,2.0,2,5,0,2.0,1,2.0,1000,2.0,0.0,2.0,2.0,1,2.0,0,2.0,1995.0,1,50,1.0,1,40.0,0.0,27,12.0,130,0.0,300,3.0,2,2,3.0,0.0,2.0,5.0,2,4.0,1,18
0,379.0,8100.0,8100.0,41,8100.0,86,1.0,32,1.0,18.0,38,6.0,1.0,2,5,0,2.0,1,2.0,1000,3.0,0.0,3.0,2.0,1,2.0,0,3.0,1995.0,1,999,1.0,1,25.0,0.0,27,44.0,123,0.0,500,3.0,1,2,3.0,0.0,2.0,5.0,2,4.0,1,19
0,379.0,50000.0,50000.0,62,50000.0,07,6.0,226,1.0,16.0,37,2.0,1.0,2,1,0,2.0,15,2.0,8000,3.0,0.0,3.0,2.0,8,2.0,0,3.0,2017.0,0,999,1.0,3,40.0,0.0,312,52.0,79,0.0,300,1.0,1,2,3.0,0.0,2.0,5.0,2,4.0,11,49
0,379.0,12500.0,10000.0,96,10000.0,49,6.0,32,1.0,19.0,38,6.0,2.0,2,5,0,2.0,1,2.0,1000,2.0,0.0,2.0,2.0,1,2.0,0,2.0,1995.0,1,999,1.0,1,33.0,0.0,27,26.0,94,0.0,600,3.0,1,2,3.0,0.0,2.0,5.0,2,4.0,1,18
0,379.0,2700.0,2700.0,41,2700.0,81,1.0,82,1.0,16.0,38,6.0,1.0,2,5,0,2.0,1,2.0,1000,3.0,0.0,3.0,2.0,1,2.0,0,3.0,1995.0,1,999,1.0,1,20.0,0.0,38,16.0,59,0.0,600,3.0,1,2,3.0,0.0,2.0,5.0,2,4.0,1,19
0,379.0,8000.0,8000.0,15,8000.0,72,6.0,999,1.0,19.0,38,6.0,1.0,2,5,0,2.0,1,2.0,1000,3.0,0.0,3.0,2.0,1,2.0,0,3.0,1995.0,1,999,1.0,1,50.0,0.0,38,12.0,81,0.0,600,1.0,4,2,3.0,0.0,2.0,5.0,2,4.0,1,19
0,379.0,10000.0,10000.0,23,10000.0,39,6.0,32,1.0,19.0,38,6.0,2.0,2,5,0,2.0,1,2.0,1000,2.0,0.0,2.0,2.0,1,2.0,0,2.0,1995.0,1,999,1.0,1,40.0,0.0,27,10.0,14,0.0,500,1.0,1,2,3.0,0.0,2.0,5.0,2,4.0,1,20
0,379.0,8400.0,8400.0,96,8400.0,63,6.0,902,1.0,16.0,37,6.0,2.0,2,5,0,2.0,2,2.0,3000,2.0,0.0,2.0,2.0,2,2.0,0,2.0,1995.0,0,999,1.0,6,20.0,0.0,454,27.0,52,0.0,300,3.0,1,2,3.0,0.0,2.0,5.0,2,4.0,1,23
0,379.0,19200.0,20300.0,72,20300.0,42,1.0,82,1.0,16.0,38,6.0,1.0,2,5,0,2.0,1,2.0,1000,3.0,0.0,3.0,2.0,1,2.0,0,3.0,1995.0,1,32,1.0,1,40.0,0.0,38,52.0,97,-1100.0,400,3.0,2,2,3.0,0.0,2.0,5.0,2,4.0,1,19
0,379.0,5500.0,5500.0,77,5000.0,38,6.0,51,1.0,19.0,38,6.0,2.0,2,5,0,2.0,1,2.0,1000,2.0,0.0,2.0,2.0,1,2.0,0,2.0,1995.0,1,32,1.0,1,30.0,0.0,27,13.0,38,0.0,600,1.0,2,2,3.0,0.0,2.0,5.0,2,4.0,1,19
0,379.0,19000.0,19000.0,98,19000.0,96,4.0,22,1.0,21.0,38,6.0,1.0,2,5,0,2.0,1,2.0,1000,3.0,0.0,3.0,2.0,1,2.0,0,3.0,1995.0,1,32,5.0,1,40.0,0.0,12,47.0,86,0.0,200,3.0,2,2,3.0,0.0,2.0,5.0,2,1.0,1,23
0,379.0,12000.0,12000.0,91,12000.0,83,6.0,51,1.0,18.0,38,6.0,2.0,2,5,0,2.0,1,2.0,1000,2.0,0.0,2.0,2.0,1,2.0,0,2.0,1995.0,1,999,1.0,1,15.0,0.0,8,20.0,9,0.0,500,3.0,1,2,3.0,0.0,2.0,5.0,2,4.0,1,19
0,379.0,3000.0,3000.0,40,3000.0,86,1.0,999,1.0,19.0,38,6.0,1.0,2,5,2,2.0,1,2.0,1000,3.0,0.0,3.0,2.0,1,2.0,0,3.0,1995.0,1,999,1.0,1,28.0,0.0,4,16.0,14,0.0,400,1.0,4,2,3.0,0.0,2.0,5.0,2,4.0,1,21
0,379.0,12000.0,12000.0,63,12000.0,07,6.0,931,1.0,16.0,38,6.0,2.0,2,5,0,2.0,1,2.0,1000,2.0,0.0,2.0,2.0,1,2.0,0,2.0,1995.0,1,999,1.0,7,35.0,0.0,301,40.0,7,0.0,500,2.0,1,2,3.0,0.0,2.0,5.0,2,4.0,1,18
1,27.0,4300.0,0.0,42,0.0,69,6.0,996,3.0,1.0,38,6.0,2.0,2,5,0,2.0,3,2.0,5013,3.0,4300.0,3.0,2.0,3,2.0,1,3.0,1995.0,0,999,1.0,1,40.0,0.0,27,52.0,25,0.0,600,3.0,3,2,3.0,0.0,2.0,5.0,2,4.0,1,41
0,379.0,5900.0,7000.0,36,7000.0,82,1.0,999,1.0,19.0,38,6.0,1.0,2,5,2,2.0,1,2.0,1000,3.0,0.0,3.0,2.0,1,2.0,0,3.0,1995.0,1,999,1.0,1,25.0,0.0,27,26.0,137,-1100.0,600,1.0,4,2,3.0,0.0,2.0,5.0,2,4.0,1,20
1,379.0,4300.0,0.0,42,0.0,69,6.0,999,3.0,15.0,37,6.0,1.0,1,5,0,1.0,1,1.0,1000,3.0,4300.0,3.0,2.0,1,1.0,0,3.0,1995.0,1,999,1.0,1,40.0,0.0,38,52.0,16,0.0,300,1.0,4,2,3.0,0.0,2.0,5.0,2,4.0,1,19
0,379.0,4200.0,4200.0,42,4200.0,93,6.0,902,1.0,16.0,37,6.0,1.0,2,5,0,2.0,2,2.0,3000,3.0,0.0,3.0,2.0,2,2.0,0,3.0,1995.0,0,999,3.0,1,56.0,0.0,27,52.0,46,0.0,300,1.0,1,2,3.0,0.0,2.0,5.0,2,4.0,1,28
0,501.0,145000.0,145000.0,81,0.0,01,1.0,3,1.0,11.0,38,6.0,1.0,2,5,0,2.0,1,2.0,1000,3.0,0.0,3.0,2.0,1,2.0,0,3.0,1995.0,1,32,6.0,1,40.0,0.0,46,52.0,189,0.0,400,1.0,2,2,3.0,0.0,2.0,5.0,2,4.0,1,27
1,186.0,29000.0,18000.0,36,18000.0,82,1.0,171,1.0,19.0,38,6.0,1.0,2,5,0,2.0,1,2.0,1000,3.0,0.0,3.0,2.0,1,2.0,0,3.0,1995.0,1,999,1.0,1,40.0,0.0,38,26.0,24,0.0,100,3.0,1,2,3.0,0.0,2.0,5.0,2,4.0,1,38
0,379.0,5000.0,5000.0,36,5000.0,82,1.0,999,1.0,19.0,38,6.0,1.0,2,5,0,2.0,1,2.0,1000,3.0,0.0,3.0,2.0,1,2.0,0,3.0,1995.0,1,999,1.0,1,35.0,0.0,27,40.0,104,0.0,400,1.0,4,2,3.0,0.0,2.0,5.0,2,4.0,1,19
0,379.0,5500.0,5500.0,77,5000.0,38,6.0,999,1.0,19.0,38,6.0,1.0,2,5,0,2.0,1,2.0,1000,3.0,0.0,3.0,2.0,1,2.0,0,3.0,1995.0,1,999,1.0,1,30.0,0.0,20,13.0,43,0.0,600,1.0,4,2,3.0,0.0,2.0,5.0,2,4.0,1,19
0,379.0,6000.0,6000.0,23,6000.0,92,1.0,32,1.0,19.0,38,6.0,1.0,2,5,0,2.0,1,2.0,1000,3.0,0.0,3.0,2.0,1,2.0,0,3.0,1995.0,1,148,1.0,1,15.0,0.0,38,52.0,17,0.0,300,1.0,2,2,3.0,0.0,2.0,5.0,2,4.0,1,21
0,379.0,1200.0,1200.0,36,1200.0,81,1.0,32,1.0,19.0,38,6.0,1.0,2,5,2,2.0,1,2.0,1000,3.0,0.0,3.0,2.0,1,2.0,0,3.0,1995.0,1,999,2.0,1,15.0,0.0,46,36.0,18,0.0,300,1.0,1,2,3.0,0.0,2.0,5.0,2,4.0,1,21
1,183.0,28800.0,28800.0,94,28800.0,87,1.0,920,1.0,14.0,38,2.0,1.0,2,1,0,2.0,3,2.0,5013,3.0,0.0,3.0,2.0,3,2.0,1,3.0,2022.0,0,999,1.0,1,40.0,0.0,27,28.0,20,0.0,600,3.0,1,2,3.0,0.0,2.0,5.0,2,4.0,1,28
0,379.0,9000.0,9000.0,40,9000.0,86,1.0,32,1.0,19.0,38,6.0,1.0,2,5,0,2.0,1,2.0,1000,3.0,0.0,3.0,2.0,1,2.0,0,3.0,1995.0,1,51,1.0,1,20.0,0.0,27,52.0,14,0.0,500,1.0,2,2,3.0,0.0,2.0,5.0,2,4.0,1,21
1,9.0,1400.0,0.0,42,0.0,69,6.0,999,3.0,16.0,38,6.0,2.0,1,5,0,1.0,1,1.0,1000,2.0,0.0,2.0,2.0,1,1.0,0,2.0,1995.0,1,999,1.0,1,40.0,1400.0,38,52.0,32,0.0,400,3.0,4,2,3.0,0.0,2.0,5.0,2,4.0,1,63
0,379.0,4500.0,4500.0,39,4500.0,85,1.0,999,1.0,16.0,38,6.0,1.0,2,5,2,2.0,1,2.0,1000,3.0,0.0,3.0,2.0,1,2.0,0,3.0,1995.0,1,999,3.0,1,20.0,0.0,38,15.0,102,0.0,600,3.0,4,2,3.0,0.0,2.0,5.0,2,4.0,1,18
0,379.0,8100.0,8100.0,41,8100.0,86,1.0,32,1.0,18.0,38,6.0,1.0,2,5,0,2.0,1,2.0,1000,3.0,0.0,3.0,2.0,1,2.0,0,3.0,1995.0,1,999,1.0,1,25.0,0.0,27,44.0,180,0.0,500,3.0,1,2,3.0,0.0,2.0,5.0,2,4.0,1,19
0,379.0,6700.0,6700.0,46,0.0,92,6.0,82,1.0,19.0,38,6.0,2.0,2,5,0,2.0,1,2.0,1000,2.0,0.0,2.0,2.0,1,2.0,0,2.0,1995.0,1,999,6.0,1,10.0,0.0,38,48.0,18,0.0,500,1.0,1,2,3.0,0.0,2.0,5.0,2,4.0,1,21
0,379.0,5100.0,5100.0,40,5100.0,94,1.0,82,1.0,19.0,38,6.0,1.0,2,5,0,2.0,1,2.0,1000,3.0,0.0,3.0,2.0,1,2.0,0,3.0,1995.0,1,999,4.0,1,20.0,0.0,38,47.0,326,0.0,500,3.0,1,2,3.0,0.0,2.0,5.0,2,4.0,1,19
0,379.0,11200.0,11200.0,91,11200.0,86,6.0,50,1.0,19.0,38,6.0,2.0,2,5,0,2.0,1,2.0,1000,2.0,0.0,2.0,2.0,1,2.0,0,2.0,1995.0,1,999,1.0,1,30.0,0.0,6,32.0,55,0.0,400,1.0,1,2,3.0,0.0,2.0,5.0,2,4.0,1,19
0,379.0,3000.0,3000.0,49,3000.0,53,6.0,32,1.0,18.0,38,6.0,2.0,2,5,0,2.0,1,2.0,1000,2.0,0.0,2.0,2.0,1,2.0,0,2.0,1995.0,1,82,1.0,1,15.0,0.0,38,8.0,80,0.0,600,3.0,2,2,3.0,0.0,2.0,5.0,2,4.0,1,19
0,379.0,1500.0,1500.0,41,1500.0,86,6.0,51,1.0,18.0,38,6.0,2.0,2,5,0,2.0,1,2.0,1000,2.0,0.0,2.0,2.0,1,2.0,0,2.0,1995.0,1,999,1.0,1,15.0,0.0,26,12.0,8,0.0,500,3.0,1,2,3.0,0.0,2.0,5.0,2,4.0,1,19
1,379.0,0.0,0.0,42,0.0,69,6.0,999,3.0,14.0,37,6.0,1.0,1,5,0,1.0,1,1.0,1000,3.0,0.0,3.0,2.0,1,2.0,0,3.0,1995.0,1,999,1.0,1,40.0,0.0,38,52.0,18,0.0,200,3.0,4,2,3.0,0.0,2.0,5.0,2,4.0,1,55
0,379.0,15000.0,15000.0,38,15000.0,94,1.0,32,1.0,19.0,38,6.0,1.0,2,5,0,2.0,1,2.0,1000,3.0,0.0,3.0,2.0,1,2.0,0,3.0,1995.0,1,999,4.0,1,25.0,0.0,38,38.0,9,0.0,400,1.0,1,2,3.0,0.0,2.0,5.0,2,4.0,1,22
0,379.0,11200.0,11200.0,91,11200.0,86,6.0,50,1.0,19.0,38,6.0,2.0,2,5,0,2.0,1,2.0,1000,2.0,0.0,2.0,2.0,1,2.0,0,2.0,1995.0,1,999,1.0,1,30.0,0.0,6,32.0,39,0.0,400,1.0,1,2,3.0,0.0,2.0,5.0,2,4.0,1,19
0,379.0,12000.0,12000.0,41,10000.0,86,6.0,999,1.0,16.0,38,6.0,1.0,2,5,0,2.0,1,2.0,1000,3.0,0.0,3.0,2.0,1,2.0,0,3.0,1995.0,1,999,1.0,1,10.0,0.0,38,36.0,42,0.0,400,3.0,4,2,3.0,0.0,2.0,5.0,2,4.0,1,18
0,379.0,1500.0,1500.0,04,1500.0,70,6.0,996,1.0,12.0,37,6.0,1.0,2,5,0,2.0,3,2.0,5025,3.0,0.0,3.0,2.0,5,2.0,1,3.0,1995.0,0,999,1.0,1,40.0,0.0,38,16.0,54,0.0,600,3.0,3,2,3.0,0.0,2.0,5.0,2,4.0,1,43
0,379.0,2400.0,2400.0,42,2400.0,76,6.0,999,1.0,16.0,37,6.0,1.0,2,5,0,2.0,3,2.0,5013,3.0,0.0,3.0,2.0,3,2.0,1,3.0,1995.0,0,999,1.0,1,16.0,0.0,31,52.0,28,0.0,200,3.0,4,2,3.0,0.0,2.0,5.0,2,4.0,1,20
0,501.0,145000.0,145000.0,81,0.0,01,1.0,3,1.0,11.0,38,6.0,1.0,2,5,0,2.0,1,2.0,1000,3.0,0.0,3.0,2.0,1,2.0,0,3.0,1995.0,1,32,6.0,1,40.0,0.0,46,52.0,26,0.0,400,1.0,2,2,3.0,0.0,2.0,5.0,2,4.0,1,27
0,147.0,23100.0,23100.0,96,23100.0,26,1.0,32,1.0,11.0,38,2.0,1.0,2,1,0,2.0,1,2.0,1000,3.0,0.0,3.0,2.0,1,2.0,0,3.0,1996.0,1,999,8.0,1,40.0,0.0,46,52.0,47,0.0,600,1.0,1,2,3.0,0.0,2.0,5.0,2,4.0,1,51
0,379.0,1300.0,1300.0,41,1300.0,86,6.0,999,1.0,16.0,38,6.0,1.0,2,5,0,2.0,1,2.0,1000,3.0,0.0,3.0,2.0,1,2.0,0,3.0,1995.0,1,999,1.0,1,22.0,0.0,38,36.0,49,0.0,400,3.0,4,2,3.0,0.0,2.0,5.0,2,4.0,1,18
0,379.0,8000.0,8000.0,41,8000.0,86,6.0,22,1.0,16.0,38,6.0,2.0,2,5,0,2.0,29,2.0,9000,2.0,0.0,2.0,2.0,9,2.0,0,2.0,1995.0,1,918,1.0,7,15.0,0.0,301,35.0,57,0.0,400,2.0,2,2,3.0,0.0,2.0,5.0,2,4.0,1,21
1,379.0,0.0,0.0,42,0.0,69,6.0,999,3.0,14.0,37,6.0,1.0,1,5,0,1.0,1,1.0,1000,3.0,0.0,3.0,2.0,1,2.0,0,3.0,1995.0,1,999,1.0,1,40.0,0.0,38,52.0,26,0.0,400,3.0,4,2,3.0,0.0,2.0,5.0,2,4.0,1,55
0,379.0,7600.0,7600.0,40,7600.0,86,1.0,32,1.0,19.0,38,6.0,1.0,2,5,0,2.0,1,2.0,1000,2.0,0.0,2.0,2.0,1,2.0,0,3.0,1995.0,1,50,1.0,1,15.0,0.0,21,46.0,131,0.0,300,1.0,2,2,2.0,0.0,2.0,3.0,2,4.0,1,22
1,0.0,0.0,0.0,42,0.0,69,6.0,998,3.0,16.0,38,6.0,2.0,2,5,0,2.0,1,2.0,1000,2.0,0.0,2.0,2.0,1,2.0,0,2.0,1995.0,1,999,1.0,1,40.0,0.0,34,52.0,185,0.0,400,1.0,1,2,3.0,0.0,2.0,5.0,2,4.0,1,47
1,61.0,9700.0,0.0,42,0.0,69,6.0,999,3.0,16.0,38,6.0,1.0,1,5,0,1.0,1,1.0,1000,3.0,0.0,3.0,1.0,1,1.0,0,3.0,1995.0,1,999,1.0,1,40.0,9700.0,38,52.0,16,0.0,400,1.0,4,2,3.0,0.0,2.0,5.0,2,4.0,1,52
0,379.0,7000.0,7000.0,46,7000.0,78,1.0,32,1.0,19.0,38,6.0,1.0,2,5,0,2.0,1,2.0,1000,3.0,0.0,3.0,2.0,1,2.0,0,3.0,1995.0,1,999,4.0,1,10.0,0.0,46,52.0,189,0.0,300,1.0,1,2,3.0,0.0,2.0,5.0,2,4.0,1,19
0,379.0,8900.0,10000.0,98,10000.0,96,4.0,210,1.0,16.0,38,6.0,1.0,2,5,0,2.0,15,2.0,8000,3.0,0.0,3.0,2.0,8,2.0,0,3.0,1995.0,0,999,5.0,1,84.0,0.0,48,15.0,144,-1100.0,200,3.0,1,2,3.0,0.0,2.0,5.0,2,1.0,2,18
1,0.0,0.0,0.0,42,0.0,69,6.0,999,3.0,16.0,38,4.0,2.0,1,3,0,1.0,1,1.0,1000,2.0,0.0,2.0,1.0,1,2.0,0,2.0,2008.0,1,999,1.0,1,40.0,0.0,39,52.0,69,0.0,500,1.0,4,2,3.0,0.0,2.0,5.0,2,4.0,1,42
0,379.0,1500.0,1500.0,20,1500.0,83,1.0,999,1.0,19.0,38,6.0,1.0,2,5,2,2.0,1,2.0,1000,3.0,0.0,3.0,2.0,1,2.0,0,3.0,1995.0,1,999,2.0,1,10.0,0.0,30,24.0,51,0.0,300,1.0,4,2,3.0,0.0,2.0,5.0,2,4.0,1,20
0,379.0,1000.0,1000.0,27,1000.0,85,1.0,795,1.0,19.0,38,6.0,1.0,2,5,2,2.0,10,2.0,4025,3.0,0.0,3.0,2.0,6,2.0,0,3.0,1995.0,0,999,1.0,1,10.0,0.0,32,2.0,133,0.0,400,3.0,1,2,3.0,0.0,2.0,5.0,2,4.0,1,21
0,379.0,0.0,0.0,96,0.0,45,6.0,999,2.0,14.0,37,6.0,1.0,2,5,0,2.0,2,2.0,3000,3.0,0.0,3.0,2.0,2,2.0,0,3.0,1995.0,0,999,1.0,1,40.0,0.0,38,52.0,71,0.0,600,3.0,4,2,3.0,0.0,2.0,5.0,2,4.0,1,24
0,379.0,48000.0,48000.0,45,48000.0,86,6.0,308,1.0,17.0,37,6.0,1.0,2,5,0,2.0,2,2.0,3000,3.0,0.0,3.0,2.0,2,2.0,0,3.0,1995.0,0,999,1.0,1,30.0,0.0,12,52.0,77,0.0,500,3.0,1,2,3.0,0.0,2.0,5.0,2,4.0,1,36
0,379.0,4500.0,4500.0,52,3500.0,85,3.0,999,1.0,16.0,38,6.0,1.0,2,5,0,2.0,1,2.0,1000,3.0,0.0,3.0,2.0,1,2.0,0,3.0,1995.0,1,999,1.0,1,40.0,0.0,6,12.0,80,0.0,600,3.0,4,2,3.0,0.0,2.0,5.0,2,4.0,1,18
1,379.0,0.0,0.0,42,0.0,69,6.0,999,3.0,16.0,37,4.0,1.0,1,3,0,1.0,1,1.0,1000,3.0,0.0,3.0,1.0,1,2.0,0,3.0,2002.0,1,999,1.0,1,40.0,0.0,38,52.0,17,0.0,400,3.0,4,2,3.0,0.0,2.0,5.0,2,2.0,1,65
0,379.0,2400.0,2400.0,42,2400.0,76,6.0,999,1.0,17.0,37,6.0,1.0,2,5,0,2.0,3,2.0,5013,3.0,0.0,3.0,2.0,3,2.0,1,3.0,1995.0,0,999,1.0,1,16.0,0.0,31,52.0,91,0.0,100,3.0,4,2,3.0,0.0,2.0,5.0,2,4.0,1,20
1,33.0,5200.0,5200.0,77,5200.0,35,6.0,142,1.0,18.0,38,3.0,2.0,2,2,0,2.0,1,2.0,1000,2.0,0.0,2.0,2.0,1,2.0,0,3.0,2017.0,1,50,1.0,1,20.0,0.0,47,52.0,42,0.0,100,3.0,2,2,2.0,0.0,2.0,5.0,2,4.0,1,32
0,176.0,27500.0,27500.0,62,0.0,01,1.0,3,1.0,16.0,38,2.0,1.0,2,1,0,2.0,1,2.0,1000,3.0,0.0,3.0,2.0,1,2.0,0,3.0,2015.0,1,32,6.0,1,40.0,0.0,46,52.0,31,0.0,400,1.0,2,2,3.0,0.0,2.0,5.0,2,4.0,1,33
0,379.0,1000.0,1000.0,01,1000.0,46,6.0,210,1.0,18.0,38,6.0,2.0,2,5,0,2.0,15,2.0,8000,2.0,0.0,2.0,2.0,8,2.0,0,2.0,1995.0,0,999,1.0,1,5.0,0.0,4,13.0,86,0.0,100,1.0,1,2,3.0,0.0,2.0,5.0,2,4.0,2,19
0,379.0,19200.0,20300.0,72,20300.0,42,1.0,999,1.0,19.0,38,6.0,1.0,2,5,2,2.0,1,2.0,1000,3.0,0.0,3.0,2.0,1,2.0,0,3.0,1995.0,1,999,1.0,1,40.0,0.0,27,52.0,101,-1100.0,400,3.0,4,2,3.0,0.0,2.0,5.0,2,4.0,1,18
0,176.0,27500.0,27500.0,62,0.0,01,1.0,3,1.0,12.0,38,2.0,1.0,2,1,0,2.0,1,2.0,1000,3.0,0.0,3.0,2.0,1,2.0,0,3.0,2015.0,1,32,6.0,1,40.0,0.0,46,52.0,15,0.0,400,1.0,2,2,3.0,0.0,2.0,5.0,2,4.0,1,33
1,379.0,5400.0,0.0,42,0.0,69,6.0,917,3.0,17.0,37,6.0,1.0,1,5,0,1.0,17,2.0,9000,1.0,5400.0,3.0,2.0,9,2.0,1,3.0,1995.0,1,999,1.0,1,40.0,0.0,38,52.0,63,0.0,300,3.0,1,2,3.0,0.0,2.0,1.0,2,4.0,1,31
0,379.0,4300.0,4300.0,96,4300.0,49,6.0,935,1.0,18.0,38,6.0,2.0,2,5,2,2.0,1,2.0,1000,1.0,0.0,2.0,2.0,1,2.0,0,2.0,1995.0,1,999,1.0,1,15.0,0.0,38,46.0,31,0.0,300,1.0,1,2,3.0,0.0,2.0,3.0,2,4.0,1,19
0,379.0,18500.0,18500.0,64,18500.0,07,6.0,999,1.0,16.0,37,6.0,1.0,2,5,0,2.0,1,2.0,1000,3.0,0.0,3.0,2.0,1,2.0,0,3.0,1995.0,1,999,1.0,1,40.0,0.0,38,52.0,2,0.0,200,3.0,4,2,3.0,0.0,2.0,5.0,2,4.0,1,35
0,379.0,3000.0,3000.0,36,3000.0,82,6.0,89,1.0,19.0,38,6.0,2.0,2,5,0,2.0,1,2.0,1000,2.0,0.0,2.0,2.0,1,2.0,0,2.0,1995.0,1,999,1.0,4,40.0,0.0,207,12.0,148,0.0,400,1.0,1,2,3.0,0.0,2.0,5.0,2,4.0,1,21
1,54.0,8600.0,0.0,42,0.0,69,6.0,999,3.0,16.0,38,2.0,2.0,1,1,0,1.0,1,1.0,1000,2.0,8600.0,2.0,1.0,1,1.0,0,2.0,2014.0,1,999,1.0,1,40.0,0.0,38,52.0,50,0.0,600,1.0,4,2,3.0,0.0,2.0,5.0,2,4.0,1,58
1,379.0,16800.0,0.0,42,0.0,69,6.0,999,3.0,21.0,37,4.0,1.0,1,3,0,1.0,1,1.0,1000,3.0,0.0,3.0,1.0,1,1.0,0,3.0,1995.0,1,999,1.0,1,40.0,0.0,36,52.0,49,0.0,300,1.0,4,2,3.0,0.0,2.0,5.0,2,4.0,1,54
1,379.0,28000.0,28000.0,62,28000.0,07,6.0,917,1.0,13.0,37,6.0,1.0,2,5,0,2.0,3,2.0,5013,3.0,0.0,3.0,2.0,3,2.0,1,3.0,1995.0,0,999,1.0,1,44.0,0.0,38,28.0,44,0.0,400,3.0,1,2,3.0,0.0,2.0,5.0,2,4.0,1,28
1,379.0,16800.0,0.0,42,0.0,69,6.0,999,3.0,21.0,37,4.0,1.0,1,3,0,1.0,1,1.0,1000,3.0,0.0,3.0,1.0,1,1.0,0,3.0,1995.0,1,999,1.0,1,40.0,0.0,36,52.0,104,0.0,300,1.0,4,2,3.0,0.0,2.0,5.0,2,4.0,1,54
0,379.0,10000.0,10000.0,47,10000.0,53,6.0,999,1.0,18.0,38,6.0,2.0,2,5,0,2.0,1,2.0,1000,2.0,0.0,2.0,2.0,1,2.0,0,2.0,1995.0,1,999,1.0,1,20.0,0.0,46,28.0,77,0.0,600,3.0,4,2,3.0,0.0,2.0,5.0,2,4.0,1,19
0,379.0,8000.0,8000.0,41,8000.0,86,6.0,999,1.0,19.0,38,6.0,1.0,2,5,2,2.0,1,2.0,1000,3.0,0.0,3.0,2.0,1,2.0,0,3.0,1995.0,1,999,1.0,1,15.0,0.0,38,35.0,39,0.0,200,1.0,4,2,3.0,0.0,2.0,5.0,2,4.0,1,21
0,379.0,16400.0,16400.0,60,16400.0,01,1.0,999,1.0,18.0,38,6.0,1.0,2,5,2,2.0,1,2.0,1000,3.0,0.0,3.0,2.0,1,2.0,0,3.0,1995.0,1,999,1.0,1,38.0,0.0,38,48.0,32,0.0,300,3.0,4,2,3.0,0.0,2.0,5.0,2,4.0,1,18
0,379.0,3300.0,0.0,99,0.0,99,3.0,999,3.0,18.0,38,6.0,1.0,2,5,0,2.0,1,2.0,1000,3.0,0.0,3.0,2.0,1,2.0,0,3.0,1995.0,1,999,9.0,1,40.0,0.0,27,52.0,69,0.0,600,3.0,4,2,3.0,0.0,2.0,5.0,2,4.0,1,18
1,379.0,28000.0,28000.0,62,28000.0,07,6.0,999,1.0,17.0,37,6.0,1.0,2,5,0,2.0,1,2.0,1000,3.0,0.0,3.0,2.0,1,2.0,0,3.0,1995.0,1,999,1.0,1,44.0,0.0,6,28.0,51,0.0,400,1.0,4,2,3.0,0.0,2.0,5.0,2,4.0,1,29
1,379.0,21600.0,21600.0,42,21600.0,78,6.0,999,1.0,17.0,37,6.0,1.0,2,5,0,2.0,1,2.0,1000,3.0,0.0,3.0,2.0,1,2.0,0,3.0,1995.0,1,999,3.0,1,30.0,0.0,18,52.0,52,0.0,400,1.0,4,2,3.0,0.0,2.0,5.0,2,4.0,1,21
0,379.0,7500.0,7500.0,46,7500.0,84,1.0,999,1.0,16.0,38,6.0,1.0,2,5,0,2.0,1,2.0,1000,3.0,0.0,3.0,2.0,1,2.0,0,3.0,1995.0,1,999,1.0,8,30.0,0.0,501,40.0,191,0.0,200,3.0,4,2,3.0,0.0,2.0,5.0,2,4.0,1,18
0,379.0,10000.0,10000.0,47,10000.0,53,6.0,999,1.0,18.0,38,6.0,2.0,2,5,0,2.0,1,2.0,1000,2.0,0.0,2.0,2.0,1,2.0,0,2.0,1995.0,1,999,1.0,1,20.0,0.0,46,28.0,113,0.0,600,3.0,4,2,3.0,0.0,2.0,5.0,2,4.0,1,19
0,379.0,7000.0,7000.0,46,7000.0,78,1.0,32,1.0,19.0,38,6.0,1.0,2,5,0,2.0,1,2.0,1000,3.0,0.0,3.0,2.0,1,2.0,0,3.0,1995.0,1,999,4.0,1,10.0,0.0,46,52.0,112,0.0,300,1.0,1,2,3.0,0.0,2.0,5.0,2,4.0,1,19
0,379.0,9000.0,9000.0,34,9000.0,74,1.0,32,1.0,19.0,38,6.0,1.0,2,5,0,2.0,1,2.0,1000,3.0,0.0,3.0,2.0,1,2.0,0,3.0,1995.0,1,50,1.0,1,15.0,0.0,38,52.0,18,0.0,300,1.0,2,2,3.0,0.0,2.0,5.0,2,4.0,1,20
1,379.0,42000.0,42000.0,42,42000.0,93,6.0,999,1.0,16.0,37,6.0,1.0,2,5,0,2.0,1,2.0,1000,3.0,0.0,3.0,2.0,1,2.0,0,3.0,1995.0,1,999,3.0,1,40.0,0.0,38,52.0,60,0.0,300,1.0,4,2,3.0,0.0,2.0,5.0,2,4.0,1,58
0,379.0,9600.0,9600.0,81,9600.0,88,6.0,32,1.0,16.0,38,6.0,2.0,2,5,2,2.0,1,2.0,1000,2.0,0.0,2.0,2.0,1,2.0,0,2.0,1995.0,1,999,1.0,1,40.0,0.0,38,16.0,55,0.0,100,3.0,1,2,3.0,0.0,2.0,3.0,2,4.0,1,19
0,379.0,400.0,400.0,27,400.0,85,1.0,795,1.0,19.0,38,6.0,1.0,2,5,2,2.0,10,2.0,4025,3.0,0.0,3.0,2.0,6,2.0,0,3.0,1995.0,0,999,1.0,1,10.0,0.0,32,2.0,40,0.0,400,3.0,1,2,3.0,0.0,2.0,5.0,2,4.0,1,21
0,379.0,6000.0,6000.0,23,6000.0,92,1.0,999,1.0,19.0,38,6.0,1.0,2,5,0,2.0,1,2.0,1000,3.0,0.0,3.0,2.0,1,2.0,0,3.0,1995.0,1,999,1.0,1,15.0,0.0,27,52.0,36,0.0,600,1.0,4,2,3.0,0.0,2.0,5.0,2,4.0,1,20
0,379.0,10800.0,10800.0,03,10800.0,86,6.0,920,1.0,13.0,37,6.0,1.0,2,5,0,2.0,3,2.0,5013,3.0,0.0,3.0,2.0,3,2.0,1,3.0,1995.0,0,999,1.0,1,60.0,0.0,38,8.0,55,0.0,300,3.0,1,2,3.0,0.0,2.0,5.0,2,4.0,1,26
0,379.0,5000.0,5000.0,36,5000.0,82,1.0,999,1.0,19.0,38,6.0,1.0,2,5,0,2.0,1,2.0,1000,3.0,0.0,3.0,2.0,1,2.0,0,3.0,1995.0,1,999,1.0,1,35.0,0.0,27,40.0,214,0.0,400,1.0,4,2,3.0,0.0,2.0,5.0,2,4.0,1,19
1,189.0,28800.0,28800.0,94,28800.0,87,1.0,920,1.0,16.0,38,2.0,1.0,2,1,0,2.0,3,2.0,5025,3.0,0.0,3.0,2.0,5,2.0,1,3.0,2014.0,0,999,1.0,1,40.0,0.0,38,28.0,93,0.0,200,3.0,1,2,3.0,0.0,2.0,5.0,2,4.0,1,39
0,379.0,1500.0,1500.0,42,1500.0,78,6.0,32,1.0,16.0,37,6.0,1.0,2,5,0,2.0,1,2.0,1000,3.0,0.0,3.0,2.0,1,2.0,0,3.0,1995.0,1,999,3.0,1,30.0,0.0,38,52.0,46,0.0,300,1.0,1,2,3.0,0.0,2.0,5.0,2,4.0,1,23
0,379.0,15000.0,15000.0,60,15000.0,01,1.0,32,1.0,18.0,38,6.0,1.0,2,5,0,2.0,1,2.0,1000,3.0,0.0,3.0,2.0,1,2.0,0,3.0,1995.0,1,148,1.0,1,50.0,0.0,38,52.0,26,0.0,400,3.0,2,2,3.0,0.0,2.0,5.0,2,4.0,1,19
1,0.0,0.0,0.0,42,0.0,69,6.0,999,3.0,16.0,38,4.0,2.0,1,3,0,1.0,1,1.0,1000,2.0,0.0,2.0,1.0,1,2.0,0,2.0,2009.0,1,999,1.0,1,40.0,0.0,39,52.0,26,0.0,600,1.0,4,2,3.0,0.0,2.0,5.0,2,4.0,1,41
1,103.0,16100.0,0.0,42,0.0,69,6.0,999,3.0,7.0,38,6.0,2.0,1,5,0,1.0,1,1.0,1000,2.0,16100.0,2.0,1.0,1,1.0,0,2.0,1995.0,1,999,1.0,1,40.0,0.0,38,52.0,36,0.0,400,1.0,4,2,3.0,0.0,2.0,5.0,2,4.0,1,36
0,147.0,23100.0,23100.0,96,23100.0,26,1.0,32,1.0,11.0,38,2.0,1.0,2,1,0,2.0,1,2.0,1000,3.0,0.0,3.0,2.0,1,2.0,0,3.0,1996.0,1,999,8.0,1,40.0,0.0,46,52.0,29,0.0,100,1.0,1,2,3.0,0.0,2.0,5.0,2,4.0,1,51
0,379.0,5050.0,5050.0,35,5000.0,78,1.0,82,1.0,19.0,38,6.0,1.0,2,5,0,2.0,1,2.0,1000,3.0,0.0,3.0,2.0,1,2.0,0,3.0,1995.0,1,999,4.0,1,15.0,0.0,27,40.0,82,0.0,600,1.0,1,2,3.0,0.0,2.0,5.0,2,4.0,1,19
1,379.0,3000.0,3000.0,47,3000.0,48,1.0,999,1.0,19.0,38,6.0,1.0,2,5,0,2.0,10,2.0,4025,3.0,0.0,3.0,2.0,6,2.0,0,3.0,1995.0,0,999,1.0,1,18.0,0.0,30,28.0,27,0.0,200,3.0,4,2,3.0,0.0,2.0,5.0,2,4.0,1,20
0,379.0,48000.0,48000.0,45,48000.0,86,6.0,308,1.0,17.0,37,6.0,1.0,2,5,0,2.0,2,2.0,3000,3.0,0.0,3.0,2.0,2,2.0,0,3.0,1995.0,0,999,1.0,1,30.0,0.0,12,52.0,9,0.0,500,3.0,1,2,3.0,0.0,2.0,5.0,2,4.0,1,35
1,379.0,0.0,0.0,96,0.0,53,6.0,917,2.0,16.0,37,6.0,2.0,2,5,0,2.0,3,2.0,5013,2.0,0.0,2.0,2.0,3,2.0,1,2.0,1995.0,0,999,1.0,1,40.0,0.0,27,52.0,55,0.0,300,1.0,1,2,2.0,0.0,2.0,5.0,2,4.0,1,22
0,379.0,10000.0,10000.0,45,10000.0,78,1.0,553,1.0,16.0,38,6.0,1.0,2,5,0,2.0,2,2.0,3000,2.0,0.0,2.0,2.0,2,2.0,0,2.0,1995.0,0,999,4.0,6,20.0,0.0,440,52.0,68,0.0,100,2.0,1,2,3.0,0.0,2.0,5.0,2,4.0,1,19
0,379.0,1000.0,1000.0,44,1000.0,78,1.0,50,1.0,19.0,38,6.0,1.0,2,5,0,2.0,1,2.0,1000,3.0,0.0,3.0,2.0,1,2.0,0,3.0,1995.0,1,999,2.0,1,10.0,0.0,26,52.0,60,0.0,300,1.0,1,2,3.0,0.0,2.0,5.0,2,4.0,1,19
1,379.0,0.0,0.0,42,0.0,69,6.0,999,3.0,14.0,37,6.0,1.0,1,5,0,1.0,1,1.0,1000,3.0,0.0,3.0,2.0,1,2.0,0,3.0,1995.0,1,999,1.0,1,40.0,0.0,38,52.0,18,0.0,200,3.0,4,2,3.0,0.0,2.0,5.0,2,4.0,1,55
1,379.0,0.0,0.0,42,0.0,69,6.0,917,3.0,12.0,37,3.0,1.0,2,2,0,2.0,3,2.0,5013,3.0,0.0,3.0,2.0,3,2.0,1,3.0,2016.0,0,999,1.0,1,40.0,0.0,38,52.0,52,0.0,400,3.0,1,2,3.0,0.0,2.0,5.0,2,4.0,1,38
0,379.0,4500.0,4500.0,52,3500.0,85,3.0,32,1.0,19.0,38,6.0,2.0,2,5,0,2.0,1,2.0,1000,1.0,0.0,2.0,2.0,1,2.0,0,2.0,1995.0,1,22,1.0,1,40.0,0.0,27,12.0,143,0.0,600,3.0,2,2,3.0,0.0,2.0,1.0,2,4.0,1,19
0,379.0,8000.0,8000.0,46,8000.0,85,1.0,32,1.0,18.0,38,6.0,1.0,2,5,0,2.0,1,2.0,1000,3.0,0.0,3.0,2.0,1,2.0,0,3.0,1995.0,1,999,3.0,1,15.0,0.0,38,50.0,131,0.0,300,3.0,1,2,3.0,0.0,2.0,5.0,2,4.0,1,18
0,379.0,10000.0,10000.0,72,7000.0,87,6.0,82,1.0,18.0,38,6.0,2.0,2,5,0,2.0,1,2.0,1000,2.0,0.0,2.0,2.0,1,2.0,0,2.0,1995.0,1,999,1.0,1,20.0,0.0,27,40.0,98,0.0,600,3.0,1,2,3.0,0.0,2.0,5.0,2,4.0,1,18
0,379.0,5000.0,0.0,42,0.0,69,6.0,26,3.0,18.0,38,6.0,2.0,2,5,2,2.0,1,2.0,1000,2.0,0.0,2.0,2.0,1,2.0,0,2.0,1995.0,1,999,1.0,7,40.0,0.0,301,52.0,67,5000.0,100,2.0,1,2,3.0,0.0,2.0,5.0,2,4.0,1,20
0,379.0,15000.0,15000.0,38,15000.0,94,1.0,999,1.0,19.0,38,6.0,1.0,2,5,0,2.0,2,2.0,3000,3.0,0.0,3.0,2.0,2,2.0,0,3.0,1995.0,0,999,4.0,1,16.0,0.0,1,52.0,14,0.0,500,3.0,4,2,3.0,0.0,2.0,5.0,2,4.0,1,21
1,379.0,28000.0,28000.0,62,28000.0,07,6.0,999,1.0,12.0,37,3.0,1.0,2,2,0,2.0,3,2.0,5013,3.0,0.0,3.0,2.0,3,2.0,1,3.0,2020.0,0,999,1.0,1,44.0,0.0,38,28.0,43,0.0,400,3.0,4,2,3.0,0.0,2.0,5.0,2,4.0,1,37
0,379.0,10000.0,10000.0,19,10000.0,78,1.0,32,1.0,19.0,38,6.0,1.0,2,5,0,2.0,1,2.0,1000,3.0,0.0,3.0,2.0,1,2.0,0,3.0,1995.0,1,999,2.0,1,10.0,0.0,27,52.0,9,0.0,400,1.0,1,2,3.0,0.0,2.0,5.0,2,4.0,1,22
0,379.0,1000.0,1000.0,44,1000.0,78,1.0,50,1.0,19.0,38,6.0,1.0,2,5,0,2.0,1,2.0,1000,3.0,0.0,3.0,2.0,1,2.0,0,3.0,1995.0,1,999,2.0,1,10.0,0.0,26,52.0,141,0.0,300,1.0,1,2,3.0,0.0,2.0,5.0,2,4.0,1,19
1,33.0,5200.0,5200.0,77,5200.0,35,6.0,142,1.0,18.0,38,3.0,2.0,2,2,0,2.0,1,2.0,1000,2.0,0.0,2.0,2.0,1,2.0,0,3.0,2017.0,1,50,1.0,1,20.0,0.0,47,52.0,47,0.0,200,3.0,2,2,2.0,0.0,2.0,5.0,2,4.0,1,32
0,379.0,15000.0,15000.0,38,15000.0,94,1.0,999,1.0,19.0,38,6.0,1.0,2,5,0,2.0,2,2.0,3000,3.0,0.0,3.0,2.0,2,2.0,0,3.0,1995.0,0,999,4.0,1,16.0,0.0,1,52.0,169,0.0,500,3.0,4,2,3.0,0.0,2.0,5.0,2,4.0,1,21
1,379.0,15000.0,15000.0,40,15000.0,86,1.0,999,1.0,18.0,38,6.0,1.0,2,5,0,2.0,1,2.0,1000,3.0,0.0,3.0,2.0,1,2.0,0,3.0,1995.0,1,999,1.0,1,30.0,0.0,38,52.0,89,0.0,600,3.0,4,2,3.0,0.0,2.0,5.0,2,4.0,1,18
0,379.0,25000.0,13000.0,89,13000.0,23,1.0,32,1.0,19.0,38,6.0,1.0,2,5,0,2.0,1,2.0,1000,3.0,0.0,3.0,2.0,1,2.0,0,3.0,1995.0,1,82,1.0,1,25.0,0.0,27,40.0,172,12000.0,600,3.0,2,2,3.0,0.0,2.0,5.0,2,4.0,1,18
1,379.0,9600.0,0.0,42,0.0,69,6.0,999,3.0,19.0,37,6.0,1.0,1,5,0,1.0,1,2.0,1000,3.0,0.0,3.0,2.0,1,1.0,0,3.0,1995.0,1,999,1.0,1,40.0,9600.0,38,52.0,19,0.0,500,1.0,4,2,3.0,0.0,2.0,5.0,2,2.0,1,59
1,379.0,28000.0,28000.0,62,28000.0,07,6.0,999,1.0,17.0,37,2.0,1.0,2,1,0,2.0,1,2.0,1000,3.0,0.0,3.0,2.0,1,2.0,0,3.0,2022.0,1,999,1.0,1,44.0,0.0,38,28.0,46,0.0,400,1.0,4,2,3.0,0.0,2.0,5.0,2,4.0,1,33
0,355.0,3000.0,3000.0,42,0.0,76,1.0,32,1.0,18.0,20,1.0,1.0,2,1,1,2.0,1,2.0,1000,3.0,0.0,3.0,2.0,1,2.0,0,3.0,1987.0,1,82,6.0,1,10.0,0.0,38,52.0,28,0.0,400,1.0,2,2,3.0,0.0,2.0,5.0,2,4.0,1,61
0,355.0,68400.0,45600.0,02,0.0,01,1.0,82,1.0,16.0,21,1.0,1.0,2,1,1,2.0,1,2.0,1000,3.0,0.0,3.0,2.0,1,2.0,0,3.0,1987.0,1,32,6.0,1,45.0,0.0,38,52.0,16,0.0,400,1.0,2,2,3.0,0.0,2.0,5.0,2,4.0,1,64
0,272.0,43000.0,43000.0,59,43000.0,75,1.0,917,1.0,21.0,20,4.0,1.0,2,3,0,2.0,3,2.0,5013,3.0,0.0,3.0,2.0,3,2.0,1,3.0,1994.0,0,999,1.0,1,40.0,0.0,38,52.0,115,0.0,300,1.0,1,2,3.0,0.0,2.0,5.0,2,4.0,1,62
0,501.0,150000.0,150000.0,11,150000.0,73,1.0,82,1.0,22.0,21,1.0,1.0,2,1,0,2.0,1,2.0,1000,3.0,0.0,3.0,2.0,1,2.0,0,3.0,2009.0,1,999,1.0,1,40.0,0.0,6,52.0,116,0.0,600,1.0,1,2,3.0,0.0,2.0,5.0,2,4.0,1,38
1,154.0,13800.0,13800.0,58,13800.0,01,1.0,50,1.0,19.0,20,1.0,1.0,2,1,0,2.0,1,2.0,1000,3.0,0.0,3.0,2.0,1,2.0,0,3.0,2005.0,1,999,1.0,1,16.0,0.0,41,52.0,76,0.0,500,1.0,1,2,3.0,0.0,2.0,5.0,2,4.0,1,40
1,154.0,32000.0,32000.0,60,32000.0,01,3.0,82,1.0,19.0,21,1.0,2.0,2,1,0,2.0,1,2.0,1000,3.0,0.0,1.0,2.0,1,2.0,0,3.0,2005.0,1,999,1.0,1,50.0,0.0,38,32.0,66,0.0,500,1.0,1,2,1.0,0.0,2.0,1.0,2,4.0,1,39
0,501.0,83900.0,54500.0,04,42000.0,63,1.0,32,1.0,21.0,20,1.0,1.0,1,1,0,2.0,1,2.0,1000,3.0,0.0,3.0,2.0,1,2.0,0,3.0,1991.0,1,999,5.0,1,35.0,0.0,38,52.0,19,10000.0,100,1.0,1,2,3.0,0.0,2.0,5.0,1,2.0,1,60
0,501.0,58000.0,48000.0,23,48000.0,78,1.0,77,1.0,21.0,21,1.0,1.0,2,1,0,2.0,1,2.0,1000,3.0,0.0,3.0,2.0,1,2.0,0,3.0,1991.0,1,999,3.0,1,40.0,0.0,27,52.0,13,10000.0,100,1.0,1,2,3.0,0.0,2.0,5.0,2,4.0,1,62
0,387.0,68000.0,68000.0,52,68000.0,73,1.0,939,1.0,19.0,20,1.0,1.0,2,1,0,2.0,1,2.0,1000,3.0,0.0,3.0,2.0,1,2.0,0,3.0,2009.0,1,999,1.0,1,40.0,0.0,38,52.0,152,0.0,600,1.0,1,2,3.0,0.0,2.0,5.0,2,4.0,1,45
0,387.0,50000.0,50000.0,00,50000.0,68,1.0,939,1.0,20.0,21,1.0,1.0,2,1,0,2.0,1,2.0,1000,2.0,0.0,2.0,2.0,1,2.0,0,2.0,2009.0,1,999,1.0,1,40.0,0.0,6,52.0,104,0.0,600,1.0,1,2,2.0,0.0,2.0,5.0,2,4.0,1,45
0,455.0,72000.0,72000.0,77,72000.0,31,1.0,999,1.0,16.0,20,6.0,1.0,2,5,0,2.0,2,2.0,3000,3.0,0.0,3.0,2.0,2,2.0,0,3.0,1995.0,0,999,1.0,6,40.0,0.0,448,52.0,316,0.0,500,1.0,4,2,3.0,0.0,2.0,5.0,2,4.0,1,38
1,9.0,1500.0,0.0,42,0.0,76,6.0,999,2.0,16.0,20,6.0,2.0,2,5,0,2.0,1,2.0,1000,2.0,0.0,2.0,2.0,1,2.0,0,2.0,1995.0,1,999,1.0,1,40.0,0.0,23,52.0,119,0.0,500,1.0,4,2,3.0,0.0,2.0,5.0,2,4.0,1,49
0,297.0,60000.0,60000.0,48,10000.0,69,1.0,32,1.0,19.0,20,6.0,1.0,2,5,0,2.0,1,2.0,1000,3.0,0.0,3.0,2.0,1,2.0,0,3.0,1995.0,1,999,7.0,1,55.0,0.0,38,52.0,136,0.0,400,1.0,1,2,3.0,0.0,2.0,5.0,2,4.0,1,28
0,157.0,24000.0,24000.0,45,0.0,89,1.0,32,1.0,20.0,22,6.0,1.0,2,5,2,2.0,1,2.0,1000,3.0,0.0,3.0,2.0,1,2.0,0,3.0,1995.0,1,999,6.0,1,30.0,0.0,38,52.0,176,0.0,400,1.0,1,2,3.0,0.0,2.0,5.0,2,4.0,1,29
0,439.0,73800.0,68000.0,04,68000.0,69,1.0,32,1.0,20.0,20,1.0,1.0,2,1,0,2.0,1,2.0,1000,3.0,0.0,3.0,2.0,1,2.0,0,3.0,1979.0,1,50,1.0,1,40.0,0.0,38,52.0,67,0.0,600,1.0,2,2,3.0,0.0,2.0,5.0,2,4.0,1,64
0,439.0,15100.0,0.0,02,0.0,01,6.0,82,2.0,21.0,21,1.0,2.0,1,1,0,2.0,1,2.0,1000,2.0,0.0,2.0,2.0,1,2.0,0,2.0,1979.0,1,999,1.0,1,40.0,15100.0,38,52.0,63,0.0,600,1.0,1,2,3.0,0.0,2.0,5.0,1,4.0,1,65
1,216.0,61200.0,54000.0,91,50000.0,63,1.0,88,1.0,20.0,20,1.0,1.0,1,1,0,2.0,1,2.0,1000,3.0,0.0,3.0,2.0,1,2.0,0,3.0,2007.0,1,999,1.0,1,35.0,0.0,19,52.0,24,7200.0,400,1.0,1,1,3.0,0.0,2.0,5.0,2,4.0,1,56
1,216.0,0.0,0.0,42,0.0,93,6.0,32,2.0,16.0,21,1.0,2.0,2,1,0,2.0,1,2.0,1000,2.0,0.0,2.0,2.0,1,2.0,0,2.0,2007.0,1,939,3.0,1,40.0,0.0,38,52.0,25,0.0,400,1.0,2,2,3.0,0.0,2.0,5.0,2,4.0,1,52
0,408.0,63800.0,0.0,42,0.0,78,6.0,82,2.0,18.0,20,4.0,2.0,1,3,2,2.0,1,2.0,1000,2.0,11000.0,2.0,2.0,1,2.0,0,2.0,2000.0,1,999,4.0,1,40.0,1200.0,30,52.0,116,0.0,100,1.0,1,2,2.0,0.0,2.0,3.0,1,4.0,1,63
0,301.0,60150.0,60000.0,77,60000.0,39,1.0,88,1.0,20.0,20,1.0,1.0,2,1,0,2.0,1,2.0,1000,3.0,0.0,3.0,2.0,1,2.0,0,3.0,1990.0,1,999,1.0,1,40.0,0.0,38,52.0,14,150.0,400,1.0,1,2,3.0,0.0,2.0,5.0,2,4.0,1,56
0,301.0,17000.0,10000.0,47,10000.0,52,1.0,32,1.0,20.0,21,1.0,1.0,2,1,0,2.0,1,2.0,1000,3.0,0.0,3.0,2.0,1,2.0,0,3.0,1990.0,1,21,1.0,1,40.0,0.0,27,52.0,13,7000.0,400,1.0,2,2,3.0,0.0,2.0,5.0,2,4.0,1,58
0,301.0,30000.0,30000.0,51,30000.0,68,1.0,999,1.0,20.0,25,6.0,1.0,2,5,0,2.0,1,2.0,1000,3.0,0.0,3.0,2.0,1,2.0,0,3.0,1995.0,1,999,1.0,1,35.0,0.0,38,52.0,1,0.0,400,1.0,4,2,3.0,0.0,2.0,5.0,2,4.0,1,23
0,301.0,7000.0,0.0,64,0.0,07,6.0,999,2.0,20.0,25,6.0,2.0,2,5,0,2.0,1,2.0,1000,2.0,0.0,2.0,2.0,1,2.0,0,2.0,1995.0,1,999,1.0,1,40.0,0.0,38,52.0,2,0.0,400,1.0,4,2,3.0,0.0,2.0,5.0,2,4.0,1,20
0,501.0,3600.0,3600.0,60,3600.0,01,1.0,939,1.0,16.0,20,1.0,1.0,2,1,2,2.0,1,2.0,1000,3.0,0.0,3.0,2.0,1,2.0,0,3.0,1981.0,1,999,1.0,1,15.0,0.0,38,52.0,31,0.0,200,1.0,1,2,3.0,0.0,2.0,5.0,2,4.0,1,62
0,244.0,27000.0,27000.0,98,27000.0,96,4.0,210,1.0,18.0,20,1.0,1.0,2,1,0,2.0,29,2.0,9000,3.0,0.0,3.0,2.0,9,2.0,0,3.0,2021.0,1,999,5.0,1,41.0,0.0,48,52.0,229,0.0,200,1.0,1,2,3.0,0.0,2.0,5.0,2,1.0,2,21
0,244.0,32000.0,32000.0,46,32000.0,84,1.0,210,1.0,20.0,21,1.0,1.0,2,1,0,2.0,29,2.0,9000,3.0,0.0,3.0,2.0,9,2.0,0,3.0,2021.0,1,999,5.0,1,40.0,0.0,48,52.0,142,0.0,200,1.0,1,2,3.0,0.0,2.0,5.0,2,4.0,2,21
1,72.0,12000.0,12000.0,68,12000.0,04,1.0,22,1.0,20.0,20,1.0,1.0,2,1,0,2.0,1,2.0,1000,3.0,0.0,2.0,2.0,1,2.0,0,1.0,2022.0,1,924,1.0,1,48.0,0.0,48,36.0,19,0.0,200,1.0,2,2,3.0,0.0,1.0,5.0,2,4.0,1,35
1,72.0,5500.0,5500.0,20,5500.0,91,1.0,999,1.0,19.0,21,1.0,1.0,2,1,0,2.0,1,2.0,1000,2.0,0.0,3.0,2.0,1,2.0,0,3.0,2022.0,1,999,2.0,1,25.0,0.0,39,19.0,18,0.0,200,1.0,4,2,3.0,0.0,1.0,5.0,2,4.0,1,25
0,392.0,50000.0,50000.0,73,50000.0,01,1.0,999,1.0,17.0,20,1.0,1.0,1,1,0,1.0,1,2.0,1000,3.0,0.0,3.0,2.0,1,2.0,0,3.0,2018.0,1,999,2.0,1,45.0,0.0,38,52.0,47,0.0,200,3.0,4,2,3.0,0.0,2.0,5.0,1,4.0,1,29
0,392.0,69000.0,69000.0,47,69000.0,49,1.0,999,1.0,16.0,21,1.0,1.0,2,1,2,2.0,1,2.0,1000,3.0,0.0,3.0,2.0,1,2.0,0,3.0,2018.0,1,999,1.0,1,40.0,0.0,48,52.0,47,0.0,200,3.0,4,2,3.0,0.0,2.0,5.0,2,4.0,1,28
1,3.0,520.0,520.0,40,520.0,86,6.0,999,1.0,19.0,36,6.0,2.0,2,5,0,2.0,1,2.0,1000,2.0,0.0,2.0,2.0,1,2.0,0,2.0,1995.0,1,999,1.0,1,8.0,0.0,1,5.0,22,0.0,200,1.0,4,2,3.0,0.0,2.0,5.0,2,4.0,1,25
0,147.0,22400.0,22400.0,96,22400.0,53,1.0,996,1.0,16.0,20,6.0,1.0,2,5,0,2.0,1,2.0,1000,3.0,0.0,3.0,2.0,1,2.0,0,3.0,1995.0,1,999,2.0,1,32.0,0.0,48,52.0,109,0.0,500,1.0,3,2,3.0,0.0,2.0,5.0,2,4.0,1,19
0,446.0,93000.0,93000.0,02,93000.0,78,1.0,148,1.0,22.0,20,6.0,1.0,2,5,0,2.0,1,2.0,1000,3.0,0.0,3.0,2.0,1,2.0,0,3.0,1995.0,1,144,3.0,1,60.0,0.0,27,52.0,225,0.0,500,1.0,2,2,3.0,0.0,2.0,5.0,2,4.0,1,43
0,501.0,95000.0,95000.0,01,70000.0,61,1.0,111,1.0,21.0,22,6.0,1.0,2,5,0,2.0,1,2.0,1000,3.0,0.0,3.0,2.0,1,2.0,0,3.0,1995.0,1,50,1.0,1,40.0,0.0,38,52.0,198,0.0,500,1.0,2,2,3.0,0.0,2.0,5.0,2,4.0,1,37
0,501.0,65000.0,65000.0,08,65000.0,69,1.0,32,1.0,18.0,20,1.0,1.0,2,1,2,2.0,1,2.0,1000,3.0,0.0,3.0,2.0,1,2.0,0,3.0,2003.0,1,89,1.0,1,40.0,0.0,38,52.0,10,0.0,600,1.0,2,2,3.0,0.0,2.0,5.0,2,4.0,1,47
0,501.0,72000.0,72000.0,57,72000.0,44,1.0,32,1.0,18.0,21,1.0,1.0,2,1,2,2.0,1,2.0,1000,3.0,0.0,3.0,2.0,1,2.0,0,3.0,2003.0,1,82,1.0,1,40.0,0.0,38,52.0,12,0.0,600,1.0,2,2,3.0,0.0,2.0,5.0,2,4.0,1,51
0,501.0,100000.0,100000.0,02,0.0,01,1.0,82,1.0,19.0,20,1.0,1.0,2,1,2,2.0,1,2.0,1000,3.0,0.0,3.0,2.0,1,2.0,0,3.0,1985.0,1,999,6.0,1,45.0,0.0,38,52.0,53,0.0,600,1.0,1,2,3.0,0.0,2.0,5.0,2,4.0,1,58
0,501.0,0.0,0.0,32,0.0,81,6.0,32,2.0,20.0,21,1.0,2.0,2,1,2,2.0,1,2.0,1000,2.0,0.0,2.0,2.0,1,2.0,0,2.0,1985.0,1,148,1.0,1,40.0,0.0,38,52.0,58,0.0,600,1.0,2,2,3.0,0.0,2.0,5.0,2,4.0,1,59
0,342.0,100000.0,100000.0,06,100000.0,87,1.0,999,1.0,21.0,20,1.0,1.0,2,1,0,2.0,1,2.0,1000,3.0,0.0,3.0,2.0,1,2.0,0,3.0,2010.0,1,999,1.0,1,45.0,0.0,27,52.0,107,0.0,600,3.0,4,2,3.0,0.0,2.0,5.0,2,4.0,1,39
0,342.0,50000.0,50000.0,24,50000.0,78,1.0,999,1.0,21.0,21,1.0,1.0,1,1,0,1.0,1,1.0,1000,3.0,0.0,3.0,2.0,1,2.0,0,3.0,2010.0,1,999,3.0,1,40.0,0.0,27,52.0,102,0.0,600,3.0,4,2,3.0,0.0,2.0,5.0,2,4.0,1,39
0,60.0,9300.0,7800.0,10,7800.0,73,6.0,32,1.0,22.0,20,6.0,2.0,2,5,0,2.0,1,2.0,1000,2.0,0.0,2.0,2.0,1,2.0,0,2.0,1995.0,1,21,1.0,1,40.0,0.0,34,6.0,248,1500.0,400,1.0,2,2,3.0,0.0,2.0,5.0,2,4.0,1,44
0,271.0,42000.0,42000.0,40,42000.0,86,1.0,999,1.0,18.0,20,6.0,1.0,2,5,0,2.0,1,2.0,1000,3.0,0.0,3.0,2.0,1,2.0,0,3.0,1995.0,1,999,1.0,1,45.0,0.0,46,52.0,214,0.0,500,1.0,4,2,3.0,0.0,2.0,5.0,2,4.0,1,28
0,157.0,57000.0,57000.0,86,57000.0,06,1.0,999,1.0,19.0,20,1.0,1.0,2,1,0,2.0,16,2.0,9000,3.0,0.0,3.0,2.0,9,2.0,0,3.0,2014.0,1,999,4.0,1,40.0,0.0,53,52.0,224,0.0,100,1.0,4,2,3.0,0.0,2.0,5.0,2,4.0,1,34
0,157.0,0.0,0.0,38,0.0,94,6.0,999,2.0,19.0,21,1.0,2.0,1,1,0,2.0,1,2.0,1000,2.0,0.0,2.0,2.0,1,2.0,0,2.0,2014.0,1,999,3.0,1,40.0,0.0,41,52.0,109,0.0,100,1.0,4,2,3.0,0.0,2.0,5.0,1,4.0,1,50
0,468.0,72000.0,72000.0,02,72000.0,01,1.0,82,1.0,16.0,20,6.0,1.0,2,5,0,2.0,1,2.0,1000,3.0,0.0,3.0,2.0,1,2.0,0,3.0,1995.0,1,32,1.0,1,50.0,0.0,38,52.0,18,0.0,100,1.0,2,2,3.0,0.0,2.0,5.0,2,4.0,1,59
0,501.0,80000.0,78000.0,22,74000.0,78,1.0,935,1.0,24.0,20,1.0,1.0,2,1,0,2.0,1,2.0,1000,3.0,0.0,3.0,2.0,1,2.0,0,3.0,2014.0,1,999,4.0,1,30.0,0.0,36,42.0,103,2000.0,600,1.0,1,2,3.0,0.0,2.0,5.0,2,4.0,1,58
0,501.0,32300.0,32000.0,23,30000.0,78,1.0,142,1.0,21.0,21,1.0,1.0,2,1,0,2.0,1,2.0,1000,3.0,0.0,3.0,2.0,1,2.0,0,3.0,2014.0,1,999,6.0,1,30.0,0.0,38,48.0,112,300.0,600,1.0,1,2,3.0,0.0,2.0,5.0,2,4.0,1,55
0,265.0,30000.0,30000.0,32,30000.0,81,1.0,32,1.0,21.0,20,1.0,1.0,2,1,0,2.0,1,2.0,1000,3.0,0.0,3.0,2.0,1,2.0,0,3.0,2006.0,1,999,5.0,1,25.0,0.0,38,30.0,479,0.0,400,1.0,1,2,3.0,0.0,2.0,5.0,2,4.0,1,40
0,265.0,65000.0,65000.0,48,65000.0,69,1.0,999,1.0,21.0,21,1.0,1.0,1,1,0,2.0,1,2.0,1000,3.0,0.0,3.0,2.0,1,2.0,0,3.0,2006.0,1,999,7.0,1,50.0,0.0,38,52.0,576,0.0,400,1.0,4,1,3.0,0.0,2.0,5.0,2,4.0,1,40
0,490.0,80000.0,80000.0,70,80000.0,62,1.0,32,1.0,19.0,20,1.0,1.0,2,1,0,2.0,1,2.0,1000,3.0,0.0,3.0,2.0,1,2.0,0,3.0,2007.0,1,50,1.0,1,50.0,0.0,46,52.0,82,0.0,600,1.0,2,2,3.0,0.0,2.0,5.0,2,4.0,1,36
0,490.0,16000.0,16000.0,42,16000.0,77,6.0,82,1.0,20.0,21,1.0,2.0,2,1,0,2.0,1,2.0,1000,2.0,0.0,2.0,2.0,1,2.0,0,2.0,2007.0,1,26,3.0,1,40.0,0.0,27,34.0,77,0.0,600,1.0,2,2,3.0,0.0,2.0,5.0,2,4.0,1,36
0,412.0,136000.0,136000.0,04,136000.0,04,1.0,88,1.0,18.0,20,1.0,1.0,2,1,0,2.0,1,2.0,1000,3.0,0.0,3.0,2.0,1,2.0,0,3.0,2013.0,1,26,1.0,1,45.0,0.0,6,52.0,51,0.0,200,1.0,2,2,3.0,0.0,2.0,5.0,2,4.0,1,32
0,412.0,12800.0,12800.0,07,12800.0,70,1.0,32,1.0,18.0,21,1.0,1.0,2,1,0,2.0,1,2.0,1000,3.0,0.0,3.0,2.0,1,2.0,0,3.0,2013.0,1,416,1.0,1,32.0,0.0,42,38.0,50,0.0,200,1.0,2,2,3.0,0.0,2.0,5.0,2,4.0,1,31
0,7.0,1100.0,0.0,09,0.0,68,6.0,50,2.0,19.0,20,4.0,2.0,1,3,0,1.0,1,1.0,1000,2.0,0.0,2.0,1.0,1,1.0,0,2.0,1988.0,1,51,1.0,1,40.0,1100.0,36,52.0,276,0.0,600,1.0,2,2,3.0,0.0,2.0,5.0,2,2.0,1,55
0,434.0,27800.0,26800.0,73,26800.0,07,1.0,32,1.0,14.0,21,1.0,1.0,2,1,2,2.0,1,2.0,1000,3.0,0.0,3.0,2.0,1,2.0,0,3.0,1995.0,1,999,1.0,1,30.0,1000.0,38,52.0,175,0.0,500,1.0,1,2,3.0,0.0,2.0,5.0,2,4.0,1,65
0,184.0,55000.0,55000.0,91,55000.0,07,3.0,22,1.0,16.0,20,1.0,2.0,2,1,0,2.0,1,2.0,1000,3.0,0.0,1.0,2.0,1,2.0,0,3.0,2004.0,1,999,1.0,1,64.0,0.0,17,32.0,9,0.0,400,1.0,1,2,1.0,0.0,2.0,1.0,2,2.0,1,42
0,184.0,0.0,0.0,42,0.0,69,6.0,22,3.0,16.0,21,1.0,2.0,2,1,0,2.0,1,2.0,1000,2.0,0.0,2.0,2.0,1,2.0,0,2.0,2004.0,1,999,1.0,1,40.0,0.0,38,52.0,19,0.0,400,1.0,1,2,3.0,0.0,2.0,5.0,2,4.0,1,38
0,501.0,88000.0,88000.0,01,88000.0,07,1.0,82,1.0,21.0,20,1.0,1.0,2,1,0,2.0,1,2.0,1000,3.0,0.0,3.0,2.0,1,2.0,0,3.0,2011.0,1,32,1.0,1,45.0,0.0,30,52.0,49,0.0,500,1.0,2,2,3.0,0.0,2.0,5.0,2,4.0,1,39
0,501.0,177000.0,177000.0,50,177000.0,72,1.0,82,1.0,22.0,21,1.0,1.0,2,1,0,2.0,1,2.0,1000,3.0,0.0,3.0,2.0,1,2.0,0,3.0,2011.0,1,49,1.0,1,45.0,0.0,38,52.0,59,0.0,500,1.0,2,2,3.0,0.0,2.0,5.0,2,4.0,1,38
0,501.0,35000.0,35000.0,20,35000.0,78,1.0,82,1.0,21.0,20,1.0,1.0,1,1,0,2.0,1,2.0,1000,3.0,0.0,3.0,2.0,1,2.0,0,3.0,1996.0,1,999,4.0,1,40.0,0.0,38,52.0,208,0.0,200,1.0,1,2,3.0,0.0,2.0,5.0,1,4.0,1,50
0,501.0,110000.0,110000.0,00,110000.0,49,1.0,82,1.0,21.0,21,1.0,1.0,2,1,0,2.0,1,2.0,1000,3.0,0.0,3.0,2.0,1,2.0,0,3.0,1996.0,1,999,1.0,1,50.0,0.0,38,52.0,158,0.0,200,1.0,1,2,3.0,0.0,2.0,5.0,2,4.0,1,50
0,501.0,4000.0,4000.0,40,4000.0,86,1.0,82,1.0,15.0,25,6.0,1.0,2,5,0,2.0,1,2.0,1000,3.0,0.0,3.0,2.0,1,2.0,0,3.0,1995.0,1,999,1.0,1,20.0,0.0,38,20.0,72,0.0,200,1.0,1,2,3.0,0.0,2.0,5.0,2,4.0,1,18
0,418.0,0.0,0.0,20,0.0,91,6.0,51,2.0,21.0,20,1.0,2.0,2,1,0,2.0,1,2.0,1000,2.0,0.0,2.0,2.0,1,2.0,0,2.0,1998.0,1,50,2.0,1,40.0,0.0,6,52.0,9,0.0,600,1.0,2,2,3.0,0.0,2.0,5.0,2,4.0,1,46
0,418.0,125200.0,125000.0,47,125000.0,53,1.0,171,1.0,19.0,21,1.0,1.0,2,1,0,2.0,1,2.0,1000,3.0,0.0,3.0,2.0,1,2.0,0,3.0,1998.0,1,82,1.0,1,50.0,0.0,6,52.0,17,200.0,600,1.0,2,2,3.0,0.0,2.0,5.0,2,4.0,1,46
0,418.0,12000.0,12000.0,47,12000.0,52,1.0,51,1.0,21.0,25,6.0,1.0,2,5,0,2.0,1,2.0,1000,2.0,0.0,2.0,2.0,1,2.0,0,2.0,1995.0,1,171,1.0,1,35.0,0.0,6,52.0,31,0.0,600,1.0,2,2,3.0,0.0,2.0,5.0,2,4.0,1,22
0,418.0,7000.0,7000.0,42,7000.0,77,1.0,51,1.0,19.0,25,6.0,1.0,2,5,0,2.0,1,2.0,1000,2.0,0.0,2.0,2.0,1,2.0,0,2.0,1995.0,1,97,1.0,1,40.0,0.0,6,52.0,25,0.0,600,1.0,2,2,3.0,0.0,2.0,5.0,2,4.0,1,19
0,418.0,8000.0,8000.0,40,8000.0,86,1.0,50,1.0,18.0,25,6.0,1.0,2,5,0,2.0,1,2.0,1000,3.0,0.0,3.0,2.0,1,2.0,0,3.0,1995.0,1,51,1.0,1,12.0,0.0,6,52.0,48,0.0,600,1.0,2,2,3.0,0.0,2.0,5.0,2,4.0,1,18
0,501.0,48000.0,48000.0,08,48000.0,94,1.0,82,1.0,20.0,20,1.0,1.0,2,1,0,2.0,1,2.0,1000,3.0,0.0,3.0,2.0,1,2.0,0,3.0,2023.0,1,32,3.0,1,40.0,0.0,27,52.0,94,0.0,400,3.0,2,2,3.0,0.0,1.0,5.0,2,4.0,1,27
0,501.0,80000.0,80000.0,02,0.0,01,1.0,999,1.0,20.0,21,1.0,1.0,2,1,0,2.0,1,2.0,1000,3.0,0.0,3.0,2.0,1,2.0,0,3.0,2023.0,1,999,6.0,1,60.0,0.0,38,52.0,101,0.0,400,3.0,4,2,3.0,0.0,1.0,5.0,2,4.0,1,27
0,501.0,147000.0,147000.0,04,147000.0,30,1.0,32,1.0,22.0,20,1.0,1.0,2,1,0,2.0,1,2.0,1000,3.0,0.0,3.0,2.0,1,2.0,0,3.0,1988.0,1,82,1.0,1,40.0,0.0,46,52.0,196,0.0,300,1.0,2,2,3.0,0.0,2.0,5.0,2,4.0,1,57
0,501.0,61000.0,61000.0,58,36000.0,93,1.0,32,1.0,20.0,21,1.0,1.0,2,1,0,2.0,1,2.0,1000,3.0,0.0,3.0,2.0,1,2.0,0,3.0,1988.0,1,999,4.0,1,36.0,0.0,27,52.0,211,0.0,300,1.0,1,2,3.0,0.0,2.0,5.0,2,4.0,1,54
0,296.0,46000.0,46000.0,56,46000.0,68,1.0,82,1.0,19.0,20,4.0,1.0,2,3,0,2.0,1,2.0,1000,2.0,0.0,2.0,2.0,1,2.0,0,2.0,2014.0,1,32,1.0,1,40.0,0.0,38,52.0,48,0.0,400,1.0,2,2,3.0,0.0,2.0,5.0,2,4.0,1,36
0,290.0,45000.0,45000.0,47,45000.0,87,1.0,32,1.0,20.0,36,6.0,1.0,2,5,0,2.0,1,2.0,1000,2.0,0.0,2.0,2.0,1,2.0,0,3.0,1995.0,1,999,1.0,1,40.0,0.0,38,52.0,23,0.0,400,1.0,1,2,2.0,0.0,2.0,1.0,2,4.0,1,31
0,449.0,50000.0,50000.0,08,50000.0,42,1.0,939,1.0,21.0,20,1.0,1.0,2,1,0,2.0,1,2.0,1000,3.0,0.0,3.0,2.0,1,2.0,0,3.0,2014.0,1,999,1.0,1,40.0,0.0,38,52.0,16,0.0,600,1.0,1,2,3.0,0.0,2.0,5.0,2,4.0,1,32
0,449.0,60000.0,60000.0,37,60000.0,94,1.0,939,1.0,23.0,21,1.0,1.0,2,1,0,2.0,1,2.0,1000,3.0,0.0,3.0,2.0,1,2.0,0,3.0,2014.0,1,999,4.0,1,52.0,0.0,38,52.0,16,0.0,600,1.0,1,2,3.0,0.0,2.0,5.0,2,4.0,1,37
1,45.0,7000.0,0.0,34,0.0,82,6.0,999,2.0,16.0,20,6.0,2.0,2,5,0,2.0,1,2.0,1000,2.0,0.0,2.0,2.0,1,2.0,0,2.0,1995.0,1,999,2.0,1,40.0,0.0,38,52.0,198,0.0,300,1.0,4,2,3.0,0.0,2.0,5.0,2,4.0,1,48
0,428.0,35400.0,35400.0,57,0.0,07,1.0,32,1.0,16.0,21,1.0,1.0,2,1,2,2.0,1,2.0,1000,2.0,0.0,2.0,2.0,1,2.0,0,2.0,2021.0,1,82,6.0,1,30.0,0.0,38,36.0,25,0.0,200,1.0,2,2,3.0,0.0,2.0,5.0,2,4.0,1,60
0,501.0,61000.0,61000.0,36,61000.0,82,1.0,82,1.0,22.0,20,1.0,1.0,2,1,0,2.0,1,2.0,1000,3.0,0.0,3.0,2.0,1,2.0,0,3.0,1993.0,1,142,1.0,1,45.0,0.0,38,52.0,14,0.0,500,1.0,2,2,3.0,0.0,2.0,5.0,2,3.0,1,65
0,501.0,100000.0,100000.0,72,100000.0,87,1.0,32,1.0,20.0,20,5.0,1.0,2,4,0,2.0,1,2.0,1000,3.0,0.0,3.0,2.0,1,2.0,0,3.0,2019.0,1,999,1.0,1,50.0,0.0,27,52.0,50,0.0,100,3.0,1,2,3.0,0.0,2.0,5.0,2,4.0,1,33
0,501.0,105000.0,105000.0,79,105000.0,30,1.0,32,1.0,19.0,20,1.0,1.0,2,1,2,2.0,1,2.0,1000,3.0,0.0,3.0,2.0,1,2.0,0,3.0,1981.0,1,999,1.0,1,52.0,0.0,38,52.0,137,0.0,400,1.0,1,2,3.0,0.0,2.0,5.0,2,2.0,1,64
0,501.0,0.0,0.0,42,0.0,69,6.0,32,3.0,16.0,21,1.0,2.0,1,1,0,2.0,1,2.0,1000,2.0,0.0,2.0,1.0,1,2.0,0,2.0,1981.0,1,82,1.0,1,40.0,0.0,38,52.0,139,0.0,400,1.0,2,2,3.0,0.0,2.0,3.0,2,4.0,1,60
0,501.0,160000.0,160000.0,02,0.0,01,6.0,82,1.0,16.0,20,1.0,2.0,2,1,2,2.0,1,2.0,1000,2.0,0.0,2.0,2.0,1,2.0,0,2.0,1995.0,1,26,6.0,1,60.0,0.0,38,52.0,13,0.0,500,1.0,2,2,3.0,0.0,2.0,5.0,2,4.0,1,58
0,501.0,27600.0,27600.0,03,27600.0,81,1.0,82,1.0,16.0,21,1.0,1.0,2,1,0,2.0,1,2.0,1000,3.0,0.0,3.0,2.0,1,2.0,0,3.0,1995.0,1,32,1.0,1,20.0,0.0,38,52.0,18,0.0,500,1.0,2,2,3.0,0.0,2.0,5.0,2,4.0,1,54
0,501.0,104900.0,106000.0,25,106000.0,78,1.0,999,1.0,18.0,20,6.0,1.0,2,5,0,2.0,29,2.0,9000,3.0,0.0,3.0,2.0,9,2.0,0,3.0,1995.0,1,999,4.0,1,40.0,0.0,6,52.0,38,-1100.0,400,1.0,4,2,3.0,0.0,2.0,5.0,2,4.0,24,31
0,501.0,35930.0,35000.0,50,35000.0,12,1.0,98,1.0,16.0,20,1.0,1.0,2,1,0,2.0,1,2.0,1000,3.0,0.0,3.0,2.0,1,2.0,0,3.0,2009.0,1,999,1.0,1,40.0,0.0,27,52.0,17,930.0,500,1.0,1,2,3.0,0.0,2.0,5.0,2,4.0,1,60
0,501.0,69800.0,67000.0,62,67000.0,01,6.0,82,1.0,16.0,21,1.0,2.0,2,1,0,2.0,1,2.0,1000,2.0,1400.0,2.0,2.0,1,2.0,0,2.0,2009.0,1,999,1.0,1,60.0,1400.0,27,48.0,20,0.0,500,1.0,1,2,3.0,0.0,2.0,5.0,2,4.0,1,62
0,388.0,61000.0,50000.0,42,50000.0,77,1.0,32,1.0,20.0,20,6.0,1.0,2,5,0,2.0,1,2.0,1000,3.0,0.0,3.0,2.0,1,2.0,0,3.0,1995.0,1,999,1.0,1,50.0,0.0,27,52.0,330,0.0,600,1.0,1,2,3.0,0.0,2.0,5.0,2,4.0,1,33
0,58.0,9000.0,9000.0,27,9000.0,85,1.0,32,1.0,19.0,20,6.0,1.0,2,5,0,2.0,1,2.0,1000,3.0,0.0,3.0,2.0,1,2.0,0,3.0,1995.0,1,82,3.0,1,25.0,0.0,38,34.0,87,0.0,600,3.0,2,2,3.0,0.0,2.0,5.0,2,4.0,1,20
0,64.0,10000.0,10000.0,27,10000.0,85,1.0,82,1.0,19.0,34,6.0,1.0,2,5,0,2.0,1,2.0,1000,3.0,0.0,3.0,2.0,1,2.0,0,3.0,1995.0,1,32,2.0,1,20.0,0.0,38,34.0,125,0.0,600,3.0,2,2,3.0,0.0,2.0,5.0,2,4.0,1,20
0,19.0,3000.0,3000.0,15,3000.0,39,1.0,935,1.0,19.0,34,6.0,1.0,2,5,2,2.0,1,2.0,1000,3.0,0.0,3.0,2.0,1,2.0,0,3.0,1995.0,1,32,1.0,1,20.0,0.0,38,15.0,126,0.0,600,3.0,2,2,3.0,0.0,2.0,5.0,2,4.0,1,20
0,64.0,10000.0,10000.0,15,10000.0,30,1.0,32,1.0,19.0,34,6.0,1.0,2,5,0,2.0,1,2.0,1000,3.0,0.0,3.0,2.0,1,2.0,0,3.0,1995.0,1,82,1.0,1,12.0,0.0,38,52.0,126,0.0,600,3.0,2,2,3.0,0.0,2.0,5.0,2,4.0,1,20
1,99.0,15600.0,0.0,42,0.0,69,6.0,32,3.0,11.0,20,4.0,2.0,1,3,0,1.0,1,1.0,1000,2.0,7200.0,2.0,2.0,1,2.0,0,2.0,2022.0,1,999,1.0,1,40.0,8400.0,41,52.0,126,0.0,400,3.0,1,2,3.0,0.0,2.0,5.0,2,4.0,1,62
0,285.0,57500.0,28000.0,91,28000.0,01,1.0,88,1.0,19.0,20,1.0,1.0,2,1,1,2.0,1,2.0,1000,3.0,0.0,3.0,2.0,1,2.0,0,3.0,1986.0,1,89,1.0,1,70.0,0.0,38,32.0,20,27300.0,500,1.0,2,2,3.0,0.0,2.0,5.0,2,2.0,1,63
0,285.0,0.0,0.0,42,0.0,69,6.0,32,3.0,21.0,21,1.0,2.0,1,1,1,2.0,1,1.0,1000,2.0,0.0,2.0,2.0,1,2.0,0,2.0,1986.0,1,26,1.0,1,40.0,0.0,38,52.0,17,0.0,500,1.0,2,2,3.0,0.0,2.0,5.0,2,4.0,1,55
0,501.0,90000.0,90000.0,22,90000.0,78,1.0,32,1.0,22.0,20,1.0,1.0,2,1,0,2.0,1,2.0,1000,3.0,0.0,3.0,2.0,1,2.0,0,3.0,2005.0,1,431,2.0,1,40.0,0.0,30,52.0,146,0.0,300,1.0,2,2,3.0,0.0,2.0,5.0,2,4.0,1,43
0,501.0,80000.0,80000.0,23,80000.0,78,1.0,999,1.0,22.0,21,1.0,1.0,2,1,0,2.0,1,2.0,1000,3.0,0.0,3.0,2.0,1,2.0,0,3.0,2005.0,1,999,2.0,1,35.0,0.0,30,52.0,205,0.0,300,1.0,4,2,3.0,0.0,2.0,5.0,2,4.0,1,42
0,334.0,52700.0,25300.0,45,25300.0,89,1.0,32,1.0,19.0,20,3.0,1.0,2,2,1,2.0,1,2.0,1000,3.0,0.0,3.0,2.0,1,2.0,0,3.0,1984.0,1,999,1.0,1,40.0,3700.0,38,38.0,16,11000.0,400,1.0,1,2,3.0,0.0,2.0,5.0,2,4.0,1,59
0,237.0,37400.0,37400.0,96,37400.0,07,1.0,996,1.0,16.0,20,6.0,1.0,2,5,0,2.0,1,2.0,1000,3.0,0.0,3.0,2.0,1,2.0,0,3.0,1995.0,1,999,1.0,1,40.0,0.0,4,52.0,431,0.0,500,3.0,3,2,3.0,0.0,2.0,5.0,2,4.0,1,22
0,173.0,27300.0,27300.0,36,27300.0,82,1.0,32,1.0,19.0,22,6.0,1.0,2,5,0,2.0,1,2.0,1000,3.0,0.0,3.0,2.0,1,2.0,0,3.0,1995.0,1,50,1.0,1,35.0,0.0,4,52.0,376,0.0,500,3.0,2,2,3.0,0.0,2.0,5.0,2,4.0,1,21
0,245.0,1800.0,1800.0,48,1800.0,63,3.0,89,1.0,20.0,20,1.0,2.0,2,1,0,2.0,1,2.0,1000,1.0,0.0,2.0,2.0,1,2.0,0,2.0,2001.0,1,82,5.0,1,40.0,0.0,38,4.0,20,0.0,500,1.0,2,2,3.0,0.0,2.0,1.0,2,4.0,1,51
0,245.0,47900.0,47900.0,15,47900.0,12,1.0,82,1.0,20.0,21,1.0,1.0,1,1,0,2.0,1,2.0,1000,3.0,0.0,3.0,2.0,1,2.0,0,3.0,2001.0,1,999,1.0,1,40.0,0.0,27,52.0,26,0.0,500,1.0,1,2,3.0,0.0,2.0,5.0,1,4.0,1,51
0,247.0,38400.0,38400.0,36,38400.0,82,1.0,22,1.0,15.0,20,1.0,1.0,2,1,0,2.0,1,2.0,1000,3.0,0.0,3.0,2.0,1,2.0,0,3.0,1982.0,1,999,1.0,1,40.0,0.0,2,52.0,40,0.0,300,1.0,1,2,3.0,0.0,2.0,5.0,2,4.0,1,58
0,247.0,10000.0,0.0,42,0.0,82,6.0,22,2.0,13.0,21,1.0,2.0,2,1,0,2.0,1,2.0,1000,2.0,0.0,2.0,2.0,1,2.0,0,2.0,1982.0,1,999,1.0,1,40.0,0.0,21,52.0,40,0.0,300,1.0,1,2,3.0,0.0,2.0,5.0,2,2.0,1,61
0,338.0,60000.0,60000.0,62,60000.0,07,1.0,82,1.0,19.0,20,1.0,1.0,2,1,2,2.0,1,2.0,1000,3.0,0.0,3.0,2.0,1,2.0,0,3.0,2019.0,1,999,1.0,1,40.0,0.0,38,52.0,63,0.0,500,1.0,1,2,3.0,0.0,2.0,5.0,2,4.0,1,32
0,338.0,75000.0,75000.0,03,75000.0,82,1.0,82,1.0,22.0,21,1.0,1.0,2,1,0,2.0,1,2.0,1000,3.0,0.0,3.0,2.0,1,2.0,0,3.0,2019.0,1,999,1.0,1,40.0,0.0,38,52.0,44,0.0,500,1.0,1,2,3.0,0.0,2.0,5.0,2,4.0,1,31
1,200.0,31000.0,31000.0,77,31000.0,23,1.0,195,1.0,16.0,20,6.0,1.0,2,5,0,2.0,1,2.0,1000,2.0,0.0,2.0,2.0,1,2.0,0,2.0,1995.0,1,939,1.0,1,40.0,0.0,38,52.0,156,0.0,600,3.0,2,2,3.0,0.0,2.0,5.0,2,4.0,1,31
0,302.0,46900.0,41900.0,15,41900.0,70,1.0,996,1.0,16.0,22,6.0,1.0,2,5,0,2.0,1,2.0,1000,3.0,0.0,3.0,2.0,1,2.0,0,3.0,1995.0,1,999,1.0,1,40.0,0.0,38,52.0,185,0.0,600,1.0,3,2,3.0,0.0,2.0,5.0,2,4.0,1,33
0,501.0,58000.0,58000.0,77,58000.0,24,1.0,32,1.0,16.0,20,1.0,1.0,2,1,0,2.0,1,2.0,1000,3.0,0.0,3.0,2.0,1,2.0,0,3.0,1983.0,1,50,1.0,1,45.0,0.0,38,52.0,90,0.0,500,1.0,2,2,3.0,0.0,2.0,5.0,2,4.0,1,63
0,501.0,99000.0,99000.0,32,99000.0,82,1.0,50,1.0,22.0,21,1.0,1.0,2,1,0,2.0,1,2.0,1000,3.0,0.0,3.0,2.0,1,2.0,0,3.0,1983.0,1,22,2.0,1,55.0,0.0,38,52.0,92,0.0,500,1.0,2,2,3.0,0.0,2.0,5.0,2,4.0,1,61
0,381.0,60000.0,60000.0,32,60000.0,82,1.0,32,1.0,20.0,20,4.0,1.0,2,3,0,2.0,1,2.0,1000,3.0,0.0,3.0,2.0,1,2.0,0,3.0,1980.0,1,999,1.0,1,42.0,0.0,38,52.0,24,0.0,400,1.0,1,2,3.0,0.0,2.0,5.0,2,4.0,1,63
0,501.0,75000.0,75000.0,23,75000.0,78,1.0,32,1.0,22.0,20,1.0,1.0,2,1,0,2.0,1,2.0,1000,3.0,0.0,3.0,2.0,1,2.0,0,3.0,2002.0,1,82,2.0,1,40.0,0.0,38,52.0,16,0.0,500,1.0,2,2,3.0,0.0,2.0,5.0,2,4.0,1,47
0,501.0,120000.0,120000.0,02,120000.0,07,1.0,82,1.0,20.0,21,1.0,1.0,2,1,0,2.0,1,2.0,1000,3.0,0.0,3.0,2.0,1,2.0,0,3.0,2002.0,1,89,1.0,1,50.0,0.0,38,52.0,15,0.0,500,1.0,2,2,3.0,0.0,2.0,5.0,2,4.0,1,47
0,501.0,60000.0,60000.0,76,60000.0,41,1.0,32,1.0,19.0,25,6.0,1.0,2,5,0,2.0,1,2.0,1000,3.0,0.0,3.0,2.0,1,2.0,0,3.0,1995.0,1,82,7.0,1,20.0,0.0,38,52.0,8,0.0,500,3.0,2,2,3.0,0.0,2.0,5.0,2,4.0,1,22
0,342.0,25500.0,1500.0,35,1500.0,80,1.0,939,1.0,17.0,25,3.0,1.0,2,2,2,2.0,1,2.0,1000,3.0,0.0,3.0,2.0,1,2.0,0,3.0,1998.0,1,22,4.0,1,40.0,0.0,38,12.0,218,0.0,300,3.0,2,2,3.0,0.0,2.0,5.0,2,4.0,1,49
1,342.0,24000.0,0.0,42,0.0,69,6.0,939,3.0,16.0,30,6.0,2.0,1,5,0,1.0,1,1.0,1000,2.0,0.0,2.0,2.0,1,1.0,0,2.0,1995.0,1,22,1.0,1,40.0,0.0,27,52.0,128,0.0,300,3.0,2,2,3.0,0.0,2.0,5.0,2,4.0,1,25
0,158.0,24700.0,24700.0,42,24700.0,83,1.0,32,1.0,16.0,20,4.0,1.0,2,3,0,2.0,1,2.0,1000,3.0,0.0,3.0,2.0,1,2.0,0,3.0,1999.0,1,82,5.0,1,40.0,0.0,38,52.0,308,0.0,600,3.0,2,2,3.0,0.0,2.0,5.0,2,4.0,1,53
0,291.0,45000.0,45000.0,09,45000.0,68,1.0,999,1.0,16.0,20,6.0,1.0,2,5,0,2.0,20,2.0,9000,3.0,0.0,3.0,2.0,9,2.0,0,3.0,1995.0,1,999,1.0,1,40.0,0.0,27,52.0,6,0.0,400,1.0,4,2,3.0,0.0,2.0,5.0,2,4.0,1,30
0,168.0,26000.0,26000.0,46,26000.0,83,1.0,999,1.0,20.0,22,6.0,1.0,2,5,0,2.0,1,2.0,1000,3.0,0.0,3.0,2.0,1,2.0,0,3.0,1995.0,1,999,2.0,1,32.0,0.0,27,52.0,43,0.0,400,1.0,4,2,3.0,0.0,2.0,5.0,2,4.0,1,29
0,297.0,81500.0,72000.0,57,72000.0,44,1.0,82,1.0,18.0,20,1.0,1.0,2,1,0,2.0,1,2.0,1000,3.0,0.0,3.0,2.0,1,2.0,0,3.0,2011.0,1,999,1.0,1,65.0,0.0,38,52.0,27,0.0,500,1.0,1,2,3.0,0.0,2.0,5.0,2,4.0,1,49
0,297.0,22000.0,22000.0,62,0.0,07,1.0,50,1.0,16.0,21,1.0,1.0,2,1,0,2.0,1,2.0,1000,3.0,0.0,3.0,2.0,1,2.0,0,3.0,2011.0,1,999,6.0,1,65.0,0.0,38,52.0,26,0.0,500,1.0,1,2,3.0,0.0,2.0,5.0,2,4.0,1,49
0,297.0,3500.0,3500.0,60,3500.0,01,2.0,82,1.0,16.0,25,6.0,2.0,2,5,0,2.0,1,2.0,1000,3.0,0.0,2.0,2.0,1,2.0,0,1.0,1995.0,1,999,8.0,1,25.0,0.0,38,15.0,4,0.0,500,1.0,1,2,3.0,0.0,2.0,5.0,2,4.0,1,20
1,297.0,5300.0,5200.0,91,0.0,62,6.0,82,1.0,16.0,33,2.0,2.0,1,1,0,1.0,1,1.0,1000,2.0,0.0,2.0,2.0,1,2.0,0,2.0,2021.0,1,999,6.0,1,32.0,0.0,55,15.0,6,0.0,500,3.0,1,2,3.0,100.0,2.0,5.0,2,4.0,1,29
0,256.0,93300.0,93300.0,63,100000.0,07,1.0,50,1.0,20.0,20,1.0,1.0,2,1,0,2.0,1,2.0,1000,3.0,0.0,3.0,2.0,1,2.0,0,3.0,2009.0,1,82,1.0,1,45.0,0.0,38,52.0,117,0.0,300,1.0,2,2,3.0,0.0,2.0,5.0,2,4.0,1,39
0,256.0,20000.0,20000.0,40,20000.0,82,1.0,32,1.0,19.0,21,1.0,1.0,2,1,0,2.0,1,2.0,1000,3.0,0.0,3.0,2.0,1,2.0,0,3.0,2009.0,1,148,1.0,1,30.0,0.0,38,52.0,95,0.0,300,1.0,2,2,3.0,0.0,2.0,5.0,2,4.0,1,35
1,127.0,20000.0,20000.0,58,20000.0,69,1.0,999,1.0,18.0,20,4.0,1.0,1,3,0,2.0,1,2.0,1000,3.0,0.0,3.0,2.0,1,2.0,0,3.0,1993.0,1,999,1.0,1,43.0,0.0,6,52.0,16,0.0,600,1.0,4,2,3.0,0.0,2.0,5.0,1,4.0,1,61
0,501.0,165000.0,165000.0,21,165000.0,72,1.0,89,1.0,23.0,20,1.0,1.0,2,1,0,2.0,1,2.0,1000,3.0,0.0,3.0,2.0,1,2.0,0,3.0,1991.0,1,999,1.0,1,30.0,0.0,27,48.0,212,0.0,600,1.0,1,2,3.0,0.0,2.0,5.0,2,4.0,1,57
0,501.0,115000.0,115000.0,30,115000.0,50,1.0,142,1.0,21.0,21,1.0,1.0,2,1,0,2.0,1,2.0,1000,3.0,0.0,3.0,2.0,1,2.0,0,3.0,1991.0,1,999,1.0,1,35.0,0.0,27,52.0,226,0.0,600,1.0,1,2,3.0,0.0,2.0,5.0,2,4.0,1,57
0,501.0,103000.0,103000.0,01,103000.0,01,1.0,82,1.0,16.0,20,1.0,1.0,2,1,0,2.0,1,2.0,1000,3.0,0.0,3.0,2.0,1,2.0,0,3.0,1993.0,1,999,1.0,1,50.0,0.0,38,52.0,25,0.0,200,1.0,1,2,3.0,0.0,2.0,5.0,2,4.0,1,52
0,501.0,20000.0,20000.0,40,20000.0,86,1.0,32,1.0,18.0,21,1.0,1.0,2,1,0,2.0,1,2.0,1000,3.0,0.0,3.0,2.0,1,2.0,0,3.0,1993.0,1,82,1.0,1,28.0,0.0,38,52.0,25,0.0,200,1.0,2,2,3.0,0.0,2.0,5.0,2,4.0,1,52
0,342.0,38000.0,38000.0,42,38000.0,82,1.0,999,1.0,13.0,21,1.0,1.0,2,1,2,2.0,1,2.0,1000,2.0,0.0,2.0,2.0,1,2.0,0,2.0,1978.0,1,999,1.0,1,37.0,0.0,38,52.0,21,0.0,100,1.0,4,2,2.0,0.0,2.0,5.0,2,4.0,1,63
0,233.0,0.0,0.0,47,0.0,50,6.0,999,2.0,21.0,20,1.0,2.0,2,1,0,2.0,1,2.0,1000,2.0,0.0,2.0,2.0,1,2.0,0,2.0,2022.0,1,999,1.0,1,40.0,0.0,36,52.0,320,0.0,500,3.0,4,2,3.0,0.0,1.0,5.0,2,4.0,1,26
0,233.0,46000.0,46000.0,98,46000.0,96,4.0,999,1.0,19.0,21,1.0,1.0,2,1,0,2.0,15,2.0,8000,3.0,0.0,3.0,2.0,8,2.0,0,3.0,2022.0,0,999,5.0,1,8.0,0.0,36,52.0,248,0.0,500,3.0,4,2,3.0,0.0,1.0,5.0,2,1.0,5,27
0,501.0,80000.0,80000.0,33,80000.0,81,1.0,32,1.0,21.0,20,1.0,1.0,2,1,0,2.0,1,2.0,1000,3.0,0.0,3.0,2.0,1,2.0,0,3.0,2017.0,1,999,2.0,1,45.0,0.0,31,52.0,206,0.0,600,1.0,1,2,3.0,0.0,2.0,5.0,2,4.0,1,30
0,501.0,55000.0,55000.0,33,55000.0,81,1.0,32,1.0,21.0,21,1.0,1.0,2,1,0,2.0,1,2.0,1000,3.0,0.0,3.0,2.0,1,2.0,0,3.0,2017.0,1,999,2.0,1,40.0,0.0,38,52.0,140,0.0,600,1.0,1,2,3.0,0.0,2.0,5.0,2,4.0,1,29
0,494.0,92000.0,67000.0,07,67000.0,94,1.0,20,1.0,23.0,20,1.0,1.0,2,1,0,2.0,29,2.0,9000,3.0,0.0,3.0,2.0,9,2.0,0,3.0,2000.0,1,291,4.0,1,40.0,0.0,38,52.0,146,0.0,300,1.0,2,2,3.0,0.0,2.0,5.0,2,4.0,24,51
0,494.0,29000.0,29000.0,22,25000.0,78,1.0,32,1.0,21.0,21,1.0,1.0,2,1,0,2.0,1,2.0,1000,3.0,0.0,3.0,2.0,1,2.0,0,3.0,2000.0,1,999,4.0,1,20.0,0.0,38,52.0,189,0.0,300,1.0,1,2,3.0,0.0,2.0,5.0,2,4.0,1,55
0,501.0,100.0,0.0,42,0.0,69,6.0,924,3.0,17.0,21,1.0,2.0,2,1,1,2.0,1,2.0,1000,2.0,0.0,2.0,2.0,1,2.0,0,2.0,2005.0,1,999,1.0,1,40.0,0.0,38,52.0,157,100.0,100,1.0,1,2,3.0,0.0,2.0,5.0,2,4.0,1,55
0,491.0,76100.0,75000.0,02,0.0,01,1.0,32,1.0,20.0,20,3.0,1.0,2,2,0,2.0,1,2.0,1000,3.0,0.0,3.0,2.0,1,2.0,0,3.0,2005.0,1,999,6.0,1,30.0,0.0,27,52.0,17,1100.0,400,1.0,1,2,3.0,0.0,2.0,5.0,2,4.0,1,62
0,431.0,68000.0,68000.0,55,68000.0,63,1.0,178,1.0,20.0,20,4.0,1.0,2,3,0,2.0,1,2.0,1000,3.0,0.0,3.0,2.0,1,2.0,0,3.0,2005.0,1,999,5.0,1,50.0,0.0,6,52.0,20,0.0,500,3.0,1,2,3.0,0.0,2.0,5.0,2,4.0,1,41
1,104.0,16400.0,3700.0,41,3700.0,86,1.0,82,1.0,16.0,20,6.0,1.0,1,5,0,1.0,1,1.0,1000,3.0,0.0,3.0,2.0,1,2.0,0,3.0,1995.0,1,999,1.0,1,10.0,12500.0,38,52.0,102,0.0,500,1.0,1,2,3.0,200.0,2.0,5.0,2,4.0,1,55
0,435.0,68000.0,68000.0,50,68000.0,91,1.0,32,1.0,21.0,20,6.0,1.0,2,5,2,2.0,1,2.0,1000,3.0,0.0,3.0,2.0,1,2.0,0,3.0,1995.0,1,82,2.0,1,40.0,0.0,38,52.0,26,0.0,400,1.0,2,2,3.0,0.0,2.0,5.0,2,4.0,1,61
0,393.0,62000.0,62000.0,47,62000.0,46,1.0,32,1.0,20.0,20,6.0,1.0,2,5,0,2.0,1,2.0,1000,3.0,0.0,3.0,2.0,1,2.0,0,3.0,1995.0,1,142,1.0,1,40.0,0.0,27,52.0,347,0.0,600,1.0,2,2,3.0,0.0,2.0,5.0,2,4.0,1,62
0,501.0,75000.0,75000.0,32,40000.0,94,6.0,32,1.0,21.0,20,1.0,2.0,2,1,0,2.0,1,2.0,1000,2.0,0.0,2.0,2.0,1,2.0,0,2.0,1996.0,1,22,3.0,1,32.0,0.0,27,16.0,96,0.0,400,1.0,2,2,3.0,0.0,2.0,5.0,2,4.0,1,58
0,501.0,88000.0,88000.0,07,80000.0,05,1.0,32,1.0,20.0,21,1.0,1.0,2,1,0,2.0,1,2.0,1000,3.0,0.0,3.0,2.0,1,2.0,0,3.0,1996.0,1,148,1.0,1,54.0,0.0,38,52.0,81,0.0,400,1.0,2,2,3.0,0.0,2.0,5.0,2,4.0,1,55
0,266.0,24000.0,24000.0,43,24000.0,90,1.0,32,1.0,16.0,21,1.0,1.0,2,1,0,2.0,1,2.0,1000,3.0,0.0,3.0,2.0,1,2.0,0,3.0,1986.0,1,82,1.0,1,40.0,0.0,38,52.0,238,0.0,200,1.0,2,2,3.0,0.0,2.0,5.0,2,4.0,1,62
0,489.0,80880.0,74000.0,30,74000.0,94,1.0,82,1.0,21.0,20,1.0,1.0,2,1,0,2.0,1,2.0,1000,3.0,0.0,3.0,2.0,1,2.0,0,3.0,1983.0,1,22,3.0,1,40.0,0.0,27,52.0,111,380.0,200,1.0,2,2,3.0,0.0,2.0,5.0,2,2.0,1,64
1,167.0,33400.0,1000.0,23,1000.0,78,6.0,22,1.0,21.0,20,1.0,2.0,1,1,0,1.0,1,2.0,1000,2.0,0.0,2.0,2.0,1,2.0,0,2.0,2006.0,1,88,3.0,1,8.0,0.0,49,4.0,26,0.0,200,1.0,2,2,3.0,0.0,2.0,5.0,2,4.0,1,55
1,167.0,0.0,0.0,36,0.0,82,6.0,22,2.0,16.0,21,1.0,2.0,1,1,0,1.0,1,2.0,1000,2.0,0.0,2.0,2.0,1,2.0,0,2.0,2006.0,1,999,2.0,1,40.0,0.0,49,52.0,38,0.0,200,1.0,1,2,3.0,0.0,2.0,5.0,2,4.0,1,50
0,367.0,56000.0,56000.0,63,56000.0,07,1.0,82,1.0,16.0,20,6.0,1.0,1,5,0,2.0,1,1.0,1000,3.0,0.0,3.0,2.0,1,2.0,0,3.0,1995.0,1,999,1.0,1,40.0,0.0,27,52.0,43,0.0,500,1.0,1,2,3.0,0.0,2.0,5.0,2,2.0,1,43
0,262.0,40000.0,40000.0,73,40000.0,07,2.0,917,1.0,16.0,36,6.0,1.0,2,5,0,2.0,3,2.0,5025,3.0,0.0,2.0,2.0,5,2.0,1,1.0,1995.0,0,999,1.0,1,50.0,0.0,38,50.0,25,0.0,500,1.0,1,2,3.0,0.0,2.0,5.0,2,4.0,1,44
0,501.0,110000.0,110000.0,13,110000.0,72,1.0,32,1.0,21.0,21,1.0,1.0,2,1,0,2.0,1,2.0,1000,3.0,0.0,3.0,2.0,1,2.0,0,3.0,2015.0,1,999,1.0,1,40.0,0.0,51,52.0,74,0.0,100,1.0,1,2,3.0,0.0,2.0,5.0,2,4.0,1,40
0,501.0,100000.0,70000.0,52,70000.0,66,1.0,22,1.0,18.0,20,4.0,1.0,2,3,0,2.0,1,2.0,1000,3.0,0.0,3.0,2.0,1,2.0,0,3.0,1982.0,1,50,1.0,1,40.0,0.0,49,52.0,43,0.0,200,1.0,2,2,3.0,0.0,2.0,5.0,2,4.0,1,59
0,331.0,22200.0,22200.0,25,22200.0,78,1.0,996,1.0,18.0,20,1.0,1.0,2,1,0,2.0,1,2.0,1000,3.0,0.0,3.0,2.0,1,2.0,0,3.0,2002.0,1,999,3.0,1,40.0,0.0,55,48.0,855,0.0,200,1.0,3,2,3.0,0.0,2.0,5.0,2,4.0,1,39
0,331.0,55000.0,55000.0,86,55000.0,96,4.0,21,1.0,20.0,21,1.0,1.0,2,1,0,2.0,1,2.0,1000,3.0,0.0,3.0,2.0,1,2.0,0,3.0,2002.0,1,51,5.0,1,45.0,0.0,55,52.0,737,0.0,200,1.0,2,2,3.0,0.0,2.0,5.0,2,1.0,1,39
0,331.0,0.0,0.0,42,0.0,69,6.0,21,3.0,13.0,25,6.0,2.0,2,5,0,2.0,1,2.0,1000,2.0,0.0,2.0,2.0,1,2.0,0,2.0,1995.0,1,32,1.0,1,40.0,0.0,24,52.0,566,0.0,200,1.0,2,2,3.0,0.0,2.0,5.0,2,4.0,1,20
0,365.0,48900.0,48900.0,44,48900.0,85,1.0,917,1.0,17.0,20,4.0,1.0,2,3,0,2.0,3,2.0,5013,3.0,0.0,3.0,2.0,3,2.0,1,3.0,1982.0,0,50,1.0,1,40.0,0.0,38,52.0,151,0.0,400,1.0,2,2,3.0,0.0,2.0,5.0,2,4.0,1,58
1,365.0,0.0,0.0,42,0.0,69,6.0,917,3.0,16.0,25,1.0,2.0,1,1,0,2.0,3,2.0,5013,2.0,0.0,2.0,2.0,3,2.0,1,2.0,2019.0,0,935,1.0,1,40.0,0.0,38,52.0,123,0.0,400,3.0,2,2,3.0,0.0,2.0,5.0,1,4.0,1,35
1,365.0,130800.0,130000.0,62,130000.0,07,3.0,917,1.0,17.0,25,6.0,2.0,2,5,0,2.0,3,2.0,5013,3.0,0.0,1.0,2.0,3,2.0,1,3.0,1995.0,0,935,1.0,1,40.0,0.0,38,52.0,221,0.0,400,3.0,2,2,1.0,800.0,2.0,1.0,2,4.0,1,34
1,365.0,9500.0,0.0,42,0.0,69,6.0,917,3.0,12.0,32,1.0,2.0,1,1,0,1.0,3,1.0,5013,2.0,9500.0,2.0,2.0,3,2.0,1,2.0,2019.0,0,935,1.0,1,40.0,0.0,38,52.0,132,0.0,400,3.0,2,2,3.0,0.0,2.0,5.0,2,4.0,1,35
0,501.0,150000.0,150000.0,60,150000.0,01,1.0,88,1.0,16.0,20,1.0,1.0,2,1,2,2.0,1,2.0,1000,3.0,0.0,3.0,2.0,1,2.0,0,3.0,2014.0,1,999,7.0,1,60.0,0.0,30,48.0,152,0.0,100,1.0,1,2,3.0,0.0,2.0,5.0,2,4.0,1,41
0,501.0,30000.0,30000.0,60,30000.0,01,1.0,50,1.0,17.0,21,1.0,1.0,2,1,2,2.0,1,2.0,1000,2.0,0.0,3.0,2.0,1,2.0,0,3.0,2014.0,1,999,1.0,1,40.0,0.0,30,52.0,87,0.0,100,1.0,1,2,3.0,0.0,2.0,5.0,2,4.0,1,40
0,459.0,70000.0,70000.0,63,70000.0,07,1.0,26,1.0,16.0,20,6.0,1.0,2,5,0,2.0,1,2.0,1000,3.0,0.0,3.0,2.0,1,2.0,0,3.0,1995.0,1,999,3.0,1,40.0,0.0,38,52.0,11,0.0,500,1.0,1,2,3.0,0.0,2.0,5.0,2,4.0,1,59
0,385.0,60000.0,60000.0,73,60000.0,07,1.0,82,1.0,16.0,20,6.0,1.0,2,5,0,2.0,1,2.0,1000,3.0,0.0,3.0,2.0,1,2.0,0,3.0,1995.0,1,999,1.0,1,40.0,0.0,38,52.0,293,0.0,600,1.0,1,2,3.0,0.0,2.0,5.0,2,4.0,1,29
0,96.0,15000.0,15000.0,40,15000.0,86,1.0,24,1.0,21.0,22,6.0,1.0,2,5,0,2.0,1,2.0,1000,3.0,0.0,3.0,2.0,1,2.0,0,3.0,1995.0,1,999,1.0,1,25.0,0.0,38,30.0,228,0.0,600,1.0,1,2,3.0,0.0,2.0,5.0,2,4.0,1,25
0,386.0,40000.0,40000.0,23,40000.0,78,1.0,22,1.0,21.0,20,1.0,1.0,2,1,0,2.0,1,2.0,1000,3.0,0.0,3.0,2.0,1,2.0,0,3.0,2002.0,1,50,2.0,1,40.0,0.0,27,52.0,83,0.0,400,1.0,2,2,3.0,0.0,2.0,5.0,2,4.0,1,44
0,386.0,100000.0,100000.0,02,100000.0,78,1.0,32,1.0,22.0,21,1.0,1.0,2,1,0,2.0,1,2.0,1000,3.0,0.0,3.0,2.0,1,2.0,0,3.0,2002.0,1,50,2.0,1,50.0,0.0,27,52.0,99,0.0,400,1.0,2,2,3.0,0.0,2.0,5.0,2,4.0,1,48
0,501.0,120000.0,120000.0,13,120000.0,20,1.0,32,1.0,21.0,20,1.0,1.0,2,1,0,2.0,1,2.0,1000,3.0,0.0,3.0,2.0,1,2.0,0,3.0,2016.0,1,999,1.0,1,60.0,0.0,38,52.0,157,0.0,300,1.0,1,2,3.0,0.0,2.0,5.0,2,4.0,1,32
0,501.0,20000.0,20000.0,46,20000.0,85,1.0,32,1.0,21.0,21,1.0,1.0,2,1,0,2.0,1,2.0,1000,3.0,0.0,2.0,2.0,1,2.0,0,3.0,2016.0,1,999,1.0,1,35.0,0.0,38,52.0,216,0.0,300,1.0,1,2,3.0,0.0,2.0,5.0,2,4.0,1,33
0,501.0,40000.0,40000.0,41,40000.0,86,1.0,82,1.0,17.0,21,1.0,1.0,2,1,0,2.0,1,2.0,1000,3.0,0.0,3.0,2.0,1,2.0,0,3.0,2006.0,1,999,1.0,1,40.0,0.0,38,52.0,218,0.0,600,1.0,1,2,3.0,0.0,2.0,5.0,2,4.0,1,51
0,327.0,60000.0,60000.0,81,60000.0,88,1.0,999,1.0,16.0,20,1.0,1.0,2,1,0,2.0,1,2.0,1000,3.0,0.0,3.0,2.0,1,2.0,0,3.0,2020.0,1,999,1.0,1,40.0,0.0,38,52.0,25,0.0,500,1.0,4,2,3.0,0.0,2.0,5.0,2,4.0,1,31
0,327.0,40000.0,40000.0,35,40000.0,80,1.0,999,1.0,20.0,21,1.0,1.0,2,1,0,2.0,1,2.0,1000,3.0,0.0,3.0,2.0,1,2.0,0,3.0,2020.0,1,999,1.0,1,45.0,0.0,38,52.0,31,0.0,500,1.0,4,2,3.0,0.0,2.0,5.0,2,4.0,1,26
0,443.0,38000.0,38000.0,51,38000.0,07,1.0,32,1.0,20.0,20,1.0,1.0,2,1,1,2.0,1,2.0,1000,2.0,0.0,2.0,2.0,1,2.0,0,2.0,1998.0,1,82,7.0,1,40.0,0.0,38,52.0,14,0.0,600,1.0,2,2,3.0,0.0,2.0,5.0,2,4.0,1,60
0,443.0,50000.0,50000.0,63,50000.0,07,1.0,50,1.0,16.0,21,1.0,1.0,2,1,0,2.0,1,2.0,1000,2.0,0.0,2.0,2.0,1,2.0,0,2.0,1998.0,1,32,7.0,1,80.0,0.0,38,52.0,14,0.0,600,1.0,2,2,3.0,0.0,2.0,5.0,2,4.0,1,65
0,286.0,45000.0,45000.0,41,45000.0,86,3.0,32,1.0,16.0,20,6.0,2.0,2,5,0,2.0,1,2.0,1000,1.0,0.0,2.0,2.0,1,2.0,0,2.0,1995.0,1,999,1.0,1,40.0,0.0,36,52.0,154,0.0,100,3.0,1,2,3.0,0.0,2.0,1.0,2,4.0,1,21
0,241.0,38000.0,38000.0,96,38000.0,53,1.0,720,1.0,19.0,22,4.0,1.0,2,3,0,2.0,6,2.0,4008,3.0,0.0,3.0,2.0,6,2.0,0,3.0,2013.0,0,999,1.0,4,55.0,0.0,233,52.0,652,0.0,100,3.0,1,2,3.0,0.0,2.0,5.0,2,4.0,1,32
0,312.0,48000.0,48000.0,12,48000.0,81,1.0,32,1.0,21.0,20,6.0,1.0,2,5,0,2.0,1,2.0,1000,3.0,0.0,3.0,2.0,1,2.0,0,3.0,1995.0,1,171,2.0,1,40.0,0.0,27,52.0,161,0.0,600,1.0,2,2,3.0,0.0,2.0,5.0,2,4.0,1,24
0,191.0,40000.0,40000.0,02,40000.0,01,6.0,82,1.0,19.0,20,6.0,2.0,2,5,2,2.0,1,2.0,1000,2.0,0.0,2.0,2.0,1,2.0,0,2.0,1995.0,1,999,7.0,1,60.0,0.0,38,52.0,39,0.0,400,1.0,1,2,3.0,0.0,2.0,5.0,2,4.0,1,41
0,501.0,49500.0,24300.0,04,24300.0,91,1.0,291,1.0,11.0,20,1.0,1.0,1,1,0,2.0,15,2.0,8000,3.0,0.0,3.0,2.0,8,2.0,0,3.0,1997.0,0,32,2.0,1,25.0,0.0,16,52.0,70,25200.0,100,1.0,2,2,3.0,0.0,2.0,5.0,1,4.0,24,46
0,501.0,155000.0,155000.0,00,150000.0,78,1.0,999,1.0,22.0,21,1.0,1.0,2,1,0,2.0,1,2.0,1000,3.0,0.0,3.0,2.0,1,2.0,0,3.0,1997.0,1,999,4.0,1,80.0,0.0,38,52.0,56,0.0,100,1.0,4,2,3.0,0.0,2.0,5.0,2,4.0,1,45
0,501.0,6000.0,6000.0,60,6000.0,02,6.0,999,1.0,18.0,25,6.0,1.0,1,5,0,1.0,29,2.0,9000,3.0,0.0,3.0,2.0,9,2.0,0,3.0,1995.0,1,999,1.0,1,40.0,0.0,8,12.0,133,0.0,100,1.0,4,2,3.0,0.0,2.0,5.0,2,4.0,24,18
0,501.0,36000.0,36000.0,96,36000.0,81,1.0,82,1.0,19.0,20,1.0,1.0,2,1,0,2.0,1,2.0,1000,2.0,0.0,2.0,2.0,1,2.0,0,2.0,2016.0,1,999,1.0,1,40.0,0.0,8,52.0,279,0.0,600,1.0,1,2,3.0,0.0,2.0,5.0,2,4.0,1,58
0,501.0,68000.0,68000.0,54,68000.0,50,1.0,82,1.0,19.0,21,1.0,1.0,2,1,0,2.0,1,2.0,1000,2.0,0.0,2.0,2.0,1,2.0,0,2.0,2016.0,1,999,1.0,1,40.0,0.0,27,52.0,299,0.0,600,1.0,1,2,3.0,0.0,2.0,5.0,2,4.0,1,60
0,501.0,6000.0,0.0,23,0.0,78,6.0,996,2.0,21.0,20,1.0,2.0,2,1,0,2.0,1,2.0,1000,2.0,0.0,2.0,2.0,1,2.0,0,2.0,2012.0,1,999,3.0,1,40.0,0.0,48,52.0,255,0.0,100,1.0,3,2,3.0,0.0,2.0,5.0,2,4.0,1,36
0,324.0,14700.0,14700.0,25,14700.0,78,1.0,999,1.0,20.0,20,1.0,1.0,2,1,0,2.0,1,2.0,1000,3.0,0.0,3.0,2.0,1,2.0,0,3.0,2012.0,1,999,3.0,1,38.0,0.0,53,33.0,96,0.0,100,1.0,4,2,3.0,0.0,2.0,5.0,2,4.0,1,34
0,324.0,100000.0,100000.0,13,100000.0,07,1.0,999,1.0,22.0,21,1.0,1.0,2,1,0,2.0,1,2.0,1000,3.0,0.0,3.0,2.0,1,2.0,0,3.0,2012.0,1,999,1.0,1,40.0,0.0,27,52.0,54,0.0,100,1.0,4,2,3.0,0.0,2.0,5.0,2,4.0,1,31
1,1.0,200.0,0.0,47,0.0,86,3.0,920,2.0,19.0,20,1.0,2.0,2,1,0,2.0,3,2.0,5013,1.0,0.0,2.0,2.0,3,2.0,1,2.0,2022.0,0,999,1.0,1,40.0,0.0,38,52.0,172,0.0,100,3.0,1,2,3.0,0.0,2.0,1.0,2,4.0,1,19
1,1.0,200.0,0.0,40,0.0,86,6.0,920,2.0,12.0,21,1.0,2.0,2,1,0,2.0,3,2.0,5013,2.0,0.0,2.0,2.0,3,2.0,1,2.0,2022.0,0,999,1.0,1,40.0,0.0,38,52.0,165,0.0,100,3.0,1,2,3.0,0.0,2.0,5.0,2,4.0,1,18
0,225.0,35250.0,35000.0,02,0.0,01,1.0,32,1.0,16.0,20,4.0,1.0,2,3,0,2.0,1,2.0,1000,3.0,0.0,3.0,2.0,1,2.0,0,3.0,1986.0,1,999,6.0,1,50.0,0.0,38,52.0,47,130.0,200,1.0,1,2,3.0,0.0,2.0,5.0,2,3.0,1,61
0,192.0,30010.0,30000.0,36,30000.0,82,1.0,32,1.0,16.0,22,4.0,1.0,2,3,0,2.0,1,2.0,1000,3.0,0.0,3.0,2.0,1,2.0,0,3.0,1993.0,1,999,1.0,1,39.0,0.0,38,52.0,63,10.0,200,1.0,1,2,3.0,0.0,2.0,5.0,2,4.0,1,50
0,449.0,72000.0,72000.0,08,72000.0,85,1.0,82,1.0,21.0,20,1.0,1.0,2,1,0,2.0,1,2.0,1000,3.0,0.0,3.0,2.0,1,2.0,0,3.0,2001.0,1,999,4.0,1,40.0,0.0,38,52.0,160,0.0,300,1.0,1,2,3.0,0.0,2.0,5.0,2,4.0,1,45
0,449.0,80000.0,80000.0,08,80000.0,74,1.0,22,1.0,22.0,21,1.0,1.0,2,1,0,2.0,1,2.0,1000,3.0,0.0,3.0,2.0,1,2.0,0,3.0,2001.0,1,999,2.0,1,45.0,0.0,30,52.0,131,0.0,300,1.0,1,2,3.0,0.0,2.0,5.0,2,4.0,1,44
0,422.0,26500.0,26000.0,58,17000.0,61,1.0,32,1.0,19.0,20,1.0,1.0,2,1,1,2.0,1,2.0,1000,3.0,0.0,3.0,2.0,1,2.0,0,3.0,1988.0,1,82,7.0,1,40.0,0.0,38,52.0,40,500.0,400,1.0,2,2,3.0,0.0,2.0,5.0,2,4.0,1,55
0,422.0,58500.0,58000.0,91,58000.0,61,1.0,32,1.0,19.0,21,1.0,1.0,2,1,1,2.0,1,2.0,1000,3.0,0.0,3.0,2.0,1,2.0,0,3.0,1988.0,1,82,7.0,1,50.0,0.0,38,52.0,35,500.0,400,1.0,2,2,3.0,0.0,2.0,5.0,2,3.0,1,57
0,501.0,93100.0,93000.0,06,93000.0,75,1.0,32,1.0,21.0,20,1.0,1.0,2,1,0,2.0,1,2.0,1000,3.0,0.0,3.0,2.0,1,2.0,0,3.0,2023.0,1,999,1.0,1,50.0,0.0,27,52.0,190,100.0,600,1.0,1,2,3.0,0.0,1.0,5.0,2,4.0,1,26
0,501.0,45100.0,45000.0,02,45000.0,78,1.0,142,1.0,22.0,21,1.0,1.0,2,1,0,2.0,1,2.0,1000,3.0,0.0,3.0,2.0,1,2.0,0,3.0,2023.0,1,32,4.0,1,70.0,0.0,27,52.0,146,100.0,600,1.0,2,2,3.0,0.0,1.0,5.0,2,4.0,1,26
0,258.0,40300.0,40000.0,40,40000.0,82,1.0,999,1.0,16.0,20,4.0,1.0,2,3,0,2.0,1,2.0,1000,3.0,0.0,3.0,2.0,1,2.0,0,3.0,1979.0,1,999,2.0,1,40.0,0.0,38,52.0,12,300.0,600,1.0,4,2,3.0,0.0,2.0,5.0,2,4.0,1,62
0,317.0,105000.0,105000.0,14,105000.0,10,1.0,999,1.0,22.0,20,1.0,1.0,2,1,0,2.0,1,2.0,1000,3.0,0.0,3.0,2.0,1,2.0,0,3.0,2013.0,1,999,1.0,5,42.0,0.0,129,52.0,74,0.0,500,1.0,4,2,3.0,0.0,2.0,5.0,2,4.0,1,34
0,317.0,10000.0,10000.0,36,10000.0,79,6.0,999,1.0,18.0,21,1.0,1.0,2,1,0,2.0,1,2.0,1000,3.0,0.0,3.0,2.0,1,2.0,0,3.0,2013.0,1,999,1.0,1,25.0,0.0,38,10.0,65,0.0,500,1.0,4,2,3.0,0.0,2.0,5.0,2,4.0,1,41
0,501.0,80000.0,80000.0,11,80000.0,74,1.0,999,1.0,21.0,21,1.0,1.0,2,1,0,2.0,1,2.0,1000,3.0,0.0,3.0,2.0,1,2.0,0,3.0,2019.0,1,999,1.0,1,45.0,0.0,38,52.0,72,0.0,600,1.0,4,2,3.0,0.0,2.0,5.0,2,4.0,1,30
0,376.0,49400.0,49400.0,50,49400.0,42,1.0,32,1.0,19.0,20,1.0,1.0,2,1,0,2.0,1,2.0,1000,3.0,0.0,3.0,2.0,1,2.0,0,3.0,1983.0,1,999,1.0,1,45.0,0.0,38,52.0,74,0.0,200,1.0,1,2,3.0,0.0,2.0,5.0,2,4.0,1,62
0,376.0,26550.0,26500.0,58,26500.0,70,1.0,32,1.0,21.0,21,1.0,1.0,2,1,0,2.0,1,2.0,1000,3.0,0.0,3.0,2.0,1,2.0,0,3.0,1983.0,1,50,1.0,1,40.0,0.0,38,52.0,112,50.0,200,1.0,2,2,3.0,0.0,2.0,5.0,2,4.0,1,61
0,426.0,42000.0,42000.0,23,42000.0,78,1.0,50,1.0,21.0,20,1.0,1.0,2,1,0,2.0,1,2.0,1000,3.0,0.0,3.0,2.0,1,2.0,0,3.0,2016.0,1,22,3.0,1,45.0,0.0,17,52.0,241,0.0,500,1.0,2,2,3.0,0.0,2.0,5.0,2,4.0,1,31
0,426.0,42000.0,42000.0,23,42000.0,78,1.0,32,1.0,21.0,21,1.0,1.0,2,1,0,2.0,1,2.0,1000,3.0,0.0,3.0,2.0,1,2.0,0,3.0,2016.0,1,22,3.0,1,45.0,0.0,48,52.0,287,0.0,500,1.0,2,2,3.0,0.0,2.0,5.0,2,4.0,1,30
1,83.0,23000.0,23000.0,48,23000.0,48,1.0,32,1.0,16.0,20,1.0,1.0,2,1,0,2.0,1,2.0,1000,3.0,0.0,3.0,2.0,1,2.0,0,3.0,2014.0,1,26,1.0,1,40.0,0.0,42,52.0,23,0.0,400,1.0,2,2,3.0,0.0,2.0,5.0,2,4.0,1,34
1,83.0,2300.0,2200.0,62,2000.0,07,3.0,999,1.0,16.0,21,1.0,1.0,1,1,0,2.0,1,1.0,1000,3.0,0.0,3.0,1.0,1,2.0,0,3.0,2014.0,1,999,6.0,1,10.0,0.0,38,5.0,32,0.0,400,1.0,4,2,3.0,100.0,2.0,5.0,2,4.0,1,35
0,451.0,70000.0,70000.0,10,70000.0,78,1.0,999,1.0,16.0,20,6.0,1.0,2,5,0,2.0,1,2.0,1000,3.0,0.0,3.0,2.0,1,2.0,0,3.0,1995.0,1,999,3.0,1,45.0,0.0,38,52.0,57,0.0,400,1.0,4,2,3.0,0.0,2.0,5.0,2,4.0,1,45
0,322.0,49900.0,49900.0,77,49900.0,23,1.0,999,1.0,17.0,22,4.0,1.0,2,3,0,2.0,1,2.0,1000,3.0,0.0,3.0,2.0,1,2.0,0,3.0,2004.0,1,999,1.0,1,40.0,0.0,6,52.0,40,0.0,400,1.0,4,2,3.0,0.0,2.0,5.0,2,4.0,1,36
0,375.0,39400.0,39400.0,39,39400.0,76,1.0,996,1.0,16.0,20,1.0,1.0,2,1,0,2.0,1,2.0,1000,3.0,0.0,3.0,2.0,1,2.0,0,3.0,1989.0,1,999,1.0,1,45.0,0.0,38,52.0,78,0.0,300,1.0,3,2,3.0,0.0,2.0,5.0,2,4.0,1,59
0,375.0,36900.0,36900.0,34,36900.0,81,1.0,996,1.0,17.0,21,1.0,1.0,2,1,0,2.0,1,2.0,1000,3.0,0.0,3.0,2.0,1,2.0,0,3.0,1989.0,1,999,1.0,1,40.0,0.0,38,52.0,71,0.0,300,1.0,3,2,3.0,0.0,2.0,5.0,2,4.0,1,58
0,501.0,90000.0,90000.0,14,90000.0,07,1.0,51,1.0,17.0,20,1.0,1.0,2,1,0,2.0,1,2.0,1000,3.0,0.0,3.0,2.0,1,2.0,0,3.0,2003.0,1,999,1.0,1,50.0,0.0,41,52.0,564,0.0,100,1.0,1,2,3.0,0.0,2.0,5.0,2,4.0,1,44
0,501.0,60000.0,60000.0,58,60000.0,07,1.0,32,1.0,16.0,21,1.0,1.0,2,1,0,2.0,1,2.0,1000,3.0,0.0,3.0,2.0,1,2.0,0,3.0,2003.0,1,999,1.0,1,40.0,0.0,41,52.0,549,0.0,100,1.0,1,2,3.0,0.0,2.0,5.0,2,4.0,1,45
0,360.0,51600.0,18000.0,24,18000.0,85,1.0,82,1.0,20.0,20,2.0,1.0,2,1,0,2.0,1,2.0,1000,3.0,0.0,3.0,2.0,1,2.0,0,3.0,1981.0,1,89,4.0,1,35.0,10800.0,27,14.0,37,15600.0,400,1.0,2,2,3.0,0.0,2.0,5.0,2,4.0,1,65
0,501.0,86400.0,72000.0,72,72000.0,32,1.0,82,1.0,20.0,34,2.0,1.0,2,1,0,2.0,1,2.0,1000,3.0,0.0,3.0,2.0,1,2.0,0,3.0,1981.0,1,89,1.0,1,53.0,0.0,27,52.0,2,14400.0,400,1.0,2,2,3.0,0.0,2.0,5.0,2,4.0,1,64
0,385.0,60004.0,60000.0,62,60000.0,07,1.0,999,1.0,18.0,20,6.0,1.0,2,5,0,2.0,15,2.0,8000,3.0,0.0,3.0,2.0,8,2.0,0,3.0,1995.0,0,999,1.0,1,40.0,0.0,6,52.0,17,0.0,600,1.0,4,2,3.0,0.0,2.0,5.0,2,2.0,1,54
0,257.0,39390.0,39000.0,63,39000.0,07,6.0,82,1.0,16.0,20,3.0,2.0,2,2,1,2.0,1,2.0,1000,2.0,0.0,2.0,2.0,1,2.0,0,2.0,1991.0,1,999,1.0,1,30.0,0.0,38,36.0,39,390.0,500,1.0,1,2,3.0,0.0,2.0,5.0,2,4.0,1,61
0,231.0,104000.0,104000.0,08,104000.0,07,1.0,939,1.0,21.0,20,1.0,1.0,2,1,0,2.0,15,2.0,8000,3.0,0.0,3.0,2.0,8,2.0,0,3.0,2013.0,0,999,1.0,1,46.0,0.0,38,52.0,71,0.0,500,1.0,1,2,3.0,0.0,2.0,5.0,2,4.0,1,34
0,231.0,0.0,0.0,42,0.0,69,6.0,939,3.0,24.0,21,1.0,2.0,2,1,0,2.0,15,2.0,8000,2.0,0.0,2.0,2.0,8,2.0,0,2.0,2013.0,0,999,1.0,5,40.0,0.0,139,52.0,60,0.0,500,1.0,1,2,3.0,0.0,2.0,5.0,2,4.0,1,32
0,90.0,14000.0,14000.0,49,14000.0,70,1.0,939,1.0,20.0,20,6.0,1.0,2,5,2,2.0,1,2.0,1000,3.0,0.0,3.0,2.0,1,2.0,0,3.0,1995.0,1,999,1.0,1,40.0,0.0,27,52.0,192,0.0,500,1.0,1,2,3.0,0.0,2.0,5.0,2,4.0,1,20
1,127.0,19800.0,19800.0,42,19800.0,76,1.0,211,1.0,16.0,34,6.0,1.0,2,5,0,2.0,15,2.0,8000,3.0,0.0,3.0,2.0,8,2.0,0,3.0,1995.0,0,999,1.0,1,50.0,0.0,27,52.0,62,0.0,500,1.0,1,2,3.0,0.0,2.0,5.0,2,4.0,2,21
0,307.0,48000.0,48000.0,32,48000.0,81,1.0,599,1.0,20.0,20,4.0,1.0,2,3,0,2.0,2,2.0,3000,3.0,0.0,3.0,2.0,2,2.0,0,3.0,2017.0,0,999,1.0,6,40.0,0.0,427,52.0,147,0.0,600,1.0,1,2,3.0,0.0,2.0,5.0,2,4.0,1,40
0,360.0,55600.0,55000.0,32,55000.0,81,1.0,82,1.0,21.0,20,6.0,1.0,2,5,0,2.0,1,2.0,1000,3.0,0.0,3.0,2.0,1,2.0,0,3.0,1995.0,1,999,1.0,1,40.0,0.0,38,52.0,302,0.0,600,1.0,1,2,3.0,0.0,2.0,5.0,2,4.0,1,22
0,501.0,60000.0,60000.0,04,60000.0,77,1.0,82,1.0,20.0,20,1.0,1.0,2,1,0,2.0,1,2.0,1000,3.0,0.0,3.0,2.0,1,2.0,0,3.0,1991.0,1,999,7.0,1,70.0,0.0,38,52.0,16,0.0,400,1.0,1,2,3.0,0.0,2.0,5.0,2,4.0,1,54
0,501.0,112000.0,112000.0,55,100000.0,63,1.0,32,1.0,20.0,21,1.0,1.0,2,1,0,2.0,1,2.0,1000,3.0,0.0,3.0,2.0,1,2.0,0,3.0,1991.0,1,999,5.0,1,46.0,0.0,38,52.0,17,0.0,400,1.0,1,2,3.0,0.0,2.0,5.0,2,4.0,1,55
0,501.0,70000.0,70000.0,60,70000.0,01,1.0,82,1.0,15.0,25,6.0,1.0,2,5,0,2.0,1,2.0,1000,3.0,0.0,3.0,2.0,1,2.0,0,3.0,1995.0,1,32,1.0,1,45.0,0.0,38,52.0,16,0.0,400,1.0,2,2,3.0,0.0,2.0,5.0,2,4.0,1,20
0,353.0,98000.0,21000.0,02,0.0,01,1.0,999,1.0,21.0,20,1.0,1.0,2,1,2,2.0,1,2.0,1000,3.0,0.0,3.0,2.0,1,2.0,0,3.0,2005.0,1,999,6.0,1,70.0,0.0,38,52.0,38,77000.0,400,1.0,4,2,3.0,0.0,2.0,5.0,2,4.0,1,52
0,353.0,7010.0,7000.0,02,0.0,01,1.0,999,1.0,20.0,21,1.0,1.0,2,1,2,2.0,1,2.0,1000,2.0,0.0,2.0,2.0,1,2.0,0,2.0,2005.0,1,999,6.0,1,14.0,0.0,38,52.0,42,10.0,400,1.0,4,2,3.0,0.0,2.0,5.0,2,4.0,1,38
0,173.0,35400.0,35400.0,51,35400.0,68,1.0,94,1.0,16.0,20,5.0,1.0,2,4,0,2.0,1,2.0,1000,3.0,0.0,3.0,2.0,1,2.0,0,3.0,2013.0,1,98,1.0,1,40.0,0.0,51,52.0,429,0.0,100,3.0,2,2,3.0,0.0,2.0,5.0,2,4.0,1,35
0,229.0,35000.0,35000.0,40,35000.0,86,1.0,32,1.0,14.0,20,6.0,1.0,2,5,0,2.0,1,2.0,1000,3.0,0.0,3.0,2.0,1,2.0,0,3.0,1995.0,1,999,1.0,1,52.0,0.0,38,48.0,384,0.0,500,1.0,1,2,3.0,0.0,2.0,5.0,2,4.0,1,26
0,218.0,50000.0,50000.0,02,0.0,01,1.0,32,1.0,21.0,20,1.0,1.0,2,1,2,2.0,1,2.0,1000,2.0,0.0,2.0,2.0,1,2.0,0,2.0,2016.0,1,999,6.0,1,80.0,0.0,38,52.0,9,0.0,400,1.0,1,2,3.0,0.0,2.0,3.0,2,4.0,1,33
0,218.0,36000.0,36000.0,23,36000.0,78,1.0,32,1.0,21.0,21,1.0,1.0,2,1,0,2.0,1,2.0,1000,3.0,0.0,3.0,2.0,1,2.0,0,3.0,2016.0,1,999,4.0,1,40.0,0.0,38,52.0,9,0.0,400,1.0,1,2,3.0,0.0,2.0,5.0,2,4.0,1,29
0,376.0,56000.0,56000.0,98,56000.0,96,4.0,32,1.0,19.0,20,1.0,1.0,2,1,0,2.0,1,2.0,1000,3.0,0.0,3.0,2.0,1,2.0,0,3.0,2023.0,1,190,5.0,1,60.0,0.0,55,52.0,46,0.0,200,1.0,2,2,3.0,0.0,1.0,5.0,2,1.0,1,27
0,376.0,20000.0,20000.0,25,20000.0,75,1.0,32,1.0,21.0,21,1.0,1.0,2,1,0,2.0,1,2.0,1000,3.0,0.0,3.0,2.0,1,2.0,0,3.0,2023.0,1,82,1.0,1,30.0,0.0,55,52.0,33,0.0,200,1.0,2,2,3.0,0.0,1.0,5.0,2,4.0,1,25
0,70.0,31200.0,28000.0,52,28000.0,93,1.0,917,1.0,20.0,20,4.0,1.0,2,3,0,2.0,3,2.0,5013,3.0,0.0,3.0,2.0,3,2.0,1,3.0,1981.0,0,999,3.0,1,40.0,0.0,38,52.0,92,0.0,100,1.0,1,2,3.0,3200.0,2.0,5.0,2,4.0,1,59
1,70.0,9600.0,0.0,45,0.0,89,3.0,917,2.0,16.0,25,6.0,2.0,2,5,0,2.0,3,2.0,5013,1.0,9600.0,2.0,2.0,3,2.0,1,2.0,1995.0,0,999,2.0,1,40.0,0.0,38,52.0,182,0.0,100,1.0,1,2,3.0,0.0,2.0,1.0,2,4.0,1,38
0,427.0,28000.0,28000.0,58,28000.0,69,1.0,82,1.0,21.0,20,1.0,1.0,2,1,0,2.0,1,2.0,1000,3.0,0.0,3.0,2.0,1,2.0,0,3.0,2000.0,1,999,1.0,1,40.0,0.0,38,52.0,111,0.0,400,1.0,1,2,3.0,0.0,2.0,5.0,2,4.0,1,60
0,427.0,100000.0,100000.0,23,100000.0,30,1.0,32,1.0,21.0,21,1.0,1.0,2,1,0,2.0,1,2.0,1000,3.0,0.0,3.0,2.0,1,2.0,0,3.0,2000.0,1,999,1.0,1,40.0,0.0,38,52.0,70,0.0,400,1.0,1,2,3.0,0.0,2.0,5.0,2,4.0,1,49
0,427.0,6000.0,6000.0,52,6000.0,48,1.0,32,1.0,19.0,25,6.0,1.0,2,5,0,2.0,1,2.0,1000,3.0,0.0,3.0,2.0,1,2.0,0,3.0,1995.0,1,999,1.0,1,32.0,0.0,38,25.0,55,0.0,400,1.0,1,2,3.0,0.0,2.0,5.0,2,4.0,1,20
0,501.0,135000.0,135000.0,67,135000.0,04,1.0,24,1.0,16.0,20,4.0,1.0,2,3,0,2.0,3,2.0,5013,3.0,0.0,3.0,2.0,3,2.0,1,3.0,1985.0,0,920,1.0,1,65.0,0.0,27,52.0,10,0.0,100,1.0,2,2,3.0,0.0,2.0,5.0,2,4.0,1,63
0,501.0,700.0,700.0,68,700.0,04,3.0,32,1.0,14.0,25,2.0,2.0,2,1,0,2.0,1,2.0,1000,1.0,0.0,2.0,2.0,1,2.0,0,2.0,2022.0,1,89,1.0,1,50.0,0.0,27,1.0,27,0.0,100,1.0,2,2,3.0,0.0,2.0,1.0,2,4.0,1,21
0,501.0,87500.0,70000.0,22,70000.0,78,1.0,917,1.0,24.0,20,3.0,1.0,2,2,0,2.0,3,2.0,5025,3.0,0.0,3.0,2.0,5,2.0,1,3.0,1979.0,0,999,1.0,7,40.0,17500.0,301,52.0,161,0.0,400,1.0,1,2,3.0,0.0,2.0,5.0,2,4.0,1,64
0,501.0,51700.0,42100.0,54,42100.0,81,1.0,917,1.0,19.0,25,3.0,1.0,2,2,0,2.0,3,2.0,5013,3.0,9600.0,3.0,2.0,3,2.0,1,3.0,2014.0,0,999,1.0,1,40.0,0.0,38,52.0,132,0.0,400,1.0,1,2,3.0,0.0,2.0,5.0,2,4.0,1,44
0,501.0,0.0,0.0,36,0.0,82,6.0,917,2.0,18.0,30,6.0,2.0,2,5,0,2.0,3,2.0,5013,2.0,0.0,2.0,2.0,3,2.0,1,2.0,1995.0,0,999,1.0,1,40.0,0.0,38,52.0,151,0.0,400,1.0,1,2,3.0,0.0,2.0,5.0,2,4.0,1,19
1,501.0,42600.0,35000.0,63,35000.0,07,3.0,920,1.0,15.0,33,6.0,1.0,1,5,0,2.0,3,1.0,5013,3.0,0.0,3.0,1.0,3,1.0,1,3.0,1995.0,0,999,1.0,1,80.0,0.0,38,24.0,208,0.0,400,1.0,1,2,3.0,0.0,2.0,5.0,2,4.0,1,29
0,356.0,32700.0,32700.0,47,32700.0,51,1.0,924,1.0,16.0,20,1.0,1.0,2,1,0,2.0,1,2.0,1000,3.0,0.0,3.0,2.0,1,2.0,0,3.0,2016.0,1,32,1.0,1,40.0,0.0,38,52.0,13,0.0,200,1.0,2,2,3.0,0.0,2.0,5.0,2,4.0,1,26
0,356.0,76000.0,76000.0,72,76000.0,87,1.0,924,1.0,17.0,21,1.0,1.0,2,1,0,2.0,1,2.0,1000,3.0,0.0,3.0,2.0,1,2.0,0,3.0,2016.0,1,22,1.0,7,40.0,0.0,301,52.0,11,0.0,200,1.0,2,2,3.0,0.0,2.0,5.0,2,4.0,1,28
0,501.0,19200.0,0.0,70,0.0,87,6.0,82,2.0,19.0,20,1.0,2.0,1,1,0,2.0,1,2.0,1000,2.0,0.0,2.0,2.0,1,2.0,0,2.0,2018.0,1,50,1.0,1,40.0,19200.0,27,52.0,223,0.0,600,1.0,2,2,3.0,0.0,2.0,5.0,1,2.0,1,43
0,501.0,135000.0,135000.0,11,135000.0,72,1.0,615,1.0,22.0,21,1.0,1.0,2,1,0,2.0,4,2.0,4015,3.0,0.0,3.0,2.0,6,2.0,0,3.0,2018.0,0,999,1.0,4,40.0,0.0,235,52.0,188,0.0,600,1.0,1,2,3.0,0.0,2.0,5.0,2,4.0,1,37
0,208.0,50000.0,50000.0,08,0.0,72,1.0,32,1.0,21.0,20,4.0,1.0,2,3,2,2.0,1,2.0,1000,3.0,0.0,3.0,2.0,1,2.0,0,3.0,2000.0,1,82,6.0,1,40.0,0.0,38,52.0,183,0.0,600,1.0,2,2,3.0,0.0,2.0,5.0,2,4.0,1,45
0,451.0,70000.0,70000.0,70,70000.0,66,1.0,996,1.0,20.0,22,6.0,1.0,2,5,0,2.0,1,2.0,1000,3.0,0.0,3.0,2.0,1,2.0,0,3.0,1995.0,1,999,1.0,1,45.0,0.0,27,52.0,275,0.0,600,3.0,3,2,3.0,0.0,2.0,5.0,2,4.0,1,35
0,501.0,55000.0,55000.0,23,55000.0,78,1.0,82,1.0,21.0,20,1.0,1.0,2,1,0,2.0,1,2.0,1000,3.0,0.0,3.0,2.0,1,2.0,0,3.0,1995.0,1,32,3.0,1,50.0,0.0,38,36.0,36,0.0,200,1.0,2,2,3.0,0.0,2.0,5.0,2,4.0,1,53
0,501.0,81000.0,72000.0,23,58000.0,78,1.0,50,1.0,21.0,21,1.0,1.0,2,1,0,2.0,1,2.0,1000,3.0,0.0,3.0,2.0,1,2.0,0,3.0,1995.0,1,32,3.0,1,20.0,0.0,38,36.0,18,0.0,200,1.0,2,2,3.0,0.0,2.0,5.0,2,4.0,1,56
0,501.0,60000.0,60000.0,22,60000.0,78,1.0,32,1.0,22.0,21,1.0,1.0,2,1,0,2.0,1,2.0,1000,3.0,0.0,3.0,2.0,1,2.0,0,3.0,2006.0,1,22,4.0,1,40.0,0.0,48,52.0,62,0.0,100,1.0,2,2,3.0,0.0,2.0,5.0,2,4.0,1,35
0,177.0,28000.0,28000.0,60,28000.0,01,1.0,999,1.0,20.0,20,6.0,1.0,2,5,2,2.0,3,2.0,5025,3.0,0.0,3.0,2.0,5,2.0,1,3.0,1995.0,0,999,3.0,1,40.0,0.0,38,12.0,41,0.0,200,1.0,4,2,3.0,0.0,2.0,5.0,2,4.0,1,51
0,238.0,25000.0,25000.0,02,0.0,01,1.0,32,1.0,19.0,25,4.0,1.0,2,3,2,2.0,1,2.0,1000,2.0,0.0,2.0,2.0,1,2.0,0,2.0,1988.0,1,999,6.0,1,40.0,0.0,38,52.0,93,0.0,500,1.0,1,2,3.0,0.0,2.0,5.0,2,4.0,1,61
0,501.0,140000.0,140000.0,62,140000.0,07,1.0,82,1.0,21.0,20,6.0,1.0,2,5,0,2.0,1,2.0,1000,3.0,0.0,3.0,2.0,1,2.0,0,3.0,1995.0,1,999,5.0,1,40.0,0.0,38,52.0,319,0.0,300,3.0,1,2,3.0,0.0,2.0,5.0,2,4.0,1,42
0,501.0,64000.0,64000.0,60,64000.0,01,1.0,924,1.0,16.0,20,1.0,1.0,2,1,0,2.0,1,2.0,1000,3.0,0.0,3.0,2.0,1,2.0,0,3.0,1982.0,1,142,7.0,1,55.0,0.0,38,52.0,12,0.0,500,1.0,2,2,3.0,0.0,2.0,5.0,2,4.0,1,59
0,501.0,24000.0,24000.0,57,24000.0,78,1.0,924,1.0,19.0,21,1.0,1.0,2,1,0,2.0,1,2.0,1000,3.0,0.0,3.0,2.0,1,2.0,0,3.0,1982.0,1,82,4.0,1,40.0,0.0,38,48.0,13,0.0,500,1.0,2,2,3.0,0.0,2.0,5.0,2,4.0,1,61
0,501.0,38000.0,38000.0,47,38000.0,51,1.0,924,1.0,19.0,25,6.0,1.0,2,5,0,2.0,1,2.0,1000,3.0,0.0,3.0,2.0,1,2.0,0,3.0,1995.0,1,142,1.0,1,40.0,0.0,38,52.0,2,0.0,500,3.0,2,2,3.0,0.0,2.0,5.0,2,4.0,1,30
0,140.0,34000.0,34000.0,05,34000.0,93,1.0,917,1.0,18.0,20,4.0,1.0,2,3,0,2.0,3,2.0,5013,3.0,0.0,3.0,2.0,3,2.0,1,3.0,2010.0,0,999,3.0,1,40.0,0.0,38,52.0,89,0.0,100,1.0,1,2,3.0,0.0,2.0,5.0,2,2.0,1,43
0,319.0,50000.0,50000.0,73,50000.0,85,1.0,917,1.0,20.0,22,4.0,1.0,2,3,0,2.0,3,2.0,5013,3.0,0.0,3.0,2.0,3,2.0,1,3.0,2007.0,0,999,1.0,1,40.0,0.0,38,52.0,83,0.0,100,3.0,1,2,3.0,0.0,2.0,5.0,2,4.0,1,42
1,140.0,0.0,0.0,45,0.0,85,6.0,917,2.0,13.0,28,4.0,2.0,2,3,0,2.0,3,2.0,5013,2.0,0.0,2.0,2.0,3,2.0,1,2.0,2010.0,0,999,1.0,1,40.0,0.0,38,52.0,101,0.0,100,1.0,1,2,3.0,0.0,2.0,5.0,2,4.0,1,40
0,378.0,92300.0,90000.0,11,90000.0,73,1.0,32,1.0,19.0,20,6.0,1.0,2,5,0,2.0,26,2.0,9000,3.0,0.0,3.0,2.0,9,2.0,0,3.0,1995.0,1,822,1.0,1,40.0,0.0,6,52.0,41,0.0,100,3.0,2,2,3.0,0.0,2.0,5.0,2,4.0,1,40
0,317.0,50000.0,50000.0,07,0.0,73,1.0,50,1.0,16.0,22,6.0,1.0,2,5,0,2.0,1,2.0,1000,3.0,0.0,3.0,2.0,1,2.0,0,3.0,1995.0,1,919,6.0,1,40.0,0.0,6,52.0,10,0.0,100,3.0,2,2,3.0,0.0,2.0,5.0,2,4.0,1,33
0,361.0,55000.0,55000.0,01,55000.0,62,1.0,142,1.0,19.0,20,2.0,1.0,1,1,0,1.0,1,2.0,1000,3.0,0.0,3.0,2.0,1,2.0,0,3.0,2022.0,1,89,1.0,1,45.0,0.0,27,52.0,24,0.0,500,1.0,2,2,3.0,0.0,1.0,5.0,2,4.0,1,42
0,295.0,46000.0,46000.0,08,46000.0,69,1.0,32,1.0,16.0,20,3.0,1.0,2,2,0,2.0,1,2.0,1000,3.0,0.0,3.0,2.0,1,2.0,0,3.0,1978.0,1,148,1.0,1,40.0,0.0,38,52.0,10,0.0,400,1.0,2,2,3.0,0.0,2.0,5.0,2,4.0,1,64
0,418.0,64600.0,26400.0,07,26400.0,93,1.0,920,1.0,19.0,20,3.0,1.0,2,2,0,2.0,3,2.0,5014,1.0,17600.0,1.0,2.0,5,2.0,1,3.0,1995.0,0,999,5.0,1,40.0,0.0,38,52.0,452,14000.0,200,3.0,1,2,2.0,0.0,2.0,3.0,2,4.0,1,55
0,501.0,5000.0,5000.0,32,5000.0,81,1.0,999,1.0,20.0,20,1.0,1.0,2,1,0,2.0,1,2.0,1000,3.0,0.0,3.0,2.0,1,2.0,0,3.0,2011.0,1,999,5.0,1,15.0,0.0,17,3.0,163,0.0,600,1.0,4,2,3.0,0.0,2.0,5.0,2,4.0,1,36
0,247.0,85000.0,85000.0,68,85000.0,03,1.0,920,1.0,15.0,20,6.0,1.0,2,5,0,2.0,3,2.0,5006,3.0,0.0,3.0,2.0,3,2.0,1,3.0,1995.0,0,999,2.0,1,40.0,0.0,35,52.0,92,0.0,100,1.0,1,2,3.0,0.0,2.0,5.0,2,4.0,1,38
1,160.0,24400.0,24400.0,42,24400.0,86,2.0,920,1.0,18.0,22,6.0,2.0,2,5,0,2.0,3,2.0,5006,3.0,0.0,2.0,2.0,3,2.0,1,1.0,1995.0,0,999,2.0,1,30.0,0.0,35,52.0,50,0.0,100,1.0,1,2,3.0,0.0,2.0,5.0,2,4.0,1,32
1,167.0,9900.0,0.0,42,0.0,69,6.0,290,3.0,16.0,20,1.0,2.0,2,1,0,2.0,1,2.0,1000,2.0,9900.0,2.0,2.0,1,2.0,0,2.0,2015.0,1,999,1.0,1,40.0,0.0,6,52.0,54,0.0,400,1.0,1,2,3.0,0.0,2.0,5.0,2,4.0,7,26
0,167.0,50000.0,50000.0,02,0.0,01,1.0,290,1.0,1.0,21,1.0,1.0,2,1,0,2.0,1,2.0,1000,3.0,0.0,3.0,2.0,1,2.0,0,3.0,2015.0,1,999,6.0,3,60.0,0.0,313,52.0,56,0.0,400,1.0,1,2,3.0,0.0,2.0,5.0,2,4.0,7,28
0,501.0,85000.0,85000.0,73,85000.0,10,1.0,996,1.0,19.0,20,6.0,1.0,2,5,0,2.0,1,2.0,1000,3.0,0.0,3.0,2.0,1,2.0,0,3.0,1995.0,1,999,1.0,1,40.0,0.0,38,52.0,21,0.0,500,1.0,3,2,3.0,0.0,2.0,5.0,2,4.0,1,40
0,327.0,49900.0,49900.0,06,49900.0,94,1.0,51,1.0,20.0,22,6.0,1.0,2,5,0,2.0,1,2.0,1000,3.0,0.0,3.0,2.0,1,2.0,0,3.0,1995.0,1,32,4.0,1,40.0,0.0,27,52.0,22,0.0,500,1.0,2,2,3.0,0.0,2.0,5.0,2,4.0,1,40
0,125.0,30000.0,30000.0,48,30000.0,45,1.0,999,1.0,21.0,20,6.0,1.0,2,5,0,2.0,29,2.0,9000,3.0,0.0,3.0,2.0,9,2.0,0,3.0,1995.0,1,999,1.0,1,40.0,0.0,38,52.0,121,0.0,600,1.0,4,2,3.0,0.0,2.0,5.0,2,4.0,1,31
0,289.0,80000.0,80000.0,60,80000.0,01,1.0,999,1.0,19.0,20,1.0,1.0,2,1,0,2.0,1,2.0,1000,3.0,0.0,3.0,2.0,1,2.0,0,3.0,2009.0,1,999,1.0,1,50.0,0.0,27,52.0,61,0.0,400,1.0,4,2,3.0,0.0,2.0,5.0,2,4.0,1,36
0,289.0,25000.0,25000.0,46,25000.0,84,1.0,999,1.0,20.0,21,1.0,1.0,2,1,2,2.0,1,2.0,1000,3.0,0.0,3.0,2.0,1,2.0,0,3.0,2009.0,1,999,7.0,1,40.0,0.0,38,52.0,51,0.0,400,1.0,4,2,3.0,0.0,2.0,5.0,2,4.0,1,36
1,83.0,19900.0,0.0,42,0.0,69,6.0,919,3.0,18.0,20,6.0,2.0,1,5,0,2.0,41,2.0,9000,2.0,11000.0,2.0,2.0,9,2.0,1,2.0,1995.0,0,211,1.0,1,40.0,0.0,6,52.0,20,0.0,200,1.0,2,2,3.0,0.0,2.0,5.0,1,4.0,2,33
0,256.0,48000.0,48000.0,51,48000.0,68,1.0,32,1.0,21.0,20,1.0,1.0,2,1,0,2.0,1,2.0,1000,3.0,0.0,3.0,2.0,1,2.0,0,3.0,2012.0,1,999,1.0,1,30.0,0.0,46,52.0,98,0.0,400,3.0,1,2,3.0,0.0,2.0,5.0,2,4.0,1,36
0,256.0,30000.0,30000.0,26,30000.0,73,1.0,999,1.0,21.0,21,1.0,1.0,2,1,0,2.0,1,2.0,1000,3.0,0.0,3.0,2.0,1,2.0,0,3.0,2012.0,1,999,1.0,1,50.0,0.0,46,52.0,92,0.0,400,3.0,4,2,3.0,0.0,2.0,5.0,2,4.0,1,33
0,259.0,40900.0,40900.0,03,35900.0,86,1.0,22,1.0,22.0,20,4.0,1.0,1,3,0,1.0,1,2.0,1000,2.0,0.0,2.0,2.0,1,2.0,0,2.0,2016.0,1,999,1.0,1,50.0,0.0,13,52.0,100,0.0,200,1.0,1,2,3.0,0.0,2.0,5.0,2,4.0,1,42
0,348.0,55000.0,55000.0,91,55000.0,40,1.0,82,1.0,13.0,22,4.0,1.0,2,3,0,2.0,1,2.0,1000,3.0,0.0,3.0,2.0,1,2.0,0,3.0,2000.0,1,999,1.0,1,50.0,0.0,38,52.0,86,0.0,200,1.0,1,2,3.0,0.0,2.0,5.0,2,4.0,1,42
0,501.0,55000.0,55000.0,20,55000.0,91,1.0,98,1.0,22.0,20,1.0,1.0,2,1,0,2.0,1,2.0,1000,3.0,0.0,3.0,2.0,1,2.0,0,3.0,2001.0,1,999,2.0,1,50.0,0.0,38,52.0,203,0.0,100,1.0,1,2,3.0,0.0,2.0,5.0,2,4.0,1,45
0,501.0,155000.0,155000.0,00,150000.0,78,1.0,98,1.0,24.0,21,1.0,1.0,2,1,0,2.0,1,2.0,1000,3.0,0.0,3.0,2.0,1,2.0,0,3.0,2001.0,1,999,4.0,1,80.0,0.0,38,52.0,217,0.0,100,1.0,1,2,3.0,0.0,2.0,5.0,2,4.0,1,46
0,501.0,109000.0,109000.0,04,109000.0,78,1.0,995,1.0,22.0,20,1.0,1.0,2,1,0,2.0,1,2.0,1000,3.0,0.0,3.0,2.0,1,2.0,0,3.0,2009.0,1,999,4.0,1,40.0,0.0,27,52.0,88,0.0,400,1.0,3,2,3.0,0.0,2.0,5.0,2,4.0,1,44
0,501.0,90000.0,90000.0,91,90000.0,61,1.0,999,1.0,16.0,21,1.0,1.0,2,1,0,2.0,1,2.0,1000,3.0,0.0,3.0,2.0,1,2.0,0,3.0,2009.0,1,999,1.0,1,50.0,0.0,27,52.0,96,0.0,400,1.0,4,2,3.0,0.0,2.0,5.0,2,4.0,1,54
0,8.0,1400.0,1400.0,30,0.0,50,1.0,32,1.0,21.0,20,6.0,1.0,2,5,0,2.0,1,2.0,1000,2.0,0.0,2.0,2.0,1,2.0,0,2.0,1995.0,1,999,6.0,1,10.0,0.0,46,52.0,104,0.0,600,1.0,1,2,3.0,0.0,2.0,5.0,2,4.0,1,24
0,189.0,30000.0,30000.0,42,0.0,77,1.0,32,1.0,19.0,34,6.0,1.0,2,5,0,2.0,1,2.0,1000,3.0,0.0,3.0,2.0,1,2.0,0,3.0,1995.0,1,999,6.0,1,40.0,0.0,27,52.0,150,0.0,600,1.0,1,2,3.0,0.0,2.0,5.0,2,4.0,1,24
0,0.0,8.0,8.0,13,4.0,01,1.0,32,1.0,19.0,20,1.0,1.0,2,1,2,2.0,1,2.0,1000,3.0,0.0,3.0,2.0,1,2.0,0,3.0,2003.0,1,999,6.0,1,10.0,0.0,38,52.0,17,0.0,200,1.0,1,2,3.0,0.0,2.0,5.0,2,4.0,1,53
0,0.0,8.0,8.0,02,4.0,01,1.0,82,1.0,19.0,21,1.0,1.0,2,1,2,2.0,1,2.0,1000,3.0,0.0,3.0,2.0,1,2.0,0,3.0,2003.0,1,26,6.0,1,6.0,0.0,27,52.0,18,0.0,200,1.0,2,2,3.0,0.0,2.0,5.0,2,4.0,1,60
0,397.0,60000.0,60000.0,23,60000.0,78,1.0,26,1.0,22.0,20,1.0,1.0,2,1,0,2.0,1,2.0,1000,3.0,0.0,3.0,2.0,1,2.0,0,3.0,2002.0,1,32,3.0,1,40.0,0.0,38,52.0,64,0.0,600,1.0,2,2,3.0,0.0,2.0,5.0,2,4.0,1,43
0,397.0,80000.0,80000.0,23,80000.0,78,1.0,82,1.0,22.0,21,1.0,1.0,2,1,0,2.0,1,2.0,1000,3.0,0.0,3.0,2.0,1,2.0,0,3.0,2002.0,1,999,3.0,1,40.0,0.0,38,52.0,67,0.0,600,1.0,1,2,3.0,0.0,2.0,5.0,2,4.0,1,44
0,327.0,32000.0,32000.0,32,32000.0,96,4.0,210,1.0,20.0,20,1.0,1.0,2,1,0,2.0,15,2.0,8000,3.0,0.0,3.0,2.0,8,2.0,0,3.0,2006.0,0,999,5.0,1,40.0,0.0,48,52.0,47,0.0,500,1.0,1,2,3.0,0.0,2.0,5.0,2,1.0,2,37
0,327.0,67000.0,0.0,42,0.0,69,6.0,924,3.0,16.0,21,1.0,2.0,2,1,0,2.0,1,2.0,1000,2.0,0.0,2.0,2.0,1,2.0,0,2.0,2006.0,1,999,1.0,1,40.0,13000.0,12,52.0,37,0.0,500,1.0,1,2,3.0,0.0,2.0,5.0,2,2.0,1,39
0,501.0,101000.0,101000.0,00,100000.0,76,1.0,82,1.0,20.0,20,1.0,1.0,2,1,0,2.0,1,2.0,1000,3.0,0.0,3.0,2.0,1,2.0,0,3.0,2002.0,1,32,1.0,1,55.0,0.0,27,52.0,182,0.0,600,3.0,2,2,3.0,0.0,2.0,5.0,2,4.0,1,47
0,501.0,4000.0,0.0,36,0.0,70,6.0,22,2.0,21.0,21,1.0,2.0,2,1,0,2.0,1,2.0,1000,2.0,0.0,2.0,2.0,1,2.0,0,2.0,2002.0,1,32,7.0,1,40.0,0.0,27,52.0,125,0.0,600,3.0,2,2,3.0,0.0,2.0,5.0,2,4.0,1,45
0,501.0,14000.0,14000.0,82,14000.0,16,1.0,32,1.0,21.0,25,6.0,1.0,2,5,2,2.0,1,2.0,1000,3.0,0.0,3.0,2.0,1,2.0,0,3.0,1995.0,1,50,5.0,1,40.0,0.0,27,50.0,373,0.0,600,3.0,2,2,3.0,0.0,2.0,5.0,2,4.0,1,23
0,160.0,25000.0,25000.0,27,25000.0,85,2.0,50,1.0,19.0,36,6.0,1.0,1,5,0,1.0,1,2.0,1000,3.0,0.0,2.0,2.0,1,2.0,0,1.0,1995.0,1,111,2.0,1,50.0,0.0,27,52.0,375,0.0,600,3.0,2,2,3.0,0.0,2.0,5.0,2,4.0,1,23
0,249.0,38000.0,38000.0,23,38000.0,94,1.0,995,1.0,22.0,20,1.0,1.0,2,1,0,2.0,29,2.0,9000,3.0,0.0,3.0,2.0,9,2.0,0,3.0,2006.0,1,999,4.0,1,25.0,0.0,32,30.0,19,0.0,400,1.0,3,2,3.0,0.0,2.0,5.0,2,4.0,1,38
0,249.0,50000.0,50000.0,38,50000.0,94,1.0,82,1.0,21.0,21,1.0,1.0,2,1,0,2.0,29,2.0,9000,3.0,0.0,3.0,2.0,9,2.0,0,3.0,2006.0,1,32,4.0,1,40.0,0.0,38,52.0,21,0.0,400,1.0,2,2,3.0,0.0,2.0,5.0,2,4.0,1,41
1,501.0,100000.0,100000.0,02,0.0,01,1.0,999,1.0,20.0,20,6.0,1.0,2,5,0,2.0,1,2.0,1000,3.0,0.0,3.0,2.0,1,2.0,0,3.0,1995.0,1,999,6.0,1,40.0,0.0,38,52.0,40,0.0,400,1.0,4,2,3.0,0.0,2.0,5.0,2,4.0,1,31
0,501.0,35000.0,35000.0,23,35000.0,78,1.0,924,1.0,21.0,25,6.0,1.0,2,5,0,2.0,1,2.0,1000,2.0,0.0,2.0,2.0,1,2.0,0,2.0,1995.0,1,999,3.0,1,50.0,0.0,38,52.0,386,0.0,600,1.0,1,2,3.0,0.0,2.0,5.0,2,4.0,1,33
0,501.0,5000.0,5000.0,46,5000.0,85,1.0,82,1.0,21.0,21,1.0,1.0,2,1,2,2.0,1,2.0,1000,3.0,0.0,3.0,2.0,1,2.0,0,3.0,2001.0,1,999,2.0,1,15.0,0.0,38,52.0,371,0.0,600,1.0,1,2,3.0,0.0,2.0,5.0,2,4.0,1,47
0,501.0,12000.0,12000.0,40,12000.0,86,1.0,51,1.0,16.0,25,6.0,1.0,2,5,2,2.0,1,2.0,1000,3.0,0.0,3.0,2.0,1,2.0,0,3.0,1995.0,1,82,1.0,1,25.0,0.0,38,52.0,880,0.0,600,1.0,2,2,3.0,0.0,2.0,5.0,2,4.0,1,19
0,402.0,0.0,0.0,54,0.0,80,6.0,82,2.0,1.0,20,1.0,2.0,2,1,0,2.0,1,2.0,1000,2.0,0.0,2.0,2.0,1,2.0,0,2.0,2007.0,1,999,1.0,1,40.0,0.0,27,52.0,14,0.0,600,1.0,1,2,3.0,0.0,2.0,5.0,2,4.0,1,63
0,402.0,80000.0,80000.0,77,80000.0,07,1.0,920,1.0,17.0,21,1.0,1.0,2,1,0,2.0,3,2.0,5013,3.0,0.0,3.0,2.0,3,2.0,1,3.0,2007.0,0,999,1.0,1,40.0,0.0,27,52.0,10,0.0,600,1.0,1,2,3.0,0.0,2.0,5.0,2,4.0,1,61
0,501.0,3090.0,3000.0,02,0.0,01,1.0,82,1.0,21.0,25,6.0,1.0,2,5,2,2.0,1,2.0,1000,3.0,0.0,3.0,2.0,1,2.0,0,3.0,1995.0,1,32,6.0,1,50.0,0.0,38,52.0,326,90.0,600,1.0,2,2,3.0,0.0,2.0,5.0,2,4.0,1,30
0,501.0,72000.0,72000.0,32,72000.0,81,1.0,32,1.0,21.0,25,6.0,1.0,1,5,0,2.0,1,1.0,1000,3.0,0.0,3.0,2.0,1,2.0,0,3.0,1995.0,1,82,2.0,1,36.0,0.0,38,52.0,218,0.0,600,3.0,2,2,3.0,0.0,2.0,5.0,2,4.0,1,26
0,331.0,52000.0,52000.0,48,52000.0,41,1.0,82,1.0,21.0,20,6.0,1.0,2,5,2,2.0,1,2.0,1000,3.0,0.0,3.0,2.0,1,2.0,0,3.0,1995.0,1,89,7.0,1,40.0,0.0,38,52.0,321,0.0,600,1.0,2,2,3.0,0.0,2.0,5.0,2,3.0,1,23
0,124.0,19400.0,19400.0,04,19400.0,85,1.0,111,1.0,22.0,20,6.0,1.0,2,5,1,2.0,1,2.0,1000,3.0,0.0,3.0,2.0,1,2.0,0,3.0,1995.0,1,32,2.0,1,40.0,0.0,38,52.0,116,0.0,400,1.0,2,2,3.0,0.0,2.0,5.0,2,4.0,1,40
0,501.0,120000.0,120000.0,71,120000.0,72,1.0,88,1.0,20.0,20,6.0,1.0,2,5,0,2.0,1,2.0,1000,3.0,0.0,3.0,2.0,1,2.0,0,3.0,1995.0,1,999,1.0,1,40.0,0.0,1,52.0,184,0.0,500,1.0,1,2,3.0,0.0,2.0,5.0,2,2.0,1,26
0,319.0,50000.0,50000.0,35,50000.0,81,1.0,82,1.0,19.0,20,3.0,1.0,2,2,0,2.0,1,2.0,1000,3.0,0.0,3.0,2.0,1,2.0,0,3.0,1982.0,1,999,1.0,1,40.0,0.0,38,52.0,79,0.0,200,1.0,1,2,3.0,0.0,2.0,5.0,2,4.0,1,63
0,45.0,7000.0,7000.0,62,7000.0,70,1.0,82,1.0,18.0,20,6.0,1.0,2,5,2,2.0,1,2.0,1000,3.0,0.0,3.0,2.0,1,2.0,0,3.0,1995.0,1,142,8.0,1,60.0,0.0,38,52.0,97,0.0,500,1.0,2,2,3.0,0.0,2.0,5.0,2,4.0,1,26
0,296.0,48000.0,48000.0,16,48000.0,81,1.0,999,1.0,20.0,20,1.0,1.0,2,1,0,2.0,2,2.0,3000,3.0,0.0,3.0,2.0,2,2.0,0,3.0,2010.0,0,999,1.0,6,40.0,0.0,421,52.0,388,0.0,400,3.0,4,2,3.0,0.0,2.0,5.0,2,4.0,1,37
0,296.0,24000.0,24000.0,91,24000.0,63,1.0,999,1.0,16.0,21,1.0,1.0,2,1,0,2.0,2,2.0,3000,3.0,0.0,3.0,2.0,2,2.0,0,3.0,2010.0,0,999,1.0,6,30.0,0.0,421,52.0,383,0.0,400,3.0,4,2,3.0,0.0,2.0,5.0,2,4.0,1,34
0,501.0,76430.0,76000.0,07,76000.0,91,1.0,82,1.0,16.0,20,1.0,1.0,2,1,0,2.0,1,2.0,1000,3.0,0.0,3.0,2.0,1,2.0,0,3.0,1981.0,1,89,2.0,1,43.0,0.0,38,52.0,94,430.0,300,1.0,2,2,3.0,0.0,2.0,5.0,2,4.0,1,62
0,501.0,105000.0,105000.0,32,100000.0,81,1.0,999,1.0,17.0,25,6.0,1.0,2,5,0,2.0,1,2.0,1000,3.0,0.0,3.0,2.0,1,2.0,0,3.0,1995.0,1,999,1.0,1,40.0,0.0,38,52.0,106,0.0,300,1.0,4,2,3.0,0.0,2.0,5.0,2,4.0,1,35
0,501.0,100000.0,100000.0,01,100000.0,93,1.0,935,1.0,18.0,20,1.0,1.0,2,1,0,2.0,1,2.0,1000,3.0,0.0,3.0,2.0,1,2.0,0,3.0,1983.0,1,32,3.0,1,40.0,0.0,55,52.0,10,0.0,200,1.0,2,2,3.0,0.0,2.0,5.0,2,2.0,1,62
0,501.0,53000.0,53000.0,58,53000.0,95,1.0,32,1.0,19.0,21,1.0,1.0,2,1,0,2.0,1,2.0,1000,3.0,0.0,3.0,2.0,1,2.0,0,3.0,1983.0,1,148,3.0,1,40.0,0.0,38,52.0,14,0.0,200,1.0,2,2,3.0,0.0,2.0,5.0,2,4.0,1,63
0,322.0,50000.0,50000.0,81,50000.0,26,1.0,50,1.0,18.0,20,6.0,1.0,2,5,0,2.0,1,2.0,1000,2.0,0.0,2.0,2.0,1,2.0,0,2.0,1995.0,1,999,1.0,1,50.0,0.0,38,52.0,223,0.0,600,1.0,1,2,3.0,0.0,2.0,5.0,2,4.0,1,52
0,339.0,75000.0,75000.0,47,75000.0,56,1.0,999,1.0,21.0,20,1.0,1.0,2,1,0,2.0,1,2.0,1000,3.0,0.0,3.0,2.0,1,2.0,0,3.0,2010.0,1,999,1.0,1,40.0,0.0,51,52.0,155,0.0,400,1.0,4,2,3.0,0.0,2.0,5.0,2,2.0,1,52
0,339.0,30000.0,30000.0,36,0.0,89,1.0,999,1.0,1.0,21,1.0,1.0,2,1,0,2.0,1,2.0,1000,3.0,0.0,3.0,2.0,1,2.0,0,3.0,2010.0,1,999,6.0,1,30.0,0.0,51,52.0,123,0.0,400,1.0,4,2,3.0,0.0,2.0,5.0,2,4.0,1,48
0,339.0,0.0,0.0,42,0.0,69,6.0,999,3.0,16.0,25,6.0,1.0,2,5,0,2.0,1,2.0,1000,3.0,0.0,3.0,2.0,1,2.0,0,3.0,1995.0,1,999,1.0,1,40.0,0.0,38,52.0,39,0.0,400,1.0,4,2,3.0,0.0,2.0,5.0,2,4.0,1,18
0,307.0,92000.0,60000.0,08,60000.0,68,1.0,32,1.0,21.0,20,4.0,1.0,2,3,0,2.0,1,2.0,1000,3.0,0.0,3.0,2.0,1,2.0,0,3.0,2011.0,1,82,1.0,1,40.0,0.0,38,52.0,33,0.0,200,1.0,2,2,3.0,12000.0,2.0,5.0,2,4.0,1,33
1,501.0,169100.0,0.0,42,0.0,69,6.0,939,3.0,12.0,20,6.0,2.0,1,5,0,1.0,1,1.0,1000,2.0,9100.0,3.0,1.0,1,2.0,0,3.0,1995.0,1,999,1.0,1,40.0,0.0,38,52.0,120,0.0,300,3.0,1,1,3.0,0.0,2.0,3.0,2,4.0,1,62
0,501.0,109000.0,109000.0,06,109000.0,05,1.0,940,1.0,22.0,20,1.0,1.0,1,1,2,2.0,1,2.0,1000,3.0,0.0,3.0,2.0,1,2.0,0,3.0,2009.0,1,999,1.0,1,50.0,0.0,38,52.0,149,0.0,200,1.0,1,1,3.0,0.0,2.0,5.0,2,4.0,1,44
0,501.0,120000.0,120000.0,10,120000.0,05,1.0,195,1.0,21.0,21,1.0,1.0,1,1,2,2.0,1,2.0,1000,3.0,0.0,3.0,2.0,1,2.0,0,3.0,2009.0,1,999,1.0,1,40.0,0.0,29,52.0,138,0.0,200,1.0,1,1,3.0,0.0,2.0,5.0,2,4.0,1,54
0,501.0,115000.0,115000.0,32,115000.0,81,1.0,32,1.0,21.0,21,1.0,1.0,2,1,0,2.0,1,2.0,1000,3.0,0.0,3.0,2.0,1,2.0,0,3.0,2012.0,1,111,1.0,1,40.0,0.0,49,52.0,46,0.0,300,1.0,2,2,3.0,0.0,2.0,5.0,2,4.0,1,36
0,241.0,30000.0,30000.0,91,25000.0,82,1.0,32,1.0,18.0,20,1.0,1.0,1,1,0,2.0,1,2.0,1000,3.0,0.0,3.0,2.0,1,2.0,0,3.0,1996.0,1,999,4.0,1,32.0,0.0,39,52.0,45,0.0,400,1.0,1,2,3.0,0.0,2.0,5.0,1,4.0,1,51
0,241.0,18000.0,18000.0,02,18000.0,01,1.0,32,1.0,18.0,21,1.0,1.0,2,1,0,2.0,1,2.0,1000,3.0,0.0,3.0,2.0,1,2.0,0,3.0,1996.0,1,999,2.0,1,40.0,0.0,26,52.0,58,0.0,400,1.0,1,2,3.0,0.0,2.0,5.0,2,4.0,1,50
0,501.0,116900.0,115000.0,47,65000.0,49,1.0,32,1.0,21.0,20,1.0,1.0,2,1,0,2.0,1,2.0,1000,3.0,0.0,3.0,2.0,1,2.0,0,3.0,1991.0,1,82,7.0,1,40.0,0.0,38,52.0,16,1900.0,100,1.0,2,2,3.0,0.0,2.0,5.0,2,4.0,1,55
0,501.0,170000.0,170000.0,78,120000.0,11,1.0,32,1.0,20.0,21,1.0,1.0,2,1,0,2.0,1,2.0,1000,3.0,0.0,3.0,2.0,1,2.0,0,3.0,1991.0,1,999,7.0,1,60.0,0.0,38,52.0,22,0.0,100,1.0,1,2,3.0,0.0,2.0,5.0,2,4.0,1,55
0,501.0,45000.0,45000.0,20,45000.0,78,1.0,32,1.0,22.0,20,1.0,1.0,2,1,0,2.0,1,2.0,1000,3.0,0.0,3.0,2.0,1,2.0,0,3.0,2021.0,1,82,2.0,1,40.0,0.0,27,52.0,50,0.0,400,1.0,2,2,3.0,0.0,2.0,5.0,2,4.0,1,41
0,501.0,60000.0,60000.0,02,60000.0,78,1.0,999,1.0,21.0,21,1.0,1.0,2,1,0,2.0,1,2.0,1000,3.0,0.0,3.0,2.0,1,2.0,0,3.0,2021.0,1,999,2.0,1,40.0,0.0,38,52.0,60,0.0,400,1.0,4,2,3.0,0.0,2.0,5.0,2,4.0,1,43
0,352.0,50000.0,50000.0,01,0.0,69,1.0,82,1.0,18.0,20,1.0,1.0,2,1,0,2.0,1,2.0,1000,2.0,0.0,2.0,2.0,1,2.0,0,2.0,2001.0,1,999,6.0,1,40.0,0.0,6,52.0,161,0.0,200,1.0,1,2,3.0,0.0,2.0,5.0,2,4.0,1,50
0,352.0,50000.0,0.0,42,0.0,69,6.0,82,3.0,16.0,21,1.0,2.0,2,1,0,2.0,17,2.0,9000,2.0,0.0,2.0,2.0,9,2.0,1,2.0,2001.0,1,920,1.0,1,40.0,0.0,38,52.0,194,50000.0,200,1.0,2,2,3.0,0.0,2.0,5.0,2,4.0,1,45
0,352.0,10000.0,10000.0,41,10000.0,86,1.0,82,1.0,19.0,25,6.0,1.0,2,5,2,2.0,17,2.0,9000,3.0,0.0,3.0,2.0,9,2.0,1,3.0,1995.0,1,920,1.0,1,30.0,0.0,38,52.0,92,0.0,200,1.0,2,2,3.0,0.0,2.0,5.0,2,4.0,1,20
0,352.0,0.0,0.0,41,0.0,86,6.0,82,2.0,19.0,25,6.0,2.0,2,5,2,2.0,17,2.0,9000,2.0,0.0,2.0,2.0,9,2.0,1,2.0,1995.0,1,920,1.0,1,40.0,0.0,38,52.0,91,0.0,200,1.0,2,2,3.0,0.0,2.0,5.0,2,4.0,1,18
0,322.0,65000.0,65000.0,10,65000.0,69,1.0,32,1.0,19.0,20,1.0,1.0,2,1,0,2.0,1,2.0,1000,3.0,0.0,3.0,2.0,1,2.0,0,3.0,2020.0,1,20,1.0,1,40.0,0.0,27,52.0,61,0.0,600,1.0,2,2,3.0,0.0,2.0,5.0,2,4.0,1,32
0,322.0,0.0,0.0,05,0.0,69,6.0,32,2.0,19.0,21,1.0,2.0,2,1,0,2.0,1,2.0,1000,2.0,0.0,2.0,2.0,1,2.0,0,2.0,2020.0,1,82,1.0,1,40.0,0.0,27,52.0,42,0.0,600,1.0,2,2,3.0,0.0,2.0,5.0,2,4.0,1,29
0,496.0,119800.0,117000.0,20,117000.0,81,1.0,920,1.0,21.0,20,6.0,1.0,2,5,0,2.0,3,2.0,5013,3.0,0.0,3.0,2.0,3,2.0,1,3.0,1995.0,0,999,5.0,1,45.0,0.0,38,52.0,186,1400.0,100,1.0,1,2,3.0,0.0,2.0,5.0,2,4.0,1,40
0,501.0,90000.0,90000.0,19,90000.0,01,1.0,999,1.0,20.0,20,6.0,1.0,2,5,0,2.0,1,2.0,1000,2.0,0.0,2.0,2.0,1,2.0,0,2.0,1995.0,1,999,1.0,1,60.0,0.0,38,52.0,43,0.0,400,1.0,4,2,2.0,0.0,2.0,5.0,2,4.0,1,27
0,319.0,50000.0,50000.0,52,50000.0,30,1.0,32,1.0,18.0,20,4.0,1.0,2,3,0,2.0,1,2.0,1000,3.0,0.0,3.0,2.0,1,2.0,0,3.0,2011.0,1,82,1.0,1,40.0,0.0,38,52.0,18,0.0,400,3.0,2,2,3.0,0.0,2.0,5.0,2,4.0,1,35
0,501.0,100000.0,0.0,48,0.0,01,6.0,32,2.0,16.0,22,4.0,2.0,2,3,2,2.0,1,2.0,1000,2.0,0.0,2.0,2.0,1,2.0,0,2.0,1985.0,1,999,1.0,1,40.0,0.0,38,52.0,49,100000.0,400,1.0,1,2,3.0,0.0,2.0,5.0,2,4.0,1,65
0,501.0,22000.0,22000.0,96,22000.0,53,1.0,999,1.0,20.0,20,1.0,1.0,2,1,0,2.0,1,2.0,1000,3.0,0.0,3.0,2.0,1,2.0,0,3.0,2020.0,1,999,1.0,1,24.0,0.0,27,52.0,211,0.0,600,1.0,4,2,3.0,0.0,2.0,5.0,2,4.0,1,26
0,501.0,110000.0,110000.0,11,110000.0,73,1.0,999,1.0,21.0,21,1.0,1.0,2,1,0,2.0,1,2.0,1000,3.0,0.0,3.0,2.0,1,2.0,0,3.0,2020.0,1,999,1.0,1,40.0,0.0,49,52.0,281,0.0,600,1.0,4,2,3.0,0.0,2.0,5.0,2,4.0,1,27
0,332.0,52000.0,52000.0,48,52000.0,66,1.0,999,1.0,21.0,20,6.0,1.0,2,5,0,2.0,1,2.0,1000,3.0,0.0,3.0,2.0,1,2.0,0,3.0,1995.0,1,999,1.0,1,40.0,0.0,38,52.0,151,0.0,600,1.0,4,2,3.0,0.0,2.0,5.0,2,4.0,1,56
0,226.0,35420.0,35300.0,10,35300.0,49,1.0,50,1.0,21.0,34,6.0,1.0,2,5,0,2.0,1,2.0,1000,3.0,0.0,3.0,2.0,1,2.0,0,3.0,1995.0,1,32,1.0,1,40.0,0.0,27,52.0,220,120.0,600,3.0,2,2,3.0,0.0,2.0,5.0,2,4.0,1,61
0,211.0,33000.0,11000.0,60,11000.0,01,6.0,8,1.0,20.0,20,4.0,2.0,1,3,0,2.0,1,2.0,1000,2.0,0.0,2.0,2.0,1,2.0,0,2.0,2002.0,1,32,1.0,1,60.0,0.0,17,20.0,16,0.0,500,1.0,2,2,3.0,0.0,2.0,5.0,1,2.0,1,56
0,468.0,141000.0,141000.0,00,141000.0,94,1.0,128,1.0,22.0,20,4.0,1.0,2,3,0,2.0,1,2.0,1000,3.0,0.0,3.0,2.0,1,2.0,0,3.0,2007.0,1,32,4.0,1,50.0,0.0,12,52.0,160,0.0,300,3.0,2,2,3.0,0.0,2.0,5.0,2,4.0,1,45
0,72.0,10800.0,10800.0,96,10800.0,49,1.0,82,1.0,16.0,20,1.0,1.0,2,1,0,2.0,1,2.0,1000,3.0,0.0,3.0,2.0,1,2.0,0,3.0,2007.0,1,999,1.0,1,42.0,0.0,38,51.0,165,0.0,600,1.0,1,2,3.0,0.0,2.0,5.0,2,4.0,1,39
0,72.0,10800.0,10800.0,50,10800.0,75,1.0,924,1.0,16.0,21,1.0,1.0,2,1,0,2.0,17,2.0,9000,3.0,0.0,3.0,2.0,9,2.0,1,3.0,2007.0,1,917,1.0,7,40.0,0.0,301,52.0,117,0.0,600,1.0,2,2,3.0,0.0,2.0,5.0,2,4.0,1,42
0,501.0,110000.0,110000.0,63,0.0,07,1.0,20,1.0,20.0,20,1.0,1.0,2,1,0,2.0,1,2.0,1000,3.0,0.0,3.0,2.0,1,2.0,0,3.0,1983.0,1,32,6.0,1,40.0,0.0,38,44.0,13,0.0,600,1.0,2,2,3.0,0.0,2.0,5.0,2,4.0,1,63
0,501.0,40000.0,40000.0,57,40000.0,78,1.0,32,1.0,19.0,21,1.0,1.0,2,1,0,2.0,1,2.0,1000,3.0,0.0,3.0,2.0,1,2.0,0,3.0,1983.0,1,148,3.0,1,10.0,0.0,6,52.0,15,0.0,600,1.0,2,2,3.0,0.0,2.0,5.0,2,4.0,1,61
0,63.0,0.0,0.0,42,0.0,69,6.0,917,3.0,17.0,20,4.0,2.0,2,3,0,2.0,3,2.0,5013,2.0,0.0,2.0,2.0,3,2.0,1,2.0,2019.0,0,999,1.0,1,40.0,0.0,38,52.0,32,0.0,100,1.0,1,2,3.0,0.0,2.0,5.0,2,4.0,1,62
1,63.0,3800.0,0.0,42,0.0,69,6.0,917,3.0,17.0,25,6.0,2.0,1,5,0,1.0,3,1.0,5013,2.0,0.0,2.0,1.0,3,1.0,1,2.0,1995.0,0,999,1.0,1,40.0,0.0,38,52.0,73,0.0,100,1.0,1,2,3.0,800.0,2.0,5.0,2,4.0,1,34
1,63.0,28900.0,24000.0,91,24000.0,63,1.0,917,1.0,17.0,25,6.0,1.0,2,5,0,2.0,3,2.0,5013,3.0,0.0,3.0,2.0,3,2.0,1,3.0,1995.0,0,999,1.0,1,30.0,0.0,38,52.0,36,0.0,100,1.0,1,2,3.0,1900.0,2.0,5.0,2,4.0,1,32
0,501.0,72000.0,72000.0,47,72000.0,46,1.0,82,1.0,16.0,20,4.0,1.0,2,3,0,2.0,1,2.0,1000,3.0,0.0,3.0,2.0,1,2.0,0,3.0,1987.0,1,32,1.0,1,58.0,0.0,38,52.0,37,0.0,200,1.0,2,2,3.0,0.0,2.0,5.0,2,4.0,1,65
0,395.0,65000.0,65000.0,38,65000.0,94,1.0,226,1.0,18.0,20,1.0,1.0,2,1,2,2.0,15,2.0,8000,3.0,0.0,3.0,2.0,8,2.0,0,3.0,2021.0,0,999,3.0,3,40.0,0.0,312,52.0,47,0.0,400,1.0,1,2,3.0,0.0,2.0,5.0,2,4.0,11,32
0,395.0,29000.0,29000.0,45,29000.0,89,1.0,999,1.0,18.0,21,1.0,1.0,2,1,1,2.0,15,2.0,8000,3.0,0.0,3.0,2.0,8,2.0,0,3.0,2021.0,0,999,1.0,3,40.0,0.0,312,52.0,46,0.0,400,1.0,4,2,3.0,0.0,2.0,5.0,2,4.0,11,33
0,274.0,42000.0,42000.0,26,42000.0,32,1.0,32,1.0,20.0,20,6.0,1.0,2,5,0,2.0,1,2.0,1000,3.0,0.0,3.0,2.0,1,2.0,0,3.0,1995.0,1,89,1.0,1,42.0,0.0,31,52.0,77,0.0,500,1.0,2,2,3.0,0.0,2.0,5.0,2,4.0,1,30
0,501.0,105000.0,105000.0,73,105000.0,88,1.0,22,1.0,20.0,20,6.0,1.0,2,5,0,2.0,1,2.0,1000,3.0,0.0,3.0,2.0,1,2.0,0,3.0,1995.0,1,32,1.0,1,50.0,0.0,53,52.0,34,0.0,100,1.0,2,2,3.0,0.0,2.0,5.0,2,4.0,1,27
0,371.0,75000.0,75000.0,04,75000.0,31,1.0,82,1.0,16.0,20,4.0,1.0,2,3,0,2.0,1,2.0,1000,3.0,0.0,3.0,2.0,1,2.0,0,3.0,1995.0,1,32,2.0,1,55.0,0.0,30,52.0,16,0.0,400,1.0,2,2,3.0,0.0,2.0,5.0,2,4.0,1,59
1,67.0,10300.0,0.0,42,0.0,69,6.0,82,3.0,16.0,22,6.0,2.0,2,5,0,2.0,1,2.0,1000,2.0,10300.0,2.0,2.0,1,2.0,0,2.0,1995.0,1,32,1.0,1,40.0,0.0,38,52.0,19,0.0,400,1.0,2,2,3.0,0.0,2.0,5.0,2,4.0,1,47
0,359.0,65000.0,65000.0,96,65000.0,03,1.0,999,1.0,19.0,20,1.0,1.0,1,1,0,2.0,1,2.0,1000,3.0,0.0,3.0,2.0,1,2.0,0,3.0,2018.0,1,999,1.0,1,55.0,0.0,27,52.0,65,0.0,400,1.0,4,1,3.0,0.0,2.0,5.0,2,4.0,1,40
0,359.0,65000.0,65000.0,23,65000.0,78,1.0,999,1.0,20.0,21,1.0,1.0,2,1,0,2.0,1,2.0,1000,3.0,0.0,3.0,2.0,1,2.0,0,3.0,2018.0,1,999,1.0,1,40.0,0.0,27,52.0,81,0.0,400,1.0,4,2,3.0,0.0,2.0,5.0,2,4.0,1,33
0,501.0,44000.0,44000.0,40,44000.0,78,1.0,32,1.0,17.0,21,1.0,1.0,2,1,0,2.0,1,2.0,1000,3.0,0.0,3.0,2.0,1,2.0,0,3.0,1976.0,1,999,4.0,1,35.0,0.0,46,52.0,11,0.0,100,1.0,1,2,3.0,0.0,2.0,5.0,2,4.0,1,65
1,187.0,29000.0,29000.0,40,29000.0,86,1.0,32,1.0,20.0,20,6.0,1.0,2,5,0,2.0,17,2.0,9000,3.0,0.0,3.0,2.0,9,2.0,1,3.0,1995.0,1,89,1.0,1,32.0,0.0,38,52.0,231,0.0,500,1.0,2,2,3.0,0.0,2.0,5.0,2,4.0,1,28
1,103.0,16000.0,16000.0,40,16000.0,86,3.0,50,1.0,16.0,22,6.0,2.0,2,5,0,2.0,1,2.0,1000,1.0,0.0,2.0,2.0,1,2.0,0,2.0,1995.0,1,82,1.0,1,15.0,0.0,27,26.0,92,0.0,500,1.0,2,2,3.0,0.0,2.0,1.0,2,4.0,1,29
0,350.0,55000.0,55000.0,73,45000.0,01,1.0,82,1.0,20.0,20,6.0,1.0,2,5,2,2.0,1,2.0,1000,3.0,0.0,3.0,2.0,1,2.0,0,3.0,1995.0,1,999,1.0,1,80.0,0.0,38,52.0,52,0.0,100,3.0,1,2,3.0,0.0,2.0,5.0,2,4.0,1,22
0,501.0,105000.0,105000.0,50,105000.0,95,1.0,999,1.0,22.0,20,1.0,1.0,2,1,0,2.0,1,2.0,1000,3.0,0.0,3.0,2.0,1,2.0,0,3.0,2001.0,1,999,5.0,1,40.0,0.0,16,52.0,457,0.0,200,3.0,4,2,3.0,0.0,2.0,5.0,2,4.0,1,40
0,501.0,75000.0,75000.0,90,75000.0,96,4.0,999,1.0,22.0,21,1.0,1.0,2,1,0,2.0,1,2.0,1000,3.0,0.0,3.0,2.0,1,2.0,0,3.0,2001.0,1,999,5.0,1,40.0,0.0,13,52.0,393,0.0,200,3.0,4,2,3.0,0.0,2.0,5.0,2,1.0,1,39
0,501.0,119700.0,115000.0,91,115000.0,04,1.0,32,1.0,16.0,20,6.0,1.0,2,5,2,2.0,1,2.0,1000,3.0,0.0,3.0,2.0,1,2.0,0,3.0,1995.0,1,999,1.0,1,65.0,0.0,38,52.0,40,4700.0,400,1.0,1,2,3.0,0.0,2.0,5.0,2,4.0,1,46
0,501.0,100000.0,0.0,70,0.0,87,6.0,82,2.0,18.0,25,4.0,1.0,2,3,2,2.0,1,2.0,1000,2.0,0.0,3.0,2.0,1,2.0,0,3.0,2012.0,1,87,1.0,1,40.0,0.0,27,52.0,1,100000.0,200,1.0,2,2,3.0,0.0,2.0,5.0,2,4.0,1,37
0,478.0,97100.0,94000.0,10,94000.0,66,1.0,302,1.0,21.0,20,1.0,1.0,1,1,2,1.0,82,2.0,9000,2.0,0.0,2.0,1.0,9,2.0,1,2.0,1988.0,1,999,1.0,3,40.0,0.0,310,52.0,107,0.0,100,1.0,1,2,3.0,0.0,2.0,5.0,2,2.0,1,64
0,478.0,0.0,0.0,36,0.0,82,6.0,302,2.0,19.0,21,1.0,2.0,2,1,2,2.0,82,2.0,9000,2.0,0.0,2.0,2.0,9,2.0,1,2.0,1988.0,1,999,1.0,3,40.0,0.0,310,52.0,48,0.0,100,1.0,1,2,3.0,0.0,2.0,5.0,2,4.0,2,58
0,501.0,88000.0,88000.0,04,88000.0,93,1.0,999,1.0,19.0,20,3.0,1.0,2,2,1,2.0,1,2.0,1000,3.0,0.0,3.0,2.0,1,2.0,0,3.0,1992.0,1,999,3.0,7,36.0,0.0,301,52.0,16,0.0,200,1.0,4,2,3.0,0.0,2.0,5.0,2,4.0,1,59
0,164.0,25000.0,25000.0,89,25000.0,25,1.0,999,1.0,19.0,22,4.0,1.0,2,3,0,2.0,1,2.0,1000,3.0,0.0,3.0,2.0,1,2.0,0,3.0,1992.0,1,999,1.0,1,40.0,0.0,6,52.0,12,0.0,200,3.0,4,2,3.0,0.0,2.0,5.0,2,4.0,1,59
0,75.0,12000.0,0.0,42,0.0,82,6.0,32,2.0,11.0,20,4.0,2.0,2,3,0,2.0,1,2.0,1000,2.0,0.0,2.0,2.0,1,2.0,0,2.0,1989.0,1,999,1.0,1,40.0,12000.0,38,52.0,61,0.0,200,1.0,1,2,3.0,0.0,2.0,3.0,2,4.0,1,63
0,501.0,34000.0,0.0,23,0.0,78,6.0,32,2.0,21.0,20,1.0,2.0,2,1,2,2.0,1,2.0,1000,2.0,0.0,2.0,2.0,1,2.0,0,2.0,1984.0,1,82,3.0,1,40.0,0.0,27,52.0,30,0.0,600,1.0,2,2,3.0,0.0,2.0,5.0,2,4.0,1,61
0,212.0,15600.0,0.0,91,0.0,01,3.0,999,2.0,16.0,20,1.0,1.0,2,1,2,2.0,1,2.0,1000,3.0,0.0,3.0,2.0,1,2.0,0,3.0,2018.0,1,999,1.0,1,40.0,0.0,8,52.0,51,0.0,400,1.0,4,2,3.0,0.0,2.0,5.0,2,4.0,1,58
0,212.0,40000.0,40000.0,04,20000.0,76,1.0,999,1.0,19.0,21,1.0,1.0,2,1,0,2.0,1,2.0,1000,3.0,0.0,3.0,2.0,1,2.0,0,3.0,2018.0,1,999,1.0,1,20.0,0.0,38,26.0,59,0.0,400,1.0,4,2,3.0,0.0,2.0,5.0,2,4.0,1,38
0,501.0,0.0,0.0,10,0.0,68,6.0,50,2.0,18.0,21,1.0,2.0,2,1,2,2.0,1,2.0,1000,2.0,0.0,2.0,2.0,1,2.0,0,2.0,2021.0,1,999,1.0,1,40.0,0.0,6,52.0,72,0.0,500,1.0,1,2,3.0,0.0,2.0,5.0,2,4.0,1,47
0,501.0,119000.0,0.0,60,0.0,01,6.0,50,2.0,20.0,20,1.0,2.0,2,1,1,2.0,1,2.0,1000,2.0,0.0,2.0,2.0,1,2.0,0,2.0,1980.0,1,999,1.0,1,40.0,0.0,38,52.0,75,119000.0,300,1.0,1,2,3.0,0.0,2.0,5.0,2,4.0,1,64
1,88.0,14000.0,0.0,42,0.0,69,6.0,271,3.0,17.0,20,6.0,2.0,1,5,0,1.0,29,1.0,9000,2.0,6000.0,2.0,1.0,9,1.0,0,2.0,1995.0,1,999,1.0,3,40.0,5200.0,327,52.0,40,0.0,400,3.0,1,2,3.0,2800.0,2.0,5.0,2,4.0,4,31
1,109.0,23000.0,23000.0,36,23000.0,82,1.0,32,1.0,18.0,20,6.0,1.0,2,5,0,2.0,1,2.0,1000,3.0,0.0,3.0,2.0,1,2.0,0,3.0,1995.0,1,82,1.0,1,24.0,0.0,38,52.0,15,0.0,400,1.0,2,2,3.0,0.0,2.0,5.0,2,4.0,1,30
0,501.0,94000.0,94000.0,62,94000.0,07,3.0,51,1.0,16.0,22,4.0,2.0,2,3,0,2.0,1,2.0,1000,1.0,0.0,2.0,2.0,1,2.0,0,2.0,2009.0,1,26,1.0,1,55.0,0.0,22,52.0,30,0.0,400,1.0,2,2,3.0,0.0,2.0,1.0,2,4.0,1,35
1,65.0,10000.0,0.0,42,0.0,69,6.0,917,3.0,16.0,20,6.0,2.0,2,5,0,2.0,3,2.0,5013,2.0,10000.0,2.0,2.0,3,2.0,1,2.0,1995.0,0,999,1.0,1,40.0,0.0,38,52.0,107,0.0,300,1.0,1,2,3.0,0.0,2.0,5.0,2,4.0,1,50
0,501.0,86000.0,20000.0,25,20000.0,78,1.0,82,1.0,22.0,20,1.0,1.0,2,1,0,2.0,1,2.0,1000,3.0,0.0,3.0,2.0,1,2.0,0,3.0,1986.0,1,999,3.0,1,35.0,0.0,38,40.0,120,13000.0,200,1.0,1,2,3.0,0.0,2.0,5.0,2,4.0,1,59
0,501.0,89600.0,80000.0,09,80000.0,70,1.0,82,1.0,16.0,21,1.0,1.0,2,1,0,2.0,1,2.0,1000,3.0,0.0,3.0,2.0,1,2.0,0,3.0,1986.0,1,999,1.0,1,40.0,0.0,38,52.0,72,9600.0,200,1.0,1,2,3.0,0.0,2.0,5.0,2,4.0,1,60
0,501.0,50000.0,50000.0,42,50000.0,78,1.0,82,1.0,16.0,25,6.0,1.0,2,5,0,2.0,1,2.0,1000,3.0,0.0,3.0,2.0,1,2.0,0,3.0,1995.0,1,999,3.0,1,40.0,0.0,38,52.0,76,0.0,200,1.0,1,2,3.0,0.0,2.0,5.0,2,4.0,1,30
0,501.0,85000.0,85000.0,18,85000.0,78,1.0,82,1.0,23.0,20,6.0,1.0,2,5,0,2.0,1,2.0,1000,3.0,0.0,3.0,2.0,1,2.0,0,3.0,1995.0,1,32,2.0,1,40.0,0.0,38,40.0,202,0.0,100,1.0,2,2,3.0,0.0,2.0,5.0,2,4.0,1,41
1,192.0,30000.0,30000.0,42,30000.0,76,1.0,32,1.0,11.0,20,2.0,1.0,1,1,0,1.0,1,2.0,1000,1.0,0.0,2.0,2.0,1,2.0,0,3.0,1999.0,1,112,1.0,1,35.0,0.0,38,52.0,19,0.0,500,1.0,2,2,2.0,0.0,2.0,1.0,2,4.0,1,53
0,352.0,125000.0,120000.0,02,0.0,01,1.0,82,1.0,20.0,20,4.0,1.0,2,3,2,2.0,1,2.0,1000,3.0,0.0,3.0,2.0,1,2.0,0,3.0,2005.0,1,999,6.0,1,30.0,0.0,38,52.0,8,5000.0,200,1.0,1,2,3.0,0.0,2.0,5.0,2,4.0,1,57
0,352.0,2500.0,2500.0,46,2500.0,84,6.0,82,1.0,14.0,25,6.0,2.0,2,5,2,2.0,1,2.0,1000,2.0,0.0,2.0,2.0,1,2.0,0,2.0,1995.0,1,999,2.0,1,10.0,0.0,38,8.0,3,0.0,200,1.0,1,2,3.0,0.0,2.0,5.0,2,4.0,1,18
0,454.0,62000.0,62000.0,10,62000.0,78,1.0,98,1.0,21.0,20,1.0,1.0,2,1,0,2.0,1,2.0,1000,3.0,0.0,3.0,2.0,1,2.0,0,3.0,2012.0,1,32,4.0,1,40.0,0.0,30,52.0,45,0.0,500,1.0,2,2,3.0,0.0,2.0,5.0,2,4.0,1,43
0,454.0,45000.0,45000.0,03,45000.0,81,1.0,999,1.0,16.0,21,1.0,1.0,2,1,0,2.0,1,2.0,1000,3.0,0.0,3.0,2.0,1,2.0,0,3.0,2012.0,1,999,2.0,1,40.0,0.0,38,52.0,53,0.0,500,1.0,4,2,3.0,0.0,2.0,5.0,2,4.0,1,40
0,367.0,60000.0,60000.0,23,60000.0,78,1.0,98,1.0,21.0,20,1.0,1.0,2,1,0,2.0,1,2.0,1000,3.0,0.0,3.0,2.0,1,2.0,0,3.0,1993.0,1,32,4.0,1,40.0,0.0,46,52.0,20,0.0,400,1.0,2,2,3.0,0.0,2.0,5.0,2,4.0,1,52
0,367.0,54000.0,54000.0,23,0.0,78,1.0,32,1.0,21.0,21,1.0,1.0,2,1,0,2.0,1,2.0,1000,3.0,0.0,3.0,2.0,1,2.0,0,3.0,1993.0,1,999,6.0,1,60.0,0.0,38,52.0,25,0.0,400,1.0,1,2,3.0,0.0,2.0,5.0,2,4.0,1,54
0,367.0,1500.0,1500.0,39,1500.0,85,1.0,98,1.0,16.0,25,6.0,1.0,2,5,0,2.0,1,2.0,1000,3.0,0.0,3.0,2.0,1,2.0,0,3.0,1995.0,1,32,3.0,1,30.0,0.0,38,7.0,17,0.0,400,1.0,2,2,3.0,0.0,2.0,5.0,2,4.0,1,18
0,144.0,20700.0,9600.0,78,9600.0,86,1.0,32,1.0,19.0,20,6.0,1.0,2,5,0,2.0,1,2.0,1000,2.0,0.0,2.0,2.0,1,2.0,0,2.0,1995.0,1,125,1.0,1,15.0,11100.0,38,52.0,238,0.0,300,1.0,2,2,3.0,0.0,2.0,5.0,2,4.0,1,65
0,501.0,180000.0,160000.0,14,160000.0,35,1.0,32,1.0,22.0,20,1.0,1.0,2,1,0,2.0,1,2.0,1000,3.0,0.0,3.0,2.0,1,2.0,0,3.0,2007.0,1,999,1.0,1,40.0,0.0,38,52.0,470,20000.0,300,1.0,1,2,3.0,0.0,2.0,5.0,2,4.0,1,43
0,501.0,70000.0,70000.0,23,70000.0,78,1.0,98,1.0,22.0,21,1.0,1.0,2,1,0,2.0,1,2.0,1000,3.0,0.0,3.0,2.0,1,2.0,0,3.0,2007.0,1,999,3.0,1,50.0,0.0,38,49.0,353,0.0,300,1.0,1,2,3.0,0.0,2.0,5.0,2,4.0,1,42
0,396.0,50000.0,50000.0,02,0.0,01,1.0,82,1.0,20.0,20,1.0,1.0,2,1,2,2.0,1,2.0,1000,2.0,0.0,2.0,2.0,1,2.0,0,2.0,1986.0,1,32,6.0,1,40.0,0.0,38,52.0,77,0.0,400,1.0,2,2,3.0,0.0,2.0,5.0,2,4.0,1,61
0,396.0,30000.0,30000.0,36,30000.0,79,1.0,82,1.0,21.0,21,1.0,1.0,2,1,0,2.0,1,2.0,1000,3.0,0.0,3.0,2.0,1,2.0,0,3.0,1986.0,1,142,1.0,1,24.0,0.0,27,52.0,85,0.0,400,1.0,2,2,3.0,0.0,2.0,5.0,2,4.0,1,60
0,334.0,52000.0,52000.0,47,52000.0,48,1.0,32,1.0,20.0,20,6.0,1.0,2,5,2,2.0,1,2.0,1000,3.0,0.0,3.0,2.0,1,2.0,0,3.0,1995.0,1,98,1.0,1,35.0,0.0,27,52.0,191,0.0,600,1.0,2,2,3.0,0.0,2.0,5.0,2,4.0,1,24
0,297.0,55500.0,30000.0,42,30000.0,77,1.0,82,1.0,16.0,20,1.0,1.0,2,1,2,2.0,1,2.0,1000,2.0,0.0,2.0,2.0,1,2.0,0,2.0,1980.0,1,999,2.0,1,25.0,13000.0,38,52.0,18,2500.0,200,1.0,1,2,3.0,0.0,2.0,5.0,2,4.0,1,64
0,297.0,5000.0,5000.0,42,5000.0,76,6.0,82,1.0,12.0,21,1.0,2.0,2,1,2,2.0,1,2.0,1000,2.0,0.0,2.0,2.0,1,2.0,0,2.0,1980.0,1,999,2.0,1,30.0,0.0,38,20.0,29,0.0,200,1.0,1,2,3.0,0.0,2.0,5.0,2,4.0,1,59
0,501.0,90000.0,90000.0,47,90000.0,44,1.0,32,1.0,21.0,20,6.0,1.0,2,5,0,2.0,1,2.0,1000,3.0,0.0,3.0,2.0,1,2.0,0,3.0,1995.0,1,999,1.0,1,40.0,0.0,38,52.0,198,0.0,600,1.0,1,2,3.0,0.0,2.0,5.0,2,4.0,1,44
0,329.0,53800.0,52000.0,96,52000.0,48,1.0,98,1.0,19.0,20,4.0,1.0,2,3,0,2.0,1,2.0,1000,3.0,0.0,3.0,2.0,1,2.0,0,3.0,2000.0,1,142,1.0,1,42.0,0.0,38,52.0,276,0.0,500,1.0,2,2,3.0,0.0,2.0,5.0,2,2.0,1,59
0,329.0,11000.0,0.0,42,0.0,69,6.0,50,3.0,16.0,26,6.0,1.0,2,5,2,2.0,1,2.0,1000,3.0,11000.0,3.0,2.0,1,2.0,0,3.0,1995.0,1,999,1.0,1,40.0,0.0,38,52.0,133,0.0,500,3.0,1,2,3.0,0.0,2.0,5.0,2,4.0,1,22
0,118.0,24300.0,11200.0,44,11200.0,85,1.0,82,1.0,18.0,20,5.0,1.0,1,4,0,1.0,1,1.0,1000,3.0,10800.0,3.0,1.0,1,2.0,0,3.0,2009.0,1,999,4.0,1,10.0,0.0,27,52.0,108,0.0,400,1.0,1,2,3.0,0.0,2.0,5.0,2,4.0,1,46
0,501.0,31800.0,11800.0,42,10000.0,76,1.0,82,1.0,19.0,20,1.0,1.0,2,1,0,2.0,1,2.0,1000,3.0,0.0,3.0,2.0,1,2.0,0,3.0,2019.0,1,999,6.0,1,8.0,0.0,38,52.0,41,0.0,200,1.0,1,2,3.0,0.0,2.0,5.0,2,4.0,1,45
0,501.0,90000.0,90000.0,03,70000.0,86,1.0,210,1.0,21.0,21,1.0,1.0,2,1,0,2.0,15,2.0,8000,3.0,0.0,3.0,2.0,8,2.0,0,3.0,2019.0,0,999,1.0,3,60.0,0.0,303,52.0,46,0.0,200,1.0,1,2,3.0,0.0,2.0,5.0,2,4.0,2,52
0,501.0,45000.0,45000.0,23,45000.0,78,1.0,32,1.0,21.0,21,1.0,1.0,2,1,0,2.0,1,2.0,1000,3.0,0.0,3.0,2.0,1,2.0,0,3.0,1991.0,1,82,2.0,1,50.0,0.0,27,40.0,103,0.0,600,1.0,2,2,3.0,0.0,2.0,5.0,2,4.0,1,55
0,501.0,20000.0,20000.0,36,20000.0,80,1.0,24,1.0,21.0,25,6.0,1.0,2,5,0,2.0,1,2.0,1000,3.0,0.0,3.0,2.0,1,2.0,0,3.0,1995.0,1,89,2.0,1,40.0,0.0,38,35.0,103,0.0,600,1.0,2,2,3.0,0.0,2.0,5.0,2,4.0,1,22
0,377.0,102000.0,78000.0,62,78000.0,07,6.0,82,1.0,20.0,20,1.0,2.0,2,1,0,2.0,1,2.0,1000,2.0,0.0,2.0,2.0,1,2.0,0,2.0,2013.0,1,999,5.0,1,70.0,0.0,38,11.0,110,24000.0,100,1.0,1,2,3.0,0.0,2.0,5.0,2,4.0,1,42
0,377.0,11000.0,11000.0,40,9000.0,78,1.0,51,1.0,16.0,21,1.0,1.0,2,1,0,2.0,1,2.0,1000,3.0,0.0,3.0,2.0,1,2.0,0,3.0,2013.0,1,32,3.0,1,40.0,0.0,2,12.0,84,0.0,100,1.0,2,2,3.0,0.0,2.0,5.0,2,4.0,1,39
0,501.0,150000.0,150000.0,60,150000.0,01,1.0,996,1.0,16.0,20,1.0,1.0,2,1,0,2.0,1,2.0,1000,3.0,0.0,3.0,2.0,1,2.0,0,3.0,2014.0,1,999,7.0,1,60.0,0.0,38,48.0,151,0.0,500,3.0,3,2,3.0,0.0,2.0,5.0,2,4.0,1,38
0,501.0,94000.0,94000.0,23,90000.0,78,1.0,999,1.0,21.0,21,1.0,1.0,1,1,0,1.0,1,2.0,1000,3.0,0.0,3.0,2.0,1,2.0,0,3.0,2014.0,1,999,3.0,1,40.0,0.0,38,52.0,174,0.0,500,3.0,4,2,3.0,0.0,2.0,5.0,2,4.0,1,38
0,501.0,109000.0,109000.0,10,109000.0,05,1.0,82,1.0,20.0,20,1.0,1.0,2,1,2,2.0,1,2.0,1000,3.0,0.0,3.0,2.0,1,2.0,0,3.0,2009.0,1,999,2.0,1,40.0,0.0,38,52.0,214,0.0,300,1.0,1,2,3.0,0.0,2.0,5.0,2,4.0,1,41
0,501.0,55000.0,55000.0,53,55000.0,94,1.0,82,1.0,19.0,21,1.0,1.0,2,1,2,2.0,1,2.0,1000,3.0,0.0,3.0,2.0,1,2.0,0,3.0,2009.0,1,999,3.0,1,40.0,0.0,38,52.0,161,0.0,300,1.0,1,2,3.0,0.0,2.0,5.0,2,4.0,1,40
0,228.0,36000.0,36000.0,20,36000.0,83,1.0,82,1.0,21.0,20,4.0,1.0,1,3,0,2.0,1,2.0,1000,3.0,0.0,3.0,1.0,1,2.0,0,3.0,1995.0,1,999,1.0,1,55.0,0.0,38,52.0,66,0.0,400,1.0,1,2,3.0,0.0,2.0,5.0,2,4.0,1,52
0,191.0,30000.0,30000.0,42,30000.0,82,1.0,587,1.0,1.0,20,5.0,1.0,2,4,0,2.0,2,2.0,3000,3.0,0.0,3.0,2.0,2,2.0,0,3.0,2013.0,0,999,1.0,6,40.0,0.0,425,52.0,113,0.0,600,1.0,1,2,3.0,0.0,2.0,5.0,2,4.0,1,49
0,396.0,17000.0,12000.0,42,12000.0,92,1.0,50,1.0,16.0,20,1.0,1.0,2,1,0,2.0,1,2.0,1000,3.0,0.0,3.0,2.0,1,2.0,0,3.0,1976.0,1,32,4.0,1,12.0,0.0,27,52.0,94,5000.0,400,1.0,2,2,3.0,0.0,2.0,5.0,2,4.0,1,64
0,383.0,57000.0,51000.0,47,0.0,57,1.0,32,1.0,19.0,20,1.0,1.0,2,1,0,2.0,1,2.0,1000,3.0,0.0,3.0,2.0,1,2.0,0,3.0,1992.0,1,50,6.0,1,30.0,0.0,38,50.0,23,6000.0,200,1.0,2,2,3.0,0.0,2.0,5.0,2,4.0,1,50
0,383.0,33000.0,30000.0,00,30000.0,74,1.0,50,1.0,13.0,21,1.0,1.0,2,1,0,2.0,1,2.0,1000,3.0,0.0,3.0,2.0,1,2.0,0,3.0,1992.0,1,999,1.0,1,30.0,0.0,29,50.0,24,3000.0,200,1.0,1,2,3.0,0.0,2.0,5.0,2,4.0,1,52
1,383.0,30000.0,30000.0,42,30000.0,78,1.0,32,1.0,16.0,25,2.0,1.0,2,1,0,2.0,1,2.0,1000,3.0,0.0,3.0,2.0,1,2.0,0,3.0,2019.0,1,50,2.0,1,30.0,0.0,37,52.0,1,0.0,200,1.0,2,2,3.0,0.0,2.0,5.0,2,4.0,1,27
0,388.0,61100.0,25200.0,96,25200.0,52,1.0,32,1.0,21.0,20,3.0,1.0,2,2,1,2.0,1,2.0,1000,3.0,0.0,3.0,2.0,1,2.0,0,3.0,1981.0,1,999,1.0,1,35.0,0.0,38,52.0,115,35900.0,600,1.0,1,2,3.0,0.0,2.0,5.0,2,4.0,1,63
0,163.0,27000.0,27000.0,90,27000.0,96,4.0,200,1.0,21.0,20,1.0,1.0,2,1,0,2.0,29,2.0,9000,3.0,0.0,3.0,2.0,9,2.0,0,3.0,2022.0,1,999,5.0,2,40.0,0.0,72,52.0,93,0.0,400,1.0,1,2,3.0,0.0,2.0,5.0,2,1.0,3,25
0,163.0,12000.0,0.0,23,0.0,78,6.0,261,2.0,21.0,21,1.0,2.0,2,1,0,2.0,29,2.0,9000,1.0,0.0,2.0,2.0,9,2.0,0,2.0,2022.0,1,999,3.0,2,40.0,0.0,72,52.0,86,0.0,400,1.0,1,2,3.0,12000.0,2.0,3.0,2,4.0,3,24
0,501.0,10000.0,10000.0,46,0.0,90,1.0,89,1.0,22.0,20,1.0,1.0,2,1,0,2.0,1,2.0,1000,3.0,0.0,3.0,2.0,1,2.0,0,3.0,2009.0,1,82,6.0,1,10.0,0.0,27,52.0,141,0.0,600,1.0,2,2,3.0,0.0,2.0,5.0,2,4.0,1,41
0,462.0,60000.0,60000.0,60,60000.0,01,1.0,22,1.0,21.0,20,1.0,1.0,2,1,2,2.0,1,2.0,1000,3.0,0.0,3.0,2.0,1,2.0,0,3.0,2008.0,1,999,1.0,1,50.0,0.0,38,52.0,36,0.0,100,1.0,1,2,3.0,0.0,2.0,5.0,2,4.0,1,40
0,462.0,50000.0,50000.0,23,50000.0,78,1.0,22,1.0,21.0,21,1.0,1.0,2,1,1,2.0,1,2.0,1000,3.0,0.0,3.0,2.0,1,2.0,0,3.0,2008.0,1,999,3.0,1,46.0,0.0,38,52.0,26,0.0,100,1.0,1,2,3.0,0.0,2.0,5.0,2,4.0,1,39
0,501.0,120000.0,120000.0,04,120000.0,65,1.0,82,1.0,21.0,20,6.0,1.0,2,5,0,2.0,1,2.0,1000,3.0,0.0,3.0,2.0,1,2.0,0,3.0,1995.0,1,89,2.0,1,45.0,0.0,27,52.0,166,0.0,600,1.0,2,2,3.0,0.0,2.0,5.0,2,4.0,1,64
1,376.0,60000.0,60000.0,56,60000.0,35,1.0,935,1.0,21.0,20,1.0,1.0,2,1,0,2.0,1,2.0,1000,3.0,0.0,3.0,2.0,1,2.0,0,3.0,2001.0,1,50,1.0,1,40.0,0.0,38,52.0,42,0.0,300,1.0,2,2,3.0,0.0,2.0,5.0,2,4.0,1,46
0,376.0,45800.0,44000.0,07,44000.0,83,1.0,999,1.0,21.0,21,1.0,1.0,1,1,2,2.0,1,2.0,1000,3.0,0.0,3.0,2.0,1,2.0,0,3.0,2001.0,1,999,1.0,1,44.0,0.0,38,52.0,24,0.0,300,1.0,4,2,3.0,0.0,2.0,5.0,1,2.0,1,46
0,347.0,54030.0,54000.0,81,54000.0,30,1.0,32,1.0,16.0,20,4.0,1.0,2,3,0,2.0,1,2.0,1000,3.0,0.0,3.0,2.0,1,2.0,0,3.0,1994.0,1,999,1.0,1,40.0,0.0,38,52.0,17,30.0,600,1.0,1,2,3.0,0.0,2.0,5.0,2,4.0,1,57
0,501.0,12000.0,12000.0,52,12000.0,50,1.0,999,1.0,16.0,21,1.0,1.0,2,1,2,2.0,1,2.0,1000,3.0,0.0,3.0,2.0,1,2.0,0,3.0,1997.0,1,999,1.0,1,36.0,0.0,38,52.0,23,0.0,400,1.0,4,2,3.0,0.0,2.0,5.0,2,4.0,1,59
0,501.0,132000.0,132000.0,04,132000.0,91,1.0,32,1.0,21.0,20,1.0,1.0,2,1,0,2.0,1,2.0,1000,3.0,0.0,3.0,2.0,1,2.0,0,3.0,2012.0,1,89,2.0,1,40.0,0.0,38,52.0,168,0.0,500,1.0,2,2,3.0,0.0,2.0,5.0,2,4.0,1,40
0,501.0,65000.0,65000.0,31,65000.0,81,1.0,82,1.0,24.0,21,1.0,1.0,2,1,0,2.0,1,2.0,1000,3.0,0.0,3.0,2.0,1,2.0,0,3.0,2012.0,1,999,2.0,1,32.0,0.0,27,52.0,196,0.0,500,1.0,1,2,3.0,0.0,2.0,5.0,2,4.0,1,38
0,361.0,55300.0,55000.0,96,55000.0,30,1.0,82,1.0,20.0,20,6.0,1.0,2,5,2,2.0,1,2.0,1000,3.0,0.0,3.0,2.0,1,2.0,0,3.0,1995.0,1,999,1.0,1,40.0,0.0,27,46.0,19,300.0,400,1.0,1,2,3.0,0.0,2.0,5.0,2,2.0,1,58
0,268.0,41000.0,32800.0,78,32800.0,49,1.0,148,1.0,18.0,20,4.0,1.0,2,3,1,2.0,1,2.0,1000,2.0,0.0,2.0,2.0,1,2.0,0,2.0,1994.0,1,999,1.0,1,40.0,0.0,38,52.0,38,8200.0,400,1.0,1,2,3.0,0.0,2.0,5.0,2,4.0,1,57
1,499.0,76400.0,76400.0,42,11400.0,21,1.0,82,1.0,16.0,22,4.0,1.0,2,3,0,2.0,1,2.0,1000,3.0,0.0,3.0,2.0,1,2.0,0,3.0,2000.0,1,999,1.0,1,55.0,0.0,46,52.0,33,0.0,400,1.0,1,2,3.0,0.0,2.0,5.0,2,4.0,1,57
0,414.0,48000.0,48000.0,11,48000.0,85,1.0,32,1.0,21.0,20,1.0,1.0,2,1,0,2.0,1,2.0,1000,3.0,0.0,3.0,2.0,1,2.0,0,3.0,2000.0,1,82,4.0,1,40.0,0.0,38,52.0,16,0.0,300,1.0,2,2,3.0,0.0,2.0,5.0,2,4.0,1,44
0,414.0,75000.0,75000.0,64,75000.0,07,1.0,32,1.0,20.0,21,1.0,1.0,2,1,0,2.0,1,2.0,1000,3.0,0.0,3.0,2.0,1,2.0,0,3.0,2000.0,1,82,7.0,1,40.0,0.0,38,52.0,19,0.0,300,1.0,2,2,3.0,0.0,2.0,5.0,2,4.0,1,47
0,166.0,15600.0,0.0,42,0.0,69,6.0,82,3.0,16.0,20,1.0,2.0,1,1,0,2.0,17,2.0,9000,2.0,0.0,2.0,1.0,9,2.0,1,2.0,1992.0,1,26,1.0,1,40.0,0.0,6,52.0,158,0.0,600,1.0,2,2,3.0,0.0,2.0,5.0,2,4.0,1,56
1,166.0,18000.0,0.0,39,0.0,86,6.0,26,2.0,18.0,21,1.0,2.0,1,1,0,2.0,17,2.0,9000,2.0,0.0,2.0,2.0,9,2.0,1,2.0,1992.0,1,50,1.0,1,40.0,0.0,6,52.0,162,0.0,600,1.0,2,2,3.0,0.0,2.0,5.0,1,2.0,1,61
0,262.0,30000.0,30000.0,25,30000.0,78,1.0,999,1.0,20.0,20,1.0,1.0,2,1,0,2.0,1,2.0,1000,2.0,0.0,2.0,2.0,1,2.0,0,2.0,2013.0,1,999,1.0,1,33.0,0.0,38,52.0,16,0.0,100,3.0,4,2,3.0,0.0,2.0,5.0,2,4.0,1,56
0,262.0,22500.0,22500.0,19,22500.0,01,1.0,999,1.0,16.0,21,1.0,1.0,2,1,0,2.0,1,2.0,1000,2.0,0.0,2.0,2.0,1,2.0,0,2.0,2013.0,1,999,7.0,1,12.0,0.0,48,52.0,17,0.0,100,1.0,4,2,3.0,0.0,2.0,5.0,2,4.0,1,59
0,501.0,170000.0,102000.0,38,102000.0,95,1.0,50,1.0,19.0,20,1.0,1.0,2,1,0,2.0,1,2.0,1000,3.0,0.0,3.0,2.0,1,2.0,0,3.0,2013.0,1,22,5.0,1,40.0,0.0,39,52.0,11,0.0,200,3.0,2,2,3.0,0.0,2.0,5.0,2,2.0,1,58
0,501.0,98000.0,98000.0,38,98000.0,95,1.0,50,1.0,21.0,21,1.0,1.0,2,1,0,2.0,1,2.0,1000,3.0,0.0,3.0,2.0,1,2.0,0,3.0,2013.0,1,22,5.0,1,40.0,0.0,49,52.0,15,0.0,200,3.0,2,2,3.0,0.0,2.0,5.0,2,4.0,1,48
0,501.0,35000.0,35000.0,23,35000.0,78,1.0,32,1.0,21.0,20,1.0,1.0,2,1,0,2.0,1,2.0,1000,3.0,0.0,3.0,2.0,1,2.0,0,3.0,2000.0,1,999,3.0,1,60.0,0.0,38,52.0,60,0.0,100,1.0,1,2,3.0,0.0,2.0,5.0,2,4.0,1,42
0,501.0,120000.0,120000.0,72,120000.0,87,1.0,142,1.0,19.0,21,1.0,1.0,2,1,2,2.0,1,2.0,1000,3.0,0.0,3.0,2.0,1,2.0,0,3.0,2000.0,1,999,7.0,1,50.0,0.0,38,52.0,76,0.0,100,1.0,1,2,3.0,0.0,2.0,5.0,2,4.0,1,48
0,452.0,16600.0,7000.0,46,0.0,84,1.0,49,1.0,17.0,20,1.0,1.0,2,1,0,2.0,1,2.0,1000,3.0,0.0,3.0,2.0,1,2.0,0,3.0,1983.0,1,82,6.0,1,12.0,0.0,30,50.0,27,0.0,500,1.0,2,2,3.0,0.0,2.0,5.0,2,4.0,1,64
0,452.0,73600.0,64000.0,73,54000.0,82,1.0,32,1.0,20.0,21,1.0,1.0,2,1,0,2.0,1,2.0,1000,3.0,0.0,3.0,2.0,1,2.0,0,3.0,1983.0,1,999,1.0,1,40.0,0.0,38,52.0,27,0.0,500,1.0,1,2,3.0,0.0,2.0,5.0,2,4.0,1,63
0,145.0,44000.0,20000.0,40,20000.0,86,1.0,98,1.0,20.0,20,4.0,1.0,2,3,0,2.0,1,2.0,1000,3.0,0.0,3.0,2.0,1,2.0,0,3.0,2006.0,1,999,1.0,1,36.0,0.0,38,52.0,157,0.0,300,1.0,1,2,3.0,0.0,2.0,5.0,2,4.0,1,51
0,145.0,1400.0,1400.0,44,1400.0,86,6.0,98,1.0,16.0,25,6.0,2.0,1,5,0,1.0,1,2.0,1000,1.0,0.0,2.0,2.0,1,2.0,0,2.0,1995.0,1,999,1.0,1,16.0,0.0,27,10.0,81,0.0,300,1.0,1,2,3.0,0.0,2.0,3.0,2,4.0,1,20
0,145.0,0.0,0.0,42,0.0,69,6.0,98,3.0,14.0,25,6.0,2.0,2,5,0,2.0,1,2.0,1000,2.0,0.0,2.0,2.0,1,2.0,0,2.0,1995.0,1,999,1.0,1,40.0,0.0,27,52.0,81,0.0,300,1.0,1,2,3.0,0.0,2.0,5.0,2,4.0,1,18
0,349.0,25000.0,25000.0,58,25000.0,69,1.0,32,1.0,14.0,20,1.0,1.0,2,1,0,2.0,1,2.0,1000,3.0,0.0,3.0,2.0,1,2.0,0,3.0,2021.0,1,148,1.0,1,40.0,0.0,53,52.0,79,0.0,200,1.0,2,2,3.0,0.0,2.0,5.0,2,4.0,1,30
0,349.0,80500.0,80000.0,86,80000.0,06,1.0,740,1.0,16.0,21,1.0,1.0,2,1,0,2.0,7,2.0,4002,3.0,0.0,3.0,2.0,6,2.0,0,3.0,2021.0,0,50,1.0,1,80.0,0.0,6,52.0,60,0.0,200,1.0,2,2,3.0,0.0,2.0,5.0,2,4.0,1,33
0,153.0,24000.0,24000.0,96,24000.0,53,1.0,902,1.0,16.0,20,6.0,1.0,2,5,0,2.0,2,2.0,3000,3.0,0.0,3.0,2.0,2,2.0,0,3.0,1995.0,0,999,1.0,1,33.0,0.0,42,52.0,239,0.0,600,1.0,1,2,3.0,0.0,2.0,5.0,2,4.0,1,22
0,501.0,170000.0,170000.0,04,170000.0,72,1.0,32,1.0,16.0,20,1.0,1.0,2,1,0,2.0,1,2.0,1000,3.0,0.0,3.0,2.0,1,2.0,0,3.0,2002.0,1,999,1.0,1,50.0,0.0,38,52.0,40,0.0,100,1.0,1,2,3.0,0.0,2.0,5.0,2,2.0,1,63
0,501.0,51000.0,51000.0,23,51000.0,78,1.0,82,1.0,21.0,21,1.0,1.0,2,1,0,2.0,1,2.0,1000,3.0,0.0,3.0,2.0,1,2.0,0,3.0,2002.0,1,999,3.0,1,40.0,0.0,17,52.0,20,0.0,100,1.0,1,2,3.0,0.0,2.0,5.0,2,4.0,1,54
0,501.0,150000.0,145000.0,10,145000.0,73,1.0,171,1.0,21.0,20,1.0,1.0,2,1,0,2.0,1,2.0,1000,3.0,0.0,3.0,2.0,1,2.0,0,3.0,2009.0,1,999,1.0,5,50.0,0.0,164,52.0,112,5000.0,600,1.0,1,2,3.0,0.0,2.0,5.0,2,4.0,1,40
0,501.0,90000.0,85000.0,00,85000.0,69,1.0,939,1.0,22.0,21,1.0,1.0,2,1,0,2.0,1,2.0,1000,3.0,0.0,3.0,2.0,1,2.0,0,3.0,2009.0,1,999,1.0,1,50.0,0.0,53,52.0,107,5000.0,600,1.0,1,2,3.0,0.0,2.0,5.0,2,4.0,1,37
0,422.0,66200.0,60000.0,06,60000.0,91,1.0,32,1.0,22.0,20,6.0,1.0,2,5,0,2.0,1,2.0,1000,3.0,0.0,3.0,2.0,1,2.0,0,3.0,1995.0,1,82,2.0,1,40.0,0.0,27,42.0,110,0.0,600,1.0,2,2,3.0,0.0,2.0,5.0,2,4.0,1,34
0,501.0,73020.0,73000.0,02,73000.0,78,6.0,32,1.0,22.0,20,1.0,2.0,2,1,0,2.0,1,2.0,1000,2.0,0.0,2.0,2.0,1,2.0,0,2.0,2005.0,1,82,3.0,1,50.0,0.0,38,43.0,14,20.0,400,1.0,2,2,3.0,0.0,2.0,5.0,2,4.0,1,42
0,501.0,177500.0,175000.0,02,150000.0,01,1.0,32,1.0,19.0,21,1.0,1.0,2,1,0,2.0,1,2.0,1000,3.0,0.0,3.0,2.0,1,2.0,0,3.0,2005.0,1,89,6.0,1,60.0,0.0,38,52.0,17,2500.0,400,1.0,2,2,3.0,0.0,2.0,5.0,2,4.0,1,49
1,501.0,45000.0,45000.0,23,45000.0,78,1.0,917,1.0,22.0,20,1.0,1.0,2,1,0,2.0,17,2.0,9000,3.0,0.0,3.0,2.0,9,2.0,1,3.0,2012.0,1,195,1.0,1,32.0,0.0,30,52.0,32,0.0,200,1.0,2,2,3.0,0.0,2.0,5.0,2,4.0,1,56
1,501.0,151100.0,1100.0,05,1100.0,46,6.0,917,1.0,20.0,21,1.0,2.0,2,1,0,2.0,3,2.0,5013,2.0,0.0,2.0,2.0,3,2.0,1,2.0,2012.0,0,999,1.0,1,5.0,0.0,38,10.0,54,150000.0,200,1.0,1,2,3.0,0.0,2.0,5.0,2,2.0,1,56
1,501.0,1200.0,1200.0,62,1200.0,07,6.0,917,1.0,16.0,25,6.0,2.0,2,5,0,2.0,3,2.0,5013,2.0,0.0,2.0,2.0,3,2.0,1,2.0,1995.0,0,999,1.0,1,15.0,0.0,38,12.0,1,0.0,200,1.0,1,2,3.0,0.0,2.0,5.0,2,4.0,1,29
0,6.0,1100.0,0.0,42,0.0,69,6.0,32,3.0,18.0,20,4.0,2.0,2,3,1,2.0,1,2.0,1000,2.0,0.0,2.0,2.0,1,2.0,0,2.0,1990.0,1,82,1.0,1,40.0,1100.0,38,52.0,15,0.0,400,1.0,2,2,3.0,0.0,2.0,5.0,2,4.0,1,55
0,501.0,85000.0,85000.0,12,85000.0,69,1.0,32,1.0,22.0,20,1.0,1.0,2,1,0,2.0,1,2.0,1000,3.0,0.0,3.0,2.0,1,2.0,0,3.0,2006.0,1,999,1.0,1,40.0,0.0,38,52.0,100,0.0,600,1.0,1,2,3.0,0.0,2.0,5.0,2,4.0,1,55
0,501.0,88000.0,88000.0,73,88000.0,88,1.0,32,1.0,20.0,21,1.0,1.0,2,1,0,2.0,1,2.0,1000,3.0,0.0,3.0,2.0,1,2.0,0,3.0,2006.0,1,999,1.0,1,40.0,0.0,38,52.0,106,0.0,600,1.0,1,2,3.0,0.0,2.0,5.0,2,4.0,1,48
0,206.0,62600.0,60000.0,91,60000.0,07,1.0,32,1.0,19.0,20,6.0,1.0,2,5,0,2.0,1,2.0,1000,3.0,0.0,3.0,2.0,1,2.0,0,3.0,1995.0,1,999,1.0,1,45.0,0.0,38,40.0,439,0.0,200,1.0,1,2,3.0,0.0,2.0,5.0,2,2.0,1,54
1,69.0,11000.0,11000.0,47,11000.0,50,1.0,999,1.0,18.0,36,6.0,1.0,2,5,0,2.0,1,2.0,1000,3.0,0.0,3.0,2.0,1,2.0,0,3.0,1995.0,1,999,1.0,1,25.0,0.0,38,45.0,22,0.0,100,1.0,4,2,3.0,0.0,2.0,5.0,2,4.0,1,20
1,139.0,22000.0,0.0,06,0.0,07,6.0,999,2.0,12.0,20,6.0,1.0,2,5,0,2.0,1,2.0,1000,3.0,0.0,3.0,2.0,1,2.0,0,3.0,1995.0,1,999,1.0,1,40.0,22000.0,38,52.0,100,0.0,300,3.0,4,2,3.0,0.0,2.0,5.0,2,4.0,1,62
0,356.0,55000.0,55000.0,04,55000.0,91,1.0,50,1.0,21.0,20,3.0,1.0,1,2,0,2.0,1,2.0,1000,1.0,0.0,1.0,1.0,1,2.0,0,2.0,2001.0,1,32,2.0,1,40.0,0.0,6,52.0,21,0.0,500,1.0,2,2,3.0,0.0,2.0,1.0,2,4.0,1,63
0,482.0,37000.0,37000.0,23,37000.0,75,1.0,82,1.0,19.0,20,1.0,1.0,2,1,0,2.0,1,2.0,1000,3.0,0.0,3.0,2.0,1,2.0,0,3.0,1991.0,1,50,1.0,1,40.0,0.0,38,52.0,21,0.0,400,1.0,2,2,3.0,0.0,2.0,5.0,2,4.0,1,58
0,482.0,58000.0,58000.0,60,58000.0,01,1.0,82,1.0,19.0,21,1.0,1.0,2,1,0,2.0,1,2.0,1000,3.0,0.0,3.0,2.0,1,2.0,0,3.0,1991.0,1,999,1.0,1,60.0,0.0,6,52.0,21,0.0,400,1.0,1,2,3.0,0.0,2.0,5.0,2,4.0,1,64
0,501.0,72000.0,72000.0,04,72000.0,80,1.0,24,1.0,21.0,21,1.0,1.0,2,1,0,2.0,1,2.0,1000,3.0,0.0,3.0,2.0,1,2.0,0,3.0,1988.0,1,999,4.0,1,45.0,0.0,27,52.0,23,0.0,500,1.0,1,2,3.0,0.0,2.0,5.0,2,4.0,1,58
0,99.0,20000.0,0.0,42,0.0,69,6.0,82,3.0,19.0,20,2.0,2.0,2,1,0,2.0,1,2.0,1000,2.0,20000.0,2.0,2.0,1,2.0,0,2.0,1990.0,1,50,1.0,1,40.0,0.0,53,52.0,81,0.0,400,1.0,2,2,3.0,0.0,2.0,5.0,2,4.0,1,61
0,328.0,50000.0,50000.0,07,50000.0,48,1.0,24,1.0,20.0,36,2.0,1.0,2,1,0,2.0,1,2.0,1000,3.0,0.0,3.0,2.0,1,2.0,0,3.0,1990.0,1,999,1.0,1,50.0,0.0,27,52.0,2,0.0,400,1.0,1,2,3.0,0.0,2.0,5.0,2,4.0,1,54
0,501.0,96000.0,96000.0,72,0.0,87,1.0,32,1.0,20.0,20,1.0,1.0,1,1,2,2.0,1,2.0,1000,3.0,0.0,3.0,2.0,1,2.0,0,3.0,2011.0,1,999,6.0,1,60.0,0.0,38,52.0,12,0.0,600,1.0,1,2,3.0,0.0,2.0,5.0,1,4.0,1,62
0,501.0,45000.0,45000.0,58,45000.0,87,1.0,82,1.0,20.0,21,1.0,1.0,2,1,2,2.0,3,2.0,5013,3.0,0.0,3.0,2.0,3,2.0,1,3.0,2011.0,0,917,1.0,1,40.0,0.0,38,52.0,10,0.0,600,1.0,2,2,3.0,0.0,2.0,5.0,2,4.0,1,61
0,204.0,22000.0,22000.0,71,22000.0,96,4.0,22,1.0,19.0,20,1.0,1.0,2,1,0,2.0,17,2.0,9000,3.0,0.0,3.0,2.0,9,2.0,1,3.0,2022.0,1,917,5.0,1,40.0,0.0,17,52.0,136,0.0,500,3.0,2,2,3.0,0.0,1.0,5.0,2,1.0,1,22
0,204.0,18000.0,18000.0,01,18000.0,68,1.0,22,1.0,19.0,21,1.0,1.0,2,1,0,2.0,1,2.0,1000,3.0,0.0,3.0,2.0,1,2.0,0,3.0,2022.0,1,999,1.0,1,40.0,0.0,17,52.0,52,0.0,500,3.0,1,2,3.0,0.0,1.0,5.0,2,4.0,1,24
0,56.0,17500.0,13000.0,02,0.0,01,1.0,939,1.0,21.0,20,1.0,1.0,2,1,2,2.0,1,2.0,1000,2.0,0.0,2.0,2.0,1,2.0,0,2.0,2017.0,1,999,6.0,1,3.0,0.0,38,52.0,53,0.0,400,1.0,1,2,3.0,0.0,2.0,5.0,2,3.0,1,56
0,56.0,30.0,0.0,51,0.0,70,6.0,939,2.0,20.0,21,1.0,2.0,1,1,1,2.0,1,2.0,1000,2.0,0.0,2.0,2.0,1,2.0,0,2.0,2017.0,1,999,1.0,1,40.0,0.0,46,52.0,47,30.0,400,1.0,1,1,3.0,0.0,2.0,5.0,2,4.0,1,53
0,56.0,0.0,0.0,42,0.0,69,6.0,939,3.0,21.0,26,6.0,2.0,2,5,1,2.0,1,2.0,1000,2.0,0.0,2.0,2.0,1,2.0,0,2.0,1995.0,1,999,1.0,1,40.0,0.0,46,52.0,40,0.0,400,1.0,1,2,3.0,0.0,2.0,5.0,2,4.0,1,20
0,499.0,60000.0,60000.0,08,60000.0,68,1.0,999,1.0,15.0,25,6.0,1.0,2,5,2,2.0,1,2.0,1000,3.0,0.0,3.0,2.0,1,2.0,0,3.0,1995.0,1,999,1.0,1,52.0,0.0,34,52.0,64,0.0,500,1.0,4,2,3.0,0.0,2.0,5.0,2,2.0,1,34
0,501.0,61000.0,61000.0,42,61000.0,78,1.0,82,1.0,16.0,20,1.0,1.0,2,1,0,2.0,1,2.0,1000,3.0,0.0,2.0,2.0,1,2.0,0,3.0,1989.0,1,999,2.0,1,40.0,0.0,38,50.0,24,0.0,400,1.0,1,2,3.0,0.0,2.0,5.0,2,2.0,1,64
0,501.0,60000.0,60000.0,23,60000.0,78,1.0,999,1.0,21.0,21,1.0,1.0,2,1,0,2.0,1,2.0,1000,3.0,0.0,3.0,2.0,1,2.0,0,3.0,1989.0,1,999,2.0,1,40.0,0.0,38,52.0,31,0.0,400,1.0,4,2,3.0,0.0,2.0,5.0,2,4.0,1,59
0,241.0,72000.0,72000.0,11,72000.0,05,1.0,32,1.0,20.0,20,1.0,1.0,2,1,0,2.0,1,2.0,1000,3.0,0.0,3.0,2.0,1,2.0,0,3.0,2017.0,1,999,2.0,1,40.0,0.0,38,52.0,27,0.0,200,1.0,1,2,3.0,0.0,2.0,5.0,2,4.0,1,29
0,241.0,0.0,0.0,56,0.0,79,6.0,82,2.0,21.0,21,1.0,2.0,2,1,0,2.0,1,2.0,1000,2.0,0.0,2.0,2.0,1,2.0,0,2.0,2017.0,1,999,1.0,1,40.0,0.0,38,52.0,21,0.0,200,1.0,1,2,3.0,0.0,2.0,5.0,2,4.0,1,26
0,354.0,54000.0,54000.0,08,54000.0,93,1.0,32,1.0,21.0,20,6.0,1.0,2,5,0,2.0,1,2.0,1000,3.0,0.0,3.0,2.0,1,2.0,0,3.0,1995.0,1,171,4.0,1,40.0,0.0,38,52.0,194,0.0,300,1.0,2,2,3.0,0.0,2.0,5.0,2,4.0,1,30
0,472.0,48500.0,38000.0,91,38000.0,61,1.0,939,1.0,16.0,30,6.0,1.0,2,5,0,2.0,1,2.0,1000,3.0,0.0,3.0,2.0,1,2.0,0,3.0,1995.0,1,999,1.0,1,50.0,10500.0,38,52.0,49,0.0,400,1.0,1,2,3.0,0.0,2.0,5.0,2,4.0,1,39
0,501.0,95000.0,95000.0,91,95000.0,44,1.0,939,1.0,16.0,20,1.0,1.0,2,1,0,2.0,1,2.0,1000,3.0,0.0,3.0,2.0,1,2.0,0,3.0,1986.0,1,999,1.0,1,60.0,0.0,38,52.0,93,0.0,400,1.0,1,2,3.0,0.0,2.0,5.0,2,3.0,1,58
0,501.0,50000.0,50000.0,36,50000.0,83,1.0,939,1.0,18.0,21,1.0,1.0,2,1,0,2.0,1,2.0,1000,3.0,0.0,3.0,2.0,1,2.0,0,3.0,1986.0,1,999,2.0,1,45.0,0.0,38,52.0,104,0.0,400,1.0,1,2,3.0,0.0,2.0,5.0,2,4.0,1,57
0,407.0,57100.0,0.0,03,0.0,86,6.0,50,2.0,21.0,20,3.0,2.0,1,2,0,2.0,1,2.0,1000,2.0,0.0,2.0,1.0,1,2.0,0,2.0,1991.0,1,142,6.0,1,40.0,0.0,30,52.0,167,38000.0,100,1.0,2,2,3.0,0.0,2.0,5.0,1,4.0,1,65
0,413.0,115500.0,115000.0,98,115000.0,96,4.0,89,1.0,22.0,20,1.0,1.0,2,1,0,2.0,1,2.0,1000,3.0,0.0,3.0,2.0,1,2.0,0,3.0,2011.0,1,999,5.0,1,40.0,0.0,41,52.0,134,500.0,200,1.0,1,2,3.0,0.0,2.0,5.0,2,1.0,1,34
0,413.0,10000.0,10000.0,32,10000.0,81,6.0,32,1.0,21.0,21,1.0,2.0,2,1,0,2.0,1,2.0,1000,2.0,0.0,2.0,2.0,1,2.0,0,2.0,2011.0,1,999,1.0,1,20.0,0.0,53,26.0,103,0.0,200,1.0,1,2,3.0,0.0,2.0,5.0,2,4.0,1,34
0,116.0,28000.0,28000.0,38,28000.0,94,1.0,996,1.0,18.0,20,1.0,1.0,2,1,0,2.0,1,2.0,1000,2.0,0.0,2.0,2.0,1,2.0,0,2.0,2021.0,1,999,5.0,1,48.0,0.0,49,52.0,114,0.0,200,1.0,3,2,3.0,0.0,2.0,5.0,2,2.0,1,21
0,116.0,0.0,0.0,46,0.0,84,6.0,32,2.0,16.0,21,1.0,2.0,2,1,0,2.0,29,2.0,9000,2.0,0.0,2.0,2.0,9,2.0,0,2.0,2021.0,1,200,2.0,1,40.0,0.0,49,52.0,64,0.0,200,1.0,2,2,3.0,0.0,2.0,5.0,2,4.0,23,21
0,317.0,50000.0,50000.0,91,50000.0,07,1.0,50,1.0,17.0,20,6.0,1.0,2,5,0,2.0,1,2.0,1000,3.0,0.0,1.0,2.0,1,2.0,0,3.0,1995.0,1,82,1.0,1,60.0,0.0,38,52.0,31,0.0,200,1.0,2,2,1.0,0.0,2.0,1.0,2,4.0,1,31
0,0.0,0.0,0.0,93,0.0,87,3.0,902,2.0,16.0,34,6.0,2.0,2,5,0,2.0,35,2.0,9000,1.0,0.0,2.0,2.0,9,2.0,0,2.0,1995.0,0,750,1.0,1,40.0,0.0,38,52.0,20,0.0,200,1.0,2,2,3.0,0.0,2.0,1.0,2,4.0,1,31
0,501.0,52000.0,52000.0,40,52000.0,86,1.0,97,1.0,19.0,20,6.0,1.0,2,5,0,2.0,1,2.0,1000,3.0,0.0,3.0,2.0,1,2.0,0,3.0,1995.0,1,50,1.0,1,45.0,0.0,38,52.0,150,0.0,500,1.0,2,2,3.0,0.0,2.0,5.0,2,4.0,1,57
0,501.0,65000.0,65000.0,35,65000.0,82,1.0,97,1.0,21.0,28,6.0,1.0,2,5,0,2.0,1,2.0,1000,3.0,0.0,3.0,2.0,1,2.0,0,3.0,1995.0,1,50,1.0,1,50.0,0.0,38,52.0,48,0.0,500,1.0,2,2,3.0,0.0,2.0,5.0,2,4.0,1,40
0,395.0,20000.0,20000.0,23,20000.0,84,1.0,32,1.0,21.0,20,1.0,1.0,2,1,0,2.0,1,2.0,1000,3.0,0.0,3.0,2.0,1,2.0,0,3.0,2010.0,1,999,1.0,1,35.0,0.0,38,40.0,105,0.0,300,3.0,1,2,3.0,0.0,2.0,5.0,2,4.0,1,38
0,395.0,105000.0,105000.0,32,105000.0,81,1.0,32,1.0,21.0,21,1.0,1.0,2,1,0,2.0,1,2.0,1000,3.0,0.0,3.0,2.0,1,2.0,0,3.0,2010.0,1,999,1.0,1,55.0,0.0,38,48.0,122,0.0,300,3.0,1,2,3.0,0.0,2.0,5.0,2,4.0,1,40
0,395.0,20800.0,20800.0,47,20800.0,48,1.0,999,1.0,19.0,33,6.0,1.0,2,5,0,2.0,1,2.0,1000,3.0,0.0,3.0,2.0,1,2.0,0,3.0,1995.0,1,999,1.0,1,40.0,0.0,2,52.0,203,0.0,300,3.0,4,2,3.0,0.0,2.0,5.0,2,4.0,1,20
0,79.0,12500.0,12500.0,42,12500.0,77,1.0,999,1.0,16.0,36,6.0,1.0,2,5,0,2.0,1,2.0,1000,3.0,0.0,3.0,2.0,1,2.0,0,3.0,1995.0,1,999,1.0,1,45.0,0.0,38,52.0,289,0.0,300,3.0,4,2,3.0,0.0,2.0,5.0,2,4.0,1,21
0,194.0,30000.0,30000.0,69,30000.0,04,1.0,21,1.0,21.0,20,6.0,1.0,2,5,0,2.0,16,2.0,9000,3.0,0.0,3.0,2.0,9,2.0,0,3.0,1995.0,1,999,1.0,6,45.0,0.0,449,52.0,24,0.0,400,2.0,1,2,3.0,0.0,2.0,5.0,2,4.0,1,25
1,76.0,12000.0,0.0,42,0.0,69,6.0,32,3.0,18.0,20,4.0,2.0,1,3,0,1.0,1,2.0,1000,2.0,0.0,2.0,1.0,1,1.0,0,2.0,1990.0,1,26,1.0,1,40.0,12000.0,38,52.0,155,0.0,100,1.0,2,1,3.0,0.0,2.0,5.0,2,4.0,1,56
0,501.0,123930.0,123000.0,74,123000.0,05,1.0,50,1.0,20.0,20,1.0,1.0,2,1,0,2.0,1,2.0,1000,3.0,0.0,2.0,2.0,1,2.0,0,3.0,1992.0,1,82,1.0,1,40.0,0.0,38,52.0,49,930.0,200,1.0,2,2,3.0,0.0,2.0,5.0,2,4.0,1,56
0,501.0,58000.0,58000.0,20,58000.0,94,1.0,32,1.0,21.0,21,1.0,1.0,2,1,0,2.0,1,2.0,1000,3.0,0.0,3.0,2.0,1,2.0,0,3.0,1992.0,1,999,4.0,1,40.0,0.0,38,52.0,47,0.0,200,1.0,1,2,3.0,0.0,2.0,5.0,2,4.0,1,53
0,311.0,56200.0,56200.0,46,52000.0,84,1.0,996,1.0,19.0,20,1.0,1.0,2,1,0,2.0,1,2.0,1000,3.0,0.0,3.0,2.0,1,2.0,0,3.0,2005.0,1,999,6.0,1,60.0,0.0,30,52.0,44,0.0,100,1.0,3,2,3.0,0.0,2.0,5.0,2,4.0,1,42
0,311.0,35000.0,35000.0,62,35000.0,07,1.0,924,1.0,17.0,21,1.0,1.0,1,1,0,2.0,1,2.0,1000,3.0,0.0,3.0,2.0,1,2.0,0,3.0,2005.0,1,999,1.0,1,40.0,0.0,30,52.0,44,0.0,100,1.0,1,2,3.0,0.0,2.0,5.0,1,4.0,1,64
0,501.0,132000.0,130000.0,94,130000.0,60,1.0,995,1.0,18.0,20,4.0,1.0,2,3,0,2.0,1,2.0,1000,3.0,0.0,3.0,2.0,1,2.0,0,3.0,2017.0,1,999,1.0,1,80.0,0.0,30,52.0,32,0.0,200,1.0,3,2,3.0,0.0,2.0,5.0,2,4.0,1,33
0,501.0,100000.0,100000.0,68,100000.0,04,1.0,995,1.0,16.0,22,6.0,1.0,2,5,0,2.0,1,2.0,1000,3.0,0.0,3.0,2.0,1,2.0,0,3.0,1995.0,1,999,1.0,1,80.0,0.0,38,52.0,27,0.0,200,1.0,3,2,3.0,0.0,2.0,5.0,2,4.0,1,28
1,90.0,14100.0,4500.0,41,4500.0,86,1.0,32,1.0,16.0,20,2.0,1.0,2,1,0,2.0,1,2.0,1000,2.0,0.0,2.0,2.0,1,2.0,0,2.0,1998.0,1,89,1.0,1,4.0,0.0,38,52.0,95,0.0,500,1.0,2,2,2.0,0.0,2.0,5.0,2,4.0,1,53
0,501.0,86500.0,80000.0,47,80000.0,48,1.0,999,1.0,20.0,20,4.0,1.0,2,3,0,2.0,1,2.0,1000,3.0,0.0,3.0,2.0,1,2.0,0,3.0,2017.0,1,999,1.0,1,45.0,0.0,8,52.0,18,6500.0,600,1.0,4,2,3.0,0.0,2.0,5.0,2,2.0,1,45
0,454.0,97500.0,90000.0,52,90000.0,42,1.0,32,1.0,21.0,20,1.0,1.0,2,1,0,2.0,1,2.0,1000,3.0,0.0,3.0,2.0,1,2.0,0,3.0,2011.0,1,999,1.0,1,40.0,0.0,38,52.0,24,0.0,400,1.0,1,2,3.0,0.0,2.0,5.0,2,4.0,1,36
0,454.0,61000.0,61000.0,02,46000.0,01,1.0,32,1.0,19.0,21,1.0,1.0,2,1,0,2.0,1,2.0,1000,3.0,0.0,3.0,2.0,1,2.0,0,3.0,2011.0,1,999,6.0,1,40.0,0.0,46,52.0,26,0.0,400,1.0,1,2,3.0,0.0,2.0,5.0,2,4.0,1,36
0,78.0,3200.0,0.0,42,0.0,69,6.0,999,3.0,21.0,21,1.0,2.0,2,1,2,2.0,1,2.0,1000,2.0,0.0,2.0,2.0,1,2.0,0,2.0,2002.0,1,999,1.0,1,40.0,0.0,38,52.0,39,0.0,500,1.0,4,2,3.0,0.0,2.0,5.0,2,4.0,1,60
0,501.0,87000.0,87000.0,10,87000.0,78,1.0,94,1.0,20.0,20,6.0,1.0,1,5,0,2.0,1,2.0,1000,3.0,0.0,3.0,2.0,1,2.0,0,3.0,1995.0,1,22,4.0,1,40.0,0.0,38,52.0,108,0.0,600,1.0,2,1,3.0,0.0,2.0,5.0,2,4.0,1,48
0,142.0,10000.0,10000.0,01,10000.0,73,1.0,49,1.0,21.0,20,1.0,1.0,2,1,0,2.0,1,2.0,1000,3.0,0.0,3.0,2.0,1,2.0,0,3.0,1998.0,1,999,1.0,1,50.0,0.0,38,52.0,27,0.0,600,1.0,1,2,3.0,0.0,2.0,5.0,2,4.0,1,51
0,142.0,18300.0,18300.0,71,25000.0,07,1.0,82,1.0,19.0,21,1.0,1.0,2,1,0,2.0,1,2.0,1000,3.0,0.0,3.0,2.0,1,2.0,0,3.0,1998.0,1,999,1.0,1,50.0,0.0,27,52.0,21,0.0,600,1.0,1,2,3.0,0.0,2.0,5.0,2,4.0,1,54
1,77.0,12000.0,0.0,42,0.0,69,6.0,999,3.0,16.0,20,4.0,2.0,1,3,0,2.0,1,2.0,1000,2.0,12000.0,2.0,1.0,1,2.0,0,2.0,1991.0,1,999,1.0,1,40.0,0.0,38,52.0,30,0.0,400,3.0,4,2,3.0,0.0,2.0,5.0,2,4.0,1,57
0,342.0,600.0,400.0,04,0.0,39,2.0,22,1.0,21.0,20,1.0,1.0,2,1,0,2.0,1,2.0,1000,3.0,0.0,2.0,2.0,1,2.0,0,1.0,2005.0,1,999,6.0,1,50.0,0.0,26,52.0,108,200.0,600,3.0,1,2,3.0,0.0,2.0,5.0,2,4.0,1,41
0,342.0,80000.0,80000.0,02,80000.0,78,1.0,740,1.0,22.0,21,1.0,1.0,2,1,0,2.0,7,2.0,4002,3.0,0.0,3.0,2.0,6,2.0,0,3.0,2005.0,0,999,4.0,4,70.0,0.0,215,52.0,93,0.0,600,3.0,1,2,3.0,0.0,2.0,5.0,2,4.0,1,45
0,501.0,39460.0,38700.0,24,38700.0,78,1.0,171,1.0,22.0,20,1.0,1.0,2,1,0,2.0,1,2.0,1000,3.0,0.0,3.0,2.0,1,2.0,0,3.0,1991.0,1,32,4.0,1,45.0,0.0,34,52.0,51,760.0,500,1.0,2,2,3.0,0.0,2.0,5.0,2,4.0,1,54
0,501.0,16150.0,15800.0,19,15800.0,72,1.0,142,1.0,21.0,25,6.0,1.0,2,5,0,2.0,1,2.0,1000,3.0,0.0,3.0,2.0,1,2.0,0,3.0,1995.0,1,171,1.0,1,45.0,0.0,38,40.0,25,350.0,500,1.0,2,2,3.0,0.0,2.0,5.0,2,4.0,1,22
0,277.0,42800.0,42800.0,81,28800.0,88,1.0,999,1.0,19.0,20,6.0,1.0,2,5,0,2.0,1,2.0,1000,3.0,0.0,3.0,2.0,1,2.0,0,3.0,1995.0,1,999,6.0,1,32.0,0.0,38,52.0,26,0.0,500,1.0,4,2,3.0,0.0,2.0,5.0,2,4.0,1,62
0,236.0,43000.0,43000.0,46,0.0,84,1.0,999,1.0,16.0,20,1.0,1.0,2,1,0,2.0,1,2.0,1000,3.0,0.0,3.0,2.0,1,2.0,0,3.0,2008.0,1,999,6.0,1,50.0,0.0,38,52.0,201,0.0,600,1.0,4,2,3.0,0.0,2.0,5.0,2,4.0,1,38
0,236.0,45000.0,45000.0,93,45000.0,87,1.0,999,1.0,17.0,21,1.0,1.0,2,1,0,2.0,1,2.0,1000,3.0,0.0,3.0,2.0,1,2.0,0,3.0,2008.0,1,999,1.0,1,50.0,0.0,32,52.0,220,0.0,600,1.0,4,2,3.0,0.0,2.0,5.0,2,4.0,1,37
0,177.0,22000.0,22000.0,78,22000.0,86,1.0,999,1.0,16.0,20,1.0,1.0,2,1,1,2.0,1,2.0,1000,3.0,0.0,3.0,2.0,1,2.0,0,3.0,1988.0,1,999,1.0,1,40.0,0.0,37,52.0,17,0.0,200,1.0,4,2,3.0,0.0,2.0,5.0,2,4.0,1,61
0,177.0,13600.0,13600.0,91,13600.0,78,1.0,999,1.0,16.0,21,1.0,1.0,2,1,1,2.0,1,2.0,1000,3.0,0.0,3.0,2.0,1,2.0,0,3.0,1988.0,1,999,3.0,1,20.0,0.0,38,16.0,12,0.0,200,1.0,4,2,3.0,0.0,2.0,5.0,2,4.0,1,63
0,297.0,0.0,0.0,42,0.0,69,6.0,82,3.0,19.0,20,1.0,2.0,2,1,0,2.0,1,2.0,1000,2.0,0.0,2.0,2.0,1,2.0,0,2.0,2013.0,1,999,1.0,1,40.0,0.0,38,52.0,77,0.0,200,1.0,1,2,3.0,0.0,2.0,5.0,2,4.0,1,42
0,297.0,60000.0,60000.0,96,60000.0,60,1.0,32,1.0,19.0,21,1.0,1.0,2,1,0,2.0,1,2.0,1000,3.0,0.0,3.0,2.0,1,2.0,0,3.0,2013.0,1,50,1.0,1,45.0,0.0,39,52.0,85,0.0,200,1.0,2,2,3.0,0.0,2.0,5.0,2,2.0,1,43
0,325.0,48000.0,48000.0,23,48000.0,78,1.0,187,1.0,22.0,20,1.0,1.0,2,1,0,2.0,1,2.0,1000,2.0,0.0,2.0,2.0,1,2.0,0,2.0,2002.0,1,999,3.0,1,40.0,0.0,27,52.0,54,0.0,600,1.0,1,2,3.0,0.0,2.0,5.0,2,4.0,1,42
0,325.0,80000.0,80000.0,47,80000.0,48,1.0,187,1.0,21.0,21,1.0,1.0,2,1,0,2.0,1,2.0,1000,3.0,0.0,3.0,2.0,1,2.0,0,3.0,2002.0,1,999,1.0,1,55.0,0.0,38,52.0,59,0.0,600,1.0,1,2,3.0,0.0,2.0,5.0,2,4.0,1,44
0,0.0,0.0,0.0,60,0.0,01,3.0,996,2.0,18.0,20,2.0,2.0,2,1,0,2.0,1,2.0,1000,1.0,0.0,2.0,2.0,1,2.0,0,2.0,2005.0,1,999,8.0,1,40.0,0.0,21,52.0,43,0.0,100,1.0,3,2,3.0,0.0,2.0,1.0,2,4.0,1,43
1,0.0,0.0,0.0,42,0.0,76,6.0,82,2.0,12.0,20,4.0,2.0,1,3,0,2.0,1,2.0,1000,2.0,0.0,2.0,1.0,1,2.0,0,2.0,2015.0,1,32,1.0,1,40.0,0.0,38,52.0,111,0.0,200,1.0,2,2,3.0,0.0,2.0,5.0,2,4.0,1,50
0,463.0,44000.0,44000.0,04,44000.0,07,1.0,32,1.0,20.0,20,2.0,1.0,2,1,0,2.0,1,2.0,1000,3.0,0.0,3.0,2.0,1,2.0,0,3.0,1997.0,1,142,3.0,1,40.0,0.0,27,52.0,39,0.0,400,1.0,2,2,3.0,0.0,2.0,5.0,2,4.0,1,50
0,463.0,68000.0,68000.0,77,68000.0,30,1.0,32,1.0,19.0,25,6.0,1.0,2,5,0,2.0,1,2.0,1000,3.0,0.0,3.0,2.0,1,2.0,0,3.0,1995.0,1,98,1.0,1,40.0,0.0,38,52.0,40,0.0,400,1.0,2,2,3.0,0.0,2.0,5.0,2,4.0,1,20
0,101.0,20000.0,20000.0,89,20000.0,38,1.0,776,1.0,16.0,20,6.0,1.0,2,5,0,2.0,10,2.0,4013,3.0,0.0,3.0,2.0,6,2.0,0,3.0,1995.0,0,999,1.0,1,40.0,0.0,27,10.0,91,0.0,500,1.0,1,2,3.0,0.0,2.0,5.0,2,4.0,1,28
0,101.0,0.0,0.0,47,0.0,49,6.0,776,2.0,16.0,28,6.0,2.0,1,5,0,2.0,10,2.0,4013,1.0,0.0,2.0,1.0,6,2.0,0,2.0,1995.0,0,999,1.0,1,40.0,0.0,27,52.0,23,0.0,500,1.0,1,1,3.0,0.0,2.0,3.0,2,4.0,1,19
0,196.0,30000.0,30000.0,41,30000.0,86,1.0,26,1.0,19.0,20,6.0,1.0,2,5,0,2.0,1,2.0,1000,3.0,0.0,3.0,2.0,1,2.0,0,3.0,1995.0,1,32,1.0,1,30.0,0.0,48,45.0,422,0.0,600,3.0,2,2,3.0,0.0,2.0,5.0,2,4.0,1,20
1,116.0,18000.0,0.0,42,0.0,69,6.0,5,3.0,16.0,20,4.0,2.0,1,3,0,2.0,1,2.0,1000,2.0,17000.0,2.0,1.0,1,1.0,0,2.0,1983.0,1,82,1.0,1,40.0,0.0,56,52.0,16,0.0,200,3.0,2,2,3.0,0.0,2.0,3.0,2,4.0,1,61
0,115.0,18000.0,0.0,42,0.0,69,6.0,32,3.0,21.0,20,6.0,2.0,2,5,2,2.0,1,2.0,1000,2.0,0.0,2.0,2.0,1,2.0,0,2.0,1995.0,1,999,1.0,1,40.0,0.0,38,52.0,11,18000.0,400,3.0,1,2,2.0,0.0,2.0,2.0,2,3.0,1,53
0,501.0,54000.0,54000.0,52,54000.0,68,1.0,82,1.0,18.0,20,1.0,1.0,2,1,0,2.0,1,2.0,1000,3.0,0.0,3.0,2.0,1,2.0,0,3.0,2006.0,1,999,1.0,1,40.0,0.0,38,52.0,14,0.0,200,1.0,1,2,3.0,0.0,2.0,5.0,2,4.0,1,38
0,501.0,100000.0,36000.0,78,36000.0,49,1.0,82,1.0,18.0,21,1.0,1.0,2,1,0,2.0,1,2.0,1000,3.0,0.0,3.0,2.0,1,2.0,0,3.0,2006.0,1,999,1.0,1,32.0,0.0,38,52.0,11,64000.0,200,1.0,1,2,3.0,0.0,2.0,5.0,2,4.0,1,42
0,379.0,400.0,400.0,32,400.0,81,1.0,21,1.0,21.0,20,1.0,1.0,2,1,0,2.0,1,2.0,1000,3.0,0.0,3.0,2.0,1,2.0,0,3.0,2010.0,1,999,1.0,1,12.0,0.0,46,1.0,32,0.0,100,1.0,1,2,3.0,0.0,2.0,5.0,2,4.0,1,34
0,379.0,150000.0,150000.0,14,150000.0,62,1.0,26,1.0,21.0,21,1.0,1.0,2,1,0,2.0,1,2.0,1000,3.0,0.0,3.0,2.0,1,2.0,0,3.0,2010.0,1,999,1.0,1,40.0,0.0,48,52.0,17,0.0,100,1.0,1,2,3.0,0.0,2.0,5.0,2,4.0,1,33
0,197.0,21000.0,21000.0,02,1000.0,01,1.0,999,1.0,21.0,20,1.0,1.0,2,1,0,2.0,1,2.0,1000,3.0,0.0,3.0,2.0,1,2.0,0,3.0,1997.0,1,999,6.0,1,60.0,0.0,38,52.0,55,0.0,400,1.0,4,2,3.0,0.0,2.0,5.0,2,4.0,1,52
0,197.0,26100.0,26100.0,23,26100.0,78,1.0,999,1.0,22.0,21,1.0,1.0,2,1,0,2.0,1,2.0,1000,3.0,0.0,3.0,2.0,1,2.0,0,3.0,1997.0,1,999,2.0,1,65.0,0.0,38,42.0,45,0.0,400,1.0,4,2,3.0,0.0,2.0,5.0,2,4.0,1,52
0,501.0,150000.0,150000.0,05,150000.0,69,1.0,122,1.0,21.0,20,1.0,1.0,2,1,0,2.0,1,2.0,1000,3.0,0.0,3.0,2.0,1,2.0,0,3.0,2000.0,1,999,2.0,1,43.0,0.0,38,52.0,37,0.0,600,1.0,1,2,3.0,0.0,2.0,5.0,2,4.0,1,57
0,307.0,48000.0,48000.0,62,48000.0,07,1.0,32,1.0,16.0,20,6.0,1.0,1,5,0,1.0,1,2.0,1000,3.0,0.0,3.0,2.0,1,2.0,0,3.0,1995.0,1,148,1.0,1,50.0,0.0,38,52.0,177,0.0,600,1.0,2,1,3.0,0.0,2.0,5.0,2,4.0,1,22
0,172.0,27000.0,27000.0,41,27000.0,86,3.0,32,1.0,16.0,34,6.0,2.0,2,5,0,2.0,1,2.0,1000,1.0,0.0,2.0,2.0,1,2.0,0,2.0,1995.0,1,50,1.0,1,32.0,0.0,27,48.0,257,0.0,600,1.0,2,2,3.0,0.0,2.0,2.0,2,4.0,1,21
0,0.0,0.0,0.0,42,0.0,69,6.0,50,3.0,21.0,20,1.0,2.0,2,1,2,2.0,1,2.0,1000,2.0,0.0,2.0,2.0,1,2.0,0,2.0,1987.0,1,999,1.0,1,40.0,0.0,41,52.0,138,0.0,500,1.0,1,2,3.0,0.0,2.0,5.0,2,4.0,1,64
0,0.0,0.0,0.0,42,0.0,69,6.0,32,3.0,20.0,21,1.0,2.0,2,1,2,2.0,1,2.0,1000,2.0,0.0,2.0,2.0,1,2.0,0,2.0,1987.0,1,999,1.0,1,40.0,0.0,53,52.0,160,0.0,500,1.0,1,2,3.0,0.0,2.0,5.0,2,3.0,1,64
1,157.0,19500.0,12500.0,40,12500.0,90,1.0,51,1.0,15.0,20,1.0,1.0,2,1,0,2.0,1,2.0,1000,3.0,0.0,3.0,2.0,1,2.0,0,3.0,1982.0,1,88,1.0,1,16.0,7000.0,42,12.0,38,0.0,500,1.0,2,2,3.0,0.0,2.0,5.0,2,4.0,1,62
0,157.0,12100.0,12100.0,40,12000.0,78,3.0,51,1.0,18.0,21,1.0,2.0,1,1,0,2.0,1,2.0,1000,1.0,0.0,2.0,1.0,1,2.0,0,2.0,1982.0,1,32,3.0,1,35.0,0.0,42,40.0,35,0.0,500,1.0,2,2,3.0,0.0,2.0,1.0,1,4.0,1,60
0,501.0,128000.0,128000.0,87,128000.0,04,1.0,999,1.0,20.0,20,4.0,1.0,2,3,0,2.0,1,2.0,1000,3.0,0.0,3.0,2.0,1,2.0,0,3.0,2014.0,1,999,1.0,1,40.0,0.0,47,52.0,96,0.0,200,1.0,4,2,3.0,0.0,2.0,5.0,2,4.0,1,52
0,232.0,16800.0,0.0,35,0.0,80,6.0,112,2.0,20.0,21,1.0,2.0,1,1,0,1.0,1,2.0,1000,2.0,0.0,2.0,2.0,1,2.0,0,2.0,1980.0,1,999,1.0,1,40.0,16800.0,19,52.0,10,0.0,600,1.0,1,2,3.0,0.0,2.0,5.0,2,4.0,1,65
0,232.0,5000.0,5000.0,96,5000.0,50,1.0,112,1.0,16.0,25,4.0,1.0,2,3,0,2.0,1,2.0,1000,3.0,0.0,3.0,2.0,1,2.0,0,3.0,2004.0,1,32,1.0,1,50.0,0.0,38,52.0,22,0.0,600,1.0,2,2,3.0,0.0,2.0,5.0,2,4.0,1,42
0,501.0,70000.0,70000.0,57,70000.0,48,1.0,89,1.0,18.0,20,4.0,1.0,2,3,0,2.0,16,2.0,9000,3.0,0.0,3.0,2.0,9,2.0,0,3.0,1999.0,1,154,1.0,1,55.0,0.0,27,52.0,24,0.0,600,1.0,2,2,3.0,0.0,2.0,5.0,2,4.0,1,57
0,501.0,100000.0,100000.0,32,100000.0,81,1.0,89,1.0,21.0,28,5.0,1.0,2,4,0,2.0,1,2.0,1000,3.0,0.0,3.0,2.0,1,2.0,0,3.0,2008.0,1,154,5.0,1,40.0,0.0,27,52.0,21,0.0,600,3.0,2,2,3.0,0.0,2.0,5.0,2,4.0,1,39
0,159.0,25000.0,25000.0,36,25000.0,82,1.0,902,1.0,19.0,20,6.0,1.0,2,5,0,2.0,2,2.0,3000,3.0,0.0,3.0,2.0,2,2.0,0,3.0,1995.0,0,999,1.0,1,25.0,0.0,6,52.0,432,0.0,600,3.0,1,2,3.0,0.0,2.0,5.0,2,4.0,1,19
0,191.0,30000.0,30000.0,91,30000.0,42,1.0,194,1.0,19.0,22,6.0,1.0,2,5,0,2.0,1,2.0,1000,3.0,0.0,3.0,2.0,1,2.0,0,3.0,1995.0,1,195,1.0,1,45.0,0.0,27,52.0,87,0.0,600,3.0,2,2,3.0,0.0,2.0,5.0,2,4.0,1,20
0,256.0,29000.0,29000.0,47,29000.0,53,2.0,999,1.0,16.0,20,1.0,1.0,2,1,0,2.0,1,2.0,1000,2.0,0.0,2.0,2.0,1,2.0,0,1.0,2022.0,1,999,1.0,1,40.0,0.0,38,52.0,321,0.0,100,1.0,4,2,1.0,0.0,1.0,5.0,2,4.0,1,27
0,256.0,50000.0,50000.0,91,50000.0,61,1.0,999,1.0,16.0,21,1.0,1.0,2,1,2,2.0,1,2.0,1000,2.0,0.0,2.0,2.0,1,2.0,0,2.0,2022.0,1,999,7.0,1,40.0,0.0,38,52.0,277,0.0,100,1.0,4,2,3.0,0.0,1.0,5.0,2,4.0,1,27
0,320.0,50000.0,50000.0,89,50000.0,04,1.0,939,1.0,14.0,20,1.0,1.0,2,1,0,2.0,1,2.0,1000,3.0,0.0,3.0,2.0,1,2.0,0,3.0,2023.0,1,999,1.0,1,12.0,0.0,6,45.0,257,0.0,100,3.0,1,2,3.0,0.0,1.0,5.0,2,4.0,2,19
0,320.0,4000.0,4000.0,58,4000.0,78,6.0,924,1.0,18.0,21,1.0,2.0,2,1,0,2.0,1,2.0,1000,2.0,0.0,2.0,2.0,1,2.0,0,2.0,2023.0,1,999,1.0,1,4.0,0.0,6,25.0,533,0.0,100,3.0,1,2,3.0,0.0,1.0,5.0,2,4.0,1,18
0,320.0,20000.0,20000.0,89,20000.0,04,1.0,939,1.0,15.0,28,6.0,1.0,2,5,0,2.0,1,2.0,1000,3.0,0.0,3.0,2.0,1,2.0,0,3.0,1995.0,1,999,1.0,1,40.0,0.0,6,10.0,798,0.0,100,3.0,1,2,3.0,0.0,2.0,5.0,2,4.0,2,25
0,411.0,19000.0,19000.0,81,19000.0,88,1.0,20,1.0,17.0,20,1.0,1.0,2,1,1,2.0,1,2.0,1000,3.0,0.0,3.0,2.0,1,2.0,0,3.0,2009.0,1,22,1.0,1,20.0,0.0,56,49.0,20,0.0,200,1.0,2,2,3.0,0.0,2.0,5.0,2,4.0,1,33
0,411.0,78000.0,45000.0,81,45000.0,88,1.0,26,1.0,16.0,21,1.0,1.0,2,1,1,2.0,1,2.0,1000,3.0,0.0,3.0,2.0,1,2.0,0,3.0,2009.0,1,22,7.0,1,40.0,0.0,56,52.0,28,33000.0,200,1.0,2,2,3.0,0.0,2.0,5.0,2,4.0,1,39
1,501.0,19000.0,0.0,42,0.0,69,6.0,142,3.0,21.0,25,6.0,2.0,2,5,0,2.0,1,2.0,1000,2.0,0.0,2.0,2.0,1,2.0,0,2.0,1995.0,1,88,1.0,1,40.0,19000.0,38,52.0,1,0.0,500,1.0,2,2,2.0,0.0,2.0,3.0,2,4.0,1,60
0,501.0,115000.0,115000.0,42,115000.0,22,1.0,999,1.0,21.0,20,1.0,1.0,2,1,0,2.0,1,2.0,1000,3.0,0.0,3.0,2.0,1,2.0,0,3.0,2023.0,1,999,1.0,1,40.0,0.0,38,52.0,27,0.0,500,1.0,4,2,3.0,0.0,1.0,5.0,2,3.0,1,30
0,501.0,30000.0,30000.0,35,30000.0,80,1.0,999,1.0,20.0,21,1.0,1.0,2,1,0,2.0,1,2.0,1000,3.0,0.0,3.0,2.0,1,2.0,0,3.0,2023.0,1,999,1.0,1,40.0,0.0,27,52.0,34,0.0,500,1.0,4,2,3.0,0.0,1.0,5.0,2,4.0,1,28
0,179.0,28000.0,28000.0,36,28000.0,82,1.0,901,1.0,22.0,20,6.0,1.0,1,5,0,1.0,60,1.0,9000,3.0,0.0,3.0,2.0,9,2.0,1,3.0,1995.0,1,98,1.0,1,40.0,0.0,21,52.0,286,0.0,600,1.0,2,2,3.0,0.0,2.0,5.0,2,4.0,1,31
0,192.0,26000.0,26000.0,47,26000.0,69,1.0,82,1.0,21.0,20,6.0,1.0,2,5,0,2.0,1,2.0,1000,3.0,0.0,3.0,2.0,1,2.0,0,3.0,1995.0,1,50,1.0,1,40.0,0.0,38,52.0,43,0.0,500,3.0,2,2,3.0,0.0,2.0,5.0,2,4.0,1,23
0,192.0,12000.0,12000.0,52,12000.0,48,1.0,82,1.0,19.0,28,6.0,1.0,2,5,0,2.0,1,2.0,1000,3.0,0.0,3.0,2.0,1,2.0,0,3.0,1995.0,1,999,1.0,1,20.0,0.0,38,20.0,14,0.0,500,3.0,1,2,3.0,0.0,2.0,5.0,2,4.0,1,20
0,49.0,7600.0,7600.0,25,7600.0,78,1.0,935,1.0,16.0,34,6.0,1.0,2,5,0,2.0,1,2.0,1000,3.0,0.0,3.0,2.0,1,2.0,0,3.0,1995.0,1,999,3.0,1,40.0,0.0,38,36.0,14,0.0,500,3.0,1,2,3.0,0.0,2.0,5.0,2,4.0,1,24
0,410.0,75000.0,75000.0,77,75000.0,23,1.0,32,1.0,21.0,20,1.0,1.0,2,1,0,2.0,1,2.0,1000,3.0,0.0,3.0,2.0,1,2.0,0,3.0,2020.0,1,50,1.0,1,50.0,0.0,38,52.0,58,0.0,500,1.0,2,2,3.0,0.0,2.0,5.0,2,4.0,1,30
0,410.0,48000.0,48000.0,23,48000.0,78,1.0,32,1.0,22.0,21,1.0,1.0,2,1,0,2.0,1,2.0,1000,3.0,0.0,3.0,2.0,1,2.0,0,3.0,2020.0,1,999,3.0,1,50.0,0.0,38,52.0,75,0.0,500,1.0,1,2,3.0,0.0,2.0,5.0,2,4.0,1,29
0,501.0,180000.0,180000.0,63,100000.0,69,1.0,32,1.0,20.0,20,1.0,1.0,2,1,2,2.0,1,2.0,1000,2.0,0.0,2.0,2.0,1,2.0,0,2.0,2012.0,1,50,7.0,1,40.0,0.0,27,52.0,33,0.0,400,1.0,2,2,3.0,0.0,2.0,5.0,2,4.0,1,35
0,501.0,30000.0,30000.0,32,30000.0,80,1.0,32,1.0,20.0,21,1.0,1.0,2,1,2,2.0,1,2.0,1000,2.0,0.0,2.0,2.0,1,2.0,0,2.0,2012.0,1,50,2.0,1,38.0,0.0,27,52.0,26,0.0,400,1.0,2,2,3.0,0.0,2.0,5.0,2,4.0,1,31
0,176.0,36000.0,30500.0,40,30500.0,86,1.0,142,1.0,16.0,20,4.0,1.0,1,3,0,2.0,1,1.0,1000,1.0,0.0,2.0,2.0,1,2.0,0,2.0,2016.0,1,999,1.0,1,40.0,0.0,38,48.0,76,0.0,400,1.0,1,2,2.0,0.0,2.0,1.0,2,4.0,1,25
0,186.0,28800.0,28800.0,96,28800.0,46,1.0,999,1.0,11.0,22,6.0,1.0,2,5,0,2.0,1,2.0,1000,2.0,0.0,2.0,2.0,1,2.0,0,2.0,1995.0,1,999,1.0,1,40.0,0.0,29,52.0,63,0.0,400,1.0,4,2,2.0,0.0,2.0,5.0,2,4.0,1,26
0,390.0,76000.0,0.0,42,0.0,69,6.0,32,3.0,18.0,20,1.0,2.0,2,1,1,2.0,1,2.0,1000,2.0,0.0,2.0,2.0,1,2.0,0,2.0,2003.0,1,148,1.0,1,40.0,0.0,6,52.0,42,0.0,100,1.0,2,2,3.0,0.0,2.0,5.0,2,4.0,1,60
0,390.0,2300.0,0.0,42,0.0,69,6.0,32,3.0,19.0,21,1.0,2.0,2,1,1,2.0,1,2.0,1000,2.0,0.0,2.0,2.0,1,2.0,0,2.0,2003.0,1,148,1.0,1,40.0,0.0,38,52.0,16,0.0,100,1.0,2,2,3.0,0.0,2.0,5.0,2,4.0,1,64
0,152.0,20000.0,20000.0,22,20000.0,78,1.0,603,1.0,21.0,20,1.0,1.0,2,1,1,2.0,10,2.0,4016,3.0,0.0,3.0,2.0,6,2.0,0,3.0,2021.0,0,999,4.0,4,20.0,0.0,202,52.0,185,0.0,500,2.0,1,2,3.0,0.0,2.0,5.0,2,4.0,1,26
0,152.0,10500.0,10500.0,25,10500.0,78,1.0,603,1.0,21.0,21,1.0,1.0,2,1,1,2.0,10,2.0,4016,3.0,0.0,3.0,2.0,6,2.0,0,3.0,2021.0,0,999,4.0,4,20.0,0.0,202,52.0,188,0.0,500,2.0,1,2,3.0,0.0,2.0,5.0,2,4.0,1,25
0,160.0,24490.0,24000.0,22,24000.0,78,1.0,82,1.0,21.0,20,6.0,1.0,2,5,2,2.0,1,2.0,1000,2.0,0.0,2.0,2.0,1,2.0,0,2.0,1995.0,1,999,4.0,1,50.0,0.0,27,52.0,122,0.0,600,1.0,1,2,3.0,0.0,2.0,5.0,2,4.0,1,24
0,501.0,124000.0,124000.0,02,0.0,01,1.0,82,1.0,16.0,20,1.0,1.0,2,1,2,2.0,1,2.0,1000,2.0,0.0,2.0,2.0,1,2.0,0,2.0,1990.0,1,999,6.0,1,45.0,0.0,38,52.0,33,0.0,500,1.0,1,2,3.0,0.0,2.0,5.0,2,4.0,1,57
0,501.0,36000.0,36000.0,57,36000.0,78,1.0,98,1.0,18.0,21,1.0,1.0,2,1,0,2.0,1,2.0,1000,3.0,0.0,3.0,2.0,1,2.0,0,3.0,1990.0,1,999,4.0,1,40.0,0.0,38,52.0,27,0.0,500,1.0,1,2,3.0,0.0,2.0,5.0,2,4.0,1,61
0,501.0,96000.0,56000.0,20,56000.0,78,1.0,82,1.0,22.0,20,1.0,1.0,2,1,0,2.0,1,2.0,1000,3.0,0.0,3.0,2.0,1,2.0,0,3.0,2013.0,1,50,3.0,1,40.0,0.0,38,52.0,20,0.0,500,1.0,2,2,3.0,0.0,2.0,5.0,2,2.0,1,44
0,501.0,110000.0,110000.0,32,110000.0,95,1.0,82,1.0,23.0,21,1.0,1.0,2,1,0,2.0,1,2.0,1000,3.0,0.0,3.0,2.0,1,2.0,0,3.0,2013.0,1,88,5.0,1,45.0,0.0,38,52.0,20,0.0,500,1.0,2,2,3.0,0.0,2.0,5.0,2,4.0,1,37
0,38.0,5600.0,2000.0,41,2000.0,86,1.0,32,1.0,16.0,20,4.0,1.0,2,3,0,2.0,1,2.0,1000,3.0,0.0,3.0,2.0,1,2.0,0,3.0,2005.0,1,999,1.0,1,12.0,3600.0,38,52.0,57,0.0,400,1.0,1,2,3.0,0.0,2.0,5.0,2,4.0,1,65
0,355.0,55600.0,48000.0,08,48000.0,93,1.0,82,1.0,21.0,20,4.0,1.0,2,3,0,2.0,1,2.0,1000,3.0,0.0,3.0,2.0,1,2.0,0,3.0,1984.0,1,89,3.0,1,45.0,0.0,38,52.0,29,0.0,500,1.0,2,2,3.0,0.0,2.0,5.0,2,4.0,1,60
0,239.0,20000.0,20000.0,20,20000.0,91,6.0,32,1.0,22.0,20,1.0,2.0,1,1,0,2.0,1,2.0,1000,2.0,0.0,2.0,1.0,1,2.0,0,2.0,2004.0,1,999,2.0,1,40.0,0.0,38,26.0,108,0.0,400,3.0,1,2,3.0,0.0,2.0,5.0,2,4.0,1,45
0,239.0,68700.0,64000.0,72,64000.0,61,1.0,32,1.0,18.0,21,1.0,1.0,1,1,0,2.0,1,2.0,1000,3.0,0.0,3.0,1.0,1,2.0,0,3.0,2004.0,1,999,1.0,1,40.0,0.0,55,52.0,100,0.0,400,1.0,1,2,3.0,0.0,2.0,5.0,1,2.0,1,49
0,239.0,0.0,0.0,42,0.0,69,6.0,32,3.0,14.0,25,6.0,2.0,2,5,0,2.0,1,2.0,1000,2.0,0.0,2.0,2.0,1,2.0,0,2.0,1995.0,1,999,1.0,1,40.0,0.0,38,52.0,1,0.0,400,1.0,1,2,3.0,0.0,2.0,5.0,2,4.0,1,18
0,234.0,35000.0,35000.0,34,35000.0,50,1.0,82,1.0,20.0,20,1.0,1.0,2,1,2,2.0,1,2.0,1000,3.0,0.0,3.0,2.0,1,2.0,0,3.0,2011.0,1,999,1.0,1,34.0,0.0,38,52.0,45,0.0,400,1.0,1,2,3.0,0.0,2.0,5.0,2,4.0,1,36
0,234.0,50000.0,50000.0,02,0.0,01,1.0,82,1.0,15.0,21,1.0,1.0,2,1,2,2.0,1,2.0,1000,3.0,0.0,3.0,2.0,1,2.0,0,3.0,2011.0,1,999,6.0,1,45.0,0.0,38,52.0,41,0.0,400,1.0,1,2,3.0,0.0,2.0,5.0,2,4.0,1,35
0,501.0,150500.0,117000.0,00,117000.0,50,1.0,931,1.0,13.0,20,6.0,1.0,2,5,0,2.0,1,2.0,1000,3.0,0.0,3.0,2.0,1,2.0,0,3.0,1995.0,1,999,1.0,1,40.0,0.0,38,52.0,216,1000.0,100,1.0,1,2,3.0,0.0,2.0,5.0,2,4.0,1,42
1,384.0,60000.0,60000.0,91,60000.0,86,1.0,939,1.0,18.0,22,4.0,1.0,2,3,0,2.0,1,2.0,1000,3.0,0.0,3.0,2.0,1,2.0,0,3.0,2007.0,1,999,1.0,1,40.0,0.0,38,52.0,215,0.0,100,1.0,1,2,3.0,0.0,2.0,5.0,2,4.0,1,54
0,501.0,132000.0,130000.0,10,130000.0,73,1.0,999,1.0,21.0,20,1.0,1.0,2,1,0,2.0,1,2.0,1000,3.0,0.0,3.0,2.0,1,2.0,0,3.0,2011.0,1,999,1.0,1,40.0,0.0,38,52.0,246,2000.0,300,1.0,4,2,3.0,0.0,2.0,5.0,2,4.0,1,35
0,501.0,60000.0,60000.0,17,60000.0,94,1.0,999,1.0,21.0,21,1.0,1.0,2,1,0,2.0,1,2.0,1000,3.0,0.0,3.0,2.0,1,2.0,0,3.0,2011.0,1,999,4.0,1,40.0,0.0,38,52.0,185,0.0,300,1.0,4,2,3.0,0.0,2.0,5.0,2,4.0,1,35
0,501.0,86000.0,86000.0,13,86000.0,72,1.0,32,1.0,22.0,20,6.0,1.0,1,5,0,2.0,1,2.0,1000,3.0,0.0,3.0,2.0,1,2.0,0,3.0,1995.0,1,50,1.0,1,45.0,0.0,38,52.0,258,0.0,600,1.0,2,2,3.0,0.0,2.0,5.0,1,4.0,1,29
0,221.0,34000.0,34000.0,30,34000.0,79,1.0,999,1.0,23.0,20,6.0,1.0,2,5,0,2.0,1,2.0,1000,2.0,0.0,2.0,2.0,1,2.0,0,2.0,1995.0,1,999,2.0,1,40.0,0.0,27,52.0,22,0.0,600,1.0,4,2,3.0,0.0,2.0,5.0,2,4.0,1,38
0,501.0,180000.0,180000.0,14,180000.0,30,1.0,999,1.0,21.0,20,1.0,1.0,2,1,0,2.0,1,2.0,1000,3.0,0.0,3.0,2.0,1,2.0,0,3.0,2000.0,1,999,1.0,1,40.0,0.0,38,52.0,179,0.0,600,1.0,4,2,3.0,0.0,2.0,5.0,2,4.0,1,46
0,501.0,90000.0,90000.0,08,90000.0,68,1.0,999,1.0,21.0,21,1.0,1.0,2,1,0,2.0,1,2.0,1000,3.0,0.0,3.0,2.0,1,2.0,0,3.0,2000.0,1,999,1.0,1,40.0,0.0,38,52.0,125,0.0,600,1.0,4,2,3.0,0.0,2.0,5.0,2,4.0,1,45
0,244.0,25000.0,25000.0,25,25000.0,78,1.0,924,1.0,16.0,20,1.0,1.0,2,1,0,2.0,1,2.0,1000,3.0,0.0,3.0,2.0,1,2.0,0,3.0,2011.0,1,32,3.0,1,32.0,0.0,38,52.0,52,0.0,500,1.0,2,2,3.0,0.0,2.0,5.0,2,4.0,1,41
0,244.0,50000.0,50000.0,72,50000.0,46,1.0,924,1.0,16.0,21,1.0,1.0,2,1,0,2.0,1,2.0,1000,3.0,0.0,3.0,2.0,1,2.0,0,3.0,2011.0,1,999,1.0,1,60.0,0.0,38,52.0,44,0.0,500,1.0,1,2,3.0,0.0,2.0,5.0,2,4.0,1,37
0,501.0,50000.0,50000.0,23,50000.0,78,1.0,195,1.0,22.0,20,1.0,1.0,2,1,0,2.0,1,2.0,1000,3.0,0.0,3.0,2.0,1,2.0,0,3.0,2003.0,1,999,2.0,1,50.0,0.0,38,42.0,106,0.0,600,1.0,1,2,3.0,0.0,2.0,5.0,2,4.0,1,43
0,501.0,115000.0,115000.0,10,115000.0,48,1.0,98,1.0,19.0,21,1.0,1.0,2,1,0,2.0,1,2.0,1000,3.0,0.0,3.0,2.0,1,2.0,0,3.0,2003.0,1,999,1.0,1,40.0,0.0,27,52.0,113,0.0,600,1.0,1,2,3.0,0.0,2.0,5.0,2,4.0,1,43
0,501.0,150000.0,150000.0,07,150000.0,73,1.0,50,1.0,19.0,20,1.0,1.0,2,1,0,2.0,1,2.0,1000,3.0,0.0,3.0,2.0,1,2.0,0,3.0,1988.0,1,89,7.0,1,50.0,0.0,38,52.0,111,0.0,300,1.0,2,2,3.0,0.0,2.0,5.0,2,4.0,1,63
0,501.0,60000.0,60000.0,40,60000.0,73,1.0,50,1.0,16.0,21,1.0,1.0,2,1,0,2.0,1,2.0,1000,3.0,0.0,3.0,2.0,1,2.0,0,3.0,1988.0,1,999,1.0,1,50.0,0.0,21,52.0,97,0.0,300,1.0,1,2,3.0,0.0,2.0,5.0,2,4.0,1,59
0,431.0,38000.0,38000.0,36,38000.0,79,1.0,122,1.0,20.0,20,1.0,1.0,2,1,1,2.0,1,2.0,1000,3.0,0.0,3.0,2.0,1,2.0,0,3.0,1994.0,1,999,1.0,1,48.0,0.0,38,52.0,65,0.0,600,1.0,1,2,3.0,0.0,2.0,5.0,2,4.0,1,55
0,431.0,48000.0,48000.0,40,48000.0,78,1.0,999,1.0,20.0,21,1.0,1.0,2,1,1,2.0,1,2.0,1000,3.0,0.0,3.0,2.0,1,2.0,0,3.0,1994.0,1,999,4.0,1,40.0,0.0,38,52.0,55,0.0,600,1.0,4,2,3.0,0.0,2.0,5.0,2,4.0,1,52
0,501.0,40500.0,0.0,42,0.0,69,6.0,924,3.0,18.0,21,1.0,1.0,2,1,2,2.0,29,2.0,9000,2.0,0.0,2.0,2.0,9,2.0,0,2.0,1983.0,1,999,1.0,1,40.0,0.0,38,52.0,35,500.0,400,1.0,1,2,2.0,0.0,2.0,3.0,2,4.0,1,59
0,501.0,160000.0,0.0,00,0.0,52,6.0,32,2.0,21.0,20,1.0,2.0,2,1,0,2.0,1,2.0,1000,2.0,0.0,2.0,2.0,1,2.0,0,2.0,1993.0,1,999,1.0,1,40.0,0.0,38,52.0,55,0.0,600,1.0,1,2,3.0,0.0,2.0,5.0,2,3.0,1,57
0,501.0,0.0,0.0,42,0.0,69,6.0,32,3.0,21.0,21,1.0,2.0,2,1,0,2.0,1,2.0,1000,2.0,0.0,2.0,2.0,1,2.0,0,2.0,1993.0,1,999,1.0,1,40.0,0.0,38,52.0,58,0.0,600,1.0,1,2,3.0,0.0,2.0,5.0,2,4.0,1,58
0,501.0,38400.0,38400.0,47,38400.0,52,1.0,32,1.0,21.0,25,6.0,1.0,2,5,0,2.0,1,2.0,1000,3.0,0.0,3.0,2.0,1,2.0,0,3.0,1995.0,1,999,1.0,1,45.0,0.0,38,52.0,97,0.0,600,1.0,1,2,3.0,0.0,2.0,5.0,2,4.0,1,28
0,60.0,0.0,0.0,42,0.0,69,6.0,32,3.0,1.0,25,6.0,2.0,2,5,0,2.0,1,2.0,1000,2.0,0.0,2.0,2.0,1,2.0,0,2.0,1995.0,1,21,1.0,1,40.0,0.0,47,52.0,11,0.0,400,1.0,2,2,3.0,0.0,2.0,5.0,2,4.0,1,38
0,395.0,80000.0,80000.0,68,80000.0,04,1.0,291,1.0,15.0,20,1.0,1.0,2,1,0,2.0,15,2.0,8000,3.0,0.0,3.0,2.0,8,2.0,0,3.0,2002.0,0,999,1.0,1,40.0,0.0,23,52.0,103,0.0,200,2.0,1,2,3.0,0.0,2.0,5.0,2,4.0,2,45
0,395.0,0.0,0.0,42,0.0,69,6.0,252,3.0,19.0,21,1.0,2.0,2,1,2,2.0,15,2.0,8000,2.0,0.0,2.0,2.0,8,2.0,0,2.0,2002.0,0,999,1.0,1,40.0,0.0,23,52.0,111,0.0,200,2.0,1,2,3.0,0.0,2.0,5.0,2,4.0,2,53
0,359.0,56300.0,56300.0,48,33600.0,76,1.0,49,1.0,21.0,20,6.0,1.0,2,5,0,2.0,1,2.0,1000,3.0,0.0,3.0,2.0,1,2.0,0,3.0,1995.0,1,32,1.0,1,40.0,0.0,38,52.0,139,0.0,600,1.0,2,2,3.0,0.0,2.0,5.0,2,4.0,1,61
0,501.0,70000.0,70000.0,16,70000.0,95,1.0,32,1.0,21.0,25,6.0,1.0,2,5,0,2.0,1,2.0,1000,3.0,0.0,3.0,2.0,1,2.0,0,3.0,1995.0,1,148,5.0,1,40.0,0.0,38,52.0,158,0.0,300,1.0,2,2,3.0,0.0,2.0,5.0,2,4.0,1,49
0,345.0,54000.0,54000.0,23,54000.0,78,1.0,720,1.0,22.0,20,6.0,1.0,2,5,0,2.0,6,2.0,4008,2.0,0.0,2.0,2.0,6,2.0,0,2.0,1995.0,0,999,3.0,4,35.0,0.0,233,52.0,106,0.0,600,3.0,1,2,3.0,0.0,2.0,5.0,2,4.0,1,40
0,497.0,68000.0,68000.0,22,68000.0,78,1.0,50,1.0,22.0,20,1.0,1.0,2,1,0,2.0,1,2.0,1000,3.0,0.0,3.0,2.0,1,2.0,0,3.0,1990.0,1,999,4.0,1,50.0,0.0,31,52.0,55,0.0,500,1.0,1,2,3.0,0.0,2.0,5.0,2,4.0,1,56
0,497.0,32000.0,32000.0,57,32000.0,78,1.0,22,1.0,20.0,21,1.0,1.0,2,1,0,2.0,1,2.0,1000,3.0,0.0,3.0,2.0,1,2.0,0,3.0,1990.0,1,999,4.0,1,40.0,0.0,30,52.0,48,0.0,500,1.0,1,2,3.0,0.0,2.0,5.0,2,4.0,1,55
0,282.0,65000.0,65000.0,32,65000.0,81,1.0,999,1.0,22.0,20,1.0,1.0,2,1,0,2.0,15,2.0,8000,3.0,0.0,3.0,2.0,8,2.0,0,3.0,2014.0,0,999,1.0,1,40.0,0.0,38,52.0,33,0.0,100,1.0,4,2,3.0,0.0,2.0,5.0,2,4.0,1,36
0,282.0,20000.0,20000.0,47,20000.0,85,1.0,999,1.0,21.0,21,1.0,1.0,2,1,0,2.0,15,2.0,8000,3.0,0.0,3.0,2.0,8,2.0,0,3.0,2014.0,0,999,1.0,1,40.0,0.0,30,52.0,38,0.0,100,1.0,4,2,3.0,0.0,2.0,5.0,2,4.0,1,35
0,180.0,28200.0,28200.0,03,28200.0,86,1.0,82,1.0,19.0,20,6.0,1.0,2,5,0,2.0,1,2.0,1000,3.0,0.0,3.0,2.0,1,2.0,0,3.0,1995.0,1,995,1.0,1,33.0,0.0,38,52.0,141,0.0,200,1.0,1,2,3.0,0.0,2.0,5.0,2,4.0,1,22
0,223.0,35000.0,35000.0,71,35000.0,96,4.0,924,1.0,16.0,22,6.0,1.0,2,5,0,2.0,1,2.0,1000,3.0,0.0,3.0,2.0,1,2.0,0,3.0,1995.0,1,999,5.0,1,45.0,0.0,42,52.0,115,0.0,200,1.0,1,2,3.0,0.0,2.0,5.0,2,1.0,1,22
0,501.0,62000.0,62000.0,49,62000.0,82,1.0,50,1.0,21.0,21,1.0,1.0,2,1,0,2.0,1,2.0,1000,3.0,0.0,3.0,2.0,1,2.0,0,3.0,1999.0,1,999,1.0,1,40.0,0.0,39,52.0,97,0.0,200,1.0,1,2,3.0,0.0,2.0,5.0,2,4.0,1,64
0,447.0,42000.0,42000.0,20,42000.0,83,1.0,142,1.0,19.0,20,1.0,1.0,2,1,0,2.0,1,2.0,1000,3.0,0.0,3.0,2.0,1,2.0,0,3.0,2010.0,1,999,4.0,1,40.0,0.0,38,52.0,74,0.0,500,1.0,1,2,3.0,0.0,2.0,5.0,2,4.0,1,39
0,447.0,48000.0,48000.0,91,48000.0,44,1.0,142,1.0,15.0,21,1.0,1.0,2,1,0,2.0,1,2.0,1000,3.0,0.0,3.0,2.0,1,2.0,0,3.0,2010.0,1,26,1.0,1,42.0,0.0,38,52.0,44,0.0,500,1.0,2,2,3.0,0.0,2.0,5.0,2,4.0,1,40
0,260.0,40000.0,40000.0,00,40000.0,67,1.0,51,1.0,21.0,20,6.0,1.0,2,5,0,2.0,1,2.0,1000,3.0,0.0,3.0,2.0,1,2.0,0,3.0,1995.0,1,32,2.0,1,40.0,0.0,38,52.0,192,0.0,300,3.0,2,2,3.0,0.0,2.0,5.0,2,4.0,1,21
0,501.0,107500.0,100000.0,92,100000.0,60,1.0,32,1.0,21.0,20,1.0,1.0,2,1,0,2.0,1,2.0,1000,3.0,0.0,3.0,2.0,1,2.0,0,3.0,1993.0,1,999,1.0,1,60.0,0.0,38,52.0,139,7500.0,300,1.0,1,2,3.0,0.0,2.0,5.0,2,4.0,1,58
0,501.0,0.0,0.0,42,0.0,69,6.0,32,3.0,16.0,21,1.0,2.0,2,1,0,2.0,1,2.0,1000,2.0,0.0,2.0,2.0,1,2.0,0,2.0,1993.0,1,999,1.0,1,40.0,0.0,26,52.0,122,0.0,300,1.0,1,2,3.0,0.0,2.0,5.0,2,4.0,1,55
0,274.0,38500.0,38500.0,96,38500.0,63,1.0,999,1.0,16.0,20,4.0,1.0,1,3,0,1.0,1,2.0,1000,2.0,0.0,3.0,2.0,1,2.0,0,3.0,2000.0,1,999,1.0,1,38.0,0.0,38,52.0,115,0.0,300,1.0,4,2,3.0,0.0,2.0,5.0,2,4.0,1,65
1,205.0,4600.0,0.0,47,0.0,53,6.0,32,2.0,16.0,20,1.0,2.0,2,1,0,2.0,1,2.0,1000,2.0,0.0,2.0,2.0,1,2.0,0,2.0,1978.0,1,88,1.0,1,40.0,4600.0,55,52.0,96,0.0,200,3.0,2,2,3.0,0.0,2.0,5.0,2,4.0,1,62
0,205.0,35700.0,3000.0,47,3000.0,48,1.0,935,1.0,21.0,21,1.0,1.0,2,1,0,2.0,1,2.0,1000,2.0,0.0,2.0,2.0,1,2.0,0,2.0,1978.0,1,999,1.0,1,20.0,13000.0,6,52.0,75,0.0,200,3.0,1,2,3.0,0.0,2.0,3.0,2,2.0,1,64
0,365.0,57000.0,53000.0,16,53000.0,78,1.0,26,1.0,24.0,20,6.0,1.0,2,5,0,2.0,1,2.0,1000,3.0,0.0,3.0,2.0,1,2.0,0,3.0,1995.0,1,999,4.0,5,40.0,0.0,109,52.0,52,4000.0,500,1.0,1,2,3.0,0.0,2.0,5.0,2,4.0,1,34
0,310.0,49000.0,45000.0,36,45000.0,92,1.0,22,1.0,21.0,20,6.0,1.0,2,5,0,2.0,1,2.0,1000,1.0,0.0,1.0,2.0,1,2.0,0,3.0,1995.0,1,999,1.0,1,50.0,0.0,38,52.0,56,4000.0,400,1.0,1,2,2.0,0.0,2.0,2.0,2,4.0,1,63
0,265.0,22000.0,0.0,06,0.0,07,6.0,32,2.0,15.0,20,1.0,2.0,2,1,1,2.0,1,2.0,1000,2.0,0.0,2.0,2.0,1,2.0,0,2.0,1994.0,1,999,1.0,1,40.0,22000.0,38,52.0,14,0.0,600,1.0,1,2,3.0,0.0,2.0,5.0,2,4.0,1,63
0,131.0,15000.0,15000.0,40,15000.0,86,1.0,51,1.0,18.0,20,1.0,1.0,2,1,0,2.0,1,2.0,1000,3.0,0.0,3.0,2.0,1,2.0,0,3.0,2019.0,1,999,1.0,1,20.0,0.0,36,52.0,11,0.0,100,1.0,1,2,3.0,0.0,2.0,5.0,2,4.0,1,33
0,131.0,25000.0,25000.0,80,25000.0,01,1.0,51,1.0,19.0,21,1.0,1.0,2,1,0,2.0,1,2.0,1000,3.0,0.0,3.0,2.0,1,2.0,0,3.0,2019.0,1,999,1.0,1,40.0,0.0,36,52.0,4,0.0,100,1.0,1,2,3.0,0.0,2.0,5.0,2,2.0,1,46
0,207.0,32500.0,32000.0,53,32000.0,81,1.0,32,1.0,19.0,20,6.0,1.0,2,5,0,2.0,1,2.0,1000,3.0,0.0,3.0,2.0,1,2.0,0,3.0,1995.0,1,82,2.0,1,37.0,0.0,38,52.0,621,500.0,400,3.0,2,2,3.0,0.0,2.0,5.0,2,4.0,1,25
0,5.0,860.0,0.0,42,0.0,69,6.0,32,3.0,1.0,20,4.0,2.0,1,3,0,2.0,1,2.0,1000,2.0,0.0,2.0,1.0,1,1.0,0,2.0,1987.0,1,939,1.0,1,40.0,0.0,38,52.0,14,0.0,200,1.0,2,2,2.0,0.0,2.0,5.0,2,4.0,1,63
0,358.0,60000.0,60000.0,32,60000.0,79,1.0,22,1.0,21.0,20,1.0,1.0,2,1,0,2.0,1,2.0,1000,3.0,0.0,3.0,2.0,1,2.0,0,3.0,2003.0,1,999,4.0,1,40.0,0.0,2,52.0,117,0.0,300,1.0,1,2,3.0,0.0,2.0,5.0,2,4.0,1,37
0,358.0,80000.0,80000.0,02,80000.0,07,1.0,22,1.0,19.0,21,1.0,1.0,2,1,0,2.0,1,2.0,1000,3.0,0.0,3.0,2.0,1,2.0,0,3.0,2003.0,1,999,1.0,1,40.0,0.0,56,52.0,166,0.0,300,1.0,1,2,3.0,0.0,2.0,5.0,2,4.0,1,40
0,433.0,43000.0,43000.0,23,43000.0,78,1.0,32,1.0,21.0,20,1.0,1.0,2,1,0,2.0,1,2.0,1000,3.0,0.0,3.0,2.0,1,2.0,0,3.0,2013.0,1,148,3.0,1,50.0,0.0,38,52.0,14,0.0,200,1.0,2,2,3.0,0.0,2.0,5.0,2,4.0,1,43
0,433.0,60000.0,55000.0,23,55000.0,78,1.0,32,1.0,21.0,21,1.0,1.0,2,1,0,2.0,1,2.0,1000,3.0,0.0,3.0,2.0,1,2.0,0,3.0,2013.0,1,148,4.0,1,50.0,0.0,38,52.0,12,0.0,200,1.0,2,2,3.0,0.0,2.0,5.0,2,4.0,1,45
0,347.0,100500.0,100000.0,02,0.0,01,1.0,32,1.0,20.0,20,1.0,1.0,2,1,1,2.0,1,2.0,1000,3.0,0.0,3.0,2.0,1,2.0,0,3.0,2016.0,1,148,6.0,1,60.0,0.0,38,52.0,24,500.0,400,1.0,2,2,3.0,0.0,2.0,5.0,2,4.0,1,29
0,347.0,25000.0,25000.0,57,25000.0,69,1.0,32,1.0,21.0,21,1.0,1.0,2,1,1,2.0,1,2.0,1000,3.0,0.0,3.0,2.0,1,2.0,0,3.0,2016.0,1,148,5.0,1,25.0,0.0,38,52.0,21,0.0,400,1.0,2,2,3.0,0.0,2.0,5.0,2,4.0,1,29
0,501.0,0.0,0.0,88,0.0,55,6.0,82,2.0,19.0,21,1.0,2.0,2,1,0,2.0,1,2.0,1000,2.0,0.0,2.0,2.0,1,2.0,0,2.0,1982.0,1,999,1.0,1,40.0,0.0,27,52.0,50,0.0,400,1.0,1,2,3.0,0.0,2.0,5.0,2,4.0,1,62
0,501.0,43600.0,42600.0,58,7600.0,55,1.0,32,1.0,20.0,25,6.0,1.0,1,5,0,2.0,1,1.0,1000,3.0,0.0,3.0,2.0,1,2.0,0,3.0,1995.0,1,82,1.0,1,20.0,0.0,38,52.0,23,1000.0,400,1.0,2,2,3.0,0.0,2.0,5.0,2,4.0,1,31
1,501.0,8600.0,0.0,42,0.0,69,6.0,32,3.0,17.0,25,6.0,2.0,1,5,0,1.0,1,1.0,1000,2.0,8600.0,2.0,1.0,1,1.0,0,2.0,1995.0,1,999,1.0,1,40.0,0.0,38,52.0,9,0.0,200,1.0,1,2,3.0,0.0,2.0,5.0,2,4.0,1,26
0,418.0,85000.0,85000.0,70,85000.0,66,1.0,996,1.0,20.0,20,1.0,1.0,2,1,0,2.0,1,2.0,1000,2.0,0.0,2.0,2.0,1,2.0,0,2.0,2003.0,1,999,1.0,1,45.0,0.0,27,52.0,68,0.0,300,1.0,3,2,2.0,0.0,2.0,5.0,2,4.0,1,44
0,418.0,40000.0,20000.0,57,20000.0,88,1.0,32,1.0,20.0,21,1.0,1.0,2,1,0,2.0,1,2.0,1000,3.0,0.0,2.0,2.0,1,2.0,0,2.0,2003.0,1,999,7.0,1,40.0,0.0,38,45.0,56,0.0,300,1.0,1,2,2.0,0.0,2.0,5.0,2,4.0,1,42
0,319.0,50000.0,50000.0,96,50000.0,49,1.0,82,1.0,16.0,20,4.0,1.0,2,3,0,2.0,1,2.0,1000,3.0,0.0,3.0,2.0,1,2.0,0,3.0,1993.0,1,999,1.0,1,50.0,0.0,38,52.0,150,0.0,300,1.0,1,2,3.0,0.0,2.0,5.0,2,4.0,1,52
0,35.0,5500.0,5500.0,57,5500.0,81,1.0,21,1.0,15.0,20,4.0,1.0,2,3,0,2.0,1,2.0,1000,3.0,0.0,3.0,2.0,1,2.0,0,3.0,1978.0,1,32,2.0,7,32.0,0.0,301,19.0,30,0.0,400,3.0,2,2,3.0,0.0,2.0,5.0,2,4.0,1,64
0,501.0,12000.0,12000.0,40,12000.0,86,1.0,78,1.0,20.0,21,1.0,1.0,2,1,2,2.0,1,2.0,1000,2.0,0.0,2.0,2.0,1,2.0,0,2.0,1985.0,1,999,1.0,1,30.0,0.0,30,50.0,173,0.0,300,1.0,1,2,2.0,0.0,2.0,5.0,2,4.0,1,57
0,452.0,54000.0,51500.0,20,49500.0,78,1.0,82,1.0,22.0,20,1.0,1.0,1,1,0,2.0,1,1.0,1000,3.0,0.0,3.0,1.0,1,2.0,0,3.0,2007.0,1,50,3.0,1,40.0,0.0,38,52.0,18,2500.0,400,1.0,2,2,3.0,0.0,2.0,5.0,2,4.0,1,64
0,452.0,35000.0,35000.0,42,35000.0,53,1.0,32,1.0,16.0,21,1.0,1.0,1,1,0,2.0,1,2.0,1000,3.0,0.0,3.0,1.0,1,2.0,0,3.0,2007.0,1,50,1.0,1,40.0,0.0,38,52.0,13,0.0,400,1.0,2,2,3.0,0.0,2.0,5.0,2,4.0,1,63
0,501.0,75000.0,35000.0,86,35000.0,20,6.0,32,1.0,20.0,20,1.0,2.0,2,1,0,2.0,1,2.0,1000,2.0,0.0,2.0,2.0,1,2.0,0,2.0,2002.0,1,999,1.0,1,44.0,0.0,38,13.0,19,0.0,200,1.0,1,2,3.0,0.0,2.0,5.0,2,4.0,1,56
0,501.0,98000.0,98000.0,32,98000.0,81,1.0,88,1.0,21.0,21,1.0,1.0,2,1,0,2.0,1,2.0,1000,3.0,0.0,3.0,2.0,1,2.0,0,3.0,2002.0,1,931,2.0,7,42.0,0.0,301,52.0,14,0.0,200,1.0,2,2,3.0,0.0,2.0,5.0,2,4.0,1,47
0,501.0,2600.0,2600.0,41,2600.0,86,6.0,32,1.0,14.0,25,6.0,2.0,2,5,0,2.0,1,2.0,1000,2.0,0.0,2.0,2.0,1,2.0,0,2.0,1995.0,1,88,1.0,1,12.0,0.0,38,20.0,2,0.0,200,1.0,2,2,3.0,0.0,2.0,5.0,2,4.0,1,18
0,262.0,53300.0,53300.0,04,60000.0,69,1.0,32,1.0,21.0,20,1.0,1.0,2,1,0,2.0,1,2.0,1000,3.0,0.0,3.0,2.0,1,2.0,0,3.0,2003.0,1,148,1.0,1,48.0,0.0,38,52.0,37,0.0,100,1.0,2,2,3.0,0.0,2.0,5.0,2,4.0,1,50
0,262.0,38000.0,38000.0,23,38000.0,84,1.0,32,1.0,20.0,21,1.0,1.0,1,1,0,2.0,1,2.0,1000,3.0,0.0,3.0,2.0,1,2.0,0,3.0,2003.0,1,82,5.0,1,38.0,0.0,38,39.0,25,0.0,100,1.0,2,2,3.0,0.0,2.0,5.0,1,4.0,1,44
0,373.0,64000.0,64000.0,16,64000.0,94,1.0,32,1.0,22.0,20,1.0,1.0,2,1,0,2.0,1,2.0,1000,3.0,0.0,3.0,2.0,1,2.0,0,3.0,2019.0,1,999,4.0,1,40.0,0.0,27,52.0,90,0.0,500,1.0,1,2,3.0,0.0,2.0,5.0,2,4.0,1,34
0,373.0,50000.0,50000.0,31,50000.0,80,1.0,82,1.0,21.0,21,1.0,1.0,2,1,0,2.0,1,2.0,1000,3.0,0.0,3.0,2.0,1,2.0,0,3.0,2019.0,1,999,1.0,1,40.0,0.0,27,52.0,62,0.0,500,1.0,1,2,3.0,0.0,2.0,5.0,2,4.0,1,34
0,501.0,113000.0,113000.0,86,113000.0,05,1.0,32,1.0,20.0,20,1.0,1.0,2,1,0,2.0,1,2.0,1000,2.0,0.0,2.0,2.0,1,2.0,0,2.0,2015.0,1,999,1.0,1,40.0,0.0,38,52.0,46,0.0,200,1.0,1,2,2.0,0.0,2.0,5.0,2,4.0,1,31
0,501.0,96000.0,96000.0,36,96000.0,81,1.0,32,1.0,22.0,21,1.0,1.0,2,1,0,2.0,1,2.0,1000,2.0,0.0,2.0,2.0,1,2.0,0,2.0,2015.0,1,82,1.0,1,40.0,0.0,38,52.0,51,0.0,200,1.0,2,2,3.0,0.0,2.0,5.0,2,4.0,1,31
0,430.0,66100.0,38700.0,57,38700.0,94,1.0,32,1.0,19.0,20,3.0,1.0,2,2,1,2.0,1,2.0,1000,2.0,0.0,2.0,2.0,1,2.0,0,2.0,1981.0,1,82,4.0,1,40.0,3700.0,38,52.0,48,11000.0,200,1.0,2,2,2.0,0.0,2.0,5.0,2,4.0,1,61
0,370.0,65000.0,65000.0,32,65000.0,81,1.0,26,1.0,21.0,21,1.0,1.0,1,1,0,2.0,1,2.0,1000,3.0,0.0,3.0,1.0,1,2.0,0,3.0,1980.0,1,999,1.0,1,36.0,0.0,27,52.0,86,0.0,200,1.0,1,2,3.0,0.0,2.0,5.0,2,4.0,1,65
0,188.0,45500.0,45500.0,39,45500.0,85,1.0,917,1.0,12.0,20,4.0,1.0,2,3,0,2.0,3,2.0,5013,3.0,0.0,3.0,2.0,3,2.0,1,3.0,1981.0,0,999,1.0,1,40.0,0.0,38,52.0,165,0.0,400,1.0,1,2,3.0,0.0,2.0,5.0,2,4.0,1,65
0,501.0,75000.0,75000.0,14,75000.0,05,1.0,122,1.0,21.0,20,1.0,1.0,2,1,0,2.0,1,2.0,1000,3.0,0.0,3.0,2.0,1,2.0,0,3.0,2021.0,1,999,1.0,1,40.0,0.0,38,52.0,149,0.0,300,1.0,1,2,3.0,0.0,2.0,5.0,2,3.0,1,28
0,501.0,43000.0,43000.0,26,43000.0,07,1.0,50,1.0,22.0,21,1.0,1.0,2,1,0,2.0,1,2.0,1000,3.0,0.0,3.0,2.0,1,2.0,0,3.0,2021.0,1,32,1.0,1,30.0,0.0,30,40.0,145,0.0,300,1.0,2,2,3.0,0.0,2.0,5.0,2,4.0,1,28
0,501.0,31700.0,27500.0,01,27500.0,07,1.0,50,1.0,14.0,25,6.0,1.0,2,5,0,2.0,1,2.0,1000,3.0,0.0,3.0,2.0,1,2.0,0,3.0,1995.0,1,82,1.0,1,45.0,0.0,27,32.0,9,0.0,400,1.0,2,2,3.0,4200.0,2.0,5.0,2,4.0,1,43
0,501.0,19950.0,19950.0,40,19100.0,86,1.0,32,1.0,19.0,21,1.0,1.0,2,1,0,2.0,1,2.0,1000,3.0,0.0,3.0,2.0,1,2.0,0,3.0,1988.0,1,999,1.0,1,18.0,0.0,38,52.0,71,0.0,300,1.0,1,2,3.0,0.0,2.0,5.0,2,4.0,1,64
0,501.0,45100.0,45100.0,11,45100.0,48,1.0,32,1.0,21.0,25,6.0,1.0,2,5,0,2.0,1,2.0,1000,3.0,0.0,3.0,2.0,1,2.0,0,3.0,1995.0,1,999,1.0,1,40.0,0.0,38,52.0,81,0.0,300,3.0,1,2,3.0,0.0,2.0,5.0,2,4.0,1,25
0,443.0,102000.0,102000.0,04,102000.0,73,1.0,82,1.0,22.0,20,1.0,1.0,2,1,0,2.0,1,2.0,1000,3.0,0.0,3.0,2.0,1,2.0,0,3.0,2015.0,1,999,1.0,1,45.0,0.0,38,52.0,13,0.0,600,1.0,1,2,3.0,0.0,2.0,5.0,2,4.0,1,36
0,443.0,57000.0,57000.0,30,57000.0,81,1.0,89,1.0,23.0,21,1.0,1.0,2,1,0,2.0,1,2.0,1000,3.0,0.0,3.0,2.0,1,2.0,0,3.0,2015.0,1,999,4.0,1,45.0,0.0,46,52.0,12,0.0,600,1.0,1,2,3.0,0.0,2.0,5.0,2,4.0,1,35
0,348.0,55000.0,55000.0,91,55000.0,01,1.0,32,1.0,11.0,20,6.0,1.0,2,5,2,2.0,1,2.0,1000,3.0,0.0,3.0,2.0,1,2.0,0,3.0,1995.0,1,999,1.0,1,55.0,0.0,38,52.0,10,0.0,200,1.0,1,2,3.0,0.0,2.0,5.0,2,4.0,1,62
1,45.0,7200.0,0.0,55,0.0,63,6.0,999,2.0,14.0,22,4.0,2.0,1,3,0,2.0,1,2.0,1000,2.0,7200.0,2.0,1.0,1,1.0,0,2.0,1992.0,1,999,5.0,1,40.0,0.0,38,52.0,16,0.0,200,1.0,4,2,3.0,0.0,2.0,5.0,2,4.0,1,63
0,382.0,66000.0,66000.0,23,66000.0,78,1.0,82,1.0,21.0,20,1.0,1.0,2,1,0,2.0,1,2.0,1000,3.0,0.0,3.0,2.0,1,2.0,0,3.0,2014.0,1,32,1.0,1,40.0,0.0,6,52.0,72,0.0,500,1.0,2,2,3.0,0.0,2.0,5.0,2,4.0,1,43
0,382.0,27000.0,27000.0,64,27000.0,07,1.0,918,1.0,16.0,21,1.0,1.0,2,1,0,2.0,29,2.0,9000,3.0,0.0,3.0,2.0,9,2.0,0,3.0,2014.0,1,26,1.0,1,40.0,0.0,26,52.0,63,0.0,500,1.0,2,2,3.0,0.0,2.0,5.0,2,4.0,1,42
0,437.0,67000.0,55000.0,42,55000.0,82,1.0,82,1.0,20.0,20,4.0,1.0,2,3,0,2.0,1,2.0,1000,3.0,0.0,3.0,2.0,1,2.0,0,3.0,1989.0,1,32,2.0,1,42.0,0.0,38,52.0,72,12000.0,500,1.0,2,2,3.0,0.0,2.0,5.0,2,4.0,1,63
0,501.0,76000.0,76000.0,65,76000.0,07,1.0,32,1.0,16.0,25,4.0,1.0,2,3,0,2.0,1,2.0,1000,3.0,0.0,3.0,2.0,1,2.0,0,3.0,2013.0,1,20,1.0,1,50.0,0.0,38,52.0,16,0.0,300,1.0,2,2,3.0,0.0,2.0,5.0,2,4.0,1,41
0,501.0,92000.0,92000.0,20,80000.0,91,1.0,939,1.0,24.0,20,1.0,1.0,2,1,0,2.0,1,2.0,1000,3.0,0.0,3.0,2.0,1,2.0,0,3.0,1991.0,1,999,2.0,1,70.0,0.0,38,52.0,395,0.0,100,1.0,1,2,3.0,0.0,2.0,5.0,2,3.0,1,62
0,501.0,60000.0,60000.0,20,60000.0,91,1.0,32,1.0,22.0,21,1.0,1.0,2,1,2,2.0,1,2.0,1000,3.0,0.0,3.0,2.0,1,2.0,0,3.0,1991.0,1,148,2.0,1,60.0,0.0,38,52.0,246,0.0,100,1.0,2,2,3.0,0.0,2.0,5.0,2,4.0,1,59
0,342.0,29500.0,29500.0,91,29500.0,07,1.0,917,1.0,11.0,20,1.0,1.0,2,1,0,2.0,3,2.0,5013,3.0,0.0,3.0,2.0,3,2.0,1,3.0,1996.0,0,999,1.0,1,50.0,0.0,38,28.0,115,0.0,400,1.0,1,2,3.0,0.0,2.0,5.0,2,4.0,1,50
0,342.0,75600.0,60000.0,36,60000.0,82,1.0,917,1.0,17.0,21,1.0,1.0,2,1,0,2.0,3,2.0,5013,3.0,0.0,3.0,2.0,3,2.0,1,3.0,1996.0,0,999,1.0,1,40.0,15600.0,38,52.0,139,0.0,400,1.0,1,2,3.0,0.0,2.0,5.0,2,4.0,1,48
0,329.0,68000.0,62000.0,73,62000.0,07,1.0,88,1.0,19.0,20,4.0,1.0,1,3,0,1.0,1,2.0,1000,3.0,0.0,3.0,2.0,1,2.0,0,3.0,2007.0,1,32,1.0,5,45.0,0.0,134,52.0,250,0.0,600,1.0,2,2,3.0,0.0,2.0,5.0,1,2.0,1,39
0,200.0,31200.0,26000.0,42,26000.0,76,1.0,94,1.0,16.0,22,6.0,1.0,2,5,0,2.0,1,2.0,1000,2.0,0.0,2.0,2.0,1,2.0,0,2.0,1995.0,1,32,1.0,1,35.0,0.0,38,52.0,240,0.0,600,1.0,2,2,3.0,0.0,2.0,5.0,2,4.0,1,38
0,501.0,95000.0,95000.0,06,95000.0,81,1.0,32,1.0,21.0,20,1.0,1.0,2,1,0,2.0,1,2.0,1000,3.0,0.0,3.0,2.0,1,2.0,0,3.0,2018.0,1,82,1.0,1,40.0,0.0,38,52.0,28,0.0,500,1.0,2,2,3.0,0.0,2.0,5.0,2,4.0,1,25
0,501.0,75000.0,75000.0,30,75000.0,50,1.0,32,1.0,24.0,21,1.0,1.0,2,1,0,2.0,1,2.0,1000,3.0,0.0,3.0,2.0,1,2.0,0,3.0,2018.0,1,22,1.0,1,40.0,0.0,38,52.0,30,0.0,500,1.0,2,2,3.0,0.0,2.0,5.0,2,4.0,1,28
0,501.0,70000.0,0.0,42,0.0,69,6.0,20,3.0,19.0,21,1.0,2.0,2,1,0,2.0,1,2.0,1000,2.0,0.0,2.0,2.0,1,2.0,0,2.0,1985.0,1,999,1.0,1,40.0,0.0,27,52.0,66,0.0,600,1.0,1,2,3.0,0.0,2.0,5.0,2,4.0,1,62
0,153.0,0.0,0.0,47,0.0,49,6.0,999,2.0,16.0,20,1.0,2.0,2,1,2,2.0,1,2.0,1000,2.0,0.0,2.0,2.0,1,2.0,0,2.0,2009.0,1,999,1.0,1,40.0,0.0,38,52.0,27,0.0,400,1.0,4,2,2.0,0.0,2.0,1.0,2,4.0,1,35
0,153.0,55000.0,55000.0,23,55000.0,78,1.0,999,1.0,21.0,21,1.0,1.0,2,1,2,2.0,1,2.0,1000,2.0,0.0,3.0,2.0,1,2.0,0,3.0,2009.0,1,999,3.0,1,40.0,0.0,32,42.0,32,0.0,400,1.0,4,2,3.0,0.0,2.0,5.0,2,4.0,1,37
0,490.0,76000.0,75000.0,02,0.0,01,1.0,82,1.0,21.0,20,1.0,1.0,2,1,2,2.0,1,2.0,1000,3.0,0.0,3.0,2.0,1,2.0,0,3.0,2021.0,1,89,6.0,1,40.0,0.0,38,52.0,42,1000.0,400,1.0,2,2,3.0,0.0,2.0,5.0,2,4.0,1,30
0,490.0,40000.0,40000.0,23,40000.0,78,1.0,82,1.0,22.0,21,1.0,1.0,2,1,0,2.0,1,2.0,1000,3.0,0.0,3.0,2.0,1,2.0,0,3.0,2021.0,1,89,3.0,1,40.0,0.0,27,40.0,39,0.0,400,1.0,2,2,3.0,0.0,2.0,5.0,2,4.0,1,27
0,457.0,40000.0,40000.0,77,40000.0,30,1.0,82,1.0,16.0,20,1.0,1.0,2,1,0,2.0,1,2.0,1000,3.0,0.0,3.0,2.0,1,2.0,0,3.0,2019.0,1,999,1.0,1,40.0,0.0,38,52.0,83,0.0,400,1.0,1,2,3.0,0.0,2.0,5.0,2,2.0,1,62
0,457.0,53000.0,53000.0,47,53000.0,49,1.0,32,1.0,20.0,21,1.0,1.0,2,1,0,2.0,1,2.0,1000,3.0,0.0,3.0,2.0,1,2.0,0,3.0,2019.0,1,999,1.0,1,45.0,0.0,38,52.0,83,0.0,400,1.0,1,2,3.0,0.0,2.0,5.0,2,4.0,1,63
0,501.0,96000.0,96000.0,32,96000.0,81,1.0,32,1.0,22.0,20,1.0,1.0,2,1,0,2.0,1,2.0,1000,3.0,0.0,3.0,2.0,1,2.0,0,3.0,1999.0,1,82,2.0,1,36.0,0.0,38,52.0,99,0.0,600,1.0,2,2,3.0,0.0,2.0,5.0,2,4.0,1,46
0,501.0,100000.0,100000.0,23,100000.0,78,1.0,32,1.0,22.0,21,1.0,1.0,2,1,0,2.0,1,2.0,1000,3.0,0.0,3.0,2.0,1,2.0,0,3.0,1999.0,1,999,3.0,1,40.0,0.0,38,52.0,149,0.0,600,1.0,1,2,3.0,0.0,2.0,5.0,2,4.0,1,47
0,501.0,120000.0,120000.0,00,120000.0,85,1.0,32,1.0,22.0,20,4.0,1.0,2,3,2,2.0,1,2.0,1000,3.0,0.0,3.0,2.0,1,2.0,0,3.0,2009.0,1,82,1.0,1,50.0,0.0,38,52.0,51,0.0,500,3.0,2,2,3.0,0.0,2.0,5.0,2,4.0,1,44
0,309.0,2400.0,0.0,42,0.0,69,6.0,98,3.0,21.0,20,1.0,2.0,1,1,0,1.0,1,2.0,1000,2.0,0.0,2.0,2.0,1,2.0,0,2.0,2000.0,1,999,1.0,1,40.0,2400.0,13,52.0,31,0.0,500,1.0,1,2,3.0,0.0,2.0,5.0,2,4.0,1,39
0,309.0,59000.0,59000.0,60,59000.0,01,1.0,32,1.0,16.0,21,1.0,1.0,2,1,0,2.0,1,2.0,1000,3.0,0.0,3.0,2.0,1,2.0,0,3.0,2000.0,1,999,1.0,1,40.0,0.0,27,52.0,17,0.0,500,1.0,1,2,3.0,0.0,2.0,5.0,2,4.0,1,40
0,23.0,3600.0,3600.0,45,0.0,89,6.0,939,1.0,19.0,20,2.0,2.0,2,1,0,2.0,1,2.0,1000,2.0,0.0,1.0,2.0,1,2.0,0,3.0,1982.0,1,999,6.0,1,40.0,0.0,38,12.0,58,0.0,400,3.0,1,2,2.0,0.0,2.0,5.0,2,4.0,1,59
0,498.0,78600.0,0.0,42,0.0,69,6.0,32,3.0,16.0,20,6.0,2.0,2,5,2,2.0,1,2.0,1000,2.0,0.0,2.0,2.0,1,2.0,0,3.0,1995.0,1,999,1.0,1,40.0,0.0,38,52.0,39,2600.0,100,1.0,1,2,2.0,0.0,2.0,5.0,2,4.0,1,64
0,446.0,50000.0,50000.0,02,0.0,07,1.0,32,1.0,18.0,20,1.0,1.0,2,1,2,2.0,1,2.0,1000,3.0,0.0,3.0,2.0,1,2.0,0,3.0,1987.0,1,999,6.0,1,50.0,0.0,27,52.0,125,0.0,400,1.0,1,2,3.0,0.0,2.0,5.0,2,4.0,1,60
0,446.0,40000.0,40000.0,26,0.0,85,1.0,32,1.0,21.0,21,1.0,1.0,2,1,0,2.0,1,2.0,1000,3.0,0.0,3.0,2.0,1,2.0,0,3.0,1987.0,1,999,6.0,1,45.0,0.0,38,45.0,124,0.0,400,1.0,1,2,3.0,0.0,2.0,5.0,2,4.0,1,62
0,501.0,86100.0,80000.0,31,80000.0,80,1.0,615,1.0,22.0,21,1.0,1.0,2,1,0,2.0,4,2.0,4015,3.0,0.0,3.0,2.0,6,2.0,0,3.0,2006.0,0,999,2.0,4,45.0,0.0,210,52.0,97,6100.0,600,1.0,1,2,3.0,0.0,2.0,5.0,2,4.0,1,41
0,501.0,19010.0,19000.0,47,0.0,54,1.0,32,1.0,19.0,20,1.0,1.0,2,1,0,2.0,1,2.0,1000,2.0,0.0,2.0,2.0,1,2.0,0,2.0,1984.0,1,148,6.0,1,50.0,0.0,38,52.0,70,10.0,500,1.0,2,2,3.0,0.0,2.0,5.0,2,4.0,1,58
0,501.0,107090.0,107000.0,35,107000.0,94,1.0,32,1.0,20.0,21,1.0,1.0,1,1,0,2.0,1,2.0,1000,2.0,0.0,1.0,1.0,1,2.0,0,3.0,1984.0,1,939,4.0,1,50.0,0.0,38,52.0,82,90.0,500,1.0,2,2,2.0,0.0,2.0,5.0,2,4.0,1,59
0,501.0,46390.0,46300.0,75,46300.0,85,1.0,32,1.0,20.0,25,6.0,1.0,2,5,0,2.0,1,2.0,1000,3.0,0.0,3.0,2.0,1,2.0,0,3.0,1995.0,1,939,1.0,1,20.0,0.0,38,52.0,33,90.0,500,1.0,2,2,3.0,0.0,2.0,5.0,2,4.0,1,29
0,501.0,80000.0,80000.0,23,80000.0,78,2.0,32,1.0,22.0,20,6.0,1.0,2,5,0,2.0,1,2.0,1000,3.0,0.0,2.0,2.0,1,2.0,0,1.0,1995.0,1,87,1.0,1,48.0,0.0,38,52.0,74,0.0,200,1.0,2,2,3.0,0.0,2.0,5.0,2,4.0,1,64
1,0.0,0.0,0.0,47,0.0,50,6.0,917,2.0,16.0,20,6.0,2.0,2,5,0,2.0,3,2.0,5013,2.0,0.0,2.0,2.0,3,2.0,1,2.0,1995.0,0,999,1.0,1,40.0,0.0,38,52.0,119,0.0,400,1.0,1,2,3.0,0.0,2.0,5.0,2,4.0,1,26
0,362.0,44000.0,44000.0,13,44000.0,96,4.0,21,1.0,20.0,20,1.0,1.0,1,1,0,1.0,1,2.0,1000,3.0,0.0,3.0,2.0,1,2.0,0,3.0,2020.0,1,22,5.0,1,50.0,0.0,48,52.0,100,0.0,200,1.0,2,2,3.0,0.0,2.0,5.0,1,1.0,1,27
0,362.0,28000.0,28000.0,07,28000.0,95,1.0,51,1.0,18.0,21,1.0,1.0,2,1,0,2.0,1,2.0,1000,3.0,0.0,3.0,2.0,1,2.0,0,3.0,2020.0,1,924,5.0,1,50.0,0.0,38,52.0,114,0.0,200,1.0,2,2,3.0,0.0,2.0,5.0,2,2.0,1,24
0,348.0,34000.0,34000.0,58,34000.0,81,1.0,32,1.0,16.0,20,1.0,1.0,2,1,0,2.0,1,2.0,1000,3.0,0.0,3.0,2.0,1,2.0,0,3.0,2017.0,1,999,1.0,1,40.0,0.0,38,52.0,30,0.0,200,1.0,1,2,3.0,0.0,2.0,5.0,2,4.0,1,27
0,348.0,50000.0,50000.0,91,50000.0,04,1.0,32,1.0,16.0,21,1.0,1.0,2,1,0,2.0,1,2.0,1000,3.0,0.0,3.0,2.0,1,2.0,0,3.0,2017.0,1,999,1.0,1,45.0,0.0,30,52.0,44,0.0,200,1.0,1,2,3.0,0.0,2.0,5.0,2,4.0,1,31
0,501.0,70000.0,70000.0,22,70000.0,78,1.0,996,1.0,20.0,20,1.0,1.0,1,1,0,2.0,1,2.0,1000,3.0,0.0,3.0,2.0,1,2.0,0,3.0,1991.0,1,999,4.0,1,60.0,0.0,27,52.0,276,0.0,400,1.0,3,2,3.0,0.0,2.0,5.0,1,3.0,1,50
0,501.0,40000.0,40000.0,32,40000.0,81,1.0,996,1.0,20.0,21,1.0,1.0,2,1,0,2.0,1,2.0,1000,3.0,0.0,3.0,2.0,1,2.0,0,3.0,1991.0,1,999,1.0,1,40.0,0.0,27,52.0,215,0.0,400,1.0,3,2,3.0,0.0,2.0,5.0,2,4.0,1,50
0,501.0,70000.0,70000.0,55,70000.0,62,1.0,999,1.0,20.0,25,6.0,1.0,2,5,2,2.0,1,2.0,1000,3.0,0.0,3.0,2.0,1,2.0,0,3.0,1995.0,1,999,1.0,1,48.0,0.0,27,52.0,1,0.0,400,1.0,4,2,3.0,0.0,2.0,5.0,2,4.0,1,25
0,501.0,75000.0,75000.0,81,75000.0,30,1.0,32,1.0,16.0,25,6.0,1.0,2,5,0,2.0,1,2.0,1000,3.0,0.0,3.0,2.0,1,2.0,0,3.0,1995.0,1,999,1.0,1,50.0,0.0,38,52.0,2,0.0,400,1.0,1,2,3.0,0.0,2.0,5.0,2,4.0,1,22
0,83.0,13000.0,13000.0,77,13000.0,30,1.0,21,1.0,18.0,36,6.0,1.0,2,5,0,2.0,1,2.0,1000,3.0,0.0,3.0,2.0,1,2.0,0,3.0,1995.0,1,24,1.0,1,60.0,0.0,5,52.0,1,0.0,400,3.0,2,2,3.0,0.0,2.0,5.0,2,4.0,1,21
0,467.0,78000.0,78000.0,02,78000.0,07,1.0,32,1.0,21.0,20,1.0,1.0,2,1,0,2.0,1,2.0,1000,3.0,0.0,3.0,2.0,1,2.0,0,3.0,2018.0,1,999,1.0,1,50.0,0.0,27,52.0,205,0.0,600,1.0,1,2,3.0,0.0,2.0,5.0,2,4.0,1,38
0,467.0,35000.0,35000.0,21,35000.0,72,1.0,924,1.0,19.0,21,1.0,1.0,2,1,0,2.0,1,2.0,1000,3.0,0.0,3.0,2.0,1,2.0,0,3.0,2018.0,1,999,1.0,1,40.0,0.0,27,52.0,203,0.0,600,1.0,1,2,3.0,0.0,2.0,5.0,2,4.0,1,30
0,318.0,49000.0,15000.0,91,15000.0,78,1.0,996,1.0,21.0,20,4.0,1.0,1,3,0,2.0,3,1.0,5013,2.0,0.0,2.0,1.0,3,2.0,1,2.0,2012.0,0,999,2.0,1,20.0,16000.0,38,52.0,100,0.0,400,1.0,3,2,2.0,0.0,2.0,5.0,2,2.0,1,43
0,162.0,25000.0,25000.0,04,25000.0,83,1.0,917,1.0,21.0,24,6.0,1.0,2,5,0,2.0,3,2.0,5013,3.0,0.0,3.0,2.0,3,2.0,1,3.0,1995.0,0,999,3.0,1,4.0,0.0,38,52.0,94,0.0,400,1.0,1,2,3.0,0.0,2.0,5.0,2,2.0,1,36
0,501.0,79000.0,76000.0,47,76000.0,86,1.0,32,1.0,18.0,20,1.0,1.0,2,1,2,2.0,1,2.0,1000,3.0,0.0,3.0,2.0,1,2.0,0,3.0,1986.0,1,999,1.0,1,45.0,0.0,38,52.0,175,3000.0,600,1.0,1,2,3.0,0.0,2.0,5.0,2,4.0,1,61
0,501.0,80000.0,80000.0,32,80000.0,81,1.0,82,1.0,22.0,21,1.0,1.0,2,1,0,2.0,1,2.0,1000,3.0,0.0,3.0,2.0,1,2.0,0,3.0,1986.0,1,32,1.0,1,45.0,0.0,27,52.0,187,0.0,600,1.0,2,2,3.0,0.0,2.0,5.0,2,4.0,1,59
0,258.0,39600.0,39600.0,19,39600.0,74,1.0,999,1.0,17.0,22,4.0,1.0,2,3,0,2.0,1,2.0,1000,2.0,0.0,2.0,2.0,1,2.0,0,2.0,1995.0,1,999,1.0,1,40.0,0.0,30,51.0,105,0.0,600,1.0,4,2,3.0,0.0,2.0,5.0,2,4.0,1,64
1,332.0,60000.0,60000.0,42,60000.0,03,1.0,999,1.0,20.0,20,5.0,1.0,2,4,0,2.0,1,2.0,1000,3.0,0.0,3.0,2.0,1,2.0,0,3.0,2009.0,1,999,1.0,1,55.0,0.0,41,52.0,34,0.0,200,3.0,4,2,3.0,0.0,2.0,5.0,2,4.0,1,38
0,482.0,75000.0,75000.0,91,75000.0,07,1.0,999,1.0,12.0,22,5.0,1.0,2,4,0,2.0,1,2.0,1000,3.0,0.0,3.0,2.0,1,2.0,0,3.0,1994.0,1,999,1.0,1,68.0,0.0,48,52.0,39,0.0,200,1.0,4,2,3.0,0.0,2.0,5.0,2,4.0,1,57
1,332.0,16000.0,0.0,42,0.0,69,6.0,999,3.0,13.0,29,2.0,2.0,1,1,0,1.0,1,1.0,1000,2.0,4000.0,2.0,1.0,1,1.0,0,2.0,2019.0,1,999,1.0,1,40.0,12000.0,37,52.0,1,0.0,200,3.0,4,2,3.0,0.0,2.0,5.0,2,4.0,1,55
1,332.0,28000.0,0.0,42,0.0,69,6.0,999,3.0,14.0,33,4.0,2.0,1,3,0,1.0,1,1.0,1000,2.0,4000.0,2.0,1.0,1,1.0,0,2.0,2011.0,1,999,1.0,1,40.0,24000.0,48,52.0,1,0.0,200,3.0,4,2,3.0,0.0,2.0,5.0,2,4.0,1,62
0,380.0,60000.0,60000.0,38,60000.0,94,1.0,32,1.0,21.0,20,6.0,1.0,2,5,0,2.0,1,2.0,1000,3.0,0.0,3.0,2.0,1,2.0,0,3.0,1995.0,1,82,4.0,1,40.0,0.0,46,52.0,111,0.0,600,1.0,2,2,3.0,0.0,2.0,5.0,2,4.0,1,31
0,266.0,42000.0,42000.0,43,42000.0,90,1.0,142,1.0,19.0,22,6.0,1.0,2,5,0,2.0,1,2.0,1000,3.0,0.0,3.0,2.0,1,2.0,0,3.0,1995.0,1,999,1.0,1,45.0,0.0,27,35.0,77,0.0,600,1.0,1,2,3.0,0.0,2.0,5.0,2,4.0,1,27
0,253.0,0.0,0.0,42,0.0,69,6.0,999,3.0,20.0,21,1.0,2.0,1,1,2,2.0,1,2.0,1000,2.0,0.0,2.0,1.0,1,2.0,0,2.0,1985.0,1,999,1.0,1,40.0,0.0,30,52.0,111,0.0,100,1.0,4,2,3.0,0.0,2.0,5.0,2,4.0,1,64
0,229.0,10000.0,10000.0,73,10000.0,87,1.0,999,1.0,17.0,20,1.0,1.0,2,1,0,2.0,1,2.0,1000,3.0,0.0,3.0,2.0,1,2.0,0,3.0,2002.0,1,999,1.0,3,12.0,0.0,303,52.0,164,0.0,200,1.0,4,2,3.0,0.0,2.0,5.0,2,4.0,2,38
1,229.0,60000.0,60000.0,10,60000.0,73,1.0,999,1.0,18.0,21,1.0,1.0,2,1,0,2.0,1,2.0,1000,3.0,0.0,3.0,2.0,1,2.0,0,3.0,2002.0,1,999,1.0,3,96.0,0.0,303,48.0,164,0.0,200,1.0,4,2,3.0,0.0,2.0,5.0,2,4.0,2,38
0,229.0,2500.0,2500.0,77,2500.0,30,1.0,999,1.0,18.0,25,6.0,1.0,2,5,0,2.0,1,2.0,1000,3.0,0.0,3.0,2.0,1,2.0,0,3.0,1995.0,1,999,1.0,3,20.0,0.0,303,30.0,1,0.0,200,1.0,4,2,3.0,0.0,2.0,5.0,2,4.0,2,20
0,390.0,30100.0,30100.0,78,30100.0,53,1.0,32,1.0,17.0,20,1.0,1.0,1,1,0,2.0,1,2.0,1000,3.0,0.0,3.0,1.0,1,2.0,0,3.0,1989.0,1,22,1.0,1,40.0,0.0,41,41.0,12,0.0,200,1.0,2,2,3.0,0.0,2.0,5.0,2,4.0,1,51
0,390.0,30100.0,26500.0,40,26500.0,86,1.0,50,1.0,17.0,21,1.0,1.0,2,1,0,2.0,1,2.0,1000,3.0,0.0,3.0,2.0,1,2.0,0,3.0,1989.0,1,22,1.0,1,40.0,0.0,48,33.0,15,0.0,200,1.0,2,2,3.0,0.0,2.0,5.0,2,4.0,1,52
0,390.0,33300.0,33300.0,42,33300.0,53,1.0,50,1.0,16.0,26,6.0,1.0,2,5,0,2.0,1,2.0,1000,3.0,0.0,3.0,2.0,1,2.0,0,3.0,1995.0,1,22,1.0,1,40.0,0.0,27,52.0,9,0.0,200,1.0,2,2,3.0,0.0,2.0,5.0,2,4.0,1,24
0,390.0,27700.0,27700.0,23,27700.0,86,1.0,32,1.0,16.0,26,6.0,1.0,1,5,0,2.0,1,2.0,1000,3.0,0.0,3.0,2.0,1,2.0,0,3.0,1995.0,1,22,1.0,1,40.0,0.0,41,52.0,10,0.0,200,1.0,2,1,3.0,0.0,2.0,5.0,2,4.0,1,23
0,306.0,54000.0,54000.0,02,0.0,01,1.0,82,1.0,21.0,20,4.0,1.0,1,3,1,1.0,1,2.0,1000,3.0,0.0,3.0,2.0,1,2.0,0,3.0,1995.0,1,91,6.0,1,42.0,0.0,38,52.0,36,0.0,400,1.0,2,2,3.0,0.0,2.0,5.0,1,4.0,1,62
0,306.0,6000.0,6000.0,60,6000.0,02,6.0,82,1.0,20.0,25,6.0,2.0,2,5,1,2.0,1,2.0,1000,2.0,0.0,2.0,2.0,1,2.0,0,2.0,1995.0,1,91,1.0,1,40.0,0.0,38,12.0,32,0.0,400,1.0,2,2,3.0,0.0,2.0,5.0,2,4.0,1,19
0,362.0,57000.0,0.0,74,0.0,05,6.0,32,2.0,19.0,20,4.0,2.0,2,3,0,2.0,1,2.0,1000,2.0,0.0,2.0,2.0,1,2.0,0,2.0,1990.0,1,999,1.0,1,40.0,25000.0,38,52.0,206,0.0,200,1.0,1,2,3.0,0.0,2.0,5.0,2,4.0,1,64
0,455.0,102000.0,102000.0,10,98000.0,81,1.0,996,1.0,21.0,20,4.0,1.0,2,3,0,2.0,29,2.0,9000,3.0,0.0,3.0,2.0,9,2.0,0,3.0,2003.0,1,999,2.0,1,50.0,0.0,31,52.0,196,0.0,200,1.0,3,2,3.0,0.0,2.0,5.0,2,4.0,1,43
0,417.0,65000.0,65000.0,63,65000.0,48,1.0,32,1.0,19.0,22,6.0,1.0,2,5,0,2.0,1,2.0,1000,3.0,0.0,3.0,2.0,1,2.0,0,3.0,1995.0,1,82,1.0,1,43.0,0.0,38,51.0,169,0.0,200,1.0,2,2,3.0,0.0,2.0,5.0,2,4.0,1,35
0,239.0,60000.0,60000.0,49,60000.0,70,1.0,939,1.0,18.0,20,1.0,1.0,2,1,0,2.0,1,2.0,1000,1.0,0.0,2.0,2.0,1,2.0,0,2.0,2013.0,1,999,1.0,1,40.0,0.0,38,52.0,200,0.0,200,1.0,1,2,3.0,0.0,2.0,1.0,2,2.0,1,36
0,239.0,35300.0,33000.0,52,33000.0,68,1.0,996,1.0,19.0,21,1.0,1.0,2,1,0,2.0,1,2.0,1000,3.0,0.0,3.0,2.0,1,2.0,0,3.0,2013.0,1,999,1.0,1,35.0,0.0,38,52.0,306,0.0,200,1.0,3,2,3.0,0.0,2.0,5.0,2,4.0,1,34
0,501.0,106000.0,106000.0,37,106000.0,94,1.0,82,1.0,21.0,20,1.0,1.0,2,1,0,2.0,1,2.0,1000,3.0,0.0,3.0,2.0,1,2.0,0,3.0,1987.0,1,89,4.0,1,40.0,0.0,27,52.0,14,0.0,600,1.0,2,2,3.0,0.0,2.0,5.0,2,4.0,1,58
0,501.0,106000.0,80000.0,47,80000.0,48,1.0,32,1.0,19.0,21,1.0,1.0,2,1,0,2.0,1,2.0,1000,3.0,0.0,3.0,2.0,1,2.0,0,3.0,1987.0,1,999,1.0,1,40.0,0.0,38,52.0,12,0.0,600,1.0,1,2,3.0,0.0,2.0,5.0,2,4.0,1,60
1,99.0,15600.0,0.0,91,0.0,01,3.0,82,2.0,16.0,20,6.0,2.0,1,5,0,2.0,1,2.0,1000,1.0,0.0,2.0,2.0,1,2.0,0,2.0,1995.0,1,999,1.0,1,40.0,0.0,38,52.0,48,0.0,500,1.0,1,2,3.0,0.0,2.0,1.0,1,2.0,1,61
0,223.0,35000.0,35000.0,62,35000.0,07,1.0,32,1.0,16.0,20,4.0,1.0,2,3,0,2.0,1,2.0,1000,3.0,0.0,3.0,2.0,1,2.0,0,3.0,2006.0,1,999,3.0,1,75.0,0.0,27,40.0,8,0.0,400,1.0,1,2,3.0,0.0,2.0,5.0,2,4.0,1,44
0,316.0,13900.0,0.0,42,0.0,69,6.0,996,3.0,16.0,20,1.0,2.0,1,1,0,2.0,1,1.0,1000,2.0,13900.0,2.0,2.0,1,2.0,0,2.0,2013.0,1,999,1.0,1,40.0,0.0,1,52.0,27,0.0,400,1.0,3,2,3.0,0.0,2.0,5.0,1,4.0,1,57
0,316.0,48700.0,0.0,42,0.0,69,6.0,939,3.0,16.0,21,1.0,2.0,2,1,0,2.0,29,2.0,9000,2.0,0.0,2.0,2.0,9,2.0,0,2.0,2013.0,1,999,1.0,1,40.0,24700.0,36,52.0,17,0.0,400,1.0,1,2,3.0,0.0,2.0,5.0,2,2.0,1,63
0,106.0,34000.0,0.0,42,0.0,69,6.0,32,3.0,16.0,20,5.0,2.0,1,4,0,1.0,1,1.0,1000,2.0,17300.0,2.0,1.0,1,1.0,0,2.0,1986.0,1,50,1.0,1,40.0,0.0,6,52.0,31,0.0,100,1.0,2,2,3.0,0.0,2.0,5.0,2,2.0,1,57
1,106.0,3700.0,3700.0,47,0.0,49,1.0,50,1.0,16.0,25,4.0,1.0,2,3,0,2.0,1,2.0,1000,3.0,0.0,3.0,2.0,1,2.0,0,3.0,2009.0,1,32,6.0,1,30.0,0.0,6,36.0,2,0.0,100,1.0,2,2,3.0,0.0,2.0,5.0,2,2.0,1,31
0,354.0,70000.0,65000.0,36,65000.0,79,1.0,32,1.0,20.0,20,4.0,1.0,2,3,0,2.0,1,2.0,1000,3.0,0.0,3.0,2.0,1,2.0,0,3.0,2008.0,1,82,1.0,1,40.0,0.0,38,52.0,60,0.0,600,1.0,2,2,3.0,0.0,2.0,5.0,2,4.0,1,38
0,501.0,80500.0,80000.0,86,80000.0,06,1.0,21,1.0,21.0,22,6.0,1.0,2,5,0,2.0,1,2.0,1000,3.0,0.0,3.0,2.0,1,2.0,0,3.0,1995.0,1,32,1.0,1,80.0,0.0,46,52.0,72,0.0,600,1.0,2,2,3.0,0.0,2.0,5.0,2,4.0,1,33
0,309.0,47300.0,47300.0,89,47300.0,10,1.0,50,1.0,16.0,20,6.0,1.0,2,5,0,2.0,1,2.0,1000,3.0,0.0,3.0,2.0,1,2.0,0,3.0,1995.0,1,999,1.0,1,40.0,0.0,18,45.0,23,0.0,500,1.0,1,2,3.0,0.0,2.0,5.0,2,4.0,1,44
0,223.0,45000.0,45000.0,60,45000.0,01,1.0,999,1.0,19.0,20,1.0,1.0,2,1,0,2.0,38,2.0,9000,3.0,0.0,3.0,2.0,9,2.0,0,3.0,2017.0,0,999,1.0,6,50.0,0.0,425,38.0,287,0.0,600,1.0,4,2,3.0,0.0,2.0,5.0,2,4.0,1,27
0,223.0,0.0,0.0,42,0.0,69,6.0,999,3.0,19.0,21,1.0,1.0,2,1,0,2.0,2,2.0,3000,3.0,0.0,3.0,2.0,2,2.0,0,3.0,2017.0,0,999,1.0,6,40.0,0.0,425,52.0,713,0.0,600,1.0,4,2,3.0,0.0,2.0,5.0,2,4.0,1,29
0,88.0,13900.0,13900.0,47,13900.0,51,3.0,32,1.0,15.0,20,6.0,2.0,1,5,0,1.0,1,1.0,1000,1.0,0.0,2.0,2.0,1,2.0,0,2.0,1995.0,1,88,1.0,1,37.0,0.0,30,52.0,77,0.0,100,3.0,2,1,3.0,0.0,2.0,1.0,1,4.0,1,19
0,19.0,3000.0,3000.0,62,3000.0,07,1.0,51,1.0,13.0,22,6.0,1.0,1,5,0,1.0,1,1.0,1000,3.0,0.0,3.0,2.0,1,2.0,0,3.0,1995.0,1,32,1.0,1,48.0,0.0,38,16.0,75,0.0,100,3.0,2,1,3.0,0.0,2.0,5.0,2,4.0,1,19
0,501.0,125000.0,125000.0,70,125000.0,30,1.0,187,1.0,21.0,20,1.0,1.0,2,1,0,2.0,1,2.0,1000,3.0,0.0,3.0,2.0,1,2.0,0,3.0,2001.0,1,999,1.0,1,50.0,0.0,27,52.0,35,0.0,400,1.0,1,2,3.0,0.0,2.0,5.0,2,4.0,1,46
0,501.0,75000.0,75000.0,56,75000.0,30,1.0,187,1.0,21.0,21,1.0,1.0,2,1,0,2.0,1,2.0,1000,3.0,0.0,3.0,2.0,1,2.0,0,3.0,2001.0,1,999,1.0,1,50.0,0.0,38,52.0,29,0.0,400,1.0,1,2,3.0,0.0,2.0,5.0,2,4.0,1,43
0,160.0,14900.0,0.0,42,0.0,69,6.0,999,3.0,15.0,21,1.0,1.0,1,1,0,2.0,1,2.0,1000,3.0,0.0,3.0,2.0,1,2.0,0,3.0,1999.0,1,999,1.0,1,40.0,14900.0,6,52.0,43,0.0,400,1.0,4,2,3.0,0.0,2.0,5.0,1,4.0,1,65
1,160.0,9600.0,0.0,42,0.0,91,6.0,999,2.0,13.0,25,4.0,2.0,2,3,0,2.0,1,2.0,1000,2.0,0.0,3.0,2.0,1,2.0,0,3.0,2006.0,1,999,2.0,1,40.0,0.0,38,52.0,1,0.0,400,1.0,4,2,3.0,0.0,2.0,5.0,2,4.0,1,50
0,317.0,50000.0,50000.0,57,50000.0,78,1.0,32,1.0,21.0,20,6.0,1.0,2,5,0,2.0,1,2.0,1000,3.0,0.0,3.0,2.0,1,2.0,0,3.0,1995.0,1,82,4.0,1,40.0,0.0,38,52.0,201,0.0,600,1.0,2,2,3.0,0.0,2.0,5.0,2,4.0,1,50
0,190.0,30000.0,30000.0,47,30000.0,44,1.0,111,1.0,22.0,20,4.0,1.0,2,3,2,2.0,1,2.0,1000,3.0,0.0,3.0,2.0,1,2.0,0,3.0,2000.0,1,20,1.0,1,40.0,0.0,46,52.0,50,0.0,100,1.0,2,2,3.0,0.0,2.0,5.0,2,4.0,1,53
0,103.0,15900.0,8000.0,60,8000.0,01,6.0,82,1.0,16.0,20,6.0,2.0,2,5,1,2.0,1,2.0,1000,2.0,0.0,2.0,2.0,1,2.0,0,2.0,1995.0,1,999,1.0,1,99.0,2900.0,38,4.0,17,5000.0,400,1.0,1,2,3.0,0.0,2.0,5.0,2,4.0,1,62
0,394.0,19800.0,19800.0,57,19800.0,01,1.0,82,1.0,21.0,20,1.0,1.0,2,1,2,2.0,1,2.0,1000,3.0,0.0,3.0,2.0,1,2.0,0,3.0,1989.0,1,89,8.0,1,50.0,0.0,38,52.0,31,0.0,200,1.0,2,2,3.0,0.0,2.0,5.0,2,4.0,1,60
0,293.0,27300.0,16800.0,34,16800.0,78,1.0,32,1.0,16.0,20,1.0,1.0,1,1,0,2.0,1,2.0,1000,3.0,0.0,3.0,2.0,1,2.0,0,3.0,1978.0,1,89,3.0,1,35.0,10500.0,38,26.0,109,0.0,200,1.0,2,2,3.0,0.0,2.0,5.0,1,4.0,1,65
0,172.0,2000.0,2000.0,42,0.0,49,1.0,999,1.0,21.0,20,1.0,1.0,2,1,0,2.0,1,2.0,1000,3.0,0.0,3.0,2.0,1,2.0,0,3.0,2013.0,1,999,6.0,1,30.0,0.0,38,52.0,21,0.0,300,1.0,4,2,3.0,0.0,2.0,5.0,2,4.0,1,32
0,172.0,50000.0,50000.0,06,50000.0,07,1.0,999,1.0,21.0,21,1.0,1.0,2,1,2,2.0,1,2.0,1000,3.0,0.0,3.0,2.0,1,2.0,0,3.0,2013.0,1,999,1.0,1,48.0,0.0,38,52.0,19,0.0,300,1.0,4,2,3.0,0.0,2.0,5.0,2,4.0,1,35
0,501.0,100000.0,100000.0,38,100000.0,94,1.0,996,1.0,21.0,20,1.0,1.0,2,1,0,2.0,1,2.0,1000,3.0,0.0,3.0,2.0,1,2.0,0,3.0,2001.0,1,999,3.0,1,40.0,0.0,55,52.0,155,0.0,100,1.0,3,2,3.0,0.0,2.0,5.0,2,4.0,1,47
0,501.0,50000.0,50000.0,57,50000.0,79,1.0,999,1.0,19.0,21,1.0,1.0,2,1,0,2.0,1,2.0,1000,3.0,0.0,3.0,2.0,1,2.0,0,3.0,2001.0,1,999,1.0,1,35.0,0.0,55,52.0,162,0.0,100,1.0,4,2,3.0,0.0,2.0,5.0,2,4.0,1,46
1,40.0,0.0,0.0,49,0.0,75,3.0,32,2.0,19.0,20,1.0,2.0,1,1,0,1.0,1,2.0,1000,1.0,0.0,2.0,1.0,1,2.0,0,2.0,2019.0,1,171,1.0,1,40.0,0.0,38,52.0,21,0.0,500,1.0,2,2,3.0,0.0,2.0,1.0,1,4.0,1,43
1,40.0,10000.0,10000.0,96,10000.0,10,1.0,32,1.0,17.0,21,1.0,1.0,2,1,0,2.0,17,2.0,9000,1.0,0.0,2.0,2.0,9,2.0,1,2.0,2019.0,1,917,1.0,1,60.0,0.0,6,52.0,56,0.0,500,1.0,2,2,3.0,0.0,2.0,1.0,2,4.0,1,51
0,287.0,45000.0,45000.0,20,45000.0,83,1.0,32,1.0,22.0,20,6.0,1.0,2,5,0,2.0,1,2.0,1000,3.0,0.0,3.0,2.0,1,2.0,0,3.0,1995.0,1,171,1.0,1,40.0,0.0,38,52.0,19,0.0,200,1.0,2,2,3.0,0.0,2.0,5.0,2,4.0,1,46
0,319.0,50000.0,50000.0,02,50000.0,07,1.0,50,1.0,19.0,22,4.0,1.0,2,3,0,2.0,1,2.0,1000,3.0,0.0,3.0,2.0,1,2.0,0,3.0,2009.0,1,32,7.0,1,60.0,0.0,27,52.0,33,0.0,200,1.0,2,2,3.0,0.0,2.0,5.0,2,4.0,1,42
0,208.0,32600.0,32600.0,96,32600.0,61,1.0,210,1.0,18.0,20,4.0,1.0,2,3,0,2.0,29,2.0,9000,3.0,0.0,3.0,2.0,9,2.0,0,3.0,2012.0,1,32,1.0,1,41.0,0.0,27,52.0,218,0.0,500,1.0,2,2,3.0,0.0,2.0,5.0,2,2.0,2,53
0,213.0,52000.0,52000.0,58,52000.0,83,1.0,917,1.0,20.0,20,6.0,1.0,2,5,0,2.0,3,2.0,5013,3.0,0.0,3.0,2.0,3,2.0,1,3.0,1995.0,0,999,5.0,1,40.0,0.0,38,52.0,178,0.0,400,1.0,1,2,3.0,0.0,2.0,5.0,2,4.0,1,56
0,0.0,0.0,0.0,71,0.0,96,6.0,924,2.0,16.0,20,2.0,2.0,2,1,0,2.0,1,2.0,1000,2.0,0.0,2.0,2.0,1,2.0,0,2.0,2016.0,1,210,5.0,1,40.0,0.0,13,52.0,66,0.0,500,1.0,2,2,3.0,0.0,2.0,5.0,2,2.0,2,27
0,91.0,13000.0,0.0,62,0.0,07,6.0,26,2.0,17.0,20,3.0,2.0,2,2,0,2.0,1,2.0,1000,2.0,0.0,2.0,2.0,1,2.0,0,2.0,1980.0,1,999,1.0,1,40.0,13000.0,23,52.0,14,0.0,200,1.0,1,2,3.0,0.0,2.0,5.0,2,2.0,1,65
0,446.0,30000.0,30000.0,32,30000.0,83,1.0,999,1.0,22.0,20,1.0,1.0,2,1,0,2.0,1,2.0,1000,3.0,0.0,3.0,2.0,1,2.0,0,3.0,2017.0,1,999,1.0,1,43.0,0.0,48,52.0,113,0.0,200,3.0,4,2,3.0,0.0,2.0,5.0,2,4.0,1,30
0,446.0,60000.0,60000.0,98,60000.0,96,4.0,999,1.0,21.0,21,1.0,1.0,2,1,0,2.0,1,2.0,1000,3.0,0.0,3.0,2.0,1,2.0,0,3.0,2017.0,1,999,5.0,1,50.0,0.0,24,52.0,87,0.0,200,3.0,4,2,3.0,0.0,2.0,5.0,2,1.0,2,33
1,0.0,0.0,0.0,47,0.0,49,6.0,999,2.0,20.0,20,6.0,2.0,2,5,0,2.0,3,2.0,5013,2.0,0.0,2.0,2.0,3,2.0,1,2.0,1995.0,0,999,1.0,1,40.0,0.0,38,52.0,1265,0.0,300,1.0,4,2,3.0,0.0,2.0,5.0,2,4.0,1,29
0,273.0,28000.0,28000.0,04,0.0,65,2.0,32,1.0,21.0,20,1.0,1.0,2,1,2,2.0,1,2.0,1000,3.0,0.0,2.0,2.0,1,2.0,0,1.0,2015.0,1,3,6.0,1,60.0,0.0,31,52.0,149,0.0,600,3.0,2,2,3.0,0.0,2.0,5.0,2,4.0,1,40
0,273.0,27000.0,27000.0,04,0.0,85,2.0,24,1.0,19.0,21,1.0,1.0,2,1,1,2.0,1,2.0,1000,3.0,0.0,2.0,2.0,1,2.0,0,1.0,2015.0,1,999,6.0,1,60.0,0.0,27,52.0,161,0.0,600,3.0,1,2,3.0,0.0,2.0,5.0,2,4.0,1,41
0,380.0,60000.0,60000.0,91,60000.0,61,1.0,32,1.0,16.0,20,6.0,1.0,2,5,2,2.0,1,2.0,1000,3.0,0.0,3.0,2.0,1,2.0,0,3.0,1995.0,1,82,1.0,1,99.0,0.0,38,52.0,101,0.0,100,1.0,2,2,3.0,0.0,2.0,5.0,2,4.0,1,23
0,501.0,91600.0,86000.0,51,86000.0,74,1.0,32,1.0,21.0,20,1.0,1.0,2,1,0,2.0,1,2.0,1000,3.0,0.0,3.0,2.0,1,2.0,0,3.0,1993.0,1,999,7.0,1,32.0,0.0,38,52.0,42,5600.0,200,1.0,1,2,3.0,0.0,2.0,5.0,2,4.0,1,55
0,501.0,110600.0,105000.0,16,105000.0,74,1.0,82,1.0,22.0,21,1.0,1.0,2,1,0,2.0,1,2.0,1000,3.0,0.0,3.0,2.0,1,2.0,0,3.0,1993.0,1,999,7.0,1,50.0,0.0,38,52.0,35,5600.0,200,1.0,1,2,3.0,0.0,2.0,5.0,2,4.0,1,55
0,501.0,150000.0,150000.0,02,100000.0,01,6.0,996,1.0,18.0,20,1.0,2.0,2,1,0,2.0,1,2.0,1000,2.0,0.0,2.0,2.0,1,2.0,0,2.0,2004.0,1,999,6.0,1,40.0,0.0,38,40.0,48,0.0,500,1.0,3,2,3.0,0.0,2.0,5.0,2,4.0,1,45
0,501.0,83000.0,83000.0,10,83000.0,81,1.0,22,1.0,21.0,21,1.0,1.0,2,1,0,2.0,1,2.0,1000,3.0,0.0,3.0,2.0,1,2.0,0,3.0,2004.0,1,999,2.0,1,40.0,0.0,25,52.0,35,0.0,500,1.0,1,2,3.0,0.0,2.0,5.0,2,4.0,1,46
0,501.0,79180.0,79000.0,60,42000.0,01,1.0,32,1.0,18.0,20,1.0,1.0,2,1,2,2.0,1,2.0,1000,3.0,0.0,3.0,2.0,1,2.0,0,3.0,2015.0,1,999,1.0,1,55.0,0.0,38,52.0,30,180.0,300,1.0,1,2,3.0,0.0,2.0,5.0,2,4.0,1,32
0,501.0,86000.0,86000.0,31,86000.0,80,1.0,82,1.0,24.0,21,1.0,1.0,2,1,0,2.0,1,2.0,1000,2.0,0.0,3.0,2.0,1,2.0,0,3.0,2015.0,1,999,1.0,1,40.0,0.0,38,52.0,38,0.0,300,1.0,1,2,3.0,0.0,2.0,5.0,2,4.0,1,31
0,395.0,54200.0,0.0,77,0.0,35,6.0,89,2.0,16.0,20,1.0,2.0,2,1,0,2.0,1,2.0,1000,2.0,0.0,2.0,2.0,1,2.0,0,2.0,1976.0,1,999,1.0,1,40.0,24200.0,27,52.0,55,0.0,600,1.0,1,2,3.0,0.0,2.0,5.0,2,4.0,1,65
0,395.0,16500.0,12000.0,51,12000.0,68,1.0,89,1.0,16.0,21,1.0,1.0,2,1,2,2.0,1,2.0,1000,2.0,0.0,2.0,2.0,1,2.0,0,2.0,1976.0,1,999,1.0,1,40.0,4500.0,27,52.0,60,0.0,600,1.0,1,2,3.0,0.0,2.0,5.0,2,4.0,1,64
0,389.0,100000.0,100000.0,14,100000.0,31,1.0,32,1.0,22.0,20,1.0,1.0,2,1,0,2.0,1,2.0,1000,3.0,0.0,3.0,2.0,1,2.0,0,3.0,2023.0,1,999,1.0,1,50.0,0.0,27,52.0,25,0.0,500,1.0,1,2,3.0,0.0,1.0,5.0,2,4.0,1,39
0,389.0,40000.0,40000.0,36,40000.0,82,1.0,720,1.0,21.0,21,1.0,1.0,2,1,0,2.0,6,2.0,4008,3.0,0.0,3.0,2.0,6,2.0,0,3.0,2023.0,0,999,1.0,4,40.0,0.0,233,28.0,113,0.0,500,1.0,1,2,3.0,0.0,1.0,5.0,2,4.0,1,29
0,128.0,44000.0,44000.0,02,24000.0,01,1.0,939,1.0,15.0,20,1.0,1.0,2,1,0,2.0,1,2.0,1000,3.0,0.0,3.0,2.0,1,2.0,0,3.0,2005.0,1,999,6.0,1,99.0,0.0,38,52.0,22,0.0,500,1.0,1,2,3.0,0.0,2.0,5.0,2,4.0,1,40
0,128.0,2000.0,2000.0,02,0.0,01,1.0,939,1.0,17.0,21,1.0,1.0,2,1,0,2.0,1,2.0,1000,3.0,0.0,3.0,2.0,1,2.0,0,3.0,2005.0,1,999,6.0,1,99.0,0.0,38,52.0,21,0.0,500,1.0,1,2,3.0,0.0,2.0,5.0,2,4.0,1,39
0,390.0,37000.0,37000.0,07,0.0,57,1.0,32,1.0,21.0,20,1.0,1.0,2,1,0,2.0,1,2.0,1000,3.0,0.0,3.0,2.0,1,2.0,0,3.0,1998.0,1,999,6.0,1,30.0,0.0,38,52.0,27,0.0,400,1.0,1,2,3.0,0.0,2.0,5.0,2,4.0,1,45
0,390.0,106000.0,106000.0,14,106000.0,35,1.0,32,1.0,22.0,21,1.0,1.0,2,1,0,2.0,1,2.0,1000,3.0,0.0,3.0,2.0,1,2.0,0,3.0,1998.0,1,999,1.0,1,40.0,0.0,38,52.0,35,0.0,400,1.0,1,2,3.0,0.0,2.0,5.0,2,2.0,1,47
0,390.0,0.0,0.0,99,0.0,99,3.0,32,3.0,16.0,25,6.0,2.0,2,5,0,2.0,1,2.0,1000,1.0,0.0,2.0,2.0,1,2.0,0,2.0,1995.0,1,999,9.0,1,40.0,0.0,38,52.0,10,0.0,400,1.0,1,2,3.0,0.0,2.0,1.0,2,4.0,1,18
0,399.0,20500.0,20000.0,18,20000.0,79,1.0,996,1.0,21.0,20,1.0,1.0,2,1,0,2.0,1,2.0,1000,3.0,0.0,3.0,2.0,1,2.0,0,3.0,2013.0,1,999,1.0,1,40.0,0.0,28,32.0,309,500.0,500,2.0,3,2,3.0,0.0,2.0,5.0,2,4.0,1,27
0,399.0,60000.0,60000.0,00,60000.0,96,4.0,999,1.0,21.0,21,1.0,1.0,2,1,0,2.0,1,2.0,1000,3.0,0.0,3.0,2.0,1,2.0,0,3.0,2013.0,1,999,5.0,1,40.0,0.0,28,52.0,237,0.0,500,2.0,4,2,3.0,0.0,2.0,5.0,2,1.0,1,29
0,501.0,145300.0,101000.0,40,51000.0,86,1.0,89,1.0,18.0,20,1.0,1.0,2,1,0,2.0,1,2.0,1000,3.0,0.0,3.0,2.0,1,2.0,0,3.0,1986.0,1,24,6.0,1,24.0,0.0,27,51.0,37,400.0,400,1.0,2,2,3.0,0.0,2.0,5.0,2,2.0,1,56
0,501.0,21400.0,21400.0,96,21400.0,54,1.0,32,1.0,16.0,21,1.0,1.0,2,1,0,2.0,1,2.0,1000,3.0,0.0,3.0,2.0,1,2.0,0,3.0,1986.0,1,999,2.0,1,28.0,0.0,38,51.0,33,0.0,400,1.0,1,2,3.0,0.0,2.0,5.0,2,4.0,1,55
0,392.0,140000.0,140000.0,02,140000.0,62,1.0,50,1.0,19.0,20,1.0,1.0,2,1,0,2.0,1,2.0,1000,3.0,0.0,3.0,2.0,1,2.0,0,3.0,2011.0,1,22,1.0,1,40.0,0.0,49,52.0,196,0.0,300,1.0,2,2,3.0,0.0,2.0,5.0,2,4.0,1,36
0,392.0,1000.0,0.0,46,0.0,85,6.0,210,2.0,16.0,21,1.0,2.0,2,1,0,2.0,41,2.0,9000,2.0,0.0,2.0,2.0,9,2.0,1,2.0,2011.0,0,84,1.0,3,40.0,0.0,303,52.0,142,0.0,300,1.0,2,2,3.0,0.0,2.0,5.0,2,4.0,2,31
0,290.0,90000.0,90000.0,91,90000.0,22,1.0,82,1.0,13.0,20,4.0,1.0,2,3,0,2.0,1,2.0,1000,3.0,0.0,3.0,2.0,1,2.0,0,3.0,1998.0,1,999,1.0,1,60.0,0.0,27,52.0,19,0.0,100,1.0,1,2,3.0,0.0,2.0,5.0,2,4.0,1,49
0,501.0,154000.0,30000.0,83,30000.0,16,1.0,924,1.0,19.0,22,4.0,1.0,2,3,2,2.0,1,2.0,1000,3.0,0.0,3.0,2.0,1,2.0,0,3.0,2000.0,1,999,1.0,2,40.0,0.0,66,52.0,9,124000.0,100,1.0,1,2,3.0,0.0,2.0,5.0,2,3.0,1,50
0,290.0,6000.0,6000.0,41,6000.0,86,2.0,999,1.0,17.0,33,4.0,1.0,2,3,0,2.0,1,2.0,1000,3.0,0.0,3.0,2.0,1,2.0,0,3.0,2000.0,1,999,1.0,2,25.0,0.0,66,44.0,34,0.0,100,1.0,4,2,3.0,0.0,2.0,5.0,2,3.0,1,50
0,290.0,38000.0,38000.0,81,38000.0,30,1.0,999,1.0,20.0,33,4.0,1.0,2,3,0,2.0,1,2.0,1000,3.0,0.0,3.0,2.0,1,2.0,0,3.0,1998.0,1,999,1.0,2,40.0,0.0,66,52.0,49,0.0,100,1.0,4,2,3.0,0.0,2.0,5.0,2,4.0,1,49
0,501.0,18200.0,18200.0,40,18200.0,86,1.0,32,1.0,17.0,20,1.0,1.0,2,1,0,2.0,1,2.0,1000,3.0,0.0,3.0,2.0,1,2.0,0,3.0,1995.0,1,935,1.0,1,30.0,0.0,55,24.0,48,0.0,200,1.0,2,2,3.0,0.0,2.0,5.0,2,4.0,1,56
0,501.0,47700.0,47700.0,77,47700.0,28,1.0,32,1.0,13.0,21,1.0,1.0,2,1,0,2.0,17,2.0,9000,3.0,0.0,3.0,2.0,9,2.0,1,3.0,1995.0,1,917,1.0,1,50.0,0.0,18,52.0,53,0.0,200,1.0,2,2,3.0,0.0,2.0,5.0,2,4.0,1,56
0,501.0,67000.0,67000.0,62,67000.0,07,1.0,32,1.0,16.0,25,6.0,1.0,2,5,0,2.0,17,2.0,9000,3.0,0.0,3.0,2.0,9,2.0,1,3.0,1995.0,1,935,1.0,1,40.0,0.0,38,52.0,20,0.0,200,1.0,2,2,3.0,0.0,2.0,5.0,2,4.0,1,38
0,501.0,14700.0,14700.0,39,14700.0,78,1.0,171,1.0,18.0,21,1.0,1.0,2,1,0,2.0,1,2.0,1000,3.0,0.0,3.0,2.0,1,2.0,0,3.0,2011.0,1,50,3.0,1,28.0,0.0,27,35.0,508,0.0,500,1.0,2,2,3.0,0.0,2.0,5.0,2,4.0,1,39
0,501.0,75000.0,75000.0,08,75000.0,70,1.0,82,1.0,21.0,20,1.0,1.0,2,1,0,2.0,1,2.0,1000,3.0,0.0,3.0,2.0,1,2.0,0,3.0,1993.0,1,114,7.0,1,45.0,0.0,38,51.0,125,0.0,600,1.0,2,2,3.0,0.0,2.0,5.0,2,2.0,1,51
0,501.0,120000.0,120000.0,48,100000.0,43,1.0,89,1.0,21.0,21,1.0,1.0,2,1,0,2.0,1,2.0,1000,3.0,0.0,3.0,2.0,1,2.0,0,3.0,1993.0,1,50,1.0,1,40.0,0.0,27,30.0,105,0.0,600,1.0,2,2,3.0,0.0,2.0,5.0,2,2.0,1,56
0,219.0,34500.0,0.0,26,0.0,64,6.0,82,2.0,16.0,20,6.0,2.0,1,5,2,1.0,1,2.0,1000,2.0,11000.0,2.0,2.0,1,2.0,0,2.0,1995.0,1,999,3.0,1,40.0,23500.0,38,52.0,87,0.0,400,1.0,1,2,3.0,0.0,2.0,5.0,2,4.0,1,23
0,501.0,18000.0,18000.0,25,18000.0,78,1.0,999,1.0,16.0,21,1.0,1.0,2,1,0,2.0,1,2.0,1000,3.0,0.0,3.0,2.0,1,2.0,0,3.0,2007.0,1,999,1.0,1,35.0,0.0,38,40.0,37,0.0,400,1.0,4,2,3.0,0.0,2.0,5.0,2,4.0,1,39
0,475.0,50000.0,50000.0,32,50000.0,81,1.0,32,1.0,20.0,21,1.0,1.0,2,1,0,2.0,1,2.0,1000,3.0,0.0,3.0,2.0,1,2.0,0,3.0,2015.0,1,999,1.0,1,32.0,0.0,4,52.0,21,0.0,500,1.0,1,2,3.0,0.0,2.0,5.0,2,4.0,1,65
0,358.0,85000.0,85000.0,91,65000.0,45,1.0,939,1.0,16.0,20,1.0,1.0,2,1,0,2.0,1,2.0,1000,3.0,0.0,3.0,2.0,1,2.0,0,3.0,2009.0,1,999,1.0,1,50.0,0.0,38,52.0,23,0.0,500,1.0,1,2,3.0,0.0,2.0,5.0,2,4.0,1,41
0,358.0,59000.0,59000.0,52,59000.0,66,1.0,32,1.0,21.0,21,1.0,1.0,2,1,0,2.0,1,2.0,1000,3.0,0.0,3.0,2.0,1,2.0,0,3.0,2009.0,1,111,1.0,1,40.0,0.0,38,52.0,39,0.0,500,1.0,2,2,3.0,0.0,2.0,5.0,2,4.0,1,38
0,319.0,50000.0,50000.0,73,50000.0,85,1.0,920,1.0,16.0,20,6.0,1.0,2,5,0,2.0,3,2.0,5013,3.0,0.0,3.0,2.0,3,2.0,1,3.0,1995.0,0,999,1.0,1,40.0,0.0,38,52.0,236,0.0,100,1.0,1,2,3.0,0.0,2.0,5.0,2,4.0,1,43
0,336.0,60000.0,60000.0,36,60000.0,80,1.0,999,1.0,20.0,20,1.0,1.0,2,1,0,2.0,1,2.0,1000,3.0,0.0,3.0,2.0,1,2.0,0,3.0,2017.0,1,999,2.0,1,32.0,0.0,38,52.0,221,0.0,500,1.0,4,2,3.0,0.0,2.0,5.0,2,4.0,1,31
0,336.0,60000.0,60000.0,02,60000.0,07,1.0,999,1.0,19.0,21,1.0,1.0,2,1,0,2.0,1,2.0,1000,3.0,0.0,3.0,2.0,1,2.0,0,3.0,2017.0,1,999,2.0,1,60.0,0.0,38,52.0,261,0.0,500,1.0,4,2,3.0,0.0,2.0,5.0,2,4.0,1,34
1,50.0,15000.0,15000.0,36,15000.0,82,1.0,999,1.0,15.0,20,6.0,1.0,2,5,0,2.0,3,2.0,5013,3.0,0.0,3.0,2.0,3,2.0,1,3.0,1995.0,0,999,3.0,1,20.0,0.0,38,52.0,62,0.0,400,1.0,4,2,3.0,0.0,2.0,5.0,2,4.0,1,28
0,501.0,96000.0,96000.0,33,96000.0,81,1.0,999,1.0,21.0,20,1.0,1.0,2,1,0,2.0,1,2.0,1000,2.0,0.0,2.0,2.0,1,2.0,0,2.0,1987.0,1,999,2.0,1,40.0,0.0,38,52.0,14,0.0,200,1.0,4,2,3.0,0.0,2.0,5.0,2,4.0,1,60
0,501.0,110000.0,110000.0,32,110000.0,81,1.0,999,1.0,21.0,21,1.0,1.0,2,1,0,2.0,1,2.0,1000,3.0,0.0,2.0,2.0,1,2.0,0,2.0,1987.0,1,999,2.0,1,40.0,0.0,38,52.0,21,0.0,200,1.0,4,2,3.0,0.0,2.0,5.0,2,4.0,1,59
0,299.0,45800.0,45800.0,60,45800.0,72,1.0,999,1.0,24.0,20,4.0,1.0,2,3,0,2.0,1,2.0,1000,3.0,0.0,3.0,2.0,1,2.0,0,3.0,1999.0,1,999,1.0,7,47.0,0.0,301,52.0,70,0.0,200,3.0,4,2,3.0,0.0,2.0,5.0,2,4.0,1,58
0,208.0,31800.0,31800.0,07,31800.0,81,1.0,599,1.0,22.0,20,4.0,1.0,2,3,0,2.0,2,2.0,3000,3.0,0.0,3.0,2.0,2,2.0,0,3.0,2013.0,0,999,2.0,6,36.0,0.0,429,52.0,404,0.0,600,3.0,1,2,3.0,0.0,2.0,5.0,2,4.0,1,49
0,482.0,65000.0,65000.0,86,65000.0,01,1.0,82,1.0,18.0,20,1.0,1.0,2,1,0,2.0,1,2.0,1000,3.0,0.0,3.0,2.0,1,2.0,0,3.0,1986.0,1,999,1.0,1,52.0,0.0,38,52.0,59,0.0,500,1.0,1,2,3.0,0.0,2.0,5.0,2,4.0,1,61
0,482.0,47000.0,47000.0,23,47000.0,78,1.0,89,1.0,21.0,21,1.0,1.0,2,1,0,2.0,1,2.0,1000,3.0,0.0,3.0,2.0,1,2.0,0,3.0,1986.0,1,999,3.0,1,40.0,0.0,26,42.0,49,0.0,500,1.0,1,2,3.0,0.0,2.0,5.0,2,4.0,1,58
1,482.0,2400.0,2400.0,42,0.0,76,1.0,82,1.0,21.0,25,6.0,1.0,1,5,0,2.0,1,1.0,1000,3.0,0.0,3.0,2.0,1,2.0,0,3.0,1995.0,1,89,6.0,1,3.0,0.0,38,52.0,36,0.0,500,1.0,2,2,3.0,0.0,2.0,5.0,2,4.0,1,29
0,123.0,25000.0,25000.0,82,25000.0,32,1.0,98,1.0,19.0,20,4.0,1.0,1,3,0,1.0,1,2.0,1000,3.0,0.0,3.0,2.0,1,2.0,0,3.0,2004.0,1,999,1.0,1,40.0,0.0,27,35.0,37,0.0,400,1.0,1,2,3.0,0.0,2.0,5.0,2,4.0,1,44
0,326.0,50000.0,50000.0,08,50000.0,01,1.0,187,1.0,22.0,22,4.0,1.0,1,3,0,2.0,1,2.0,1000,3.0,0.0,3.0,1.0,1,2.0,0,3.0,2015.0,1,999,1.0,1,40.0,0.0,39,52.0,28,0.0,400,1.0,1,2,3.0,0.0,2.0,5.0,2,4.0,1,41
0,429.0,80000.0,72000.0,63,42000.0,07,6.0,32,1.0,16.0,21,1.0,2.0,1,1,2,2.0,1,2.0,1000,2.0,8000.0,2.0,1.0,1,2.0,0,2.0,1977.0,1,999,7.0,1,40.0,0.0,38,34.0,26,0.0,200,1.0,1,2,3.0,0.0,2.0,5.0,2,4.0,1,64
0,501.0,98000.0,98000.0,31,98000.0,80,1.0,32,1.0,21.0,20,1.0,1.0,2,1,0,2.0,1,2.0,1000,3.0,0.0,3.0,2.0,1,2.0,0,3.0,2006.0,1,999,1.0,1,32.0,0.0,38,52.0,213,0.0,600,1.0,1,2,3.0,0.0,2.0,5.0,2,4.0,1,40
0,501.0,133000.0,133000.0,86,133000.0,05,2.0,999,1.0,16.0,21,1.0,1.0,2,1,0,2.0,1,2.0,1000,3.0,0.0,3.0,2.0,1,2.0,0,3.0,2006.0,1,999,1.0,1,48.0,0.0,18,52.0,192,0.0,600,1.0,4,2,3.0,0.0,2.0,5.0,2,4.0,1,50
0,480.0,75500.0,75000.0,62,75000.0,07,1.0,82,1.0,19.0,20,6.0,1.0,2,5,2,2.0,1,2.0,1000,3.0,0.0,3.0,2.0,1,2.0,0,3.0,1995.0,1,142,7.0,1,45.0,0.0,38,52.0,379,0.0,500,3.0,2,2,3.0,0.0,2.0,5.0,2,4.0,1,22
0,173.0,27300.0,27300.0,36,27300.0,82,1.0,999,1.0,19.0,22,6.0,1.0,2,5,2,2.0,1,2.0,1000,3.0,0.0,3.0,2.0,1,2.0,0,3.0,1995.0,1,999,1.0,1,35.0,0.0,38,52.0,329,0.0,500,3.0,4,2,3.0,0.0,2.0,5.0,2,4.0,1,20
0,501.0,65000.0,65000.0,48,65000.0,69,1.0,32,1.0,16.0,20,1.0,1.0,2,1,0,2.0,1,2.0,1000,3.0,0.0,3.0,2.0,1,2.0,0,3.0,1981.0,1,999,1.0,1,40.0,0.0,38,52.0,15,0.0,500,1.0,1,2,3.0,0.0,2.0,5.0,2,4.0,1,58
0,284.0,45000.0,45000.0,05,45000.0,95,1.0,996,1.0,19.0,20,6.0,1.0,2,5,0,2.0,1,2.0,1000,3.0,0.0,3.0,2.0,1,2.0,0,3.0,1995.0,1,999,4.0,1,55.0,0.0,38,52.0,188,0.0,100,1.0,3,2,3.0,0.0,2.0,5.0,2,4.0,1,46
0,501.0,97100.0,94000.0,10,94000.0,66,1.0,996,1.0,21.0,20,6.0,1.0,1,5,1,2.0,1,2.0,1000,3.0,0.0,3.0,1.0,1,2.0,0,3.0,1995.0,1,999,1.0,1,40.0,0.0,27,52.0,137,0.0,100,1.0,3,2,3.0,0.0,2.0,5.0,2,4.0,1,64
0,457.0,70000.0,70000.0,96,70000.0,60,1.0,50,1.0,16.0,20,6.0,1.0,2,5,0,2.0,1,2.0,1000,3.0,0.0,3.0,2.0,1,2.0,0,3.0,1995.0,1,82,1.0,1,40.0,0.0,38,52.0,17,0.0,400,1.0,2,2,3.0,0.0,2.0,5.0,2,4.0,1,55
0,184.0,24000.0,24000.0,42,0.0,76,1.0,999,1.0,16.0,20,1.0,1.0,1,1,0,2.0,1,2.0,1000,3.0,0.0,3.0,1.0,1,2.0,0,3.0,2007.0,1,999,6.0,1,45.0,0.0,38,52.0,17,0.0,100,1.0,4,2,3.0,0.0,2.0,5.0,2,4.0,1,38
0,184.0,50000.0,50000.0,67,50000.0,07,1.0,999,1.0,16.0,21,1.0,1.0,2,1,1,2.0,1,2.0,1000,3.0,0.0,3.0,2.0,1,2.0,0,3.0,2007.0,1,999,3.0,1,60.0,0.0,38,52.0,21,0.0,100,1.0,4,2,3.0,0.0,2.0,5.0,2,4.0,1,42
0,123.0,30000.0,30000.0,91,30000.0,70,1.0,3,1.0,18.0,20,4.0,1.0,2,3,0,2.0,1,2.0,1000,3.0,0.0,3.0,2.0,1,2.0,0,3.0,2015.0,1,82,1.0,1,40.0,0.0,38,52.0,120,0.0,200,1.0,2,2,3.0,0.0,2.0,5.0,2,4.0,1,28
0,403.0,79000.0,79000.0,69,79000.0,04,1.0,32,1.0,16.0,20,1.0,1.0,2,1,0,2.0,1,2.0,1000,3.0,0.0,3.0,2.0,1,2.0,0,3.0,1988.0,1,999,1.0,1,80.0,0.0,38,52.0,66,0.0,100,1.0,1,2,3.0,0.0,2.0,5.0,2,4.0,1,60
0,403.0,0.0,0.0,42,0.0,69,6.0,32,3.0,16.0,21,1.0,2.0,2,1,0,2.0,1,2.0,1000,2.0,0.0,2.0,2.0,1,2.0,0,2.0,1988.0,1,999,1.0,1,40.0,0.0,46,52.0,26,0.0,100,1.0,1,2,3.0,0.0,2.0,5.0,2,4.0,1,56
0,501.0,110330.0,110000.0,10,110000.0,30,1.0,32,1.0,21.0,20,1.0,1.0,2,1,0,2.0,1,2.0,1000,3.0,0.0,3.0,2.0,1,2.0,0,3.0,2022.0,1,51,1.0,1,45.0,0.0,38,52.0,195,330.0,600,1.0,2,2,3.0,0.0,1.0,5.0,2,3.0,1,38
0,501.0,65000.0,65000.0,08,65000.0,68,1.0,111,1.0,21.0,21,1.0,1.0,2,1,0,2.0,1,2.0,1000,3.0,0.0,3.0,2.0,1,2.0,0,3.0,2022.0,1,142,1.0,1,40.0,0.0,38,52.0,195,0.0,600,3.0,2,2,3.0,0.0,1.0,5.0,2,4.0,1,34
0,399.0,51000.0,51000.0,23,51000.0,78,1.0,32,1.0,21.0,20,1.0,1.0,2,1,0,2.0,1,2.0,1000,3.0,0.0,3.0,2.0,1,2.0,0,3.0,2020.0,1,22,3.0,1,36.0,0.0,53,52.0,29,0.0,200,1.0,2,2,3.0,0.0,2.0,5.0,2,4.0,1,32
0,399.0,30000.0,30000.0,25,30000.0,78,1.0,32,1.0,19.0,21,1.0,1.0,2,1,0,2.0,1,2.0,1000,3.0,0.0,3.0,2.0,1,2.0,0,3.0,2020.0,1,111,3.0,1,36.0,0.0,38,44.0,38,0.0,200,1.0,2,2,3.0,0.0,2.0,5.0,2,2.0,1,34
0,501.0,100000.0,100000.0,16,100000.0,95,1.0,999,1.0,21.0,20,1.0,1.0,1,1,0,2.0,8,2.0,4003,3.0,0.0,3.0,2.0,6,2.0,0,3.0,2005.0,0,999,5.0,4,40.0,0.0,217,52.0,118,0.0,600,1.0,4,1,3.0,0.0,2.0,5.0,2,4.0,1,49
0,501.0,40000.0,40000.0,02,40000.0,78,1.0,999,1.0,21.0,21,1.0,1.0,2,1,0,2.0,8,2.0,4003,3.0,0.0,3.0,2.0,6,2.0,0,3.0,2005.0,0,999,1.0,4,40.0,0.0,217,52.0,141,0.0,600,1.0,4,2,3.0,0.0,2.0,5.0,2,4.0,1,47
0,154.0,60000.0,60000.0,02,0.0,01,1.0,82,1.0,21.0,20,1.0,1.0,1,1,2,1.0,1,2.0,1000,2.0,0.0,2.0,2.0,1,2.0,0,2.0,2014.0,1,999,6.0,1,75.0,0.0,38,52.0,20,0.0,200,1.0,1,2,3.0,0.0,2.0,5.0,2,4.0,1,35
0,154.0,200.0,0.0,42,0.0,69,6.0,82,3.0,21.0,21,1.0,2.0,2,1,2,2.0,1,2.0,1000,2.0,0.0,2.0,2.0,1,2.0,0,2.0,2014.0,1,999,1.0,1,40.0,0.0,38,52.0,22,200.0,200,1.0,1,2,3.0,0.0,2.0,5.0,2,4.0,1,36
1,31.0,5000.0,5000.0,40,3000.0,86,1.0,32,1.0,20.0,20,6.0,1.0,2,5,0,2.0,1,2.0,1000,3.0,0.0,3.0,2.0,1,2.0,0,3.0,1995.0,1,999,1.0,1,25.0,0.0,38,52.0,180,0.0,300,3.0,1,2,3.0,0.0,2.0,5.0,2,4.0,1,28
0,0.0,0.0,0.0,42,0.0,69,6.0,995,3.0,20.0,20,1.0,2.0,2,1,0,2.0,16,2.0,9000,3.0,0.0,3.0,2.0,9,2.0,0,3.0,2020.0,1,999,1.0,1,40.0,0.0,55,52.0,139,0.0,500,3.0,3,2,3.0,0.0,2.0,5.0,2,4.0,1,35
0,0.0,0.0,0.0,42,0.0,69,6.0,924,3.0,21.0,21,1.0,2.0,2,1,2,2.0,1,2.0,1000,2.0,0.0,2.0,2.0,1,2.0,0,2.0,2020.0,1,999,1.0,1,40.0,0.0,8,52.0,35,0.0,500,3.0,1,2,2.0,0.0,2.0,5.0,2,4.0,1,35
0,269.0,56000.0,56000.0,77,56000.0,35,1.0,917,1.0,18.0,20,6.0,1.0,2,5,0,2.0,3,2.0,5014,3.0,0.0,3.0,2.0,5,2.0,1,3.0,1995.0,0,999,1.0,1,40.0,0.0,38,52.0,160,0.0,500,1.0,1,2,3.0,0.0,2.0,5.0,2,4.0,1,32
0,427.0,65000.0,65000.0,20,65000.0,78,1.0,82,1.0,22.0,20,4.0,1.0,2,3,2,2.0,1,2.0,1000,3.0,0.0,3.0,2.0,1,2.0,0,3.0,1994.0,1,32,2.0,1,40.0,0.0,38,52.0,201,0.0,200,1.0,2,2,3.0,0.0,2.0,5.0,2,4.0,1,59
1,147.0,30200.0,30200.0,47,30200.0,53,1.0,996,1.0,16.0,20,4.0,1.0,2,3,0,2.0,1,2.0,1000,3.0,0.0,3.0,2.0,1,2.0,0,3.0,1999.0,1,999,1.0,1,35.0,0.0,38,52.0,129,0.0,500,1.0,3,2,3.0,0.0,2.0,5.0,2,4.0,1,41
1,501.0,80000.0,80000.0,72,80000.0,46,6.0,996,1.0,16.0,22,6.0,2.0,2,5,0,2.0,1,2.0,1000,2.0,0.0,2.0,2.0,1,2.0,0,2.0,1995.0,1,999,1.0,1,40.0,0.0,27,52.0,113,0.0,500,1.0,3,2,3.0,0.0,2.0,5.0,2,4.0,1,41
0,470.0,0.0,0.0,57,0.0,07,6.0,51,2.0,21.0,20,1.0,2.0,2,1,0,2.0,1,2.0,1000,2.0,0.0,2.0,2.0,1,2.0,0,2.0,2023.0,1,50,7.0,1,40.0,0.0,27,52.0,161,0.0,600,1.0,2,2,3.0,0.0,1.0,5.0,2,4.0,1,26
0,470.0,115000.0,115000.0,47,115000.0,46,1.0,82,1.0,18.0,21,1.0,1.0,2,1,0,2.0,1,2.0,1000,3.0,0.0,3.0,2.0,1,2.0,0,3.0,2023.0,1,50,1.0,1,50.0,0.0,27,52.0,216,0.0,600,1.0,2,2,3.0,0.0,1.0,5.0,2,4.0,1,27
0,0.0,0.0,0.0,42,0.0,69,6.0,999,3.0,1.0,20,6.0,2.0,2,5,0,2.0,1,2.0,1000,2.0,0.0,2.0,2.0,1,2.0,0,2.0,1995.0,1,999,1.0,1,40.0,0.0,38,52.0,98,0.0,400,3.0,4,2,3.0,0.0,2.0,5.0,2,4.0,1,46
0,412.0,82000.0,82000.0,02,70000.0,01,1.0,82,1.0,21.0,20,1.0,1.0,2,1,1,2.0,1,2.0,1000,3.0,0.0,3.0,2.0,1,2.0,0,3.0,2018.0,1,111,1.0,1,60.0,0.0,38,52.0,12,0.0,500,1.0,2,2,3.0,0.0,2.0,5.0,2,4.0,1,30
0,412.0,0.0,0.0,35,0.0,83,6.0,142,2.0,22.0,21,1.0,2.0,2,1,1,2.0,1,2.0,1000,2.0,0.0,2.0,2.0,1,2.0,0,2.0,2018.0,1,26,1.0,1,40.0,0.0,27,52.0,19,0.0,500,1.0,2,2,3.0,0.0,2.0,5.0,2,4.0,1,30
0,501.0,55300.0,55300.0,52,50000.0,69,1.0,32,1.0,20.0,20,1.0,1.0,2,1,0,2.0,1,2.0,1000,3.0,0.0,3.0,2.0,1,2.0,0,3.0,2005.0,1,82,1.0,1,40.0,0.0,38,52.0,33,0.0,200,1.0,2,2,3.0,0.0,2.0,5.0,2,4.0,1,55
0,501.0,50000.0,50000.0,20,50000.0,91,1.0,32,1.0,16.0,21,1.0,1.0,2,1,0,2.0,1,2.0,1000,3.0,0.0,3.0,2.0,1,2.0,0,3.0,2005.0,1,50,2.0,1,40.0,0.0,38,52.0,19,0.0,200,1.0,2,2,3.0,0.0,2.0,5.0,2,4.0,1,58
0,501.0,0.0,0.0,42,0.0,69,6.0,22,3.0,19.0,20,1.0,2.0,1,1,0,2.0,1,2.0,1000,2.0,0.0,2.0,2.0,1,2.0,0,2.0,1982.0,1,50,1.0,1,40.0,0.0,6,52.0,157,0.0,600,1.0,2,2,3.0,0.0,2.0,5.0,1,4.0,1,60
0,222.0,45000.0,45000.0,42,45000.0,76,1.0,999,1.0,1.0,20,6.0,1.0,2,5,0,2.0,1,2.0,1000,3.0,0.0,3.0,2.0,1,2.0,0,3.0,1995.0,1,999,1.0,7,40.0,0.0,301,52.0,170,0.0,600,3.0,4,2,3.0,0.0,2.0,5.0,2,4.0,1,21
0,430.0,45000.0,45000.0,20,45000.0,83,1.0,32,1.0,20.0,20,1.0,1.0,2,1,0,2.0,1,2.0,1000,3.0,0.0,3.0,2.0,1,2.0,0,3.0,2018.0,1,82,2.0,1,40.0,0.0,38,52.0,45,0.0,200,1.0,2,2,3.0,0.0,2.0,5.0,2,4.0,1,30
0,430.0,60000.0,60000.0,73,60000.0,07,2.0,32,1.0,16.0,21,1.0,2.0,2,1,0,2.0,1,2.0,1000,3.0,0.0,2.0,2.0,1,2.0,0,1.0,2018.0,1,148,1.0,1,45.0,0.0,38,41.0,53,0.0,200,1.0,2,2,3.0,0.0,2.0,5.0,2,4.0,1,32
0,501.0,96000.0,96000.0,21,96000.0,94,1.0,939,1.0,23.0,20,1.0,1.0,2,1,0,2.0,1,2.0,1000,3.0,0.0,3.0,2.0,1,2.0,0,3.0,2016.0,1,999,3.0,1,60.0,0.0,38,52.0,129,0.0,300,1.0,1,2,3.0,0.0,2.0,5.0,2,2.0,1,28
0,501.0,73000.0,73000.0,00,73000.0,72,1.0,82,1.0,21.0,21,1.0,1.0,2,1,0,2.0,1,2.0,1000,3.0,0.0,3.0,2.0,1,2.0,0,3.0,2016.0,1,32,1.0,1,40.0,0.0,38,51.0,122,0.0,300,1.0,2,2,3.0,0.0,2.0,5.0,2,4.0,1,28
0,418.0,42200.0,42200.0,42,42200.0,78,1.0,917,1.0,19.0,20,4.0,1.0,1,3,0,2.0,3,2.0,5013,3.0,0.0,1.0,2.0,3,2.0,1,3.0,2002.0,0,999,3.0,1,40.0,0.0,38,52.0,137,0.0,400,1.0,1,1,1.0,0.0,2.0,1.0,2,4.0,1,61
0,418.0,17900.0,17900.0,42,17900.0,93,1.0,917,1.0,14.0,25,6.0,1.0,1,5,0,1.0,3,2.0,5013,3.0,0.0,3.0,2.0,3,2.0,1,3.0,1995.0,0,999,3.0,1,32.0,0.0,38,52.0,183,0.0,400,1.0,1,2,3.0,0.0,2.0,5.0,2,4.0,1,20
0,501.0,0.0,0.0,29,0.0,78,3.0,32,2.0,18.0,25,6.0,2.0,2,5,0,2.0,1,2.0,1000,1.0,0.0,2.0,2.0,1,2.0,0,2.0,1995.0,1,82,4.0,1,40.0,0.0,38,52.0,117,0.0,300,1.0,2,2,3.0,0.0,2.0,2.0,2,4.0,1,26
1,174.0,20000.0,20000.0,00,20000.0,85,3.0,935,1.0,20.0,20,4.0,2.0,2,3,0,2.0,1,2.0,1000,3.0,0.0,1.0,2.0,1,2.0,0,3.0,1980.0,1,999,2.0,1,50.0,0.0,38,22.0,54,0.0,200,1.0,1,2,1.0,0.0,2.0,1.0,2,3.0,1,64
0,174.0,15400.0,0.0,42,0.0,69,6.0,999,3.0,18.0,28,6.0,2.0,1,5,0,2.0,1,1.0,1000,2.0,15400.0,2.0,1.0,1,1.0,0,2.0,1995.0,1,999,1.0,1,40.0,0.0,6,52.0,11,0.0,200,1.0,4,2,3.0,0.0,2.0,5.0,2,4.0,1,60
0,383.0,60630.0,58630.0,23,58000.0,78,1.0,82,1.0,22.0,20,6.0,1.0,2,5,0,2.0,1,2.0,1000,3.0,0.0,3.0,2.0,1,2.0,0,3.0,1995.0,1,89,3.0,1,45.0,0.0,16,52.0,23,2000.0,200,3.0,2,2,3.0,0.0,2.0,5.0,2,4.0,1,37
0,501.0,90000.0,90000.0,00,90000.0,83,1.0,82,1.0,21.0,20,1.0,1.0,2,1,0,2.0,1,2.0,1000,3.0,0.0,3.0,2.0,1,2.0,0,3.0,2002.0,1,999,2.0,1,45.0,0.0,48,52.0,47,0.0,500,1.0,1,2,3.0,0.0,2.0,5.0,2,4.0,1,52
0,501.0,85150.0,85000.0,01,85000.0,82,1.0,290,1.0,21.0,21,1.0,1.0,2,1,0,2.0,29,2.0,9000,3.0,0.0,3.0,2.0,9,2.0,0,3.0,2002.0,1,22,1.0,1,50.0,0.0,53,52.0,40,150.0,500,1.0,2,2,3.0,0.0,2.0,5.0,2,4.0,2,50
0,501.0,5000.0,5000.0,36,5000.0,83,1.0,82,1.0,19.0,25,6.0,1.0,2,5,0,2.0,29,2.0,9000,3.0,0.0,3.0,2.0,9,2.0,0,3.0,1995.0,1,290,2.0,1,15.0,0.0,49,48.0,13,0.0,500,1.0,2,2,3.0,0.0,2.0,5.0,2,4.0,2,20
0,501.0,125000.0,55000.0,96,55000.0,30,1.0,82,1.0,16.0,20,6.0,1.0,1,5,2,2.0,1,2.0,1000,1.0,0.0,2.0,1.0,1,2.0,0,1.0,1995.0,1,999,1.0,1,40.0,0.0,27,48.0,56,70000.0,600,1.0,1,2,2.0,0.0,2.0,1.0,2,4.0,1,58
0,209.0,32950.0,17200.0,04,17200.0,94,6.0,82,1.0,21.0,22,6.0,2.0,2,5,2,2.0,1,2.0,1000,2.0,0.0,2.0,2.0,1,2.0,0,2.0,1995.0,1,50,3.0,1,40.0,0.0,19,17.0,33,150.0,200,1.0,2,2,2.0,0.0,2.0,5.0,2,4.0,1,60
0,159.0,25000.0,25000.0,36,0.0,89,1.0,924,1.0,16.0,20,6.0,1.0,2,5,2,2.0,1,2.0,1000,3.0,0.0,3.0,2.0,1,2.0,0,3.0,1995.0,1,999,6.0,1,25.0,0.0,38,52.0,70,0.0,500,1.0,1,2,3.0,0.0,2.0,5.0,2,4.0,1,22
0,159.0,25000.0,25000.0,42,25000.0,85,1.0,924,1.0,22.0,22,6.0,1.0,2,5,0,2.0,1,2.0,1000,3.0,0.0,3.0,2.0,1,2.0,0,3.0,1995.0,1,142,1.0,1,40.0,0.0,38,52.0,92,0.0,500,3.0,2,2,3.0,0.0,2.0,5.0,2,4.0,1,25
0,3.0,800.0,800.0,47,800.0,55,1.0,32,1.0,16.0,20,4.0,1.0,2,3,0,2.0,1,2.0,1000,3.0,0.0,3.0,2.0,1,2.0,0,3.0,2020.0,1,82,1.0,1,8.0,0.0,38,28.0,85,0.0,100,3.0,2,2,3.0,0.0,2.0,5.0,2,4.0,1,22
0,278.0,44000.0,44000.0,23,44000.0,78,1.0,32,1.0,22.0,20,6.0,1.0,2,5,0,2.0,1,2.0,1000,3.0,0.0,3.0,2.0,1,2.0,0,3.0,1995.0,1,999,3.0,1,40.0,0.0,38,52.0,45,0.0,500,3.0,1,2,3.0,0.0,2.0,5.0,2,4.0,1,31
0,501.0,15600.0,0.0,42,0.0,69,6.0,171,3.0,17.0,25,6.0,2.0,1,5,0,1.0,1,1.0,1000,2.0,0.0,2.0,2.0,1,1.0,0,2.0,1995.0,1,32,1.0,1,40.0,15600.0,38,52.0,206,0.0,300,1.0,2,2,3.0,0.0,2.0,5.0,2,4.0,1,38
0,372.0,70000.0,70000.0,54,70000.0,05,1.0,82,1.0,16.0,20,1.0,1.0,2,1,0,2.0,1,2.0,1000,2.0,0.0,3.0,2.0,1,2.0,0,3.0,1992.0,1,32,1.0,1,40.0,0.0,11,52.0,167,0.0,200,1.0,2,2,3.0,0.0,2.0,3.0,2,4.0,1,52
0,372.0,5000.0,5000.0,88,0.0,87,1.0,50,1.0,16.0,21,1.0,1.0,2,1,0,2.0,1,2.0,1000,2.0,0.0,2.0,2.0,1,2.0,0,2.0,1992.0,1,999,6.0,1,40.0,0.0,38,52.0,195,0.0,200,1.0,1,2,2.0,0.0,2.0,3.0,2,4.0,1,50
0,372.0,11200.0,11200.0,27,11200.0,78,6.0,999,1.0,16.0,25,6.0,2.0,2,5,0,2.0,1,2.0,1000,2.0,0.0,2.0,2.0,1,2.0,0,2.0,1995.0,1,999,1.0,1,40.0,0.0,38,20.0,98,0.0,200,1.0,4,2,3.0,0.0,2.0,5.0,2,4.0,1,22
0,501.0,65000.0,65000.0,20,65000.0,94,1.0,22,1.0,21.0,20,1.0,1.0,2,1,0,2.0,1,2.0,1000,3.0,0.0,3.0,2.0,1,2.0,0,3.0,2010.0,1,171,3.0,1,45.0,0.0,38,52.0,45,0.0,200,1.0,2,2,3.0,0.0,2.0,5.0,2,4.0,1,41
0,501.0,78000.0,78000.0,73,78000.0,20,1.0,32,1.0,18.0,21,1.0,1.0,2,1,0,2.0,1,2.0,1000,3.0,0.0,3.0,2.0,1,2.0,0,3.0,2010.0,1,82,1.0,1,48.0,0.0,38,52.0,35,0.0,200,1.0,2,2,3.0,0.0,2.0,5.0,2,2.0,1,49
0,235.0,85000.0,85000.0,89,85000.0,22,1.0,82,1.0,16.0,20,1.0,1.0,2,1,0,2.0,1,2.0,1000,3.0,0.0,3.0,2.0,1,2.0,0,3.0,2019.0,1,999,1.0,1,55.0,0.0,38,52.0,51,0.0,400,3.0,1,2,3.0,0.0,2.0,5.0,2,4.0,1,33
0,235.0,0.0,0.0,47,0.0,86,6.0,32,2.0,17.0,21,1.0,2.0,2,1,0,2.0,1,2.0,1000,2.0,0.0,2.0,2.0,1,2.0,0,2.0,2019.0,1,999,1.0,1,40.0,0.0,26,52.0,50,0.0,400,3.0,1,2,3.0,0.0,2.0,5.0,2,4.0,1,33
0,501.0,75000.0,75000.0,96,75000.0,30,1.0,32,1.0,19.0,20,1.0,1.0,2,1,0,2.0,1,2.0,1000,3.0,0.0,3.0,2.0,1,2.0,0,3.0,2016.0,1,999,1.0,1,56.0,0.0,46,52.0,19,0.0,400,1.0,1,2,3.0,0.0,2.0,5.0,2,4.0,1,39
0,501.0,85000.0,85000.0,72,85000.0,30,1.0,32,1.0,20.0,21,1.0,1.0,2,1,0,2.0,1,2.0,1000,2.0,0.0,2.0,2.0,1,2.0,0,2.0,2016.0,1,999,1.0,1,56.0,0.0,38,52.0,23,0.0,400,1.0,1,2,3.0,0.0,2.0,5.0,2,4.0,1,51
0,297.0,120000.0,120000.0,15,120000.0,95,1.0,999,1.0,22.0,20,1.0,1.0,2,1,0,2.0,1,2.0,1000,3.0,0.0,3.0,2.0,1,2.0,0,3.0,2008.0,1,999,4.0,1,45.0,0.0,38,52.0,461,0.0,300,1.0,4,2,3.0,0.0,2.0,5.0,2,4.0,1,41
0,297.0,0.0,0.0,42,0.0,69,6.0,999,3.0,16.0,21,1.0,1.0,1,1,0,1.0,1,2.0,1000,3.0,0.0,3.0,2.0,1,2.0,0,3.0,2008.0,1,999,1.0,1,40.0,0.0,38,52.0,348,0.0,300,1.0,4,2,3.0,0.0,2.0,5.0,2,4.0,1,40
0,486.0,52000.0,52000.0,53,52000.0,93,1.0,917,1.0,20.0,20,1.0,1.0,2,1,0,2.0,3,2.0,5013,3.0,0.0,3.0,2.0,3,2.0,1,3.0,1984.0,0,999,3.0,1,40.0,0.0,38,52.0,129,0.0,600,1.0,1,2,3.0,0.0,2.0,5.0,2,4.0,1,59
0,486.0,45000.0,45000.0,72,0.0,87,1.0,32,1.0,16.0,21,1.0,1.0,2,1,2,2.0,1,2.0,1000,3.0,0.0,3.0,2.0,1,2.0,0,3.0,1984.0,1,999,6.0,1,45.0,0.0,38,52.0,171,0.0,600,1.0,1,2,3.0,0.0,2.0,5.0,2,4.0,1,61
0,249.0,39400.0,0.0,40,0.0,50,6.0,425,2.0,21.0,20,4.0,2.0,1,3,2,1.0,1,2.0,1000,2.0,0.0,2.0,2.0,1,2.0,0,2.0,1987.0,1,32,1.0,1,40.0,0.0,27,52.0,91,25000.0,600,1.0,2,2,3.0,0.0,2.0,5.0,2,4.0,1,54
0,272.0,33800.0,0.0,42,0.0,69,6.0,32,3.0,16.0,20,1.0,2.0,2,1,2,2.0,1,2.0,1000,2.0,0.0,2.0,2.0,1,2.0,0,2.0,2011.0,1,999,1.0,1,40.0,24600.0,38,52.0,198,0.0,300,1.0,1,2,3.0,0.0,2.0,5.0,2,4.0,1,64
0,501.0,80000.0,80000.0,02,0.0,01,1.0,82,1.0,20.0,20,1.0,1.0,2,1,0,2.0,1,2.0,1000,3.0,0.0,3.0,2.0,1,2.0,0,3.0,1984.0,1,999,6.0,1,65.0,0.0,38,52.0,37,0.0,400,3.0,1,2,3.0,0.0,2.0,5.0,2,4.0,1,60
0,501.0,50000.0,50000.0,48,50000.0,69,1.0,82,1.0,20.0,21,1.0,1.0,2,1,0,2.0,1,2.0,1000,2.0,0.0,2.0,2.0,1,2.0,0,2.0,1984.0,1,999,1.0,1,40.0,0.0,38,50.0,41,0.0,400,3.0,1,2,3.0,0.0,2.0,5.0,2,4.0,1,57
0,160.0,10500.0,0.0,57,0.0,07,6.0,82,2.0,16.0,20,1.0,2.0,2,1,2,2.0,1,2.0,1000,2.0,0.0,2.0,2.0,1,2.0,0,2.0,2006.0,1,89,1.0,1,40.0,10500.0,38,52.0,166,0.0,400,1.0,2,2,3.0,0.0,2.0,5.0,2,4.0,1,63
0,501.0,12000.0,12000.0,40,12000.0,78,1.0,32,1.0,23.0,21,1.0,1.0,2,1,0,2.0,1,2.0,1000,3.0,0.0,3.0,2.0,1,2.0,0,3.0,1984.0,1,999,3.0,1,50.0,0.0,38,52.0,28,0.0,100,1.0,1,2,3.0,0.0,2.0,5.0,2,4.0,1,64
0,501.0,80000.0,80000.0,10,80000.0,93,1.0,32,1.0,21.0,20,6.0,1.0,2,5,0,2.0,1,2.0,1000,3.0,0.0,3.0,2.0,1,2.0,0,3.0,1995.0,1,999,4.0,1,40.0,0.0,38,52.0,33,0.0,300,1.0,1,2,3.0,0.0,2.0,5.0,2,2.0,1,43
0,348.0,55000.0,55000.0,89,55000.0,35,1.0,999,1.0,15.0,34,4.0,1.0,1,3,0,1.0,15,1.0,8000,3.0,0.0,3.0,1.0,8,1.0,0,3.0,2001.0,0,999,1.0,1,48.0,0.0,27,52.0,39,0.0,300,1.0,4,2,3.0,0.0,2.0,5.0,2,4.0,2,45
0,170.0,27000.0,27000.0,60,27000.0,01,1.0,999,1.0,1.0,34,6.0,1.0,2,5,0,2.0,15,2.0,8000,3.0,0.0,3.0,2.0,8,2.0,0,3.0,1995.0,0,999,1.0,2,45.0,0.0,72,32.0,37,0.0,300,1.0,4,2,3.0,0.0,2.0,5.0,2,2.0,2,38
0,316.0,50000.0,50000.0,77,50000.0,30,1.0,999,1.0,16.0,34,6.0,1.0,2,5,0,2.0,15,2.0,8000,3.0,0.0,3.0,2.0,8,2.0,0,3.0,1995.0,0,999,1.0,2,45.0,0.0,72,52.0,37,0.0,300,1.0,4,2,3.0,0.0,2.0,5.0,2,4.0,2,37
0,170.0,27000.0,27000.0,60,27000.0,01,1.0,999,1.0,16.0,34,6.0,1.0,2,5,0,2.0,15,2.0,8000,3.0,0.0,3.0,2.0,8,2.0,0,3.0,1995.0,0,999,1.0,1,45.0,0.0,8,32.0,37,0.0,300,1.0,4,2,3.0,0.0,2.0,5.0,2,4.0,2,36
0,501.0,80000.0,80000.0,03,80000.0,80,1.0,996,1.0,22.0,21,1.0,1.0,2,1,0,2.0,1,2.0,1000,3.0,0.0,3.0,2.0,1,2.0,0,3.0,1998.0,1,999,1.0,1,40.0,0.0,38,52.0,10,0.0,200,1.0,3,2,3.0,0.0,2.0,5.0,2,4.0,1,46
0,501.0,24000.0,24000.0,91,19000.0,78,1.0,89,1.0,18.0,20,4.0,1.0,2,3,2,2.0,1,2.0,1000,3.0,0.0,3.0,2.0,1,2.0,0,3.0,1991.0,1,82,4.0,1,15.0,0.0,38,36.0,19,0.0,400,1.0,2,2,3.0,0.0,2.0,5.0,2,2.0,1,56
0,501.0,107300.0,107300.0,42,98000.0,76,1.0,82,1.0,16.0,25,6.0,1.0,2,5,2,2.0,1,2.0,1000,3.0,0.0,3.0,2.0,1,2.0,0,3.0,1995.0,1,89,7.0,1,36.0,0.0,38,52.0,1,0.0,400,1.0,2,2,3.0,0.0,2.0,5.0,2,4.0,1,29
0,372.0,114000.0,114000.0,77,114000.0,35,1.0,22,1.0,20.0,20,4.0,1.0,2,3,0,2.0,1,2.0,1000,3.0,0.0,3.0,2.0,1,2.0,0,3.0,2006.0,1,87,1.0,1,50.0,0.0,48,52.0,33,0.0,500,1.0,2,2,3.0,0.0,2.0,5.0,2,2.0,1,48
0,501.0,148000.0,148000.0,07,148000.0,35,1.0,22,1.0,22.0,22,4.0,1.0,1,3,0,2.0,1,2.0,1000,3.0,0.0,3.0,2.0,1,2.0,0,3.0,2001.0,1,999,1.0,1,40.0,0.0,39,52.0,29,0.0,500,3.0,1,1,3.0,0.0,2.0,5.0,2,2.0,1,47
0,501.0,98400.0,78000.0,86,78000.0,03,1.0,924,1.0,21.0,20,1.0,1.0,2,1,0,2.0,1,2.0,1000,3.0,0.0,3.0,2.0,1,2.0,0,3.0,1989.0,1,999,1.0,1,40.0,0.0,46,30.0,157,0.0,100,1.0,1,2,3.0,0.0,2.0,5.0,2,4.0,1,58
0,501.0,55000.0,55000.0,08,55000.0,91,1.0,924,1.0,21.0,21,1.0,1.0,2,1,0,2.0,1,2.0,1000,3.0,0.0,3.0,2.0,1,2.0,0,3.0,1989.0,1,999,2.0,1,40.0,0.0,6,52.0,99,0.0,100,1.0,1,2,3.0,0.0,2.0,5.0,2,4.0,1,61
0,501.0,42000.0,42000.0,41,42000.0,86,1.0,924,1.0,20.0,25,6.0,1.0,2,5,0,2.0,1,2.0,1000,3.0,0.0,3.0,2.0,1,2.0,0,3.0,1995.0,1,999,1.0,1,40.0,0.0,46,52.0,502,0.0,100,1.0,1,2,3.0,0.0,2.0,5.0,2,4.0,1,24
0,501.0,52000.0,52000.0,07,52000.0,78,1.0,89,1.0,21.0,20,1.0,1.0,1,1,0,1.0,1,2.0,1000,3.0,0.0,3.0,2.0,1,2.0,0,3.0,2006.0,1,26,4.0,1,32.0,0.0,20,40.0,96,0.0,600,1.0,2,2,3.0,0.0,2.0,5.0,2,4.0,1,44
0,501.0,65000.0,65000.0,00,65000.0,71,1.0,142,1.0,19.0,21,1.0,1.0,2,1,0,2.0,1,2.0,1000,3.0,0.0,3.0,2.0,1,2.0,0,3.0,2006.0,1,32,1.0,1,50.0,0.0,27,52.0,103,0.0,600,1.0,2,2,3.0,0.0,2.0,5.0,2,4.0,1,47
0,106.0,16400.0,11000.0,63,11000.0,87,1.0,32,1.0,19.0,20,6.0,1.0,1,5,0,2.0,1,1.0,1000,3.0,0.0,3.0,2.0,1,2.0,0,3.0,1995.0,1,148,1.0,1,40.0,0.0,38,52.0,106,0.0,400,1.0,2,2,3.0,0.0,2.0,5.0,2,2.0,1,32
0,257.0,4800.0,4800.0,86,4800.0,06,1.0,46,1.0,19.0,20,1.0,1.0,2,1,0,2.0,1,2.0,1000,3.0,0.0,3.0,2.0,1,2.0,0,3.0,2021.0,1,999,2.0,1,40.0,0.0,45,52.0,26,0.0,400,1.0,1,2,3.0,0.0,2.0,5.0,2,4.0,1,27
0,257.0,72000.0,69000.0,48,69000.0,69,1.0,32,1.0,16.0,21,1.0,1.0,2,1,0,2.0,1,2.0,1000,3.0,0.0,3.0,2.0,1,2.0,0,3.0,2021.0,1,999,2.0,1,40.0,0.0,38,52.0,6,0.0,400,1.0,1,2,3.0,0.0,2.0,5.0,2,4.0,1,31
0,501.0,37500.0,37500.0,47,37500.0,53,1.0,22,1.0,19.0,25,6.0,1.0,2,5,0,2.0,1,2.0,1000,3.0,0.0,3.0,2.0,1,2.0,0,3.0,1995.0,1,82,1.0,1,40.0,0.0,27,52.0,23,0.0,600,1.0,2,2,3.0,0.0,2.0,5.0,2,4.0,1,46
0,369.0,72000.0,70000.0,02,20000.0,01,1.0,924,1.0,21.0,20,1.0,1.0,2,1,0,2.0,1,2.0,1000,3.0,0.0,3.0,2.0,1,2.0,0,3.0,2012.0,1,999,7.0,1,50.0,0.0,38,52.0,54,2000.0,400,1.0,1,2,3.0,0.0,2.0,5.0,2,4.0,1,36
0,369.0,60000.0,60000.0,06,60000.0,68,1.0,924,1.0,21.0,21,1.0,1.0,2,1,0,2.0,1,2.0,1000,3.0,0.0,3.0,2.0,1,2.0,0,3.0,2012.0,1,999,1.0,1,40.0,0.0,38,52.0,42,0.0,400,1.0,1,2,3.0,0.0,2.0,5.0,2,4.0,1,35
0,501.0,34000.0,32000.0,42,32000.0,70,1.0,82,1.0,16.0,21,1.0,1.0,1,1,0,2.0,1,2.0,1000,3.0,0.0,3.0,1.0,1,2.0,0,3.0,1999.0,1,999,1.0,1,40.0,2000.0,46,52.0,19,0.0,600,1.0,1,2,3.0,0.0,2.0,5.0,2,4.0,1,64
0,501.0,58000.0,58000.0,04,58000.0,93,1.0,32,1.0,20.0,20,1.0,1.0,2,1,0,2.0,1,2.0,1000,3.0,0.0,3.0,2.0,1,2.0,0,3.0,1994.0,1,999,4.0,1,40.0,0.0,38,52.0,36,0.0,300,1.0,1,2,3.0,0.0,2.0,5.0,2,4.0,1,50
0,501.0,47000.0,47000.0,42,47000.0,86,1.0,32,1.0,18.0,21,1.0,1.0,2,1,0,2.0,1,2.0,1000,3.0,0.0,3.0,2.0,1,2.0,0,3.0,1994.0,1,999,1.0,1,40.0,0.0,38,52.0,22,0.0,300,1.0,1,2,3.0,0.0,2.0,5.0,2,4.0,1,50
0,501.0,5000.0,5000.0,45,5000.0,90,2.0,32,1.0,20.0,21,1.0,2.0,2,1,0,2.0,1,2.0,1000,3.0,0.0,2.0,2.0,1,2.0,0,1.0,2020.0,1,50,1.0,1,8.0,0.0,29,36.0,22,0.0,600,1.0,2,2,3.0,0.0,2.0,5.0,2,4.0,1,33
0,277.0,45000.0,45000.0,96,45000.0,24,1.0,999,1.0,16.0,20,1.0,1.0,2,1,0,2.0,1,2.0,1000,3.0,0.0,3.0,2.0,1,2.0,0,3.0,2016.0,1,999,1.0,1,36.0,0.0,38,4.0,13,0.0,500,1.0,4,2,3.0,0.0,2.0,5.0,2,4.0,1,29
0,277.0,40000.0,40000.0,23,40000.0,84,1.0,999,1.0,16.0,21,1.0,1.0,2,1,0,2.0,1,2.0,1000,3.0,0.0,3.0,2.0,1,2.0,0,3.0,2016.0,1,999,1.0,1,36.0,0.0,38,52.0,29,0.0,500,1.0,4,2,3.0,0.0,2.0,5.0,2,4.0,1,28
0,372.0,35000.0,35000.0,62,35000.0,07,1.0,32,1.0,16.0,20,1.0,1.0,1,1,0,2.0,1,2.0,1000,3.0,0.0,3.0,2.0,1,2.0,0,3.0,1985.0,1,89,1.0,1,45.0,0.0,38,52.0,97,0.0,600,1.0,2,2,3.0,0.0,2.0,5.0,1,4.0,1,62
0,372.0,40000.0,40000.0,34,40000.0,81,1.0,32,1.0,16.0,21,1.0,1.0,2,1,0,2.0,1,2.0,1000,3.0,0.0,3.0,2.0,1,2.0,0,3.0,1985.0,1,999,2.0,1,40.0,0.0,38,52.0,105,0.0,600,1.0,1,2,3.0,0.0,2.0,5.0,2,4.0,1,59
0,153.0,47000.0,47000.0,17,47000.0,78,1.0,416,1.0,24.0,20,1.0,1.0,2,1,0,2.0,1,2.0,1000,3.0,0.0,3.0,2.0,1,2.0,0,3.0,2015.0,1,999,1.0,4,40.0,0.0,213,52.0,110,0.0,600,1.0,1,2,3.0,0.0,2.0,5.0,2,4.0,1,48
0,153.0,0.0,0.0,42,0.0,69,6.0,416,3.0,22.0,21,1.0,2.0,2,1,0,2.0,1,2.0,1000,2.0,0.0,2.0,2.0,1,2.0,0,2.0,2015.0,1,999,1.0,4,40.0,0.0,212,52.0,105,0.0,600,1.0,1,2,3.0,0.0,2.0,5.0,2,4.0,1,42
0,359.0,49000.0,0.0,42,0.0,69,6.0,148,3.0,16.0,20,1.0,2.0,2,1,0,2.0,1,2.0,1000,2.0,0.0,2.0,2.0,1,2.0,0,2.0,1979.0,1,32,1.0,1,40.0,24000.0,38,52.0,17,25000.0,500,1.0,2,2,3.0,0.0,2.0,5.0,2,4.0,1,63
0,359.0,34000.0,0.0,42,0.0,69,6.0,82,3.0,16.0,21,1.0,2.0,2,1,0,2.0,1,2.0,1000,2.0,0.0,2.0,2.0,1,2.0,0,2.0,1979.0,1,112,1.0,1,40.0,14000.0,38,52.0,14,20000.0,500,1.0,2,2,3.0,0.0,2.0,5.0,2,4.0,1,61
1,359.0,0.0,0.0,44,0.0,85,6.0,148,2.0,16.0,30,6.0,2.0,2,5,0,2.0,1,2.0,1000,2.0,0.0,2.0,2.0,1,2.0,0,2.0,1995.0,1,32,1.0,1,40.0,0.0,38,52.0,19,0.0,500,1.0,2,2,3.0,0.0,2.0,5.0,2,4.0,1,19
0,46.0,0.0,0.0,42,0.0,69,6.0,171,3.0,19.0,20,1.0,2.0,2,1,0,2.0,1,2.0,1000,2.0,0.0,2.0,2.0,1,2.0,0,2.0,1982.0,1,999,1.0,5,40.0,0.0,164,52.0,18,0.0,200,3.0,1,2,3.0,0.0,2.0,5.0,2,4.0,1,59
0,46.0,0.0,0.0,42,0.0,69,6.0,171,3.0,20.0,25,6.0,2.0,2,5,0,2.0,1,2.0,1000,2.0,0.0,2.0,2.0,1,2.0,0,2.0,1995.0,1,999,1.0,1,40.0,0.0,53,52.0,1,0.0,200,3.0,1,2,3.0,0.0,2.0,5.0,2,4.0,1,27
0,284.0,0.0,0.0,23,0.0,78,6.0,26,2.0,21.0,20,1.0,2.0,2,1,0,2.0,1,2.0,1000,2.0,0.0,2.0,2.0,1,2.0,0,2.0,2012.0,1,82,3.0,1,40.0,0.0,27,52.0,24,0.0,500,1.0,2,2,3.0,0.0,2.0,5.0,2,4.0,1,41
0,284.0,115000.0,115000.0,63,115000.0,10,1.0,91,1.0,20.0,21,1.0,1.0,2,1,0,2.0,1,2.0,1000,3.0,0.0,3.0,2.0,1,2.0,0,3.0,2012.0,1,82,1.0,1,45.0,0.0,38,52.0,40,0.0,500,1.0,2,2,3.0,0.0,2.0,5.0,2,2.0,1,34
0,482.0,75000.0,69000.0,91,69000.0,63,1.0,32,1.0,16.0,20,6.0,1.0,2,5,0,2.0,1,2.0,1000,3.0,0.0,3.0,2.0,1,2.0,0,3.0,1995.0,1,999,1.0,1,45.0,0.0,20,52.0,124,0.0,300,3.0,1,2,3.0,0.0,2.0,5.0,2,4.0,1,34
1,115.0,18000.0,0.0,15,0.0,49,6.0,917,2.0,20.0,20,4.0,2.0,2,3,0,2.0,3,2.0,5006,2.0,0.0,2.0,2.0,3,2.0,1,2.0,2000.0,0,999,1.0,1,40.0,18000.0,35,52.0,31,0.0,400,1.0,1,2,3.0,0.0,2.0,5.0,2,4.0,1,55
0,501.0,56000.0,56000.0,41,56000.0,82,1.0,32,1.0,18.0,20,1.0,1.0,2,1,0,2.0,1,2.0,1000,3.0,0.0,3.0,2.0,1,2.0,0,3.0,2005.0,1,114,2.0,1,50.0,0.0,46,52.0,12,0.0,400,1.0,2,2,3.0,0.0,2.0,5.0,2,4.0,1,40
0,501.0,80000.0,80000.0,62,80000.0,44,1.0,82,1.0,16.0,21,1.0,1.0,2,1,0,2.0,1,2.0,1000,3.0,0.0,3.0,2.0,1,2.0,0,3.0,2005.0,1,32,1.0,1,55.0,0.0,27,52.0,15,0.0,400,1.0,2,2,3.0,0.0,2.0,5.0,2,4.0,1,41
0,229.0,35000.0,35000.0,00,35000.0,74,1.0,221,1.0,21.0,20,6.0,1.0,1,5,0,2.0,29,1.0,9000,3.0,0.0,3.0,2.0,9,2.0,0,3.0,1995.0,1,271,1.0,1,40.0,0.0,42,50.0,233,0.0,400,1.0,2,2,3.0,0.0,2.0,5.0,2,4.0,6,24
0,466.0,71000.0,71000.0,15,71000.0,10,1.0,917,1.0,21.0,24,6.0,1.0,2,5,0,2.0,11,2.0,7500,3.0,0.0,3.0,2.0,7,2.0,0,3.0,1995.0,0,999,1.0,1,40.0,0.0,27,52.0,173,0.0,400,1.0,1,2,3.0,0.0,2.0,5.0,2,4.0,1,25
0,501.0,0.0,0.0,32,0.0,80,6.0,142,2.0,22.0,21,1.0,2.0,2,1,0,2.0,1,2.0,1000,2.0,0.0,2.0,2.0,1,2.0,0,2.0,1997.0,1,22,1.0,1,40.0,0.0,38,52.0,63,0.0,500,1.0,2,2,3.0,0.0,2.0,5.0,2,4.0,1,62
1,25.0,4000.0,4000.0,47,4000.0,49,1.0,917,1.0,16.0,20,6.0,1.0,1,5,0,1.0,1,1.0,1000,3.0,0.0,3.0,2.0,1,2.0,0,3.0,1995.0,1,999,1.0,1,21.0,0.0,47,40.0,124,0.0,200,3.0,1,2,3.0,0.0,2.0,5.0,2,4.0,1,24
0,448.0,64400.0,62000.0,23,62000.0,78,2.0,920,1.0,21.0,20,6.0,1.0,2,5,0,2.0,3,2.0,5024,3.0,0.0,2.0,2.0,3,2.0,1,1.0,1995.0,0,999,3.0,1,40.0,0.0,38,52.0,49,2400.0,100,1.0,1,2,3.0,0.0,2.0,5.0,2,4.0,1,65
0,275.0,42200.0,38000.0,62,38000.0,07,1.0,996,1.0,16.0,20,6.0,1.0,2,5,0,2.0,1,2.0,1000,3.0,0.0,1.0,2.0,1,2.0,0,3.0,1995.0,1,999,1.0,1,60.0,0.0,38,52.0,39,0.0,200,1.0,3,2,1.0,0.0,2.0,1.0,2,4.0,1,24
0,245.0,79000.0,79000.0,86,79000.0,22,1.0,32,1.0,16.0,20,1.0,1.0,2,1,0,2.0,1,2.0,1000,3.0,0.0,3.0,2.0,1,2.0,0,3.0,2004.0,1,999,1.0,1,45.0,0.0,38,52.0,45,0.0,200,1.0,1,2,3.0,0.0,2.0,5.0,2,4.0,1,45
0,245.0,20000.0,20000.0,36,20000.0,81,1.0,917,1.0,17.0,21,1.0,1.0,2,1,0,2.0,17,2.0,9000,2.0,0.0,3.0,2.0,9,2.0,1,3.0,2004.0,1,924,1.0,1,36.0,0.0,38,52.0,89,0.0,200,1.0,2,2,3.0,0.0,2.0,5.0,2,4.0,1,44
0,374.0,58000.0,58000.0,70,58000.0,66,1.0,32,1.0,20.0,20,6.0,1.0,2,5,0,2.0,1,2.0,1000,3.0,0.0,3.0,2.0,1,2.0,0,3.0,1995.0,1,50,7.0,1,42.0,0.0,38,50.0,72,0.0,500,3.0,2,2,3.0,0.0,2.0,5.0,2,4.0,1,26
0,322.0,50000.0,50000.0,35,50000.0,80,1.0,114,1.0,21.0,22,6.0,1.0,2,5,2,2.0,1,2.0,1000,3.0,0.0,3.0,2.0,1,2.0,0,3.0,1995.0,1,82,7.0,1,40.0,0.0,38,52.0,95,0.0,500,1.0,2,2,3.0,0.0,2.0,5.0,2,4.0,1,28
0,501.0,86000.0,86000.0,00,86000.0,07,1.0,999,1.0,18.0,20,1.0,1.0,2,1,0,2.0,1,2.0,1000,3.0,0.0,3.0,2.0,1,2.0,0,3.0,2010.0,1,999,1.0,1,40.0,0.0,38,52.0,25,0.0,500,1.0,4,2,3.0,0.0,2.0,5.0,2,4.0,1,44
0,501.0,68000.0,68000.0,50,68000.0,68,1.0,142,1.0,18.0,21,1.0,1.0,2,1,0,2.0,1,2.0,1000,3.0,0.0,3.0,2.0,1,2.0,0,3.0,2010.0,1,999,1.0,1,40.0,0.0,38,52.0,31,0.0,500,1.0,1,2,3.0,0.0,2.0,5.0,2,4.0,1,41
0,501.0,92000.0,92000.0,55,92000.0,94,1.0,109,1.0,21.0,20,1.0,1.0,2,1,0,2.0,1,2.0,1000,3.0,0.0,3.0,2.0,1,2.0,0,3.0,1988.0,1,87,3.0,1,65.0,0.0,53,52.0,67,0.0,100,1.0,2,2,3.0,0.0,2.0,5.0,2,4.0,1,63
0,501.0,42000.0,42000.0,47,42000.0,49,1.0,50,1.0,16.0,21,1.0,1.0,2,1,0,2.0,1,2.0,1000,3.0,0.0,3.0,2.0,1,2.0,0,3.0,1988.0,1,999,1.0,1,40.0,0.0,1,52.0,126,0.0,100,1.0,1,2,3.0,0.0,2.0,5.0,2,2.0,1,62
0,501.0,65000.0,65000.0,01,65000.0,68,1.0,999,1.0,20.0,20,1.0,1.0,2,1,0,2.0,1,2.0,1000,3.0,0.0,3.0,2.0,1,2.0,0,3.0,2017.0,1,999,1.0,1,50.0,0.0,38,52.0,31,0.0,400,1.0,4,2,3.0,0.0,2.0,5.0,2,4.0,1,31
0,501.0,89000.0,89000.0,73,82000.0,22,1.0,999,1.0,16.0,21,1.0,1.0,2,1,0,2.0,1,2.0,1000,3.0,0.0,3.0,2.0,1,2.0,0,3.0,2017.0,1,999,1.0,1,45.0,0.0,27,52.0,38,0.0,400,1.0,4,2,3.0,0.0,2.0,5.0,2,4.0,1,35
0,501.0,25000.0,25000.0,56,25000.0,75,1.0,50,1.0,19.0,20,1.0,1.0,1,1,0,2.0,1,1.0,1000,3.0,0.0,3.0,1.0,1,2.0,0,3.0,2016.0,1,999,1.0,1,40.0,0.0,30,36.0,53,0.0,100,1.0,1,2,3.0,0.0,2.0,5.0,2,4.0,1,38
0,501.0,98000.0,98000.0,62,98000.0,04,1.0,750,1.0,20.0,21,1.0,1.0,2,1,0,2.0,8,2.0,4003,2.0,0.0,2.0,2.0,6,2.0,0,2.0,2016.0,0,999,1.0,4,70.0,0.0,217,52.0,166,0.0,100,1.0,1,2,3.0,0.0,2.0,5.0,2,4.0,1,49
0,501.0,91000.0,0.0,34,0.0,81,6.0,82,2.0,20.0,20,1.0,2.0,1,1,0,2.0,17,2.0,9000,2.0,0.0,2.0,2.0,9,2.0,1,2.0,1992.0,1,22,2.0,1,40.0,24000.0,38,52.0,67,0.0,500,1.0,2,1,3.0,0.0,2.0,5.0,2,4.0,1,61
0,501.0,154000.0,150000.0,38,150000.0,94,1.0,50,1.0,18.0,20,1.0,1.0,2,1,0,2.0,1,2.0,1000,3.0,0.0,3.0,2.0,1,2.0,0,3.0,2002.0,1,82,5.0,7,40.0,0.0,301,52.0,17,4000.0,200,1.0,2,2,3.0,0.0,2.0,5.0,2,4.0,1,50
0,501.0,25000.0,25000.0,20,25000.0,78,1.0,8,1.0,21.0,21,1.0,1.0,2,1,0,2.0,1,2.0,1000,3.0,0.0,3.0,2.0,1,2.0,0,3.0,2002.0,1,999,3.0,7,30.0,0.0,301,52.0,15,0.0,200,1.0,1,2,3.0,0.0,2.0,5.0,2,4.0,1,42
0,501.0,50000.0,50000.0,57,50000.0,78,1.0,32,1.0,19.0,20,1.0,1.0,2,1,0,2.0,1,2.0,1000,3.0,0.0,3.0,2.0,1,2.0,0,3.0,1981.0,1,999,1.0,1,40.0,0.0,38,52.0,89,0.0,200,1.0,1,2,3.0,0.0,2.0,5.0,2,4.0,1,64
0,501.0,72000.0,0.0,62,0.0,07,6.0,82,2.0,16.0,21,1.0,2.0,2,1,0,2.0,1,2.0,1000,2.0,0.0,2.0,2.0,1,2.0,0,2.0,1981.0,1,999,3.0,1,40.0,24000.0,38,52.0,52,0.0,200,1.0,1,2,3.0,0.0,2.0,5.0,2,4.0,1,63
0,501.0,80000.0,80000.0,96,80000.0,62,1.0,82,1.0,23.0,25,6.0,1.0,2,5,0,2.0,1,2.0,1000,3.0,0.0,3.0,2.0,1,2.0,0,3.0,1995.0,1,32,1.0,1,84.0,0.0,38,52.0,28,0.0,200,1.0,2,2,3.0,0.0,2.0,5.0,2,4.0,1,39
0,322.0,50000.0,50000.0,15,50000.0,26,1.0,82,1.0,21.0,20,6.0,1.0,2,5,0,2.0,1,2.0,1000,3.0,0.0,3.0,2.0,1,2.0,0,3.0,1995.0,1,190,1.0,1,45.0,0.0,27,52.0,93,0.0,600,1.0,2,2,3.0,0.0,2.0,5.0,2,4.0,1,29
0,96.0,15000.0,15000.0,52,15000.0,68,1.0,50,1.0,15.0,22,6.0,1.0,2,5,0,2.0,1,2.0,1000,3.0,0.0,3.0,2.0,1,2.0,0,3.0,1995.0,1,22,1.0,1,20.0,0.0,41,40.0,72,0.0,600,1.0,2,2,3.0,0.0,2.0,5.0,2,4.0,1,28
0,501.0,160000.0,160000.0,48,160000.0,43,1.0,50,1.0,22.0,20,1.0,1.0,2,1,0,2.0,1,2.0,1000,3.0,0.0,3.0,2.0,1,2.0,0,3.0,1991.0,1,999,1.0,1,40.0,0.0,27,52.0,18,0.0,600,1.0,1,2,3.0,0.0,2.0,5.0,2,4.0,1,59
0,501.0,58000.0,58000.0,08,58000.0,85,1.0,22,1.0,21.0,21,1.0,1.0,2,1,0,2.0,1,2.0,1000,3.0,0.0,3.0,2.0,1,2.0,0,3.0,1991.0,1,32,3.0,1,30.0,0.0,38,52.0,19,0.0,600,1.0,2,2,3.0,0.0,2.0,5.0,2,4.0,1,62
0,501.0,65000.0,65000.0,05,65000.0,38,1.0,50,1.0,21.0,25,6.0,1.0,2,5,0,2.0,1,2.0,1000,3.0,0.0,3.0,2.0,1,2.0,0,3.0,1995.0,1,22,1.0,1,40.0,0.0,38,52.0,37,0.0,600,1.0,2,2,3.0,0.0,2.0,5.0,2,4.0,1,24
1,124.0,19000.0,10000.0,68,0.0,04,6.0,996,1.0,16.0,20,4.0,2.0,1,3,0,2.0,1,2.0,1000,3.0,9000.0,2.0,2.0,1,2.0,0,2.0,1980.0,1,999,6.0,1,6.0,0.0,6,10.0,32,0.0,100,1.0,3,2,2.0,0.0,2.0,5.0,1,4.0,1,63
0,428.0,75000.0,75000.0,48,75000.0,42,1.0,996,1.0,16.0,20,1.0,1.0,2,1,0,2.0,1,2.0,1000,2.0,0.0,2.0,2.0,1,2.0,0,2.0,2008.0,1,999,1.0,1,50.0,0.0,38,52.0,15,0.0,400,1.0,3,2,3.0,0.0,2.0,5.0,2,4.0,1,39
0,428.0,52000.0,52000.0,23,52000.0,78,1.0,996,1.0,22.0,21,1.0,1.0,2,1,0,2.0,1,2.0,1000,3.0,0.0,3.0,2.0,1,2.0,0,3.0,2008.0,1,999,1.0,1,40.0,0.0,38,36.0,15,0.0,400,1.0,3,2,3.0,0.0,2.0,5.0,2,4.0,1,39
0,338.0,53000.0,53000.0,60,53000.0,01,1.0,82,1.0,20.0,20,6.0,1.0,2,5,2,2.0,1,2.0,1000,2.0,0.0,2.0,2.0,1,2.0,0,2.0,1995.0,1,32,1.0,1,70.0,0.0,38,50.0,70,0.0,500,1.0,2,2,3.0,0.0,2.0,5.0,2,4.0,1,27
1,429.0,13100.0,0.0,48,0.0,01,6.0,996,2.0,16.0,20,1.0,2.0,2,1,0,2.0,1,2.0,1000,2.0,0.0,2.0,2.0,1,2.0,0,2.0,1983.0,1,999,1.0,1,40.0,0.0,18,52.0,17,0.0,600,1.0,3,2,3.0,0.0,2.0,5.0,2,2.0,1,61
0,429.0,68000.0,0.0,05,0.0,69,6.0,996,2.0,16.0,21,1.0,2.0,2,1,0,2.0,1,2.0,1000,2.0,0.0,2.0,2.0,1,2.0,0,2.0,1983.0,1,999,2.0,1,40.0,25000.0,48,52.0,18,0.0,600,1.0,3,2,3.0,0.0,2.0,5.0,2,2.0,1,59
0,335.0,52800.0,0.0,42,0.0,69,6.0,50,3.0,19.0,20,6.0,2.0,2,5,2,2.0,1,2.0,1000,2.0,0.0,2.0,2.0,1,2.0,0,2.0,1995.0,1,999,1.0,1,40.0,16000.0,38,52.0,10,35000.0,400,1.0,1,2,3.0,1800.0,2.0,5.0,2,4.0,1,59
0,132.0,21000.0,21000.0,25,21000.0,78,1.0,210,1.0,21.0,20,6.0,1.0,1,5,0,1.0,1,2.0,1000,3.0,0.0,3.0,2.0,1,2.0,0,3.0,1995.0,1,148,3.0,1,40.0,0.0,6,52.0,319,0.0,600,1.0,2,2,3.0,0.0,2.0,5.0,2,4.0,2,27
0,500.0,62000.0,62000.0,12,62000.0,75,1.0,231,1.0,22.0,20,1.0,1.0,2,1,0,2.0,1,2.0,1000,3.0,0.0,3.0,2.0,1,2.0,0,3.0,2022.0,1,32,1.0,1,40.0,0.0,36,52.0,30,0.0,500,1.0,2,2,3.0,0.0,1.0,5.0,2,4.0,13,33
0,500.0,36000.0,36000.0,45,0.0,89,1.0,82,1.0,18.0,21,1.0,1.0,2,1,0,2.0,1,2.0,1000,3.0,0.0,3.0,2.0,1,2.0,0,3.0,2022.0,1,190,6.0,1,45.0,0.0,38,52.0,14,0.0,500,1.0,2,2,3.0,0.0,1.0,5.0,2,4.0,1,31
0,446.0,37000.0,37000.0,36,0.0,89,1.0,82,1.0,19.0,20,1.0,1.0,2,1,0,2.0,1,2.0,1000,3.0,0.0,3.0,2.0,1,2.0,0,3.0,2020.0,1,999,6.0,1,40.0,0.0,38,52.0,36,0.0,400,1.0,1,2,3.0,0.0,2.0,5.0,2,4.0,1,24
0,446.0,52000.0,52000.0,34,52000.0,81,1.0,88,1.0,20.0,21,1.0,1.0,2,1,0,2.0,1,2.0,1000,3.0,0.0,3.0,2.0,1,2.0,0,3.0,2020.0,1,999,1.0,1,40.0,0.0,38,52.0,75,0.0,400,1.0,1,2,3.0,0.0,2.0,5.0,2,4.0,1,24
0,281.0,22000.0,22000.0,23,22000.0,78,1.0,32,1.0,20.0,20,1.0,1.0,2,1,0,2.0,1,2.0,1000,3.0,0.0,3.0,2.0,1,2.0,0,3.0,2021.0,1,999,3.0,1,30.0,0.0,38,36.0,16,0.0,200,1.0,1,2,3.0,0.0,2.0,5.0,2,4.0,1,23
0,281.0,45000.0,45000.0,49,45000.0,93,1.0,999,1.0,16.0,21,1.0,1.0,2,1,0,2.0,1,2.0,1000,3.0,0.0,3.0,2.0,1,2.0,0,3.0,2021.0,1,999,3.0,1,50.0,0.0,38,52.0,14,0.0,200,1.0,4,2,3.0,0.0,2.0,5.0,2,4.0,1,22
0,501.0,50000.0,50000.0,23,50000.0,78,1.0,82,1.0,22.0,21,1.0,1.0,2,1,2,2.0,1,2.0,1000,3.0,0.0,3.0,2.0,1,2.0,0,3.0,2007.0,1,999,1.0,1,40.0,0.0,38,52.0,82,0.0,200,1.0,1,2,3.0,0.0,2.0,5.0,2,4.0,1,45
0,501.0,40300.0,40300.0,39,40300.0,39,1.0,999,1.0,20.0,20,1.0,1.0,2,1,0,2.0,1,2.0,1000,2.0,0.0,2.0,2.0,1,2.0,0,2.0,2014.0,1,999,1.0,1,40.0,0.0,38,52.0,25,0.0,400,3.0,4,2,3.0,0.0,2.0,5.0,2,4.0,1,45
0,501.0,114000.0,114000.0,32,114000.0,81,1.0,999,1.0,24.0,21,1.0,1.0,2,1,0,2.0,1,2.0,1000,2.0,0.0,2.0,2.0,1,2.0,0,1.0,2014.0,1,999,5.0,1,40.0,0.0,38,52.0,23,0.0,400,3.0,4,2,3.0,0.0,2.0,5.0,2,4.0,1,39
0,501.0,1000.0,1000.0,47,1000.0,85,6.0,999,1.0,17.0,25,6.0,2.0,1,5,2,1.0,1,1.0,1000,2.0,0.0,2.0,2.0,1,2.0,0,2.0,1995.0,1,999,1.0,1,20.0,0.0,38,12.0,14,0.0,400,1.0,4,2,2.0,0.0,2.0,2.0,2,4.0,1,19
0,501.0,93000.0,69000.0,32,69000.0,94,1.0,999,1.0,20.0,27,6.0,1.0,2,5,0,2.0,1,2.0,1000,3.0,0.0,3.0,2.0,1,2.0,0,3.0,1995.0,1,999,4.0,1,24.0,0.0,38,52.0,15,0.0,400,1.0,4,2,3.0,0.0,2.0,5.0,2,4.0,1,22
0,501.0,43200.0,43200.0,44,43200.0,85,1.0,999,1.0,20.0,33,4.0,1.0,2,3,0,2.0,1,2.0,1000,2.0,0.0,2.0,2.0,1,2.0,0,2.0,2019.0,1,999,1.0,1,40.0,0.0,38,52.0,10,0.0,400,1.0,4,2,2.0,0.0,2.0,5.0,2,4.0,1,58
0,80.0,12300.0,12300.0,62,12300.0,07,6.0,999,1.0,19.0,36,4.0,1.0,2,3,0,2.0,1,2.0,1000,3.0,0.0,3.0,2.0,1,2.0,0,3.0,2013.0,1,999,1.0,1,30.0,0.0,38,40.0,12,0.0,400,1.0,4,2,3.0,0.0,2.0,5.0,2,2.0,1,53
0,262.0,0.0,0.0,51,0.0,68,6.0,32,2.0,18.0,20,1.0,2.0,1,1,0,1.0,1,1.0,1000,2.0,0.0,2.0,2.0,1,2.0,0,2.0,2004.0,1,82,1.0,1,40.0,0.0,38,52.0,40,0.0,200,1.0,2,2,3.0,0.0,2.0,5.0,2,4.0,1,56
0,262.0,52000.0,52000.0,67,52000.0,07,1.0,924,1.0,16.0,21,1.0,1.0,2,1,0,2.0,1,2.0,1000,3.0,0.0,3.0,2.0,1,2.0,0,3.0,2004.0,1,32,4.0,1,40.0,0.0,38,52.0,23,0.0,200,1.0,2,2,3.0,0.0,2.0,5.0,2,4.0,1,59
0,374.0,58000.0,58000.0,47,40000.0,48,1.0,995,1.0,19.0,20,4.0,1.0,2,3,0,2.0,1,2.0,1000,2.0,0.0,2.0,2.0,1,2.0,0,2.0,1998.0,1,999,1.0,1,45.0,0.0,38,52.0,19,0.0,500,1.0,3,2,3.0,0.0,2.0,5.0,2,4.0,1,56
0,328.0,55000.0,48500.0,88,48500.0,30,2.0,999,1.0,17.0,20,1.0,1.0,2,1,2,2.0,1,2.0,1000,3.0,0.0,2.0,2.0,1,2.0,0,1.0,2022.0,1,999,1.0,1,40.0,0.0,38,52.0,93,0.0,400,1.0,4,2,3.0,0.0,1.0,5.0,2,4.0,1,23
0,328.0,45000.0,45000.0,77,45000.0,30,2.0,999,1.0,16.0,21,1.0,1.0,2,1,0,2.0,1,2.0,1000,3.0,0.0,2.0,2.0,1,2.0,0,1.0,2022.0,1,999,1.0,1,40.0,0.0,38,52.0,64,0.0,400,1.0,4,2,3.0,0.0,1.0,5.0,2,4.0,1,23
0,501.0,69000.0,69000.0,13,69000.0,07,1.0,999,1.0,21.0,20,1.0,1.0,2,1,0,2.0,1,2.0,1000,3.0,0.0,3.0,2.0,1,2.0,0,3.0,2022.0,1,999,5.0,1,50.0,0.0,27,52.0,86,0.0,600,1.0,4,2,3.0,0.0,1.0,5.0,2,4.0,1,25
0,501.0,45000.0,45000.0,42,45000.0,76,1.0,999,1.0,19.0,21,1.0,1.0,2,1,0,2.0,1,2.0,1000,3.0,0.0,3.0,2.0,1,2.0,0,3.0,2022.0,1,999,1.0,1,40.0,0.0,27,52.0,65,0.0,600,1.0,4,2,3.0,0.0,1.0,5.0,2,4.0,1,24
0,501.0,85000.0,85000.0,49,85000.0,30,1.0,89,1.0,22.0,20,1.0,1.0,2,1,0,2.0,1,2.0,1000,3.0,0.0,3.0,2.0,1,2.0,0,3.0,2003.0,1,20,1.0,1,40.0,0.0,38,52.0,181,0.0,600,1.0,2,2,3.0,0.0,2.0,5.0,2,4.0,1,42
0,501.0,100000.0,100000.0,48,100000.0,01,1.0,32,1.0,21.0,21,1.0,1.0,2,1,0,2.0,1,2.0,1000,3.0,0.0,3.0,2.0,1,2.0,0,3.0,2003.0,1,999,1.0,1,40.0,0.0,38,52.0,195,0.0,600,1.0,1,2,3.0,0.0,2.0,5.0,2,4.0,1,46
0,111.0,17000.0,17000.0,23,17000.0,78,1.0,32,1.0,21.0,20,6.0,1.0,2,5,0,2.0,1,2.0,1000,3.0,0.0,3.0,2.0,1,2.0,0,3.0,1995.0,1,999,2.0,1,40.0,0.0,27,28.0,108,0.0,600,3.0,1,2,3.0,0.0,2.0,5.0,2,4.0,1,22
0,255.0,40000.0,40000.0,96,40000.0,24,1.0,32,1.0,17.0,20,6.0,1.0,2,5,0,2.0,1,2.0,1000,3.0,0.0,3.0,2.0,1,2.0,0,3.0,1995.0,1,82,1.0,1,20.0,0.0,38,52.0,45,0.0,300,3.0,2,2,3.0,0.0,2.0,5.0,2,4.0,1,36
0,255.0,0.0,0.0,42,0.0,69,6.0,24,3.0,19.0,20,1.0,2.0,2,1,0,2.0,1,2.0,1000,2.0,0.0,2.0,2.0,1,2.0,0,2.0,2001.0,1,32,1.0,1,40.0,0.0,38,52.0,90,0.0,200,1.0,2,2,3.0,0.0,2.0,5.0,2,4.0,1,41
0,255.0,85500.0,85000.0,00,85000.0,03,1.0,22,1.0,19.0,21,1.0,1.0,2,1,0,2.0,1,2.0,1000,3.0,0.0,3.0,2.0,1,2.0,0,3.0,2001.0,1,999,1.0,1,40.0,0.0,49,52.0,90,500.0,200,1.0,1,2,3.0,0.0,2.0,5.0,2,4.0,1,42
0,255.0,5000.0,5000.0,47,5000.0,49,1.0,32,1.0,14.0,25,6.0,1.0,2,5,0,2.0,1,2.0,1000,3.0,0.0,3.0,2.0,1,2.0,0,3.0,1995.0,1,22,1.0,1,16.0,0.0,38,45.0,2,0.0,200,1.0,2,2,3.0,0.0,2.0,5.0,2,4.0,1,18
0,255.0,5000.0,5000.0,47,5000.0,49,1.0,32,1.0,14.0,25,6.0,1.0,2,5,0,2.0,1,2.0,1000,3.0,0.0,3.0,2.0,1,2.0,0,3.0,1995.0,1,22,1.0,1,16.0,0.0,38,52.0,2,0.0,200,1.0,2,2,3.0,0.0,2.0,5.0,2,4.0,1,18
0,114.0,18000.0,18000.0,42,18000.0,86,1.0,32,1.0,16.0,20,6.0,1.0,2,5,0,2.0,1,2.0,1000,3.0,0.0,3.0,2.0,1,2.0,0,3.0,1995.0,1,999,2.0,1,30.0,0.0,55,52.0,143,0.0,500,3.0,1,2,3.0,0.0,2.0,5.0,2,4.0,1,22
0,101.0,16000.0,16000.0,96,16000.0,63,1.0,22,1.0,19.0,22,6.0,1.0,2,5,0,2.0,1,2.0,1000,3.0,0.0,3.0,2.0,1,2.0,0,3.0,1995.0,1,999,1.0,1,22.0,0.0,6,52.0,169,0.0,500,3.0,1,2,3.0,0.0,2.0,5.0,2,4.0,1,21
0,114.0,25000.0,25000.0,36,25000.0,82,1.0,82,1.0,19.0,20,1.0,1.0,2,1,0,2.0,1,2.0,1000,3.0,0.0,3.0,2.0,1,2.0,0,3.0,1995.0,1,999,1.0,1,32.0,0.0,38,52.0,56,0.0,400,1.0,1,2,3.0,0.0,2.0,5.0,2,4.0,1,55
0,114.0,1900.0,1900.0,91,0.0,01,1.0,20,1.0,16.0,21,1.0,1.0,2,1,0,2.0,1,2.0,1000,3.0,0.0,3.0,2.0,1,2.0,0,3.0,1995.0,1,999,6.0,1,50.0,0.0,38,52.0,51,0.0,400,1.0,1,2,3.0,0.0,2.0,5.0,2,4.0,1,59
0,114.0,0.0,0.0,42,0.0,69,6.0,82,3.0,16.0,25,6.0,2.0,2,5,0,2.0,1,2.0,1000,2.0,0.0,2.0,2.0,1,2.0,0,2.0,1995.0,1,999,1.0,1,40.0,0.0,38,52.0,39,0.0,400,1.0,1,2,3.0,0.0,2.0,5.0,2,4.0,1,20
0,226.0,35000.0,35000.0,32,35000.0,81,1.0,22,1.0,20.0,20,6.0,1.0,2,5,0,2.0,1,2.0,1000,3.0,0.0,3.0,2.0,1,2.0,0,3.0,1995.0,1,26,2.0,1,36.0,0.0,27,52.0,73,0.0,500,3.0,2,2,3.0,0.0,2.0,5.0,2,4.0,1,23
0,84.0,13000.0,13000.0,36,13000.0,81,1.0,32,1.0,19.0,34,6.0,1.0,2,5,0,2.0,1,2.0,1000,3.0,0.0,3.0,2.0,1,2.0,0,3.0,1995.0,1,21,1.0,1,20.0,0.0,38,48.0,23,0.0,500,3.0,2,2,3.0,0.0,2.0,5.0,2,4.0,1,20
0,501.0,12000.0,0.0,25,0.0,78,6.0,50,2.0,16.0,21,1.0,2.0,2,1,2,2.0,1,2.0,1000,2.0,0.0,2.0,2.0,1,2.0,0,2.0,1978.0,1,999,2.0,1,40.0,12000.0,38,52.0,23,0.0,500,1.0,1,2,2.0,0.0,2.0,5.0,2,4.0,1,64
1,206.0,120000.0,120000.0,87,0.0,44,1.0,999,1.0,19.0,20,1.0,1.0,2,1,0,2.0,1,2.0,1000,3.0,0.0,3.0,2.0,1,2.0,0,3.0,1998.0,1,999,6.0,1,60.0,0.0,27,50.0,105,0.0,200,1.0,4,2,3.0,0.0,2.0,5.0,2,4.0,1,40
1,206.0,0.0,0.0,42,0.0,69,6.0,999,3.0,18.0,21,1.0,2.0,1,1,0,2.0,1,2.0,1000,2.0,0.0,2.0,2.0,1,2.0,0,2.0,1998.0,1,999,1.0,1,40.0,0.0,27,52.0,89,0.0,200,1.0,4,2,3.0,0.0,2.0,5.0,1,4.0,1,48
1,9.0,1500.0,0.0,91,0.0,61,6.0,32,2.0,17.0,20,4.0,2.0,1,3,0,1.0,17,2.0,9000,2.0,1500.0,2.0,1.0,9,2.0,1,2.0,2002.0,1,919,1.0,1,40.0,0.0,38,52.0,319,0.0,200,1.0,2,2,3.0,0.0,2.0,5.0,1,4.0,1,62
0,478.0,75000.0,75000.0,32,75000.0,80,1.0,32,1.0,21.0,20,4.0,1.0,2,3,0,2.0,1,2.0,1000,3.0,0.0,3.0,2.0,1,2.0,0,3.0,2009.0,1,112,1.0,1,36.0,0.0,38,52.0,470,0.0,300,1.0,2,2,3.0,0.0,2.0,5.0,2,4.0,1,61
0,408.0,79000.0,79000.0,47,79000.0,49,1.0,32,1.0,18.0,20,1.0,1.0,2,1,2,2.0,1,2.0,1000,3.0,0.0,3.0,2.0,1,2.0,0,3.0,1999.0,1,999,1.0,1,50.0,0.0,38,52.0,204,0.0,600,1.0,1,2,3.0,0.0,2.0,5.0,2,4.0,1,58
0,408.0,1500.0,1500.0,42,1500.0,77,1.0,32,1.0,19.0,21,1.0,1.0,2,1,0,2.0,1,2.0,1000,3.0,0.0,3.0,2.0,1,2.0,0,3.0,1999.0,1,999,8.0,1,40.0,0.0,38,52.0,196,0.0,600,1.0,1,2,3.0,0.0,2.0,5.0,2,4.0,1,57
1,69.0,10900.0,0.0,42,0.0,69,6.0,924,3.0,16.0,20,6.0,2.0,1,5,0,2.0,1,1.0,1000,2.0,3600.0,2.0,2.0,1,2.0,0,2.0,1995.0,1,999,1.0,1,40.0,7300.0,38,52.0,16,0.0,400,1.0,1,2,3.0,0.0,2.0,5.0,2,4.0,1,55
0,454.0,45200.0,45000.0,36,45000.0,82,1.0,32,1.0,19.0,21,1.0,1.0,2,1,0,2.0,1,2.0,1000,2.0,0.0,2.0,2.0,1,2.0,0,2.0,1982.0,1,999,2.0,1,40.0,0.0,27,52.0,69,200.0,400,1.0,1,2,3.0,0.0,2.0,5.0,2,4.0,1,62
0,229.0,45000.0,45000.0,15,45000.0,07,1.0,939,1.0,18.0,20,1.0,1.0,2,1,0,2.0,1,2.0,1000,3.0,0.0,3.0,2.0,1,2.0,0,3.0,2011.0,1,999,4.0,1,50.0,0.0,30,52.0,19,0.0,400,1.0,1,2,3.0,0.0,2.0,5.0,2,4.0,1,53
0,229.0,25000.0,25000.0,23,25000.0,78,1.0,939,1.0,20.0,21,1.0,1.0,2,1,0,2.0,1,2.0,1000,2.0,0.0,2.0,2.0,1,2.0,0,2.0,2011.0,1,999,3.0,1,40.0,0.0,38,52.0,17,0.0,400,1.0,1,2,3.0,0.0,2.0,5.0,2,4.0,1,41
0,501.0,125000.0,125000.0,30,125000.0,79,1.0,82,1.0,23.0,20,1.0,1.0,2,1,0,2.0,1,2.0,1000,3.0,0.0,3.0,2.0,1,2.0,0,3.0,2009.0,1,51,1.0,1,32.0,0.0,2,52.0,186,0.0,500,1.0,2,2,3.0,0.0,2.0,5.0,2,4.0,1,40
0,501.0,154500.0,150000.0,30,0.0,79,1.0,82,1.0,23.0,21,1.0,1.0,2,1,0,2.0,1,2.0,1000,3.0,0.0,3.0,2.0,1,2.0,0,3.0,2009.0,1,999,6.0,1,32.0,0.0,38,52.0,165,4500.0,500,1.0,1,2,3.0,0.0,2.0,5.0,2,4.0,1,42
0,501.0,80000.0,80000.0,07,80000.0,66,1.0,996,1.0,21.0,20,1.0,1.0,2,1,0,2.0,1,2.0,1000,3.0,0.0,3.0,2.0,1,2.0,0,3.0,2010.0,1,999,1.0,1,40.0,0.0,38,52.0,67,0.0,100,1.0,3,2,3.0,0.0,2.0,5.0,2,4.0,1,54
0,501.0,130000.0,130000.0,00,130000.0,68,1.0,32,1.0,21.0,21,1.0,1.0,2,1,0,2.0,1,2.0,1000,3.0,0.0,3.0,2.0,1,2.0,0,3.0,2010.0,1,999,1.0,1,40.0,0.0,38,52.0,105,0.0,100,1.0,1,2,3.0,0.0,2.0,5.0,2,4.0,1,53
0,501.0,30000.0,30000.0,42,30000.0,82,1.0,32,1.0,19.0,20,1.0,1.0,2,1,0,2.0,1,2.0,1000,3.0,0.0,3.0,2.0,1,2.0,0,3.0,1982.0,1,999,1.0,1,40.0,0.0,27,52.0,50,0.0,400,1.0,1,2,3.0,0.0,2.0,5.0,2,4.0,1,60
0,501.0,38100.0,38100.0,50,38100.0,80,1.0,122,1.0,21.0,20,1.0,1.0,2,1,0,2.0,1,2.0,1000,3.0,0.0,3.0,2.0,1,2.0,0,3.0,1989.0,1,3,2.0,1,28.0,0.0,38,50.0,56,0.0,100,1.0,2,2,3.0,0.0,2.0,5.0,2,4.0,1,59
0,501.0,98000.0,98000.0,00,78000.0,91,1.0,32,1.0,21.0,21,1.0,1.0,2,1,0,2.0,1,2.0,1000,3.0,0.0,3.0,2.0,1,2.0,0,3.0,1989.0,1,3,2.0,1,45.0,0.0,27,52.0,107,0.0,100,1.0,2,2,3.0,0.0,2.0,5.0,2,4.0,1,58
0,501.0,0.0,0.0,42,0.0,69,6.0,999,3.0,1.0,20,1.0,2.0,2,1,0,2.0,17,2.0,9000,2.0,0.0,2.0,2.0,9,2.0,1,2.0,2012.0,1,999,1.0,1,40.0,0.0,26,52.0,84,0.0,500,1.0,4,2,3.0,0.0,2.0,5.0,2,4.0,1,47
0,501.0,105000.0,105000.0,47,105000.0,49,1.0,999,1.0,1.0,21,1.0,1.0,2,1,0,2.0,17,2.0,9000,3.0,0.0,3.0,2.0,9,2.0,1,3.0,2012.0,1,999,1.0,1,40.0,0.0,6,52.0,126,0.0,500,1.0,4,2,3.0,0.0,2.0,5.0,2,4.0,1,50
0,501.0,80000.0,80000.0,62,80000.0,07,1.0,999,1.0,19.0,20,6.0,1.0,2,5,0,2.0,22,2.0,9000,3.0,0.0,3.0,2.0,9,2.0,0,3.0,1995.0,1,999,1.0,4,70.0,0.0,233,52.0,49,0.0,400,3.0,4,2,3.0,0.0,2.0,5.0,2,4.0,1,39
0,401.0,62000.0,62000.0,50,62000.0,69,1.0,999,1.0,20.0,22,6.0,1.0,2,5,0,2.0,1,2.0,1000,3.0,0.0,3.0,2.0,1,2.0,0,3.0,1995.0,1,999,1.0,1,40.0,0.0,31,52.0,45,0.0,400,1.0,4,2,3.0,0.0,2.0,5.0,2,4.0,1,35
0,250.0,39100.0,38000.0,50,38000.0,91,1.0,32,1.0,21.0,20,6.0,1.0,2,5,0,2.0,1,2.0,1000,3.0,0.0,3.0,2.0,1,2.0,0,3.0,1995.0,1,82,2.0,1,40.0,0.0,38,52.0,216,0.0,300,3.0,2,2,3.0,0.0,2.0,5.0,2,4.0,1,36
0,426.0,13200.0,0.0,23,0.0,78,6.0,82,2.0,21.0,20,1.0,2.0,1,1,0,2.0,1,2.0,1000,2.0,0.0,2.0,1.0,1,2.0,0,2.0,2002.0,1,32,1.0,1,40.0,13200.0,27,52.0,59,0.0,600,1.0,2,2,3.0,0.0,2.0,5.0,2,4.0,1,49
0,426.0,90000.0,90000.0,56,90000.0,30,1.0,22,1.0,18.0,21,1.0,1.0,1,1,0,2.0,1,2.0,1000,3.0,0.0,3.0,2.0,1,2.0,0,3.0,2002.0,1,88,1.0,1,40.0,0.0,17,52.0,75,0.0,600,1.0,2,2,3.0,0.0,2.0,5.0,1,4.0,1,53
0,58.0,9000.0,9000.0,58,9000.0,42,1.0,999,1.0,16.0,22,6.0,1.0,1,5,0,2.0,1,2.0,1000,3.0,0.0,3.0,1.0,1,2.0,0,3.0,1995.0,1,999,1.0,1,20.0,0.0,16,52.0,42,0.0,100,1.0,4,2,3.0,0.0,2.0,5.0,2,4.0,1,36
1,151.0,32500.0,32500.0,72,0.0,87,1.0,32,1.0,19.0,20,1.0,1.0,2,1,0,2.0,1,2.0,1000,3.0,0.0,3.0,2.0,1,2.0,0,3.0,1995.0,1,999,6.0,1,60.0,0.0,27,52.0,23,0.0,200,1.0,1,2,3.0,0.0,2.0,5.0,2,4.0,1,48
0,151.0,13500.0,13500.0,25,13500.0,78,1.0,999,1.0,21.0,21,1.0,1.0,2,1,2,2.0,1,2.0,1000,3.0,0.0,3.0,2.0,1,2.0,0,3.0,1995.0,1,999,1.0,1,25.0,0.0,27,40.0,20,0.0,200,1.0,4,2,3.0,0.0,2.0,5.0,2,4.0,1,47
0,11.0,1800.0,1800.0,48,1800.0,63,3.0,999,1.0,20.0,20,4.0,1.0,2,3,0,2.0,1,2.0,1000,3.0,0.0,3.0,2.0,1,2.0,0,3.0,2003.0,1,999,5.0,1,40.0,0.0,38,4.0,86,0.0,500,1.0,4,2,3.0,0.0,2.0,5.0,2,4.0,1,54
0,457.0,70000.0,70000.0,32,70000.0,94,1.0,32,1.0,20.0,20,4.0,1.0,2,3,0,2.0,1,2.0,1000,3.0,0.0,3.0,2.0,1,2.0,0,3.0,2020.0,1,148,4.0,1,40.0,0.0,38,52.0,16,0.0,400,1.0,2,2,3.0,0.0,2.0,5.0,2,4.0,1,60
0,324.0,38500.0,38500.0,40,38500.0,86,1.0,32,1.0,19.0,20,1.0,1.0,2,1,0,2.0,1,2.0,1000,3.0,0.0,3.0,2.0,1,2.0,0,3.0,2014.0,1,21,1.0,1,55.0,0.0,30,52.0,104,0.0,100,1.0,2,2,3.0,0.0,2.0,5.0,2,4.0,1,53
0,324.0,38500.0,38500.0,73,38500.0,86,1.0,82,1.0,14.0,21,1.0,1.0,2,1,0,2.0,17,2.0,9000,3.0,0.0,3.0,2.0,9,2.0,1,3.0,2014.0,1,935,1.0,1,40.0,0.0,38,52.0,159,0.0,100,1.0,2,2,3.0,0.0,2.0,5.0,2,4.0,1,50
0,324.0,0.0,0.0,47,0.0,49,6.0,21,2.0,13.0,28,6.0,2.0,2,5,0,2.0,17,2.0,9000,2.0,0.0,2.0,2.0,9,2.0,1,2.0,1995.0,1,935,1.0,1,40.0,0.0,38,52.0,552,0.0,100,3.0,2,2,3.0,0.0,2.0,5.0,2,4.0,1,45
0,501.0,130000.0,130000.0,08,130000.0,69,1.0,750,1.0,23.0,20,4.0,1.0,2,3,0,2.0,8,2.0,4003,2.0,0.0,2.0,2.0,6,2.0,0,2.0,2010.0,0,999,1.0,4,40.0,0.0,217,52.0,138,0.0,600,1.0,1,2,2.0,0.0,2.0,5.0,2,4.0,1,37
0,159.0,25000.0,25000.0,25,25000.0,78,6.0,82,1.0,17.0,22,4.0,2.0,2,3,0,2.0,1,2.0,1000,2.0,0.0,2.0,2.0,1,2.0,0,2.0,2010.0,1,999,3.0,1,35.0,0.0,38,20.0,191,0.0,600,1.0,1,2,2.0,0.0,2.0,5.0,2,4.0,1,34
0,501.0,25020.0,0.0,42,0.0,69,6.0,999,3.0,19.0,20,1.0,1.0,2,1,2,2.0,1,2.0,1000,3.0,0.0,3.0,2.0,1,2.0,0,3.0,1982.0,1,999,1.0,1,40.0,18000.0,38,52.0,127,20.0,400,1.0,4,2,3.0,0.0,2.0,5.0,2,4.0,1,59
0,501.0,71000.0,71000.0,62,71000.0,07,1.0,999,1.0,21.0,21,1.0,1.0,2,1,2,2.0,1,2.0,1000,3.0,0.0,3.0,2.0,1,2.0,0,3.0,1982.0,1,999,3.0,1,40.0,0.0,38,52.0,104,0.0,400,1.0,4,2,3.0,0.0,2.0,5.0,2,4.0,1,60
0,501.0,26000.0,26000.0,96,26000.0,49,1.0,999,1.0,21.0,25,6.0,1.0,2,5,2,2.0,1,2.0,1000,3.0,0.0,3.0,2.0,1,2.0,0,3.0,1995.0,1,999,1.0,1,40.0,0.0,38,52.0,2,0.0,400,1.0,4,2,3.0,0.0,2.0,5.0,2,4.0,1,30
0,195.0,30000.0,30000.0,44,30000.0,82,1.0,82,1.0,16.0,20,4.0,1.0,2,3,0,2.0,1,2.0,1000,3.0,0.0,3.0,2.0,1,2.0,0,3.0,1994.0,1,999,2.0,1,40.0,0.0,38,52.0,175,0.0,500,1.0,1,2,3.0,0.0,2.0,5.0,2,4.0,1,57
0,387.0,60000.0,48000.0,57,48000.0,95,1.0,32,1.0,20.0,20,4.0,1.0,2,3,0,2.0,1,2.0,1000,3.0,0.0,3.0,2.0,1,2.0,0,3.0,1991.0,1,999,5.0,1,40.0,0.0,38,52.0,151,0.0,300,1.0,1,2,3.0,0.0,2.0,5.0,2,3.0,1,60
0,501.0,40000.0,40000.0,15,40000.0,07,1.0,996,1.0,20.0,20,1.0,1.0,2,1,2,2.0,1,2.0,1000,3.0,0.0,3.0,2.0,1,2.0,0,3.0,2020.0,1,999,1.0,1,40.0,0.0,38,52.0,50,0.0,300,1.0,3,2,3.0,0.0,2.0,5.0,2,4.0,1,24
0,501.0,60000.0,60000.0,72,60000.0,87,1.0,924,1.0,20.0,21,1.0,1.0,1,1,2,1.0,1,1.0,1000,3.0,0.0,3.0,2.0,1,2.0,0,3.0,2020.0,1,999,1.0,1,60.0,0.0,38,52.0,102,0.0,300,1.0,1,2,3.0,0.0,2.0,5.0,1,4.0,1,23
0,501.0,65000.0,65000.0,01,65000.0,69,1.0,82,1.0,18.0,20,1.0,1.0,2,1,2,2.0,1,2.0,1000,3.0,0.0,3.0,2.0,1,2.0,0,3.0,2014.0,1,32,1.0,1,42.0,0.0,38,52.0,168,0.0,200,1.0,2,2,3.0,0.0,2.0,5.0,2,4.0,1,35
0,501.0,98000.0,98000.0,11,98000.0,60,1.0,87,1.0,19.0,21,1.0,1.0,2,1,2,2.0,1,2.0,1000,3.0,0.0,3.0,2.0,1,2.0,0,3.0,2014.0,1,999,1.0,1,42.0,0.0,6,52.0,157,0.0,200,1.0,1,2,3.0,0.0,2.0,5.0,2,4.0,1,50
0,295.0,45000.0,45000.0,92,45000.0,60,1.0,419,1.0,19.0,20,6.0,1.0,2,5,2,2.0,1,2.0,1000,3.0,0.0,3.0,2.0,1,2.0,0,3.0,1995.0,1,999,1.0,1,40.0,0.0,6,52.0,125,0.0,200,1.0,1,2,3.0,0.0,2.0,5.0,2,2.0,1,26
0,131.0,20000.0,20000.0,59,20000.0,63,1.0,82,1.0,16.0,22,6.0,1.0,2,5,2,2.0,1,2.0,1000,3.0,0.0,3.0,2.0,1,2.0,0,3.0,1995.0,1,999,1.0,1,40.0,0.0,38,52.0,146,0.0,200,1.0,1,2,3.0,0.0,2.0,5.0,2,4.0,1,21
0,501.0,102120.0,0.0,53,0.0,95,6.0,82,2.0,18.0,20,3.0,2.0,2,2,0,2.0,1,2.0,1000,2.0,0.0,2.0,2.0,1,2.0,0,2.0,1977.0,1,999,5.0,1,40.0,8300.0,27,52.0,73,220.0,400,1.0,1,2,3.0,0.0,2.0,5.0,2,4.0,1,63
0,492.0,75000.0,75000.0,48,75000.0,01,1.0,999,1.0,20.0,22,4.0,1.0,2,3,0,2.0,1,2.0,1000,3.0,0.0,3.0,2.0,1,2.0,0,3.0,2002.0,1,999,1.0,1,50.0,0.0,38,52.0,61,0.0,400,1.0,4,2,3.0,0.0,2.0,5.0,2,4.0,1,61
0,501.0,65000.0,65000.0,51,65000.0,42,1.0,999,1.0,19.0,20,1.0,1.0,2,1,0,2.0,1,2.0,1000,3.0,0.0,3.0,2.0,1,2.0,0,3.0,2003.0,1,999,1.0,1,40.0,0.0,27,52.0,30,0.0,600,1.0,4,2,3.0,0.0,2.0,5.0,2,4.0,1,45
0,431.0,26000.0,26000.0,60,26000.0,01,1.0,999,1.0,19.0,20,1.0,1.0,2,1,2,2.0,1,2.0,1000,2.0,0.0,3.0,2.0,1,2.0,0,3.0,1981.0,1,999,1.0,1,20.0,0.0,38,52.0,99,0.0,600,1.0,4,2,3.0,0.0,2.0,5.0,2,2.0,1,63
0,431.0,59000.0,59000.0,57,59000.0,78,1.0,999,1.0,19.0,21,1.0,1.0,2,1,0,2.0,1,2.0,1000,3.0,0.0,3.0,2.0,1,2.0,0,3.0,1981.0,1,999,3.0,1,40.0,0.0,38,52.0,106,0.0,600,1.0,4,2,3.0,0.0,2.0,5.0,2,4.0,1,60
0,501.0,88000.0,88000.0,07,88000.0,95,1.0,32,1.0,22.0,20,1.0,1.0,2,1,0,2.0,1,2.0,1000,3.0,0.0,3.0,2.0,1,2.0,0,3.0,2021.0,1,999,5.0,1,40.0,0.0,12,52.0,792,0.0,200,3.0,1,2,3.0,0.0,2.0,5.0,2,4.0,1,29
0,501.0,30000.0,30000.0,04,30000.0,90,1.0,32,1.0,19.0,21,1.0,1.0,2,1,0,2.0,1,2.0,1000,3.0,0.0,3.0,2.0,1,2.0,0,3.0,2021.0,1,999,7.0,1,60.0,0.0,53,52.0,764,0.0,200,3.0,1,2,3.0,0.0,2.0,5.0,2,4.0,1,28
0,485.0,140000.0,140000.0,14,140000.0,35,1.0,32,1.0,19.0,20,1.0,1.0,2,1,0,2.0,1,2.0,1000,3.0,0.0,3.0,2.0,1,2.0,0,3.0,1996.0,1,999,1.0,1,45.0,0.0,38,52.0,17,0.0,600,1.0,1,2,3.0,0.0,2.0,5.0,2,4.0,1,52
0,485.0,55000.0,55000.0,47,55000.0,42,1.0,999,1.0,20.0,21,1.0,1.0,1,1,0,2.0,1,2.0,1000,3.0,0.0,3.0,2.0,1,2.0,0,3.0,1996.0,1,999,1.0,1,40.0,0.0,38,52.0,15,0.0,600,1.0,4,1,3.0,0.0,2.0,5.0,1,4.0,1,47
0,317.0,50000.0,50000.0,73,50000.0,01,1.0,999,1.0,14.0,20,6.0,1.0,2,5,0,2.0,1,2.0,1000,3.0,0.0,3.0,2.0,1,2.0,0,3.0,1995.0,1,999,2.0,1,45.0,0.0,38,52.0,69,0.0,200,1.0,4,2,3.0,0.0,2.0,5.0,2,4.0,1,34
0,281.0,42800.0,40000.0,54,40000.0,94,1.0,89,1.0,16.0,20,6.0,1.0,2,5,0,2.0,17,2.0,9000,3.0,0.0,3.0,2.0,9,2.0,1,3.0,1995.0,1,917,4.0,1,40.0,0.0,27,52.0,129,0.0,600,3.0,2,2,3.0,0.0,2.0,5.0,2,4.0,1,27
0,44.0,7000.0,7000.0,57,7000.0,01,1.0,999,1.0,21.0,22,4.0,1.0,1,3,1,2.0,1,2.0,1000,2.0,0.0,2.0,1.0,1,2.0,0,2.0,1999.0,1,999,8.0,1,45.0,0.0,38,52.0,32,0.0,100,1.0,4,2,3.0,0.0,2.0,5.0,2,4.0,1,64
0,501.0,10000.0,10000.0,47,10000.0,54,1.0,22,1.0,19.0,21,1.0,1.0,2,1,0,2.0,1,2.0,1000,3.0,0.0,3.0,2.0,1,2.0,0,3.0,1990.0,1,32,2.0,1,12.0,0.0,49,52.0,130,0.0,600,1.0,2,2,3.0,0.0,2.0,5.0,2,4.0,1,53
0,165.0,8000.0,8000.0,47,8000.0,85,1.0,939,1.0,17.0,20,1.0,1.0,2,1,0,2.0,17,2.0,9000,3.0,0.0,3.0,2.0,9,2.0,1,3.0,2019.0,1,999,1.0,1,20.0,0.0,38,52.0,262,0.0,200,1.0,1,2,3.0,0.0,2.0,5.0,2,4.0,1,37
0,165.0,43000.0,43000.0,39,43000.0,76,1.0,917,1.0,18.0,21,1.0,1.0,2,1,0,2.0,17,2.0,9000,3.0,0.0,3.0,2.0,9,2.0,1,3.0,2019.0,1,87,1.0,1,40.0,0.0,38,52.0,284,0.0,200,1.0,2,2,3.0,0.0,2.0,5.0,2,4.0,1,35
0,480.0,98000.0,98000.0,31,98000.0,80,1.0,98,1.0,22.0,20,1.0,1.0,2,1,0,2.0,1,2.0,1000,3.0,0.0,3.0,2.0,1,2.0,0,3.0,2003.0,1,218,1.0,3,32.0,0.0,303,52.0,90,0.0,600,1.0,2,2,3.0,0.0,2.0,5.0,2,4.0,1,43
0,480.0,90000.0,90000.0,37,90000.0,94,1.0,50,1.0,21.0,21,1.0,1.0,2,1,0,2.0,1,2.0,1000,3.0,0.0,3.0,2.0,1,2.0,0,3.0,2003.0,1,98,3.0,1,40.0,0.0,38,52.0,96,0.0,600,1.0,2,2,3.0,0.0,2.0,5.0,2,4.0,1,44
0,501.0,61000.0,61000.0,58,61000.0,69,1.0,22,1.0,18.0,20,1.0,1.0,2,1,0,2.0,1,2.0,1000,3.0,0.0,3.0,2.0,1,2.0,0,3.0,2008.0,1,82,1.0,1,40.0,0.0,27,52.0,20,0.0,500,1.0,2,2,3.0,0.0,2.0,5.0,2,4.0,1,50
0,501.0,81000.0,81000.0,87,81000.0,72,1.0,82,1.0,16.0,21,1.0,1.0,2,1,0,2.0,1,2.0,1000,3.0,0.0,3.0,2.0,1,2.0,0,3.0,2008.0,1,22,1.0,1,40.0,0.0,27,52.0,46,0.0,500,1.0,2,2,3.0,0.0,2.0,5.0,2,4.0,1,49
0,466.0,42000.0,42000.0,32,42000.0,80,1.0,82,1.0,20.0,20,1.0,1.0,2,1,0,2.0,1,2.0,1000,3.0,0.0,3.0,2.0,1,2.0,0,3.0,2006.0,1,50,5.0,1,42.0,0.0,38,52.0,209,0.0,100,1.0,2,2,3.0,0.0,2.0,5.0,2,4.0,1,43
0,466.0,100000.0,100000.0,00,100000.0,61,1.0,32,1.0,16.0,21,1.0,1.0,2,1,0,2.0,1,2.0,1000,3.0,0.0,3.0,2.0,1,2.0,0,3.0,2006.0,1,82,1.0,1,50.0,0.0,30,52.0,170,0.0,100,1.0,2,2,3.0,0.0,2.0,5.0,2,4.0,1,44
0,322.0,39000.0,39000.0,51,39000.0,72,1.0,148,1.0,20.0,20,1.0,1.0,1,1,0,2.0,1,2.0,1000,3.0,0.0,3.0,2.0,1,2.0,0,3.0,1981.0,1,88,7.0,1,30.0,0.0,17,52.0,59,0.0,500,1.0,2,1,3.0,0.0,2.0,5.0,2,4.0,1,65
0,292.0,45000.0,45000.0,77,45000.0,22,1.0,32,1.0,18.0,20,6.0,1.0,2,5,0,2.0,1,2.0,1000,3.0,0.0,3.0,2.0,1,2.0,0,3.0,1995.0,1,999,1.0,1,43.0,0.0,38,52.0,160,0.0,600,1.0,1,2,3.0,0.0,2.0,5.0,2,4.0,1,48
0,501.0,75000.0,75000.0,91,75000.0,01,1.0,32,1.0,16.0,20,1.0,1.0,2,1,2,2.0,29,2.0,9000,3.0,0.0,3.0,2.0,9,2.0,0,3.0,2004.0,1,21,1.0,1,70.0,0.0,38,52.0,16,0.0,400,1.0,2,2,3.0,0.0,2.0,5.0,2,4.0,1,55
0,501.0,109200.0,108000.0,36,108000.0,83,1.0,32,1.0,21.0,21,1.0,1.0,2,1,2,2.0,1,2.0,1000,3.0,0.0,3.0,2.0,1,2.0,0,3.0,2004.0,1,89,2.0,1,99.0,0.0,38,52.0,15,0.0,400,1.0,2,2,3.0,0.0,2.0,5.0,2,4.0,1,52
0,25.0,4000.0,4000.0,02,0.0,01,1.0,82,1.0,21.0,20,6.0,1.0,2,5,2,2.0,1,2.0,1000,3.0,0.0,3.0,2.0,1,2.0,0,3.0,1995.0,1,999,6.0,1,40.0,0.0,38,52.0,57,0.0,500,1.0,1,2,3.0,0.0,2.0,5.0,2,4.0,1,46
0,501.0,140000.0,140000.0,02,0.0,01,1.0,999,1.0,18.0,20,1.0,1.0,2,1,0,2.0,1,2.0,1000,3.0,0.0,3.0,2.0,1,2.0,0,3.0,2014.0,1,999,6.0,1,40.0,0.0,38,52.0,31,0.0,200,1.0,4,2,3.0,0.0,2.0,5.0,2,2.0,1,53
0,501.0,20900.0,20900.0,46,20900.0,78,6.0,32,1.0,19.0,21,1.0,2.0,2,1,0,2.0,1,2.0,1000,2.0,0.0,2.0,2.0,1,2.0,0,2.0,2014.0,1,999,3.0,1,40.0,0.0,38,52.0,37,0.0,200,1.0,1,2,3.0,0.0,2.0,5.0,2,4.0,1,53
0,352.0,55000.0,55000.0,82,55000.0,23,1.0,999,1.0,19.0,20,6.0,1.0,2,5,0,2.0,2,2.0,3000,3.0,0.0,3.0,2.0,2,2.0,0,3.0,1995.0,0,999,1.0,6,40.0,0.0,417,52.0,190,0.0,600,1.0,4,2,3.0,0.0,2.0,5.0,2,4.0,1,40
0,92.0,14300.0,14300.0,01,14300.0,48,1.0,32,1.0,21.0,20,6.0,1.0,2,5,0,2.0,1,2.0,1000,3.0,0.0,3.0,2.0,1,2.0,0,3.0,1995.0,1,999,1.0,1,15.0,0.0,38,52.0,237,0.0,400,3.0,1,2,3.0,0.0,2.0,5.0,2,3.0,1,25
0,467.0,73000.0,70000.0,96,15000.0,44,1.0,999,1.0,19.0,20,6.0,1.0,2,5,2,2.0,1,2.0,1000,3.0,0.0,3.0,2.0,1,2.0,0,3.0,1995.0,1,999,2.0,1,20.0,0.0,27,52.0,134,3000.0,400,1.0,4,2,3.0,0.0,2.0,5.0,2,4.0,1,60
0,128.0,20000.0,20000.0,72,20000.0,96,4.0,290,1.0,16.0,20,6.0,1.0,2,5,2,2.0,1,2.0,1000,2.0,0.0,2.0,2.0,1,2.0,0,2.0,1995.0,1,999,5.0,1,12.0,0.0,48,52.0,76,0.0,200,3.0,1,2,3.0,0.0,2.0,5.0,2,1.0,2,21
0,224.0,35000.0,35000.0,73,35000.0,96,4.0,32,1.0,18.0,34,6.0,1.0,2,5,0,2.0,1,2.0,1000,3.0,0.0,3.0,2.0,1,2.0,0,3.0,1995.0,1,999,5.0,1,45.0,0.0,5,52.0,39,0.0,200,3.0,1,2,3.0,0.0,2.0,5.0,2,1.0,1,21
1,11.0,1800.0,1800.0,48,1800.0,63,3.0,22,1.0,20.0,20,4.0,2.0,1,3,0,2.0,1,1.0,1000,1.0,0.0,1.0,2.0,1,2.0,0,3.0,2003.0,1,32,5.0,1,40.0,0.0,38,4.0,48,0.0,500,1.0,2,2,2.0,0.0,2.0,1.0,2,4.0,1,50
0,260.0,40000.0,40000.0,62,40000.0,07,1.0,999,1.0,19.0,22,4.0,1.0,2,3,0,2.0,17,2.0,9000,3.0,0.0,3.0,2.0,9,2.0,1,3.0,1988.0,1,999,1.0,1,10.0,0.0,38,52.0,99,0.0,500,2.0,4,2,3.0,0.0,2.0,5.0,2,4.0,1,50
0,64.0,10000.0,10000.0,40,10000.0,86,1.0,999,1.0,21.0,20,6.0,1.0,2,5,2,2.0,1,2.0,1000,3.0,0.0,3.0,2.0,1,2.0,0,3.0,1995.0,1,999,1.0,1,36.0,0.0,24,26.0,472,0.0,500,3.0,4,2,3.0,0.0,2.0,5.0,2,4.0,1,23
0,339.0,33600.0,33600.0,05,33600.0,78,1.0,22,1.0,20.0,21,1.0,1.0,2,1,0,2.0,1,2.0,1000,3.0,0.0,3.0,2.0,1,2.0,0,3.0,1992.0,1,32,3.0,1,40.0,0.0,27,52.0,32,0.0,600,1.0,2,2,3.0,0.0,2.0,5.0,2,2.0,1,61
0,473.0,64000.0,60000.0,20,60000.0,94,1.0,32,1.0,21.0,20,3.0,1.0,2,2,0,2.0,1,2.0,1000,3.0,0.0,3.0,2.0,1,2.0,0,3.0,1992.0,1,999,3.0,1,40.0,0.0,38,52.0,135,0.0,300,3.0,1,2,3.0,0.0,2.0,5.0,2,4.0,1,55
0,473.0,30000.0,30000.0,96,30000.0,87,1.0,32,1.0,17.0,25,6.0,1.0,2,5,0,2.0,1,2.0,1000,3.0,0.0,3.0,2.0,1,2.0,0,3.0,1995.0,1,999,1.0,1,30.0,0.0,38,52.0,157,0.0,300,3.0,1,2,3.0,0.0,2.0,5.0,2,4.0,1,28
0,501.0,90000.0,0.0,63,0.0,07,6.0,32,2.0,16.0,20,1.0,2.0,2,1,0,2.0,1,2.0,1000,2.0,0.0,2.0,2.0,1,2.0,0,2.0,1991.0,1,999,1.0,1,40.0,25000.0,38,52.0,35,0.0,200,1.0,1,2,3.0,0.0,2.0,5.0,2,4.0,1,64
0,501.0,53000.0,8000.0,23,8000.0,78,1.0,32,1.0,21.0,21,1.0,1.0,1,1,0,2.0,1,2.0,1000,3.0,0.0,3.0,2.0,1,2.0,0,3.0,1991.0,1,82,1.0,1,8.0,0.0,38,20.0,35,0.0,200,1.0,2,1,3.0,0.0,2.0,5.0,2,4.0,1,60
0,501.0,140100.0,140000.0,06,140000.0,53,1.0,32,1.0,21.0,20,1.0,1.0,2,1,0,2.0,1,2.0,1000,3.0,0.0,3.0,2.0,1,2.0,0,3.0,2007.0,1,111,1.0,1,40.0,0.0,38,52.0,74,100.0,500,1.0,2,2,3.0,0.0,2.0,5.0,2,4.0,1,40
0,501.0,136000.0,136000.0,06,136000.0,07,1.0,32,1.0,21.0,21,1.0,1.0,2,1,0,2.0,1,2.0,1000,3.0,0.0,3.0,2.0,1,2.0,0,3.0,2007.0,1,142,1.0,1,50.0,0.0,27,52.0,63,0.0,500,1.0,2,2,3.0,0.0,2.0,5.0,2,4.0,1,40
0,323.0,30000.0,30000.0,02,0.0,01,1.0,32,1.0,19.0,20,1.0,1.0,2,1,0,2.0,1,2.0,1000,3.0,0.0,3.0,2.0,1,2.0,0,3.0,2021.0,1,50,6.0,1,70.0,0.0,38,52.0,39,0.0,100,3.0,2,2,3.0,0.0,2.0,5.0,2,4.0,1,27
0,323.0,48000.0,48000.0,19,48000.0,95,1.0,22,1.0,21.0,21,1.0,1.0,2,1,0,2.0,1,2.0,1000,3.0,0.0,3.0,2.0,1,2.0,0,3.0,2021.0,1,32,5.0,1,40.0,0.0,27,52.0,50,0.0,100,3.0,2,2,3.0,0.0,2.0,5.0,2,4.0,1,28
0,419.0,75000.0,75000.0,63,75000.0,34,1.0,32,1.0,20.0,20,1.0,1.0,2,1,0,2.0,1,2.0,1000,3.0,0.0,3.0,2.0,1,2.0,0,3.0,2018.0,1,999,1.0,1,50.0,0.0,38,52.0,98,0.0,100,1.0,1,2,3.0,0.0,2.0,5.0,2,4.0,1,30
0,419.0,50000.0,50000.0,33,50000.0,79,1.0,32,1.0,20.0,21,1.0,1.0,2,1,0,2.0,1,2.0,1000,3.0,0.0,3.0,2.0,1,2.0,0,3.0,2018.0,1,148,1.0,1,35.0,0.0,38,30.0,149,0.0,100,1.0,2,2,3.0,0.0,2.0,5.0,2,4.0,1,35
0,207.0,23700.0,21800.0,25,21800.0,78,1.0,996,1.0,19.0,20,1.0,1.0,2,1,0,2.0,15,2.0,8000,3.0,0.0,3.0,2.0,8,2.0,0,3.0,2016.0,0,999,3.0,1,30.0,0.0,53,39.0,193,0.0,100,1.0,3,2,3.0,1900.0,2.0,5.0,2,4.0,1,34
0,207.0,60000.0,60000.0,79,60000.0,28,2.0,999,1.0,16.0,21,1.0,1.0,2,1,0,2.0,15,2.0,8000,3.0,0.0,3.0,2.0,8,2.0,0,3.0,2016.0,0,999,1.0,3,60.0,0.0,314,52.0,136,0.0,100,1.0,4,2,3.0,0.0,2.0,5.0,2,4.0,8,27
0,501.0,120000.0,120000.0,62,120000.0,03,1.0,82,1.0,16.0,25,6.0,1.0,2,5,0,2.0,1,2.0,1000,3.0,0.0,3.0,2.0,1,2.0,0,3.0,1995.0,1,89,1.0,1,40.0,0.0,38,52.0,6,0.0,200,1.0,2,2,3.0,0.0,2.0,5.0,2,4.0,1,43
0,219.0,41000.0,41000.0,48,41000.0,40,1.0,32,1.0,20.0,20,1.0,1.0,2,1,0,2.0,1,2.0,1000,3.0,0.0,3.0,2.0,1,2.0,0,3.0,2014.0,1,999,1.0,1,42.0,0.0,38,52.0,142,0.0,200,3.0,1,2,3.0,0.0,2.0,5.0,2,4.0,1,59
0,219.0,2000.0,2000.0,27,2000.0,91,6.0,32,1.0,16.0,21,1.0,2.0,2,1,2,2.0,1,2.0,1000,2.0,0.0,2.0,2.0,1,2.0,0,2.0,2014.0,1,999,2.0,1,3.0,0.0,6,26.0,211,0.0,200,3.0,1,2,3.0,0.0,2.0,5.0,2,4.0,1,62
1,0.0,0.0,0.0,42,0.0,69,6.0,995,3.0,22.0,20,6.0,2.0,2,5,0,2.0,30,2.0,9000,2.0,0.0,2.0,2.0,9,2.0,1,2.0,1995.0,0,999,1.0,1,40.0,0.0,51,52.0,42,0.0,100,1.0,3,2,3.0,0.0,2.0,5.0,2,4.0,2,51
0,501.0,150000.0,150000.0,49,150000.0,70,1.0,82,1.0,21.0,20,1.0,1.0,2,1,2,2.0,1,2.0,1000,3.0,0.0,3.0,2.0,1,2.0,0,3.0,1992.0,1,999,7.0,1,50.0,0.0,38,52.0,42,0.0,600,1.0,1,2,3.0,0.0,2.0,5.0,2,4.0,1,58
0,501.0,0.0,0.0,42,0.0,69,6.0,32,3.0,16.0,21,1.0,2.0,2,1,2,2.0,1,2.0,1000,2.0,0.0,2.0,2.0,1,2.0,0,2.0,1992.0,1,999,1.0,1,40.0,0.0,27,52.0,46,0.0,600,1.0,1,2,3.0,0.0,2.0,5.0,2,4.0,1,60
0,501.0,105000.0,105000.0,69,100000.0,04,1.0,98,1.0,20.0,20,1.0,1.0,2,1,0,2.0,1,2.0,1000,3.0,0.0,3.0,2.0,1,2.0,0,3.0,1987.0,1,999,1.0,1,41.0,0.0,38,52.0,218,0.0,200,1.0,1,2,3.0,0.0,2.0,5.0,2,4.0,1,60
0,501.0,0.0,0.0,42,0.0,69,6.0,98,3.0,21.0,21,1.0,2.0,2,1,0,2.0,1,2.0,1000,2.0,0.0,2.0,2.0,1,2.0,0,2.0,1987.0,1,999,1.0,1,40.0,0.0,38,52.0,329,0.0,200,1.0,1,2,3.0,0.0,2.0,5.0,2,4.0,1,57
1,204.0,0.0,0.0,42,0.0,69,6.0,32,3.0,16.0,20,1.0,2.0,2,1,0,2.0,1,2.0,1000,2.0,0.0,2.0,2.0,1,2.0,0,2.0,1985.0,1,999,1.0,1,40.0,0.0,27,52.0,16,0.0,100,1.0,1,2,3.0,0.0,2.0,5.0,2,4.0,1,61
1,204.0,41500.0,40000.0,48,0.0,61,1.0,32,1.0,16.0,21,1.0,1.0,2,1,0,2.0,1,2.0,1000,3.0,0.0,3.0,2.0,1,2.0,0,3.0,1985.0,1,999,6.0,1,30.0,0.0,27,15.0,22,1500.0,100,1.0,1,2,3.0,0.0,2.0,5.0,2,4.0,1,62
0,184.0,10000.0,10000.0,46,0.0,92,1.0,32,1.0,16.0,20,1.0,1.0,2,1,0,2.0,1,2.0,1000,3.0,0.0,3.0,2.0,1,2.0,0,3.0,1995.0,1,999,6.0,1,45.0,0.0,38,52.0,23,0.0,400,1.0,1,2,3.0,0.0,2.0,5.0,2,4.0,1,54
0,184.0,35000.0,35000.0,42,35000.0,78,1.0,32,1.0,16.0,21,1.0,1.0,2,1,0,2.0,1,2.0,1000,3.0,0.0,3.0,2.0,1,2.0,0,3.0,1995.0,1,89,4.0,1,45.0,0.0,38,52.0,25,0.0,400,1.0,2,2,3.0,0.0,2.0,5.0,2,4.0,1,57
1,98.0,15470.0,8000.0,96,8000.0,44,6.0,89,1.0,17.0,20,4.0,2.0,2,3,0,2.0,1,2.0,1000,2.0,6900.0,2.0,2.0,1,2.0,0,2.0,1994.0,1,82,1.0,1,65.0,570.0,55,7.0,9,0.0,200,1.0,2,2,3.0,0.0,2.0,5.0,2,4.0,1,62
0,394.0,62000.0,62000.0,89,62000.0,63,1.0,82,1.0,21.0,20,4.0,1.0,2,3,0,2.0,1,2.0,1000,3.0,0.0,3.0,2.0,1,2.0,0,3.0,2008.0,1,32,5.0,1,40.0,0.0,38,52.0,403,0.0,600,1.0,2,2,3.0,0.0,2.0,5.0,2,4.0,1,48
0,299.0,46200.0,46200.0,47,46200.0,53,1.0,22,1.0,21.0,20,6.0,1.0,2,5,0,2.0,1,2.0,1000,3.0,0.0,3.0,2.0,1,2.0,0,3.0,1995.0,1,94,1.0,1,40.0,0.0,38,52.0,385,0.0,300,1.0,2,2,3.0,0.0,2.0,5.0,2,4.0,1,34
0,501.0,100000.0,100000.0,06,100000.0,87,1.0,82,1.0,21.0,20,1.0,1.0,2,1,0,2.0,1,2.0,1000,3.0,0.0,3.0,2.0,1,2.0,0,3.0,2013.0,1,999,1.0,1,45.0,0.0,27,52.0,161,0.0,600,1.0,1,2,3.0,0.0,2.0,5.0,2,4.0,1,42
0,501.0,55000.0,55000.0,47,55000.0,42,1.0,32,1.0,20.0,21,1.0,1.0,2,1,0,2.0,1,2.0,1000,3.0,0.0,3.0,2.0,1,2.0,0,3.0,2013.0,1,999,1.0,1,40.0,0.0,38,52.0,111,0.0,600,1.0,1,2,3.0,0.0,2.0,5.0,2,4.0,1,45
0,176.0,27140.0,0.0,42,0.0,69,6.0,26,3.0,19.0,20,4.0,2.0,1,3,0,1.0,21,2.0,9000,2.0,0.0,2.0,2.0,9,2.0,0,2.0,1995.0,1,32,1.0,1,40.0,0.0,6,52.0,130,440.0,500,1.0,2,2,3.0,0.0,2.0,5.0,2,2.0,1,64
0,106.0,35000.0,35000.0,62,35000.0,07,1.0,999,1.0,16.0,20,1.0,1.0,2,1,0,2.0,1,2.0,1000,3.0,0.0,3.0,2.0,1,2.0,0,3.0,2010.0,1,999,1.0,1,40.0,0.0,38,52.0,16,0.0,100,1.0,4,2,3.0,0.0,2.0,5.0,2,4.0,1,38
0,501.0,130000.0,130000.0,47,130000.0,46,1.0,999,1.0,21.0,20,1.0,1.0,2,1,0,2.0,1,2.0,1000,3.0,0.0,3.0,2.0,1,2.0,0,3.0,2023.0,1,999,1.0,1,60.0,0.0,27,52.0,88,0.0,400,3.0,4,2,3.0,0.0,1.0,5.0,2,4.0,1,28
0,501.0,42000.0,42000.0,24,42000.0,67,1.0,999,1.0,21.0,21,1.0,1.0,2,1,0,2.0,1,2.0,1000,3.0,0.0,3.0,2.0,1,2.0,0,3.0,2023.0,1,999,3.0,1,45.0,0.0,38,48.0,73,0.0,400,3.0,4,2,3.0,0.0,1.0,5.0,2,4.0,1,24
0,187.0,2000.0,2000.0,32,2000.0,81,1.0,553,1.0,21.0,20,1.0,1.0,2,1,2,2.0,2,2.0,3000,3.0,0.0,3.0,2.0,2,2.0,0,3.0,2016.0,0,999,1.0,6,16.0,0.0,440,44.0,62,0.0,600,1.0,1,2,3.0,0.0,2.0,5.0,2,4.0,1,38
0,187.0,35000.0,35000.0,36,35000.0,94,1.0,553,1.0,20.0,21,1.0,1.0,2,1,2,2.0,2,2.0,3000,3.0,0.0,3.0,2.0,2,2.0,0,3.0,2016.0,0,999,4.0,6,30.0,0.0,440,30.0,57,0.0,600,1.0,1,2,3.0,0.0,2.0,5.0,2,4.0,1,35
0,356.0,24000.0,0.0,09,0.0,68,6.0,32,2.0,20.0,21,1.0,2.0,2,1,0,2.0,1,2.0,1000,2.0,0.0,2.0,2.0,1,2.0,0,2.0,1985.0,1,148,5.0,1,40.0,0.0,38,52.0,15,0.0,100,1.0,2,2,3.0,0.0,2.0,5.0,2,4.0,1,59
0,501.0,22000.0,22000.0,02,12000.0,01,1.0,82,1.0,20.0,21,1.0,1.0,2,1,0,2.0,1,2.0,1000,3.0,0.0,3.0,2.0,1,2.0,0,3.0,1994.0,1,22,6.0,1,45.0,0.0,38,52.0,78,0.0,100,1.0,2,2,3.0,0.0,2.0,5.0,2,4.0,1,55
0,501.0,134900.0,18900.0,02,18900.0,01,1.0,999,1.0,21.0,25,4.0,1.0,2,3,0,2.0,1,2.0,1000,2.0,0.0,2.0,2.0,1,2.0,0,2.0,1998.0,1,999,1.0,1,36.0,30000.0,27,52.0,21,10000.0,500,1.0,4,2,3.0,0.0,2.0,5.0,2,4.0,1,65
0,501.0,95000.0,95000.0,91,95000.0,61,1.0,32,1.0,16.0,20,1.0,1.0,2,1,0,2.0,1,2.0,1000,3.0,0.0,3.0,2.0,1,2.0,0,3.0,2015.0,1,999,3.0,1,40.0,0.0,27,52.0,41,0.0,500,1.0,1,2,3.0,0.0,2.0,5.0,2,4.0,1,60
0,501.0,41900.0,41900.0,91,41900.0,61,1.0,22,1.0,19.0,21,1.0,1.0,2,1,0,2.0,1,2.0,1000,3.0,0.0,3.0,2.0,1,2.0,0,3.0,2015.0,1,999,3.0,1,35.0,0.0,27,52.0,44,0.0,500,1.0,1,2,3.0,0.0,2.0,5.0,2,4.0,1,61
0,437.0,76000.0,65000.0,98,65000.0,96,4.0,290,1.0,20.0,20,1.0,1.0,2,1,0,2.0,1,2.0,1000,3.0,0.0,3.0,2.0,1,2.0,0,3.0,2021.0,1,999,5.0,1,45.0,0.0,12,52.0,238,0.0,200,3.0,1,2,3.0,0.0,2.0,5.0,2,1.0,4,31
0,437.0,10500.0,10500.0,36,10500.0,81,1.0,706,1.0,18.0,21,1.0,1.0,2,1,0,2.0,5,2.0,4000,1.0,0.0,2.0,2.0,6,2.0,0,2.0,2021.0,0,999,1.0,1,40.0,0.0,12,52.0,153,0.0,200,3.0,1,2,3.0,0.0,2.0,1.0,2,4.0,1,28
1,167.0,25900.0,25900.0,04,25900.0,07,6.0,22,1.0,19.0,20,4.0,2.0,1,3,0,1.0,1,1.0,1000,2.0,0.0,2.0,1.0,1,2.0,0,2.0,2002.0,1,50,3.0,1,40.0,0.0,41,24.0,258,0.0,100,3.0,2,1,3.0,0.0,2.0,5.0,2,4.0,1,61
1,456.0,114000.0,114000.0,77,114000.0,35,1.0,999,1.0,20.0,20,1.0,1.0,2,1,0,2.0,1,2.0,1000,3.0,0.0,3.0,2.0,1,2.0,0,3.0,2003.0,1,999,1.0,1,50.0,0.0,51,52.0,86,0.0,500,3.0,4,2,3.0,0.0,2.0,5.0,2,4.0,1,53
1,456.0,22000.0,22000.0,57,22000.0,78,1.0,999,1.0,20.0,21,1.0,1.0,2,1,0,2.0,1,2.0,1000,3.0,0.0,3.0,2.0,1,2.0,0,3.0,2003.0,1,999,3.0,1,35.0,0.0,12,52.0,35,0.0,500,3.0,4,2,3.0,0.0,2.0,5.0,2,4.0,1,49
0,295.0,60000.0,55000.0,23,55000.0,78,1.0,999,1.0,21.0,20,1.0,1.0,2,1,2,2.0,21,2.0,9000,3.0,0.0,3.0,2.0,9,2.0,0,3.0,2010.0,1,999,3.0,1,40.0,0.0,46,52.0,26,5000.0,200,1.0,4,2,3.0,0.0,2.0,5.0,2,4.0,1,34
0,295.0,45100.0,45000.0,23,45000.0,78,1.0,999,1.0,21.0,21,1.0,1.0,2,1,2,2.0,1,2.0,1000,3.0,0.0,3.0,2.0,1,2.0,0,3.0,2010.0,1,999,3.0,1,40.0,0.0,38,52.0,47,100.0,200,1.0,4,2,3.0,0.0,2.0,5.0,2,4.0,1,34
0,255.0,40000.0,40000.0,07,40000.0,73,1.0,999,1.0,21.0,22,4.0,1.0,2,3,0,2.0,1,2.0,1000,3.0,0.0,3.0,2.0,1,2.0,0,3.0,2019.0,1,999,1.0,1,40.0,0.0,27,52.0,94,0.0,600,1.0,4,2,3.0,0.0,2.0,5.0,2,4.0,1,26
1,0.0,0.0,0.0,42,0.0,69,6.0,82,3.0,20.0,20,3.0,2.0,1,2,0,2.0,1,2.0,1000,2.0,0.0,3.0,1.0,1,2.0,0,3.0,2014.0,1,999,1.0,1,40.0,0.0,38,52.0,96,0.0,300,3.0,1,2,3.0,0.0,2.0,2.0,2,4.0,1,55
0,371.0,70000.0,70000.0,21,70000.0,72,1.0,999,1.0,20.0,20,1.0,1.0,2,1,0,2.0,1,2.0,1000,3.0,0.0,3.0,2.0,1,2.0,0,3.0,2007.0,1,999,1.0,1,40.0,0.0,38,52.0,12,0.0,100,1.0,4,2,3.0,0.0,2.0,5.0,2,4.0,1,37
0,371.0,43000.0,43000.0,08,43000.0,68,1.0,999,1.0,20.0,21,1.0,1.0,2,1,0,2.0,1,2.0,1000,3.0,0.0,3.0,2.0,1,2.0,0,3.0,2007.0,1,999,1.0,1,40.0,0.0,38,52.0,17,0.0,100,1.0,4,2,3.0,0.0,2.0,5.0,2,4.0,1,38
0,501.0,90000.0,90000.0,38,90000.0,94,1.0,995,1.0,21.0,20,1.0,1.0,2,1,0,2.0,1,2.0,1000,2.0,0.0,2.0,2.0,1,2.0,0,2.0,2008.0,1,999,4.0,1,40.0,0.0,47,52.0,48,0.0,400,1.0,3,2,3.0,0.0,2.0,5.0,2,4.0,1,45
0,501.0,108000.0,108000.0,51,108000.0,81,1.0,82,1.0,21.0,21,1.0,1.0,2,1,0,2.0,1,2.0,1000,3.0,0.0,3.0,2.0,1,2.0,0,3.0,2008.0,1,999,2.0,1,40.0,0.0,38,52.0,37,0.0,400,1.0,1,2,3.0,0.0,2.0,5.0,2,4.0,1,50
0,423.0,88000.0,88000.0,96,88000.0,52,1.0,939,1.0,20.0,20,4.0,1.0,2,3,0,2.0,15,2.0,8000,3.0,0.0,3.0,2.0,8,2.0,0,3.0,2000.0,0,999,1.0,1,42.0,0.0,27,52.0,36,0.0,200,1.0,1,2,3.0,0.0,2.0,5.0,2,4.0,1,39
1,0.0,0.0,0.0,83,0.0,16,6.0,939,2.0,16.0,22,4.0,2.0,2,3,0,2.0,15,2.0,8000,2.0,0.0,2.0,2.0,8,2.0,0,2.0,2010.0,0,999,6.0,1,40.0,0.0,38,52.0,29,0.0,200,1.0,1,2,3.0,0.0,2.0,5.0,2,4.0,1,35
0,32.0,5000.0,5000.0,41,5000.0,86,1.0,82,1.0,19.0,20,6.0,1.0,2,5,2,2.0,1,2.0,1000,3.0,0.0,3.0,2.0,1,2.0,0,3.0,1995.0,1,999,1.0,1,20.0,0.0,38,40.0,104,0.0,600,1.0,1,2,3.0,0.0,2.0,5.0,2,4.0,1,23
1,134.0,20000.0,20000.0,47,0.0,51,1.0,51,1.0,19.0,20,1.0,1.0,2,1,0,2.0,1,2.0,1000,3.0,0.0,3.0,2.0,1,2.0,0,3.0,2004.0,1,171,6.0,1,30.0,0.0,12,52.0,35,0.0,400,1.0,2,2,3.0,0.0,2.0,5.0,2,4.0,1,38
1,134.0,20000.0,20000.0,62,0.0,07,2.0,291,1.0,19.0,21,1.0,2.0,2,1,0,2.0,29,2.0,9000,3.0,0.0,2.0,2.0,9,2.0,0,1.0,2004.0,1,999,6.0,3,40.0,0.0,327,26.0,122,0.0,400,1.0,1,2,3.0,0.0,2.0,5.0,2,4.0,4,47
0,489.0,119800.0,117000.0,20,117000.0,81,1.0,999,1.0,22.0,20,4.0,1.0,2,3,2,2.0,3,2.0,5013,3.0,0.0,3.0,2.0,3,2.0,1,3.0,2011.0,0,999,5.0,1,45.0,0.0,29,52.0,63,1400.0,200,1.0,4,2,3.0,0.0,2.0,5.0,2,4.0,1,42
0,501.0,80000.0,80000.0,32,80000.0,74,1.0,195,1.0,23.0,20,1.0,1.0,1,1,0,2.0,1,2.0,1000,3.0,0.0,3.0,2.0,1,2.0,0,3.0,2020.0,1,999,1.0,1,41.0,0.0,39,52.0,41,0.0,500,1.0,1,2,3.0,0.0,2.0,5.0,1,4.0,1,30
0,501.0,78000.0,78000.0,32,78000.0,74,1.0,195,1.0,23.0,21,1.0,1.0,2,1,0,2.0,1,2.0,1000,3.0,0.0,3.0,2.0,1,2.0,0,3.0,2020.0,1,148,1.0,1,45.0,0.0,38,52.0,37,0.0,500,1.0,2,2,3.0,0.0,2.0,5.0,2,4.0,1,34
0,255.0,25300.0,0.0,96,0.0,10,6.0,32,2.0,16.0,20,1.0,2.0,2,1,0,2.0,1,2.0,1000,2.0,0.0,2.0,2.0,1,2.0,0,2.0,1979.0,1,999,1.0,1,40.0,25000.0,38,52.0,196,300.0,100,1.0,1,2,3.0,0.0,2.0,5.0,2,4.0,1,65
0,255.0,19900.0,2900.0,36,2900.0,83,6.0,111,1.0,17.0,21,1.0,2.0,2,1,0,2.0,1,2.0,1000,2.0,0.0,2.0,2.0,1,2.0,0,2.0,1979.0,1,999,1.0,1,1.0,0.0,38,3.0,214,17000.0,100,1.0,1,2,3.0,0.0,2.0,5.0,2,4.0,1,60
0,495.0,91000.0,90000.0,14,90000.0,30,1.0,82,1.0,21.0,20,1.0,1.0,2,1,0,2.0,1,2.0,1000,2.0,0.0,2.0,2.0,1,2.0,0,2.0,1997.0,1,999,1.0,1,50.0,0.0,27,52.0,61,1000.0,600,1.0,1,2,2.0,0.0,2.0,1.0,2,4.0,1,65
0,495.0,0.0,0.0,42,0.0,69,6.0,32,3.0,21.0,21,1.0,2.0,2,1,0,2.0,1,2.0,1000,2.0,0.0,2.0,2.0,1,2.0,0,2.0,1997.0,1,999,1.0,1,40.0,0.0,19,52.0,66,0.0,600,1.0,1,2,3.0,0.0,2.0,5.0,2,4.0,1,62
0,86.0,6000.0,0.0,42,0.0,69,6.0,999,3.0,16.0,20,1.0,1.0,1,1,0,2.0,1,2.0,1000,3.0,0.0,3.0,2.0,1,2.0,0,3.0,1975.0,1,999,1.0,1,40.0,6000.0,38,52.0,59,0.0,200,1.0,4,2,3.0,0.0,2.0,5.0,1,4.0,1,65
0,398.0,0.0,0.0,42,0.0,69,6.0,995,3.0,16.0,20,1.0,2.0,1,1,0,1.0,29,2.0,9000,2.0,0.0,2.0,2.0,9,2.0,0,2.0,2016.0,1,999,1.0,1,40.0,0.0,41,52.0,36,0.0,200,1.0,3,2,2.0,0.0,2.0,5.0,2,4.0,1,29
0,398.0,120000.0,120000.0,69,120000.0,04,1.0,999,1.0,16.0,21,1.0,1.0,2,1,0,2.0,29,2.0,9000,3.0,0.0,3.0,2.0,9,2.0,0,3.0,2016.0,1,999,1.0,1,44.0,0.0,39,52.0,53,0.0,200,1.0,4,2,3.0,0.0,2.0,5.0,2,4.0,1,32
0,319.0,38000.0,38000.0,58,38000.0,69,1.0,32,1.0,20.0,20,1.0,1.0,2,1,0,2.0,1,2.0,1000,3.0,0.0,3.0,2.0,1,2.0,0,3.0,2016.0,1,999,5.0,1,40.0,0.0,38,52.0,54,0.0,600,1.0,1,2,3.0,0.0,2.0,5.0,2,4.0,1,39
0,319.0,60000.0,60000.0,62,60000.0,07,1.0,32,1.0,18.0,21,1.0,1.0,2,1,0,2.0,1,2.0,1000,3.0,0.0,3.0,2.0,1,2.0,0,3.0,2016.0,1,51,1.0,1,60.0,0.0,27,52.0,59,0.0,600,1.0,2,2,3.0,0.0,2.0,5.0,2,4.0,1,39
0,453.0,70000.0,70000.0,10,70000.0,93,1.0,32,1.0,21.0,22,6.0,1.0,2,5,0,2.0,1,2.0,1000,2.0,0.0,2.0,2.0,1,2.0,0,2.0,1995.0,1,999,4.0,1,50.0,0.0,38,52.0,158,0.0,300,1.0,1,2,3.0,0.0,2.0,5.0,2,4.0,1,59
0,169.0,26400.0,26400.0,64,26400.0,07,1.0,32,1.0,16.0,20,6.0,1.0,2,5,0,2.0,1,2.0,1000,3.0,0.0,3.0,2.0,1,2.0,0,3.0,1995.0,1,82,1.0,1,40.0,0.0,27,52.0,169,0.0,400,3.0,2,2,3.0,0.0,2.0,5.0,2,4.0,1,24
0,501.0,20000.0,20000.0,48,0.0,74,1.0,50,1.0,21.0,20,1.0,1.0,2,1,0,2.0,1,2.0,1000,3.0,0.0,3.0,2.0,1,2.0,0,3.0,2022.0,1,32,6.0,1,40.0,0.0,38,52.0,203,0.0,200,1.0,2,2,3.0,0.0,2.0,5.0,2,4.0,1,58
0,501.0,90000.0,90000.0,06,90000.0,01,1.0,51,1.0,21.0,21,1.0,1.0,2,1,0,2.0,1,2.0,1000,3.0,0.0,3.0,2.0,1,2.0,0,3.0,2022.0,1,32,1.0,7,40.0,0.0,301,52.0,348,0.0,200,1.0,2,2,3.0,0.0,2.0,5.0,2,4.0,1,34
0,332.0,100000.0,100000.0,90,100000.0,96,4.0,11,1.0,21.0,20,1.0,1.0,2,1,0,2.0,1,2.0,1000,3.0,0.0,3.0,2.0,1,2.0,0,3.0,2011.0,1,999,5.0,5,40.0,0.0,138,52.0,45,0.0,500,3.0,1,2,3.0,0.0,2.0,5.0,2,1.0,1,37
0,332.0,0.0,0.0,06,0.0,77,6.0,11,2.0,21.0,21,1.0,2.0,2,1,0,2.0,1,2.0,1000,2.0,0.0,2.0,2.0,1,2.0,0,2.0,2011.0,1,999,1.0,5,40.0,0.0,138,52.0,53,0.0,500,3.0,1,2,3.0,0.0,2.0,5.0,2,4.0,1,37
0,192.0,46000.0,46000.0,98,46000.0,96,4.0,999,1.0,21.0,20,3.0,1.0,2,2,0,2.0,1,2.0,1000,3.0,0.0,3.0,2.0,1,2.0,0,3.0,2016.0,1,999,5.0,1,40.0,0.0,46,52.0,161,0.0,600,1.0,4,2,3.0,0.0,2.0,5.0,2,1.0,1,29
0,337.0,68000.0,68000.0,01,68000.0,30,1.0,999,1.0,21.0,20,1.0,1.0,2,1,0,2.0,1,2.0,1000,3.0,0.0,3.0,2.0,1,2.0,0,3.0,2004.0,1,999,1.0,1,50.0,0.0,38,52.0,234,0.0,300,1.0,4,2,3.0,0.0,2.0,5.0,2,4.0,1,45
0,337.0,45000.0,45000.0,36,45000.0,82,1.0,999,1.0,20.0,21,1.0,1.0,2,1,0,2.0,1,2.0,1000,3.0,0.0,3.0,2.0,1,2.0,0,3.0,2004.0,1,999,1.0,1,45.0,0.0,38,52.0,191,0.0,300,1.0,4,2,3.0,0.0,2.0,5.0,2,4.0,1,44
0,338.0,52000.0,52000.0,47,52000.0,53,6.0,32,1.0,19.0,20,6.0,2.0,2,5,0,2.0,1,2.0,1000,2.0,0.0,2.0,2.0,1,2.0,0,2.0,1995.0,1,999,1.0,1,35.0,0.0,27,52.0,54,0.0,500,1.0,1,2,3.0,0.0,2.0,5.0,2,4.0,1,21
0,32.0,5000.0,5000.0,01,5000.0,78,2.0,98,1.0,19.0,20,6.0,1.0,2,5,0,2.0,1,2.0,1000,3.0,0.0,2.0,2.0,1,2.0,0,1.0,1995.0,1,999,4.0,1,15.0,0.0,41,52.0,63,0.0,500,3.0,1,2,3.0,0.0,2.0,5.0,2,4.0,1,20
0,295.0,45000.0,45000.0,41,45000.0,86,6.0,82,1.0,16.0,34,6.0,2.0,2,5,0,2.0,1,2.0,1000,3.0,0.0,2.0,2.0,1,2.0,0,1.0,1995.0,1,995,1.0,1,40.0,0.0,27,52.0,22,0.0,500,3.0,1,2,3.0,0.0,2.0,5.0,2,4.0,1,22
0,321.0,50000.0,50000.0,72,50000.0,35,1.0,32,1.0,18.0,20,4.0,1.0,2,3,0,2.0,1,2.0,1000,3.0,0.0,3.0,2.0,1,2.0,0,3.0,1993.0,1,999,1.0,1,40.0,0.0,36,52.0,19,0.0,500,1.0,1,2,3.0,0.0,2.0,5.0,2,4.0,1,61
0,236.0,36700.0,35000.0,77,35000.0,35,1.0,114,1.0,17.0,22,4.0,1.0,2,3,0,2.0,1,2.0,1000,2.0,0.0,2.0,2.0,1,2.0,0,2.0,2006.0,1,999,1.0,1,40.0,0.0,38,52.0,15,1700.0,500,1.0,1,2,2.0,0.0,2.0,5.0,2,4.0,1,56
0,290.0,45000.0,45000.0,60,45000.0,01,1.0,82,1.0,16.0,20,6.0,1.0,2,5,0,2.0,1,2.0,1000,3.0,0.0,3.0,2.0,1,2.0,0,3.0,1995.0,1,999,1.0,1,40.0,0.0,27,52.0,46,0.0,500,1.0,1,2,3.0,0.0,2.0,5.0,2,4.0,1,51
0,144.0,34000.0,34000.0,20,34000.0,91,1.0,924,1.0,21.0,20,1.0,1.0,2,1,1,2.0,1,2.0,1000,3.0,0.0,3.0,2.0,1,2.0,0,3.0,2008.0,1,999,2.0,1,40.0,0.0,53,52.0,30,0.0,400,1.0,1,2,3.0,0.0,2.0,5.0,2,4.0,1,37
0,144.0,18000.0,18000.0,27,18000.0,65,1.0,996,1.0,22.0,21,1.0,1.0,2,1,1,2.0,1,2.0,1000,3.0,0.0,3.0,2.0,1,2.0,0,3.0,2008.0,1,999,2.0,1,30.0,0.0,17,52.0,28,0.0,400,1.0,3,2,3.0,0.0,2.0,5.0,2,4.0,1,36
1,290.0,0.0,0.0,42,0.0,69,6.0,24,3.0,16.0,25,6.0,2.0,2,5,0,2.0,1,2.0,1000,2.0,0.0,2.0,2.0,1,2.0,0,2.0,1995.0,1,32,1.0,1,40.0,0.0,27,52.0,1,0.0,400,1.0,2,2,3.0,0.0,2.0,5.0,2,4.0,1,48
0,277.0,82000.0,82000.0,04,82000.0,95,1.0,32,1.0,19.0,20,1.0,1.0,2,1,0,2.0,1,2.0,1000,3.0,0.0,3.0,2.0,1,2.0,0,3.0,2004.0,1,999,5.0,1,40.0,0.0,38,52.0,298,0.0,300,1.0,1,2,3.0,0.0,2.0,5.0,2,2.0,1,57
0,277.0,18500.0,18500.0,40,18500.0,78,1.0,32,1.0,16.0,21,1.0,1.0,2,1,0,2.0,1,2.0,1000,3.0,0.0,3.0,2.0,1,2.0,0,3.0,2004.0,1,22,4.0,1,25.0,0.0,38,52.0,155,0.0,300,1.0,2,2,3.0,0.0,2.0,5.0,2,4.0,1,40
1,0.0,0.0,0.0,42,0.0,69,6.0,32,3.0,16.0,20,1.0,2.0,2,1,0,2.0,1,2.0,1000,3.0,0.0,3.0,2.0,1,2.0,0,3.0,1999.0,1,999,1.0,1,40.0,0.0,38,52.0,98,0.0,400,1.0,1,2,3.0,0.0,2.0,5.0,2,4.0,1,59
0,0.0,0.0,0.0,42,0.0,69,6.0,920,3.0,17.0,21,1.0,1.0,2,1,0,2.0,3,2.0,5023,3.0,0.0,3.0,2.0,4,2.0,1,3.0,1999.0,0,999,1.0,1,40.0,0.0,2,52.0,106,0.0,400,1.0,1,2,3.0,0.0,2.0,5.0,2,4.0,1,65
0,501.0,130000.0,120000.0,02,0.0,01,1.0,999,1.0,1.0,25,6.0,1.0,2,5,0,2.0,1,2.0,1000,3.0,0.0,3.0,2.0,1,2.0,0,3.0,1995.0,1,999,6.0,1,70.0,0.0,42,52.0,32,10000.0,100,1.0,4,2,3.0,0.0,2.0,5.0,2,4.0,1,60
0,501.0,38000.0,38000.0,81,38000.0,30,1.0,999,1.0,21.0,25,6.0,1.0,2,5,0,2.0,1,2.0,1000,3.0,0.0,3.0,2.0,1,2.0,0,3.0,1995.0,1,999,1.0,1,40.0,0.0,42,52.0,58,0.0,100,1.0,4,2,3.0,0.0,2.0,5.0,2,2.0,1,52
0,136.0,1000.0,0.0,42,0.0,69,6.0,32,3.0,16.0,20,1.0,2.0,2,1,0,2.0,1,2.0,1000,2.0,0.0,2.0,2.0,1,2.0,0,2.0,2004.0,1,999,1.0,1,40.0,0.0,8,52.0,20,1000.0,200,1.0,1,2,3.0,0.0,2.0,5.0,2,4.0,1,37
0,136.0,48000.0,48000.0,62,48000.0,07,1.0,22,1.0,19.0,21,1.0,1.0,2,1,0,2.0,1,2.0,1000,3.0,0.0,3.0,2.0,1,2.0,0,3.0,2004.0,1,999,7.0,1,40.0,0.0,16,52.0,19,0.0,200,1.0,1,2,3.0,0.0,2.0,5.0,2,4.0,1,37
0,118.0,18100.0,3500.0,51,3500.0,91,1.0,32,1.0,19.0,20,3.0,1.0,2,2,0,2.0,1,2.0,1000,3.0,0.0,3.0,2.0,1,2.0,0,3.0,1979.0,1,999,2.0,1,20.0,9600.0,38,52.0,10,0.0,400,1.0,1,2,3.0,0.0,2.0,5.0,2,4.0,1,63
0,404.0,63000.0,58000.0,47,58000.0,44,1.0,22,1.0,16.0,20,4.0,1.0,1,3,0,2.0,1,2.0,1000,3.0,0.0,3.0,1.0,1,1.0,0,3.0,2004.0,1,26,1.0,1,50.0,0.0,27,52.0,46,0.0,500,1.0,2,1,3.0,0.0,2.0,5.0,1,4.0,1,57
0,501.0,82000.0,82000.0,73,82000.0,24,1.0,50,1.0,21.0,20,1.0,1.0,2,1,0,2.0,1,2.0,1000,3.0,0.0,3.0,2.0,1,2.0,0,3.0,1991.0,1,999,1.0,1,45.0,0.0,26,52.0,73,0.0,600,1.0,1,2,3.0,0.0,2.0,5.0,2,4.0,1,58
0,501.0,40000.0,40000.0,57,40000.0,78,1.0,999,1.0,20.0,21,1.0,1.0,2,1,0,2.0,1,2.0,1000,3.0,0.0,3.0,2.0,1,2.0,0,3.0,1991.0,1,999,3.0,1,10.0,0.0,26,52.0,77,0.0,600,1.0,4,2,3.0,0.0,2.0,5.0,2,4.0,1,59
0,501.0,38400.0,38400.0,47,38400.0,52,1.0,999,1.0,21.0,25,6.0,1.0,2,5,0,2.0,1,2.0,1000,3.0,0.0,3.0,2.0,1,2.0,0,3.0,1995.0,1,999,1.0,1,45.0,0.0,24,52.0,128,0.0,600,1.0,4,2,3.0,0.0,2.0,5.0,2,4.0,1,29
0,501.0,18500.0,18000.0,06,18000.0,85,1.0,999,1.0,21.0,25,6.0,1.0,2,5,0,2.0,1,2.0,1000,3.0,0.0,3.0,2.0,1,2.0,0,3.0,1995.0,1,999,3.0,1,40.0,0.0,24,35.0,97,500.0,600,1.0,4,2,3.0,0.0,2.0,5.0,2,4.0,1,26
0,501.0,45000.0,45000.0,31,45000.0,80,1.0,98,1.0,22.0,21,1.0,1.0,2,1,0,2.0,1,2.0,1000,3.0,0.0,3.0,2.0,1,2.0,0,3.0,2018.0,1,999,1.0,1,36.0,0.0,38,40.0,75,0.0,600,1.0,1,2,3.0,0.0,2.0,5.0,2,4.0,1,37
0,295.0,73000.0,73000.0,47,73000.0,40,1.0,999,1.0,19.0,20,4.0,1.0,1,3,0,2.0,1,2.0,1000,3.0,0.0,3.0,1.0,1,1.0,0,3.0,2019.0,1,999,1.0,1,51.0,0.0,38,52.0,19,0.0,300,1.0,4,2,3.0,0.0,2.0,5.0,2,4.0,1,35
1,501.0,80000.0,80000.0,72,80000.0,46,1.0,999,1.0,14.0,22,4.0,1.0,2,3,0,2.0,1,2.0,1000,3.0,0.0,3.0,2.0,1,2.0,0,3.0,2006.0,1,999,1.0,1,51.0,0.0,39,52.0,21,0.0,300,1.0,4,2,3.0,0.0,2.0,5.0,2,4.0,1,40
0,501.0,43400.0,0.0,23,0.0,78,6.0,32,2.0,21.0,21,1.0,2.0,2,1,2,2.0,1,2.0,1000,2.0,0.0,2.0,2.0,1,2.0,0,2.0,1981.0,1,148,3.0,1,40.0,0.0,38,52.0,36,0.0,600,1.0,2,2,3.0,0.0,2.0,1.0,2,4.0,1,65
0,114.0,0.0,0.0,42,0.0,69,6.0,82,3.0,19.0,20,1.0,2.0,2,1,1,2.0,1,2.0,1000,2.0,0.0,2.0,2.0,1,2.0,0,2.0,1985.0,1,89,1.0,1,40.0,0.0,38,52.0,44,0.0,400,1.0,2,2,3.0,0.0,2.0,1.0,2,4.0,1,58
0,114.0,22800.0,22800.0,02,0.0,01,1.0,82,1.0,20.0,21,1.0,1.0,2,1,1,2.0,1,2.0,1000,2.0,0.0,2.0,2.0,1,2.0,0,2.0,1985.0,1,11,6.0,1,80.0,0.0,38,52.0,28,0.0,400,1.0,2,2,3.0,0.0,2.0,5.0,2,4.0,1,61
0,185.0,65000.0,65000.0,20,65000.0,91,1.0,999,1.0,21.0,20,1.0,1.0,2,1,1,2.0,1,2.0,1000,3.0,0.0,3.0,2.0,1,2.0,0,3.0,2012.0,1,999,2.0,1,50.0,0.0,38,52.0,211,0.0,600,1.0,4,2,3.0,0.0,2.0,5.0,2,4.0,1,37
0,185.0,0.0,0.0,42,0.0,69,6.0,999,3.0,19.0,21,1.0,2.0,2,1,1,2.0,1,2.0,1000,2.0,0.0,2.0,2.0,1,2.0,0,2.0,2012.0,1,999,1.0,1,40.0,0.0,38,52.0,211,0.0,600,1.0,4,2,3.0,0.0,2.0,5.0,2,4.0,1,34
0,448.0,55000.0,55000.0,04,55000.0,91,1.0,999,1.0,21.0,20,1.0,1.0,2,1,0,2.0,1,2.0,1000,3.0,0.0,3.0,2.0,1,2.0,0,3.0,1994.0,1,999,2.0,1,40.0,0.0,34,52.0,23,0.0,100,1.0,4,2,3.0,0.0,2.0,5.0,2,4.0,1,63
0,448.0,35700.0,3000.0,47,3000.0,48,1.0,999,1.0,21.0,21,1.0,1.0,2,1,0,2.0,1,2.0,1000,3.0,0.0,3.0,2.0,1,2.0,0,3.0,1994.0,1,999,1.0,1,20.0,13000.0,34,52.0,22,0.0,100,1.0,4,2,3.0,0.0,2.0,5.0,2,4.0,1,62
0,501.0,83000.0,83000.0,01,83000.0,31,1.0,32,1.0,16.0,20,1.0,1.0,2,1,0,2.0,1,2.0,1000,3.0,0.0,3.0,2.0,1,2.0,0,3.0,1991.0,1,999,1.0,1,50.0,0.0,38,52.0,14,0.0,400,1.0,1,2,3.0,0.0,2.0,5.0,2,4.0,1,60
0,501.0,20000.0,20000.0,40,20000.0,78,2.0,32,1.0,14.0,21,1.0,1.0,2,1,0,2.0,1,2.0,1000,3.0,0.0,2.0,2.0,1,2.0,0,1.0,1991.0,1,999,3.0,1,40.0,0.0,46,52.0,11,0.0,400,1.0,1,2,3.0,0.0,2.0,5.0,2,4.0,1,53
0,501.0,78000.0,78000.0,02,78000.0,07,1.0,50,1.0,19.0,20,6.0,1.0,2,5,0,2.0,1,2.0,1000,2.0,0.0,2.0,2.0,1,2.0,0,2.0,1995.0,1,999,1.0,1,10.0,0.0,6,52.0,24,0.0,400,3.0,1,2,3.0,0.0,2.0,5.0,2,4.0,1,31
0,488.0,76000.0,76000.0,55,51000.0,63,1.0,999,1.0,17.0,22,6.0,1.0,2,5,0,2.0,1,2.0,1000,3.0,0.0,3.0,2.0,1,2.0,0,3.0,1995.0,1,999,1.0,1,30.0,0.0,6,52.0,26,0.0,400,3.0,4,2,3.0,0.0,2.0,5.0,2,4.0,1,33
0,480.0,74200.0,74000.0,04,74000.0,38,1.0,114,1.0,20.0,20,6.0,1.0,2,5,0,2.0,1,2.0,1000,3.0,0.0,3.0,2.0,1,2.0,0,3.0,1995.0,1,999,1.0,1,40.0,0.0,38,52.0,53,200.0,100,1.0,1,2,3.0,0.0,2.0,5.0,2,4.0,1,43
0,170.0,14500.0,0.0,42,0.0,69,6.0,939,3.0,16.0,21,1.0,1.0,2,1,0,2.0,1,2.0,1000,2.0,0.0,2.0,2.0,1,2.0,0,2.0,1981.0,1,999,1.0,1,40.0,14500.0,38,52.0,17,0.0,200,1.0,1,2,2.0,0.0,2.0,5.0,2,4.0,1,65
0,255.0,40000.0,40000.0,91,40000.0,63,1.0,996,1.0,17.0,20,6.0,1.0,2,5,0,2.0,1,2.0,1000,3.0,0.0,3.0,2.0,1,2.0,0,3.0,1995.0,1,999,1.0,1,65.0,0.0,48,52.0,132,0.0,600,1.0,3,2,3.0,0.0,2.0,5.0,2,4.0,1,32
0,325.0,51000.0,51000.0,02,51000.0,01,1.0,82,1.0,18.0,20,6.0,1.0,2,5,0,2.0,1,2.0,1000,3.0,0.0,3.0,2.0,1,2.0,0,3.0,1995.0,1,50,7.0,1,40.0,0.0,27,48.0,385,0.0,100,3.0,2,2,3.0,0.0,2.0,5.0,2,4.0,1,20
0,127.0,20000.0,20000.0,98,20000.0,97,4.0,999,1.0,17.0,34,6.0,1.0,2,5,0,2.0,64,2.0,9000,3.0,0.0,3.0,2.0,9,2.0,1,3.0,1995.0,1,999,5.0,1,40.0,0.0,6,35.0,865,0.0,100,3.0,4,2,3.0,0.0,2.0,5.0,2,1.0,24,24
0,191.0,30000.0,30000.0,03,30000.0,86,1.0,999,1.0,16.0,34,6.0,1.0,2,5,0,2.0,1,2.0,1000,3.0,0.0,3.0,2.0,1,2.0,0,3.0,1995.0,1,999,1.0,1,40.0,0.0,27,52.0,1063,0.0,100,3.0,4,2,3.0,0.0,2.0,5.0,2,4.0,1,23
0,255.0,40000.0,40000.0,47,40000.0,53,1.0,999,1.0,18.0,36,6.0,1.0,2,5,0,2.0,15,2.0,8000,3.0,0.0,3.0,2.0,8,2.0,0,3.0,1995.0,0,999,1.0,1,42.0,0.0,38,52.0,1298,0.0,100,1.0,4,2,3.0,0.0,2.0,5.0,2,4.0,2,22
0,41.0,6300.0,6300.0,02,6300.0,01,6.0,999,1.0,20.0,20,4.0,2.0,2,3,0,2.0,1,2.0,1000,2.0,0.0,2.0,2.0,1,2.0,0,2.0,2015.0,1,999,1.0,1,16.0,0.0,46,15.0,258,0.0,400,1.0,4,2,3.0,0.0,2.0,5.0,2,2.0,1,32
0,289.0,57000.0,55000.0,91,55000.0,45,1.0,999,1.0,20.0,20,1.0,1.0,2,1,0,2.0,1,2.0,1000,3.0,0.0,3.0,2.0,1,2.0,0,3.0,1989.0,1,999,1.0,1,45.0,0.0,38,52.0,20,2000.0,500,1.0,4,2,3.0,0.0,2.0,5.0,2,4.0,1,57
0,289.0,0.0,0.0,42,0.0,69,6.0,999,3.0,20.0,21,1.0,1.0,2,1,0,2.0,1,2.0,1000,3.0,0.0,3.0,2.0,1,2.0,0,3.0,1989.0,1,999,1.0,1,40.0,0.0,38,52.0,16,0.0,500,1.0,4,2,3.0,0.0,2.0,5.0,2,4.0,1,57
0,449.0,82000.0,82000.0,47,82000.0,69,1.0,32,1.0,21.0,20,1.0,1.0,2,1,0,2.0,1,2.0,1000,3.0,0.0,3.0,2.0,1,2.0,0,3.0,2012.0,1,999,1.0,1,45.0,0.0,38,52.0,21,0.0,600,1.0,1,2,3.0,0.0,2.0,5.0,2,4.0,1,32
0,449.0,52000.0,52000.0,37,52000.0,94,1.0,999,1.0,18.0,21,1.0,1.0,2,1,2,2.0,1,2.0,1000,3.0,0.0,3.0,2.0,1,2.0,0,3.0,2012.0,1,999,3.0,1,42.0,0.0,38,12.0,24,0.0,600,1.0,4,2,3.0,0.0,2.0,5.0,2,4.0,1,39
0,387.0,60100.0,60000.0,26,60000.0,47,1.0,32,1.0,21.0,20,6.0,1.0,2,5,0,2.0,1,2.0,1000,3.0,0.0,3.0,2.0,1,2.0,0,3.0,1995.0,1,50,1.0,1,40.0,0.0,25,52.0,35,100.0,200,1.0,2,2,3.0,0.0,2.0,5.0,2,4.0,1,42
0,480.0,10000.0,10000.0,02,0.0,01,1.0,195,1.0,21.0,20,1.0,1.0,2,1,0,2.0,1,2.0,1000,3.0,0.0,3.0,2.0,1,2.0,0,3.0,2009.0,1,999,6.0,1,40.0,0.0,38,52.0,34,0.0,200,1.0,1,2,3.0,0.0,2.0,5.0,2,4.0,1,41
0,480.0,160000.0,160000.0,30,160000.0,50,1.0,924,1.0,24.0,21,1.0,1.0,2,1,0,2.0,1,2.0,1000,3.0,0.0,3.0,2.0,1,2.0,0,3.0,2009.0,1,999,1.0,1,40.0,0.0,38,52.0,27,0.0,200,1.0,1,2,3.0,0.0,2.0,5.0,2,4.0,1,39
0,501.0,45000.0,45000.0,23,45000.0,78,1.0,82,1.0,21.0,21,1.0,1.0,2,1,0,2.0,1,2.0,1000,3.0,0.0,3.0,2.0,1,2.0,0,3.0,2001.0,1,89,3.0,1,50.0,0.0,27,36.0,49,0.0,200,1.0,2,2,3.0,0.0,2.0,5.0,2,4.0,1,47
0,190.0,30000.0,30000.0,98,30000.0,96,4.0,22,1.0,21.0,20,6.0,1.0,2,5,0,2.0,1,2.0,1000,3.0,0.0,3.0,2.0,1,2.0,0,3.0,1995.0,1,50,5.0,1,40.0,0.0,6,52.0,805,0.0,200,3.0,2,2,3.0,0.0,2.0,5.0,2,1.0,1,23
0,428.0,66600.0,55000.0,25,55000.0,78,6.0,996,1.0,21.0,20,4.0,2.0,2,3,0,2.0,1,2.0,1000,2.0,0.0,2.0,2.0,1,2.0,0,2.0,2001.0,1,999,3.0,1,12.0,9800.0,38,40.0,16,1800.0,300,1.0,3,2,3.0,0.0,2.0,5.0,2,4.0,1,63
0,164.0,25020.0,24800.0,40,24800.0,86,1.0,32,1.0,20.0,20,6.0,1.0,2,5,2,2.0,1,2.0,1000,3.0,0.0,3.0,2.0,1,2.0,0,3.0,1995.0,1,50,1.0,1,40.0,0.0,38,52.0,140,0.0,600,1.0,2,2,3.0,0.0,2.0,5.0,2,4.0,1,24
0,501.0,115000.0,115000.0,00,115000.0,78,1.0,999,1.0,21.0,21,1.0,1.0,2,1,0,2.0,1,2.0,1000,3.0,0.0,3.0,2.0,1,2.0,0,3.0,2013.0,1,999,4.0,1,40.0,0.0,31,52.0,186,0.0,600,1.0,4,2,3.0,0.0,2.0,5.0,2,4.0,1,35
0,491.0,97200.0,60000.0,03,60000.0,81,1.0,50,1.0,21.0,20,3.0,1.0,2,2,0,2.0,1,2.0,1000,3.0,0.0,3.0,2.0,1,2.0,0,3.0,1991.0,1,32,2.0,1,40.0,0.0,46,52.0,230,1200.0,600,1.0,2,2,3.0,0.0,2.0,5.0,2,4.0,1,57
1,491.0,0.0,0.0,43,0.0,85,6.0,50,2.0,21.0,25,6.0,2.0,2,5,0,2.0,1,2.0,1000,2.0,0.0,2.0,2.0,1,2.0,0,2.0,1995.0,1,32,2.0,1,40.0,0.0,38,52.0,398,0.0,600,3.0,2,2,3.0,0.0,2.0,5.0,2,4.0,1,30
0,501.0,90000.0,85000.0,11,85000.0,30,1.0,32,1.0,21.0,20,1.0,1.0,2,1,0,2.0,1,2.0,1000,3.0,0.0,3.0,2.0,1,2.0,0,3.0,2019.0,1,999,1.0,1,42.0,0.0,46,52.0,67,0.0,400,1.0,1,2,3.0,0.0,2.0,5.0,2,4.0,1,35
0,501.0,40000.0,40000.0,23,40000.0,78,1.0,22,1.0,21.0,21,1.0,1.0,2,1,2,2.0,1,2.0,1000,3.0,0.0,3.0,2.0,1,2.0,0,3.0,2019.0,1,999,1.0,1,40.0,0.0,38,32.0,57,0.0,400,1.0,1,2,3.0,0.0,2.0,5.0,2,4.0,1,33
0,192.0,30000.0,30000.0,73,30000.0,07,1.0,82,1.0,14.0,20,6.0,1.0,2,5,0,2.0,1,2.0,1000,3.0,0.0,3.0,2.0,1,2.0,0,3.0,1995.0,1,917,1.0,1,40.0,0.0,6,52.0,211,0.0,600,1.0,2,2,3.0,0.0,2.0,5.0,2,4.0,1,26
0,501.0,47100.0,47100.0,91,0.0,61,1.0,32,1.0,20.0,21,1.0,1.0,2,1,2,2.0,1,2.0,1000,3.0,0.0,3.0,2.0,1,2.0,0,3.0,1987.0,1,999,6.0,1,45.0,0.0,49,7.0,58,0.0,100,1.0,1,2,3.0,0.0,2.0,5.0,2,4.0,1,59
0,501.0,14400.0,14400.0,02,0.0,01,1.0,32,1.0,19.0,20,1.0,1.0,2,1,1,2.0,1,2.0,1000,3.0,0.0,3.0,2.0,1,2.0,0,3.0,1998.0,1,125,6.0,1,75.0,0.0,38,52.0,25,0.0,100,1.0,2,2,3.0,0.0,2.0,5.0,2,4.0,1,57
0,501.0,175000.0,175000.0,02,0.0,01,1.0,32,1.0,19.0,21,1.0,1.0,2,1,1,2.0,1,2.0,1000,3.0,0.0,3.0,2.0,1,2.0,0,3.0,1998.0,1,999,6.0,1,75.0,0.0,38,52.0,24,0.0,100,1.0,1,2,3.0,0.0,2.0,5.0,2,4.0,1,60
0,291.0,46000.0,0.0,15,0.0,95,6.0,82,2.0,18.0,20,2.0,2.0,2,1,0,2.0,17,2.0,9000,2.0,0.0,2.0,2.0,9,2.0,1,2.0,1985.0,1,999,5.0,1,40.0,23000.0,38,52.0,76,0.0,600,1.0,1,2,3.0,0.0,2.0,5.0,2,2.0,1,63
0,71.0,0.0,0.0,42,0.0,69,6.0,82,3.0,17.0,26,6.0,2.0,1,5,0,1.0,17,2.0,9000,2.0,0.0,2.0,2.0,9,2.0,1,2.0,1995.0,1,26,1.0,1,40.0,0.0,38,52.0,41,0.0,400,1.0,2,2,3.0,0.0,2.0,5.0,2,4.0,1,40
0,249.0,26500.0,25000.0,02,0.0,01,1.0,32,1.0,21.0,25,2.0,1.0,2,1,2,2.0,1,2.0,1000,2.0,0.0,2.0,2.0,1,2.0,0,2.0,1981.0,1,999,6.0,1,40.0,0.0,38,52.0,3,1500.0,400,2.0,1,2,2.0,0.0,2.0,5.0,2,4.0,1,64
0,380.0,31000.0,31000.0,25,31000.0,78,1.0,82,1.0,16.0,30,2.0,1.0,2,1,0,2.0,1,2.0,1000,3.0,0.0,3.0,2.0,1,2.0,0,3.0,2022.0,1,999,3.0,1,40.0,0.0,38,52.0,24,0.0,400,1.0,1,2,3.0,0.0,2.0,5.0,2,4.0,1,28
0,190.0,30000.0,30000.0,07,30000.0,73,1.0,999,1.0,18.0,36,5.0,1.0,2,4,0,2.0,1,2.0,1000,3.0,0.0,3.0,2.0,1,2.0,0,3.0,2023.0,1,999,1.0,1,60.0,0.0,38,52.0,38,0.0,400,1.0,4,2,3.0,0.0,1.0,5.0,2,4.0,1,30
0,433.0,55000.0,55000.0,23,55000.0,78,1.0,999,1.0,21.0,20,1.0,1.0,2,1,0,2.0,1,2.0,1000,3.0,0.0,3.0,2.0,1,2.0,0,3.0,2014.0,1,999,3.0,1,40.0,0.0,38,52.0,219,0.0,500,1.0,4,2,3.0,0.0,2.0,5.0,2,4.0,1,37
0,433.0,75000.0,75000.0,91,75000.0,01,1.0,999,1.0,19.0,21,1.0,1.0,2,1,0,2.0,1,2.0,1000,3.0,0.0,3.0,2.0,1,2.0,0,3.0,2014.0,1,999,1.0,1,50.0,0.0,38,52.0,191,0.0,500,1.0,4,2,3.0,0.0,2.0,5.0,2,4.0,1,35
0,319.0,50000.0,50000.0,35,50000.0,82,1.0,82,1.0,20.0,20,6.0,1.0,2,5,0,2.0,1,2.0,1000,3.0,0.0,3.0,2.0,1,2.0,0,3.0,1995.0,1,999,1.0,1,40.0,0.0,38,52.0,28,0.0,400,1.0,1,2,3.0,0.0,2.0,5.0,2,4.0,1,55
0,287.0,104000.0,104000.0,01,104000.0,93,1.0,22,1.0,21.0,20,1.0,1.0,2,1,0,2.0,1,2.0,1000,3.0,0.0,3.0,2.0,1,2.0,0,3.0,2016.0,1,32,3.0,1,45.0,0.0,38,52.0,94,0.0,100,1.0,2,2,3.0,0.0,2.0,5.0,2,4.0,1,34
0,287.0,0.0,0.0,42,0.0,69,6.0,22,3.0,21.0,21,1.0,2.0,2,1,0,2.0,1,2.0,1000,2.0,0.0,2.0,2.0,1,2.0,0,2.0,2016.0,1,98,1.0,1,40.0,0.0,18,52.0,152,0.0,100,1.0,2,2,3.0,0.0,2.0,5.0,2,4.0,1,33
0,382.0,67000.0,67000.0,09,67000.0,68,1.0,32,1.0,21.0,20,1.0,1.0,2,1,0,2.0,1,2.0,1000,3.0,0.0,3.0,2.0,1,2.0,0,3.0,1992.0,1,999,1.0,1,45.0,0.0,38,52.0,23,0.0,600,1.0,1,2,3.0,0.0,2.0,5.0,2,4.0,1,56
0,382.0,53000.0,53000.0,23,53000.0,78,1.0,32,1.0,22.0,21,1.0,1.0,2,1,0,2.0,1,2.0,1000,3.0,0.0,3.0,2.0,1,2.0,0,3.0,1992.0,1,999,3.0,1,48.0,0.0,38,40.0,25,0.0,600,1.0,1,2,3.0,0.0,2.0,5.0,2,4.0,1,56
0,382.0,20800.0,20800.0,96,20800.0,53,1.0,32,1.0,19.0,25,6.0,1.0,2,5,0,2.0,1,2.0,1000,3.0,0.0,3.0,2.0,1,2.0,0,3.0,1995.0,1,999,1.0,1,30.0,0.0,38,52.0,23,0.0,600,1.0,1,2,3.0,0.0,2.0,5.0,2,4.0,1,21
0,382.0,2100.0,2100.0,60,2100.0,01,6.0,32,1.0,15.0,25,6.0,2.0,2,5,0,2.0,1,2.0,1000,2.0,0.0,2.0,2.0,1,2.0,0,2.0,1995.0,1,999,4.0,1,40.0,0.0,38,12.0,42,0.0,600,1.0,1,2,3.0,0.0,2.0,5.0,2,4.0,1,18
0,501.0,40000.0,40000.0,07,40000.0,73,1.0,996,1.0,17.0,20,1.0,1.0,2,1,0,2.0,1,2.0,1000,3.0,0.0,3.0,2.0,1,2.0,0,3.0,2004.0,1,999,1.0,1,40.0,0.0,49,52.0,85,0.0,600,1.0,3,2,3.0,0.0,2.0,5.0,2,4.0,1,45
0,501.0,80000.0,80000.0,04,80000.0,73,1.0,996,1.0,20.0,21,1.0,1.0,2,1,0,2.0,1,2.0,1000,3.0,0.0,3.0,2.0,1,2.0,0,3.0,2004.0,1,999,1.0,1,40.0,0.0,6,52.0,106,0.0,600,1.0,3,2,3.0,0.0,2.0,5.0,2,4.0,1,51
0,501.0,30000.0,30000.0,91,30000.0,73,1.0,996,1.0,16.0,25,6.0,1.0,2,5,0,2.0,1,2.0,1000,3.0,0.0,3.0,2.0,1,2.0,0,3.0,1995.0,1,999,1.0,1,50.0,0.0,49,52.0,113,0.0,600,3.0,3,2,3.0,0.0,2.0,5.0,2,4.0,1,24
0,501.0,100000.0,100000.0,02,0.0,01,1.0,32,1.0,19.0,20,1.0,1.0,2,1,0,2.0,1,2.0,1000,2.0,0.0,2.0,2.0,1,2.0,0,2.0,2001.0,1,148,6.0,1,60.0,0.0,38,52.0,24,0.0,400,1.0,2,2,2.0,0.0,2.0,5.0,2,4.0,1,55
0,501.0,100000.0,100000.0,02,100000.0,78,1.0,82,1.0,22.0,21,1.0,1.0,2,1,0,2.0,1,2.0,1000,2.0,0.0,2.0,2.0,1,2.0,0,2.0,2001.0,1,999,4.0,1,65.0,0.0,38,52.0,25,0.0,400,1.0,1,2,2.0,0.0,2.0,5.0,2,4.0,1,53
0,501.0,0.0,0.0,42,0.0,69,6.0,32,3.0,16.0,25,6.0,2.0,2,5,0,2.0,1,2.0,1000,2.0,0.0,2.0,2.0,1,2.0,0,2.0,1995.0,1,148,1.0,1,40.0,0.0,38,52.0,9,0.0,400,1.0,2,2,3.0,0.0,2.0,5.0,2,4.0,1,18
0,493.0,40000.0,0.0,42,0.0,69,6.0,26,3.0,21.0,20,1.0,2.0,2,1,0,2.0,1,2.0,1000,2.0,0.0,2.0,2.0,1,2.0,0,2.0,1979.0,1,82,1.0,1,40.0,14800.0,38,52.0,21,0.0,500,1.0,2,2,2.0,0.0,2.0,5.0,2,4.0,1,65
0,357.0,55000.0,55000.0,26,55000.0,70,1.0,32,1.0,20.0,20,6.0,1.0,1,5,0,2.0,1,2.0,1000,3.0,0.0,3.0,2.0,1,2.0,0,3.0,1995.0,1,82,7.0,1,45.0,0.0,38,52.0,797,0.0,600,3.0,2,1,3.0,0.0,2.0,5.0,2,4.0,1,28
0,213.0,50000.0,50000.0,25,50000.0,78,1.0,999,1.0,16.0,20,1.0,1.0,2,1,0,2.0,1,2.0,1000,3.0,0.0,3.0,2.0,1,2.0,0,3.0,2002.0,1,999,1.0,1,40.0,0.0,38,52.0,26,0.0,100,1.0,4,2,3.0,0.0,2.0,5.0,2,4.0,1,44
0,213.0,0.0,0.0,42,0.0,76,6.0,999,2.0,19.0,21,1.0,1.0,2,1,0,2.0,1,2.0,1000,3.0,0.0,3.0,2.0,1,2.0,0,3.0,2002.0,1,999,1.0,1,40.0,0.0,19,52.0,31,0.0,100,1.0,4,2,3.0,0.0,2.0,5.0,2,2.0,1,47
0,213.0,0.0,0.0,42,0.0,69,6.0,999,3.0,20.0,25,6.0,1.0,2,5,0,2.0,1,2.0,1000,3.0,0.0,3.0,2.0,1,2.0,0,3.0,1995.0,1,999,1.0,1,40.0,0.0,38,52.0,24,0.0,100,1.0,4,2,3.0,0.0,2.0,5.0,2,4.0,1,20
0,303.0,48000.0,48000.0,63,48000.0,07,1.0,82,1.0,19.0,20,4.0,1.0,2,3,0,2.0,1,2.0,1000,3.0,0.0,3.0,2.0,1,2.0,0,3.0,1995.0,1,999,1.0,1,40.0,0.0,37,52.0,121,0.0,100,1.0,1,2,3.0,0.0,2.0,5.0,2,4.0,1,51
0,185.0,57000.0,57000.0,80,57000.0,39,1.0,996,1.0,16.0,20,1.0,1.0,1,1,0,1.0,1,1.0,1000,3.0,0.0,3.0,2.0,1,2.0,0,3.0,2005.0,1,999,1.0,1,99.0,0.0,38,52.0,169,0.0,100,1.0,3,1,3.0,0.0,2.0,5.0,1,4.0,1,41
0,185.0,0.0,0.0,42,0.0,69,6.0,996,3.0,16.0,21,1.0,2.0,1,1,0,1.0,1,2.0,1000,2.0,0.0,2.0,2.0,1,2.0,0,2.0,2005.0,1,999,1.0,1,40.0,0.0,55,52.0,171,0.0,100,1.0,3,1,3.0,0.0,2.0,5.0,2,4.0,1,41
0,318.0,50000.0,50000.0,51,50000.0,68,1.0,32,1.0,21.0,20,6.0,1.0,2,5,0,2.0,1,2.0,1000,3.0,0.0,3.0,2.0,1,2.0,0,3.0,1995.0,1,82,1.0,1,40.0,0.0,27,52.0,150,0.0,600,1.0,2,2,3.0,0.0,2.0,5.0,2,4.0,1,44
0,477.0,75000.0,75000.0,50,75000.0,30,1.0,32,1.0,18.0,22,4.0,1.0,2,3,0,2.0,1,2.0,1000,3.0,0.0,3.0,2.0,1,2.0,0,3.0,1998.0,1,999,1.0,1,40.0,0.0,27,52.0,161,0.0,600,1.0,1,2,3.0,0.0,2.0,5.0,2,4.0,1,48
0,379.0,58000.0,58000.0,52,58000.0,81,1.0,924,1.0,20.0,22,4.0,1.0,2,3,0,2.0,17,2.0,9000,3.0,0.0,3.0,2.0,9,2.0,1,3.0,1989.0,1,917,5.0,1,40.0,0.0,26,52.0,12,0.0,600,1.0,2,2,3.0,0.0,2.0,5.0,2,4.0,1,56
1,501.0,120000.0,0.0,02,0.0,01,6.0,32,2.0,13.0,20,6.0,2.0,2,5,0,2.0,1,2.0,1000,2.0,0.0,2.0,2.0,1,2.0,0,2.0,1995.0,1,82,7.0,1,40.0,0.0,38,52.0,70,120000.0,500,1.0,2,2,3.0,0.0,2.0,5.0,2,4.0,1,57
0,501.0,0.0,0.0,42,0.0,69,6.0,82,3.0,21.0,20,1.0,2.0,2,1,0,2.0,1,2.0,1000,2.0,0.0,2.0,2.0,1,2.0,0,2.0,2014.0,1,999,1.0,1,40.0,0.0,38,52.0,10,0.0,600,1.0,1,2,3.0,0.0,2.0,5.0,2,4.0,1,38
0,501.0,150000.0,150000.0,10,150000.0,73,1.0,32,1.0,21.0,21,1.0,1.0,2,1,0,2.0,1,2.0,1000,3.0,0.0,3.0,2.0,1,2.0,0,3.0,2014.0,1,999,1.0,1,40.0,0.0,38,52.0,13,0.0,600,1.0,1,2,3.0,0.0,2.0,5.0,2,4.0,1,42
0,501.0,77000.0,77000.0,65,77000.0,07,1.0,32,1.0,20.0,20,1.0,1.0,2,1,0,2.0,1,2.0,1000,3.0,0.0,3.0,2.0,1,2.0,0,3.0,2006.0,1,999,1.0,1,40.0,0.0,27,52.0,19,0.0,400,1.0,1,2,3.0,0.0,2.0,5.0,2,4.0,1,44
0,501.0,41600.0,41600.0,59,41600.0,69,1.0,32,1.0,19.0,21,1.0,1.0,2,1,0,2.0,1,2.0,1000,3.0,0.0,3.0,2.0,1,2.0,0,3.0,2006.0,1,999,1.0,1,40.0,0.0,27,52.0,17,0.0,400,1.0,1,2,3.0,0.0,2.0,5.0,2,4.0,1,40
0,501.0,77000.0,77000.0,65,77000.0,07,1.0,32,1.0,20.0,33,2.0,1.0,2,1,0,2.0,1,2.0,1000,3.0,0.0,3.0,2.0,1,2.0,0,3.0,2006.0,1,999,1.0,1,40.0,0.0,27,52.0,2,0.0,400,1.0,1,2,3.0,0.0,2.0,5.0,2,4.0,1,44
0,406.0,36000.0,36000.0,40,36000.0,82,1.0,88,1.0,18.0,20,1.0,1.0,2,1,0,2.0,1,2.0,1000,3.0,0.0,3.0,2.0,1,2.0,0,3.0,1982.0,1,32,1.0,1,36.0,0.0,38,52.0,133,0.0,500,1.0,2,2,3.0,0.0,2.0,5.0,2,4.0,1,60
0,406.0,46000.0,46000.0,72,46000.0,46,1.0,21,1.0,16.0,21,1.0,1.0,2,1,0,2.0,1,2.0,1000,3.0,0.0,3.0,2.0,1,2.0,0,3.0,1982.0,1,32,1.0,1,45.0,0.0,38,52.0,127,0.0,500,1.0,2,2,3.0,0.0,2.0,5.0,2,4.0,1,65
1,75.0,11800.0,0.0,64,0.0,53,6.0,935,2.0,20.0,20,4.0,2.0,2,3,0,2.0,17,2.0,9000,2.0,0.0,2.0,2.0,9,2.0,1,2.0,1979.0,1,920,1.0,1,40.0,11800.0,38,52.0,79,0.0,400,1.0,2,2,3.0,0.0,2.0,5.0,2,4.0,1,64
0,249.0,48000.0,48000.0,51,48000.0,42,1.0,32,1.0,18.0,20,1.0,1.0,2,1,0,2.0,1,2.0,1000,3.0,0.0,3.0,2.0,1,2.0,0,3.0,2011.0,1,82,1.0,1,40.0,0.0,38,52.0,317,0.0,600,1.0,2,2,3.0,0.0,2.0,5.0,2,4.0,1,30
0,249.0,53000.0,53000.0,06,53000.0,40,1.0,32,1.0,18.0,21,1.0,1.0,2,1,0,2.0,1,2.0,1000,3.0,0.0,3.0,2.0,1,2.0,0,3.0,2011.0,1,82,1.0,1,40.0,0.0,38,52.0,375,0.0,600,1.0,2,2,3.0,0.0,2.0,5.0,2,4.0,1,33
0,135.0,21300.0,21300.0,55,21300.0,94,2.0,82,1.0,19.0,20,6.0,2.0,2,5,0,2.0,1,2.0,1000,3.0,0.0,2.0,2.0,1,2.0,0,1.0,1995.0,1,999,5.0,1,40.0,0.0,53,48.0,73,0.0,100,3.0,1,2,3.0,0.0,2.0,5.0,2,4.0,1,35
1,0.0,0.0,0.0,47,0.0,47,6.0,999,2.0,19.0,22,6.0,1.0,1,5,0,1.0,1,1.0,1000,3.0,0.0,3.0,1.0,1,1.0,0,3.0,1995.0,1,999,1.0,1,40.0,0.0,48,52.0,35,0.0,100,3.0,4,2,3.0,0.0,2.0,5.0,1,4.0,1,32
0,501.0,130000.0,130000.0,00,130000.0,62,1.0,32,1.0,20.0,20,1.0,1.0,2,1,0,2.0,1,2.0,1000,3.0,0.0,3.0,2.0,1,2.0,0,3.0,2019.0,1,142,1.0,1,45.0,0.0,38,52.0,210,0.0,100,1.0,2,2,3.0,0.0,2.0,5.0,2,4.0,1,29
0,501.0,75000.0,75000.0,31,75000.0,80,1.0,32,1.0,24.0,21,1.0,1.0,2,1,0,2.0,1,2.0,1000,3.0,0.0,3.0,2.0,1,2.0,0,3.0,2019.0,1,98,1.0,1,32.0,0.0,38,52.0,160,0.0,100,1.0,2,2,3.0,0.0,2.0,5.0,2,4.0,1,29
0,325.0,49900.0,49900.0,60,49900.0,01,1.0,32,1.0,15.0,20,1.0,1.0,2,1,0,2.0,1,2.0,1000,3.0,0.0,3.0,2.0,1,2.0,0,3.0,2008.0,1,98,1.0,1,65.0,0.0,38,52.0,27,0.0,500,1.0,2,2,3.0,0.0,2.0,5.0,2,4.0,1,43
0,325.0,47900.0,47900.0,96,47900.0,38,1.0,98,1.0,19.0,21,1.0,1.0,2,1,0,2.0,1,2.0,1000,3.0,0.0,3.0,2.0,1,2.0,0,3.0,2008.0,1,999,1.0,1,50.0,0.0,38,52.0,44,0.0,500,1.0,1,2,3.0,0.0,2.0,5.0,2,4.0,1,46
0,501.0,76400.0,0.0,99,0.0,99,3.0,939,3.0,20.0,20,1.0,2.0,2,1,0,2.0,1,2.0,1000,1.0,0.0,2.0,2.0,1,2.0,0,2.0,2001.0,1,999,9.0,1,40.0,0.0,17,52.0,64,0.0,200,1.0,1,2,3.0,0.0,2.0,1.0,2,2.0,1,45
0,501.0,85000.0,85000.0,51,85000.0,70,1.0,32,1.0,16.0,21,1.0,1.0,2,1,2,2.0,1,2.0,1000,3.0,0.0,3.0,2.0,1,2.0,0,3.0,2001.0,1,999,1.0,5,55.0,0.0,110,52.0,77,0.0,200,1.0,1,2,3.0,0.0,2.0,5.0,2,4.0,1,42
0,261.0,40000.0,40000.0,62,40000.0,07,1.0,32,1.0,20.0,20,6.0,1.0,2,5,0,2.0,1,2.0,1000,3.0,0.0,3.0,2.0,1,2.0,0,3.0,1995.0,1,50,1.0,1,40.0,0.0,38,52.0,81,0.0,500,3.0,2,2,3.0,0.0,2.0,5.0,2,4.0,1,23
0,130.0,20000.0,20000.0,36,20000.0,83,1.0,32,1.0,21.0,22,6.0,1.0,2,5,2,2.0,22,2.0,9000,3.0,0.0,3.0,2.0,9,2.0,0,3.0,1995.0,1,148,1.0,1,25.0,0.0,38,46.0,233,0.0,500,3.0,2,2,3.0,0.0,2.0,5.0,2,4.0,1,24
0,361.0,75000.0,75000.0,72,75000.0,95,1.0,32,1.0,20.0,20,5.0,1.0,2,4,0,2.0,1,2.0,1000,3.0,0.0,3.0,2.0,1,2.0,0,3.0,2017.0,1,50,5.0,1,40.0,0.0,38,52.0,43,0.0,200,1.0,2,2,3.0,0.0,2.0,5.0,2,4.0,1,31
0,402.0,16000.0,16000.0,47,16000.0,54,1.0,82,1.0,18.0,20,1.0,1.0,2,1,0,2.0,1,2.0,1000,2.0,0.0,2.0,2.0,1,2.0,0,2.0,1993.0,1,26,2.0,1,32.0,0.0,27,52.0,18,0.0,400,1.0,2,2,3.0,0.0,2.0,1.0,2,4.0,1,53
0,402.0,65000.0,65000.0,72,65000.0,88,1.0,82,1.0,20.0,21,1.0,1.0,2,1,0,2.0,1,2.0,1000,2.0,0.0,2.0,2.0,1,2.0,0,2.0,1993.0,1,21,1.0,1,50.0,0.0,38,52.0,16,0.0,400,1.0,2,2,3.0,0.0,2.0,3.0,2,4.0,1,58
0,501.0,35000.0,35000.0,58,35000.0,69,1.0,22,1.0,16.0,21,1.0,1.0,2,1,0,2.0,1,2.0,1000,2.0,0.0,2.0,2.0,1,2.0,0,2.0,1977.0,1,999,1.0,1,45.0,0.0,38,52.0,70,0.0,400,1.0,1,2,3.0,0.0,2.0,5.0,2,4.0,1,62
0,501.0,161000.0,160000.0,00,160000.0,68,1.0,88,1.0,21.0,20,1.0,1.0,2,1,0,2.0,1,2.0,1000,3.0,0.0,3.0,2.0,1,2.0,0,3.0,1986.0,1,22,1.0,1,45.0,0.0,38,52.0,44,1000.0,500,1.0,2,2,3.0,0.0,2.0,5.0,2,4.0,1,60
0,501.0,150000.0,150000.0,00,150000.0,48,1.0,999,1.0,21.0,21,1.0,1.0,2,1,0,2.0,1,2.0,1000,3.0,0.0,3.0,2.0,1,2.0,0,3.0,1986.0,1,999,1.0,1,50.0,0.0,38,52.0,48,0.0,500,1.0,4,2,3.0,0.0,2.0,5.0,2,4.0,1,61
0,501.0,160020.0,160000.0,10,0.0,04,1.0,996,1.0,20.0,20,6.0,1.0,2,5,2,2.0,1,2.0,1000,3.0,0.0,3.0,2.0,1,2.0,0,3.0,1995.0,1,999,6.0,1,50.0,0.0,46,50.0,219,20.0,100,1.0,3,2,3.0,0.0,2.0,5.0,2,4.0,1,34
0,114.0,27100.0,27100.0,98,27100.0,96,4.0,22,1.0,16.0,20,1.0,1.0,2,1,0,2.0,1,2.0,1000,3.0,0.0,3.0,2.0,1,2.0,0,3.0,2020.0,1,94,5.0,1,40.0,0.0,4,52.0,135,0.0,200,3.0,2,2,3.0,0.0,2.0,5.0,2,1.0,1,30
0,114.0,0.0,0.0,89,0.0,51,6.0,88,2.0,15.0,21,1.0,2.0,2,1,0,2.0,1,2.0,1000,2.0,0.0,2.0,2.0,1,2.0,0,2.0,2020.0,1,22,1.0,1,40.0,0.0,4,52.0,87,0.0,200,3.0,2,2,3.0,0.0,2.0,5.0,2,4.0,1,25
1,385.0,15700.0,0.0,42,0.0,69,6.0,939,3.0,16.0,25,6.0,2.0,2,5,0,2.0,1,2.0,1000,2.0,0.0,2.0,2.0,1,2.0,0,2.0,1995.0,1,999,1.0,1,40.0,15700.0,38,52.0,2,0.0,500,1.0,1,2,3.0,0.0,2.0,5.0,2,4.0,1,43
0,501.0,95000.0,95000.0,23,95000.0,78,1.0,917,1.0,22.0,20,1.0,1.0,2,1,0,2.0,3,2.0,5013,3.0,0.0,3.0,2.0,3,2.0,1,3.0,2009.0,0,999,5.0,1,40.0,0.0,38,44.0,32,0.0,400,1.0,1,2,3.0,0.0,2.0,5.0,2,4.0,1,56
1,94.0,14700.0,0.0,42,0.0,69,6.0,24,3.0,17.0,20,6.0,2.0,2,5,0,2.0,1,2.0,1000,2.0,0.0,2.0,2.0,1,2.0,0,2.0,1995.0,1,999,1.0,1,40.0,14700.0,27,52.0,7,0.0,500,1.0,1,2,3.0,0.0,2.0,5.0,2,4.0,1,61
0,404.0,50000.0,50000.0,08,50000.0,93,1.0,32,1.0,21.0,20,1.0,1.0,2,1,0,2.0,1,2.0,1000,3.0,0.0,3.0,2.0,1,2.0,0,3.0,2010.0,1,999,3.0,1,40.0,0.0,38,52.0,21,0.0,400,1.0,1,2,3.0,0.0,2.0,5.0,2,4.0,1,53
0,404.0,30000.0,30000.0,23,30000.0,78,1.0,32,1.0,21.0,21,1.0,1.0,2,1,0,2.0,1,2.0,1000,3.0,0.0,3.0,2.0,1,2.0,0,3.0,2010.0,1,999,3.0,1,30.0,0.0,38,52.0,23,0.0,400,1.0,1,2,3.0,0.0,2.0,5.0,2,4.0,1,56
0,501.0,42000.0,42000.0,96,42000.0,30,6.0,82,1.0,16.0,20,1.0,2.0,2,1,0,2.0,1,2.0,1000,2.0,0.0,2.0,2.0,1,2.0,0,2.0,1979.0,1,999,1.0,1,58.0,0.0,38,26.0,16,0.0,400,1.0,1,2,3.0,0.0,2.0,5.0,2,3.0,1,65
0,501.0,72000.0,72000.0,24,72000.0,78,1.0,89,1.0,22.0,21,1.0,1.0,2,1,0,2.0,1,2.0,1000,3.0,0.0,3.0,2.0,1,2.0,0,3.0,1979.0,1,32,3.0,1,50.0,0.0,38,40.0,15,0.0,400,1.0,2,2,3.0,0.0,2.0,5.0,2,4.0,1,65
0,501.0,116900.0,3600.0,58,3600.0,91,1.0,32,1.0,20.0,20,1.0,1.0,2,1,0,2.0,1,2.0,1000,3.0,0.0,3.0,2.0,1,2.0,0,3.0,1984.0,1,999,2.0,1,3.0,0.0,38,52.0,21,20500.0,300,1.0,1,2,3.0,0.0,2.0,5.0,2,2.0,1,65
0,501.0,12000.0,12000.0,45,0.0,89,1.0,82,1.0,16.0,20,1.0,1.0,2,1,2,2.0,1,2.0,1000,3.0,0.0,3.0,2.0,1,2.0,0,3.0,2015.0,1,999,6.0,1,30.0,0.0,38,52.0,75,0.0,200,1.0,1,2,3.0,0.0,2.0,5.0,2,4.0,1,54
0,501.0,122000.0,122000.0,38,100000.0,94,1.0,32,1.0,20.0,21,1.0,1.0,2,1,0,2.0,1,2.0,1000,3.0,0.0,3.0,2.0,1,2.0,0,3.0,2015.0,1,999,4.0,5,50.0,0.0,109,52.0,60,0.0,200,1.0,1,2,3.0,0.0,2.0,5.0,2,4.0,1,61
0,500.0,70000.0,70000.0,63,70000.0,07,1.0,82,1.0,20.0,20,5.0,1.0,2,4,0,2.0,1,2.0,1000,3.0,0.0,3.0,2.0,1,2.0,0,3.0,1994.0,1,999,1.0,1,40.0,0.0,27,52.0,74,0.0,500,1.0,1,2,3.0,0.0,2.0,5.0,2,4.0,1,62
0,500.0,31000.0,31000.0,54,31000.0,80,1.0,82,1.0,16.0,25,6.0,1.0,2,5,0,2.0,1,2.0,1000,3.0,0.0,3.0,2.0,1,2.0,0,3.0,1995.0,1,999,2.0,1,36.0,0.0,38,52.0,31,0.0,500,1.0,1,2,3.0,0.0,2.0,5.0,2,4.0,1,24
0,365.0,0.0,0.0,08,0.0,68,6.0,32,2.0,20.0,20,1.0,2.0,2,1,0,2.0,1,2.0,1000,2.0,0.0,2.0,2.0,1,2.0,0,2.0,2019.0,1,999,1.0,1,40.0,0.0,38,52.0,17,0.0,400,1.0,1,2,3.0,0.0,2.0,5.0,2,4.0,1,27
0,365.0,110000.0,110000.0,63,110000.0,07,1.0,32,1.0,20.0,21,1.0,1.0,2,1,0,2.0,1,2.0,1000,3.0,0.0,3.0,2.0,1,2.0,0,3.0,2019.0,1,999,1.0,1,40.0,0.0,38,52.0,18,0.0,400,1.0,1,2,3.0,0.0,2.0,5.0,2,4.0,1,27
0,501.0,90000.0,90000.0,32,90000.0,81,1.0,82,1.0,23.0,20,6.0,1.0,2,5,0,2.0,1,2.0,1000,3.0,0.0,3.0,2.0,1,2.0,0,3.0,1995.0,1,999,1.0,1,40.0,0.0,38,52.0,84,0.0,200,1.0,1,2,3.0,0.0,2.0,5.0,2,4.0,1,37
0,400.0,62000.0,62000.0,32,62000.0,69,1.0,32,1.0,20.0,20,4.0,1.0,2,3,0,2.0,1,2.0,1000,3.0,0.0,3.0,2.0,1,2.0,0,3.0,2009.0,1,82,2.0,1,40.0,0.0,27,52.0,28,0.0,400,3.0,2,2,3.0,0.0,2.0,5.0,2,4.0,1,47
0,57.0,9100.0,9100.0,63,9100.0,07,6.0,32,1.0,16.0,20,6.0,2.0,2,5,2,2.0,1,2.0,1000,2.0,0.0,2.0,2.0,1,2.0,0,2.0,1995.0,1,999,8.0,1,40.0,0.0,38,24.0,28,0.0,400,1.0,1,2,3.0,0.0,2.0,5.0,2,4.0,1,54
0,233.0,28280.0,28280.0,57,280.0,78,1.0,22,1.0,19.0,20,1.0,1.0,2,1,0,2.0,1,2.0,1000,3.0,0.0,3.0,2.0,1,2.0,0,3.0,1989.0,1,999,3.0,5,40.0,0.0,139,52.0,119,0.0,500,1.0,1,2,3.0,0.0,2.0,5.0,2,4.0,1,59
0,233.0,28000.0,28000.0,76,28000.0,88,1.0,924,1.0,20.0,21,1.0,1.0,2,1,1,2.0,1,2.0,1000,3.0,0.0,3.0,2.0,1,2.0,0,3.0,1989.0,1,111,7.0,1,60.0,0.0,38,52.0,106,0.0,500,1.0,2,2,3.0,0.0,2.0,5.0,2,4.0,1,55
0,501.0,101500.0,65000.0,22,65000.0,78,1.0,32,1.0,22.0,20,2.0,1.0,2,1,0,2.0,1,2.0,1000,3.0,0.0,3.0,2.0,1,2.0,0,3.0,1990.0,1,82,4.0,1,40.0,0.0,38,52.0,54,5500.0,100,1.0,2,2,3.0,0.0,2.0,5.0,2,4.0,1,64
0,501.0,27000.0,27000.0,93,27000.0,85,1.0,917,1.0,16.0,30,6.0,1.0,1,5,0,2.0,3,2.0,5013,3.0,0.0,3.0,2.0,3,2.0,1,3.0,1995.0,0,999,1.0,1,40.0,0.0,38,52.0,214,0.0,100,1.0,1,2,3.0,0.0,2.0,5.0,1,4.0,1,21
0,261.0,19800.0,3400.0,42,3400.0,01,6.0,82,1.0,20.0,20,1.0,2.0,2,1,0,2.0,1,2.0,1000,2.0,0.0,2.0,2.0,1,2.0,0,2.0,2002.0,1,999,8.0,1,16.0,0.0,38,15.0,128,16400.0,500,1.0,1,2,3.0,0.0,2.0,5.0,2,4.0,1,43
0,261.0,42000.0,42000.0,59,42000.0,78,1.0,82,1.0,21.0,21,1.0,1.0,2,1,0,2.0,1,2.0,1000,3.0,0.0,3.0,2.0,1,2.0,0,3.0,2002.0,1,999,4.0,1,40.0,0.0,38,52.0,217,0.0,500,1.0,1,2,3.0,0.0,2.0,5.0,2,4.0,1,43
0,501.0,85610.0,85000.0,71,85000.0,44,1.0,88,1.0,19.0,20,1.0,1.0,2,1,0,2.0,1,2.0,1000,3.0,0.0,3.0,2.0,1,2.0,0,3.0,1990.0,1,999,5.0,1,40.0,0.0,54,52.0,10,350.0,500,1.0,1,2,3.0,0.0,2.0,5.0,2,2.0,1,60
0,501.0,85000.0,85000.0,19,85000.0,74,1.0,917,1.0,21.0,21,1.0,1.0,2,1,0,2.0,1,2.0,1000,3.0,0.0,3.0,2.0,1,2.0,0,3.0,1990.0,1,999,1.0,1,40.0,0.0,53,52.0,7,0.0,500,1.0,1,2,3.0,0.0,2.0,5.0,2,2.0,1,53
0,479.0,73000.0,67000.0,92,67000.0,07,3.0,32,1.0,18.0,20,6.0,2.0,2,5,0,2.0,1,2.0,1000,3.0,0.0,1.0,2.0,1,2.0,0,3.0,1995.0,1,82,1.0,1,80.0,0.0,38,26.0,100,0.0,300,3.0,2,2,1.0,0.0,2.0,1.0,2,4.0,1,23
0,65.0,10000.0,10000.0,47,10000.0,86,1.0,82,1.0,21.0,22,6.0,1.0,2,5,0,2.0,1,2.0,1000,3.0,0.0,3.0,2.0,1,2.0,0,3.0,1995.0,1,999,1.0,1,10.0,0.0,38,46.0,52,0.0,300,3.0,1,2,3.0,0.0,2.0,5.0,2,4.0,1,20
0,197.0,30000.0,30000.0,23,30000.0,78,1.0,82,1.0,21.0,34,6.0,1.0,2,5,0,2.0,1,2.0,1000,3.0,0.0,3.0,2.0,1,2.0,0,3.0,1995.0,1,999,3.0,1,40.0,0.0,38,48.0,56,0.0,300,1.0,1,2,3.0,0.0,2.0,5.0,2,4.0,1,22
0,479.0,74000.0,74000.0,00,74000.0,91,1.0,22,1.0,21.0,20,1.0,1.0,2,1,0,2.0,1,2.0,1000,3.0,0.0,3.0,2.0,1,2.0,0,3.0,2015.0,1,32,2.0,1,40.0,0.0,18,52.0,194,0.0,300,1.0,2,2,3.0,0.0,2.0,5.0,2,4.0,1,31
0,479.0,40000.0,40000.0,40,40000.0,86,1.0,97,1.0,21.0,21,1.0,1.0,2,1,0,2.0,1,2.0,1000,3.0,0.0,3.0,2.0,1,2.0,0,3.0,2015.0,1,22,1.0,1,20.0,0.0,28,52.0,129,0.0,300,1.0,2,2,3.0,0.0,2.0,5.0,2,4.0,1,29
0,328.0,50000.0,50000.0,23,50000.0,78,1.0,32,1.0,21.0,20,6.0,1.0,2,5,0,2.0,1,2.0,1000,3.0,0.0,3.0,2.0,1,2.0,0,3.0,1995.0,1,148,3.0,1,40.0,0.0,36,52.0,119,0.0,200,1.0,2,2,3.0,0.0,2.0,5.0,2,4.0,1,28
0,487.0,75000.0,75000.0,11,75000.0,73,1.0,999,1.0,20.0,20,6.0,1.0,2,5,0,2.0,1,2.0,1000,3.0,0.0,3.0,2.0,1,2.0,0,3.0,1995.0,1,999,1.0,1,40.0,0.0,27,52.0,330,0.0,400,1.0,4,2,3.0,0.0,2.0,5.0,2,4.0,1,37
0,501.0,173000.0,120000.0,05,120000.0,95,1.0,999,1.0,19.0,20,1.0,1.0,2,1,0,2.0,1,2.0,1000,3.0,0.0,3.0,2.0,1,2.0,0,3.0,2013.0,1,999,5.0,1,55.0,0.0,6,52.0,23,0.0,200,1.0,4,2,3.0,0.0,2.0,5.0,2,4.0,1,36
0,501.0,29000.0,29000.0,58,29000.0,61,1.0,999,1.0,16.0,21,1.0,1.0,2,1,0,2.0,1,2.0,1000,3.0,0.0,3.0,2.0,1,2.0,0,3.0,2013.0,1,999,1.0,1,32.0,0.0,38,52.0,19,0.0,200,1.0,4,2,3.0,0.0,2.0,5.0,2,4.0,1,36
0,501.0,104000.0,104000.0,00,104000.0,70,1.0,82,1.0,22.0,20,1.0,1.0,2,1,0,2.0,1,2.0,1000,3.0,0.0,3.0,2.0,1,2.0,0,3.0,2005.0,1,89,2.0,1,40.0,0.0,56,52.0,90,0.0,600,1.0,2,2,3.0,0.0,2.0,5.0,2,4.0,1,43
0,501.0,70000.0,70000.0,64,70000.0,07,1.0,32,1.0,20.0,21,1.0,1.0,2,1,0,2.0,1,2.0,1000,3.0,0.0,2.0,2.0,1,2.0,0,2.0,2005.0,1,142,7.0,1,40.0,0.0,38,52.0,95,0.0,600,1.0,2,2,3.0,0.0,2.0,5.0,2,4.0,1,47
0,329.0,52000.0,52000.0,24,52000.0,85,1.0,32,1.0,22.0,20,6.0,1.0,2,5,0,2.0,1,2.0,1000,3.0,0.0,3.0,2.0,1,2.0,0,3.0,1995.0,1,148,4.0,1,40.0,0.0,30,52.0,151,0.0,300,1.0,2,2,3.0,0.0,2.0,5.0,2,4.0,1,32
0,501.0,137180.0,137000.0,02,137000.0,78,1.0,50,1.0,24.0,20,6.0,1.0,2,5,0,2.0,1,2.0,1000,3.0,0.0,3.0,2.0,1,2.0,0,3.0,1995.0,1,999,4.0,1,55.0,0.0,37,52.0,171,180.0,500,1.0,1,2,3.0,0.0,2.0,5.0,2,4.0,1,57
1,167.0,34500.0,34500.0,47,34500.0,50,1.0,26,1.0,16.0,20,6.0,1.0,2,5,0,2.0,1,2.0,1000,3.0,0.0,3.0,2.0,1,2.0,0,3.0,1995.0,1,32,1.0,1,40.0,0.0,38,52.0,205,0.0,600,1.0,2,2,3.0,0.0,2.0,5.0,2,4.0,1,38
0,178.0,21000.0,0.0,42,0.0,69,6.0,996,3.0,16.0,20,1.0,2.0,1,1,0,2.0,1,2.0,1000,2.0,0.0,2.0,1.0,1,2.0,0,2.0,1984.0,1,999,1.0,1,40.0,0.0,38,52.0,14,0.0,400,1.0,3,2,2.0,0.0,2.0,2.0,2,4.0,1,65
1,178.0,11100.0,0.0,42,0.0,69,6.0,996,3.0,21.0,21,1.0,1.0,2,1,0,2.0,1,2.0,1000,2.0,0.0,2.0,2.0,1,2.0,0,2.0,1984.0,1,999,1.0,1,40.0,11100.0,38,52.0,14,0.0,400,1.0,3,2,2.0,0.0,2.0,1.0,2,4.0,1,64
0,128.0,15600.0,0.0,42,0.0,69,6.0,82,3.0,22.0,20,1.0,2.0,1,1,0,1.0,1,1.0,1000,2.0,15600.0,2.0,1.0,1,1.0,0,2.0,2014.0,1,999,1.0,1,40.0,0.0,38,52.0,80,0.0,400,1.0,1,1,3.0,0.0,2.0,5.0,2,4.0,1,45
0,128.0,10200.0,0.0,20,0.0,94,6.0,917,2.0,22.0,21,1.0,2.0,1,1,0,2.0,3,2.0,5013,2.0,10200.0,2.0,2.0,3,2.0,1,2.0,2014.0,0,999,3.0,1,40.0,0.0,38,52.0,158,0.0,400,1.0,1,2,3.0,0.0,2.0,5.0,1,4.0,1,39
0,405.0,63000.0,63000.0,15,63000.0,74,1.0,82,1.0,21.0,20,6.0,1.0,2,5,0,2.0,1,2.0,1000,3.0,0.0,3.0,2.0,1,2.0,0,3.0,1995.0,1,50,1.0,1,45.0,0.0,4,52.0,794,0.0,100,1.0,2,2,3.0,0.0,2.0,5.0,2,4.0,1,26
0,308.0,48000.0,48000.0,37,48000.0,94,1.0,82,1.0,21.0,34,6.0,1.0,2,5,0,2.0,1,2.0,1000,3.0,0.0,3.0,2.0,1,2.0,0,3.0,1995.0,1,32,3.0,1,50.0,0.0,27,52.0,3,0.0,100,3.0,2,2,3.0,0.0,2.0,5.0,2,4.0,1,29
0,308.0,48000.0,48000.0,23,48000.0,78,1.0,939,1.0,21.0,20,6.0,1.0,2,5,0,2.0,1,2.0,1000,3.0,0.0,3.0,2.0,1,2.0,0,3.0,1995.0,1,999,3.0,1,40.0,0.0,38,52.0,23,0.0,400,1.0,1,2,3.0,0.0,2.0,5.0,2,4.0,1,24
0,501.0,85000.0,85000.0,72,85000.0,48,1.0,939,1.0,20.0,22,6.0,1.0,2,5,0,2.0,1,2.0,1000,3.0,0.0,3.0,2.0,1,2.0,0,3.0,1995.0,1,999,1.0,1,50.0,0.0,38,52.0,23,0.0,400,1.0,1,2,3.0,0.0,2.0,5.0,2,4.0,1,27
0,60.0,12000.0,12000.0,25,12000.0,78,1.0,82,1.0,16.0,20,1.0,1.0,2,1,1,2.0,1,2.0,1000,3.0,0.0,3.0,2.0,1,2.0,0,3.0,1985.0,1,999,3.0,1,36.0,0.0,27,52.0,143,0.0,400,1.0,1,2,3.0,0.0,2.0,5.0,2,4.0,1,57
1,60.0,0.0,0.0,42,0.0,69,6.0,999,3.0,21.0,21,1.0,1.0,2,1,0,2.0,1,2.0,1000,3.0,0.0,3.0,2.0,1,2.0,0,3.0,1985.0,1,999,1.0,1,40.0,0.0,27,52.0,120,0.0,400,1.0,4,2,3.0,0.0,2.0,5.0,2,4.0,1,60
0,501.0,143000.0,85000.0,76,85000.0,05,1.0,111,1.0,18.0,20,6.0,1.0,1,5,0,2.0,1,2.0,1000,3.0,0.0,3.0,2.0,1,2.0,0,3.0,1995.0,1,26,1.0,1,50.0,0.0,26,52.0,431,0.0,200,1.0,2,2,3.0,0.0,2.0,5.0,1,2.0,1,29
0,501.0,86040.0,86000.0,64,86000.0,62,1.0,82,1.0,18.0,20,6.0,1.0,2,5,0,2.0,1,2.0,1000,3.0,0.0,3.0,2.0,1,2.0,0,3.0,1995.0,1,171,1.0,1,40.0,0.0,38,52.0,37,40.0,200,1.0,2,2,3.0,0.0,2.0,5.0,2,4.0,1,46
0,501.0,36000.0,36000.0,02,36000.0,01,1.0,32,1.0,21.0,21,1.0,1.0,2,1,2,2.0,1,2.0,1000,3.0,0.0,3.0,2.0,1,2.0,0,3.0,2018.0,1,82,7.0,1,40.0,0.0,38,52.0,15,0.0,400,1.0,2,2,3.0,0.0,2.0,5.0,2,3.0,1,60
0,501.0,5000.0,0.0,42,0.0,69,6.0,98,3.0,21.0,21,1.0,2.0,2,1,0,2.0,1,2.0,1000,2.0,0.0,2.0,2.0,1,2.0,0,2.0,1984.0,1,999,1.0,1,40.0,0.0,38,52.0,60,5000.0,600,1.0,1,2,3.0,0.0,2.0,5.0,2,4.0,1,60
0,501.0,121000.0,121000.0,03,61000.0,86,1.0,82,1.0,19.0,20,6.0,1.0,2,5,2,2.0,1,2.0,1000,3.0,0.0,3.0,2.0,1,2.0,0,3.0,1995.0,1,999,1.0,1,55.0,0.0,38,52.0,94,0.0,200,1.0,1,2,3.0,0.0,2.0,5.0,2,4.0,1,32
0,406.0,31300.0,0.0,47,0.0,47,6.0,32,2.0,17.0,20,1.0,2.0,1,1,0,2.0,1,2.0,1000,2.0,16300.0,2.0,1.0,1,2.0,0,2.0,1986.0,1,50,1.0,1,40.0,15000.0,29,52.0,13,0.0,500,1.0,2,2,2.0,0.0,2.0,5.0,2,4.0,1,63
0,102.0,16000.0,16000.0,43,16000.0,90,1.0,32,1.0,19.0,20,6.0,1.0,2,5,0,2.0,1,2.0,1000,3.0,0.0,3.0,2.0,1,2.0,0,3.0,1995.0,1,148,1.0,1,40.0,0.0,38,52.0,148,0.0,600,3.0,2,2,3.0,0.0,2.0,5.0,2,4.0,1,20
0,461.0,72000.0,72000.0,14,72000.0,35,1.0,94,1.0,21.0,20,6.0,1.0,2,5,0,2.0,1,2.0,1000,3.0,0.0,3.0,2.0,1,2.0,0,3.0,1995.0,1,32,1.0,1,40.0,0.0,27,52.0,170,0.0,400,1.0,2,2,3.0,0.0,2.0,5.0,2,4.0,1,23
0,501.0,90000.0,90000.0,69,90000.0,04,1.0,32,1.0,21.0,20,6.0,1.0,2,5,0,2.0,1,2.0,1000,3.0,0.0,3.0,2.0,1,2.0,0,3.0,1995.0,1,148,1.0,1,45.0,0.0,38,52.0,65,0.0,100,1.0,2,2,3.0,0.0,2.0,5.0,2,4.0,1,28
0,501.0,59000.0,0.0,42,0.0,69,6.0,32,3.0,21.0,21,1.0,2.0,2,1,0,2.0,1,2.0,1000,2.0,0.0,3.0,2.0,1,2.0,0,2.0,1989.0,1,50,1.0,1,40.0,17000.0,38,52.0,91,3000.0,100,1.0,2,2,3.0,0.0,2.0,5.0,2,4.0,1,63
0,286.0,44500.0,44500.0,16,44500.0,91,1.0,50,1.0,23.0,20,6.0,1.0,2,5,0,2.0,1,2.0,1000,3.0,0.0,3.0,2.0,1,2.0,0,3.0,1995.0,1,32,2.0,1,40.0,0.0,4,52.0,25,0.0,400,3.0,2,2,3.0,0.0,2.0,5.0,2,4.0,1,26
0,501.0,44000.0,44000.0,87,44000.0,87,1.0,82,1.0,19.0,20,1.0,1.0,2,1,0,2.0,1,2.0,1000,3.0,0.0,3.0,2.0,1,2.0,0,3.0,2004.0,1,89,1.0,1,45.0,0.0,27,52.0,10,0.0,600,1.0,2,2,3.0,0.0,2.0,5.0,2,4.0,1,50
0,501.0,58000.0,48000.0,11,48000.0,69,1.0,32,1.0,21.0,21,1.0,1.0,2,1,0,2.0,1,2.0,1000,3.0,0.0,3.0,2.0,1,2.0,0,3.0,2004.0,1,931,1.0,1,40.0,0.0,38,52.0,9,10000.0,600,1.0,2,2,3.0,0.0,2.0,5.0,2,4.0,1,48
0,501.0,60000.0,60000.0,63,0.0,07,3.0,82,1.0,16.0,20,1.0,2.0,2,1,0,2.0,1,2.0,1000,3.0,0.0,1.0,2.0,1,2.0,0,3.0,2005.0,1,999,6.0,1,40.0,0.0,38,52.0,42,0.0,200,1.0,1,2,1.0,0.0,2.0,1.0,2,4.0,1,40
0,501.0,35000.0,35000.0,47,35000.0,50,1.0,32,1.0,16.0,21,1.0,1.0,2,1,0,2.0,1,2.0,1000,3.0,0.0,3.0,2.0,1,2.0,0,3.0,2005.0,1,999,1.0,1,55.0,0.0,38,52.0,42,0.0,200,1.0,1,2,3.0,0.0,2.0,5.0,2,4.0,1,38
0,501.0,125000.0,125000.0,62,125000.0,07,3.0,32,1.0,16.0,25,6.0,2.0,2,5,0,2.0,1,2.0,1000,3.0,0.0,1.0,2.0,1,2.0,0,3.0,1995.0,1,82,1.0,1,40.0,0.0,38,52.0,28,0.0,200,1.0,2,2,1.0,0.0,2.0,1.0,2,4.0,1,18
0,367.0,80000.0,80000.0,13,80000.0,72,1.0,82,1.0,21.0,20,1.0,1.0,2,1,0,2.0,1,2.0,1000,3.0,0.0,3.0,2.0,1,2.0,0,3.0,2012.0,1,999,1.0,1,40.0,0.0,27,52.0,182,0.0,600,1.0,1,2,3.0,0.0,2.0,5.0,2,4.0,1,35
0,367.0,50000.0,50000.0,36,50000.0,79,1.0,50,1.0,20.0,21,1.0,1.0,2,1,0,2.0,1,2.0,1000,3.0,0.0,3.0,2.0,1,2.0,0,3.0,2012.0,1,999,1.0,1,37.0,0.0,27,52.0,180,0.0,600,1.0,1,2,3.0,0.0,2.0,5.0,2,4.0,1,34
0,334.0,60000.0,60000.0,48,60000.0,69,1.0,32,1.0,21.0,20,1.0,1.0,2,1,0,2.0,1,2.0,1000,3.0,0.0,3.0,2.0,1,2.0,0,3.0,2020.0,1,999,1.0,1,50.0,0.0,46,52.0,59,0.0,400,1.0,1,2,3.0,0.0,2.0,5.0,2,4.0,1,39
0,334.0,60000.0,60000.0,68,60000.0,07,1.0,32,1.0,14.0,21,1.0,1.0,2,1,0,2.0,1,2.0,1000,3.0,0.0,3.0,2.0,1,2.0,0,3.0,2020.0,1,999,1.0,1,50.0,0.0,38,52.0,56,0.0,400,1.0,1,2,3.0,0.0,2.0,5.0,2,4.0,1,33
0,414.0,35000.0,0.0,42,0.0,69,6.0,89,3.0,19.0,20,1.0,2.0,2,1,0,2.0,1,2.0,1000,2.0,0.0,2.0,2.0,1,2.0,0,2.0,2004.0,1,22,1.0,1,40.0,0.0,8,52.0,128,35000.0,400,1.0,2,2,3.0,0.0,2.0,5.0,2,4.0,1,41
0,414.0,110300.0,110000.0,04,80000.0,20,1.0,88,1.0,20.0,21,1.0,1.0,2,1,0,2.0,67,2.0,9000,3.0,0.0,3.0,2.0,9,2.0,0,3.0,2004.0,1,89,1.0,1,50.0,0.0,8,52.0,72,300.0,400,1.0,2,2,3.0,0.0,2.0,5.0,2,2.0,1,42
0,249.0,41700.0,41700.0,78,41700.0,49,1.0,122,1.0,19.0,25,6.0,1.0,2,5,0,2.0,1,2.0,1000,2.0,0.0,2.0,2.0,1,2.0,0,2.0,1995.0,1,999,1.0,1,60.0,0.0,38,52.0,33,0.0,400,1.0,1,2,3.0,0.0,2.0,5.0,2,4.0,1,53
1,249.0,11600.0,11600.0,40,11600.0,86,1.0,122,1.0,16.0,30,6.0,1.0,2,5,0,2.0,1,2.0,1000,2.0,0.0,2.0,2.0,1,2.0,0,2.0,1995.0,1,50,1.0,1,30.0,0.0,27,52.0,36,0.0,400,1.0,2,2,2.0,0.0,2.0,1.0,2,4.0,1,19
0,393.0,28800.0,28800.0,23,28800.0,78,1.0,32,1.0,21.0,20,1.0,1.0,2,1,0,2.0,1,2.0,1000,3.0,0.0,3.0,2.0,1,2.0,0,3.0,2015.0,1,82,3.0,1,24.0,0.0,27,52.0,27,0.0,400,1.0,2,2,3.0,0.0,2.0,5.0,2,4.0,1,31
0,393.0,125000.0,125000.0,60,25000.0,02,1.0,32,1.0,19.0,21,1.0,1.0,2,1,0,2.0,1,2.0,1000,3.0,0.0,3.0,2.0,1,2.0,0,3.0,2015.0,1,89,1.0,1,80.0,0.0,38,52.0,26,0.0,400,1.0,2,2,3.0,0.0,2.0,5.0,2,4.0,1,32
0,501.0,113300.0,43300.0,60,43300.0,01,2.0,999,1.0,16.0,20,6.0,2.0,1,5,0,2.0,1,2.0,1000,3.0,0.0,2.0,2.0,1,2.0,0,1.0,1995.0,1,999,1.0,1,45.0,0.0,38,45.0,20,70000.0,600,1.0,4,2,3.0,0.0,2.0,5.0,1,4.0,1,62
0,501.0,45000.0,45000.0,09,45000.0,68,1.0,32,1.0,21.0,20,1.0,1.0,2,1,0,2.0,1,2.0,1000,3.0,0.0,3.0,2.0,1,2.0,0,3.0,1991.0,1,999,1.0,1,38.0,0.0,38,52.0,57,0.0,500,1.0,1,2,3.0,0.0,2.0,5.0,2,4.0,1,55
0,501.0,180000.0,180000.0,02,180000.0,01,1.0,32,1.0,20.0,21,1.0,1.0,2,1,0,2.0,1,2.0,1000,3.0,0.0,3.0,2.0,1,2.0,0,3.0,1991.0,1,999,7.0,1,70.0,0.0,38,52.0,62,0.0,500,1.0,1,2,3.0,0.0,2.0,5.0,2,4.0,1,59
0,501.0,9470.0,-6430.0,02,270.0,01,1.0,32,1.0,16.0,20,1.0,1.0,2,1,2,2.0,1,2.0,1000,3.0,0.0,3.0,2.0,1,2.0,0,3.0,1987.0,1,999,6.0,1,70.0,0.0,38,52.0,177,300.0,200,1.0,1,2,3.0,0.0,2.0,5.0,2,4.0,1,60
0,343.0,39000.0,39000.0,20,39000.0,82,1.0,142,1.0,18.0,20,1.0,1.0,2,1,0,2.0,1,2.0,1000,3.0,0.0,3.0,2.0,1,2.0,0,3.0,2014.0,1,49,4.0,1,60.0,0.0,38,52.0,18,0.0,500,1.0,2,2,3.0,0.0,2.0,5.0,2,4.0,1,48
0,343.0,30000.0,30000.0,23,30000.0,78,1.0,999,1.0,21.0,21,1.0,1.0,2,1,0,2.0,1,2.0,1000,3.0,0.0,3.0,2.0,1,2.0,0,3.0,2014.0,1,999,3.0,1,30.0,0.0,38,52.0,12,0.0,500,1.0,4,2,3.0,0.0,2.0,5.0,2,2.0,1,58
0,497.0,51000.0,51000.0,33,51000.0,80,1.0,82,1.0,21.0,20,1.0,1.0,2,1,0,2.0,1,2.0,1000,3.0,0.0,3.0,2.0,1,2.0,0,3.0,2022.0,1,32,1.0,1,36.0,0.0,38,52.0,59,0.0,400,1.0,2,2,3.0,0.0,2.0,5.0,2,4.0,1,25
0,497.0,50000.0,43000.0,02,0.0,01,1.0,32,1.0,20.0,21,1.0,1.0,2,1,2,2.0,1,2.0,1000,3.0,0.0,3.0,2.0,1,2.0,0,3.0,2022.0,1,999,6.0,1,60.0,0.0,38,52.0,237,7000.0,400,1.0,1,2,3.0,0.0,2.0,5.0,2,4.0,1,27
0,380.0,60000.0,60000.0,15,60000.0,72,1.0,999,1.0,20.0,20,6.0,1.0,2,5,0,2.0,1,2.0,1000,3.0,0.0,3.0,2.0,1,2.0,0,3.0,1995.0,1,999,1.0,1,50.0,0.0,38,52.0,62,0.0,200,1.0,4,2,3.0,0.0,2.0,5.0,2,4.0,1,33
0,361.0,75000.0,75000.0,91,75000.0,61,1.0,999,1.0,16.0,20,6.0,1.0,2,5,2,2.0,1,2.0,1000,3.0,0.0,3.0,2.0,1,2.0,0,3.0,1995.0,1,999,7.0,1,70.0,0.0,31,52.0,52,0.0,100,1.0,4,2,3.0,0.0,2.0,5.0,2,4.0,1,45
0,501.0,45000.0,45000.0,51,0.0,86,1.0,32,1.0,19.0,20,1.0,1.0,2,1,0,2.0,1,2.0,1000,3.0,0.0,3.0,2.0,1,2.0,0,3.0,1984.0,1,999,6.0,1,35.0,0.0,38,52.0,46,0.0,100,1.0,1,2,3.0,0.0,2.0,5.0,2,4.0,1,62
0,501.0,65000.0,65000.0,03,0.0,86,1.0,111,1.0,16.0,21,1.0,1.0,2,1,0,2.0,1,2.0,1000,3.0,0.0,3.0,2.0,1,2.0,0,3.0,1984.0,1,32,6.0,1,50.0,0.0,38,52.0,84,0.0,100,1.0,2,2,3.0,0.0,2.0,5.0,2,4.0,1,59
0,249.0,15600.0,0.0,47,0.0,50,6.0,924,2.0,16.0,20,1.0,2.0,1,1,2,2.0,1,1.0,1000,2.0,15600.0,2.0,1.0,1,1.0,0,2.0,1986.0,1,999,8.0,1,40.0,0.0,38,52.0,24,0.0,400,1.0,1,2,3.0,0.0,2.0,5.0,2,4.0,1,63
0,249.0,34000.0,34000.0,51,34000.0,43,1.0,924,1.0,21.0,21,1.0,1.0,1,1,2,2.0,1,2.0,1000,3.0,0.0,3.0,1.0,1,2.0,0,3.0,1986.0,1,999,7.0,1,40.0,0.0,38,52.0,23,0.0,400,1.0,1,2,3.0,0.0,2.0,5.0,2,4.0,1,63
0,501.0,180000.0,180000.0,08,180000.0,74,1.0,82,1.0,21.0,20,1.0,1.0,2,1,0,2.0,1,2.0,1000,3.0,0.0,3.0,2.0,1,2.0,0,3.0,2009.0,1,999,1.0,1,40.0,0.0,38,52.0,16,0.0,600,1.0,1,2,3.0,0.0,2.0,5.0,2,4.0,1,48
0,501.0,56000.0,56000.0,91,56000.0,77,1.0,142,1.0,16.0,21,1.0,1.0,2,1,0,2.0,1,2.0,1000,3.0,0.0,3.0,2.0,1,2.0,0,3.0,2009.0,1,999,3.0,1,40.0,0.0,27,52.0,24,0.0,600,1.0,1,2,3.0,0.0,2.0,5.0,2,4.0,1,42
0,118.0,18800.0,18800.0,42,18800.0,70,3.0,82,1.0,21.0,20,6.0,2.0,1,5,2,1.0,1,2.0,1000,1.0,0.0,2.0,2.0,1,2.0,0,2.0,1995.0,1,32,1.0,1,30.0,0.0,38,20.0,25,0.0,100,1.0,2,2,2.0,0.0,2.0,2.0,2,4.0,1,59
0,392.0,60000.0,60000.0,21,60000.0,70,1.0,98,1.0,21.0,20,1.0,1.0,2,1,0,2.0,1,2.0,1000,3.0,0.0,3.0,2.0,1,2.0,0,3.0,2015.0,1,999,1.0,1,40.0,0.0,27,52.0,34,0.0,600,1.0,1,2,3.0,0.0,2.0,5.0,2,4.0,1,34
0,392.0,58000.0,58000.0,11,58000.0,68,1.0,32,1.0,20.0,21,1.0,1.0,2,1,0,2.0,22,2.0,9000,3.0,0.0,3.0,2.0,9,2.0,0,3.0,2015.0,1,750,1.0,1,40.0,0.0,40,52.0,26,0.0,600,1.0,2,2,3.0,0.0,2.0,5.0,2,4.0,1,36
0,472.0,64000.0,64000.0,85,64000.0,07,1.0,32,1.0,16.0,20,1.0,1.0,2,1,0,2.0,1,2.0,1000,3.0,0.0,3.0,2.0,1,2.0,0,3.0,1999.0,1,88,1.0,1,48.0,0.0,6,52.0,275,0.0,100,1.0,2,2,3.0,0.0,2.0,5.0,2,2.0,1,52
0,472.0,28600.0,13000.0,40,13000.0,86,1.0,32,1.0,16.0,21,1.0,1.0,1,1,0,1.0,1,2.0,1000,3.0,15600.0,3.0,1.0,1,2.0,0,3.0,1999.0,1,21,1.0,1,17.0,0.0,30,52.0,104,0.0,100,1.0,2,2,3.0,0.0,2.0,5.0,2,4.0,1,59
0,501.0,70000.0,70000.0,34,70000.0,81,1.0,82,1.0,20.0,20,6.0,1.0,2,5,0,2.0,1,2.0,1000,3.0,0.0,3.0,2.0,1,2.0,0,3.0,1995.0,1,999,1.0,1,54.0,0.0,38,52.0,459,0.0,400,1.0,1,2,3.0,0.0,2.0,5.0,2,3.0,1,25
0,193.0,30000.0,30000.0,36,30000.0,79,1.0,32,1.0,20.0,24,6.0,1.0,2,5,0,2.0,1,2.0,1000,3.0,0.0,3.0,2.0,1,2.0,0,3.0,1995.0,1,999,1.0,1,40.0,0.0,38,52.0,356,0.0,400,1.0,1,2,3.0,0.0,2.0,5.0,2,4.0,1,24
0,501.0,40000.0,40000.0,32,40000.0,80,1.0,82,1.0,20.0,28,6.0,1.0,2,5,0,2.0,1,2.0,1000,3.0,0.0,3.0,2.0,1,2.0,0,3.0,1995.0,1,999,1.0,1,50.0,0.0,38,52.0,148,0.0,400,1.0,1,2,3.0,0.0,2.0,5.0,2,4.0,1,27
0,102.0,15800.0,15300.0,40,15300.0,86,1.0,939,1.0,20.0,20,6.0,1.0,2,5,0,2.0,1,2.0,1000,3.0,0.0,3.0,2.0,1,2.0,0,3.0,1995.0,1,999,1.0,1,30.0,0.0,6,30.0,207,0.0,500,3.0,1,2,3.0,0.0,2.0,5.0,2,4.0,1,21
0,84.0,13300.0,13300.0,73,13300.0,50,1.0,50,1.0,14.0,20,6.0,1.0,2,5,0,2.0,28,2.0,9000,2.0,0.0,2.0,2.0,9,2.0,0,2.0,1995.0,1,20,1.0,8,20.0,0.0,512,52.0,201,0.0,300,1.0,2,2,3.0,0.0,2.0,5.0,2,4.0,1,39
0,501.0,75000.0,75000.0,02,75000.0,78,1.0,32,1.0,21.0,20,1.0,1.0,2,1,0,2.0,1,2.0,1000,3.0,0.0,3.0,2.0,1,2.0,0,3.0,1987.0,1,148,2.0,1,60.0,0.0,38,52.0,26,0.0,100,1.0,2,2,3.0,0.0,2.0,5.0,2,4.0,1,58
0,501.0,86000.0,86000.0,02,86000.0,01,1.0,32,1.0,20.0,21,1.0,1.0,2,1,0,2.0,1,2.0,1000,3.0,0.0,2.0,2.0,1,2.0,0,3.0,1987.0,1,148,7.0,1,70.0,0.0,38,52.0,47,0.0,100,1.0,2,2,3.0,0.0,2.0,5.0,2,4.0,1,61
0,335.0,51000.0,51000.0,21,51000.0,70,1.0,82,1.0,19.0,20,6.0,1.0,2,5,0,2.0,1,2.0,1000,3.0,0.0,3.0,2.0,1,2.0,0,3.0,1995.0,1,32,1.0,1,43.0,0.0,38,52.0,83,0.0,600,1.0,2,2,3.0,0.0,2.0,5.0,2,4.0,1,38
0,416.0,100000.0,100000.0,47,0.0,48,1.0,32,1.0,21.0,20,1.0,1.0,2,1,0,2.0,1,2.0,1000,3.0,0.0,3.0,2.0,1,2.0,0,3.0,2004.0,1,999,6.0,1,60.0,0.0,38,52.0,230,0.0,300,1.0,1,2,3.0,0.0,2.0,5.0,2,4.0,1,46
0,416.0,23000.0,23000.0,24,23000.0,78,1.0,32,1.0,21.0,21,1.0,1.0,2,1,0,2.0,1,2.0,1000,3.0,0.0,3.0,2.0,1,2.0,0,3.0,2004.0,1,999,4.0,1,37.0,0.0,56,40.0,373,0.0,300,1.0,1,2,3.0,0.0,2.0,5.0,2,4.0,1,45
0,325.0,50000.0,0.0,63,0.0,07,6.0,148,2.0,16.0,20,5.0,2.0,2,4,0,2.0,1,2.0,1000,3.0,0.0,1.0,2.0,1,2.0,0,3.0,2006.0,1,999,1.0,1,40.0,0.0,38,52.0,98,0.0,300,1.0,1,2,1.0,0.0,2.0,3.0,2,4.0,1,63
0,501.0,126000.0,126000.0,15,126000.0,64,1.0,999,1.0,1.0,20,1.0,1.0,2,1,0,2.0,2,2.0,3000,3.0,0.0,3.0,2.0,2,2.0,0,3.0,2007.0,0,999,1.0,6,40.0,0.0,407,52.0,241,0.0,600,1.0,4,2,3.0,0.0,2.0,5.0,2,4.0,1,39
0,501.0,41000.0,40000.0,36,40000.0,82,1.0,999,1.0,17.0,21,1.0,1.0,2,1,1,2.0,2,2.0,3000,3.0,0.0,3.0,2.0,2,2.0,0,3.0,2007.0,0,999,2.0,6,38.0,0.0,407,52.0,227,0.0,600,1.0,4,2,3.0,0.0,2.0,5.0,2,4.0,1,43
0,501.0,0.0,0.0,42,0.0,69,6.0,50,3.0,21.0,21,1.0,2.0,2,1,0,2.0,1,2.0,1000,2.0,0.0,2.0,2.0,1,2.0,0,2.0,1993.0,1,20,1.0,1,40.0,0.0,38,52.0,38,0.0,400,1.0,2,2,3.0,0.0,2.0,5.0,2,4.0,1,56
0,501.0,34000.0,34000.0,54,34000.0,81,1.0,82,1.0,20.0,20,1.0,1.0,2,1,2,2.0,1,2.0,1000,2.0,0.0,2.0,2.0,1,2.0,0,2.0,1992.0,1,999,2.0,1,40.0,0.0,38,52.0,82,0.0,500,1.0,1,2,3.0,0.0,2.0,5.0,2,4.0,1,51
0,501.0,78000.0,78000.0,70,78000.0,05,1.0,32,1.0,20.0,21,1.0,1.0,2,1,2,2.0,1,2.0,1000,2.0,0.0,2.0,2.0,1,2.0,0,2.0,1992.0,1,999,1.0,1,40.0,0.0,38,52.0,57,0.0,500,1.0,1,2,3.0,0.0,2.0,5.0,2,4.0,1,55
0,315.0,36000.0,36000.0,26,0.0,74,1.0,999,1.0,19.0,20,1.0,1.0,2,1,0,2.0,1,2.0,1000,3.0,0.0,3.0,2.0,1,2.0,0,3.0,2000.0,1,999,6.0,1,30.0,0.0,38,48.0,71,0.0,600,1.0,4,2,3.0,0.0,2.0,5.0,2,4.0,1,45
0,315.0,70000.0,70000.0,47,70000.0,48,1.0,999,1.0,18.0,21,1.0,1.0,2,1,0,2.0,1,2.0,1000,3.0,0.0,3.0,2.0,1,2.0,0,3.0,2000.0,1,999,1.0,1,50.0,0.0,38,52.0,106,0.0,600,1.0,4,2,3.0,0.0,2.0,5.0,2,4.0,1,47
0,398.0,89600.0,80000.0,42,80000.0,77,1.0,32,1.0,14.0,20,5.0,1.0,2,4,0,2.0,1,2.0,1000,3.0,0.0,3.0,2.0,1,2.0,0,3.0,2011.0,1,82,1.0,1,55.0,0.0,38,52.0,41,0.0,500,1.0,2,2,3.0,0.0,2.0,5.0,2,4.0,1,38
0,308.0,46000.0,46000.0,51,46000.0,32,1.0,82,1.0,18.0,20,1.0,1.0,2,1,0,2.0,1,2.0,1000,3.0,0.0,3.0,2.0,1,2.0,0,3.0,2022.0,1,89,1.0,1,40.0,0.0,27,52.0,87,0.0,400,3.0,2,2,3.0,0.0,1.0,5.0,2,4.0,1,31
0,308.0,48000.0,48000.0,96,48000.0,38,1.0,148,1.0,14.0,21,1.0,1.0,2,1,0,2.0,17,2.0,9000,3.0,0.0,3.0,2.0,9,2.0,1,3.0,2022.0,1,920,1.0,1,45.0,0.0,27,52.0,64,0.0,400,3.0,2,2,3.0,0.0,1.0,5.0,2,4.0,1,30
0,501.0,26500.0,0.0,16,0.0,81,6.0,89,2.0,21.0,21,1.0,2.0,2,1,2,2.0,1,2.0,1000,2.0,0.0,2.0,2.0,1,2.0,0,2.0,1982.0,1,999,1.0,1,40.0,0.0,27,52.0,59,0.0,500,1.0,1,2,3.0,0.0,2.0,5.0,2,4.0,1,65
0,481.0,26500.0,26500.0,36,26500.0,81,1.0,902,1.0,1.0,20,1.0,1.0,2,1,0,2.0,2,2.0,3000,3.0,0.0,3.0,2.0,2,2.0,0,3.0,2019.0,0,999,2.0,1,72.0,0.0,39,52.0,499,0.0,600,3.0,1,2,3.0,0.0,2.0,5.0,2,4.0,1,36
0,481.0,77000.0,77000.0,68,77000.0,04,1.0,902,1.0,16.0,21,1.0,1.0,2,1,0,2.0,2,2.0,3000,3.0,0.0,3.0,2.0,2,2.0,0,3.0,2019.0,0,999,1.0,1,40.0,0.0,22,50.0,551,0.0,600,3.0,1,2,3.0,0.0,2.0,5.0,2,2.0,1,47
0,481.0,10600.0,10600.0,96,10600.0,53,6.0,902,1.0,15.0,27,6.0,2.0,2,5,0,2.0,2,2.0,3000,3.0,0.0,2.0,2.0,2,2.0,0,2.0,1995.0,0,999,1.0,1,40.0,0.0,22,12.0,1021,0.0,600,3.0,1,2,3.0,0.0,2.0,5.0,2,4.0,1,18
0,211.0,32500.0,32500.0,72,30000.0,61,1.0,999,1.0,20.0,20,4.0,1.0,2,3,0,2.0,1,2.0,1000,3.0,0.0,3.0,2.0,1,2.0,0,3.0,1982.0,1,999,6.0,1,50.0,0.0,30,52.0,178,0.0,100,1.0,4,2,3.0,0.0,2.0,5.0,2,4.0,1,61
0,233.0,22500.0,0.0,32,0.0,81,6.0,89,2.0,18.0,21,1.0,2.0,1,1,2,2.0,1,2.0,1000,2.0,0.0,2.0,1.0,1,2.0,0,2.0,1983.0,1,82,1.0,1,40.0,14700.0,38,52.0,12,7800.0,500,1.0,2,2,3.0,0.0,2.0,5.0,2,4.0,1,65
0,398.0,3500.0,100.0,45,0.0,89,1.0,32,1.0,16.0,21,1.0,1.0,2,1,1,2.0,1,2.0,1000,3.0,0.0,3.0,2.0,1,2.0,0,3.0,2000.0,1,999,6.0,1,32.0,0.0,38,49.0,29,3400.0,400,1.0,1,2,3.0,0.0,2.0,5.0,2,4.0,1,58
0,488.0,75000.0,75000.0,02,0.0,01,1.0,82,1.0,20.0,20,1.0,1.0,2,1,2,2.0,1,2.0,1000,3.0,0.0,3.0,2.0,1,2.0,0,3.0,2009.0,1,999,6.0,1,60.0,0.0,38,52.0,22,0.0,400,1.0,1,2,3.0,0.0,2.0,5.0,2,4.0,1,55
0,488.0,24000.0,24000.0,45,0.0,89,1.0,32,1.0,20.0,21,1.0,1.0,2,1,2,2.0,1,2.0,1000,3.0,0.0,3.0,2.0,1,2.0,0,3.0,2009.0,1,999,6.0,1,40.0,0.0,38,52.0,29,0.0,400,1.0,1,2,3.0,0.0,2.0,5.0,2,4.0,1,47
0,199.0,30800.0,28800.0,83,28800.0,82,1.0,995,1.0,21.0,20,6.0,1.0,2,5,0,2.0,1,2.0,1000,3.0,0.0,3.0,2.0,1,2.0,0,3.0,1995.0,1,999,1.0,1,40.0,0.0,27,20.0,26,2000.0,100,3.0,3,2,3.0,0.0,2.0,5.0,2,4.0,1,48
0,333.0,18000.0,18000.0,48,18000.0,68,1.0,32,1.0,21.0,20,1.0,1.0,2,1,0,2.0,1,2.0,1000,3.0,0.0,3.0,2.0,1,2.0,0,3.0,2010.0,1,26,1.0,1,20.0,0.0,38,52.0,114,0.0,300,1.0,2,2,3.0,0.0,2.0,5.0,2,4.0,1,46
0,333.0,82000.0,82000.0,33,0.0,81,1.0,32,1.0,23.0,21,1.0,1.0,2,1,0,2.0,1,2.0,1000,3.0,0.0,3.0,2.0,1,2.0,0,3.0,2010.0,1,82,6.0,1,60.0,0.0,27,52.0,92,0.0,300,1.0,2,2,3.0,0.0,2.0,5.0,2,4.0,1,43
0,501.0,15800.0,9400.0,46,0.0,84,6.0,924,1.0,16.0,21,1.0,2.0,2,1,2,2.0,1,2.0,1000,2.0,0.0,2.0,2.0,1,2.0,0,2.0,1980.0,1,999,6.0,1,45.0,6400.0,38,12.0,44,0.0,500,1.0,1,2,3.0,0.0,2.0,5.0,2,4.0,1,63
0,17.0,2700.0,0.0,42,0.0,69,6.0,999,3.0,17.0,20,6.0,2.0,1,5,1,2.0,1,2.0,1000,2.0,2700.0,2.0,1.0,1,2.0,0,2.0,1995.0,1,999,1.0,1,40.0,0.0,38,52.0,35,0.0,300,1.0,4,2,3.0,0.0,2.0,5.0,2,4.0,1,62
1,174.0,42000.0,42000.0,01,42000.0,07,1.0,999,1.0,16.0,20,6.0,1.0,2,5,0,2.0,1,2.0,1000,3.0,0.0,3.0,2.0,1,2.0,0,3.0,1995.0,1,999,1.0,1,38.0,0.0,38,52.0,117,0.0,500,1.0,4,2,3.0,0.0,2.0,5.0,2,4.0,1,28
0,209.0,32000.0,32000.0,52,32000.0,68,1.0,210,1.0,19.0,20,6.0,1.0,2,5,0,2.0,15,2.0,8000,3.0,0.0,3.0,2.0,8,2.0,0,3.0,1995.0,0,999,1.0,1,41.0,0.0,38,52.0,21,0.0,500,1.0,1,2,3.0,0.0,2.0,5.0,2,4.0,2,25
0,156.0,24000.0,24000.0,51,24000.0,75,1.0,94,1.0,19.0,22,6.0,1.0,2,5,2,2.0,1,2.0,1000,3.0,0.0,3.0,2.0,1,2.0,0,3.0,1995.0,1,999,1.0,1,36.0,0.0,38,51.0,26,0.0,500,1.0,1,2,3.0,0.0,2.0,5.0,2,4.0,1,25
0,497.0,60000.0,20000.0,60,20000.0,01,6.0,111,1.0,19.0,20,1.0,2.0,2,1,0,2.0,1,2.0,1000,2.0,0.0,2.0,2.0,1,2.0,0,2.0,1987.0,1,999,1.0,1,45.0,0.0,38,25.0,88,0.0,500,1.0,1,2,3.0,0.0,2.0,5.0,2,4.0,1,56
0,497.0,38000.0,38000.0,58,38000.0,93,1.0,32,1.0,18.0,21,1.0,1.0,2,1,0,2.0,1,2.0,1000,3.0,0.0,3.0,2.0,1,2.0,0,3.0,1987.0,1,999,3.0,1,40.0,0.0,38,52.0,110,0.0,500,1.0,1,2,3.0,0.0,2.0,5.0,2,4.0,1,52
1,458.0,64000.0,60000.0,20,60000.0,94,1.0,999,1.0,21.0,20,1.0,1.0,2,1,0,2.0,1,2.0,1000,3.0,0.0,3.0,2.0,1,2.0,0,3.0,1997.0,1,999,3.0,1,40.0,0.0,38,52.0,118,0.0,600,1.0,4,2,3.0,0.0,2.0,5.0,2,4.0,1,56
0,458.0,27000.0,27000.0,20,27000.0,91,1.0,999,1.0,21.0,21,1.0,1.0,2,1,2,2.0,1,2.0,1000,3.0,0.0,3.0,2.0,1,2.0,0,3.0,1997.0,1,999,2.0,1,40.0,0.0,38,52.0,115,0.0,600,1.0,4,2,3.0,0.0,2.0,5.0,2,4.0,1,55
0,501.0,85000.0,85000.0,15,85000.0,72,1.0,32,1.0,21.0,20,6.0,1.0,2,5,0,2.0,1,2.0,1000,3.0,0.0,3.0,2.0,1,2.0,0,3.0,1995.0,1,999,1.0,1,45.0,0.0,38,52.0,126,0.0,600,1.0,1,2,3.0,0.0,2.0,5.0,2,4.0,1,25
0,451.0,70000.0,70000.0,31,70000.0,81,1.0,82,1.0,22.0,20,1.0,1.0,2,1,0,2.0,1,2.0,1000,3.0,0.0,3.0,2.0,1,2.0,0,3.0,2006.0,1,32,4.0,1,37.0,0.0,38,52.0,217,0.0,600,1.0,2,2,3.0,0.0,2.0,5.0,2,4.0,1,42
0,451.0,40000.0,40000.0,07,0.0,73,1.0,89,1.0,22.0,21,1.0,1.0,2,1,0,2.0,17,2.0,9000,3.0,0.0,3.0,2.0,9,2.0,1,3.0,2006.0,1,82,6.0,1,30.0,0.0,38,52.0,151,0.0,600,1.0,2,2,3.0,0.0,2.0,5.0,2,4.0,1,42
0,192.0,30360.0,860.0,91,0.0,61,1.0,32,1.0,17.0,20,4.0,1.0,1,3,1,2.0,1,2.0,1000,3.0,0.0,3.0,1.0,1,2.0,0,3.0,1989.0,1,999,6.0,1,6.0,9400.0,38,20.0,22,0.0,100,1.0,1,2,3.0,0.0,2.0,5.0,2,4.0,1,57
0,426.0,62000.0,62000.0,23,62000.0,78,1.0,82,1.0,22.0,20,1.0,1.0,2,1,0,2.0,1,2.0,1000,2.0,0.0,2.0,2.0,1,2.0,0,2.0,1994.0,1,999,3.0,1,50.0,0.0,38,52.0,26,0.0,500,1.0,1,2,3.0,0.0,2.0,5.0,2,4.0,1,53
0,426.0,22000.0,22000.0,62,0.0,07,1.0,82,1.0,21.0,21,1.0,1.0,2,1,0,2.0,1,2.0,1000,3.0,0.0,3.0,2.0,1,2.0,0,3.0,1994.0,1,999,6.0,1,40.0,0.0,38,52.0,20,0.0,500,1.0,1,2,3.0,0.0,2.0,5.0,2,4.0,1,63
0,501.0,50000.0,50000.0,02,0.0,01,1.0,999,1.0,20.0,20,1.0,1.0,2,1,0,2.0,1,2.0,1000,3.0,0.0,2.0,2.0,1,2.0,0,3.0,1991.0,1,999,6.0,1,40.0,0.0,38,52.0,153,0.0,400,1.0,4,2,3.0,0.0,2.0,5.0,2,4.0,1,55
0,501.0,50000.0,50000.0,02,0.0,01,1.0,999,1.0,21.0,21,1.0,1.0,2,1,0,2.0,1,2.0,1000,2.0,0.0,2.0,2.0,1,2.0,0,2.0,1991.0,1,999,6.0,1,40.0,0.0,38,52.0,135,0.0,400,1.0,4,2,3.0,0.0,2.0,5.0,2,4.0,1,50
0,501.0,30000.0,30000.0,96,30000.0,87,1.0,999,1.0,15.0,25,6.0,1.0,2,5,0,2.0,1,2.0,1000,3.0,0.0,3.0,2.0,1,2.0,0,3.0,1995.0,1,999,1.0,1,30.0,0.0,38,52.0,34,0.0,400,1.0,4,2,3.0,0.0,2.0,5.0,2,4.0,1,27
0,501.0,0.0,0.0,42,0.0,69,6.0,32,3.0,19.0,20,1.0,2.0,2,1,0,2.0,1,2.0,1000,2.0,0.0,2.0,2.0,1,2.0,0,2.0,1997.0,1,999,1.0,1,40.0,0.0,27,52.0,36,0.0,400,1.0,1,2,3.0,0.0,2.0,1.0,2,4.0,1,54
0,501.0,162000.0,32000.0,00,32000.0,01,1.0,939,1.0,21.0,21,1.0,1.0,2,1,1,2.0,1,2.0,1000,3.0,0.0,3.0,2.0,1,2.0,0,3.0,1997.0,1,999,7.0,1,40.0,0.0,27,52.0,26,130000.0,400,1.0,1,2,3.0,0.0,2.0,5.0,2,4.0,1,58
0,501.0,37600.0,37600.0,59,37600.0,52,1.0,939,1.0,16.0,21,1.0,1.0,2,1,0,2.0,1,2.0,1000,3.0,0.0,3.0,2.0,1,2.0,0,3.0,1990.0,1,999,1.0,1,40.0,0.0,38,52.0,10,0.0,300,1.0,1,2,3.0,0.0,2.0,5.0,2,4.0,1,60
0,501.0,22000.0,0.0,42,0.0,69,6.0,82,3.0,18.0,25,6.0,2.0,1,5,0,1.0,1,1.0,1000,2.0,0.0,2.0,2.0,1,2.0,0,2.0,1995.0,1,999,1.0,1,40.0,22000.0,38,52.0,11,0.0,200,1.0,1,2,3.0,0.0,2.0,5.0,2,4.0,1,42
0,501.0,82000.0,82000.0,20,82000.0,94,1.0,999,1.0,21.0,20,1.0,1.0,2,1,0,2.0,1,2.0,1000,3.0,0.0,3.0,2.0,1,2.0,0,3.0,2017.0,1,999,3.0,1,40.0,0.0,38,52.0,211,0.0,200,1.0,4,2,3.0,0.0,2.0,5.0,2,4.0,1,41
0,501.0,75000.0,75000.0,64,75000.0,07,1.0,999,1.0,21.0,21,1.0,1.0,2,1,0,2.0,1,2.0,1000,3.0,0.0,3.0,2.0,1,2.0,0,3.0,2017.0,1,999,1.0,1,45.0,0.0,38,52.0,214,0.0,200,1.0,4,2,3.0,0.0,2.0,5.0,2,2.0,1,41
0,242.0,52000.0,52000.0,47,52000.0,76,1.0,32,1.0,18.0,20,1.0,1.0,2,1,0,2.0,1,2.0,1000,3.0,0.0,3.0,2.0,1,2.0,0,3.0,1999.0,1,50,1.0,1,40.0,0.0,29,52.0,30,0.0,200,1.0,2,2,3.0,0.0,2.0,5.0,2,4.0,1,48
0,242.0,22000.0,22000.0,57,22000.0,78,1.0,82,1.0,16.0,21,1.0,1.0,2,1,0,2.0,1,2.0,1000,3.0,0.0,3.0,2.0,1,2.0,0,3.0,1999.0,1,89,3.0,1,35.0,0.0,38,52.0,22,0.0,200,1.0,2,2,3.0,0.0,2.0,5.0,2,4.0,1,45
0,325.0,51000.0,49800.0,23,49800.0,78,1.0,32,1.0,21.0,20,4.0,1.0,2,3,0,2.0,1,2.0,1000,3.0,0.0,3.0,2.0,1,2.0,0,3.0,1985.0,1,82,2.0,1,40.0,0.0,38,36.0,110,1200.0,300,1.0,2,2,3.0,0.0,2.0,5.0,2,4.0,1,61
1,0.0,0.0,0.0,42,0.0,69,6.0,917,3.0,16.0,36,4.0,2.0,2,3,0,2.0,3,2.0,5013,2.0,0.0,2.0,2.0,3,2.0,1,2.0,2012.0,0,999,1.0,1,40.0,0.0,38,52.0,161,0.0,300,1.0,1,2,3.0,0.0,2.0,5.0,2,4.0,1,56
0,501.0,84000.0,84000.0,32,84000.0,81,1.0,82,1.0,22.0,20,6.0,1.0,2,5,0,2.0,1,2.0,1000,3.0,0.0,3.0,2.0,1,2.0,0,3.0,1995.0,1,32,2.0,1,32.0,0.0,27,52.0,16,0.0,400,3.0,2,2,3.0,0.0,2.0,5.0,2,4.0,1,29
0,501.0,100000.0,100000.0,07,100000.0,23,1.0,999,1.0,22.0,22,6.0,1.0,2,5,0,2.0,1,2.0,1000,3.0,0.0,3.0,2.0,1,2.0,0,3.0,1995.0,1,999,1.0,1,40.0,0.0,55,52.0,19,0.0,400,3.0,4,2,3.0,0.0,2.0,5.0,2,4.0,1,29
0,501.0,125000.0,65000.0,07,65000.0,73,1.0,999,1.0,21.0,20,2.0,1.0,2,1,2,2.0,29,2.0,9000,3.0,0.0,3.0,2.0,9,2.0,0,3.0,2001.0,1,999,5.0,1,40.0,0.0,38,52.0,34,0.0,400,1.0,4,2,3.0,0.0,2.0,5.0,2,2.0,1,63
0,93.0,21000.0,20000.0,01,20000.0,68,1.0,996,1.0,19.0,20,4.0,1.0,2,3,0,2.0,1,2.0,1000,3.0,0.0,3.0,2.0,1,2.0,0,3.0,2016.0,1,999,1.0,1,30.0,0.0,38,52.0,25,0.0,200,1.0,3,2,3.0,0.0,2.0,5.0,2,4.0,1,42
0,93.0,1300.0,1300.0,02,0.0,01,6.0,999,1.0,15.0,25,6.0,2.0,1,5,2,2.0,1,2.0,1000,2.0,0.0,2.0,2.0,1,2.0,0,2.0,1995.0,1,999,6.0,1,10.0,0.0,38,8.0,7,0.0,200,1.0,4,1,3.0,0.0,2.0,5.0,2,4.0,1,19
0,381.0,25000.0,25000.0,07,25000.0,94,1.0,999,1.0,18.0,20,2.0,1.0,2,1,0,2.0,1,2.0,1000,3.0,0.0,3.0,2.0,1,2.0,0,3.0,1980.0,1,999,4.0,1,40.0,0.0,30,52.0,192,0.0,300,1.0,4,2,3.0,0.0,2.0,5.0,2,4.0,1,65
0,381.0,45000.0,45000.0,23,45000.0,78,1.0,999,1.0,21.0,25,6.0,1.0,2,5,0,2.0,1,2.0,1000,3.0,0.0,3.0,2.0,1,2.0,0,3.0,1995.0,1,999,3.0,1,40.0,0.0,38,52.0,174,0.0,300,1.0,4,2,3.0,0.0,2.0,5.0,2,4.0,1,35
0,256.0,40000.0,40000.0,58,40000.0,69,1.0,32,1.0,16.0,20,4.0,1.0,2,3,0,2.0,1,2.0,1000,3.0,0.0,3.0,2.0,1,2.0,0,3.0,2000.0,1,999,5.0,1,40.0,0.0,20,52.0,91,0.0,600,1.0,1,2,3.0,0.0,2.0,5.0,2,4.0,1,48
0,501.0,175000.0,175000.0,02,0.0,01,6.0,82,1.0,19.0,20,4.0,2.0,2,3,0,2.0,1,2.0,1000,2.0,0.0,2.0,2.0,1,2.0,0,2.0,1977.0,1,999,6.0,1,99.0,0.0,38,40.0,41,0.0,100,1.0,1,2,3.0,0.0,2.0,5.0,2,4.0,1,64
0,333.0,52000.0,52000.0,07,52000.0,81,1.0,999,1.0,21.0,20,1.0,1.0,2,1,0,2.0,1,2.0,1000,3.0,0.0,3.0,2.0,1,2.0,0,3.0,2016.0,1,999,1.0,1,40.0,0.0,38,52.0,96,0.0,600,1.0,4,2,3.0,0.0,2.0,5.0,2,4.0,1,39
0,333.0,50000.0,50000.0,07,50000.0,68,1.0,999,1.0,22.0,21,1.0,1.0,2,1,0,2.0,1,2.0,1000,3.0,0.0,3.0,2.0,1,2.0,0,3.0,2016.0,1,999,1.0,1,40.0,0.0,39,52.0,96,0.0,600,1.0,4,2,3.0,0.0,2.0,5.0,2,4.0,1,30
1,162.0,50000.0,50000.0,62,50000.0,07,1.0,50,1.0,16.0,20,1.0,1.0,1,1,0,1.0,1,2.0,1000,2.0,0.0,2.0,2.0,1,2.0,0,1.0,2015.0,1,32,1.0,1,30.0,0.0,27,52.0,298,0.0,600,1.0,2,2,1.0,0.0,2.0,1.0,2,4.0,1,39
1,162.0,0.0,0.0,58,0.0,57,3.0,51,2.0,22.0,21,1.0,1.0,1,1,0,1.0,1,2.0,1000,1.0,0.0,3.0,2.0,1,2.0,0,3.0,2015.0,1,82,2.0,1,40.0,0.0,27,52.0,287,0.0,600,1.0,2,2,3.0,0.0,2.0,1.0,2,4.0,1,44
0,501.0,67000.0,67000.0,53,67000.0,01,1.0,32,1.0,21.0,20,1.0,1.0,2,1,0,2.0,1,2.0,1000,3.0,0.0,3.0,2.0,1,2.0,0,3.0,2006.0,1,50,1.0,1,52.0,0.0,38,51.0,164,0.0,600,1.0,2,2,3.0,0.0,2.0,5.0,2,4.0,1,49
0,501.0,118000.0,98000.0,37,98000.0,94,1.0,32,1.0,21.0,21,1.0,1.0,2,1,0,2.0,1,2.0,1000,3.0,0.0,3.0,2.0,1,2.0,0,3.0,2006.0,1,999,3.0,1,56.0,0.0,6,52.0,200,20000.0,600,1.0,1,2,3.0,0.0,2.0,5.0,2,3.0,1,50
0,501.0,80000.0,80000.0,72,80000.0,42,1.0,32,1.0,20.0,20,6.0,1.0,2,5,0,2.0,1,2.0,1000,3.0,0.0,3.0,2.0,1,2.0,0,3.0,1995.0,1,82,1.0,1,50.0,0.0,38,52.0,99,0.0,400,1.0,2,2,3.0,0.0,2.0,5.0,2,4.0,1,37
0,501.0,104900.0,106000.0,25,106000.0,78,1.0,999,1.0,18.0,20,6.0,1.0,2,5,0,2.0,16,2.0,9000,3.0,0.0,3.0,2.0,9,2.0,0,3.0,1995.0,1,999,4.0,1,40.0,0.0,6,52.0,29,-1100.0,200,1.0,4,2,3.0,0.0,2.0,5.0,2,4.0,4,34
0,501.0,0.0,0.0,42,0.0,69,6.0,32,3.0,20.0,21,1.0,2.0,2,1,0,2.0,1,2.0,1000,2.0,0.0,2.0,2.0,1,2.0,0,2.0,1990.0,1,999,1.0,1,40.0,0.0,38,52.0,19,0.0,400,1.0,1,2,3.0,0.0,2.0,5.0,2,4.0,1,65
0,136.0,20800.0,20800.0,73,20800.0,81,1.0,939,1.0,16.0,20,6.0,1.0,2,5,0,2.0,1,2.0,1000,2.0,0.0,2.0,2.0,1,2.0,0,2.0,1995.0,1,999,1.0,1,36.0,0.0,38,52.0,115,0.0,400,1.0,1,2,3.0,0.0,2.0,5.0,2,4.0,1,23
0,501.0,93000.0,69000.0,32,69000.0,94,1.0,87,1.0,20.0,20,6.0,1.0,2,5,0,2.0,1,2.0,1000,3.0,0.0,3.0,2.0,1,2.0,0,3.0,1995.0,1,32,4.0,1,24.0,0.0,53,52.0,75,0.0,400,3.0,2,2,3.0,0.0,2.0,5.0,2,2.0,1,23
0,204.0,31200.0,31200.0,43,31200.0,90,1.0,51,1.0,16.0,22,6.0,1.0,2,5,2,2.0,16,2.0,9000,3.0,0.0,3.0,2.0,9,2.0,0,3.0,1995.0,1,902,1.0,1,40.0,0.0,27,52.0,22,0.0,400,3.0,2,2,3.0,0.0,2.0,5.0,2,4.0,1,20
0,449.0,50000.0,50000.0,72,0.0,88,1.0,32,1.0,20.0,20,1.0,1.0,2,1,0,2.0,1,2.0,1000,3.0,0.0,3.0,2.0,1,2.0,0,3.0,2022.0,1,999,6.0,1,50.0,0.0,38,50.0,201,0.0,400,1.0,1,2,3.0,0.0,1.0,5.0,2,4.0,1,24
0,449.0,40000.0,40000.0,32,40000.0,81,1.0,999,1.0,16.0,21,1.0,1.0,2,1,0,2.0,1,2.0,1000,3.0,0.0,3.0,2.0,1,2.0,0,3.0,2022.0,1,999,2.0,1,26.0,0.0,38,52.0,148,0.0,400,1.0,4,2,3.0,0.0,1.0,5.0,2,4.0,1,24
0,501.0,73800.0,72000.0,47,72000.0,46,1.0,82,1.0,20.0,20,1.0,1.0,1,1,0,2.0,1,2.0,1000,3.0,0.0,3.0,2.0,1,2.0,0,3.0,2021.0,1,32,1.0,1,65.0,0.0,38,52.0,145,0.0,100,1.0,2,2,3.0,0.0,2.0,5.0,1,3.0,1,40
0,501.0,40000.0,40000.0,57,40000.0,69,1.0,740,1.0,16.0,21,1.0,1.0,2,1,2,2.0,21,2.0,9000,3.0,0.0,3.0,2.0,9,2.0,0,3.0,2021.0,1,22,1.0,1,34.0,0.0,41,52.0,51,0.0,100,1.0,2,2,3.0,0.0,2.0,5.0,2,4.0,1,27
0,238.0,5800.0,5800.0,23,5800.0,78,1.0,82,1.0,22.0,20,1.0,1.0,2,1,0,2.0,1,2.0,1000,3.0,0.0,3.0,2.0,1,2.0,0,3.0,2001.0,1,32,3.0,1,45.0,0.0,38,52.0,51,0.0,400,1.0,2,2,3.0,0.0,2.0,5.0,2,4.0,1,54
0,238.0,42000.0,42000.0,96,42000.0,35,1.0,32,1.0,21.0,21,1.0,1.0,2,1,0,2.0,1,2.0,1000,3.0,0.0,3.0,2.0,1,2.0,0,3.0,2001.0,1,999,1.0,1,40.0,0.0,38,52.0,69,0.0,400,1.0,1,2,3.0,0.0,2.0,5.0,2,4.0,1,54
0,130.0,20170.0,20000.0,06,20000.0,72,1.0,553,1.0,21.0,20,6.0,1.0,2,5,0,2.0,2,2.0,3000,3.0,0.0,3.0,2.0,2,2.0,0,3.0,1995.0,0,999,1.0,1,40.0,0.0,6,52.0,64,20.0,500,1.0,1,2,3.0,0.0,2.0,5.0,2,2.0,1,29
1,34.0,5500.0,0.0,99,0.0,99,3.0,999,3.0,1.0,20,4.0,1.0,1,3,0,1.0,5,2.0,4000,3.0,5500.0,3.0,2.0,6,2.0,0,3.0,2014.0,0,999,9.0,1,40.0,0.0,6,52.0,383,0.0,200,1.0,4,2,3.0,0.0,2.0,5.0,2,2.0,2,36
0,221.0,28600.0,28600.0,89,28600.0,23,1.0,568,1.0,1.0,20,1.0,1.0,2,1,0,2.0,2,2.0,3000,3.0,0.0,3.0,2.0,2,2.0,0,3.0,2010.0,0,999,1.0,6,40.0,0.0,462,40.0,360,0.0,500,1.0,1,2,3.0,0.0,2.0,5.0,2,4.0,1,37
0,221.0,82000.0,82000.0,21,82000.0,94,1.0,999,1.0,16.0,21,1.0,1.0,1,1,0,1.0,2,1.0,3000,3.0,0.0,3.0,1.0,2,1.0,0,3.0,2010.0,0,999,3.0,6,40.0,0.0,440,52.0,364,0.0,500,1.0,4,2,3.0,0.0,2.0,5.0,2,4.0,1,33
0,501.0,80000.0,80000.0,03,80000.0,81,1.0,82,1.0,22.0,20,1.0,1.0,2,1,0,2.0,1,2.0,1000,3.0,0.0,3.0,2.0,1,2.0,0,3.0,1985.0,1,112,2.0,1,40.0,0.0,38,52.0,204,0.0,600,1.0,2,2,3.0,0.0,2.0,5.0,2,4.0,1,58
0,501.0,73000.0,73000.0,63,73000.0,07,1.0,32,1.0,16.0,21,1.0,1.0,2,1,0,2.0,1,2.0,1000,3.0,0.0,3.0,2.0,1,2.0,0,3.0,1985.0,1,82,4.0,1,40.0,0.0,38,52.0,196,0.0,600,1.0,2,2,3.0,0.0,2.0,5.0,2,3.0,1,60
1,501.0,30000.0,30000.0,64,30000.0,07,1.0,917,1.0,16.0,26,6.0,1.0,2,5,0,2.0,3,2.0,5013,3.0,0.0,3.0,2.0,3,2.0,1,3.0,1995.0,0,999,1.0,1,20.0,0.0,38,36.0,176,0.0,600,1.0,1,2,3.0,0.0,2.0,5.0,2,4.0,1,23
0,379.0,36000.0,36000.0,47,36000.0,51,1.0,999,1.0,16.0,20,1.0,1.0,2,1,0,2.0,1,2.0,1000,3.0,0.0,3.0,2.0,1,2.0,0,3.0,2021.0,1,999,1.0,1,40.0,0.0,27,52.0,374,0.0,500,1.0,4,2,3.0,0.0,2.0,5.0,2,4.0,1,27
0,379.0,40000.0,40000.0,38,40000.0,94,1.0,999,1.0,20.0,21,1.0,1.0,2,1,0,2.0,1,2.0,1000,3.0,0.0,3.0,2.0,1,2.0,0,3.0,2021.0,1,999,4.0,1,40.0,0.0,27,52.0,287,0.0,500,1.0,4,2,3.0,0.0,2.0,5.0,2,4.0,1,28
0,171.0,26300.0,0.0,42,0.0,69,6.0,999,3.0,16.0,20,4.0,1.0,2,3,2,2.0,1,2.0,1000,3.0,1400.0,3.0,2.0,1,2.0,0,3.0,2009.0,1,999,1.0,1,40.0,24900.0,38,52.0,29,0.0,200,1.0,4,2,3.0,0.0,2.0,5.0,2,4.0,1,60
1,70.0,11000.0,0.0,42,0.0,69,6.0,924,3.0,16.0,20,5.0,2.0,1,4,0,2.0,1,2.0,1000,2.0,11000.0,2.0,2.0,1,2.0,0,2.0,1982.0,1,999,1.0,1,40.0,0.0,53,52.0,23,0.0,400,1.0,1,2,3.0,0.0,2.0,5.0,1,4.0,1,60
0,180.0,45000.0,45000.0,20,45000.0,83,1.0,999,1.0,21.0,20,6.0,1.0,2,5,0,2.0,1,2.0,1000,3.0,0.0,3.0,2.0,1,2.0,0,3.0,1995.0,1,999,1.0,1,40.0,0.0,53,52.0,53,0.0,200,3.0,4,2,3.0,0.0,2.0,5.0,2,4.0,1,48
0,295.0,45000.0,45000.0,47,45000.0,87,1.0,999,1.0,19.0,22,6.0,1.0,2,5,0,2.0,1,2.0,1000,3.0,0.0,3.0,2.0,1,2.0,0,3.0,1995.0,1,999,1.0,1,40.0,0.0,38,52.0,75,0.0,200,1.0,4,2,3.0,0.0,2.0,5.0,2,2.0,1,31
0,180.0,2100.0,2100.0,39,2100.0,85,6.0,999,1.0,14.0,25,6.0,1.0,2,5,0,2.0,1,2.0,1000,3.0,0.0,3.0,2.0,1,2.0,0,3.0,1995.0,1,999,3.0,1,7.0,0.0,38,12.0,14,0.0,200,3.0,4,2,3.0,0.0,2.0,5.0,2,4.0,1,18
0,180.0,8400.0,6000.0,42,6000.0,85,6.0,999,1.0,14.0,25,6.0,1.0,2,5,0,2.0,1,2.0,1000,3.0,0.0,3.0,2.0,1,2.0,0,3.0,1995.0,1,999,4.0,1,40.0,2400.0,38,8.0,30,0.0,200,3.0,4,2,3.0,0.0,2.0,5.0,2,4.0,1,18
0,251.0,100000.0,100000.0,96,100000.0,04,1.0,50,1.0,19.0,20,1.0,1.0,2,1,0,2.0,1,2.0,1000,3.0,0.0,3.0,2.0,1,2.0,0,3.0,2011.0,1,999,1.0,1,84.0,0.0,20,48.0,152,0.0,200,1.0,1,2,3.0,0.0,2.0,5.0,2,4.0,1,36
0,251.0,0.0,0.0,41,0.0,86,6.0,210,2.0,21.0,21,1.0,2.0,2,1,0,2.0,6,2.0,4008,2.0,0.0,2.0,2.0,6,2.0,0,2.0,2011.0,0,84,1.0,1,40.0,0.0,6,52.0,122,0.0,200,1.0,2,2,3.0,0.0,2.0,5.0,2,4.0,2,41
0,257.0,39400.0,14000.0,62,2000.0,07,6.0,89,1.0,21.0,20,6.0,2.0,2,5,1,2.0,1,2.0,1000,2.0,0.0,2.0,2.0,1,2.0,0,2.0,1995.0,1,50,6.0,1,40.0,0.0,27,20.0,33,25400.0,500,3.0,2,2,3.0,0.0,2.0,5.0,2,4.0,1,35
0,501.0,83500.0,82000.0,62,82000.0,07,1.0,98,1.0,16.0,20,6.0,1.0,2,5,0,2.0,1,2.0,1000,3.0,0.0,3.0,2.0,1,2.0,0,3.0,1995.0,1,999,1.0,1,65.0,0.0,38,50.0,99,0.0,200,1.0,1,2,3.0,0.0,2.0,5.0,2,4.0,1,26
0,212.0,32700.0,32700.0,73,32700.0,88,1.0,917,1.0,1.0,20,6.0,1.0,2,5,0,2.0,3,2.0,5013,3.0,0.0,3.0,2.0,3,2.0,1,3.0,1995.0,0,999,1.0,1,38.0,0.0,38,52.0,74,0.0,600,3.0,1,2,3.0,0.0,2.0,5.0,2,4.0,1,39
0,501.0,0.0,0.0,47,0.0,55,6.0,939,2.0,16.0,21,1.0,2.0,2,1,0,2.0,1,2.0,1000,2.0,0.0,2.0,2.0,1,2.0,0,2.0,1990.0,1,999,1.0,1,40.0,0.0,38,52.0,108,0.0,600,1.0,1,2,3.0,0.0,2.0,5.0,2,4.0,1,51
0,501.0,40000.0,40000.0,30,40000.0,50,1.0,939,1.0,24.0,21,1.0,1.0,2,1,2,2.0,1,2.0,1000,3.0,0.0,3.0,2.0,1,2.0,0,3.0,1994.0,1,999,7.0,1,60.0,0.0,38,52.0,41,0.0,400,1.0,1,2,3.0,0.0,2.0,5.0,2,4.0,1,51
0,259.0,39500.0,39500.0,65,39500.0,39,1.0,22,1.0,16.0,20,6.0,1.0,2,5,0,2.0,1,2.0,1000,3.0,0.0,3.0,2.0,1,2.0,0,3.0,1995.0,1,32,1.0,1,40.0,0.0,38,52.0,273,0.0,100,1.0,2,2,3.0,0.0,2.0,5.0,2,4.0,1,22
0,112.0,17460.0,0.0,42,0.0,76,6.0,999,2.0,16.0,20,6.0,2.0,1,5,0,1.0,1,1.0,1000,2.0,0.0,2.0,2.0,1,2.0,0,3.0,1995.0,1,999,1.0,1,40.0,13200.0,38,52.0,200,0.0,100,1.0,4,2,2.0,0.0,2.0,5.0,2,4.0,1,33
0,19.0,3000.0,0.0,42,0.0,69,6.0,999,3.0,17.0,22,6.0,2.0,1,5,0,1.0,1,1.0,1000,2.0,0.0,2.0,2.0,1,2.0,0,2.0,1995.0,1,999,1.0,1,40.0,3000.0,38,52.0,334,0.0,100,1.0,4,2,3.0,0.0,2.0,5.0,2,4.0,1,31
1,131.0,16400.0,0.0,42,0.0,69,6.0,999,3.0,13.0,25,5.0,2.0,2,4,0,2.0,2,2.0,3000,2.0,2400.0,2.0,2.0,2,2.0,0,2.0,1981.0,0,999,1.0,1,40.0,7000.0,17,52.0,35,0.0,200,1.0,4,2,3.0,0.0,2.0,5.0,2,4.0,1,58
1,131.0,7000.0,0.0,42,0.0,69,6.0,999,3.0,14.0,30,6.0,2.0,1,5,0,1.0,2,2.0,3000,2.0,0.0,2.0,2.0,2,2.0,0,2.0,1995.0,0,999,1.0,1,40.0,7000.0,17,52.0,32,0.0,200,1.0,4,2,3.0,0.0,2.0,5.0,2,4.0,1,24
0,501.0,70000.0,70000.0,47,70000.0,48,1.0,50,1.0,19.0,20,1.0,1.0,2,1,1,2.0,1,2.0,1000,3.0,0.0,3.0,2.0,1,2.0,0,3.0,1983.0,1,999,1.0,1,50.0,0.0,27,52.0,71,0.0,500,1.0,1,2,3.0,0.0,2.0,5.0,2,4.0,1,62
0,501.0,49090.0,49000.0,19,49000.0,10,1.0,50,1.0,19.0,21,1.0,1.0,2,1,2,2.0,1,2.0,1000,2.0,0.0,2.0,2.0,1,2.0,0,2.0,1983.0,1,32,4.0,1,45.0,0.0,38,52.0,82,90.0,500,1.0,2,2,3.0,0.0,2.0,1.0,2,4.0,1,60
0,466.0,175000.0,90000.0,00,90000.0,68,1.0,210,1.0,21.0,20,1.0,1.0,2,1,0,2.0,29,2.0,9000,3.0,0.0,3.0,2.0,9,2.0,0,3.0,2011.0,1,21,1.0,1,20.0,0.0,38,52.0,123,85000.0,200,1.0,2,2,3.0,0.0,2.0,5.0,2,4.0,2,39
0,466.0,36000.0,36000.0,30,36000.0,79,1.0,49,1.0,24.0,21,1.0,1.0,2,1,2,2.0,1,2.0,1000,3.0,0.0,3.0,2.0,1,2.0,0,3.0,2011.0,1,82,7.0,1,40.0,0.0,38,50.0,137,0.0,200,1.0,2,2,3.0,0.0,2.0,5.0,2,4.0,1,40
0,220.0,52000.0,42000.0,19,42000.0,78,1.0,98,1.0,21.0,20,4.0,1.0,2,3,0,2.0,1,2.0,1000,3.0,0.0,3.0,2.0,1,2.0,0,3.0,2005.0,1,999,4.0,1,40.0,0.0,38,52.0,29,0.0,200,1.0,1,2,3.0,0.0,2.0,5.0,2,4.0,1,45
0,501.0,80000.0,80000.0,19,80000.0,01,1.0,999,1.0,20.0,20,6.0,1.0,2,5,0,2.0,1,2.0,1000,3.0,0.0,3.0,2.0,1,2.0,0,3.0,1995.0,1,999,1.0,1,40.0,0.0,46,52.0,10,0.0,400,1.0,4,2,3.0,0.0,2.0,5.0,2,4.0,1,25
0,448.0,50000.0,50000.0,62,50000.0,07,1.0,917,1.0,19.0,20,1.0,1.0,2,1,0,2.0,3,2.0,5013,3.0,0.0,3.0,2.0,3,2.0,1,3.0,1980.0,0,999,3.0,1,40.0,0.0,38,52.0,39,0.0,400,1.0,1,2,3.0,0.0,2.0,5.0,2,4.0,1,65
0,448.0,55000.0,55000.0,54,55000.0,93,1.0,917,1.0,20.0,21,1.0,1.0,2,1,0,2.0,3,2.0,5013,3.0,0.0,3.0,2.0,3,2.0,1,3.0,1980.0,0,999,3.0,1,40.0,0.0,38,52.0,49,0.0,400,1.0,1,2,3.0,0.0,2.0,5.0,2,4.0,1,64
0,448.0,0.0,0.0,64,0.0,07,3.0,917,2.0,13.0,25,6.0,2.0,2,5,2,2.0,3,2.0,5013,1.0,0.0,2.0,2.0,3,2.0,1,2.0,1995.0,0,999,1.0,1,40.0,0.0,38,52.0,41,0.0,400,1.0,1,2,3.0,0.0,2.0,1.0,2,4.0,1,35
0,416.0,49000.0,49000.0,32,49000.0,78,6.0,82,1.0,22.0,20,1.0,2.0,2,1,0,2.0,1,2.0,1000,2.0,0.0,2.0,2.0,1,2.0,0,2.0,2013.0,1,22,3.0,1,40.0,0.0,38,40.0,94,0.0,600,1.0,2,2,3.0,0.0,2.0,5.0,2,4.0,1,31
0,416.0,100000.0,100000.0,06,100000.0,69,1.0,32,1.0,21.0,21,1.0,1.0,2,1,0,2.0,1,2.0,1000,3.0,0.0,3.0,2.0,1,2.0,0,3.0,2013.0,1,999,1.0,1,40.0,0.0,38,52.0,110,0.0,600,1.0,1,2,3.0,0.0,2.0,5.0,2,4.0,1,33
0,501.0,85100.0,80000.0,00,80000.0,91,6.0,94,1.0,21.0,20,1.0,2.0,2,1,0,2.0,1,2.0,1000,2.0,0.0,2.0,2.0,1,2.0,0,2.0,1983.0,1,32,2.0,1,55.0,0.0,38,34.0,67,5100.0,600,1.0,2,2,3.0,0.0,2.0,5.0,2,4.0,1,63
0,501.0,68000.0,30000.0,39,30000.0,76,1.0,32,1.0,21.0,21,1.0,1.0,1,1,0,2.0,1,2.0,1000,3.0,0.0,3.0,1.0,1,1.0,0,3.0,1983.0,1,171,1.0,1,25.0,0.0,38,52.0,64,0.0,600,1.0,2,2,3.0,0.0,2.0,5.0,2,4.0,1,64
0,501.0,73800.0,67000.0,23,50000.0,78,1.0,32,1.0,21.0,20,1.0,1.0,2,1,0,2.0,1,2.0,1000,3.0,0.0,3.0,2.0,1,2.0,0,3.0,1988.0,1,50,3.0,1,40.0,0.0,38,52.0,134,6800.0,300,1.0,2,2,3.0,0.0,2.0,5.0,2,4.0,1,62
0,501.0,74000.0,74000.0,10,74000.0,73,1.0,32,1.0,18.0,21,1.0,1.0,2,1,0,2.0,1,2.0,1000,3.0,0.0,3.0,2.0,1,2.0,0,3.0,1988.0,1,50,4.0,1,40.0,0.0,4,52.0,163,0.0,300,1.0,2,2,3.0,0.0,2.0,5.0,2,2.0,1,60
0,501.0,30000.0,30000.0,64,0.0,07,1.0,32,1.0,18.0,25,6.0,1.0,2,5,0,2.0,1,2.0,1000,3.0,0.0,3.0,2.0,1,2.0,0,3.0,1995.0,1,50,6.0,1,40.0,0.0,38,48.0,186,0.0,300,1.0,2,2,3.0,0.0,2.0,5.0,2,4.0,1,30
0,501.0,17000.0,17000.0,25,17000.0,78,3.0,32,1.0,21.0,25,6.0,2.0,2,5,0,2.0,1,2.0,1000,1.0,0.0,2.0,2.0,1,2.0,0,2.0,1995.0,1,50,3.0,1,40.0,0.0,38,36.0,146,0.0,300,1.0,2,2,3.0,0.0,2.0,1.0,2,4.0,1,28
0,197.0,30000.0,30000.0,62,30000.0,07,1.0,82,1.0,16.0,20,4.0,1.0,2,3,0,2.0,1,2.0,1000,3.0,0.0,3.0,2.0,1,2.0,0,3.0,1989.0,1,999,1.0,1,40.0,0.0,38,52.0,53,0.0,400,1.0,1,2,3.0,0.0,2.0,5.0,2,4.0,1,55
0,438.0,32000.0,32000.0,36,32000.0,83,1.0,22,1.0,21.0,20,1.0,1.0,2,1,0,2.0,1,2.0,1000,3.0,0.0,3.0,2.0,1,2.0,0,3.0,2003.0,1,999,2.0,1,25.0,0.0,12,52.0,9,0.0,600,3.0,1,2,3.0,0.0,2.0,5.0,2,4.0,1,46
0,438.0,103000.0,103000.0,72,103000.0,07,1.0,49,1.0,16.0,21,1.0,1.0,2,1,0,2.0,1,2.0,1000,3.0,0.0,3.0,2.0,1,2.0,0,3.0,2003.0,1,999,1.0,1,55.0,0.0,38,52.0,14,0.0,600,3.0,1,2,3.0,0.0,2.0,5.0,2,4.0,1,47
0,438.0,3000.0,3000.0,41,3000.0,86,1.0,49,1.0,14.0,25,6.0,1.0,2,5,0,2.0,1,2.0,1000,3.0,0.0,3.0,2.0,1,2.0,0,3.0,1995.0,1,22,1.0,1,15.0,0.0,38,15.0,39,0.0,600,3.0,2,2,3.0,0.0,2.0,5.0,2,4.0,1,18
0,501.0,81600.0,60000.0,05,60000.0,75,1.0,32,1.0,22.0,20,1.0,1.0,2,1,0,2.0,1,2.0,1000,3.0,0.0,3.0,2.0,1,2.0,0,3.0,2001.0,1,26,1.0,1,20.0,0.0,30,52.0,21,0.0,600,1.0,2,2,3.0,0.0,2.0,5.0,2,4.0,1,61
0,501.0,94000.0,94000.0,07,94000.0,30,1.0,3,1.0,22.0,21,1.0,1.0,2,1,0,2.0,1,2.0,1000,3.0,0.0,3.0,2.0,1,2.0,0,3.0,2001.0,1,125,1.0,1,40.0,0.0,38,52.0,16,0.0,600,1.0,2,2,3.0,0.0,2.0,5.0,2,4.0,1,46
0,501.0,42300.0,42000.0,08,42000.0,93,1.0,32,1.0,21.0,25,6.0,1.0,2,5,2,2.0,1,2.0,1000,3.0,0.0,3.0,2.0,1,2.0,0,3.0,1995.0,1,50,3.0,1,38.0,0.0,38,52.0,2,300.0,200,1.0,2,2,3.0,0.0,2.0,5.0,2,4.0,1,53
0,397.0,30000.0,30000.0,45,30000.0,89,1.0,32,1.0,19.0,20,1.0,1.0,2,1,0,2.0,1,2.0,1000,3.0,0.0,3.0,2.0,1,2.0,0,3.0,2007.0,1,82,7.0,1,32.0,0.0,38,52.0,52,0.0,600,1.0,2,2,3.0,0.0,2.0,5.0,2,4.0,1,42
0,397.0,92000.0,92000.0,01,92000.0,40,1.0,82,1.0,20.0,21,1.0,1.0,2,1,0,2.0,1,2.0,1000,3.0,0.0,3.0,2.0,1,2.0,0,3.0,2007.0,1,32,1.0,1,40.0,0.0,55,52.0,56,0.0,600,1.0,2,2,3.0,0.0,2.0,5.0,2,4.0,1,43
0,260.0,40000.0,40000.0,09,40000.0,94,1.0,88,1.0,20.0,20,4.0,1.0,2,3,0,2.0,16,2.0,9000,3.0,0.0,3.0,2.0,9,2.0,0,3.0,2006.0,1,22,5.0,6,40.0,0.0,449,52.0,123,0.0,200,1.0,2,2,3.0,0.0,2.0,5.0,2,4.0,1,45
0,291.0,45000.0,45000.0,60,45000.0,01,1.0,999,1.0,20.0,20,6.0,1.0,2,5,0,2.0,1,2.0,1000,2.0,0.0,2.0,2.0,1,2.0,0,2.0,1995.0,1,999,1.0,1,50.0,0.0,38,52.0,255,0.0,500,1.0,4,2,2.0,0.0,2.0,1.0,2,4.0,1,43
0,501.0,19000.0,19000.0,04,19000.0,83,1.0,82,1.0,20.0,20,1.0,1.0,2,1,0,2.0,1,2.0,1000,3.0,0.0,3.0,2.0,1,2.0,0,3.0,2017.0,1,32,3.0,1,20.0,0.0,38,50.0,99,0.0,100,1.0,2,2,3.0,0.0,2.0,5.0,2,4.0,1,38
0,501.0,125000.0,125000.0,68,125000.0,03,1.0,82,1.0,20.0,21,1.0,1.0,2,1,0,2.0,1,2.0,1000,3.0,0.0,3.0,2.0,1,2.0,0,3.0,2017.0,1,32,1.0,1,50.0,0.0,38,52.0,82,0.0,100,1.0,2,2,3.0,0.0,2.0,5.0,2,4.0,1,39
0,484.0,100000.0,100000.0,52,100000.0,22,1.0,999,1.0,22.0,20,6.0,1.0,2,5,0,2.0,1,2.0,1000,3.0,0.0,3.0,2.0,1,2.0,0,3.0,1995.0,1,999,1.0,1,55.0,0.0,38,52.0,366,0.0,100,1.0,4,2,3.0,0.0,2.0,5.0,2,4.0,1,32
0,256.0,40000.0,40000.0,46,40000.0,84,1.0,999,1.0,21.0,22,6.0,1.0,2,5,0,2.0,16,2.0,9000,3.0,0.0,3.0,2.0,9,2.0,0,3.0,1995.0,1,999,1.0,2,40.0,0.0,72,52.0,713,0.0,100,2.0,4,2,3.0,0.0,2.0,5.0,2,4.0,3,29
1,38.0,6000.0,6000.0,96,6000.0,53,1.0,924,1.0,16.0,20,4.0,1.0,1,3,0,2.0,1,1.0,1000,2.0,0.0,2.0,2.0,1,2.0,0,2.0,1997.0,1,999,1.0,1,40.0,0.0,6,52.0,111,0.0,500,1.0,1,1,3.0,0.0,2.0,5.0,2,2.0,1,58
0,125.0,19200.0,19200.0,02,0.0,01,1.0,999,1.0,16.0,20,6.0,1.0,2,5,0,2.0,1,2.0,1000,2.0,0.0,1.0,2.0,1,2.0,0,3.0,1995.0,1,999,6.0,1,80.0,0.0,37,36.0,18,0.0,200,1.0,4,2,1.0,0.0,2.0,1.0,2,4.0,1,62
0,289.0,130000.0,130000.0,02,130000.0,01,1.0,50,1.0,19.0,20,1.0,1.0,2,1,0,2.0,1,2.0,1000,3.0,0.0,2.0,2.0,1,2.0,0,1.0,2018.0,1,82,7.0,1,60.0,0.0,38,52.0,22,0.0,500,1.0,2,2,3.0,0.0,2.0,5.0,2,4.0,1,33
0,289.0,0.0,0.0,46,0.0,84,6.0,999,2.0,18.0,21,1.0,2.0,2,1,0,2.0,1,2.0,1000,2.0,0.0,2.0,2.0,1,2.0,0,2.0,2018.0,1,999,6.0,1,40.0,0.0,38,52.0,16,0.0,500,1.0,4,2,3.0,0.0,2.0,5.0,2,4.0,1,37
0,501.0,69000.0,69000.0,20,69000.0,78,1.0,32,1.0,22.0,20,1.0,1.0,2,1,0,2.0,1,2.0,1000,3.0,0.0,3.0,2.0,1,2.0,0,3.0,2008.0,1,999,3.0,1,40.0,0.0,38,52.0,416,0.0,300,1.0,1,2,3.0,0.0,2.0,5.0,2,4.0,1,40
0,501.0,80000.0,80000.0,06,80000.0,96,4.0,98,1.0,21.0,21,1.0,1.0,2,1,0,2.0,1,2.0,1000,3.0,0.0,3.0,2.0,1,2.0,0,3.0,2008.0,1,999,5.0,1,40.0,0.0,38,52.0,594,0.0,300,1.0,1,2,3.0,0.0,2.0,5.0,2,1.0,1,42
0,390.0,60120.0,60000.0,57,60000.0,68,1.0,999,1.0,21.0,20,1.0,1.0,2,1,0,2.0,1,2.0,1000,3.0,0.0,3.0,2.0,1,2.0,0,3.0,2016.0,1,999,4.0,1,40.0,0.0,38,52.0,202,120.0,400,1.0,4,2,3.0,0.0,2.0,5.0,2,4.0,1,29
0,390.0,60000.0,60000.0,01,60000.0,68,1.0,999,1.0,21.0,21,1.0,1.0,2,1,0,2.0,1,2.0,1000,3.0,0.0,3.0,2.0,1,2.0,0,3.0,2016.0,1,999,1.0,1,40.0,0.0,38,52.0,114,0.0,400,1.0,4,2,3.0,0.0,2.0,5.0,2,4.0,1,30
0,156.0,10000.0,10000.0,02,0.0,01,1.0,999,1.0,16.0,20,1.0,1.0,2,1,2,2.0,1,2.0,1000,2.0,0.0,2.0,2.0,1,2.0,0,2.0,1982.0,1,999,6.0,1,60.0,0.0,38,52.0,13,0.0,500,3.0,4,2,3.0,0.0,2.0,5.0,2,4.0,1,64
0,156.0,20750.0,20000.0,57,20000.0,81,1.0,999,1.0,19.0,21,1.0,1.0,2,1,0,2.0,1,2.0,1000,3.0,0.0,3.0,2.0,1,2.0,0,3.0,1982.0,1,999,1.0,1,40.0,750.0,46,52.0,11,0.0,500,3.0,4,2,3.0,0.0,2.0,5.0,2,4.0,1,63
0,462.0,32000.0,32000.0,50,32000.0,07,1.0,999,1.0,19.0,20,1.0,1.0,2,1,0,2.0,1,2.0,1000,3.0,0.0,3.0,2.0,1,2.0,0,3.0,2005.0,1,999,7.0,1,35.0,0.0,30,52.0,33,0.0,100,1.0,4,2,3.0,0.0,2.0,5.0,2,4.0,1,41
0,462.0,107000.0,107000.0,63,107000.0,07,1.0,32,1.0,16.0,21,1.0,1.0,2,1,0,2.0,1,2.0,1000,3.0,0.0,3.0,2.0,1,2.0,0,3.0,2005.0,1,999,7.0,1,60.0,0.0,48,52.0,56,0.0,100,1.0,1,2,3.0,0.0,2.0,5.0,2,4.0,1,43
0,283.0,83400.0,82000.0,15,82000.0,05,1.0,32,1.0,22.0,20,1.0,1.0,2,1,0,2.0,1,2.0,1000,3.0,0.0,3.0,2.0,1,2.0,0,3.0,2001.0,1,82,2.0,1,45.0,0.0,38,52.0,43,0.0,100,1.0,2,2,3.0,0.0,2.0,5.0,2,2.0,1,43
0,283.0,31000.0,31000.0,57,31000.0,73,1.0,32,1.0,21.0,21,1.0,1.0,2,1,0,2.0,1,2.0,1000,3.0,0.0,3.0,2.0,1,2.0,0,3.0,2001.0,1,999,1.0,1,30.0,0.0,38,52.0,25,0.0,100,1.0,1,2,3.0,0.0,2.0,5.0,2,4.0,1,43
0,501.0,92000.0,92000.0,00,92000.0,53,1.0,999,1.0,17.0,20,6.0,1.0,2,5,2,2.0,2,2.0,3000,3.0,0.0,3.0,2.0,2,2.0,0,3.0,1995.0,0,999,1.0,6,50.0,0.0,449,52.0,199,0.0,500,3.0,4,2,3.0,0.0,2.0,5.0,2,3.0,1,40
0,388.0,10200.0,0.0,47,0.0,55,6.0,82,2.0,20.0,21,1.0,2.0,2,1,2,2.0,1,2.0,1000,2.0,0.0,2.0,2.0,1,2.0,0,2.0,1978.0,1,32,1.0,1,40.0,10200.0,38,52.0,17,0.0,200,1.0,2,2,3.0,0.0,2.0,5.0,2,4.0,1,65
0,501.0,115000.0,110000.0,15,80000.0,30,1.0,195,1.0,20.0,20,6.0,1.0,2,5,0,2.0,1,2.0,1000,2.0,0.0,2.0,2.0,1,2.0,0,2.0,1995.0,1,999,1.0,1,44.0,0.0,27,52.0,35,5000.0,400,1.0,1,2,3.0,0.0,2.0,5.0,2,4.0,1,32
1,308.0,2100.0,2100.0,47,2100.0,54,3.0,82,1.0,16.0,25,6.0,2.0,2,5,0,2.0,1,2.0,1000,1.0,0.0,2.0,2.0,1,2.0,0,2.0,1995.0,1,999,1.0,1,30.0,0.0,38,10.0,6,0.0,500,1.0,1,2,3.0,0.0,2.0,2.0,2,4.0,1,30
0,501.0,65000.0,65000.0,86,65000.0,10,1.0,939,1.0,16.0,20,1.0,1.0,2,1,0,2.0,1,2.0,1000,3.0,0.0,3.0,2.0,1,2.0,0,3.0,1986.0,1,999,1.0,1,40.0,0.0,30,52.0,114,0.0,400,1.0,1,2,3.0,0.0,2.0,5.0,2,4.0,1,59
0,501.0,50000.0,50000.0,08,50000.0,93,1.0,939,1.0,20.0,21,1.0,1.0,2,1,0,2.0,1,2.0,1000,3.0,0.0,3.0,2.0,1,2.0,0,3.0,1986.0,1,999,3.0,1,40.0,0.0,46,52.0,112,0.0,400,1.0,1,2,3.0,0.0,2.0,5.0,2,4.0,1,58
0,464.0,44500.0,42000.0,58,42000.0,81,1.0,32,1.0,16.0,21,1.0,1.0,2,1,0,2.0,1,2.0,1000,3.0,0.0,3.0,2.0,1,2.0,0,3.0,1990.0,1,999,1.0,1,40.0,0.0,38,52.0,15,2500.0,500,1.0,1,2,3.0,0.0,2.0,5.0,2,4.0,1,63
0,501.0,65000.0,65000.0,38,65000.0,94,1.0,999,1.0,21.0,20,1.0,1.0,2,1,0,2.0,1,2.0,1000,3.0,0.0,3.0,2.0,1,2.0,0,3.0,2004.0,1,999,3.0,1,45.0,0.0,25,52.0,94,0.0,600,1.0,4,2,3.0,0.0,2.0,5.0,2,4.0,1,41
0,501.0,40000.0,40000.0,01,40000.0,68,1.0,999,1.0,21.0,21,1.0,1.0,2,1,0,2.0,1,2.0,1000,3.0,0.0,3.0,2.0,1,2.0,0,3.0,2004.0,1,999,1.0,1,40.0,0.0,27,52.0,92,0.0,600,1.0,4,2,3.0,0.0,2.0,5.0,2,4.0,1,41
0,431.0,0.0,0.0,42,0.0,69,6.0,999,3.0,20.0,20,1.0,2.0,2,1,2,2.0,1,2.0,1000,2.0,0.0,2.0,2.0,1,2.0,0,2.0,2012.0,1,999,1.0,1,40.0,0.0,30,52.0,13,0.0,500,1.0,4,2,3.0,0.0,2.0,5.0,2,4.0,1,55
0,431.0,85000.0,85000.0,64,85000.0,07,1.0,999,1.0,20.0,21,1.0,1.0,2,1,0,2.0,1,2.0,1000,3.0,0.0,3.0,2.0,1,2.0,0,3.0,2012.0,1,999,1.0,1,48.0,0.0,30,52.0,12,0.0,500,1.0,4,2,3.0,0.0,2.0,5.0,2,4.0,1,57
0,279.0,56000.0,56000.0,67,56000.0,60,2.0,51,1.0,16.0,20,1.0,2.0,1,1,0,2.0,1,2.0,1000,3.0,0.0,2.0,2.0,1,2.0,0,1.0,2010.0,1,999,1.0,1,40.0,0.0,36,26.0,57,0.0,200,1.0,1,2,3.0,0.0,2.0,5.0,1,2.0,1,54
0,279.0,29200.0,29200.0,41,29200.0,86,1.0,51,1.0,16.0,21,1.0,1.0,2,1,0,2.0,1,2.0,1000,3.0,0.0,3.0,2.0,1,2.0,0,3.0,2010.0,1,999,1.0,1,40.0,0.0,6,52.0,73,0.0,200,1.0,1,2,3.0,0.0,2.0,5.0,2,4.0,1,50
0,501.0,126800.0,125000.0,89,125000.0,22,1.0,32,1.0,19.0,20,4.0,1.0,2,3,0,2.0,1,2.0,1000,3.0,0.0,3.0,2.0,1,2.0,0,3.0,1994.0,1,999,1.0,1,48.0,0.0,38,52.0,19,0.0,300,1.0,1,2,3.0,0.0,2.0,5.0,2,4.0,1,53
0,501.0,8600.0,8600.0,65,8600.0,07,6.0,32,1.0,16.0,25,6.0,2.0,2,5,0,2.0,1,2.0,1000,2.0,0.0,2.0,2.0,1,2.0,0,2.0,1995.0,1,999,1.0,1,40.0,0.0,38,12.0,48,0.0,300,1.0,1,2,3.0,0.0,2.0,5.0,2,3.0,1,19
0,501.0,5000.0,5000.0,40,5000.0,50,6.0,32,1.0,14.0,25,6.0,2.0,2,5,0,2.0,1,2.0,1000,1.0,0.0,2.0,2.0,1,2.0,0,2.0,1995.0,1,999,1.0,1,10.0,0.0,38,52.0,48,0.0,300,1.0,1,2,3.0,0.0,2.0,3.0,2,4.0,1,18
0,153.0,24000.0,24000.0,78,24000.0,49,1.0,82,1.0,20.0,20,4.0,1.0,2,3,1,2.0,1,2.0,1000,3.0,0.0,3.0,2.0,1,2.0,0,3.0,2005.0,1,89,1.0,1,40.0,0.0,53,52.0,17,0.0,200,1.0,2,2,3.0,0.0,2.0,5.0,2,4.0,1,42
0,422.0,66000.0,60000.0,78,60000.0,49,1.0,32,1.0,16.0,22,4.0,1.0,2,3,1,2.0,1,2.0,1000,3.0,0.0,3.0,2.0,1,2.0,0,3.0,1997.0,1,999,7.0,1,40.0,0.0,38,52.0,17,6000.0,200,1.0,1,2,3.0,0.0,2.0,5.0,2,4.0,1,54
0,501.0,37800.0,37800.0,57,37800.0,79,1.0,82,1.0,19.0,20,1.0,1.0,2,1,0,2.0,1,2.0,1000,3.0,0.0,3.0,2.0,1,2.0,0,3.0,1996.0,1,32,1.0,1,36.0,0.0,38,52.0,51,0.0,400,1.0,2,2,3.0,0.0,2.0,5.0,2,4.0,1,46
0,501.0,150000.0,150000.0,69,150000.0,04,1.0,999,1.0,20.0,21,1.0,1.0,2,1,0,2.0,1,2.0,1000,3.0,0.0,3.0,2.0,1,2.0,0,3.0,1996.0,1,999,1.0,1,65.0,0.0,38,52.0,42,0.0,400,1.0,4,2,3.0,0.0,2.0,5.0,2,4.0,1,48
0,243.0,50000.0,50000.0,51,50000.0,72,1.0,999,1.0,16.0,20,3.0,1.0,2,2,0,2.0,1,2.0,1000,3.0,0.0,3.0,2.0,1,2.0,0,3.0,1992.0,1,999,1.0,1,50.0,0.0,38,52.0,340,0.0,500,3.0,4,2,3.0,0.0,2.0,5.0,2,4.0,1,51
1,45.0,7100.0,7100.0,40,7100.0,78,1.0,999,1.0,16.0,22,6.0,1.0,2,5,0,2.0,1,2.0,1000,3.0,0.0,3.0,2.0,1,2.0,0,3.0,1995.0,1,999,1.0,1,18.0,0.0,38,51.0,490,0.0,500,1.0,4,2,3.0,0.0,2.0,5.0,2,4.0,1,50
0,501.0,120000.0,120000.0,34,120000.0,50,1.0,999,1.0,12.0,20,5.0,1.0,2,4,0,2.0,1,2.0,1000,2.0,0.0,2.0,2.0,1,2.0,0,2.0,2021.0,1,999,1.0,1,36.0,0.0,38,52.0,21,0.0,400,1.0,4,2,3.0,0.0,2.0,5.0,2,4.0,1,54
0,501.0,77000.0,77000.0,02,77000.0,78,1.0,89,1.0,21.0,20,1.0,1.0,2,1,0,2.0,1,2.0,1000,3.0,0.0,3.0,2.0,1,2.0,0,3.0,1997.0,1,22,4.0,1,45.0,0.0,27,52.0,328,0.0,600,1.0,2,2,3.0,0.0,2.0,5.0,2,4.0,1,55
0,501.0,91000.0,21000.0,49,21000.0,53,1.0,112,1.0,21.0,21,1.0,1.0,2,1,0,2.0,1,2.0,1000,3.0,0.0,3.0,2.0,1,2.0,0,3.0,1997.0,1,50,1.0,1,32.0,0.0,38,52.0,315,0.0,600,1.0,2,2,3.0,0.0,2.0,5.0,2,2.0,1,60
0,501.0,20950.0,20950.0,40,20000.0,86,1.0,89,1.0,19.0,25,6.0,1.0,2,5,0,2.0,1,2.0,1000,3.0,0.0,3.0,2.0,1,2.0,0,3.0,1995.0,1,22,1.0,1,20.0,0.0,38,48.0,314,0.0,600,1.0,2,2,3.0,0.0,2.0,5.0,2,4.0,1,20
0,465.0,79000.0,79000.0,02,65000.0,78,1.0,999,1.0,21.0,20,1.0,1.0,2,1,0,2.0,1,2.0,1000,3.0,0.0,3.0,2.0,1,2.0,0,3.0,2002.0,1,999,4.0,1,40.0,0.0,27,52.0,58,0.0,600,1.0,4,2,3.0,0.0,2.0,5.0,2,4.0,1,48
0,465.0,15600.0,0.0,41,0.0,78,6.0,82,2.0,16.0,21,1.0,2.0,2,1,0,2.0,1,2.0,1000,2.0,0.0,2.0,2.0,1,2.0,0,2.0,2002.0,1,999,3.0,1,40.0,15600.0,27,52.0,57,0.0,600,1.0,1,2,3.0,0.0,2.0,5.0,2,4.0,1,42
0,501.0,58000.0,58000.0,20,58000.0,91,1.0,32,1.0,24.0,20,1.0,1.0,2,1,0,2.0,1,2.0,1000,3.0,0.0,3.0,2.0,1,2.0,0,3.0,1994.0,1,142,2.0,1,50.0,0.0,29,52.0,113,0.0,200,1.0,2,2,3.0,0.0,2.0,5.0,2,4.0,1,63
0,501.0,61000.0,61000.0,23,61000.0,78,1.0,51,1.0,22.0,21,1.0,1.0,2,1,0,2.0,1,2.0,1000,3.0,0.0,3.0,2.0,1,2.0,0,3.0,1994.0,1,32,3.0,1,40.0,0.0,36,40.0,120,0.0,200,1.0,2,2,3.0,0.0,2.0,5.0,2,4.0,1,52
0,501.0,40000.0,40000.0,59,40000.0,78,1.0,51,1.0,20.0,25,6.0,1.0,2,5,0,2.0,1,2.0,1000,3.0,0.0,3.0,2.0,1,2.0,0,3.0,1995.0,1,32,4.0,1,40.0,0.0,42,52.0,2,0.0,200,1.0,2,2,3.0,0.0,2.0,5.0,2,4.0,1,22
0,501.0,60000.0,60000.0,36,0.0,89,1.0,32,1.0,20.0,21,1.0,1.0,2,1,2,2.0,1,2.0,1000,3.0,0.0,3.0,2.0,1,2.0,0,3.0,2003.0,1,999,6.0,1,60.0,0.0,38,52.0,27,0.0,400,1.0,1,2,3.0,0.0,2.0,5.0,2,4.0,1,46
0,21.0,0.0,0.0,42,0.0,69,6.0,82,3.0,20.0,20,1.0,2.0,2,1,2,2.0,1,2.0,1000,2.0,0.0,2.0,2.0,1,2.0,0,2.0,1996.0,1,999,1.0,1,40.0,0.0,38,52.0,359,0.0,200,1.0,1,2,3.0,0.0,2.0,5.0,2,4.0,1,48
0,21.0,0.0,0.0,42,0.0,69,6.0,32,3.0,16.0,21,1.0,2.0,2,1,2,2.0,1,2.0,1000,2.0,0.0,2.0,2.0,1,2.0,0,2.0,1996.0,1,999,1.0,1,40.0,0.0,38,52.0,363,0.0,200,1.0,1,2,3.0,0.0,2.0,5.0,2,4.0,1,54
1,304.0,20000.0,20000.0,40,20000.0,78,1.0,924,1.0,19.0,20,1.0,1.0,2,1,0,2.0,1,2.0,1000,3.0,0.0,3.0,2.0,1,2.0,0,3.0,2013.0,1,999,3.0,1,40.0,0.0,38,52.0,22,0.0,500,1.0,1,2,3.0,0.0,2.0,5.0,2,4.0,1,38
1,304.0,62000.0,50000.0,60,0.0,01,2.0,924,1.0,17.0,21,1.0,2.0,2,1,0,2.0,1,2.0,1000,3.0,12000.0,2.0,2.0,1,2.0,0,1.0,2013.0,1,999,6.0,1,40.0,0.0,53,52.0,13,0.0,500,1.0,1,2,3.0,0.0,2.0,5.0,2,4.0,1,36
0,19.0,3000.0,3000.0,36,3000.0,82,6.0,32,1.0,16.0,20,6.0,2.0,2,5,0,2.0,1,2.0,1000,2.0,0.0,2.0,2.0,1,2.0,0,2.0,1995.0,1,999,1.0,1,40.0,0.0,38,16.0,115,0.0,500,1.0,1,2,3.0,0.0,2.0,5.0,2,4.0,1,21
0,501.0,150000.0,150000.0,30,150000.0,79,1.0,32,1.0,24.0,21,1.0,1.0,2,1,0,2.0,1,2.0,1000,3.0,0.0,3.0,2.0,1,2.0,0,3.0,2023.0,1,999,1.0,1,35.0,0.0,38,52.0,126,0.0,300,1.0,1,2,3.0,0.0,1.0,5.0,2,4.0,1,31
0,501.0,60000.0,60000.0,32,60000.0,82,1.0,26,1.0,20.0,20,1.0,1.0,2,1,0,2.0,1,2.0,1000,3.0,0.0,3.0,2.0,1,2.0,0,3.0,1984.0,1,999,1.0,1,40.0,0.0,38,52.0,77,0.0,400,1.0,1,2,3.0,0.0,2.0,5.0,2,4.0,1,61
0,501.0,42000.0,42000.0,91,42000.0,25,1.0,32,1.0,20.0,21,1.0,1.0,2,1,0,2.0,1,2.0,1000,3.0,0.0,3.0,2.0,1,2.0,0,3.0,1984.0,1,999,1.0,1,40.0,0.0,38,52.0,66,0.0,400,1.0,1,2,3.0,0.0,2.0,5.0,2,4.0,1,64
0,501.0,72000.0,72000.0,01,72000.0,30,1.0,939,1.0,21.0,20,1.0,1.0,2,1,0,2.0,1,2.0,1000,3.0,0.0,3.0,2.0,1,2.0,0,3.0,2005.0,1,999,1.0,1,50.0,0.0,19,52.0,96,0.0,600,1.0,1,2,3.0,0.0,2.0,5.0,2,4.0,1,53
0,501.0,77000.0,77000.0,77,77000.0,24,1.0,999,1.0,19.0,21,1.0,1.0,2,1,0,2.0,1,2.0,1000,3.0,0.0,3.0,2.0,1,2.0,0,3.0,2005.0,1,999,1.0,1,40.0,0.0,19,52.0,74,0.0,600,1.0,4,2,3.0,0.0,2.0,5.0,2,2.0,1,51
0,501.0,900.0,900.0,27,900.0,85,6.0,999,1.0,14.0,25,6.0,1.0,2,5,0,2.0,1,2.0,1000,3.0,0.0,3.0,2.0,1,2.0,0,3.0,1995.0,1,999,1.0,1,10.0,0.0,38,8.0,144,0.0,600,1.0,4,2,3.0,0.0,2.0,5.0,2,4.0,1,18
0,501.0,120000.0,120000.0,02,0.0,01,1.0,26,1.0,16.0,20,1.0,1.0,1,1,2,2.0,17,2.0,9000,3.0,0.0,3.0,2.0,9,2.0,1,3.0,1981.0,1,917,6.0,1,70.0,0.0,38,52.0,76,0.0,100,1.0,2,1,3.0,0.0,2.0,5.0,2,4.0,1,64
0,501.0,59000.0,59000.0,57,59000.0,78,1.0,82,1.0,18.0,21,1.0,1.0,2,1,0,2.0,1,2.0,1000,3.0,0.0,3.0,2.0,1,2.0,0,3.0,1981.0,1,26,3.0,1,40.0,0.0,38,52.0,33,0.0,100,1.0,2,2,3.0,0.0,2.0,5.0,2,4.0,1,61
0,501.0,96000.0,96000.0,10,96000.0,85,1.0,89,1.0,21.0,21,1.0,1.0,2,1,0,2.0,1,2.0,1000,3.0,0.0,3.0,2.0,1,2.0,0,3.0,2020.0,1,999,1.0,1,60.0,0.0,38,52.0,14,0.0,600,1.0,1,2,3.0,0.0,2.0,5.0,2,4.0,1,37
0,501.0,122000.0,122000.0,14,122000.0,74,1.0,142,1.0,22.0,21,1.0,1.0,1,1,0,2.0,1,1.0,1000,3.0,0.0,3.0,1.0,1,2.0,0,3.0,1991.0,1,999,2.0,1,50.0,0.0,8,52.0,156,0.0,500,1.0,1,2,3.0,0.0,2.0,5.0,1,4.0,1,65
0,501.0,18000.0,18000.0,29,18000.0,46,3.0,97,1.0,21.0,25,6.0,2.0,2,5,2,2.0,1,2.0,1000,1.0,0.0,2.0,2.0,1,2.0,0,2.0,1995.0,1,142,1.0,1,40.0,0.0,6,30.0,53,0.0,500,1.0,2,2,3.0,0.0,2.0,1.0,2,4.0,1,47
0,200.0,49000.0,49000.0,19,49000.0,96,4.0,720,1.0,19.0,20,1.0,1.0,2,1,0,2.0,6,2.0,4008,3.0,0.0,3.0,2.0,6,2.0,0,3.0,2017.0,0,999,5.0,4,40.0,0.0,233,52.0,208,0.0,200,3.0,1,2,3.0,0.0,2.0,5.0,2,1.0,1,32
0,200.0,0.0,0.0,47,0.0,51,6.0,902,2.0,22.0,21,1.0,2.0,2,1,0,2.0,2,2.0,3000,2.0,0.0,2.0,2.0,2,2.0,0,2.0,2017.0,0,999,1.0,1,40.0,0.0,12,52.0,904,0.0,200,3.0,1,2,3.0,0.0,2.0,5.0,2,2.0,1,31
0,96.0,20000.0,20000.0,96,20000.0,53,1.0,210,1.0,14.0,20,1.0,1.0,2,1,0,2.0,29,2.0,9000,3.0,0.0,3.0,2.0,9,2.0,0,3.0,2004.0,1,999,1.0,1,24.0,0.0,48,52.0,210,0.0,400,1.0,1,2,3.0,0.0,2.0,5.0,2,4.0,2,39
0,96.0,13000.0,13000.0,73,13000.0,76,1.0,211,1.0,16.0,21,1.0,1.0,2,1,0,2.0,29,2.0,9000,3.0,0.0,3.0,2.0,9,2.0,0,3.0,2004.0,1,999,1.0,1,16.0,0.0,48,52.0,400,0.0,400,1.0,1,2,3.0,0.0,2.0,5.0,2,4.0,2,41
1,96.0,2000.0,2000.0,89,2000.0,32,1.0,211,1.0,16.0,25,6.0,1.0,2,5,0,2.0,29,2.0,9000,3.0,0.0,3.0,2.0,9,2.0,0,3.0,1995.0,1,999,1.0,1,40.0,0.0,48,3.0,1,0.0,400,1.0,1,2,3.0,0.0,2.0,5.0,2,4.0,2,21
0,271.0,42000.0,42000.0,57,42000.0,78,1.0,82,1.0,19.0,20,4.0,1.0,2,3,0,2.0,1,2.0,1000,3.0,0.0,3.0,2.0,1,2.0,0,3.0,1980.0,1,89,2.0,1,40.0,0.0,38,52.0,25,0.0,500,1.0,2,2,3.0,0.0,2.0,5.0,2,4.0,1,64
0,501.0,54300.0,48000.0,33,48000.0,80,1.0,32,1.0,19.0,20,1.0,1.0,2,1,0,2.0,1,2.0,1000,3.0,0.0,3.0,2.0,1,2.0,0,3.0,2020.0,1,999,1.0,1,24.0,0.0,38,52.0,76,6300.0,300,1.0,1,2,3.0,0.0,2.0,5.0,2,4.0,1,55
0,501.0,78100.0,78000.0,01,78000.0,91,1.0,32,1.0,19.0,21,1.0,1.0,2,1,0,2.0,1,2.0,1000,3.0,0.0,3.0,2.0,1,2.0,0,3.0,2020.0,1,999,2.0,1,40.0,0.0,38,52.0,63,100.0,300,1.0,1,2,3.0,0.0,2.0,5.0,2,4.0,1,54
0,501.0,40000.0,40000.0,41,40000.0,86,1.0,32,1.0,21.0,27,6.0,1.0,2,5,0,2.0,1,2.0,1000,3.0,0.0,3.0,2.0,1,2.0,0,3.0,1995.0,1,999,1.0,1,30.0,0.0,38,52.0,109,0.0,300,1.0,1,2,3.0,0.0,2.0,5.0,2,4.0,1,24
0,501.0,81000.0,11000.0,02,0.0,01,1.0,32,1.0,16.0,20,1.0,1.0,2,1,0,2.0,1,2.0,1000,3.0,0.0,3.0,2.0,1,2.0,0,3.0,1982.0,1,999,6.0,1,63.0,0.0,38,52.0,10,70000.0,300,1.0,1,2,3.0,0.0,2.0,5.0,2,4.0,1,64
0,501.0,100000.0,100000.0,48,100000.0,69,1.0,32,1.0,16.0,21,1.0,1.0,2,1,2,2.0,1,2.0,1000,3.0,0.0,3.0,2.0,1,2.0,0,3.0,1982.0,1,999,7.0,1,40.0,0.0,38,52.0,8,0.0,300,1.0,1,2,3.0,0.0,2.0,5.0,2,4.0,1,61
0,234.0,12000.0,12000.0,96,12000.0,44,1.0,290,1.0,16.0,20,1.0,1.0,2,1,0,2.0,1,2.0,1000,3.0,0.0,3.0,2.0,1,2.0,0,3.0,2010.0,1,999,1.0,1,40.0,0.0,8,52.0,104,0.0,500,1.0,1,2,3.0,0.0,2.0,5.0,2,4.0,2,35
0,234.0,34300.0,34300.0,86,34300.0,12,1.0,924,1.0,16.0,21,1.0,1.0,2,1,0,2.0,1,2.0,1000,3.0,0.0,3.0,2.0,1,2.0,0,3.0,2010.0,1,999,1.0,1,40.0,0.0,55,52.0,51,0.0,500,1.0,1,2,3.0,0.0,2.0,5.0,2,4.0,1,41
1,99.0,15680.0,280.0,58,280.0,83,1.0,996,1.0,16.0,20,6.0,1.0,1,5,0,1.0,1,1.0,1000,2.0,0.0,2.0,1.0,1,1.0,0,2.0,1995.0,1,999,2.0,1,3.0,15400.0,38,52.0,502,0.0,100,1.0,3,1,2.0,0.0,2.0,5.0,2,4.0,1,49
0,167.0,24000.0,0.0,06,0.0,53,6.0,82,2.0,16.0,20,3.0,2.0,2,2,1,2.0,1,2.0,1000,2.0,0.0,2.0,2.0,1,2.0,0,2.0,1977.0,1,32,1.0,1,40.0,24000.0,38,52.0,78,0.0,400,1.0,2,2,2.0,0.0,2.0,3.0,2,4.0,1,65
0,338.0,60000.0,60000.0,63,60000.0,07,1.0,98,1.0,15.0,20,1.0,1.0,2,1,0,2.0,1,2.0,1000,3.0,0.0,3.0,2.0,1,2.0,0,3.0,2019.0,1,999,1.0,1,99.0,0.0,38,52.0,80,0.0,400,1.0,1,2,3.0,0.0,2.0,5.0,2,4.0,1,58
0,338.0,7200.0,7200.0,46,0.0,84,1.0,98,1.0,15.0,21,1.0,1.0,2,1,0,2.0,1,2.0,1000,3.0,0.0,3.0,2.0,1,2.0,0,3.0,2019.0,1,999,6.0,1,50.0,0.0,38,52.0,89,0.0,400,1.0,1,2,3.0,0.0,2.0,5.0,2,4.0,1,50
0,501.0,56500.0,55000.0,57,55000.0,95,1.0,32,1.0,18.0,20,1.0,1.0,2,1,0,2.0,1,2.0,1000,3.0,0.0,3.0,2.0,1,2.0,0,3.0,1994.0,1,148,4.0,1,40.0,0.0,38,52.0,307,1500.0,300,1.0,2,2,3.0,0.0,2.0,5.0,2,4.0,1,61
0,501.0,48800.0,45000.0,91,40000.0,49,1.0,32,1.0,18.0,21,1.0,1.0,2,1,0,2.0,1,2.0,1000,3.0,0.0,3.0,2.0,1,2.0,0,3.0,1994.0,1,999,1.0,1,40.0,3800.0,38,36.0,379,0.0,300,1.0,1,2,3.0,0.0,2.0,5.0,2,4.0,1,62
0,328.0,50000.0,50000.0,72,50000.0,87,1.0,82,1.0,20.0,20,1.0,1.0,2,1,0,2.0,1,2.0,1000,2.0,0.0,2.0,2.0,1,2.0,0,2.0,2016.0,1,999,1.0,1,40.0,0.0,27,52.0,238,0.0,600,1.0,1,2,3.0,0.0,2.0,5.0,2,4.0,1,36
0,328.0,30000.0,30000.0,34,30000.0,74,1.0,82,1.0,21.0,21,1.0,1.0,2,1,0,2.0,1,2.0,1000,2.0,0.0,2.0,2.0,1,2.0,0,2.0,2016.0,1,999,1.0,1,40.0,0.0,27,52.0,237,0.0,600,1.0,1,2,2.0,0.0,2.0,5.0,2,4.0,1,33
0,306.0,30000.0,30000.0,52,30000.0,66,1.0,32,1.0,20.0,20,1.0,1.0,2,1,0,2.0,1,2.0,1000,3.0,0.0,3.0,2.0,1,2.0,0,3.0,2017.0,1,82,1.0,1,40.0,0.0,27,52.0,8,0.0,500,1.0,2,2,3.0,0.0,2.0,5.0,2,4.0,1,33
0,306.0,63300.0,63300.0,05,70000.0,69,1.0,82,1.0,20.0,21,1.0,1.0,2,1,0,2.0,1,2.0,1000,3.0,0.0,3.0,2.0,1,2.0,0,3.0,2017.0,1,142,1.0,1,95.0,0.0,38,52.0,11,0.0,500,1.0,2,2,3.0,0.0,2.0,5.0,2,4.0,1,35
0,276.0,65000.0,65000.0,32,65000.0,81,1.0,939,1.0,21.0,20,2.0,1.0,2,1,0,2.0,1,2.0,1000,3.0,0.0,3.0,2.0,1,2.0,0,3.0,2005.0,1,999,1.0,1,32.0,0.0,38,52.0,82,0.0,300,1.0,1,2,3.0,0.0,2.0,5.0,2,4.0,1,43
0,501.0,12000.0,0.0,28,0.0,74,6.0,11,2.0,21.0,25,6.0,2.0,2,5,2,2.0,1,2.0,1000,2.0,0.0,2.0,2.0,1,2.0,0,2.0,1995.0,1,32,1.0,1,40.0,0.0,38,52.0,37,6000.0,200,1.0,2,2,3.0,0.0,2.0,5.0,2,4.0,1,38
0,501.0,86500.0,80000.0,33,80000.0,81,1.0,82,1.0,21.0,20,6.0,1.0,2,5,0,2.0,1,2.0,1000,3.0,0.0,3.0,2.0,1,2.0,0,3.0,1995.0,1,89,5.0,1,40.0,0.0,27,52.0,75,0.0,600,1.0,2,2,3.0,0.0,2.0,5.0,2,4.0,1,47
0,172.0,27000.0,27000.0,26,27000.0,73,1.0,999,1.0,19.0,20,6.0,1.0,2,5,0,2.0,1,2.0,1000,3.0,0.0,3.0,2.0,1,2.0,0,3.0,1995.0,1,999,1.0,1,27.0,0.0,38,52.0,101,0.0,600,3.0,4,2,3.0,0.0,2.0,5.0,2,4.0,1,21
0,6.0,1000.0,1000.0,13,1000.0,07,6.0,939,1.0,19.0,34,6.0,2.0,2,5,2,2.0,1,2.0,1000,2.0,0.0,2.0,2.0,1,2.0,0,2.0,1995.0,1,999,1.0,1,40.0,0.0,27,13.0,262,0.0,600,3.0,1,2,3.0,0.0,2.0,5.0,2,4.0,1,19
0,44.0,7000.0,7000.0,44,7000.0,85,3.0,50,1.0,19.0,34,6.0,2.0,2,5,2,2.0,1,2.0,1000,1.0,0.0,2.0,2.0,1,2.0,0,2.0,1995.0,1,32,1.0,1,20.0,0.0,27,47.0,265,0.0,600,3.0,2,2,3.0,0.0,2.0,1.0,2,4.0,1,19
0,58.0,9100.0,9100.0,15,9100.0,07,6.0,999,1.0,16.0,34,6.0,2.0,2,5,0,2.0,1,2.0,1000,1.0,0.0,2.0,2.0,1,2.0,0,2.0,1995.0,1,999,1.0,1,40.0,0.0,27,13.0,265,0.0,600,3.0,4,2,3.0,0.0,2.0,3.0,2,4.0,1,18
1,159.0,25020.0,0.0,42,0.0,69,6.0,32,3.0,18.0,20,4.0,2.0,1,3,0,2.0,1,1.0,1000,2.0,0.0,2.0,1.0,1,2.0,0,2.0,1998.0,1,999,1.0,1,40.0,18000.0,6,52.0,120,20.0,100,1.0,1,2,3.0,0.0,2.0,5.0,2,2.0,1,61
0,245.0,40000.0,40000.0,02,0.0,01,1.0,82,1.0,20.0,20,1.0,1.0,2,1,1,2.0,1,2.0,1000,2.0,0.0,2.0,2.0,1,2.0,0,2.0,1992.0,1,32,6.0,1,60.0,0.0,38,52.0,34,0.0,500,1.0,2,2,3.0,0.0,2.0,5.0,2,4.0,1,62
0,245.0,9800.0,0.0,42,0.0,69,6.0,82,3.0,20.0,21,1.0,2.0,2,1,2,2.0,1,2.0,1000,2.0,0.0,2.0,2.0,1,2.0,0,2.0,1992.0,1,32,1.0,1,40.0,9800.0,38,52.0,29,0.0,500,1.0,2,2,3.0,0.0,2.0,5.0,2,4.0,1,63
0,408.0,46800.0,40900.0,47,40900.0,54,1.0,32,1.0,18.0,25,4.0,1.0,2,3,0,2.0,1,2.0,1000,3.0,0.0,3.0,2.0,1,2.0,0,3.0,2008.0,1,999,2.0,1,40.0,0.0,38,52.0,10,-1100.0,200,1.0,1,2,3.0,0.0,2.0,5.0,2,4.0,1,57
0,501.0,84000.0,84000.0,20,84000.0,78,1.0,32,1.0,22.0,20,1.0,1.0,2,1,0,2.0,1,2.0,1000,3.0,0.0,3.0,2.0,1,2.0,0,3.0,1991.0,1,50,3.0,1,40.0,0.0,27,52.0,24,0.0,200,1.0,2,2,3.0,0.0,2.0,5.0,2,4.0,1,51
0,280.0,80000.0,80000.0,32,80000.0,94,1.0,917,1.0,21.0,20,1.0,1.0,2,1,0,2.0,3,2.0,5013,3.0,0.0,3.0,2.0,3,2.0,1,3.0,2012.0,0,999,3.0,1,60.0,0.0,31,52.0,9,0.0,400,1.0,1,2,3.0,0.0,2.0,5.0,2,4.0,1,53
0,280.0,5000.0,0.0,13,0.0,07,6.0,917,2.0,20.0,21,1.0,2.0,1,1,0,1.0,3,2.0,5013,2.0,5000.0,2.0,1.0,3,2.0,1,2.0,2012.0,0,999,1.0,1,40.0,0.0,38,52.0,14,0.0,400,1.0,1,2,3.0,0.0,2.0,3.0,1,2.0,1,53
0,280.0,2000.0,0.0,40,0.0,86,6.0,917,2.0,13.0,26,6.0,2.0,2,5,0,2.0,30,2.0,9000,2.0,0.0,2.0,2.0,9,2.0,1,2.0,1995.0,0,999,1.0,1,40.0,0.0,46,52.0,3,0.0,400,1.0,1,2,3.0,0.0,2.0,3.0,2,4.0,1,18
0,280.0,0.0,0.0,52,0.0,57,6.0,917,2.0,16.0,32,2.0,2.0,2,1,0,2.0,3,2.0,5009,2.0,0.0,2.0,2.0,3,2.0,1,2.0,2023.0,0,999,1.0,1,40.0,0.0,46,52.0,1,0.0,400,1.0,1,2,3.0,0.0,1.0,5.0,2,4.0,1,18
0,326.0,50000.0,50000.0,82,50000.0,26,1.0,924,1.0,19.0,20,6.0,1.0,2,5,0,2.0,1,2.0,1000,3.0,0.0,3.0,2.0,1,2.0,0,3.0,1995.0,1,999,5.0,1,50.0,0.0,13,50.0,225,0.0,600,1.0,1,2,3.0,0.0,2.0,5.0,2,4.0,1,26
0,314.0,89000.0,89000.0,00,89000.0,30,1.0,82,1.0,21.0,20,1.0,1.0,2,1,0,2.0,1,2.0,1000,3.0,0.0,3.0,2.0,1,2.0,0,3.0,2008.0,1,87,1.0,1,50.0,0.0,38,52.0,47,0.0,400,1.0,2,2,3.0,0.0,2.0,5.0,2,4.0,1,50
0,314.0,7500.0,7500.0,23,7500.0,78,1.0,50,1.0,21.0,21,1.0,1.0,2,1,0,2.0,1,2.0,1000,3.0,0.0,3.0,2.0,1,2.0,0,3.0,2008.0,1,32,3.0,1,15.0,0.0,38,24.0,35,0.0,400,1.0,2,2,3.0,0.0,2.0,5.0,2,4.0,1,40
0,501.0,110200.0,110000.0,50,110000.0,93,1.0,32,1.0,21.0,20,1.0,1.0,2,1,0,2.0,1,2.0,1000,3.0,0.0,3.0,2.0,1,2.0,0,3.0,2006.0,1,999,5.0,1,40.0,0.0,38,52.0,62,200.0,500,1.0,1,2,3.0,0.0,2.0,5.0,2,4.0,1,41
0,501.0,75200.0,75000.0,32,75000.0,94,1.0,89,1.0,21.0,21,1.0,1.0,2,1,0,2.0,1,2.0,1000,3.0,0.0,3.0,2.0,1,2.0,0,3.0,2006.0,1,999,3.0,1,40.0,0.0,27,52.0,71,200.0,500,1.0,1,2,3.0,0.0,2.0,5.0,2,4.0,1,43
1,131.0,0.0,0.0,81,0.0,88,6.0,920,2.0,16.0,25,4.0,2.0,2,3,0,2.0,3,2.0,5013,2.0,0.0,2.0,2.0,3,2.0,1,2.0,2003.0,0,999,1.0,1,40.0,0.0,38,52.0,118,0.0,100,1.0,1,2,3.0,0.0,2.0,5.0,2,4.0,1,40
0,489.0,100000.0,100000.0,34,100000.0,74,1.0,82,1.0,23.0,20,6.0,1.0,2,5,0,2.0,1,2.0,1000,3.0,0.0,2.0,2.0,1,2.0,0,2.0,1995.0,1,89,1.0,1,40.0,0.0,38,52.0,129,0.0,600,1.0,2,2,3.0,0.0,2.0,5.0,2,4.0,1,36
0,501.0,52000.0,52000.0,60,52000.0,01,1.0,32,1.0,19.0,20,1.0,1.0,2,1,0,2.0,1,2.0,1000,3.0,0.0,3.0,2.0,1,2.0,0,3.0,1986.0,1,82,1.0,1,45.0,0.0,38,52.0,11,0.0,200,1.0,2,2,3.0,0.0,2.0,5.0,2,4.0,1,59
0,501.0,105000.0,105000.0,03,105000.0,81,1.0,32,1.0,21.0,21,1.0,1.0,2,1,0,2.0,1,2.0,1000,3.0,0.0,3.0,2.0,1,2.0,0,3.0,1986.0,1,999,1.0,1,36.0,0.0,38,52.0,14,0.0,200,1.0,1,2,3.0,0.0,2.0,5.0,2,4.0,1,55
0,391.0,47000.0,47000.0,23,47000.0,78,1.0,720,1.0,21.0,20,1.0,1.0,2,1,2,2.0,6,2.0,4008,3.0,0.0,3.0,2.0,6,2.0,0,3.0,2022.0,0,999,3.0,4,40.0,0.0,233,52.0,269,0.0,200,3.0,1,2,3.0,0.0,2.0,5.0,2,4.0,1,27
0,391.0,32000.0,32000.0,23,32000.0,78,1.0,720,1.0,21.0,21,1.0,1.0,2,1,2,2.0,6,2.0,4008,3.0,0.0,3.0,2.0,6,2.0,0,3.0,2022.0,0,999,3.0,4,40.0,0.0,233,52.0,29,0.0,200,3.0,1,2,3.0,0.0,2.0,5.0,2,4.0,1,28
0,198.0,70000.0,70000.0,38,70000.0,96,4.0,939,1.0,21.0,20,1.0,1.0,2,1,0,2.0,1,2.0,1000,3.0,0.0,3.0,2.0,1,2.0,0,3.0,2008.0,1,999,5.0,1,50.0,0.0,53,52.0,72,0.0,200,1.0,1,2,3.0,0.0,2.0,5.0,2,1.0,1,37
0,198.0,0.0,0.0,42,0.0,69,6.0,939,3.0,21.0,21,1.0,2.0,2,1,0,2.0,20,2.0,9000,2.0,0.0,2.0,2.0,9,2.0,0,2.0,2008.0,1,720,1.0,1,40.0,0.0,15,52.0,60,0.0,200,1.0,2,2,3.0,0.0,2.0,5.0,2,4.0,1,38
0,438.0,60000.0,60000.0,01,60000.0,75,1.0,32,1.0,21.0,20,1.0,1.0,2,1,0,2.0,1,2.0,1000,3.0,0.0,3.0,2.0,1,2.0,0,3.0,2009.0,1,22,2.0,1,40.0,0.0,38,52.0,89,0.0,100,1.0,2,2,3.0,0.0,2.0,5.0,2,4.0,1,34
0,438.0,74000.0,50000.0,86,50000.0,69,1.0,917,1.0,16.0,21,1.0,1.0,2,1,0,2.0,17,2.0,9000,3.0,0.0,3.0,2.0,9,2.0,1,3.0,2009.0,1,50,1.0,1,50.0,0.0,6,52.0,144,0.0,100,1.0,2,2,3.0,0.0,2.0,5.0,2,2.0,1,34
0,221.0,36000.0,0.0,25,0.0,95,6.0,22,2.0,21.0,20,1.0,2.0,1,1,0,2.0,1,1.0,1000,2.0,12000.0,2.0,1.0,1,1.0,0,2.0,2015.0,1,999,5.0,1,40.0,0.0,30,52.0,22,0.0,400,1.0,1,2,3.0,0.0,2.0,5.0,1,2.0,1,55
0,221.0,10280.0,680.0,83,680.0,82,1.0,68,1.0,21.0,21,1.0,1.0,1,1,0,2.0,1,2.0,1000,3.0,9600.0,3.0,1.0,1,2.0,0,3.0,2015.0,1,999,1.0,1,43.0,0.0,17,4.0,20,0.0,400,1.0,1,2,3.0,0.0,2.0,5.0,2,2.0,1,53
0,501.0,52000.0,52000.0,56,52000.0,39,1.0,94,1.0,19.0,21,1.0,1.0,2,1,0,2.0,16,2.0,9000,3.0,0.0,3.0,2.0,9,2.0,0,3.0,2017.0,1,999,1.0,1,40.0,0.0,41,52.0,346,0.0,100,1.0,1,2,3.0,0.0,2.0,5.0,2,4.0,1,51
0,501.0,103600.0,100000.0,02,100000.0,07,1.0,999,1.0,1.0,20,1.0,1.0,2,1,2,2.0,1,2.0,1000,3.0,0.0,3.0,2.0,1,2.0,0,3.0,2005.0,1,999,1.0,1,50.0,0.0,38,52.0,101,0.0,600,1.0,4,2,3.0,0.0,2.0,5.0,2,4.0,1,54
0,501.0,75000.0,75000.0,38,75000.0,94,1.0,999,1.0,21.0,21,1.0,1.0,2,1,0,2.0,1,2.0,1000,3.0,0.0,3.0,2.0,1,2.0,0,3.0,2005.0,1,999,3.0,1,40.0,0.0,38,52.0,140,0.0,600,1.0,4,2,3.0,0.0,2.0,5.0,2,4.0,1,51
0,454.0,44000.0,44000.0,23,44000.0,78,1.0,32,1.0,21.0,20,1.0,1.0,2,1,0,2.0,17,2.0,9000,3.0,0.0,3.0,2.0,9,2.0,1,3.0,2021.0,1,26,4.0,1,40.0,0.0,30,52.0,152,0.0,600,1.0,2,2,3.0,0.0,2.0,5.0,2,4.0,1,32
0,454.0,64000.0,64000.0,23,64000.0,78,1.0,32,1.0,21.0,21,1.0,1.0,2,1,0,2.0,1,2.0,1000,3.0,0.0,3.0,2.0,1,2.0,0,3.0,2021.0,1,50,4.0,1,40.0,0.0,46,52.0,291,0.0,600,1.0,2,2,3.0,0.0,2.0,5.0,2,3.0,1,30
1,34.0,8400.0,8400.0,43,8400.0,90,6.0,920,1.0,16.0,20,6.0,2.0,2,5,0,2.0,17,2.0,9000,2.0,0.0,2.0,2.0,9,2.0,1,2.0,1995.0,1,32,1.0,1,40.0,0.0,38,8.0,330,0.0,300,1.0,2,2,3.0,0.0,2.0,5.0,2,4.0,1,25
1,7.0,1100.0,0.0,42,0.0,69,6.0,917,3.0,16.0,20,4.0,2.0,2,3,0,2.0,1,2.0,1000,2.0,0.0,2.0,2.0,1,2.0,0,2.0,1989.0,1,82,1.0,1,40.0,0.0,38,52.0,59,0.0,600,1.0,2,2,3.0,0.0,2.0,5.0,2,4.0,1,57
0,501.0,52000.0,52000.0,51,52000.0,93,1.0,32,1.0,16.0,20,1.0,1.0,2,1,0,2.0,1,2.0,1000,3.0,0.0,3.0,2.0,1,2.0,0,3.0,1984.0,1,50,3.0,1,38.0,0.0,27,52.0,15,0.0,200,1.0,2,2,3.0,0.0,2.0,5.0,2,4.0,1,58
0,501.0,71000.0,71000.0,62,71000.0,07,1.0,32,1.0,20.0,21,1.0,1.0,2,1,0,2.0,1,2.0,1000,3.0,0.0,3.0,2.0,1,2.0,0,3.0,1984.0,1,82,3.0,1,40.0,0.0,30,52.0,11,0.0,200,1.0,2,2,3.0,0.0,2.0,5.0,2,4.0,1,59
0,396.0,61000.0,61000.0,28,61000.0,94,1.0,82,1.0,21.0,20,6.0,1.0,2,5,0,2.0,1,2.0,1000,3.0,0.0,3.0,2.0,1,2.0,0,3.0,1995.0,1,26,4.0,1,40.0,0.0,37,52.0,149,0.0,300,1.0,2,2,3.0,0.0,2.0,5.0,2,4.0,1,37
0,0.0,0.0,0.0,96,0.0,53,6.0,82,2.0,16.0,20,4.0,2.0,1,3,0,1.0,29,2.0,9000,2.0,0.0,2.0,2.0,9,2.0,0,2.0,1998.0,1,999,1.0,1,40.0,0.0,27,52.0,66,0.0,400,1.0,1,1,3.0,0.0,2.0,5.0,2,4.0,1,59
0,463.0,44000.0,36500.0,57,36500.0,78,1.0,32,1.0,20.0,20,1.0,1.0,2,1,2,2.0,1,2.0,1000,3.0,0.0,3.0,2.0,1,2.0,0,3.0,1991.0,1,999,4.0,1,40.0,0.0,38,52.0,13,5000.0,300,1.0,1,2,3.0,0.0,2.0,5.0,2,4.0,1,61
0,463.0,48000.0,48000.0,62,48000.0,07,1.0,32,1.0,20.0,21,1.0,1.0,2,1,2,2.0,1,2.0,1000,3.0,0.0,3.0,2.0,1,2.0,0,3.0,1991.0,1,999,1.0,1,40.0,0.0,38,52.0,17,0.0,300,1.0,1,2,3.0,0.0,2.0,5.0,2,4.0,1,60
0,363.0,30000.0,30000.0,36,30000.0,79,1.0,98,1.0,21.0,20,1.0,1.0,2,1,0,2.0,1,2.0,1000,3.0,0.0,3.0,2.0,1,2.0,0,3.0,2004.0,1,999,1.0,1,24.0,0.0,38,52.0,33,0.0,300,1.0,1,2,3.0,0.0,2.0,5.0,2,4.0,1,41
0,363.0,120000.0,75000.0,73,75000.0,30,1.0,98,1.0,19.0,21,1.0,1.0,2,1,0,2.0,1,2.0,1000,3.0,0.0,3.0,2.0,1,2.0,0,3.0,2004.0,1,999,1.0,1,50.0,0.0,38,52.0,46,45000.0,300,1.0,1,2,3.0,0.0,2.0,5.0,2,2.0,1,46
0,363.0,0.0,0.0,42,0.0,69,6.0,98,3.0,16.0,25,6.0,2.0,2,5,0,2.0,1,2.0,1000,2.0,0.0,2.0,2.0,1,2.0,0,2.0,1995.0,1,999,1.0,1,40.0,0.0,38,52.0,64,0.0,300,1.0,1,2,3.0,0.0,2.0,5.0,2,4.0,1,18
0,285.0,44800.0,19000.0,53,19000.0,78,1.0,32,1.0,18.0,20,4.0,1.0,2,3,0,2.0,1,2.0,1000,2.0,6000.0,2.0,2.0,1,2.0,0,2.0,1979.0,1,999,3.0,1,40.0,19800.0,27,39.0,28,0.0,400,1.0,1,2,3.0,0.0,2.0,3.0,2,4.0,1,63
0,501.0,127000.0,127000.0,04,125000.0,07,1.0,32,1.0,21.0,20,6.0,1.0,2,5,0,2.0,1,2.0,1000,3.0,0.0,3.0,2.0,1,2.0,0,3.0,1995.0,1,142,1.0,1,50.0,0.0,38,52.0,214,0.0,600,1.0,2,2,3.0,0.0,2.0,5.0,2,4.0,1,32
0,404.0,80000.0,80000.0,10,80000.0,93,1.0,32,1.0,21.0,20,1.0,1.0,2,1,0,2.0,1,2.0,1000,3.0,0.0,3.0,2.0,1,2.0,0,3.0,2004.0,1,20,4.0,1,40.0,0.0,38,52.0,26,0.0,300,1.0,2,2,3.0,0.0,2.0,5.0,2,4.0,1,44
0,404.0,40000.0,40000.0,04,20000.0,76,1.0,32,1.0,18.0,21,1.0,1.0,2,1,0,2.0,1,2.0,1000,3.0,0.0,3.0,2.0,1,2.0,0,3.0,2004.0,1,24,1.0,1,20.0,0.0,38,26.0,19,0.0,300,1.0,2,2,3.0,0.0,2.0,5.0,2,4.0,1,37
0,289.0,45000.0,45000.0,23,45000.0,78,1.0,32,1.0,21.0,20,6.0,1.0,2,5,0,2.0,1,2.0,1000,3.0,0.0,3.0,2.0,1,2.0,0,3.0,1995.0,1,82,3.0,1,40.0,0.0,46,52.0,51,0.0,300,3.0,2,2,3.0,0.0,2.0,5.0,2,4.0,1,36
0,501.0,113000.0,113000.0,03,113000.0,81,2.0,234,1.0,21.0,20,6.0,1.0,2,5,0,2.0,29,2.0,9000,3.0,0.0,2.0,2.0,9,2.0,0,1.0,1995.0,1,999,1.0,3,40.0,0.0,364,52.0,107,0.0,600,1.0,1,2,3.0,0.0,2.0,5.0,2,4.0,16,28
1,501.0,0.0,0.0,42,0.0,69,6.0,234,3.0,16.0,29,4.0,2.0,1,3,0,1.0,29,1.0,9000,2.0,0.0,2.0,1.0,9,2.0,0,2.0,1985.0,1,999,1.0,3,40.0,0.0,364,52.0,173,0.0,600,1.0,1,2,3.0,0.0,2.0,5.0,2,4.0,16,59
0,501.0,9600.0,0.0,00,0.0,78,6.0,32,2.0,22.0,20,1.0,2.0,2,1,0,2.0,1,2.0,1000,2.0,0.0,2.0,2.0,1,2.0,0,2.0,1994.0,1,999,3.0,1,40.0,0.0,38,52.0,29,0.0,500,1.0,1,2,3.0,0.0,2.0,5.0,2,4.0,1,60
0,501.0,120000.0,120000.0,01,120000.0,38,1.0,999,1.0,21.0,21,1.0,1.0,2,1,0,2.0,1,2.0,1000,3.0,0.0,3.0,2.0,1,2.0,0,3.0,1994.0,1,999,1.0,1,50.0,0.0,38,52.0,30,0.0,500,1.0,4,2,3.0,0.0,2.0,5.0,2,4.0,1,55
0,501.0,175000.0,125000.0,48,125000.0,42,1.0,82,1.0,16.0,20,1.0,1.0,2,1,0,2.0,1,2.0,1000,2.0,0.0,2.0,2.0,1,2.0,0,2.0,1979.0,1,999,1.0,1,40.0,0.0,19,52.0,18,4000.0,200,1.0,1,2,3.0,0.0,2.0,5.0,2,4.0,1,63
0,501.0,8800.0,0.0,41,0.0,84,6.0,32,2.0,16.0,21,1.0,2.0,2,1,0,2.0,1,2.0,1000,2.0,0.0,2.0,2.0,1,2.0,0,2.0,1979.0,1,142,1.0,1,40.0,8800.0,19,52.0,23,0.0,200,1.0,2,2,2.0,0.0,2.0,2.0,2,4.0,1,63
0,501.0,35000.0,35000.0,45,0.0,89,1.0,82,1.0,19.0,20,1.0,1.0,2,1,0,2.0,1,2.0,1000,2.0,0.0,2.0,2.0,1,2.0,0,2.0,2001.0,1,999,6.0,1,30.0,0.0,27,52.0,12,0.0,600,1.0,1,2,2.0,0.0,2.0,3.0,2,4.0,1,46
0,501.0,180000.0,180000.0,08,180000.0,01,1.0,82,1.0,21.0,21,1.0,1.0,2,1,0,2.0,1,2.0,1000,2.0,0.0,2.0,2.0,1,2.0,0,2.0,2001.0,1,999,1.0,1,40.0,0.0,38,52.0,16,0.0,600,1.0,1,2,2.0,0.0,2.0,5.0,2,4.0,1,51
0,501.0,800.0,800.0,41,800.0,85,6.0,82,1.0,14.0,25,6.0,2.0,2,5,0,2.0,1,2.0,1000,2.0,0.0,2.0,2.0,1,2.0,0,2.0,1995.0,1,999,1.0,1,10.0,0.0,38,8.0,55,0.0,600,1.0,1,2,3.0,0.0,2.0,3.0,2,4.0,1,18
0,203.0,80000.0,80000.0,02,80000.0,01,1.0,32,1.0,20.0,20,1.0,1.0,2,1,0,2.0,1,2.0,1000,3.0,0.0,3.0,2.0,1,2.0,0,3.0,2011.0,1,999,1.0,1,60.0,0.0,46,52.0,52,0.0,400,1.0,1,2,3.0,0.0,2.0,5.0,2,4.0,1,37
0,203.0,1000.0,1000.0,23,700.0,78,6.0,32,1.0,21.0,21,1.0,2.0,2,1,0,2.0,1,2.0,1000,2.0,0.0,2.0,2.0,1,2.0,0,2.0,2011.0,1,82,6.0,1,4.0,0.0,46,18.0,44,0.0,400,1.0,2,2,3.0,0.0,2.0,5.0,2,4.0,1,34
0,501.0,94150.0,94000.0,72,94000.0,87,1.0,32,1.0,16.0,20,6.0,1.0,2,5,0,2.0,1,2.0,1000,3.0,0.0,3.0,2.0,1,2.0,0,3.0,1995.0,1,82,1.0,1,50.0,0.0,38,52.0,31,150.0,600,1.0,2,2,3.0,0.0,2.0,5.0,2,4.0,1,41
0,450.0,118800.0,115000.0,88,115000.0,73,1.0,999,1.0,21.0,20,1.0,1.0,2,1,0,2.0,1,2.0,1000,3.0,0.0,3.0,2.0,1,2.0,0,3.0,2012.0,1,999,1.0,1,40.0,0.0,27,52.0,24,0.0,600,1.0,4,2,3.0,0.0,2.0,5.0,2,3.0,1,41
0,450.0,18000.0,18000.0,46,18000.0,84,1.0,999,1.0,18.0,21,1.0,1.0,2,1,0,2.0,1,2.0,1000,3.0,0.0,3.0,2.0,1,2.0,0,3.0,2012.0,1,999,1.0,1,20.0,0.0,38,52.0,23,0.0,600,1.0,4,2,3.0,0.0,2.0,5.0,2,4.0,1,41
0,327.0,34800.0,34800.0,71,34800.0,96,4.0,3,1.0,19.0,20,1.0,1.0,2,1,0,2.0,1,2.0,1000,3.0,0.0,3.0,2.0,1,2.0,0,3.0,2023.0,1,999,5.0,1,40.0,0.0,9,52.0,96,0.0,200,3.0,1,2,3.0,0.0,1.0,5.0,2,1.0,1,23
0,327.0,31600.0,31600.0,51,31600.0,72,1.0,32,1.0,18.0,21,1.0,1.0,2,1,0,2.0,1,2.0,1000,3.0,0.0,3.0,2.0,1,2.0,0,3.0,2023.0,1,125,1.0,1,40.0,0.0,38,52.0,106,0.0,200,3.0,2,2,3.0,0.0,1.0,5.0,2,4.0,1,22
0,501.0,110000.0,110000.0,11,110000.0,30,1.0,32,1.0,22.0,20,1.0,1.0,2,1,0,2.0,1,2.0,1000,3.0,0.0,3.0,2.0,1,2.0,0,3.0,2003.0,1,87,1.0,1,40.0,0.0,38,52.0,55,0.0,400,1.0,2,2,3.0,0.0,2.0,5.0,2,4.0,1,42
0,501.0,82000.0,82000.0,08,82000.0,30,1.0,32,1.0,20.0,21,1.0,1.0,2,1,0,2.0,1,2.0,1000,3.0,0.0,3.0,2.0,1,2.0,0,3.0,2003.0,1,82,1.0,1,50.0,0.0,38,52.0,65,0.0,400,1.0,2,2,3.0,0.0,2.0,5.0,2,4.0,1,48
1,501.0,15000.0,15000.0,54,15000.0,74,1.0,22,1.0,19.0,20,1.0,1.0,1,1,0,2.0,1,2.0,1000,3.0,0.0,3.0,2.0,1,2.0,0,3.0,2000.0,1,89,1.0,1,24.0,0.0,16,50.0,31,0.0,200,1.0,2,2,3.0,0.0,2.0,5.0,1,4.0,1,42
1,501.0,152000.0,152000.0,91,150000.0,61,1.0,22,1.0,16.0,21,1.0,1.0,2,1,0,2.0,1,2.0,1000,3.0,0.0,3.0,2.0,1,2.0,0,3.0,2000.0,1,89,6.0,1,70.0,0.0,16,30.0,14,0.0,200,1.0,2,2,3.0,0.0,2.0,5.0,2,4.0,1,45
1,501.0,2000.0,2000.0,62,2000.0,07,6.0,22,1.0,15.0,25,6.0,2.0,2,5,0,2.0,1,2.0,1000,2.0,0.0,2.0,2.0,1,2.0,0,2.0,1995.0,1,89,1.0,1,40.0,0.0,16,6.0,8,0.0,200,1.0,2,2,3.0,0.0,2.0,5.0,2,4.0,1,18
0,253.0,40000.0,40000.0,96,40000.0,53,1.0,924,1.0,17.0,20,6.0,1.0,2,5,0,2.0,17,2.0,9000,3.0,0.0,3.0,2.0,9,2.0,1,3.0,1995.0,1,50,1.0,1,40.0,0.0,53,52.0,29,0.0,300,1.0,2,2,3.0,0.0,2.0,5.0,2,4.0,1,49
0,501.0,40000.0,40000.0,23,40000.0,78,1.0,32,1.0,21.0,20,1.0,1.0,2,1,2,2.0,1,2.0,1000,3.0,0.0,3.0,2.0,1,2.0,0,3.0,1999.0,1,999,3.0,1,45.0,0.0,38,52.0,12,0.0,400,1.0,1,2,3.0,0.0,2.0,5.0,2,4.0,1,45
0,501.0,128000.0,128000.0,02,48000.0,01,1.0,32,1.0,16.0,21,1.0,1.0,2,1,2,2.0,1,2.0,1000,3.0,0.0,3.0,2.0,1,2.0,0,3.0,1999.0,1,999,1.0,1,60.0,0.0,38,52.0,15,0.0,400,1.0,1,2,3.0,0.0,2.0,5.0,2,4.0,1,45
0,501.0,70000.0,70000.0,22,70000.0,78,1.0,82,1.0,24.0,21,1.0,1.0,2,1,0,2.0,1,2.0,1000,3.0,0.0,3.0,2.0,1,2.0,0,3.0,2014.0,1,999,4.0,1,40.0,0.0,38,52.0,222,0.0,600,1.0,1,2,3.0,0.0,2.0,5.0,2,4.0,1,37
1,43.0,6800.0,0.0,42,0.0,69,6.0,917,3.0,19.0,20,4.0,2.0,1,3,0,2.0,17,1.0,9000,2.0,6800.0,2.0,1.0,9,1.0,1,2.0,2009.0,1,26,1.0,1,40.0,0.0,55,52.0,70,0.0,600,1.0,2,2,3.0,0.0,2.0,5.0,2,4.0,1,50
0,239.0,37500.0,26000.0,87,26000.0,28,1.0,935,1.0,17.0,22,6.0,1.0,2,5,0,2.0,1,2.0,1000,3.0,0.0,3.0,2.0,1,2.0,0,3.0,1995.0,1,82,1.0,1,55.0,0.0,26,52.0,84,0.0,600,1.0,2,2,3.0,0.0,2.0,5.0,2,2.0,1,51
0,348.0,53000.0,53000.0,32,53000.0,81,1.0,82,1.0,20.0,36,2.0,1.0,2,1,0,2.0,1,2.0,1000,3.0,0.0,3.0,2.0,1,2.0,0,3.0,1993.0,1,999,2.0,1,40.0,0.0,38,52.0,49,0.0,200,3.0,1,2,3.0,0.0,2.0,5.0,2,4.0,1,48
0,240.0,72000.0,72000.0,20,72000.0,82,1.0,32,1.0,22.0,20,4.0,1.0,2,3,0,2.0,1,2.0,1000,2.0,0.0,2.0,2.0,1,2.0,0,2.0,2011.0,1,94,1.0,1,40.0,0.0,38,48.0,22,0.0,500,3.0,2,2,3.0,0.0,2.0,5.0,2,4.0,1,31
0,464.0,117000.0,117000.0,70,117000.0,66,1.0,82,1.0,20.0,20,1.0,1.0,2,1,0,2.0,1,2.0,1000,3.0,0.0,3.0,2.0,1,2.0,0,3.0,2001.0,1,89,1.0,1,40.0,0.0,27,52.0,48,0.0,500,1.0,2,2,3.0,0.0,2.0,5.0,2,4.0,1,45
0,464.0,22000.0,22000.0,26,22000.0,54,1.0,142,1.0,18.0,21,1.0,1.0,2,1,0,2.0,1,2.0,1000,3.0,0.0,3.0,2.0,1,2.0,0,3.0,2001.0,1,999,1.0,1,32.0,0.0,27,52.0,53,0.0,500,1.0,1,2,3.0,0.0,2.0,5.0,2,4.0,1,43
0,464.0,2400.0,2400.0,42,2400.0,50,1.0,142,1.0,15.0,25,6.0,1.0,1,5,0,2.0,1,1.0,1000,3.0,0.0,3.0,2.0,1,2.0,0,3.0,1995.0,1,82,1.0,1,5.0,0.0,27,50.0,8,0.0,500,1.0,2,2,3.0,0.0,2.0,5.0,2,4.0,1,24
0,464.0,1200.0,1200.0,47,1200.0,50,1.0,142,1.0,14.0,25,6.0,1.0,2,5,0,2.0,1,2.0,1000,3.0,0.0,3.0,2.0,1,2.0,0,3.0,1995.0,1,82,1.0,1,12.0,0.0,27,10.0,8,0.0,500,1.0,2,2,3.0,0.0,2.0,5.0,2,4.0,1,18
0,125.0,22300.0,0.0,42,0.0,69,6.0,82,3.0,20.0,20,1.0,2.0,1,1,2,2.0,1,1.0,1000,2.0,0.0,2.0,1.0,1,2.0,0,2.0,2020.0,1,89,1.0,1,40.0,14400.0,38,52.0,140,4000.0,200,3.0,2,1,3.0,3900.0,2.0,5.0,1,4.0,1,62
0,125.0,2860.0,0.0,42,0.0,69,6.0,917,3.0,19.0,21,1.0,2.0,1,1,2,2.0,3,1.0,5024,2.0,0.0,2.0,1.0,3,2.0,1,2.0,2020.0,0,935,1.0,1,40.0,2300.0,38,52.0,143,0.0,200,3.0,2,2,3.0,560.0,2.0,5.0,1,4.0,1,62
1,11.0,1800.0,1800.0,62,0.0,07,6.0,700,1.0,1.0,20,4.0,2.0,2,3,0,2.0,10,2.0,4006,1.0,0.0,2.0,2.0,6,2.0,0,2.0,2005.0,0,999,6.0,4,8.0,0.0,205,5.0,162,0.0,400,1.0,1,2,3.0,0.0,2.0,5.0,2,4.0,1,39
1,150.0,23500.0,0.0,42,0.0,69,6.0,999,3.0,20.0,20,6.0,2.0,2,5,0,2.0,1,2.0,1000,3.0,0.0,2.0,2.0,1,2.0,0,2.0,1995.0,1,999,1.0,1,40.0,23500.0,38,52.0,37,0.0,400,3.0,4,2,3.0,0.0,2.0,5.0,2,4.0,1,30
0,191.0,30000.0,30000.0,07,30000.0,73,1.0,999,1.0,16.0,22,6.0,1.0,2,5,0,2.0,1,2.0,1000,3.0,0.0,3.0,2.0,1,2.0,0,3.0,1995.0,1,999,1.0,1,60.0,0.0,27,52.0,78,0.0,400,3.0,4,2,3.0,0.0,2.0,5.0,2,4.0,1,25
0,413.0,63000.0,63000.0,22,63000.0,78,1.0,50,1.0,22.0,20,6.0,1.0,2,5,0,2.0,1,2.0,1000,3.0,0.0,3.0,2.0,1,2.0,0,3.0,1995.0,1,26,1.0,1,40.0,0.0,27,52.0,74,0.0,500,1.0,2,2,3.0,0.0,2.0,5.0,2,4.0,1,62
0,486.0,0.0,0.0,42,0.0,69,6.0,22,3.0,17.0,21,1.0,2.0,2,1,0,2.0,1,2.0,1000,2.0,0.0,2.0,2.0,1,2.0,0,2.0,1979.0,1,999,1.0,1,40.0,0.0,6,52.0,34,0.0,300,1.0,1,2,3.0,0.0,2.0,5.0,2,4.0,1,64
0,357.0,56000.0,56000.0,38,56000.0,94,1.0,210,1.0,16.0,20,6.0,1.0,2,5,0,2.0,15,2.0,8000,3.0,0.0,3.0,2.0,8,2.0,0,3.0,1995.0,0,200,3.0,1,40.0,0.0,12,52.0,1362,0.0,200,3.0,2,2,3.0,0.0,2.0,5.0,2,4.0,2,22
0,501.0,120000.0,120000.0,15,120000.0,95,1.0,32,1.0,21.0,20,1.0,1.0,2,1,0,2.0,1,2.0,1000,3.0,0.0,3.0,2.0,1,2.0,0,3.0,2009.0,1,82,4.0,1,45.0,0.0,38,52.0,128,0.0,300,1.0,2,2,3.0,0.0,2.0,5.0,2,4.0,1,42
0,501.0,100000.0,100000.0,51,0.0,68,1.0,32,1.0,16.0,21,1.0,1.0,2,1,0,2.0,1,2.0,1000,3.0,0.0,3.0,2.0,1,2.0,0,3.0,2009.0,1,82,6.0,1,50.0,0.0,38,52.0,96,0.0,300,1.0,2,2,3.0,0.0,2.0,5.0,2,4.0,1,40
0,128.0,22800.0,0.0,42,0.0,69,6.0,50,3.0,21.0,21,1.0,2.0,1,1,2,2.0,1,1.0,1000,3.0,0.0,2.0,1.0,1,1.0,0,3.0,1985.0,1,32,1.0,1,40.0,22800.0,38,52.0,22,0.0,500,3.0,2,2,3.0,0.0,2.0,5.0,2,4.0,1,65
0,415.0,100000.0,100000.0,47,100000.0,57,1.0,82,1.0,21.0,20,1.0,1.0,2,1,0,2.0,1,2.0,1000,3.0,0.0,3.0,2.0,1,2.0,0,3.0,2000.0,1,999,1.0,1,40.0,0.0,38,52.0,20,0.0,600,1.0,1,2,3.0,0.0,2.0,5.0,2,4.0,1,49
0,415.0,0.0,0.0,48,0.0,61,6.0,82,2.0,20.0,21,1.0,2.0,2,1,0,2.0,1,2.0,1000,2.0,0.0,2.0,2.0,1,2.0,0,2.0,2000.0,1,999,1.0,1,40.0,0.0,38,52.0,20,0.0,600,1.0,1,2,3.0,0.0,2.0,5.0,2,4.0,1,44
0,501.0,0.0,0.0,42,0.0,69,6.0,211,3.0,17.0,21,1.0,2.0,2,1,2,2.0,29,2.0,9000,2.0,0.0,2.0,2.0,9,2.0,0,2.0,2000.0,1,999,1.0,1,40.0,0.0,4,52.0,92,0.0,100,1.0,1,2,3.0,0.0,2.0,5.0,2,4.0,2,40
0,501.0,84000.0,84000.0,32,84000.0,79,1.0,32,1.0,20.0,20,1.0,1.0,2,1,0,2.0,1,2.0,1000,3.0,0.0,3.0,2.0,1,2.0,0,3.0,2004.0,1,50,2.0,1,40.0,0.0,27,52.0,15,0.0,500,1.0,2,2,3.0,0.0,2.0,5.0,2,4.0,1,43
0,501.0,103000.0,103000.0,14,103000.0,66,1.0,88,1.0,21.0,21,1.0,1.0,2,1,0,2.0,1,2.0,1000,3.0,0.0,3.0,2.0,1,2.0,0,3.0,2004.0,1,999,1.0,1,40.0,0.0,38,52.0,22,0.0,500,1.0,1,2,3.0,0.0,2.0,5.0,2,3.0,1,43
0,501.0,0.0,0.0,23,0.0,78,6.0,32,2.0,21.0,21,1.0,2.0,2,1,0,2.0,1,2.0,1000,2.0,0.0,2.0,2.0,1,2.0,0,2.0,2015.0,1,82,3.0,1,40.0,0.0,38,52.0,49,0.0,500,1.0,2,2,3.0,0.0,2.0,5.0,2,4.0,1,32
0,63.0,10000.0,10000.0,27,10000.0,85,1.0,999,1.0,19.0,20,6.0,1.0,2,5,2,2.0,1,2.0,1000,3.0,0.0,3.0,2.0,1,2.0,0,3.0,1995.0,1,999,2.0,1,23.0,0.0,27,40.0,120,0.0,600,1.0,4,2,3.0,0.0,2.0,5.0,2,4.0,1,20
0,31.0,5000.0,5000.0,36,5000.0,81,1.0,999,1.0,16.0,34,6.0,1.0,2,5,2,2.0,1,2.0,1000,3.0,0.0,3.0,2.0,1,2.0,0,3.0,1995.0,1,999,1.0,1,40.0,0.0,27,52.0,173,0.0,600,1.0,4,2,3.0,0.0,2.0,5.0,2,4.0,1,20
0,99.0,15600.0,15600.0,51,15600.0,68,1.0,999,1.0,18.0,34,6.0,1.0,2,5,2,2.0,1,2.0,1000,3.0,0.0,3.0,2.0,1,2.0,0,3.0,1995.0,1,999,1.0,1,20.0,0.0,38,49.0,171,0.0,600,1.0,4,2,3.0,0.0,2.0,5.0,2,4.0,1,20
0,1.0,230.0,230.0,52,230.0,85,1.0,999,1.0,17.0,34,6.0,1.0,2,5,2,2.0,1,2.0,1000,3.0,0.0,3.0,2.0,1,2.0,0,3.0,1995.0,1,999,1.0,1,4.0,0.0,27,1.0,255,0.0,600,1.0,4,2,3.0,0.0,2.0,5.0,2,4.0,1,19
0,320.0,50000.0,50000.0,60,50000.0,01,1.0,32,1.0,16.0,20,6.0,1.0,1,5,0,2.0,1,2.0,1000,3.0,0.0,3.0,2.0,1,2.0,0,3.0,1995.0,1,26,1.0,1,90.0,0.0,38,52.0,95,0.0,600,1.0,2,1,3.0,0.0,2.0,5.0,2,3.0,1,36
0,390.0,53000.0,50000.0,55,50000.0,63,1.0,999,1.0,16.0,20,1.0,1.0,2,1,0,2.0,1,2.0,1000,3.0,0.0,3.0,2.0,1,2.0,0,3.0,2013.0,1,999,5.0,1,44.0,0.0,27,52.0,10,3000.0,400,1.0,4,2,3.0,0.0,2.0,5.0,2,4.0,1,28
0,390.0,65000.0,65000.0,81,65000.0,30,1.0,999,1.0,13.0,21,1.0,1.0,2,1,0,2.0,1,2.0,1000,3.0,0.0,3.0,2.0,1,2.0,0,3.0,2013.0,1,999,1.0,1,50.0,0.0,27,52.0,10,0.0,400,1.0,4,2,3.0,0.0,2.0,5.0,2,4.0,1,29
0,501.0,73030.0,73000.0,63,73000.0,07,1.0,171,1.0,16.0,25,6.0,1.0,2,5,0,2.0,1,2.0,1000,2.0,0.0,2.0,2.0,1,2.0,0,3.0,1995.0,1,32,1.0,1,40.0,0.0,38,52.0,10,30.0,100,1.0,2,2,3.0,0.0,2.0,5.0,2,4.0,1,43
0,433.0,48000.0,48000.0,32,48000.0,81,1.0,996,1.0,21.0,20,1.0,1.0,2,1,0,2.0,1,2.0,1000,3.0,0.0,3.0,2.0,1,2.0,0,3.0,2017.0,1,999,1.0,1,36.0,0.0,27,52.0,53,0.0,600,1.0,3,2,3.0,0.0,2.0,5.0,2,4.0,1,30
0,433.0,56000.0,56000.0,73,56000.0,24,1.0,999,1.0,20.0,21,1.0,1.0,2,1,0,2.0,1,2.0,1000,3.0,0.0,3.0,2.0,1,2.0,0,3.0,2017.0,1,999,1.0,1,40.0,0.0,27,52.0,54,0.0,600,1.0,4,2,3.0,0.0,2.0,5.0,2,4.0,1,29
0,501.0,167000.0,167000.0,04,167000.0,89,1.0,89,1.0,21.0,25,2.0,1.0,2,1,0,2.0,1,2.0,1000,3.0,0.0,3.0,2.0,1,2.0,0,3.0,2020.0,1,20,1.0,1,50.0,0.0,38,52.0,1,0.0,200,1.0,2,2,3.0,0.0,2.0,5.0,2,4.0,1,50
0,501.0,45000.0,0.0,42,0.0,69,6.0,32,3.0,21.0,20,1.0,2.0,2,1,0,2.0,1,2.0,1000,2.0,0.0,2.0,2.0,1,2.0,0,2.0,1993.0,1,148,1.0,1,40.0,0.0,46,52.0,65,45000.0,600,1.0,2,2,3.0,0.0,2.0,5.0,2,4.0,1,51
0,501.0,90000.0,90000.0,07,90000.0,69,1.0,82,1.0,21.0,21,1.0,1.0,2,1,0,2.0,1,2.0,1000,3.0,0.0,3.0,2.0,1,2.0,0,3.0,1993.0,1,89,1.0,1,40.0,0.0,38,52.0,52,0.0,600,1.0,2,2,3.0,0.0,2.0,5.0,2,4.0,1,52
0,501.0,16000.0,16000.0,52,16000.0,48,1.0,32,1.0,20.0,25,6.0,1.0,2,5,0,2.0,1,2.0,1000,3.0,0.0,3.0,2.0,1,2.0,0,3.0,1995.0,1,148,1.0,1,30.0,0.0,38,34.0,55,0.0,600,1.0,2,2,3.0,0.0,2.0,5.0,2,4.0,1,24
0,501.0,40000.0,40000.0,81,40000.0,29,1.0,32,1.0,20.0,25,6.0,1.0,2,5,0,2.0,1,2.0,1000,3.0,0.0,3.0,2.0,1,2.0,0,3.0,1995.0,1,148,1.0,1,40.0,0.0,38,52.0,56,0.0,600,1.0,2,2,3.0,0.0,2.0,5.0,2,4.0,1,21
0,501.0,4500.0,4500.0,39,4500.0,85,6.0,32,1.0,15.0,25,6.0,2.0,2,5,0,2.0,1,2.0,1000,2.0,0.0,2.0,2.0,1,2.0,0,2.0,1995.0,1,148,2.0,1,30.0,0.0,38,10.0,99,0.0,600,1.0,2,2,3.0,0.0,2.0,5.0,2,4.0,1,18
1,113.0,17800.0,2500.0,46,2500.0,84,1.0,82,1.0,16.0,20,6.0,1.0,2,5,0,2.0,1,2.0,1000,3.0,0.0,3.0,2.0,1,2.0,0,3.0,1995.0,1,999,1.0,1,8.0,15300.0,38,40.0,258,0.0,100,3.0,1,2,3.0,0.0,2.0,5.0,2,4.0,1,38
0,474.0,52000.0,40000.0,51,40000.0,06,1.0,32,1.0,16.0,20,1.0,1.0,2,1,0,2.0,1,2.0,1000,3.0,0.0,3.0,2.0,1,2.0,0,3.0,2019.0,1,148,4.0,1,40.0,0.0,38,52.0,263,12000.0,100,1.0,2,2,3.0,0.0,2.0,5.0,2,4.0,1,33
0,474.0,64000.0,62000.0,72,60000.0,07,1.0,50,1.0,18.0,21,1.0,1.0,2,1,0,2.0,1,2.0,1000,3.0,0.0,3.0,2.0,1,2.0,0,3.0,2019.0,1,32,1.0,1,55.0,0.0,17,52.0,313,0.0,100,1.0,2,2,3.0,0.0,2.0,5.0,2,2.0,1,43
0,340.0,36000.0,36000.0,79,36000.0,35,1.0,32,1.0,19.0,20,1.0,1.0,2,1,0,2.0,1,2.0,1000,3.0,0.0,3.0,2.0,1,2.0,0,3.0,2016.0,1,125,1.0,1,40.0,0.0,38,52.0,38,0.0,100,1.0,2,2,3.0,0.0,2.0,5.0,2,4.0,1,30
0,340.0,68000.0,68000.0,47,68000.0,48,1.0,32,1.0,17.0,21,1.0,1.0,2,1,0,2.0,1,2.0,1000,3.0,0.0,3.0,2.0,1,2.0,0,3.0,2016.0,1,51,1.0,1,48.0,0.0,4,52.0,37,0.0,100,1.0,2,2,3.0,0.0,2.0,5.0,2,4.0,1,39
0,501.0,100000.0,100000.0,04,100000.0,04,1.0,50,1.0,19.0,20,6.0,1.0,2,5,2,2.0,1,2.0,1000,3.0,0.0,3.0,2.0,1,2.0,0,3.0,1995.0,1,999,1.0,1,50.0,0.0,40,52.0,475,0.0,100,1.0,1,2,3.0,0.0,2.0,5.0,2,4.0,1,36
0,190.0,29900.0,29900.0,02,0.0,01,1.0,82,1.0,22.0,20,4.0,1.0,2,3,0,2.0,1,2.0,1000,3.0,0.0,3.0,2.0,1,2.0,0,3.0,1999.0,1,32,6.0,1,40.0,0.0,38,52.0,239,0.0,200,1.0,2,2,3.0,0.0,2.0,5.0,2,4.0,1,49
0,501.0,54000.0,54000.0,11,54000.0,68,1.0,32,1.0,19.0,20,1.0,1.0,2,1,0,2.0,1,2.0,1000,3.0,0.0,3.0,2.0,1,2.0,0,3.0,2008.0,1,82,1.0,1,40.0,0.0,38,52.0,264,0.0,200,1.0,2,2,3.0,0.0,2.0,5.0,2,4.0,1,38
0,501.0,133000.0,133000.0,86,133000.0,05,2.0,32,1.0,16.0,21,1.0,1.0,2,1,0,2.0,1,2.0,1000,3.0,0.0,2.0,2.0,1,2.0,0,1.0,2008.0,1,999,1.0,1,48.0,0.0,8,52.0,232,0.0,200,1.0,1,2,3.0,0.0,2.0,5.0,2,4.0,1,49
0,94.0,15000.0,15000.0,62,0.0,07,6.0,939,1.0,16.0,20,6.0,2.0,2,5,0,2.0,1,2.0,1000,2.0,0.0,2.0,2.0,1,2.0,0,2.0,1995.0,1,999,6.0,1,55.0,0.0,38,45.0,75,0.0,300,1.0,1,2,3.0,0.0,2.0,5.0,2,4.0,1,53
0,501.0,157600.0,140000.0,07,140000.0,94,1.0,32,1.0,20.0,20,1.0,1.0,2,1,0,2.0,1,2.0,1000,3.0,0.0,3.0,2.0,1,2.0,0,3.0,2004.0,1,82,4.0,1,40.0,0.0,27,52.0,23,15300.0,200,1.0,2,2,3.0,0.0,2.0,5.0,2,4.0,1,63
0,501.0,72000.0,0.0,73,0.0,34,6.0,999,2.0,16.0,21,1.0,1.0,2,1,0,2.0,1,2.0,1000,3.0,0.0,3.0,2.0,1,2.0,0,3.0,2004.0,1,999,1.0,1,40.0,0.0,27,52.0,25,0.0,200,1.0,4,2,3.0,0.0,2.0,5.0,2,4.0,1,56
0,501.0,150000.0,150000.0,57,150000.0,63,1.0,32,1.0,21.0,20,4.0,1.0,2,3,0,2.0,1,2.0,1000,3.0,0.0,3.0,2.0,1,2.0,0,3.0,2008.0,1,999,1.0,1,35.0,0.0,30,52.0,207,0.0,100,1.0,1,2,3.0,0.0,2.0,5.0,2,4.0,1,50
0,315.0,49300.0,45000.0,47,45000.0,48,3.0,210,1.0,20.0,20,6.0,2.0,1,5,0,1.0,1,1.0,1000,1.0,0.0,2.0,2.0,1,2.0,0,2.0,1995.0,1,50,1.0,1,40.0,0.0,6,52.0,179,0.0,300,1.0,2,2,3.0,4300.0,2.0,1.0,2,4.0,23,31
0,501.0,55000.0,55000.0,77,55000.0,06,1.0,171,1.0,16.0,20,1.0,1.0,2,1,0,2.0,1,2.0,1000,3.0,0.0,3.0,2.0,1,2.0,0,3.0,2021.0,1,999,3.0,1,45.0,0.0,6,52.0,11,0.0,100,1.0,1,2,3.0,0.0,2.0,5.0,2,3.0,1,29
0,501.0,42000.0,42000.0,24,42000.0,67,1.0,88,1.0,21.0,21,1.0,1.0,2,1,0,2.0,1,2.0,1000,3.0,0.0,3.0,2.0,1,2.0,0,3.0,2021.0,1,999,3.0,1,45.0,0.0,38,48.0,10,0.0,100,1.0,1,2,3.0,0.0,2.0,5.0,2,4.0,1,23
0,501.0,41600.0,41600.0,86,41600.0,06,1.0,171,1.0,18.0,33,6.0,1.0,2,5,0,2.0,1,2.0,1000,3.0,0.0,3.0,2.0,1,2.0,0,3.0,1995.0,1,999,3.0,1,40.0,0.0,20,52.0,31,0.0,100,3.0,1,2,3.0,0.0,2.0,5.0,2,4.0,1,21
0,99.0,36600.0,35000.0,23,35000.0,84,1.0,999,1.0,17.0,20,1.0,1.0,2,1,0,2.0,1,2.0,1000,3.0,0.0,3.0,2.0,1,2.0,0,3.0,1995.0,1,999,5.0,1,40.0,0.0,38,52.0,79,0.0,200,1.0,4,2,3.0,0.0,2.0,5.0,2,4.0,1,58
0,99.0,0.0,0.0,42,0.0,69,6.0,920,3.0,13.0,25,6.0,2.0,2,5,0,2.0,3,2.0,5013,2.0,0.0,2.0,2.0,3,2.0,1,2.0,1995.0,0,999,1.0,1,40.0,0.0,38,52.0,1,0.0,200,1.0,1,2,3.0,0.0,2.0,5.0,2,4.0,1,34
0,501.0,148000.0,148000.0,28,148000.0,74,1.0,111,1.0,24.0,20,1.0,1.0,2,1,0,2.0,1,2.0,1000,3.0,0.0,3.0,2.0,1,2.0,0,3.0,2007.0,1,98,1.0,1,40.0,0.0,38,52.0,20,0.0,100,1.0,2,2,3.0,0.0,2.0,5.0,2,4.0,1,43
0,501.0,90000.0,90000.0,08,90000.0,69,1.0,32,1.0,18.0,21,1.0,1.0,2,1,0,2.0,1,2.0,1000,3.0,0.0,3.0,2.0,1,2.0,0,3.0,2007.0,1,22,1.0,1,30.0,0.0,38,52.0,25,0.0,100,1.0,2,2,3.0,0.0,2.0,5.0,2,4.0,1,42
0,323.0,50000.0,50000.0,62,50000.0,07,1.0,917,1.0,21.0,20,6.0,1.0,2,5,0,2.0,3,2.0,5025,3.0,0.0,3.0,2.0,5,2.0,1,3.0,1995.0,0,999,7.0,1,40.0,0.0,38,14.0,84,0.0,100,1.0,1,2,3.0,0.0,2.0,5.0,2,4.0,1,40
0,129.0,20000.0,20000.0,78,20000.0,11,1.0,50,1.0,16.0,36,6.0,1.0,2,5,0,2.0,1,2.0,1000,3.0,0.0,3.0,2.0,1,2.0,0,3.0,1995.0,1,142,1.0,1,40.0,0.0,26,52.0,6,0.0,100,1.0,2,2,3.0,0.0,2.0,5.0,2,4.0,1,31
0,501.0,90500.0,89000.0,02,89000.0,01,1.0,22,1.0,19.0,20,4.0,1.0,2,3,0,2.0,1,2.0,1000,3.0,0.0,3.0,2.0,1,2.0,0,3.0,2005.0,1,32,7.0,1,60.0,0.0,18,52.0,17,0.0,200,1.0,2,2,3.0,0.0,2.0,5.0,2,2.0,1,50
0,437.0,153600.0,150000.0,21,150000.0,96,4.0,22,1.0,23.0,20,1.0,1.0,2,1,0,2.0,1,2.0,1000,3.0,0.0,3.0,2.0,1,2.0,0,3.0,2006.0,1,82,5.0,1,80.0,0.0,6,52.0,48,3600.0,200,1.0,2,2,3.0,0.0,2.0,5.0,2,1.0,1,42
0,437.0,800.0,0.0,42,0.0,69,6.0,22,3.0,21.0,21,1.0,2.0,2,1,0,2.0,1,2.0,1000,2.0,0.0,2.0,2.0,1,2.0,0,2.0,2006.0,1,87,1.0,1,40.0,0.0,6,52.0,50,800.0,200,1.0,2,2,3.0,0.0,2.0,5.0,2,4.0,1,42
0,334.0,0.0,0.0,42,0.0,69,6.0,32,3.0,18.0,20,1.0,2.0,2,1,0,2.0,1,2.0,1000,2.0,0.0,2.0,2.0,1,2.0,0,2.0,1993.0,1,999,1.0,1,40.0,0.0,38,52.0,38,0.0,200,1.0,1,2,3.0,0.0,2.0,5.0,2,4.0,1,52
0,334.0,150000.0,150000.0,69,150000.0,04,1.0,32,1.0,20.0,21,1.0,1.0,2,1,0,2.0,1,2.0,1000,3.0,0.0,3.0,2.0,1,2.0,0,3.0,1993.0,1,999,1.0,1,65.0,0.0,38,52.0,39,0.0,200,1.0,1,2,3.0,0.0,2.0,5.0,2,4.0,1,54
0,334.0,12000.0,12000.0,41,12000.0,86,1.0,32,1.0,16.0,25,6.0,1.0,2,5,0,2.0,1,2.0,1000,3.0,0.0,3.0,2.0,1,2.0,0,3.0,1995.0,1,999,1.0,1,40.0,0.0,38,52.0,5,0.0,200,1.0,1,2,3.0,0.0,2.0,5.0,2,4.0,1,28
0,334.0,12000.0,12000.0,42,12000.0,77,1.0,32,1.0,16.0,25,6.0,1.0,2,5,0,2.0,1,2.0,1000,3.0,0.0,3.0,2.0,1,2.0,0,3.0,1995.0,1,999,1.0,1,40.0,0.0,38,52.0,10,0.0,200,1.0,1,2,3.0,0.0,2.0,5.0,2,4.0,1,24
0,376.0,30000.0,30000.0,47,30000.0,49,1.0,32,1.0,19.0,25,6.0,1.0,2,5,0,2.0,1,2.0,1000,3.0,0.0,3.0,2.0,1,2.0,0,3.0,1995.0,1,999,1.0,1,42.0,0.0,38,52.0,76,0.0,500,1.0,1,2,3.0,0.0,2.0,5.0,2,4.0,1,47
0,187.0,73000.0,70000.0,96,15000.0,44,1.0,999,1.0,19.0,20,1.0,1.0,2,1,0,2.0,1,2.0,1000,2.0,0.0,3.0,2.0,1,2.0,0,3.0,1996.0,1,999,2.0,1,20.0,0.0,38,52.0,81,3000.0,400,1.0,4,2,3.0,0.0,2.0,1.0,2,4.0,1,55
0,187.0,0.0,0.0,42,0.0,69,6.0,999,3.0,19.0,21,1.0,2.0,2,1,0,2.0,1,2.0,1000,2.0,0.0,2.0,2.0,1,2.0,0,2.0,1996.0,1,999,1.0,1,40.0,0.0,38,52.0,83,0.0,400,1.0,4,2,3.0,0.0,2.0,5.0,2,4.0,1,54
0,187.0,2000.0,2000.0,58,2000.0,44,1.0,999,1.0,20.0,25,6.0,1.0,2,5,0,2.0,1,2.0,1000,3.0,0.0,3.0,2.0,1,2.0,0,3.0,1995.0,1,999,1.0,1,20.0,0.0,38,7.0,1,0.0,400,3.0,4,2,3.0,0.0,2.0,5.0,2,4.0,1,27
1,187.0,3600.0,3600.0,96,3600.0,44,1.0,999,1.0,16.0,25,6.0,1.0,2,5,0,2.0,1,2.0,1000,3.0,0.0,3.0,2.0,1,2.0,0,3.0,1995.0,1,999,1.0,1,20.0,0.0,38,25.0,1,0.0,400,1.0,4,2,3.0,0.0,2.0,5.0,2,4.0,1,19
1,187.0,0.0,0.0,42,0.0,69,6.0,999,3.0,14.0,25,6.0,2.0,2,5,0,2.0,1,2.0,1000,2.0,0.0,2.0,2.0,1,2.0,0,2.0,1995.0,1,999,1.0,1,40.0,0.0,38,52.0,1,0.0,400,1.0,4,2,3.0,0.0,2.0,5.0,2,4.0,1,18
0,173.0,42000.0,42000.0,37,42000.0,96,4.0,996,1.0,20.0,20,1.0,1.0,2,1,0,2.0,1,2.0,1000,3.0,0.0,3.0,2.0,1,2.0,0,3.0,2008.0,1,999,5.0,1,40.0,0.0,53,52.0,31,0.0,500,1.0,3,2,3.0,0.0,2.0,5.0,2,1.0,1,37
0,173.0,0.0,0.0,42,0.0,69,6.0,996,3.0,18.0,21,1.0,2.0,2,1,0,2.0,1,2.0,1000,2.0,0.0,2.0,2.0,1,2.0,0,2.0,2008.0,1,999,1.0,1,40.0,0.0,22,52.0,36,0.0,500,1.0,3,2,3.0,0.0,2.0,5.0,2,4.0,1,35
1,129.0,20260.0,0.0,42,0.0,69,6.0,82,3.0,16.0,20,4.0,2.0,2,3,0,2.0,1,2.0,1000,2.0,0.0,2.0,2.0,1,2.0,0,2.0,1998.0,1,999,1.0,1,40.0,0.0,38,52.0,42,0.0,400,1.0,1,2,2.0,160.0,2.0,5.0,2,4.0,1,61
0,501.0,80000.0,80000.0,47,80000.0,44,1.0,32,1.0,21.0,20,6.0,1.0,2,5,0,2.0,1,2.0,1000,3.0,0.0,3.0,2.0,1,2.0,0,3.0,1995.0,1,148,1.0,1,65.0,0.0,38,52.0,36,0.0,100,1.0,2,2,3.0,0.0,2.0,5.0,2,4.0,1,44
0,224.0,32600.0,1600.0,53,1600.0,67,1.0,50,1.0,19.0,20,3.0,1.0,1,2,0,2.0,1,1.0,1000,3.0,0.0,3.0,1.0,1,1.0,0,3.0,1989.0,1,32,3.0,1,4.0,19000.0,46,32.0,20,4000.0,500,1.0,2,2,3.0,0.0,2.0,5.0,2,4.0,1,65
0,321.0,50000.0,50000.0,01,50000.0,78,1.0,82,1.0,18.0,20,6.0,1.0,2,5,0,2.0,1,2.0,1000,3.0,0.0,3.0,2.0,1,2.0,0,3.0,1995.0,1,999,4.0,1,43.0,0.0,38,52.0,54,0.0,500,1.0,1,2,3.0,0.0,2.0,5.0,2,2.0,1,60
0,328.0,6000.0,6000.0,46,0.0,85,1.0,22,1.0,21.0,20,1.0,1.0,2,1,0,2.0,1,2.0,1000,3.0,0.0,3.0,2.0,1,2.0,0,3.0,2010.0,1,999,6.0,1,50.0,0.0,38,52.0,272,0.0,300,1.0,1,2,3.0,0.0,2.0,5.0,2,2.0,1,42
0,328.0,60000.0,60000.0,52,60000.0,07,1.0,21,1.0,21.0,21,1.0,1.0,2,1,0,2.0,1,2.0,1000,3.0,0.0,3.0,2.0,1,2.0,0,3.0,2010.0,1,999,3.0,1,42.0,0.0,38,52.0,230,0.0,300,1.0,1,2,3.0,0.0,2.0,5.0,2,4.0,1,45
0,452.0,66740.0,66000.0,02,0.0,01,6.0,32,1.0,19.0,20,1.0,2.0,1,1,0,2.0,1,2.0,1000,2.0,0.0,2.0,2.0,1,2.0,0,2.0,1981.0,1,999,6.0,1,40.0,0.0,38,30.0,34,740.0,400,1.0,1,2,3.0,0.0,2.0,5.0,1,4.0,1,63
0,452.0,25200.0,25200.0,52,25200.0,68,1.0,32,1.0,19.0,21,1.0,1.0,2,1,0,2.0,1,2.0,1000,3.0,0.0,3.0,2.0,1,2.0,0,3.0,1981.0,1,999,1.0,1,30.0,0.0,38,52.0,29,0.0,400,1.0,1,2,3.0,0.0,2.0,5.0,2,4.0,1,62
0,274.0,42000.0,42000.0,86,42000.0,30,1.0,999,1.0,20.0,20,6.0,1.0,2,5,0,2.0,1,2.0,1000,3.0,0.0,3.0,2.0,1,2.0,0,3.0,1995.0,1,999,1.0,1,30.0,0.0,37,52.0,224,0.0,600,3.0,4,2,3.0,0.0,2.0,5.0,2,4.0,1,21
0,215.0,33000.0,33000.0,35,33000.0,82,1.0,999,1.0,18.0,22,6.0,1.0,2,5,0,2.0,1,2.0,1000,3.0,0.0,3.0,2.0,1,2.0,0,3.0,1995.0,1,999,1.0,1,25.0,0.0,27,49.0,512,0.0,600,3.0,4,2,3.0,0.0,2.0,5.0,2,4.0,1,20
0,432.0,94000.0,94000.0,01,78000.0,44,1.0,82,1.0,21.0,20,1.0,1.0,1,1,0,2.0,1,2.0,1000,3.0,0.0,3.0,2.0,1,2.0,0,3.0,2005.0,1,22,1.0,1,40.0,0.0,38,52.0,19,0.0,200,1.0,2,1,3.0,0.0,2.0,5.0,2,4.0,1,48
0,432.0,31200.0,31200.0,25,19200.0,78,1.0,21,1.0,20.0,21,1.0,1.0,1,1,0,2.0,1,2.0,1000,3.0,0.0,3.0,2.0,1,2.0,0,3.0,2005.0,1,32,3.0,1,38.0,0.0,38,36.0,38,0.0,200,1.0,2,1,3.0,0.0,2.0,5.0,2,4.0,1,44
0,432.0,11000.0,0.0,42,0.0,69,6.0,21,3.0,17.0,26,6.0,2.0,1,5,0,2.0,1,2.0,1000,2.0,11000.0,2.0,2.0,1,2.0,0,2.0,1995.0,1,32,1.0,1,40.0,0.0,51,52.0,20,0.0,200,1.0,2,1,3.0,0.0,2.0,5.0,2,4.0,1,23
0,238.0,4400.0,4400.0,29,0.0,74,1.0,82,1.0,21.0,20,1.0,1.0,2,1,0,2.0,1,2.0,1000,3.0,0.0,3.0,2.0,1,2.0,0,3.0,2013.0,1,89,6.0,1,7.0,0.0,38,20.0,234,0.0,600,3.0,2,2,3.0,0.0,2.0,5.0,2,4.0,1,40
0,238.0,53000.0,53000.0,77,53000.0,11,1.0,22,1.0,21.0,21,1.0,1.0,2,1,0,2.0,1,2.0,1000,3.0,0.0,3.0,2.0,1,2.0,0,3.0,2013.0,1,32,1.0,1,40.0,0.0,27,52.0,253,0.0,600,3.0,2,2,3.0,0.0,2.0,5.0,2,4.0,1,39
0,311.0,55000.0,55000.0,22,55000.0,78,1.0,999,1.0,20.0,25,6.0,1.0,2,5,1,2.0,1,2.0,1000,3.0,0.0,3.0,2.0,1,2.0,0,3.0,1995.0,1,999,4.0,1,40.0,0.0,38,52.0,8,0.0,200,1.0,4,2,3.0,0.0,2.0,5.0,2,4.0,1,39
0,501.0,75000.0,75000.0,72,75000.0,48,1.0,22,1.0,20.0,20,1.0,1.0,2,1,0,2.0,1,2.0,1000,3.0,0.0,3.0,2.0,1,2.0,0,3.0,2020.0,1,82,1.0,1,45.0,0.0,38,52.0,16,0.0,200,1.0,2,2,3.0,0.0,2.0,5.0,2,4.0,1,29
0,501.0,52000.0,52000.0,25,52000.0,78,1.0,22,1.0,22.0,21,1.0,1.0,2,1,2,2.0,1,2.0,1000,3.0,0.0,3.0,2.0,1,2.0,0,3.0,2020.0,1,32,4.0,1,45.0,0.0,38,52.0,20,0.0,200,1.0,2,2,3.0,0.0,2.0,5.0,2,4.0,1,31
0,388.0,25000.0,25000.0,57,25000.0,48,1.0,171,1.0,16.0,20,1.0,1.0,1,1,0,2.0,1,2.0,1000,3.0,0.0,3.0,1.0,1,2.0,0,3.0,1992.0,1,89,1.0,1,35.0,0.0,38,52.0,247,0.0,500,1.0,2,2,3.0,0.0,2.0,5.0,2,4.0,1,57
0,388.0,65000.0,65000.0,73,65000.0,07,1.0,920,1.0,14.0,21,1.0,1.0,2,1,0,2.0,3,2.0,5013,3.0,0.0,3.0,2.0,3,2.0,1,3.0,1992.0,0,26,1.0,1,44.0,0.0,38,52.0,223,0.0,500,1.0,2,2,3.0,0.0,2.0,5.0,2,4.0,1,54
0,388.0,1600.0,1600.0,96,1600.0,49,6.0,171,1.0,13.0,25,6.0,2.0,1,5,0,1.0,1,2.0,1000,1.0,0.0,2.0,2.0,1,2.0,0,2.0,1995.0,1,920,1.0,1,30.0,0.0,38,12.0,88,0.0,500,1.0,2,2,3.0,0.0,2.0,3.0,2,4.0,1,29
0,325.0,50000.0,50000.0,20,50000.0,94,1.0,32,1.0,21.0,20,6.0,1.0,2,5,0,2.0,1,2.0,1000,3.0,0.0,3.0,2.0,1,2.0,0,3.0,1995.0,1,999,4.0,1,40.0,0.0,38,52.0,212,0.0,100,1.0,1,2,3.0,0.0,2.0,5.0,2,4.0,1,25
0,453.0,110000.0,110000.0,22,110000.0,78,1.0,706,1.0,24.0,20,2.0,1.0,2,1,0,2.0,5,2.0,4000,3.0,0.0,3.0,2.0,6,2.0,0,3.0,2013.0,0,999,4.0,1,40.0,0.0,38,52.0,164,0.0,600,3.0,1,2,3.0,0.0,2.0,5.0,2,4.0,1,34
0,459.0,70000.0,70000.0,81,70000.0,07,1.0,82,1.0,20.0,20,6.0,1.0,2,5,0,2.0,1,2.0,1000,3.0,0.0,3.0,2.0,1,2.0,0,3.0,1995.0,1,111,1.0,1,45.0,0.0,27,52.0,396,0.0,600,1.0,2,2,3.0,0.0,2.0,5.0,2,4.0,1,32
0,354.0,54000.0,53000.0,43,48000.0,90,1.0,32,1.0,18.0,22,6.0,1.0,2,5,1,2.0,1,2.0,1000,3.0,0.0,3.0,2.0,1,2.0,0,3.0,1995.0,1,999,7.0,1,40.0,0.0,56,52.0,345,0.0,600,1.0,1,2,3.0,0.0,2.0,5.0,2,4.0,1,31
0,356.0,55000.0,55000.0,91,55000.0,61,1.0,32,1.0,16.0,20,6.0,1.0,2,5,0,2.0,1,2.0,1000,3.0,0.0,3.0,2.0,1,2.0,0,3.0,1995.0,1,999,1.0,1,50.0,0.0,38,52.0,17,0.0,200,1.0,1,2,3.0,0.0,2.0,5.0,2,4.0,1,37
0,290.0,21000.0,21000.0,02,0.0,01,1.0,22,1.0,21.0,20,1.0,1.0,2,1,0,2.0,1,2.0,1000,2.0,0.0,3.0,2.0,1,2.0,0,3.0,2022.0,1,32,6.0,1,40.0,0.0,38,52.0,29,0.0,500,1.0,2,2,3.0,0.0,2.0,5.0,2,4.0,1,30
0,290.0,38000.0,38000.0,23,38000.0,78,1.0,82,1.0,20.0,21,1.0,1.0,2,1,0,2.0,1,2.0,1000,3.0,0.0,3.0,2.0,1,2.0,0,3.0,2022.0,1,32,4.0,1,40.0,0.0,38,52.0,51,0.0,500,1.0,2,2,3.0,0.0,2.0,5.0,2,4.0,1,29
0,352.0,54000.0,54000.0,04,54000.0,94,1.0,996,1.0,21.0,20,6.0,1.0,2,5,0,2.0,1,2.0,1000,3.0,0.0,3.0,2.0,1,2.0,0,3.0,1995.0,1,999,4.0,1,40.0,0.0,38,52.0,173,0.0,300,1.0,3,2,3.0,0.0,2.0,5.0,2,4.0,1,26
0,171.0,11000.0,11000.0,64,11000.0,62,1.0,32,1.0,20.0,20,1.0,1.0,2,1,0,2.0,1,2.0,1000,3.0,0.0,3.0,2.0,1,2.0,0,3.0,2017.0,1,82,1.0,1,48.0,0.0,38,52.0,114,0.0,100,1.0,2,2,3.0,0.0,2.0,5.0,2,4.0,1,33
0,171.0,30000.0,30000.0,35,30000.0,80,1.0,32,1.0,19.0,21,1.0,1.0,2,1,0,2.0,1,2.0,1000,3.0,0.0,3.0,2.0,1,2.0,0,3.0,2017.0,1,999,1.0,1,40.0,0.0,38,52.0,185,0.0,100,1.0,1,2,3.0,0.0,2.0,5.0,2,4.0,1,32
1,347.0,500.0,500.0,40,500.0,86,1.0,917,1.0,20.0,30,6.0,1.0,2,5,0,2.0,30,2.0,9000,3.0,0.0,3.0,2.0,9,2.0,1,3.0,1995.0,0,999,1.0,1,24.0,0.0,38,16.0,72,0.0,400,1.0,1,2,3.0,0.0,2.0,5.0,2,4.0,1,21
1,347.0,12000.0,12000.0,47,12000.0,53,1.0,917,1.0,18.0,30,6.0,1.0,2,5,0,2.0,30,2.0,9000,3.0,0.0,3.0,2.0,9,2.0,1,3.0,1995.0,0,999,1.0,1,24.0,0.0,38,26.0,51,0.0,400,1.0,1,2,3.0,0.0,2.0,5.0,2,4.0,1,18
0,241.0,37000.0,37000.0,91,37000.0,61,1.0,82,1.0,18.0,20,4.0,1.0,2,3,0,2.0,1,2.0,1000,3.0,0.0,3.0,2.0,1,2.0,0,3.0,1986.0,1,999,1.0,1,40.0,0.0,27,52.0,148,0.0,600,1.0,1,2,3.0,0.0,2.0,5.0,2,4.0,1,61
0,482.0,75000.0,60000.0,55,60000.0,63,1.0,32,1.0,18.0,20,4.0,1.0,2,3,0,2.0,1,2.0,1000,3.0,0.0,3.0,2.0,1,2.0,0,3.0,1993.0,1,50,5.0,1,42.0,0.0,40,52.0,9,0.0,200,3.0,2,2,3.0,0.0,2.0,5.0,2,4.0,1,49
0,437.0,126000.0,126000.0,15,126000.0,64,1.0,615,1.0,21.0,20,1.0,1.0,2,1,0,2.0,4,2.0,4015,3.0,0.0,3.0,2.0,6,2.0,0,3.0,2009.0,0,999,1.0,4,40.0,0.0,210,52.0,172,0.0,600,3.0,1,2,3.0,0.0,2.0,5.0,2,4.0,1,44
0,437.0,8000.0,8000.0,47,8000.0,53,2.0,615,1.0,21.0,21,1.0,1.0,2,1,0,2.0,4,2.0,4015,3.0,0.0,2.0,2.0,6,2.0,0,1.0,2009.0,0,999,1.0,4,20.0,0.0,210,52.0,204,0.0,600,3.0,1,2,3.0,0.0,2.0,5.0,2,4.0,1,39
0,496.0,76000.0,75000.0,03,75000.0,80,1.0,999,1.0,19.0,20,6.0,1.0,2,5,0,2.0,1,2.0,1000,3.0,0.0,3.0,2.0,1,2.0,0,3.0,1995.0,1,999,1.0,1,80.0,0.0,37,52.0,127,0.0,600,1.0,4,2,3.0,0.0,2.0,5.0,2,4.0,1,28
0,501.0,91100.0,90000.0,31,90000.0,80,1.0,999,1.0,24.0,22,6.0,1.0,2,5,0,2.0,1,2.0,1000,3.0,0.0,3.0,2.0,1,2.0,0,3.0,1995.0,1,999,1.0,1,50.0,0.0,27,52.0,169,0.0,600,3.0,4,2,3.0,0.0,2.0,5.0,2,4.0,1,27
0,501.0,144000.0,144000.0,30,144000.0,50,1.0,82,1.0,24.0,25,6.0,1.0,2,5,0,2.0,1,2.0,1000,3.0,0.0,3.0,2.0,1,2.0,0,3.0,1995.0,1,999,1.0,1,40.0,0.0,38,52.0,44,0.0,400,1.0,1,2,3.0,0.0,2.0,5.0,2,4.0,1,36
0,473.0,95500.0,95000.0,08,95000.0,81,1.0,82,1.0,21.0,20,4.0,1.0,2,3,0,2.0,1,2.0,1000,3.0,0.0,3.0,2.0,1,2.0,0,3.0,2007.0,1,89,2.0,1,40.0,0.0,27,52.0,41,500.0,100,1.0,2,2,3.0,0.0,2.0,5.0,2,4.0,1,39
0,173.0,28000.0,28000.0,27,28000.0,65,1.0,32,1.0,20.0,20,1.0,1.0,2,1,0,2.0,19,2.0,9000,3.0,0.0,3.0,2.0,9,2.0,0,3.0,1992.0,1,706,7.0,1,40.0,0.0,6,49.0,168,0.0,500,1.0,2,2,3.0,0.0,2.0,5.0,2,4.0,1,55
0,173.0,7000.0,7000.0,02,7000.0,78,1.0,11,1.0,21.0,21,1.0,1.0,2,1,0,2.0,1,2.0,1000,3.0,0.0,3.0,2.0,1,2.0,0,3.0,1992.0,1,999,3.0,1,20.0,0.0,44,28.0,245,0.0,500,1.0,1,2,3.0,0.0,2.0,5.0,2,4.0,1,59
0,501.0,156000.0,156000.0,05,156000.0,04,1.0,999,1.0,16.0,20,6.0,1.0,2,5,0,2.0,29,2.0,9000,3.0,0.0,3.0,2.0,9,2.0,0,3.0,1995.0,1,999,1.0,1,60.0,0.0,38,52.0,1172,0.0,100,3.0,4,2,3.0,0.0,2.0,5.0,2,4.0,1,48
0,385.0,60000.0,60000.0,89,60000.0,12,1.0,999,1.0,18.0,34,4.0,1.0,1,3,0,1.0,1,2.0,1000,3.0,0.0,3.0,2.0,1,2.0,0,3.0,1997.0,1,999,1.0,1,40.0,0.0,27,52.0,3,0.0,100,1.0,4,2,3.0,0.0,2.0,5.0,2,4.0,1,48
0,88.0,8450.0,0.0,42,0.0,69,6.0,32,3.0,16.0,20,1.0,2.0,2,1,1,2.0,1,2.0,1000,2.0,7800.0,2.0,2.0,1,2.0,0,2.0,1979.0,1,999,1.0,1,40.0,650.0,46,52.0,17,0.0,300,1.0,1,2,3.0,0.0,2.0,5.0,2,4.0,1,62
0,88.0,9460.0,560.0,60,560.0,01,1.0,82,1.0,16.0,21,1.0,1.0,2,1,0,2.0,1,2.0,1000,3.0,7600.0,3.0,2.0,1,2.0,0,3.0,1979.0,1,999,1.0,1,10.0,1300.0,38,52.0,23,0.0,300,1.0,1,2,3.0,0.0,2.0,5.0,2,4.0,1,65
0,362.0,35000.0,35000.0,42,20000.0,76,1.0,32,1.0,16.0,20,1.0,1.0,2,1,1,2.0,1,2.0,1000,3.0,0.0,3.0,2.0,1,2.0,0,3.0,2014.0,1,142,6.0,1,20.0,0.0,55,48.0,64,0.0,100,1.0,2,2,3.0,0.0,2.0,5.0,2,4.0,1,55
0,362.0,37800.0,30000.0,62,30000.0,07,1.0,32,1.0,16.0,21,1.0,1.0,2,1,2,2.0,1,2.0,1000,3.0,0.0,3.0,2.0,1,2.0,0,3.0,2014.0,1,999,1.0,1,40.0,0.0,27,40.0,123,0.0,100,2.0,1,2,3.0,0.0,2.0,5.0,2,4.0,1,52
0,446.0,70000.0,70000.0,16,70000.0,94,1.0,32,1.0,21.0,20,6.0,1.0,2,5,0,2.0,1,2.0,1000,3.0,0.0,3.0,2.0,1,2.0,0,3.0,1995.0,1,26,5.0,1,40.0,0.0,27,52.0,198,0.0,400,3.0,2,2,3.0,0.0,2.0,5.0,2,4.0,1,27
0,68.0,10700.0,10000.0,36,10000.0,81,1.0,924,1.0,20.0,22,6.0,1.0,2,5,0,2.0,1,2.0,1000,3.0,0.0,3.0,2.0,1,2.0,0,3.0,1995.0,1,999,1.0,1,32.0,0.0,27,52.0,161,0.0,400,3.0,1,2,3.0,0.0,2.0,5.0,2,4.0,1,21
0,501.0,55000.0,55000.0,28,55000.0,91,1.0,924,1.0,21.0,20,1.0,1.0,2,1,0,2.0,1,2.0,1000,2.0,0.0,2.0,2.0,1,2.0,0,2.0,2021.0,1,999,2.0,1,55.0,0.0,38,52.0,54,0.0,400,1.0,1,2,3.0,0.0,2.0,1.0,2,4.0,1,28
0,501.0,60000.0,60000.0,62,60000.0,07,1.0,939,1.0,19.0,21,1.0,1.0,2,1,0,2.0,1,2.0,1000,3.0,0.0,2.0,2.0,1,2.0,0,1.0,2021.0,1,999,1.0,1,50.0,0.0,27,52.0,52,0.0,400,1.0,1,2,2.0,0.0,2.0,5.0,2,4.0,1,26
0,390.0,40000.0,40000.0,42,40000.0,82,1.0,32,1.0,19.0,20,1.0,1.0,2,1,0,2.0,17,2.0,9000,3.0,0.0,3.0,2.0,9,2.0,1,3.0,2009.0,1,82,4.0,1,32.0,0.0,38,52.0,164,0.0,400,1.0,2,2,3.0,0.0,2.0,5.0,2,4.0,1,38
0,390.0,100000.0,100000.0,02,0.0,01,1.0,999,1.0,19.0,21,1.0,1.0,2,1,0,2.0,1,2.0,1000,3.0,0.0,3.0,2.0,1,2.0,0,3.0,2009.0,1,999,6.0,1,40.0,0.0,38,52.0,92,0.0,400,1.0,4,2,3.0,0.0,2.0,5.0,2,4.0,1,44
0,501.0,60000.0,60000.0,05,60000.0,77,1.0,32,1.0,21.0,20,1.0,1.0,2,1,0,2.0,1,2.0,1000,3.0,0.0,3.0,2.0,1,2.0,0,3.0,1984.0,1,82,1.0,1,40.0,0.0,38,52.0,32,0.0,400,1.0,2,2,3.0,0.0,2.0,5.0,2,4.0,1,63
0,201.0,22000.0,22000.0,25,22000.0,78,1.0,999,1.0,19.0,20,1.0,1.0,2,1,0,2.0,1,2.0,1000,3.0,0.0,3.0,2.0,1,2.0,0,3.0,2009.0,1,999,1.0,1,35.0,0.0,46,52.0,36,0.0,200,1.0,4,2,3.0,0.0,2.0,5.0,2,4.0,1,34
0,201.0,50000.0,50000.0,47,50000.0,42,1.0,999,1.0,20.0,21,1.0,1.0,1,1,0,2.0,1,2.0,1000,3.0,0.0,3.0,2.0,1,2.0,0,3.0,2009.0,1,999,1.0,1,45.0,0.0,38,52.0,21,0.0,200,1.0,4,1,3.0,0.0,2.0,5.0,2,4.0,1,41
0,392.0,96000.0,96000.0,02,48000.0,07,1.0,999,1.0,16.0,20,6.0,1.0,2,5,0,2.0,1,2.0,1000,3.0,0.0,3.0,2.0,1,2.0,0,3.0,1995.0,1,999,6.0,1,40.0,0.0,27,52.0,198,0.0,400,1.0,4,2,3.0,0.0,2.0,5.0,2,4.0,1,27
0,0.0,0.0,0.0,42,0.0,82,6.0,999,2.0,16.0,22,6.0,1.0,2,5,0,2.0,1,2.0,1000,3.0,0.0,3.0,2.0,1,2.0,0,3.0,1995.0,1,999,5.0,1,40.0,0.0,38,52.0,183,0.0,400,1.0,4,2,3.0,0.0,2.0,5.0,2,4.0,1,28
0,411.0,65000.0,65000.0,63,65000.0,48,1.0,999,1.0,21.0,36,6.0,1.0,2,5,0,2.0,1,2.0,1000,3.0,0.0,3.0,2.0,1,2.0,0,3.0,1995.0,1,999,1.0,1,43.0,0.0,38,51.0,70,0.0,400,3.0,4,2,3.0,0.0,2.0,5.0,2,4.0,1,43
0,195.0,30000.0,30000.0,05,30000.0,49,1.0,999,1.0,19.0,22,4.0,1.0,2,3,0,2.0,1,2.0,1000,3.0,0.0,3.0,2.0,1,2.0,0,3.0,2003.0,1,999,1.0,1,40.0,0.0,27,52.0,45,0.0,400,1.0,4,2,3.0,0.0,2.0,5.0,2,4.0,1,44
0,501.0,670.0,670.0,47,670.0,50,6.0,999,1.0,14.0,25,6.0,2.0,2,5,0,2.0,1,2.0,1000,3.0,0.0,2.0,2.0,1,2.0,0,2.0,1995.0,1,999,1.0,1,10.0,0.0,38,8.0,24,0.0,400,1.0,4,2,3.0,0.0,2.0,5.0,2,4.0,1,18
0,501.0,122500.0,122500.0,48,120000.0,02,1.0,940,1.0,21.0,20,1.0,1.0,2,1,0,2.0,1,2.0,1000,3.0,0.0,3.0,2.0,1,2.0,0,3.0,2000.0,1,999,1.0,1,52.0,0.0,38,52.0,121,0.0,100,1.0,1,2,3.0,0.0,2.0,5.0,2,4.0,1,52
0,501.0,111000.0,111000.0,32,111000.0,69,1.0,999,1.0,21.0,21,1.0,1.0,2,1,0,2.0,1,2.0,1000,3.0,0.0,3.0,2.0,1,2.0,0,3.0,2000.0,1,999,1.0,1,54.0,0.0,38,52.0,107,0.0,100,1.0,4,2,3.0,0.0,2.0,5.0,2,4.0,1,49
0,317.0,50000.0,50000.0,60,50000.0,01,1.0,32,1.0,21.0,20,4.0,1.0,2,3,0,2.0,1,2.0,1000,3.0,0.0,3.0,2.0,1,2.0,0,3.0,2006.0,1,999,1.0,1,46.0,0.0,38,52.0,185,0.0,300,1.0,1,2,3.0,0.0,2.0,5.0,2,4.0,1,46
0,501.0,26000.0,26000.0,96,26000.0,49,1.0,89,1.0,19.0,25,6.0,1.0,2,5,0,2.0,1,2.0,1000,3.0,0.0,3.0,2.0,1,2.0,0,3.0,1995.0,1,22,1.0,1,40.0,0.0,38,52.0,54,0.0,400,1.0,2,2,3.0,0.0,2.0,5.0,2,4.0,1,25
0,501.0,110000.0,110000.0,48,110000.0,42,1.0,999,1.0,16.0,20,1.0,1.0,2,1,0,2.0,1,2.0,1000,3.0,0.0,3.0,2.0,1,2.0,0,3.0,1991.0,1,999,1.0,1,40.0,0.0,38,52.0,29,0.0,400,1.0,4,2,3.0,0.0,2.0,5.0,2,4.0,1,52
0,501.0,55000.0,55000.0,50,55000.0,81,1.0,924,1.0,20.0,21,1.0,1.0,2,1,0,2.0,1,2.0,1000,3.0,0.0,3.0,2.0,1,2.0,0,3.0,1991.0,1,999,2.0,1,40.0,0.0,38,52.0,23,0.0,400,1.0,1,2,3.0,0.0,2.0,5.0,2,4.0,1,51
0,353.0,55400.0,12800.0,96,12800.0,48,1.0,142,1.0,20.0,20,6.0,1.0,2,5,0,2.0,1,2.0,1000,3.0,0.0,3.0,2.0,1,2.0,0,3.0,1995.0,1,32,1.0,1,16.0,0.0,55,50.0,135,0.0,200,1.0,2,2,3.0,0.0,2.0,5.0,2,2.0,1,37
0,445.0,41000.0,41000.0,00,41000.0,48,1.0,32,1.0,21.0,20,1.0,1.0,2,1,0,2.0,1,2.0,1000,3.0,0.0,3.0,2.0,1,2.0,0,3.0,2022.0,1,999,1.0,1,50.0,0.0,38,52.0,132,0.0,400,1.0,1,2,3.0,0.0,1.0,5.0,2,4.0,1,23
0,445.0,46300.0,46300.0,57,46300.0,44,1.0,82,1.0,21.0,21,1.0,1.0,2,1,0,2.0,1,2.0,1000,3.0,0.0,3.0,2.0,1,2.0,0,3.0,2022.0,1,234,1.0,1,40.0,0.0,38,52.0,136,0.0,400,1.0,2,2,3.0,0.0,1.0,5.0,2,4.0,16,23
1,501.0,10700.0,0.0,42,0.0,69,6.0,939,3.0,16.0,25,6.0,2.0,2,5,0,2.0,1,2.0,1000,2.0,10700.0,2.0,2.0,1,2.0,0,2.0,1995.0,1,999,1.0,1,40.0,0.0,27,52.0,2,0.0,400,1.0,1,2,3.0,0.0,2.0,5.0,2,4.0,1,25
0,417.0,65000.0,65000.0,98,65000.0,96,4.0,32,1.0,21.0,20,6.0,1.0,2,5,0,2.0,1,2.0,1000,3.0,0.0,3.0,2.0,1,2.0,0,3.0,1995.0,1,26,5.0,1,40.0,0.0,38,52.0,21,0.0,500,1.0,2,2,3.0,0.0,2.0,5.0,2,1.0,1,24
0,417.0,65000.0,65000.0,98,65000.0,96,4.0,50,1.0,21.0,34,6.0,1.0,2,5,0,2.0,1,2.0,1000,3.0,0.0,3.0,2.0,1,2.0,0,3.0,1995.0,1,999,5.0,1,40.0,0.0,10,52.0,28,0.0,500,1.0,1,2,3.0,0.0,2.0,5.0,2,1.0,1,25
0,501.0,80000.0,70000.0,62,70000.0,07,1.0,32,1.0,16.0,20,3.0,1.0,2,2,2,2.0,1,2.0,1000,3.0,0.0,3.0,2.0,1,2.0,0,3.0,1982.0,1,999,1.0,1,40.0,0.0,46,52.0,23,10000.0,200,1.0,1,2,3.0,0.0,2.0,5.0,2,3.0,1,60
0,76.0,12000.0,12000.0,96,12000.0,07,1.0,935,1.0,19.0,20,6.0,1.0,2,5,2,2.0,1,2.0,1000,3.0,0.0,3.0,2.0,1,2.0,0,3.0,1995.0,1,999,1.0,1,10.0,0.0,27,50.0,336,0.0,600,1.0,1,2,3.0,0.0,2.0,5.0,2,4.0,1,44
0,211.0,33300.0,0.0,42,0.0,69,6.0,50,3.0,21.0,20,6.0,2.0,2,5,2,2.0,1,2.0,1000,2.0,0.0,2.0,2.0,1,2.0,0,2.0,1995.0,1,125,1.0,1,40.0,27700.0,46,52.0,129,0.0,300,1.0,2,2,3.0,0.0,2.0,5.0,2,4.0,1,62
0,413.0,65000.0,65000.0,32,65000.0,81,1.0,89,1.0,21.0,20,6.0,1.0,2,5,2,2.0,1,2.0,1000,3.0,0.0,3.0,2.0,1,2.0,0,3.0,1995.0,1,50,1.0,1,36.0,0.0,27,52.0,99,0.0,600,1.0,2,2,3.0,0.0,2.0,5.0,2,4.0,1,25
1,171.0,10000.0,10000.0,46,0.0,84,1.0,917,1.0,20.0,20,1.0,1.0,2,1,0,2.0,3,2.0,5013,3.0,0.0,3.0,2.0,3,2.0,1,3.0,2009.0,0,999,6.0,1,40.0,0.0,38,52.0,125,0.0,400,1.0,1,2,3.0,0.0,2.0,5.0,2,4.0,1,42
1,171.0,38000.0,38000.0,42,38000.0,85,1.0,917,1.0,14.0,21,1.0,1.0,2,1,0,2.0,3,2.0,5013,3.0,0.0,3.0,2.0,3,2.0,1,3.0,2009.0,0,999,1.0,1,40.0,0.0,38,52.0,125,0.0,400,1.0,1,2,3.0,0.0,2.0,5.0,2,4.0,1,43
1,171.0,23300.0,23300.0,96,23300.0,53,6.0,917,1.0,16.0,25,6.0,2.0,2,5,0,2.0,3,2.0,5013,2.0,0.0,2.0,2.0,3,2.0,1,2.0,1995.0,0,999,1.0,1,32.0,0.0,38,52.0,110,0.0,400,1.0,1,2,3.0,0.0,2.0,5.0,2,4.0,1,21
0,64.0,10000.0,10000.0,42,0.0,86,1.0,999,1.0,16.0,20,4.0,1.0,2,3,0,2.0,1,2.0,1000,3.0,0.0,3.0,2.0,1,2.0,0,3.0,1984.0,1,999,6.0,1,90.0,0.0,38,52.0,28,0.0,100,1.0,4,2,3.0,0.0,2.0,5.0,2,4.0,1,56
0,6.0,1100.0,1100.0,25,1100.0,78,1.0,603,1.0,21.0,20,6.0,1.0,2,5,2,2.0,10,2.0,4016,3.0,0.0,3.0,2.0,6,2.0,0,3.0,1995.0,0,999,4.0,4,20.0,0.0,202,3.0,374,0.0,400,2.0,1,2,3.0,0.0,2.0,5.0,2,4.0,1,25
0,24.0,3800.0,3800.0,25,3800.0,78,1.0,603,1.0,21.0,34,2.0,1.0,2,1,1,2.0,10,2.0,4016,3.0,0.0,3.0,2.0,6,2.0,0,3.0,2021.0,0,999,4.0,4,20.0,0.0,202,10.0,1,0.0,400,2.0,1,2,3.0,0.0,2.0,5.0,2,4.0,1,25
0,336.0,52000.0,52000.0,64,52000.0,87,1.0,82,1.0,20.0,20,6.0,1.0,2,5,2,2.0,1,2.0,1000,3.0,0.0,3.0,2.0,1,2.0,0,3.0,1995.0,1,32,1.0,1,40.0,0.0,38,52.0,51,0.0,500,3.0,2,2,3.0,0.0,2.0,5.0,2,4.0,1,23
0,501.0,30000.0,30000.0,32,30000.0,81,1.0,195,1.0,21.0,20,1.0,1.0,2,1,0,2.0,1,2.0,1000,3.0,0.0,3.0,2.0,1,2.0,0,3.0,2011.0,1,999,5.0,1,25.0,0.0,38,30.0,90,0.0,100,1.0,1,2,3.0,0.0,2.0,5.0,2,4.0,1,44
0,501.0,98000.0,82000.0,63,82000.0,04,1.0,195,1.0,21.0,21,1.0,1.0,2,1,0,2.0,1,2.0,1000,3.0,0.0,3.0,2.0,1,2.0,0,3.0,2011.0,1,999,1.0,1,50.0,0.0,53,52.0,115,0.0,100,1.0,1,2,3.0,0.0,2.0,5.0,2,2.0,1,44
1,124.0,19400.0,1900.0,40,1900.0,86,1.0,82,1.0,13.0,20,3.0,1.0,2,2,0,2.0,1,2.0,1000,3.0,0.0,3.0,2.0,1,2.0,0,3.0,1985.0,1,999,1.0,1,12.0,17500.0,38,52.0,32,0.0,400,1.0,1,2,3.0,0.0,2.0,5.0,2,4.0,1,63
0,468.0,73100.0,3000.0,62,3000.0,03,6.0,935,1.0,16.0,20,1.0,2.0,2,1,1,2.0,1,2.0,1000,2.0,0.0,2.0,2.0,1,2.0,0,2.0,1997.0,1,999,1.0,1,30.0,40100.0,27,3.0,36,0.0,400,1.0,1,2,3.0,0.0,2.0,5.0,2,4.0,1,64
0,468.0,20700.0,0.0,42,0.0,69,6.0,50,3.0,20.0,21,1.0,2.0,1,1,2,1.0,1,2.0,1000,2.0,0.0,2.0,1.0,1,2.0,0,2.0,1997.0,1,999,1.0,1,40.0,20700.0,46,52.0,42,0.0,400,1.0,1,2,3.0,0.0,2.0,5.0,2,4.0,1,59
0,291.0,90000.0,90000.0,02,90000.0,07,1.0,32,1.0,20.0,20,6.0,1.0,2,5,2,2.0,1,2.0,1000,3.0,0.0,3.0,2.0,1,2.0,0,3.0,1995.0,1,999,1.0,1,50.0,0.0,38,52.0,111,0.0,400,1.0,1,2,3.0,0.0,2.0,5.0,2,4.0,1,39
1,45.0,7200.0,0.0,96,0.0,48,6.0,996,2.0,16.0,22,6.0,2.0,1,5,0,2.0,1,2.0,1000,2.0,0.0,2.0,1.0,1,2.0,0,2.0,1995.0,1,999,2.0,1,40.0,0.0,38,52.0,90,0.0,400,3.0,3,2,3.0,0.0,2.0,5.0,2,4.0,1,38
0,378.0,56000.0,56000.0,32,56000.0,81,1.0,32,1.0,20.0,20,1.0,1.0,2,1,2,2.0,1,2.0,1000,3.0,0.0,3.0,2.0,1,2.0,0,3.0,2021.0,1,148,1.0,1,40.0,0.0,38,52.0,12,0.0,400,1.0,2,2,3.0,0.0,2.0,5.0,2,4.0,1,34
0,378.0,35400.0,35400.0,47,35400.0,30,1.0,32,1.0,19.0,21,1.0,1.0,1,1,2,2.0,1,2.0,1000,3.0,0.0,3.0,2.0,1,2.0,0,3.0,2021.0,1,82,1.0,1,40.0,0.0,46,52.0,59,0.0,400,1.0,2,2,3.0,0.0,2.0,5.0,1,4.0,1,28
0,501.0,119000.0,119000.0,72,119000.0,88,1.0,82,1.0,17.0,20,1.0,1.0,2,1,0,2.0,1,2.0,1000,1.0,0.0,1.0,2.0,1,2.0,0,1.0,1981.0,1,999,1.0,1,60.0,0.0,38,52.0,27,0.0,200,1.0,1,2,1.0,0.0,2.0,1.0,2,4.0,1,65
0,501.0,40000.0,40000.0,47,40000.0,49,1.0,82,1.0,19.0,21,1.0,1.0,2,1,0,2.0,1,2.0,1000,3.0,0.0,2.0,2.0,1,2.0,0,3.0,1981.0,1,999,1.0,1,50.0,0.0,38,52.0,38,0.0,200,1.0,1,2,3.0,0.0,2.0,5.0,2,4.0,1,61
0,92.0,13300.0,1200.0,62,0.0,07,6.0,82,1.0,16.0,20,4.0,2.0,2,3,0,2.0,1,2.0,1000,2.0,0.0,2.0,2.0,1,2.0,0,2.0,2012.0,1,999,6.0,1,20.0,12100.0,38,11.0,12,0.0,500,1.0,1,2,3.0,0.0,2.0,5.0,2,4.0,1,65
0,271.0,60000.0,60000.0,32,60000.0,82,1.0,999,1.0,20.0,20,1.0,1.0,2,1,0,2.0,1,2.0,1000,3.0,0.0,3.0,2.0,1,2.0,0,3.0,2001.0,1,999,2.0,1,40.0,0.0,26,52.0,27,0.0,500,1.0,4,2,3.0,0.0,2.0,5.0,2,4.0,1,40
0,271.0,50000.0,50000.0,47,50000.0,48,1.0,999,1.0,18.0,21,1.0,1.0,2,1,0,2.0,1,2.0,1000,3.0,0.0,3.0,2.0,1,2.0,0,3.0,2001.0,1,999,1.0,1,40.0,0.0,24,52.0,39,0.0,500,1.0,4,2,3.0,0.0,2.0,5.0,2,2.0,1,43
0,388.0,45000.0,45000.0,63,45000.0,07,1.0,999,1.0,16.0,20,1.0,1.0,2,1,0,2.0,1,2.0,1000,3.0,0.0,3.0,2.0,1,2.0,0,3.0,2018.0,1,999,1.0,1,40.0,0.0,38,52.0,42,0.0,400,1.0,4,2,3.0,0.0,2.0,5.0,2,4.0,1,35
0,388.0,50000.0,50000.0,20,50000.0,78,1.0,999,1.0,21.0,21,1.0,1.0,2,1,0,2.0,1,2.0,1000,3.0,0.0,3.0,2.0,1,2.0,0,3.0,2018.0,1,999,4.0,7,40.0,0.0,301,52.0,66,0.0,400,1.0,4,2,3.0,0.0,2.0,5.0,2,4.0,1,37
0,279.0,0.0,0.0,58,0.0,86,6.0,924,2.0,16.0,20,1.0,2.0,1,1,2,2.0,1,1.0,1000,2.0,0.0,2.0,1.0,1,2.0,0,2.0,1989.0,1,999,1.0,1,40.0,0.0,55,52.0,165,0.0,300,1.0,1,2,3.0,0.0,2.0,5.0,2,4.0,1,60
0,279.0,53000.0,53000.0,48,53000.0,44,1.0,924,1.0,19.0,21,1.0,1.0,2,1,0,2.0,1,2.0,1000,3.0,0.0,3.0,2.0,1,2.0,0,3.0,1989.0,1,999,1.0,1,60.0,0.0,27,44.0,204,0.0,300,1.0,1,2,3.0,0.0,2.0,5.0,2,4.0,1,63
0,279.0,11300.0,11300.0,40,11300.0,86,6.0,924,1.0,16.0,25,6.0,2.0,2,5,0,2.0,1,2.0,1000,2.0,0.0,2.0,2.0,1,2.0,0,2.0,1995.0,1,999,1.0,1,20.0,0.0,38,40.0,107,0.0,300,1.0,1,2,3.0,0.0,2.0,5.0,2,4.0,1,19
0,449.0,70000.0,70000.0,02,70000.0,01,1.0,996,1.0,16.0,20,6.0,1.0,2,5,0,2.0,1,2.0,1000,3.0,0.0,3.0,2.0,1,2.0,0,3.0,1995.0,1,999,7.0,1,50.0,0.0,38,52.0,26,0.0,100,1.0,3,2,3.0,0.0,2.0,5.0,2,4.0,1,37
0,373.0,45900.0,47000.0,72,47000.0,87,1.0,51,1.0,19.0,20,1.0,1.0,2,1,0,2.0,1,2.0,1000,3.0,0.0,3.0,2.0,1,2.0,0,3.0,1991.0,1,999,1.0,1,50.0,0.0,27,52.0,53,-1100.0,400,1.0,1,2,3.0,0.0,2.0,5.0,2,4.0,1,62
0,373.0,30000.0,30000.0,40,30000.0,82,1.0,924,1.0,19.0,21,1.0,1.0,2,1,2,2.0,1,2.0,1000,3.0,0.0,3.0,2.0,1,2.0,0,3.0,1991.0,1,999,1.0,1,35.0,0.0,46,52.0,54,0.0,400,1.0,1,2,3.0,0.0,2.0,5.0,2,4.0,1,60
0,152.0,36300.0,35200.0,87,35200.0,48,1.0,917,1.0,18.0,20,6.0,1.0,2,5,1,2.0,3,2.0,5013,3.0,0.0,3.0,2.0,3,2.0,1,3.0,1995.0,0,999,1.0,1,40.0,0.0,38,52.0,226,0.0,400,1.0,1,2,3.0,0.0,2.0,5.0,2,4.0,1,37
0,373.0,75000.0,75000.0,77,75000.0,11,1.0,32,1.0,1.0,20,1.0,1.0,2,1,1,2.0,1,2.0,1000,3.0,0.0,3.0,2.0,1,2.0,0,3.0,1986.0,1,999,2.0,1,55.0,0.0,38,52.0,30,0.0,400,1.0,1,2,3.0,0.0,2.0,5.0,2,4.0,1,57
0,373.0,0.0,0.0,40,0.0,78,6.0,32,2.0,1.0,21,1.0,2.0,1,1,2,1.0,1,1.0,1000,2.0,0.0,2.0,2.0,1,2.0,0,2.0,1986.0,1,999,3.0,1,40.0,0.0,38,52.0,27,0.0,400,1.0,1,2,3.0,0.0,2.0,5.0,2,4.0,1,58
0,218.0,34000.0,4000.0,03,4000.0,86,6.0,142,1.0,21.0,20,3.0,2.0,2,2,1,2.0,1,2.0,1000,2.0,0.0,2.0,2.0,1,2.0,0,2.0,2001.0,1,82,1.0,1,40.0,0.0,38,10.0,28,30000.0,500,1.0,2,2,3.0,0.0,2.0,5.0,2,4.0,1,49
0,345.0,51000.0,51000.0,23,51000.0,78,1.0,82,1.0,21.0,20,1.0,1.0,2,1,0,2.0,1,2.0,1000,3.0,0.0,3.0,2.0,1,2.0,0,3.0,2016.0,1,111,3.0,1,40.0,0.0,38,50.0,17,0.0,500,1.0,2,2,3.0,0.0,2.0,5.0,2,4.0,1,38
0,345.0,55000.0,55000.0,23,55000.0,78,1.0,82,1.0,22.0,21,1.0,1.0,2,1,0,2.0,1,2.0,1000,3.0,0.0,3.0,2.0,1,2.0,0,3.0,2016.0,1,999,3.0,5,40.0,0.0,127,42.0,24,0.0,500,1.0,1,2,3.0,0.0,2.0,5.0,2,4.0,1,44
0,406.0,75000.0,75000.0,04,75000.0,73,1.0,82,1.0,20.0,20,1.0,1.0,2,1,0,2.0,1,2.0,1000,3.0,0.0,3.0,2.0,1,2.0,0,3.0,2015.0,1,32,1.0,1,40.0,0.0,55,52.0,128,0.0,600,1.0,2,2,3.0,0.0,2.0,5.0,2,4.0,1,42
0,406.0,50000.0,50000.0,25,50000.0,78,1.0,32,1.0,21.0,21,1.0,1.0,2,1,0,2.0,1,2.0,1000,3.0,0.0,3.0,2.0,1,2.0,0,3.0,2015.0,1,999,3.0,1,40.0,0.0,38,28.0,123,0.0,600,1.0,1,2,3.0,0.0,2.0,5.0,2,4.0,1,42
0,229.0,35000.0,35000.0,51,35000.0,81,1.0,82,1.0,17.0,20,3.0,1.0,2,2,0,2.0,1,2.0,1000,3.0,0.0,3.0,2.0,1,2.0,0,3.0,1988.0,1,999,2.0,1,40.0,0.0,38,52.0,32,0.0,500,1.0,1,2,3.0,0.0,2.0,5.0,2,4.0,1,58
0,501.0,100000.0,100000.0,07,100000.0,81,1.0,32,1.0,21.0,20,6.0,1.0,2,5,0,2.0,1,2.0,1000,3.0,0.0,3.0,2.0,1,2.0,0,3.0,1995.0,1,999,2.0,1,40.0,0.0,27,52.0,246,0.0,600,1.0,1,2,3.0,0.0,2.0,5.0,2,4.0,1,35
0,275.0,43000.0,43000.0,10,43000.0,68,1.0,32,1.0,20.0,20,6.0,1.0,2,5,0,2.0,1,2.0,1000,3.0,0.0,3.0,2.0,1,2.0,0,3.0,1995.0,1,82,1.0,1,40.0,0.0,38,52.0,257,0.0,600,1.0,2,2,3.0,0.0,2.0,5.0,2,4.0,1,25
0,96.0,15000.0,15000.0,52,15000.0,81,1.0,82,1.0,19.0,22,6.0,1.0,2,5,0,2.0,1,2.0,1000,3.0,0.0,3.0,2.0,1,2.0,0,3.0,1995.0,1,999,2.0,1,24.0,0.0,27,25.0,199,0.0,600,1.0,1,2,3.0,0.0,2.0,5.0,2,4.0,1,25
0,501.0,153000.0,153000.0,30,153000.0,80,1.0,996,1.0,24.0,20,6.0,1.0,2,5,0,2.0,1,2.0,1000,3.0,0.0,3.0,2.0,1,2.0,0,3.0,1995.0,1,999,1.0,1,36.0,0.0,38,49.0,21,0.0,300,1.0,3,2,3.0,0.0,2.0,5.0,2,4.0,1,35
0,501.0,60000.0,60000.0,78,60000.0,10,1.0,82,1.0,16.0,20,1.0,1.0,2,1,0,2.0,1,2.0,1000,3.0,0.0,3.0,2.0,1,2.0,0,3.0,2021.0,1,999,1.0,1,50.0,0.0,38,52.0,196,0.0,500,1.0,1,2,3.0,0.0,2.0,5.0,2,4.0,1,52
0,501.0,40000.0,40000.0,52,40000.0,36,1.0,999,1.0,16.0,21,1.0,1.0,2,1,0,2.0,1,2.0,1000,3.0,0.0,3.0,2.0,1,2.0,0,3.0,2021.0,1,999,1.0,1,40.0,0.0,38,52.0,123,0.0,500,1.0,4,2,3.0,0.0,2.0,5.0,2,4.0,1,53
1,176.0,36000.0,36000.0,20,36000.0,94,3.0,51,1.0,21.0,20,6.0,2.0,2,5,0,2.0,1,2.0,1000,1.0,0.0,2.0,2.0,1,2.0,0,2.0,1995.0,1,999,4.0,1,20.0,0.0,8,52.0,245,0.0,600,3.0,1,2,3.0,0.0,2.0,1.0,2,4.0,1,25
0,501.0,156900.0,156900.0,48,138000.0,45,1.0,996,1.0,21.0,20,1.0,1.0,2,1,0,2.0,1,2.0,1000,3.0,0.0,3.0,2.0,1,2.0,0,3.0,2012.0,1,999,1.0,1,50.0,0.0,38,51.0,98,0.0,500,1.0,3,2,3.0,0.0,2.0,5.0,2,4.0,1,50
0,501.0,7500.0,0.0,01,0.0,77,6.0,996,2.0,20.0,21,1.0,2.0,2,1,0,2.0,1,2.0,1000,2.0,0.0,2.0,2.0,1,2.0,0,2.0,2012.0,1,999,1.0,1,40.0,0.0,38,52.0,35,0.0,500,1.0,3,2,3.0,0.0,2.0,5.0,2,4.0,1,46
0,317.0,52000.0,52000.0,06,52000.0,01,1.0,999,1.0,22.0,20,1.0,1.0,2,1,1,2.0,1,2.0,1000,3.0,0.0,3.0,2.0,1,2.0,0,3.0,2018.0,1,999,1.0,1,60.0,0.0,27,52.0,66,0.0,400,1.0,4,2,3.0,0.0,2.0,5.0,2,4.0,1,32
0,317.0,43000.0,43000.0,02,0.0,01,1.0,999,1.0,20.0,21,1.0,1.0,2,1,1,2.0,1,2.0,1000,3.0,0.0,3.0,2.0,1,2.0,0,3.0,2018.0,1,999,6.0,1,60.0,0.0,27,52.0,51,0.0,400,1.0,4,2,3.0,0.0,2.0,5.0,2,4.0,1,33
1,135.0,20700.0,200.0,87,200.0,77,6.0,32,1.0,16.0,20,6.0,2.0,1,5,0,1.0,1,2.0,1000,2.0,12000.0,2.0,2.0,1,2.0,0,2.0,1995.0,1,82,1.0,1,20.0,8500.0,38,1.0,281,0.0,400,1.0,2,2,3.0,0.0,2.0,5.0,2,4.0,1,43
0,423.0,52000.0,52000.0,23,52000.0,78,1.0,32,1.0,22.0,20,1.0,1.0,2,1,0,2.0,1,2.0,1000,3.0,0.0,3.0,2.0,1,2.0,0,3.0,2007.0,1,82,3.0,1,28.0,0.0,38,38.0,145,0.0,300,1.0,2,2,3.0,0.0,2.0,5.0,2,4.0,1,40
0,423.0,75000.0,75000.0,37,75000.0,94,1.0,32,1.0,20.0,21,1.0,1.0,2,1,0,2.0,1,2.0,1000,3.0,0.0,3.0,2.0,1,2.0,0,3.0,2007.0,1,148,3.0,1,53.0,0.0,38,52.0,207,0.0,300,1.0,2,2,3.0,0.0,2.0,5.0,2,4.0,1,41
0,501.0,60000.0,60000.0,59,60000.0,81,1.0,82,1.0,21.0,20,1.0,1.0,2,1,0,2.0,1,2.0,1000,3.0,0.0,3.0,2.0,1,2.0,0,3.0,1982.0,1,32,2.0,1,40.0,0.0,38,52.0,584,0.0,200,1.0,2,2,3.0,0.0,2.0,5.0,2,4.0,1,64
0,501.0,68000.0,68000.0,91,68000.0,63,1.0,82,1.0,18.0,21,1.0,1.0,2,1,0,2.0,1,2.0,1000,3.0,0.0,3.0,2.0,1,2.0,0,3.0,1982.0,1,32,1.0,1,45.0,0.0,38,52.0,350,0.0,200,1.0,2,2,3.0,0.0,2.0,5.0,2,4.0,1,64
0,501.0,36400.0,36400.0,96,36400.0,41,1.0,32,1.0,20.0,25,6.0,1.0,2,5,0,2.0,1,2.0,1000,3.0,0.0,3.0,2.0,1,2.0,0,3.0,1995.0,1,26,1.0,1,40.0,0.0,38,52.0,400,0.0,600,3.0,2,2,3.0,0.0,2.0,5.0,2,4.0,1,21
0,501.0,115000.0,23000.0,02,23000.0,01,1.0,32,1.0,20.0,20,1.0,1.0,2,1,2,2.0,1,2.0,1000,3.0,0.0,2.0,2.0,1,2.0,0,3.0,1989.0,1,999,7.0,1,40.0,0.0,38,52.0,40,92000.0,400,1.0,1,2,3.0,0.0,2.0,5.0,2,4.0,1,64
0,501.0,19300.0,0.0,42,0.0,69,6.0,82,3.0,22.0,21,1.0,2.0,2,1,0,2.0,1,2.0,1000,2.0,0.0,2.0,2.0,1,2.0,0,2.0,1989.0,1,999,1.0,1,40.0,0.0,38,52.0,35,17000.0,400,1.0,1,2,3.0,0.0,2.0,5.0,2,4.0,1,65
0,319.0,14600.0,3400.0,96,3400.0,53,6.0,32,1.0,14.0,20,1.0,2.0,1,1,1,2.0,1,2.0,1000,2.0,0.0,2.0,2.0,1,2.0,0,2.0,1978.0,1,999,1.0,1,40.0,11200.0,38,3.0,145,0.0,300,1.0,1,2,3.0,0.0,2.0,5.0,1,2.0,1,64
0,319.0,50000.0,50000.0,96,50000.0,53,1.0,50,1.0,16.0,21,1.0,1.0,2,1,0,2.0,1,2.0,1000,3.0,0.0,3.0,2.0,1,2.0,0,3.0,1978.0,1,26,1.0,1,40.0,0.0,38,52.0,127,0.0,300,1.0,2,2,3.0,0.0,2.0,5.0,2,4.0,1,63
0,330.0,52000.0,52000.0,48,52000.0,41,1.0,82,1.0,21.0,20,6.0,1.0,2,5,2,2.0,1,2.0,1000,3.0,0.0,3.0,2.0,1,2.0,0,3.0,1995.0,1,999,7.0,1,40.0,0.0,27,52.0,197,0.0,600,3.0,1,2,3.0,0.0,2.0,5.0,2,4.0,1,24
0,318.0,50000.0,50000.0,04,50000.0,69,1.0,32,1.0,21.0,24,6.0,1.0,2,5,0,2.0,1,2.0,1000,3.0,0.0,3.0,2.0,1,2.0,0,3.0,1995.0,1,999,1.0,1,80.0,0.0,38,34.0,201,0.0,600,1.0,1,2,3.0,0.0,2.0,5.0,2,4.0,1,24
0,456.0,95000.0,95000.0,03,95000.0,72,1.0,142,1.0,21.0,20,6.0,1.0,2,5,0,2.0,1,2.0,1000,3.0,0.0,3.0,2.0,1,2.0,0,3.0,1995.0,1,26,1.0,1,40.0,0.0,38,52.0,125,0.0,600,1.0,2,2,3.0,0.0,2.0,5.0,2,4.0,1,30
0,267.0,42000.0,42000.0,01,42000.0,41,1.0,32,1.0,16.0,22,6.0,1.0,2,5,0,2.0,1,2.0,1000,3.0,0.0,3.0,2.0,1,2.0,0,3.0,1995.0,1,20,1.0,1,40.0,0.0,38,52.0,148,0.0,600,1.0,2,2,3.0,0.0,2.0,5.0,2,4.0,1,31
1,58.0,0.0,0.0,46,0.0,84,6.0,82,2.0,18.0,20,1.0,2.0,2,1,0,2.0,1,2.0,1000,2.0,0.0,2.0,2.0,1,2.0,0,2.0,2007.0,1,999,6.0,1,40.0,0.0,38,52.0,25,0.0,200,1.0,1,2,3.0,0.0,2.0,5.0,2,4.0,1,37
1,58.0,22000.0,22000.0,60,22000.0,01,1.0,82,1.0,16.0,21,1.0,1.0,2,1,0,2.0,1,2.0,1000,3.0,0.0,3.0,2.0,1,2.0,0,3.0,2007.0,1,999,2.0,1,50.0,0.0,38,52.0,29,0.0,200,1.0,1,2,3.0,0.0,2.0,5.0,2,4.0,1,36
0,184.0,43000.0,43000.0,42,43000.0,82,1.0,917,1.0,12.0,20,1.0,1.0,2,1,0,2.0,3,2.0,5014,3.0,0.0,3.0,2.0,5,2.0,1,3.0,1996.0,0,999,1.0,1,40.0,0.0,38,52.0,57,0.0,500,3.0,1,2,3.0,0.0,2.0,5.0,2,4.0,1,50
0,184.0,0.0,0.0,42,0.0,69,6.0,924,3.0,18.0,21,1.0,2.0,2,1,0,2.0,1,2.0,1000,2.0,0.0,2.0,2.0,1,2.0,0,2.0,1996.0,1,999,1.0,1,40.0,0.0,51,52.0,57,0.0,500,3.0,1,2,2.0,0.0,2.0,3.0,2,2.0,1,54
0,184.0,0.0,0.0,36,0.0,82,6.0,924,2.0,17.0,25,4.0,2.0,2,3,0,2.0,1,2.0,1000,2.0,0.0,2.0,2.0,1,2.0,0,2.0,2019.0,1,999,1.0,1,40.0,0.0,32,52.0,21,0.0,500,3.0,1,2,3.0,0.0,2.0,5.0,2,4.0,1,27
0,184.0,10000.0,10000.0,55,10000.0,63,1.0,924,1.0,13.0,25,6.0,1.0,2,5,0,2.0,1,2.0,1000,2.0,0.0,2.0,2.0,1,2.0,0,2.0,1995.0,1,999,1.0,1,40.0,0.0,38,52.0,13,0.0,500,3.0,1,2,2.0,0.0,2.0,5.0,2,4.0,1,24
0,184.0,16600.0,16600.0,42,16600.0,82,1.0,924,1.0,15.0,25,6.0,1.0,2,5,0,2.0,1,2.0,1000,3.0,0.0,3.0,2.0,1,2.0,0,3.0,1995.0,1,999,1.0,1,32.0,0.0,38,23.0,22,0.0,500,3.0,1,2,3.0,0.0,2.0,5.0,2,4.0,1,19
0,419.0,65000.0,65000.0,15,65000.0,05,1.0,924,1.0,21.0,20,6.0,1.0,2,5,2,2.0,1,2.0,1000,3.0,0.0,3.0,2.0,1,2.0,0,3.0,1995.0,1,999,1.0,1,45.0,0.0,38,52.0,163,0.0,300,3.0,1,2,3.0,0.0,2.0,5.0,2,4.0,1,25
0,163.0,25000.0,25000.0,47,25000.0,45,1.0,924,1.0,16.0,20,6.0,1.0,2,5,0,2.0,1,2.0,1000,3.0,0.0,3.0,2.0,1,2.0,0,3.0,1995.0,1,22,1.0,1,46.0,0.0,53,52.0,19,0.0,400,1.0,2,2,3.0,0.0,2.0,5.0,2,4.0,1,33
0,497.0,80000.0,80000.0,08,80000.0,72,1.0,999,1.0,23.0,20,1.0,1.0,2,1,0,2.0,1,2.0,1000,3.0,0.0,3.0,2.0,1,2.0,0,3.0,2007.0,1,999,1.0,1,45.0,0.0,38,52.0,97,0.0,100,1.0,4,2,3.0,0.0,2.0,5.0,2,4.0,1,38
0,497.0,121000.0,121000.0,19,120000.0,04,1.0,999,1.0,20.0,21,1.0,1.0,2,1,0,2.0,1,2.0,1000,3.0,0.0,3.0,2.0,1,2.0,0,3.0,2007.0,1,999,1.0,1,50.0,0.0,38,52.0,123,0.0,100,1.0,4,2,3.0,0.0,2.0,5.0,2,4.0,1,41
0,486.0,70000.0,70000.0,28,70000.0,93,1.0,50,1.0,21.0,20,1.0,1.0,2,1,0,2.0,1,2.0,1000,3.0,0.0,3.0,2.0,1,2.0,0,3.0,2014.0,1,999,4.0,1,40.0,0.0,53,2.0,276,0.0,300,1.0,1,2,3.0,0.0,2.0,5.0,2,4.0,1,36
0,486.0,100000.0,100000.0,90,50000.0,60,1.0,32,1.0,21.0,21,1.0,1.0,2,1,0,2.0,1,2.0,1000,3.0,0.0,3.0,2.0,1,2.0,0,3.0,2014.0,1,999,1.0,1,40.0,0.0,38,52.0,228,0.0,300,1.0,1,2,3.0,0.0,2.0,5.0,2,4.0,1,38
0,133.0,28000.0,28000.0,57,28000.0,69,1.0,82,1.0,21.0,20,4.0,1.0,2,3,2,2.0,1,2.0,1000,3.0,0.0,3.0,2.0,1,2.0,0,3.0,2020.0,1,32,1.0,1,32.0,0.0,38,52.0,34,0.0,200,1.0,2,2,3.0,0.0,2.0,5.0,2,4.0,1,32
0,501.0,115000.0,115000.0,63,115000.0,07,2.0,32,1.0,20.0,22,6.0,1.0,2,5,0,2.0,1,2.0,1000,3.0,0.0,2.0,2.0,1,2.0,0,1.0,1995.0,1,50,1.0,1,60.0,0.0,27,52.0,27,0.0,200,3.0,2,2,3.0,0.0,2.0,5.0,2,4.0,1,25
0,294.0,85600.0,82000.0,02,12000.0,01,1.0,999,1.0,19.0,20,1.0,1.0,2,1,1,2.0,1,2.0,1000,3.0,0.0,3.0,2.0,1,2.0,0,3.0,2020.0,1,999,6.0,1,50.0,0.0,46,52.0,29,3600.0,200,1.0,4,2,3.0,0.0,2.0,5.0,2,4.0,1,41
0,294.0,30000.0,30000.0,02,0.0,01,1.0,999,1.0,16.0,21,1.0,1.0,2,1,1,2.0,1,2.0,1000,3.0,0.0,3.0,2.0,1,2.0,0,3.0,2020.0,1,999,6.0,1,62.0,0.0,38,52.0,13,0.0,200,1.0,4,2,3.0,0.0,2.0,5.0,2,4.0,1,29
0,407.0,36900.0,36900.0,34,36900.0,81,1.0,999,1.0,1.0,21,1.0,1.0,2,1,0,2.0,1,2.0,1000,3.0,0.0,3.0,2.0,1,2.0,0,3.0,1981.0,1,999,1.0,1,40.0,0.0,38,52.0,56,0.0,400,1.0,4,2,3.0,0.0,2.0,5.0,2,4.0,1,61
0,475.0,390.0,390.0,04,0.0,62,1.0,32,1.0,19.0,20,1.0,1.0,2,1,0,2.0,1,2.0,1000,2.0,0.0,2.0,2.0,1,2.0,0,2.0,2020.0,1,999,6.0,1,40.0,0.0,38,1.0,355,0.0,300,1.0,1,2,3.0,0.0,2.0,5.0,2,4.0,1,37
0,475.0,115000.0,115000.0,49,115000.0,70,1.0,32,1.0,19.0,21,1.0,1.0,2,1,0,2.0,1,2.0,1000,2.0,0.0,2.0,2.0,1,2.0,0,2.0,2020.0,1,999,7.0,1,40.0,0.0,38,52.0,459,0.0,300,1.0,1,2,3.0,0.0,2.0,5.0,2,4.0,1,32
0,501.0,86000.0,86000.0,47,86000.0,48,1.0,32,1.0,16.0,20,1.0,1.0,2,1,0,2.0,1,2.0,1000,3.0,0.0,3.0,2.0,1,2.0,0,3.0,2005.0,1,999,1.0,1,45.0,0.0,38,52.0,31,0.0,500,1.0,1,2,3.0,0.0,2.0,5.0,2,4.0,1,64
0,501.0,40000.0,40000.0,72,40000.0,87,1.0,82,1.0,19.0,21,1.0,1.0,2,1,0,2.0,1,2.0,1000,3.0,0.0,3.0,2.0,1,2.0,0,3.0,2005.0,1,999,7.0,1,45.0,0.0,38,52.0,29,0.0,500,1.0,1,2,3.0,0.0,2.0,5.0,2,4.0,1,58
0,240.0,22000.0,22000.0,52,22000.0,39,1.0,32,1.0,16.0,20,1.0,1.0,2,1,0,2.0,1,2.0,1000,3.0,0.0,3.0,2.0,1,2.0,0,3.0,1980.0,1,82,1.0,1,40.0,0.0,38,52.0,52,0.0,400,1.0,2,2,3.0,0.0,2.0,5.0,2,4.0,1,62
0,143.0,30000.0,30000.0,96,30000.0,25,1.0,939,1.0,12.0,20,6.0,1.0,2,5,0,2.0,1,2.0,1000,3.0,0.0,3.0,2.0,1,2.0,0,3.0,1995.0,1,999,1.0,1,45.0,0.0,38,52.0,35,0.0,500,1.0,1,2,3.0,0.0,2.0,5.0,2,4.0,3,51
0,501.0,115000.0,115000.0,92,115000.0,60,1.0,939,1.0,21.0,20,6.0,1.0,2,5,0,2.0,1,2.0,1000,3.0,0.0,3.0,2.0,1,2.0,0,3.0,1995.0,1,999,1.0,1,50.0,0.0,36,52.0,165,0.0,500,1.0,1,2,3.0,0.0,2.0,5.0,2,4.0,1,33
0,389.0,50000.0,50000.0,32,50000.0,81,1.0,32,1.0,21.0,20,1.0,1.0,2,1,0,2.0,1,2.0,1000,3.0,0.0,3.0,2.0,1,2.0,0,3.0,1986.0,1,50,2.0,1,28.0,0.0,38,52.0,119,0.0,400,1.0,2,2,3.0,0.0,2.0,5.0,2,4.0,1,56
0,501.0,65000.0,65000.0,20,65000.0,91,1.0,32,1.0,22.0,20,1.0,1.0,2,1,0,2.0,1,2.0,1000,3.0,0.0,3.0,2.0,1,2.0,0,3.0,1981.0,1,999,2.0,1,40.0,0.0,20,52.0,11,0.0,400,1.0,1,2,3.0,0.0,2.0,5.0,2,4.0,1,65
0,501.0,55000.0,55000.0,32,55000.0,82,1.0,32,1.0,20.0,21,1.0,1.0,2,1,0,2.0,1,2.0,1000,3.0,0.0,3.0,2.0,1,2.0,0,3.0,1981.0,1,999,2.0,1,24.0,0.0,46,52.0,17,0.0,400,1.0,1,2,3.0,0.0,2.0,5.0,2,4.0,1,62
0,501.0,30000.0,30000.0,52,30000.0,68,1.0,171,1.0,16.0,20,1.0,1.0,2,1,0,2.0,1,2.0,1000,3.0,0.0,3.0,2.0,1,2.0,0,3.0,1982.0,1,999,1.0,1,32.0,0.0,38,52.0,33,0.0,200,1.0,1,2,3.0,0.0,2.0,5.0,2,4.0,1,61
0,501.0,94140.0,94000.0,77,94000.0,07,1.0,939,1.0,16.0,21,1.0,1.0,2,1,0,2.0,1,2.0,1000,3.0,0.0,3.0,2.0,1,2.0,0,3.0,1982.0,1,999,1.0,1,40.0,0.0,38,52.0,19,140.0,200,1.0,1,2,3.0,0.0,2.0,5.0,2,4.0,1,64
1,326.0,24600.0,24600.0,46,24600.0,84,1.0,999,1.0,16.0,25,3.0,1.0,2,2,0,2.0,1,2.0,1000,3.0,0.0,3.0,2.0,1,2.0,0,3.0,2016.0,1,999,1.0,1,35.0,0.0,38,52.0,2,0.0,200,1.0,4,2,3.0,0.0,2.0,5.0,2,4.0,1,30
0,150.0,23800.0,11800.0,96,11800.0,53,1.0,924,1.0,17.0,20,4.0,1.0,2,3,0,2.0,1,2.0,1000,3.0,0.0,3.0,2.0,1,2.0,0,3.0,1980.0,1,999,1.0,1,20.0,12000.0,27,31.0,116,0.0,600,1.0,1,2,3.0,0.0,2.0,5.0,2,4.0,1,61
0,306.0,48000.0,48000.0,34,48000.0,74,1.0,82,1.0,22.0,20,6.0,1.0,1,5,0,2.0,1,2.0,1000,3.0,0.0,3.0,1.0,1,2.0,0,3.0,1995.0,1,112,1.0,1,45.0,0.0,38,52.0,101,0.0,400,1.0,2,2,3.0,0.0,2.0,5.0,2,4.0,1,53
0,463.0,53060.0,53000.0,12,53000.0,69,1.0,82,1.0,19.0,25,6.0,1.0,2,5,0,2.0,1,2.0,1000,3.0,0.0,3.0,2.0,1,2.0,0,3.0,1995.0,1,999,1.0,1,40.0,0.0,27,52.0,23,60.0,600,1.0,1,2,3.0,0.0,2.0,5.0,2,4.0,1,52
0,501.0,120000.0,120000.0,74,120000.0,87,1.0,32,1.0,21.0,20,1.0,1.0,2,1,0,2.0,1,2.0,1000,2.0,0.0,2.0,2.0,1,2.0,0,2.0,1992.0,1,50,1.0,1,60.0,0.0,38,52.0,21,0.0,600,1.0,2,2,3.0,0.0,2.0,5.0,2,4.0,1,53
0,501.0,0.0,0.0,42,0.0,69,6.0,32,3.0,21.0,21,1.0,2.0,2,1,0,2.0,1,2.0,1000,2.0,0.0,2.0,2.0,1,2.0,0,2.0,1992.0,1,22,1.0,1,40.0,0.0,38,52.0,29,0.0,600,1.0,2,2,3.0,0.0,2.0,5.0,2,4.0,1,52
0,166.0,26000.0,26000.0,40,26000.0,84,1.0,920,1.0,17.0,20,6.0,1.0,2,5,0,2.0,3,2.0,5013,2.0,0.0,2.0,2.0,3,2.0,1,2.0,1995.0,0,999,3.0,1,40.0,0.0,38,52.0,66,0.0,100,1.0,1,2,3.0,0.0,2.0,5.0,2,4.0,1,54
0,501.0,80000.0,80000.0,02,80000.0,78,1.0,82,1.0,22.0,20,1.0,1.0,2,1,0,2.0,1,2.0,1000,3.0,0.0,3.0,2.0,1,2.0,0,3.0,1996.0,1,999,3.0,1,50.0,0.0,38,52.0,28,0.0,500,1.0,1,2,3.0,0.0,2.0,5.0,2,4.0,1,50
0,501.0,60000.0,60000.0,23,60000.0,78,1.0,22,1.0,21.0,21,1.0,1.0,2,1,0,2.0,1,2.0,1000,3.0,0.0,3.0,2.0,1,2.0,0,3.0,1996.0,1,999,3.0,1,45.0,0.0,38,52.0,39,0.0,500,1.0,1,2,3.0,0.0,2.0,5.0,2,4.0,1,56
0,501.0,10000.0,10000.0,59,10000.0,73,1.0,195,1.0,20.0,25,6.0,1.0,2,5,0,2.0,1,2.0,1000,3.0,0.0,3.0,2.0,1,2.0,0,3.0,1995.0,1,999,1.0,1,20.0,0.0,38,52.0,15,0.0,500,1.0,1,2,3.0,0.0,2.0,5.0,2,4.0,1,22
0,501.0,5000.0,5000.0,96,5000.0,63,1.0,195,1.0,16.0,25,6.0,1.0,2,5,0,2.0,1,2.0,1000,3.0,0.0,3.0,2.0,1,2.0,0,3.0,1995.0,1,999,1.0,1,30.0,0.0,38,52.0,27,0.0,500,1.0,1,2,3.0,0.0,2.0,5.0,2,4.0,1,19
0,501.0,87000.0,87000.0,00,87000.0,67,1.0,32,1.0,21.0,20,1.0,1.0,2,1,0,2.0,1,2.0,1000,3.0,0.0,3.0,2.0,1,2.0,0,3.0,2009.0,1,82,3.0,1,40.0,0.0,38,52.0,29,0.0,500,1.0,2,2,3.0,0.0,2.0,5.0,2,4.0,1,35
0,501.0,110000.0,110000.0,13,110000.0,72,1.0,49,1.0,21.0,21,1.0,1.0,2,1,0,2.0,1,2.0,1000,3.0,0.0,3.0,2.0,1,2.0,0,3.0,2009.0,1,82,1.0,1,50.0,0.0,38,52.0,27,0.0,500,1.0,2,2,3.0,0.0,2.0,5.0,2,4.0,1,36
0,501.0,60000.0,60000.0,62,60000.0,07,1.0,935,1.0,18.0,20,1.0,1.0,2,1,0,2.0,3,2.0,5013,3.0,0.0,3.0,2.0,3,2.0,1,3.0,1995.0,0,917,7.0,1,50.0,0.0,27,52.0,91,0.0,500,1.0,2,2,3.0,0.0,2.0,5.0,2,4.0,1,56
0,501.0,28000.0,28000.0,47,28000.0,52,1.0,917,1.0,19.0,25,6.0,1.0,2,5,0,2.0,3,2.0,5013,3.0,0.0,3.0,2.0,3,2.0,1,3.0,1995.0,0,999,1.0,1,40.0,0.0,38,52.0,226,0.0,500,1.0,1,2,3.0,0.0,2.0,5.0,2,4.0,1,26
0,501.0,15000.0,15000.0,96,15000.0,63,1.0,917,1.0,16.0,25,6.0,1.0,2,5,0,2.0,3,2.0,5013,3.0,0.0,3.0,2.0,3,2.0,1,3.0,1995.0,0,999,1.0,1,25.0,0.0,38,52.0,185,0.0,500,1.0,1,2,3.0,0.0,2.0,5.0,2,4.0,1,21
0,380.0,85000.0,85000.0,81,85000.0,88,1.0,32,1.0,16.0,20,1.0,1.0,2,1,0,2.0,1,2.0,1000,3.0,0.0,3.0,2.0,1,2.0,0,3.0,2017.0,1,999,1.0,1,50.0,0.0,38,52.0,57,0.0,400,1.0,1,2,3.0,0.0,2.0,5.0,2,4.0,1,28
0,380.0,30000.0,30000.0,36,30000.0,79,1.0,82,1.0,18.0,21,1.0,1.0,2,1,0,2.0,1,2.0,1000,2.0,0.0,2.0,2.0,1,2.0,0,3.0,2017.0,1,999,1.0,1,40.0,0.0,38,52.0,61,0.0,400,1.0,1,2,3.0,0.0,2.0,5.0,2,4.0,1,24
0,347.0,60000.0,60000.0,91,60000.0,07,1.0,94,1.0,19.0,20,1.0,1.0,2,1,1,2.0,1,2.0,1000,3.0,0.0,3.0,2.0,1,2.0,0,3.0,2004.0,1,999,7.0,1,50.0,0.0,38,40.0,127,0.0,600,1.0,1,2,3.0,0.0,2.0,5.0,2,4.0,1,64
0,347.0,10000.0,0.0,05,0.0,69,6.0,32,2.0,16.0,21,1.0,2.0,2,1,1,2.0,1,2.0,1000,2.0,0.0,2.0,2.0,1,2.0,0,2.0,2004.0,1,999,2.0,1,40.0,10000.0,27,52.0,139,0.0,600,1.0,1,2,3.0,0.0,2.0,5.0,2,4.0,1,64
0,451.0,71000.0,71000.0,22,71000.0,78,1.0,917,1.0,22.0,20,6.0,1.0,2,5,0,2.0,3,2.0,5013,3.0,0.0,3.0,2.0,3,2.0,1,3.0,1995.0,0,999,2.0,1,40.0,0.0,27,52.0,158,0.0,400,1.0,1,2,3.0,0.0,2.0,5.0,2,4.0,1,60
0,0.0,0.0,0.0,42,0.0,69,6.0,917,3.0,12.0,22,6.0,2.0,2,5,0,2.0,3,2.0,5013,2.0,0.0,2.0,2.0,3,2.0,1,2.0,1995.0,0,999,1.0,1,40.0,0.0,38,52.0,150,0.0,400,1.0,1,2,3.0,0.0,2.0,5.0,2,4.0,1,48
0,501.0,60000.0,60000.0,48,60000.0,42,1.0,171,1.0,16.0,20,1.0,1.0,2,1,0,2.0,1,2.0,1000,3.0,0.0,3.0,2.0,1,2.0,0,3.0,1995.0,1,142,1.0,1,40.0,0.0,38,52.0,24,0.0,200,1.0,2,2,3.0,0.0,2.0,5.0,2,4.0,1,60
0,501.0,125000.0,125000.0,09,125000.0,82,1.0,82,1.0,21.0,21,1.0,1.0,2,1,0,2.0,1,2.0,1000,3.0,0.0,3.0,2.0,1,2.0,0,3.0,1995.0,1,32,1.0,1,40.0,0.0,38,52.0,37,0.0,200,1.0,2,2,3.0,0.0,2.0,5.0,2,4.0,1,64
0,501.0,40000.0,40000.0,06,40000.0,82,1.0,171,1.0,19.0,25,6.0,1.0,2,5,0,2.0,1,2.0,1000,3.0,0.0,3.0,2.0,1,2.0,0,3.0,1995.0,1,142,1.0,1,40.0,0.0,38,52.0,17,0.0,200,1.0,2,2,3.0,0.0,2.0,5.0,2,4.0,1,24
1,22.0,5500.0,0.0,46,0.0,84,3.0,32,2.0,19.0,20,4.0,2.0,2,3,0,2.0,1,2.0,1000,1.0,0.0,2.0,2.0,1,2.0,0,2.0,2002.0,1,142,6.0,1,40.0,0.0,38,52.0,444,0.0,100,1.0,2,2,3.0,0.0,2.0,1.0,2,4.0,1,45
1,22.0,1200.0,1200.0,53,1200.0,86,1.0,32,1.0,16.0,25,6.0,1.0,1,5,0,2.0,1,2.0,1000,3.0,0.0,3.0,2.0,1,2.0,0,3.0,1995.0,1,142,3.0,1,20.0,0.0,38,30.0,780,0.0,100,1.0,2,2,3.0,0.0,2.0,5.0,1,4.0,1,20
0,458.0,35000.0,35000.0,36,35000.0,82,1.0,32,1.0,18.0,20,3.0,1.0,2,2,0,2.0,1,2.0,1000,3.0,0.0,3.0,2.0,1,2.0,0,3.0,1998.0,1,999,2.0,1,32.0,0.0,38,52.0,94,0.0,400,1.0,1,2,3.0,0.0,2.0,5.0,2,4.0,1,52
0,458.0,57000.0,57000.0,77,57000.0,39,1.0,32,1.0,18.0,25,6.0,1.0,2,5,0,2.0,1,2.0,1000,3.0,0.0,3.0,2.0,1,2.0,0,3.0,1995.0,1,999,1.0,1,40.0,0.0,38,52.0,26,0.0,400,1.0,1,2,3.0,0.0,2.0,5.0,2,4.0,1,22
0,313.0,20400.0,20400.0,57,20400.0,44,1.0,82,1.0,18.0,20,1.0,1.0,2,1,0,2.0,1,2.0,1000,3.0,0.0,3.0,2.0,1,2.0,0,3.0,2003.0,1,999,1.0,1,40.0,0.0,38,52.0,85,0.0,100,1.0,1,2,3.0,0.0,2.0,5.0,2,4.0,1,46
0,313.0,65000.0,65000.0,72,65000.0,87,1.0,32,1.0,19.0,21,1.0,1.0,2,1,0,2.0,1,2.0,1000,3.0,0.0,3.0,2.0,1,2.0,0,3.0,2003.0,1,26,1.0,1,40.0,0.0,38,52.0,71,0.0,100,1.0,2,2,3.0,0.0,2.0,5.0,2,4.0,1,44
0,365.0,57000.0,57000.0,56,57000.0,23,1.0,82,1.0,20.0,20,3.0,1.0,1,2,0,2.0,1,2.0,1000,2.0,0.0,2.0,2.0,1,2.0,0,2.0,1996.0,1,89,1.0,1,50.0,0.0,53,52.0,15,0.0,600,1.0,2,2,3.0,0.0,2.0,5.0,1,2.0,1,58
0,179.0,25200.0,21600.0,62,21600.0,07,6.0,82,1.0,14.0,20,4.0,2.0,1,3,0,2.0,1,2.0,1000,2.0,0.0,2.0,2.0,1,2.0,0,2.0,1983.0,1,999,7.0,1,30.0,2100.0,27,30.0,11,0.0,400,1.0,1,2,3.0,0.0,2.0,5.0,1,4.0,1,65
0,242.0,36900.0,36900.0,34,36900.0,81,1.0,999,1.0,16.0,34,4.0,1.0,2,3,0,2.0,1,2.0,1000,3.0,0.0,3.0,2.0,1,2.0,0,3.0,1989.0,1,999,1.0,1,40.0,0.0,27,52.0,6,0.0,400,1.0,4,2,3.0,0.0,2.0,5.0,2,4.0,1,59
0,204.0,31500.0,31500.0,60,31500.0,01,1.0,939,1.0,19.0,20,4.0,1.0,2,3,0,2.0,1,2.0,1000,3.0,0.0,3.0,2.0,1,2.0,0,3.0,1993.0,1,999,1.0,1,12.0,0.0,18,52.0,46,0.0,100,3.0,1,2,3.0,0.0,2.0,5.0,2,4.0,1,63
0,373.0,58250.0,58000.0,50,58000.0,69,1.0,32,1.0,21.0,20,6.0,1.0,2,5,0,2.0,1,2.0,1000,3.0,0.0,3.0,2.0,1,2.0,0,3.0,1995.0,1,82,1.0,1,42.0,0.0,27,52.0,213,250.0,600,1.0,2,2,3.0,0.0,2.0,5.0,2,4.0,1,29
0,63.0,10000.0,10000.0,79,10000.0,34,1.0,935,1.0,16.0,20,2.0,1.0,2,1,0,2.0,1,2.0,1000,3.0,0.0,3.0,2.0,1,2.0,0,3.0,2015.0,1,999,1.0,1,60.0,0.0,38,52.0,44,0.0,400,1.0,1,2,3.0,0.0,2.0,5.0,2,4.0,1,63
0,486.0,76000.0,46000.0,31,46000.0,81,1.0,615,1.0,22.0,20,4.0,1.0,2,3,0,2.0,4,2.0,4015,3.0,0.0,3.0,2.0,6,2.0,0,3.0,2010.0,0,999,1.0,4,40.0,0.0,210,32.0,48,0.0,100,1.0,1,2,3.0,0.0,2.0,5.0,2,4.0,1,43
0,501.0,125000.0,125000.0,02,125000.0,01,1.0,82,1.0,16.0,20,1.0,1.0,2,1,0,2.0,1,2.0,1000,3.0,0.0,3.0,2.0,1,2.0,0,3.0,1994.0,1,22,1.0,1,50.0,0.0,38,52.0,12,0.0,500,1.0,2,2,3.0,0.0,2.0,5.0,2,4.0,1,63
0,501.0,0.0,0.0,42,0.0,69,6.0,32,3.0,19.0,21,1.0,2.0,2,1,0,2.0,1,2.0,1000,2.0,0.0,2.0,2.0,1,2.0,0,3.0,1994.0,1,999,1.0,1,40.0,0.0,38,52.0,11,0.0,500,1.0,1,2,3.0,0.0,2.0,3.0,2,4.0,1,62
0,501.0,151000.0,150000.0,07,150000.0,85,1.0,935,1.0,21.0,20,1.0,1.0,2,1,0,2.0,1,2.0,1000,3.0,0.0,3.0,2.0,1,2.0,0,3.0,2004.0,1,3,1.0,1,40.0,0.0,27,52.0,43,1000.0,500,1.0,2,2,3.0,0.0,2.0,5.0,2,4.0,1,43
0,501.0,35000.0,35000.0,52,35000.0,68,1.0,82,1.0,19.0,21,1.0,1.0,2,1,0,2.0,1,2.0,1000,3.0,0.0,3.0,2.0,1,2.0,0,3.0,2004.0,1,999,1.0,1,40.0,0.0,38,52.0,24,0.0,500,1.0,1,2,3.0,0.0,2.0,5.0,2,4.0,1,42
0,245.0,37400.0,37400.0,79,37400.0,25,1.0,50,1.0,14.0,20,6.0,1.0,2,5,0,2.0,1,2.0,1000,3.0,0.0,3.0,2.0,1,2.0,0,3.0,1995.0,1,999,7.0,1,40.0,0.0,27,52.0,644,0.0,600,1.0,1,2,3.0,0.0,2.0,5.0,2,4.0,1,26
0,348.0,65000.0,65000.0,87,65000.0,31,1.0,999,1.0,16.0,20,1.0,1.0,2,1,0,2.0,1,2.0,1000,3.0,0.0,3.0,2.0,1,2.0,0,3.0,2018.0,1,999,1.0,1,65.0,0.0,26,52.0,146,0.0,200,1.0,4,2,3.0,0.0,2.0,5.0,2,4.0,1,36
0,348.0,12000.0,12000.0,40,12000.0,86,1.0,999,1.0,19.0,21,1.0,1.0,2,1,0,2.0,1,2.0,1000,3.0,0.0,3.0,2.0,1,2.0,0,3.0,2018.0,1,999,1.0,5,42.0,0.0,110,52.0,154,0.0,200,1.0,4,2,3.0,0.0,2.0,5.0,2,4.0,1,41
0,501.0,80000.0,80000.0,60,80000.0,01,1.0,82,1.0,21.0,20,1.0,1.0,2,1,0,2.0,1,2.0,1000,2.0,0.0,2.0,2.0,1,2.0,0,2.0,1985.0,1,999,1.0,1,50.0,0.0,27,52.0,13,0.0,600,1.0,1,2,3.0,0.0,2.0,5.0,2,4.0,1,63
0,501.0,60000.0,60000.0,22,60000.0,78,1.0,82,1.0,24.0,21,1.0,1.0,2,1,0,2.0,1,2.0,1000,3.0,0.0,3.0,2.0,1,2.0,0,3.0,1985.0,1,999,4.0,1,50.0,0.0,38,52.0,14,0.0,600,1.0,1,2,3.0,0.0,2.0,5.0,2,4.0,1,61
0,501.0,25000.0,25000.0,20,25000.0,91,1.0,82,1.0,21.0,25,6.0,1.0,2,5,0,2.0,1,2.0,1000,3.0,0.0,3.0,2.0,1,2.0,0,3.0,1995.0,1,999,2.0,1,50.0,0.0,53,52.0,23,0.0,600,1.0,1,2,3.0,0.0,2.0,5.0,2,4.0,1,29
0,389.0,60000.0,60000.0,10,60000.0,62,1.0,32,1.0,21.0,20,1.0,1.0,2,1,0,2.0,1,2.0,1000,3.0,0.0,3.0,2.0,1,2.0,0,3.0,1998.0,1,999,1.0,1,40.0,0.0,38,52.0,655,0.0,300,1.0,1,2,3.0,0.0,2.0,5.0,2,4.0,1,46
0,389.0,50000.0,50000.0,91,50000.0,61,1.0,706,1.0,19.0,21,1.0,1.0,2,1,0,2.0,19,2.0,9000,3.0,0.0,3.0,2.0,9,2.0,0,3.0,1998.0,1,50,1.0,1,50.0,0.0,17,45.0,330,0.0,300,1.0,2,2,3.0,0.0,2.0,5.0,2,4.0,1,49
0,389.0,7000.0,7000.0,40,7000.0,86,1.0,706,1.0,18.0,25,6.0,1.0,2,5,0,2.0,19,2.0,9000,3.0,0.0,3.0,2.0,9,2.0,0,3.0,1995.0,1,50,1.0,1,30.0,0.0,41,50.0,360,0.0,300,1.0,2,2,3.0,0.0,2.0,5.0,2,4.0,1,19
0,389.0,3000.0,3000.0,47,3000.0,53,3.0,706,1.0,16.0,25,6.0,2.0,2,5,0,2.0,19,2.0,9000,1.0,0.0,2.0,2.0,9,2.0,0,2.0,1995.0,1,50,1.0,1,20.0,0.0,41,35.0,359,0.0,300,1.0,2,2,3.0,0.0,2.0,1.0,2,4.0,1,18
0,194.0,30000.0,30000.0,47,30000.0,47,1.0,750,1.0,21.0,20,6.0,1.0,2,5,0,2.0,22,2.0,9000,3.0,0.0,3.0,2.0,9,2.0,0,3.0,1995.0,1,999,1.0,1,45.0,0.0,41,52.0,183,0.0,600,1.0,1,2,3.0,0.0,2.0,5.0,2,4.0,1,22
1,97.0,15000.0,15000.0,47,15000.0,51,1.0,917,1.0,19.0,22,6.0,1.0,2,5,0,2.0,3,2.0,5013,3.0,0.0,3.0,2.0,3,2.0,1,3.0,1995.0,0,999,1.0,1,20.0,0.0,27,52.0,156,0.0,600,1.0,1,2,3.0,0.0,2.0,5.0,2,4.0,1,21
0,193.0,30000.0,30000.0,25,30000.0,78,1.0,82,1.0,19.0,20,6.0,1.0,2,5,0,2.0,1,2.0,1000,3.0,0.0,3.0,2.0,1,2.0,0,3.0,1995.0,1,999,3.0,1,38.0,0.0,38,52.0,167,0.0,500,1.0,1,2,3.0,0.0,2.0,5.0,2,4.0,1,33
0,501.0,111000.0,50000.0,32,50000.0,80,1.0,82,1.0,21.0,20,4.0,1.0,2,3,2,2.0,1,2.0,1000,3.0,0.0,3.0,2.0,1,2.0,0,3.0,1999.0,1,26,1.0,1,40.0,0.0,38,40.0,98,0.0,400,1.0,2,2,3.0,0.0,2.0,5.0,2,4.0,1,62
0,378.0,51000.0,51000.0,96,51000.0,35,1.0,32,1.0,16.0,20,1.0,1.0,2,1,0,2.0,1,2.0,1000,3.0,0.0,3.0,2.0,1,2.0,0,3.0,1978.0,1,26,1.0,1,40.0,0.0,38,52.0,13,0.0,500,1.0,2,2,3.0,0.0,2.0,5.0,2,4.0,1,63
0,378.0,24650.0,0.0,73,0.0,34,6.0,142,2.0,16.0,21,1.0,2.0,2,1,0,2.0,17,2.0,9000,2.0,0.0,2.0,2.0,9,2.0,1,2.0,1978.0,1,917,1.0,1,40.0,24300.0,38,52.0,31,0.0,500,1.0,2,2,3.0,0.0,2.0,5.0,2,4.0,1,64
0,486.0,100000.0,100000.0,95,100000.0,07,1.0,999,1.0,16.0,20,1.0,1.0,2,1,0,2.0,1,2.0,1000,3.0,0.0,3.0,2.0,1,2.0,0,3.0,2013.0,1,999,1.0,1,50.0,0.0,38,52.0,92,0.0,200,1.0,4,2,3.0,0.0,2.0,5.0,2,4.0,1,38
0,486.0,18000.0,0.0,42,0.0,92,6.0,999,2.0,19.0,21,1.0,2.0,2,1,0,2.0,1,2.0,1000,2.0,0.0,2.0,2.0,1,2.0,0,2.0,2013.0,1,999,6.0,1,40.0,18000.0,4,52.0,96,0.0,200,1.0,4,2,3.0,0.0,2.0,5.0,2,4.0,1,37
0,501.0,120000.0,120000.0,02,70000.0,01,1.0,82,1.0,21.0,20,1.0,1.0,2,1,0,2.0,1,2.0,1000,3.0,0.0,3.0,2.0,1,2.0,0,3.0,1999.0,1,999,6.0,1,70.0,0.0,38,52.0,126,0.0,100,1.0,1,2,3.0,0.0,2.0,5.0,2,2.0,1,56
0,501.0,50000.0,50000.0,23,50000.0,78,1.0,82,1.0,21.0,21,1.0,1.0,2,1,0,2.0,1,2.0,1000,3.0,0.0,3.0,2.0,1,2.0,0,3.0,1999.0,1,999,3.0,1,50.0,0.0,27,52.0,164,0.0,100,1.0,1,2,3.0,0.0,2.0,5.0,2,4.0,1,52
0,501.0,20000.0,20000.0,42,20000.0,81,1.0,82,1.0,19.0,25,6.0,1.0,2,5,0,2.0,1,2.0,1000,3.0,0.0,3.0,2.0,1,2.0,0,3.0,1995.0,1,999,1.0,1,50.0,0.0,38,52.0,56,0.0,100,1.0,1,2,3.0,0.0,2.0,5.0,2,4.0,1,22
0,253.0,39000.0,39000.0,07,39000.0,75,1.0,924,1.0,16.0,20,6.0,1.0,2,5,0,2.0,1,2.0,1000,3.0,0.0,3.0,2.0,1,2.0,0,3.0,1995.0,1,32,1.0,1,40.0,0.0,38,52.0,140,0.0,600,1.0,2,2,3.0,0.0,2.0,5.0,2,4.0,1,28
0,501.0,125000.0,125000.0,10,125000.0,81,1.0,32,1.0,20.0,20,1.0,1.0,2,1,0,2.0,1,2.0,1000,3.0,0.0,3.0,2.0,1,2.0,0,3.0,1990.0,1,999,2.0,1,50.0,0.0,38,52.0,19,0.0,600,1.0,1,2,3.0,0.0,2.0,5.0,2,4.0,1,52
0,501.0,97000.0,97000.0,77,97000.0,30,1.0,32,1.0,16.0,21,1.0,1.0,2,1,0,2.0,1,2.0,1000,3.0,0.0,3.0,2.0,1,2.0,0,3.0,1990.0,1,999,1.0,1,60.0,0.0,38,52.0,15,0.0,600,1.0,1,2,3.0,0.0,2.0,5.0,2,4.0,1,53
0,501.0,9000.0,9000.0,52,9000.0,66,1.0,32,1.0,18.0,25,6.0,1.0,2,5,0,2.0,1,2.0,1000,3.0,0.0,3.0,2.0,1,2.0,0,3.0,1995.0,1,999,1.0,1,20.0,0.0,38,52.0,16,0.0,600,1.0,1,2,3.0,0.0,2.0,5.0,2,4.0,1,21
1,57.0,9000.0,9000.0,58,9000.0,42,1.0,999,1.0,16.0,22,4.0,1.0,2,3,0,2.0,1,2.0,1000,3.0,0.0,3.0,2.0,1,2.0,0,3.0,2013.0,1,999,1.0,1,20.0,0.0,38,52.0,295,0.0,100,1.0,4,2,3.0,0.0,2.0,5.0,2,4.0,1,38
0,222.0,45000.0,45000.0,40,45000.0,82,1.0,999,1.0,16.0,20,6.0,1.0,2,5,0,2.0,1,2.0,1000,2.0,0.0,2.0,2.0,1,2.0,0,2.0,1995.0,1,999,1.0,1,70.0,0.0,38,52.0,152,0.0,300,1.0,4,2,2.0,0.0,2.0,5.0,2,4.0,1,31
0,211.0,21000.0,21000.0,46,21000.0,84,1.0,171,1.0,19.0,21,1.0,1.0,2,1,0,2.0,1,2.0,1000,3.0,0.0,3.0,2.0,1,2.0,0,3.0,2005.0,1,999,1.0,5,41.0,0.0,164,52.0,286,0.0,300,1.0,1,2,3.0,0.0,2.0,5.0,2,4.0,1,52
0,402.0,9000.0,9000.0,11,0.0,64,1.0,171,1.0,16.0,20,1.0,1.0,2,1,0,2.0,1,2.0,1000,3.0,0.0,3.0,2.0,1,2.0,0,3.0,2017.0,1,32,6.0,1,20.0,0.0,4,40.0,34,0.0,200,1.0,2,2,3.0,0.0,2.0,5.0,2,4.0,1,28
0,402.0,88000.0,88000.0,34,88000.0,81,1.0,88,1.0,20.0,21,1.0,1.0,2,1,0,2.0,29,2.0,9000,3.0,0.0,3.0,2.0,9,2.0,0,3.0,2017.0,1,210,1.0,1,96.0,0.0,53,48.0,23,0.0,200,1.0,2,2,3.0,0.0,2.0,5.0,2,4.0,2,30
0,322.0,69000.0,69000.0,07,69000.0,68,1.0,32,1.0,22.0,20,1.0,1.0,2,1,0,2.0,1,2.0,1000,3.0,0.0,3.0,2.0,1,2.0,0,3.0,2016.0,1,148,1.0,1,40.0,0.0,38,52.0,111,0.0,600,1.0,2,2,3.0,0.0,2.0,5.0,2,4.0,1,33
0,322.0,60000.0,60000.0,33,60000.0,81,1.0,32,1.0,21.0,21,1.0,1.0,2,1,0,2.0,1,2.0,1000,3.0,0.0,3.0,2.0,1,2.0,0,3.0,2016.0,1,82,1.0,1,32.0,0.0,38,52.0,98,0.0,600,1.0,2,2,3.0,0.0,2.0,5.0,2,4.0,1,32
0,501.0,95200.0,94000.0,00,94000.0,90,1.0,32,1.0,16.0,20,1.0,1.0,2,1,0,2.0,1,2.0,1000,3.0,0.0,3.0,2.0,1,2.0,0,3.0,1996.0,1,144,3.0,1,45.0,0.0,38,52.0,156,1200.0,200,1.0,2,2,3.0,0.0,2.0,5.0,2,4.0,1,65
0,501.0,106000.0,106000.0,10,106000.0,73,1.0,32,1.0,19.0,21,1.0,1.0,2,1,0,2.0,1,2.0,1000,3.0,0.0,3.0,2.0,1,2.0,0,3.0,1996.0,1,82,1.0,1,50.0,0.0,38,52.0,144,0.0,200,1.0,2,2,3.0,0.0,2.0,5.0,2,4.0,1,52
0,63.0,20000.0,20000.0,96,20000.0,53,1.0,999,1.0,18.0,25,3.0,1.0,2,2,1,2.0,3,2.0,5013,3.0,0.0,3.0,2.0,3,2.0,1,3.0,2013.0,0,999,1.0,1,24.0,0.0,38,52.0,92,0.0,100,1.0,4,2,3.0,0.0,2.0,5.0,2,4.0,1,37
1,63.0,500.0,500.0,40,500.0,86,1.0,999,1.0,16.0,30,6.0,1.0,2,5,0,2.0,3,2.0,5013,3.0,0.0,3.0,2.0,3,2.0,1,3.0,1995.0,0,999,1.0,1,24.0,0.0,38,16.0,91,0.0,100,1.0,4,2,3.0,0.0,2.0,5.0,2,4.0,1,23
0,410.0,68000.0,68000.0,52,68000.0,69,1.0,32,1.0,21.0,20,1.0,1.0,2,1,0,2.0,1,2.0,1000,3.0,0.0,3.0,2.0,1,2.0,0,3.0,2010.0,1,82,1.0,1,40.0,0.0,38,52.0,146,0.0,200,1.0,2,2,3.0,0.0,2.0,5.0,2,4.0,1,49
0,410.0,30000.0,30000.0,90,30000.0,61,1.0,50,1.0,21.0,21,1.0,1.0,2,1,0,2.0,1,2.0,1000,3.0,0.0,3.0,2.0,1,2.0,0,3.0,2010.0,1,999,1.0,1,30.0,0.0,38,40.0,181,0.0,200,3.0,1,2,3.0,0.0,2.0,5.0,2,4.0,1,51
0,88.0,13600.0,13600.0,40,13600.0,86,3.0,82,1.0,20.0,20,6.0,2.0,1,5,2,1.0,23,2.0,9000,1.0,0.0,2.0,2.0,9,2.0,0,2.0,1995.0,1,785,1.0,1,50.0,0.0,38,16.0,772,0.0,600,1.0,2,2,3.0,0.0,2.0,2.0,2,4.0,1,26
0,0.0,0.0,0.0,64,0.0,07,6.0,924,2.0,18.0,34,6.0,2.0,2,5,0,2.0,1,2.0,1000,2.0,0.0,2.0,2.0,1,2.0,0,2.0,1995.0,1,999,1.0,1,40.0,0.0,38,52.0,768,0.0,600,1.0,1,2,3.0,0.0,2.0,5.0,2,4.0,1,24
0,322.0,50000.0,50000.0,88,50000.0,38,1.0,111,1.0,19.0,20,4.0,1.0,2,3,0,2.0,1,2.0,1000,3.0,0.0,3.0,2.0,1,2.0,0,3.0,1992.0,1,999,1.0,1,40.0,0.0,38,52.0,24,0.0,500,1.0,1,2,3.0,0.0,2.0,5.0,2,4.0,1,56
0,430.0,105000.0,105000.0,30,105000.0,94,1.0,82,1.0,23.0,20,1.0,1.0,2,1,0,2.0,1,2.0,1000,3.0,0.0,3.0,2.0,1,2.0,0,3.0,2008.0,1,32,3.0,1,40.0,0.0,38,52.0,46,0.0,400,3.0,2,2,3.0,0.0,2.0,5.0,2,4.0,1,37
0,430.0,65000.0,65000.0,33,65000.0,80,1.0,88,1.0,21.0,21,1.0,1.0,2,1,0,2.0,1,2.0,1000,3.0,0.0,3.0,2.0,1,2.0,0,3.0,2008.0,1,22,3.0,1,32.0,0.0,38,52.0,47,0.0,400,3.0,2,2,3.0,0.0,2.0,5.0,2,4.0,1,37
0,162.0,4000.0,4000.0,02,2000.0,78,6.0,999,1.0,21.0,20,1.0,2.0,2,1,0,2.0,1,2.0,1000,2.0,0.0,2.0,2.0,1,2.0,0,2.0,2011.0,1,999,6.0,1,30.0,0.0,27,4.0,57,0.0,500,1.0,4,2,3.0,0.0,2.0,5.0,2,4.0,1,44
0,162.0,60000.0,60000.0,98,60000.0,96,4.0,999,1.0,18.0,21,1.0,1.0,2,1,0,2.0,1,2.0,1000,3.0,0.0,3.0,2.0,1,2.0,0,3.0,2011.0,1,999,5.0,1,40.0,0.0,46,52.0,46,0.0,500,1.0,4,2,3.0,0.0,2.0,5.0,2,3.0,1,46
0,124.0,28300.0,28300.0,42,28300.0,85,1.0,920,1.0,12.0,20,6.0,1.0,2,5,0,2.0,3,2.0,5013,3.0,0.0,3.0,2.0,3,2.0,1,3.0,1995.0,0,999,1.0,1,40.0,0.0,38,52.0,32,0.0,100,3.0,1,2,3.0,0.0,2.0,5.0,2,4.0,1,27
0,124.0,1000.0,1000.0,47,1000.0,50,1.0,920,1.0,20.0,28,6.0,1.0,2,5,0,2.0,3,2.0,5013,3.0,0.0,3.0,2.0,3,2.0,1,3.0,1995.0,0,999,1.0,1,30.0,0.0,38,10.0,67,0.0,100,3.0,1,2,3.0,0.0,2.0,5.0,2,4.0,1,22
0,124.0,0.0,0.0,42,0.0,85,6.0,920,2.0,13.0,28,6.0,2.0,2,5,0,2.0,3,2.0,5013,2.0,0.0,2.0,2.0,3,2.0,1,2.0,1995.0,0,999,1.0,1,40.0,0.0,38,52.0,70,0.0,100,3.0,1,2,3.0,0.0,2.0,5.0,2,4.0,1,19
0,0.0,0.0,0.0,42,0.0,69,6.0,32,3.0,18.0,20,6.0,2.0,2,5,0,2.0,1,2.0,1000,2.0,0.0,2.0,2.0,1,2.0,0,2.0,1995.0,1,50,1.0,1,40.0,0.0,38,52.0,174,0.0,600,1.0,2,2,3.0,0.0,2.0,5.0,2,4.0,1,56
0,500.0,53000.0,53000.0,63,50000.0,07,1.0,98,1.0,21.0,20,1.0,1.0,2,1,0,2.0,1,2.0,1000,3.0,0.0,3.0,2.0,1,2.0,0,3.0,2014.0,1,999,3.0,1,50.0,0.0,38,52.0,57,0.0,300,1.0,1,2,3.0,0.0,2.0,5.0,2,4.0,1,34
0,500.0,100000.0,100000.0,32,100000.0,74,1.0,98,1.0,23.0,21,1.0,1.0,2,1,0,2.0,1,2.0,1000,3.0,0.0,3.0,2.0,1,2.0,0,3.0,2014.0,1,999,1.0,1,40.0,0.0,38,52.0,40,0.0,300,1.0,1,2,3.0,0.0,2.0,5.0,2,4.0,1,35
0,314.0,65000.0,65000.0,20,65000.0,79,1.0,920,1.0,22.0,20,6.0,1.0,2,5,0,2.0,17,2.0,9000,3.0,0.0,3.0,2.0,9,2.0,1,3.0,1995.0,1,26,1.0,1,40.0,0.0,38,52.0,192,0.0,600,3.0,2,2,3.0,0.0,2.0,5.0,2,4.0,1,30
0,501.0,125000.0,125000.0,48,125000.0,76,1.0,999,1.0,20.0,20,1.0,1.0,2,1,0,2.0,1,2.0,1000,3.0,0.0,3.0,2.0,1,2.0,0,3.0,2013.0,1,999,1.0,1,55.0,0.0,38,52.0,214,0.0,600,1.0,4,2,3.0,0.0,2.0,5.0,2,4.0,1,47
0,501.0,59000.0,59000.0,53,55000.0,07,1.0,999,1.0,19.0,21,1.0,1.0,2,1,0,2.0,1,2.0,1000,3.0,0.0,3.0,2.0,1,2.0,0,3.0,2013.0,1,999,1.0,1,42.0,0.0,38,52.0,148,0.0,600,1.0,4,2,3.0,0.0,2.0,5.0,2,4.0,1,45
0,408.0,20000.0,20000.0,89,15000.0,52,1.0,82,1.0,21.0,20,1.0,1.0,2,1,2,2.0,1,2.0,1000,3.0,0.0,3.0,2.0,1,2.0,0,3.0,1982.0,1,999,1.0,1,20.0,0.0,27,52.0,63,0.0,400,1.0,1,2,3.0,0.0,2.0,5.0,2,4.0,1,61
0,408.0,60000.0,60000.0,20,60000.0,91,1.0,26,1.0,22.0,21,1.0,1.0,2,1,0,2.0,1,2.0,1000,3.0,0.0,3.0,2.0,1,2.0,0,3.0,1982.0,1,82,2.0,1,50.0,0.0,6,52.0,51,0.0,400,1.0,2,2,3.0,0.0,2.0,5.0,2,4.0,1,61
0,166.0,50000.0,50000.0,66,50000.0,95,1.0,22,1.0,20.0,20,1.0,1.0,2,1,0,2.0,1,2.0,1000,3.0,0.0,3.0,2.0,1,2.0,0,3.0,2015.0,1,50,5.0,1,40.0,0.0,9,52.0,70,0.0,200,1.0,2,2,3.0,0.0,2.0,5.0,2,4.0,1,46
0,166.0,0.0,0.0,53,0.0,95,6.0,89,2.0,21.0,21,1.0,2.0,2,1,0,2.0,1,2.0,1000,2.0,0.0,2.0,2.0,1,2.0,0,2.0,2015.0,1,51,5.0,1,40.0,0.0,9,52.0,85,0.0,200,1.0,2,2,3.0,0.0,2.0,5.0,2,4.0,1,42
0,102.0,0.0,0.0,42,0.0,69,6.0,939,3.0,21.0,20,6.0,2.0,1,5,0,1.0,1,1.0,1000,2.0,0.0,2.0,1.0,1,2.0,0,2.0,1995.0,1,999,1.0,1,40.0,0.0,39,52.0,191,0.0,600,1.0,1,1,3.0,0.0,2.0,5.0,2,4.0,1,63
0,497.0,60000.0,60000.0,70,60000.0,03,6.0,32,1.0,19.0,21,1.0,2.0,2,1,2,2.0,1,2.0,1000,2.0,0.0,2.0,2.0,1,2.0,0,2.0,1981.0,1,999,1.0,1,40.0,0.0,38,20.0,29,0.0,200,1.0,1,2,3.0,0.0,2.0,5.0,2,4.0,1,64
1,0.0,0.0,0.0,07,0.0,73,6.0,999,2.0,18.0,20,6.0,2.0,2,5,0,2.0,1,2.0,1000,2.0,0.0,2.0,2.0,1,2.0,0,2.0,1995.0,1,999,6.0,1,40.0,0.0,38,52.0,181,0.0,600,1.0,4,2,3.0,0.0,2.0,5.0,2,4.0,1,30
0,39.0,12050.0,12000.0,02,0.0,01,1.0,999,1.0,21.0,20,1.0,1.0,2,1,1,2.0,1,2.0,1000,3.0,0.0,3.0,2.0,1,2.0,0,3.0,2009.0,1,999,6.0,1,75.0,0.0,38,52.0,24,50.0,400,1.0,4,2,3.0,0.0,2.0,5.0,2,4.0,1,40
0,39.0,0.0,0.0,42,0.0,69,6.0,999,3.0,16.0,21,1.0,2.0,2,1,1,2.0,8,2.0,4003,2.0,0.0,2.0,2.0,6,2.0,0,2.0,2009.0,0,999,1.0,4,40.0,0.0,217,52.0,25,0.0,400,1.0,4,2,3.0,0.0,2.0,5.0,2,4.0,1,45
0,138.0,0.0,0.0,42,0.0,69,6.0,89,3.0,16.0,20,1.0,2.0,2,1,0,2.0,1,2.0,1000,2.0,0.0,2.0,2.0,1,2.0,0,2.0,2011.0,1,82,1.0,1,40.0,0.0,38,52.0,110,0.0,300,1.0,2,2,3.0,0.0,2.0,5.0,2,4.0,1,34
0,138.0,42000.0,42000.0,91,42000.0,46,1.0,615,1.0,16.0,21,1.0,1.0,2,1,0,2.0,38,2.0,9000,3.0,0.0,3.0,2.0,9,2.0,0,3.0,2011.0,0,599,1.0,3,65.0,0.0,341,52.0,79,0.0,300,1.0,2,2,3.0,0.0,2.0,5.0,2,4.0,1,37
0,423.0,0.0,0.0,42,0.0,69,6.0,24,3.0,21.0,20,1.0,2.0,2,1,0,2.0,1,2.0,1000,2.0,0.0,2.0,2.0,1,2.0,0,2.0,2010.0,1,32,1.0,1,40.0,0.0,23,52.0,81,0.0,200,3.0,2,2,3.0,0.0,2.0,5.0,2,4.0,1,37
0,423.0,101200.0,82000.0,98,82000.0,96,4.0,87,1.0,22.0,21,1.0,1.0,2,1,0,2.0,1,2.0,1000,3.0,0.0,3.0,2.0,1,2.0,0,3.0,2010.0,1,32,5.0,1,40.0,0.0,38,52.0,70,19200.0,200,3.0,2,2,3.0,0.0,2.0,5.0,2,1.0,1,35
0,497.0,48000.0,48000.0,30,48000.0,50,1.0,999,1.0,24.0,20,1.0,1.0,2,1,0,2.0,1,2.0,1000,3.0,0.0,3.0,2.0,1,2.0,0,3.0,2001.0,1,999,1.0,1,20.0,0.0,38,52.0,170,0.0,100,1.0,4,2,3.0,0.0,2.0,5.0,2,4.0,1,39
0,497.0,105000.0,105000.0,14,105000.0,30,1.0,999,1.0,21.0,21,1.0,1.0,2,1,0,2.0,1,2.0,1000,3.0,0.0,3.0,2.0,1,2.0,0,3.0,2001.0,1,999,1.0,1,40.0,0.0,38,52.0,220,0.0,100,1.0,4,2,3.0,0.0,2.0,5.0,2,4.0,1,40
0,501.0,125000.0,120000.0,92,120000.0,60,1.0,82,1.0,16.0,20,6.0,1.0,2,5,0,2.0,1,2.0,1000,3.0,0.0,3.0,2.0,1,2.0,0,3.0,1995.0,1,32,1.0,1,60.0,0.0,38,52.0,277,5000.0,200,1.0,2,2,3.0,0.0,2.0,5.0,2,4.0,1,46
0,501.0,6000.0,6000.0,25,6000.0,78,1.0,999,1.0,22.0,20,1.0,1.0,2,1,0,2.0,1,2.0,1000,3.0,0.0,3.0,2.0,1,2.0,0,3.0,2009.0,1,999,3.0,1,30.0,0.0,38,30.0,230,0.0,300,1.0,4,2,3.0,0.0,2.0,5.0,2,4.0,1,41
0,426.0,50000.0,50000.0,47,50000.0,61,1.0,999,1.0,16.0,20,1.0,1.0,2,1,0,2.0,1,2.0,1000,3.0,0.0,3.0,2.0,1,2.0,0,3.0,1992.0,1,999,1.0,1,40.0,0.0,38,52.0,112,0.0,300,1.0,4,2,3.0,0.0,2.0,5.0,2,4.0,1,63
0,426.0,36200.0,36200.0,96,36200.0,10,1.0,999,1.0,19.0,21,1.0,1.0,2,1,0,2.0,1,2.0,1000,3.0,0.0,3.0,2.0,1,2.0,0,3.0,1992.0,1,999,1.0,1,40.0,0.0,38,52.0,97,0.0,300,1.0,4,2,3.0,0.0,2.0,5.0,2,4.0,1,64
1,161.0,23200.0,4000.0,04,4000.0,64,1.0,939,1.0,16.0,20,3.0,1.0,2,2,0,2.0,1,2.0,1000,3.0,0.0,3.0,2.0,1,2.0,0,3.0,1989.0,1,999,1.0,1,15.0,19200.0,37,8.0,112,0.0,600,1.0,1,2,3.0,0.0,2.0,5.0,2,4.0,1,65
0,501.0,24000.0,24000.0,57,24000.0,78,1.0,32,1.0,20.0,20,1.0,1.0,2,1,0,2.0,1,2.0,1000,3.0,0.0,3.0,2.0,1,2.0,0,3.0,1996.0,1,999,3.0,1,40.0,0.0,38,44.0,39,0.0,500,1.0,1,2,3.0,0.0,2.0,5.0,2,4.0,1,48
0,501.0,110000.0,110000.0,04,110000.0,06,1.0,82,1.0,19.0,21,1.0,1.0,2,1,0,2.0,1,2.0,1000,3.0,0.0,3.0,2.0,1,2.0,0,3.0,1996.0,1,32,3.0,1,50.0,0.0,38,52.0,31,0.0,500,1.0,2,2,3.0,0.0,2.0,5.0,2,4.0,1,50
0,222.0,35000.0,35000.0,74,35000.0,77,1.0,51,1.0,16.0,20,6.0,1.0,2,5,0,2.0,1,2.0,1000,3.0,0.0,3.0,2.0,1,2.0,0,3.0,1995.0,1,89,1.0,1,40.0,0.0,38,52.0,263,0.0,300,1.0,2,2,3.0,0.0,2.0,5.0,2,4.0,1,28
0,266.0,42200.0,1200.0,91,1200.0,81,1.0,931,1.0,19.0,20,1.0,1.0,1,1,0,2.0,29,2.0,9000,3.0,0.0,3.0,2.0,9,2.0,0,3.0,1987.0,1,22,2.0,1,18.0,0.0,23,40.0,48,0.0,500,1.0,2,1,3.0,0.0,2.0,5.0,2,2.0,1,60
0,501.0,105000.0,104000.0,39,104000.0,68,1.0,32,1.0,21.0,20,1.0,1.0,2,1,0,2.0,1,2.0,1000,3.0,0.0,3.0,2.0,1,2.0,0,3.0,2006.0,1,999,1.0,1,32.0,0.0,38,52.0,181,1000.0,600,1.0,1,2,3.0,0.0,2.0,5.0,2,4.0,1,39
0,501.0,71000.0,70000.0,48,70000.0,44,1.0,999,1.0,20.0,21,1.0,1.0,2,1,0,2.0,1,2.0,1000,3.0,0.0,3.0,2.0,1,2.0,0,3.0,2006.0,1,999,1.0,1,40.0,0.0,38,52.0,194,1000.0,600,1.0,4,2,3.0,0.0,2.0,5.0,2,4.0,1,40
0,501.0,145700.0,145000.0,01,145000.0,68,1.0,82,1.0,21.0,20,1.0,1.0,2,1,0,2.0,1,2.0,1000,3.0,0.0,3.0,2.0,1,2.0,0,3.0,2017.0,1,32,1.0,1,45.0,0.0,6,52.0,42,700.0,200,1.0,2,2,3.0,0.0,2.0,5.0,2,4.0,1,32
0,383.0,60000.0,60000.0,11,60000.0,24,1.0,49,1.0,19.0,20,3.0,1.0,2,2,0,2.0,1,2.0,1000,3.0,0.0,3.0,2.0,1,2.0,0,3.0,2002.0,1,82,1.0,1,45.0,0.0,55,52.0,38,0.0,500,1.0,2,2,3.0,0.0,2.0,5.0,2,4.0,1,50
0,318.0,50000.0,50000.0,00,50000.0,86,1.0,32,1.0,19.0,20,4.0,1.0,2,3,0,2.0,1,2.0,1000,3.0,0.0,3.0,2.0,1,2.0,0,3.0,2001.0,1,82,1.0,1,50.0,0.0,38,52.0,427,0.0,100,1.0,2,2,3.0,0.0,2.0,5.0,2,4.0,1,57
0,501.0,130000.0,130000.0,89,130000.0,10,1.0,32,1.0,20.0,20,1.0,1.0,2,1,2,2.0,1,2.0,1000,3.0,0.0,3.0,2.0,1,2.0,0,3.0,2015.0,1,999,1.0,1,70.0,0.0,38,52.0,204,0.0,300,1.0,1,2,3.0,0.0,2.0,5.0,2,4.0,1,32
0,501.0,130000.0,130000.0,32,130000.0,74,1.0,32,1.0,24.0,21,1.0,1.0,2,1,2,2.0,1,2.0,1000,3.0,0.0,3.0,2.0,1,2.0,0,3.0,2015.0,1,999,1.0,1,40.0,0.0,38,52.0,259,0.0,300,1.0,1,2,3.0,0.0,2.0,5.0,2,4.0,1,30
0,39.0,12000.0,12000.0,47,12000.0,53,1.0,999,1.0,19.0,20,5.0,1.0,2,4,0,2.0,1,2.0,1000,3.0,0.0,3.0,2.0,1,2.0,0,3.0,2014.0,1,999,1.0,1,40.0,0.0,8,52.0,65,0.0,200,1.0,4,2,3.0,0.0,2.0,5.0,2,4.0,1,32
1,96.0,2000.0,0.0,42,0.0,69,6.0,148,3.0,16.0,25,6.0,2.0,2,5,0,2.0,1,2.0,1000,2.0,0.0,2.0,2.0,1,2.0,0,2.0,1995.0,1,32,1.0,1,40.0,0.0,38,52.0,5,0.0,200,1.0,2,2,3.0,0.0,2.0,1.0,2,4.0,1,60
0,501.0,165000.0,150000.0,02,0.0,01,1.0,112,1.0,21.0,20,1.0,1.0,2,1,2,2.0,1,2.0,1000,2.0,0.0,2.0,2.0,1,2.0,0,2.0,1994.0,1,999,6.0,1,50.0,0.0,38,52.0,31,15000.0,100,1.0,1,2,2.0,0.0,2.0,5.0,2,4.0,1,61
0,501.0,50000.0,50000.0,02,0.0,01,1.0,32,1.0,21.0,21,1.0,1.0,2,1,2,2.0,1,2.0,1000,2.0,0.0,2.0,2.0,1,2.0,0,2.0,1994.0,1,82,6.0,1,40.0,0.0,38,52.0,25,0.0,100,1.0,2,2,2.0,0.0,2.0,5.0,2,4.0,1,54
0,318.0,50000.0,50000.0,54,50000.0,82,1.0,999,1.0,16.0,20,6.0,1.0,1,5,2,1.0,1,2.0,1000,3.0,0.0,3.0,2.0,1,2.0,0,3.0,1995.0,1,999,2.0,1,40.0,0.0,38,52.0,150,0.0,600,1.0,4,2,3.0,0.0,2.0,5.0,2,4.0,1,35
0,501.0,140000.0,125000.0,35,125000.0,78,1.0,82,1.0,24.0,20,1.0,1.0,1,1,0,2.0,1,2.0,1000,3.0,0.0,3.0,2.0,1,2.0,0,3.0,1994.0,1,49,4.0,1,40.0,0.0,38,52.0,441,15000.0,500,1.0,2,2,3.0,0.0,2.0,5.0,1,4.0,1,52
0,501.0,56000.0,56000.0,30,56000.0,81,1.0,32,1.0,21.0,21,1.0,1.0,2,1,0,2.0,1,2.0,1000,3.0,0.0,3.0,2.0,1,2.0,0,3.0,1994.0,1,999,2.0,1,30.0,0.0,27,52.0,112,0.0,500,1.0,1,2,3.0,0.0,2.0,5.0,2,4.0,1,52
0,481.0,52000.0,52000.0,23,52000.0,78,1.0,32,1.0,21.0,20,1.0,1.0,2,1,0,2.0,1,2.0,1000,2.0,0.0,3.0,2.0,1,2.0,0,3.0,2013.0,1,94,3.0,1,60.0,0.0,38,52.0,146,0.0,300,1.0,2,2,3.0,0.0,2.0,5.0,2,4.0,1,28
0,481.0,64000.0,64000.0,23,64000.0,78,1.0,21,1.0,21.0,21,1.0,1.0,2,1,0,2.0,1,2.0,1000,2.0,0.0,3.0,2.0,1,2.0,0,3.0,2013.0,1,32,3.0,1,40.0,0.0,27,52.0,140,0.0,300,1.0,2,2,3.0,0.0,2.0,5.0,2,4.0,1,28
0,501.0,115000.0,115000.0,00,115000.0,68,1.0,82,1.0,21.0,20,1.0,1.0,2,1,0,2.0,1,2.0,1000,3.0,0.0,3.0,2.0,1,2.0,0,3.0,2009.0,1,21,2.0,1,40.0,0.0,53,52.0,32,0.0,200,1.0,2,2,3.0,0.0,2.0,5.0,2,4.0,1,36
0,501.0,50000.0,50000.0,09,50000.0,78,1.0,82,1.0,21.0,21,1.0,1.0,2,1,0,2.0,1,2.0,1000,3.0,0.0,3.0,2.0,1,2.0,0,3.0,2009.0,1,89,4.0,1,40.0,0.0,38,52.0,31,0.0,200,1.0,2,2,3.0,0.0,2.0,5.0,2,4.0,1,38
0,450.0,76000.0,50000.0,89,50000.0,77,1.0,931,1.0,20.0,20,1.0,1.0,2,1,2,2.0,17,2.0,9000,3.0,0.0,3.0,2.0,9,2.0,1,3.0,2018.0,1,50,1.0,1,40.0,0.0,38,52.0,42,0.0,200,1.0,2,2,3.0,0.0,2.0,5.0,2,2.0,1,65
0,450.0,30000.0,30000.0,19,30000.0,81,1.0,720,1.0,20.0,21,1.0,1.0,2,1,0,2.0,6,2.0,4008,2.0,0.0,3.0,2.0,6,2.0,0,3.0,2018.0,0,999,2.0,4,32.0,0.0,233,52.0,21,0.0,200,1.0,1,2,3.0,0.0,2.0,1.0,2,4.0,1,29
0,0.0,20.0,20.0,02,10.0,01,1.0,22,1.0,20.0,20,6.0,1.0,2,5,2,2.0,1,2.0,1000,3.0,0.0,3.0,2.0,1,2.0,0,3.0,1995.0,1,999,6.0,1,60.0,0.0,38,52.0,23,0.0,500,1.0,1,2,3.0,0.0,2.0,5.0,2,4.0,1,41
0,222.0,6900.0,6900.0,01,6900.0,85,3.0,82,1.0,22.0,20,1.0,2.0,2,1,0,2.0,1,2.0,1000,1.0,0.0,2.0,2.0,1,2.0,0,2.0,2009.0,1,32,2.0,1,40.0,0.0,38,27.0,24,0.0,400,1.0,2,2,3.0,0.0,2.0,1.0,2,4.0,1,41
0,222.0,60000.0,60000.0,02,60000.0,78,1.0,999,1.0,22.0,21,1.0,1.0,2,1,0,2.0,1,2.0,1000,3.0,0.0,3.0,2.0,1,2.0,0,3.0,2009.0,1,999,3.0,1,40.0,0.0,38,48.0,15,0.0,400,1.0,4,2,3.0,0.0,2.0,5.0,2,4.0,1,38
0,466.0,79520.0,79000.0,42,79000.0,83,1.0,32,1.0,20.0,20,1.0,1.0,2,1,0,2.0,1,2.0,1000,3.0,0.0,3.0,2.0,1,2.0,0,3.0,1987.0,1,50,3.0,1,40.0,0.0,17,52.0,172,350.0,100,1.0,2,2,3.0,0.0,2.0,5.0,2,4.0,1,63
0,466.0,14500.0,12000.0,05,0.0,85,1.0,26,1.0,21.0,21,1.0,1.0,2,1,0,2.0,1,2.0,1000,3.0,0.0,3.0,2.0,1,2.0,0,3.0,1987.0,1,22,6.0,1,5.0,0.0,17,52.0,107,0.0,100,1.0,2,2,3.0,0.0,2.0,5.0,2,4.0,1,61
0,501.0,100000.0,100000.0,02,0.0,01,1.0,32,1.0,21.0,20,6.0,1.0,2,5,1,2.0,1,2.0,1000,3.0,0.0,3.0,2.0,1,2.0,0,3.0,1995.0,1,999,6.0,1,52.0,0.0,38,52.0,14,0.0,400,1.0,1,2,3.0,0.0,2.0,5.0,2,4.0,1,46
0,501.0,103000.0,103000.0,32,103000.0,81,1.0,720,1.0,21.0,20,1.0,1.0,2,1,1,2.0,6,2.0,4008,3.0,0.0,3.0,2.0,6,2.0,0,3.0,2014.0,0,999,2.0,4,36.0,0.0,233,52.0,178,0.0,600,1.0,1,2,3.0,0.0,2.0,5.0,2,4.0,1,37
0,501.0,18800.0,10100.0,55,0.0,63,1.0,700,1.0,20.0,21,1.0,1.0,2,1,1,2.0,10,2.0,4006,3.0,0.0,3.0,2.0,6,2.0,0,3.0,2014.0,0,999,6.0,4,15.0,0.0,205,52.0,152,0.0,600,1.0,1,2,3.0,0.0,2.0,5.0,2,4.0,1,39
0,447.0,70000.0,70000.0,72,70000.0,07,1.0,999,1.0,20.0,20,6.0,1.0,2,5,0,2.0,1,2.0,1000,3.0,0.0,3.0,2.0,1,2.0,0,3.0,1995.0,1,999,1.0,1,40.0,0.0,20,52.0,27,0.0,600,1.0,4,2,3.0,0.0,2.0,5.0,2,4.0,1,46
0,501.0,68000.0,68000.0,23,68000.0,78,1.0,82,1.0,22.0,20,1.0,1.0,2,1,0,2.0,1,2.0,1000,3.0,0.0,3.0,2.0,1,2.0,0,3.0,2017.0,1,171,3.0,1,45.0,0.0,27,52.0,153,0.0,100,1.0,2,2,3.0,0.0,2.0,5.0,2,4.0,1,45
0,501.0,68000.0,68000.0,23,68000.0,78,1.0,402,1.0,22.0,21,1.0,1.0,2,1,0,2.0,1,2.0,1000,3.0,0.0,3.0,2.0,1,2.0,0,3.0,2017.0,1,26,3.0,1,40.0,0.0,27,52.0,174,0.0,100,1.0,2,2,3.0,0.0,2.0,5.0,2,4.0,1,47
0,279.0,9600.0,0.0,47,0.0,49,6.0,999,2.0,16.0,25,6.0,2.0,2,5,0,2.0,1,2.0,1000,2.0,9600.0,2.0,2.0,1,2.0,0,2.0,1995.0,1,999,1.0,1,40.0,0.0,38,52.0,2,0.0,200,1.0,4,2,3.0,0.0,2.0,5.0,2,4.0,1,40
1,279.0,520.0,520.0,42,520.0,78,1.0,999,1.0,16.0,30,6.0,1.0,2,5,0,2.0,1,2.0,1000,2.0,0.0,2.0,2.0,1,2.0,0,2.0,1995.0,1,999,3.0,1,40.0,0.0,38,1.0,2,0.0,200,1.0,4,2,3.0,0.0,2.0,5.0,2,4.0,1,18
0,279.0,52000.0,52000.0,04,52000.0,93,1.0,999,1.0,15.0,32,4.0,1.0,2,3,0,2.0,1,2.0,1000,3.0,0.0,3.0,2.0,1,2.0,0,3.0,1999.0,1,999,3.0,1,40.0,0.0,30,52.0,1,0.0,200,1.0,4,2,3.0,0.0,2.0,5.0,2,4.0,1,48
0,299.0,24000.0,24000.0,47,24000.0,49,1.0,32,1.0,21.0,20,1.0,1.0,2,1,1,2.0,1,2.0,1000,3.0,0.0,3.0,2.0,1,2.0,0,3.0,1992.0,1,142,7.0,1,45.0,0.0,27,52.0,18,0.0,400,1.0,2,2,3.0,0.0,2.0,5.0,2,4.0,1,55
0,299.0,36000.0,36000.0,47,36000.0,49,1.0,32,1.0,21.0,21,1.0,1.0,2,1,1,2.0,1,2.0,1000,3.0,0.0,3.0,2.0,1,2.0,0,3.0,1992.0,1,999,7.0,1,70.0,0.0,38,52.0,19,0.0,400,1.0,1,2,3.0,0.0,2.0,5.0,2,4.0,1,54
0,501.0,52780.0,30000.0,20,30000.0,91,1.0,32,1.0,18.0,21,1.0,1.0,2,1,0,2.0,1,2.0,1000,3.0,0.0,3.0,2.0,1,2.0,0,3.0,1985.0,1,999,2.0,1,30.0,0.0,38,52.0,199,22300.0,200,1.0,1,2,3.0,0.0,2.0,5.0,2,4.0,1,60
1,297.0,46300.0,0.0,64,0.0,07,6.0,195,2.0,21.0,20,3.0,2.0,2,2,0,2.0,1,2.0,1000,2.0,0.0,2.0,2.0,1,2.0,0,2.0,2001.0,1,999,1.0,1,40.0,25000.0,38,52.0,142,0.0,400,1.0,1,2,3.0,0.0,2.0,3.0,2,4.0,1,63
0,497.0,140000.0,140000.0,81,0.0,88,1.0,82,1.0,20.0,20,1.0,1.0,2,1,0,2.0,1,2.0,1000,3.0,0.0,3.0,2.0,1,2.0,0,3.0,2010.0,1,999,6.0,1,66.0,0.0,38,52.0,184,0.0,100,1.0,1,2,3.0,0.0,2.0,5.0,2,4.0,1,38
0,497.0,40000.0,40000.0,57,40000.0,88,1.0,82,1.0,21.0,21,1.0,1.0,2,1,0,2.0,1,2.0,1000,3.0,0.0,3.0,2.0,1,2.0,0,3.0,2010.0,1,32,1.0,1,40.0,0.0,38,52.0,186,0.0,100,1.0,2,2,3.0,0.0,2.0,5.0,2,4.0,1,35
1,67.0,10600.0,0.0,42,0.0,39,6.0,20,2.0,16.0,20,4.0,2.0,1,3,0,2.0,1,2.0,1000,2.0,1500.0,2.0,1.0,1,2.0,0,2.0,1988.0,1,999,1.0,1,40.0,0.0,13,52.0,14,0.0,200,1.0,1,2,3.0,0.0,2.0,5.0,2,4.0,1,60
1,15.0,3230.0,3000.0,47,3000.0,53,3.0,82,1.0,18.0,20,6.0,2.0,2,5,0,2.0,1,2.0,1000,1.0,0.0,3.0,2.0,1,2.0,0,2.0,1995.0,1,32,1.0,1,10.0,0.0,6,20.0,18,0.0,500,1.0,2,2,3.0,0.0,2.0,1.0,2,4.0,1,35
0,270.0,42600.0,35000.0,63,35000.0,07,3.0,82,1.0,19.0,22,6.0,2.0,2,5,0,2.0,1,2.0,1000,3.0,0.0,1.0,2.0,1,2.0,0,3.0,1995.0,1,999,1.0,1,80.0,0.0,38,24.0,28,0.0,500,1.0,1,2,1.0,0.0,2.0,1.0,2,4.0,1,31
0,144.0,19300.0,19300.0,17,19300.0,74,1.0,603,1.0,22.0,20,1.0,1.0,2,1,2,2.0,10,2.0,4016,3.0,0.0,3.0,2.0,6,2.0,0,3.0,2019.0,0,999,4.0,4,20.0,0.0,202,52.0,41,0.0,600,1.0,1,2,3.0,0.0,2.0,5.0,2,4.0,1,29
0,144.0,9000.0,9000.0,17,9000.0,74,1.0,603,1.0,22.0,21,1.0,1.0,2,1,2,2.0,10,2.0,4016,3.0,0.0,3.0,2.0,6,2.0,0,3.0,2019.0,0,999,4.0,4,20.0,0.0,202,26.0,41,0.0,600,1.0,1,2,3.0,0.0,2.0,5.0,2,4.0,1,30
0,501.0,100050.0,100000.0,05,100000.0,69,1.0,22,1.0,21.0,20,1.0,1.0,2,1,0,2.0,1,2.0,1000,3.0,0.0,3.0,2.0,1,2.0,0,3.0,1986.0,1,999,1.0,1,40.0,0.0,38,52.0,55,50.0,500,1.0,1,2,3.0,0.0,2.0,5.0,2,4.0,1,57
0,501.0,100050.0,100000.0,96,100000.0,23,1.0,22,1.0,16.0,21,1.0,1.0,2,1,0,2.0,1,2.0,1000,3.0,0.0,3.0,2.0,1,2.0,0,3.0,1986.0,1,26,1.0,1,50.0,0.0,38,52.0,44,50.0,500,1.0,2,2,3.0,0.0,2.0,5.0,2,4.0,1,55
1,0.0,0.0,0.0,47,0.0,53,6.0,50,2.0,18.0,20,4.0,2.0,1,3,0,1.0,1,2.0,1000,2.0,0.0,2.0,1.0,1,2.0,0,2.0,1988.0,1,32,1.0,1,40.0,0.0,6,52.0,256,0.0,100,1.0,2,2,2.0,0.0,2.0,2.0,2,4.0,1,61
0,151.0,45000.0,45000.0,63,45000.0,07,1.0,210,1.0,17.0,20,1.0,1.0,2,1,0,2.0,15,2.0,8000,3.0,0.0,3.0,2.0,8,2.0,0,3.0,2019.0,0,999,1.0,1,40.0,0.0,6,52.0,80,0.0,600,1.0,1,2,3.0,0.0,2.0,5.0,2,4.0,2,24
0,151.0,0.0,0.0,36,0.0,82,6.0,210,2.0,19.0,21,1.0,2.0,2,1,0,2.0,15,2.0,8000,2.0,0.0,2.0,2.0,8,2.0,0,2.0,2019.0,0,999,1.0,1,40.0,0.0,6,52.0,131,0.0,600,1.0,1,2,3.0,0.0,2.0,5.0,2,4.0,2,23
0,501.0,108000.0,108000.0,04,108000.0,12,1.0,999,1.0,17.0,20,1.0,1.0,2,1,0,2.0,1,2.0,1000,3.0,0.0,3.0,2.0,1,2.0,0,3.0,1990.0,1,999,1.0,1,40.0,0.0,40,52.0,53,0.0,500,1.0,4,2,3.0,0.0,2.0,5.0,2,4.0,1,57
0,501.0,5000.0,5000.0,40,5000.0,86,1.0,999,1.0,16.0,21,1.0,1.0,2,1,0,2.0,1,2.0,1000,3.0,0.0,3.0,2.0,1,2.0,0,3.0,1990.0,1,999,1.0,1,10.0,0.0,38,52.0,61,0.0,500,1.0,4,2,3.0,0.0,2.0,5.0,2,4.0,1,57
1,447.0,70000.0,70000.0,91,70000.0,61,1.0,32,1.0,20.0,20,4.0,1.0,2,3,0,2.0,1,2.0,1000,3.0,0.0,3.0,2.0,1,2.0,0,3.0,1990.0,1,999,1.0,1,60.0,0.0,38,52.0,63,0.0,400,1.0,1,2,3.0,0.0,2.0,5.0,2,4.0,1,61
1,319.0,50000.0,50000.0,07,50000.0,48,1.0,999,1.0,21.0,22,4.0,1.0,2,3,0,2.0,1,2.0,1000,3.0,0.0,3.0,2.0,1,2.0,0,3.0,2002.0,1,999,1.0,1,50.0,0.0,38,52.0,56,0.0,400,1.0,4,2,3.0,0.0,2.0,5.0,2,4.0,1,46
0,501.0,118500.0,110000.0,47,104000.0,05,1.0,82,1.0,21.0,20,2.0,1.0,2,1,0,2.0,1,2.0,1000,3.0,0.0,3.0,2.0,1,2.0,0,3.0,2018.0,1,999,2.0,1,42.0,0.0,38,52.0,20,8500.0,200,1.0,1,2,3.0,0.0,2.0,5.0,2,4.0,1,46
0,501.0,48000.0,48000.0,72,48000.0,44,1.0,82,1.0,18.0,25,6.0,1.0,2,5,0,2.0,29,2.0,9000,3.0,0.0,3.0,2.0,9,2.0,0,3.0,1995.0,1,32,2.0,1,40.0,0.0,38,52.0,14,0.0,200,1.0,2,2,3.0,0.0,2.0,5.0,2,4.0,24,22
0,501.0,132000.0,130000.0,94,130000.0,60,1.0,999,1.0,20.0,20,1.0,1.0,2,1,0,2.0,1,2.0,1000,3.0,0.0,3.0,2.0,1,2.0,0,3.0,2017.0,1,999,1.0,1,80.0,0.0,38,52.0,20,0.0,200,1.0,4,2,3.0,0.0,2.0,5.0,2,4.0,1,33
0,501.0,82000.0,82000.0,38,82000.0,94,1.0,999,1.0,22.0,21,1.0,1.0,2,1,0,2.0,1,2.0,1000,3.0,0.0,3.0,2.0,1,2.0,0,3.0,2017.0,1,999,3.0,1,40.0,0.0,38,52.0,22,0.0,200,1.0,4,2,3.0,0.0,2.0,5.0,2,4.0,1,32
0,371.0,54000.0,54000.0,06,54000.0,49,1.0,795,1.0,21.0,21,1.0,1.0,2,1,0,2.0,6,2.0,4008,2.0,0.0,2.0,2.0,6,2.0,0,2.0,2009.0,0,999,1.0,4,40.0,0.0,233,52.0,110,0.0,600,1.0,1,2,2.0,0.0,2.0,5.0,2,4.0,1,47
0,501.0,82000.0,82000.0,15,82000.0,25,1.0,32,1.0,16.0,20,6.0,1.0,2,5,0,2.0,1,2.0,1000,3.0,0.0,3.0,2.0,1,2.0,0,3.0,1995.0,1,50,1.0,1,45.0,0.0,45,52.0,77,0.0,600,1.0,2,2,3.0,0.0,2.0,5.0,2,2.0,1,43
0,190.0,30000.0,30000.0,05,30000.0,49,1.0,32,1.0,19.0,22,4.0,1.0,2,3,0,2.0,1,2.0,1000,3.0,0.0,3.0,2.0,1,2.0,0,3.0,2010.0,1,999,1.0,1,40.0,0.0,17,52.0,74,0.0,600,1.0,1,2,3.0,0.0,2.0,5.0,2,2.0,1,38
0,166.0,34500.0,34500.0,47,34500.0,42,1.0,89,1.0,16.0,20,6.0,1.0,2,5,0,2.0,1,2.0,1000,3.0,0.0,3.0,2.0,1,2.0,0,3.0,1995.0,1,999,1.0,1,40.0,0.0,27,52.0,657,0.0,600,1.0,1,2,3.0,0.0,2.0,5.0,2,4.0,1,41
0,446.0,70000.0,70000.0,32,70000.0,81,1.0,98,1.0,20.0,22,6.0,1.0,2,5,0,2.0,1,2.0,1000,3.0,0.0,3.0,2.0,1,2.0,0,3.0,1995.0,1,999,5.0,1,40.0,0.0,27,52.0,711,0.0,600,1.0,1,2,3.0,0.0,2.0,5.0,2,2.0,1,44
0,189.0,40000.0,40000.0,65,40000.0,07,1.0,999,1.0,19.0,20,1.0,1.0,2,1,0,2.0,1,2.0,1000,3.0,0.0,3.0,2.0,1,2.0,0,3.0,2007.0,1,999,7.0,1,50.0,0.0,38,36.0,40,0.0,200,1.0,4,2,3.0,0.0,2.0,5.0,2,4.0,1,42
0,189.0,36000.0,36000.0,04,36000.0,93,1.0,999,1.0,19.0,21,1.0,1.0,2,1,0,2.0,1,2.0,1000,3.0,0.0,3.0,2.0,1,2.0,0,3.0,2007.0,1,999,3.0,1,50.0,0.0,29,52.0,40,0.0,200,1.0,4,2,3.0,0.0,2.0,5.0,2,4.0,1,38
0,136.0,18000.0,18000.0,36,18000.0,91,1.0,26,1.0,18.0,21,1.0,1.0,2,1,2,2.0,1,2.0,1000,3.0,0.0,3.0,2.0,1,2.0,0,3.0,1991.0,1,999,2.0,1,35.0,0.0,41,52.0,35,0.0,400,1.0,1,2,3.0,0.0,2.0,5.0,2,4.0,1,61
0,249.0,38000.0,38000.0,53,38000.0,81,1.0,21,1.0,18.0,20,6.0,1.0,2,5,0,2.0,1,2.0,1000,3.0,0.0,3.0,2.0,1,2.0,0,3.0,1995.0,1,931,1.0,1,40.0,0.0,38,52.0,286,0.0,600,3.0,2,2,3.0,0.0,2.0,5.0,2,4.0,1,19
0,256.0,40400.0,40400.0,47,40400.0,50,1.0,999,1.0,16.0,20,6.0,1.0,2,5,0,2.0,1,2.0,1000,3.0,0.0,3.0,2.0,1,2.0,0,3.0,1995.0,1,999,1.0,1,40.0,0.0,38,52.0,115,0.0,300,1.0,4,2,3.0,0.0,2.0,5.0,2,2.0,1,60
0,363.0,90000.0,90000.0,91,90000.0,22,1.0,999,1.0,15.0,20,1.0,1.0,2,1,0,2.0,1,2.0,1000,3.0,0.0,3.0,2.0,1,2.0,0,3.0,2018.0,1,999,1.0,1,60.0,0.0,38,52.0,30,0.0,500,1.0,4,2,3.0,0.0,2.0,5.0,2,4.0,1,47
0,363.0,28000.0,28000.0,35,28000.0,82,1.0,999,1.0,20.0,21,1.0,1.0,2,1,0,2.0,1,2.0,1000,3.0,0.0,3.0,2.0,1,2.0,0,3.0,2018.0,1,999,2.0,1,60.0,0.0,38,52.0,35,0.0,500,1.0,4,2,3.0,0.0,2.0,5.0,2,4.0,1,38
0,422.0,37800.0,0.0,55,0.0,63,6.0,82,2.0,21.0,20,1.0,2.0,2,1,0,2.0,1,2.0,1000,2.0,0.0,2.0,2.0,1,2.0,0,2.0,1983.0,1,32,5.0,1,40.0,0.0,38,52.0,16,100.0,600,1.0,2,2,3.0,0.0,2.0,5.0,2,4.0,1,60
0,422.0,47000.0,47000.0,97,47000.0,77,1.0,82,1.0,21.0,21,1.0,1.0,1,1,0,2.0,1,2.0,1000,3.0,0.0,3.0,2.0,1,2.0,0,3.0,1983.0,1,148,3.0,1,40.0,0.0,38,52.0,14,0.0,600,1.0,2,2,3.0,0.0,2.0,5.0,1,4.0,1,61
0,501.0,100000.0,0.0,42,0.0,69,6.0,32,3.0,19.0,20,1.0,2.0,2,1,2,2.0,1,2.0,1000,2.0,0.0,2.0,2.0,1,2.0,0,2.0,1979.0,1,999,1.0,1,40.0,0.0,38,52.0,71,35000.0,400,1.0,1,2,3.0,0.0,2.0,5.0,2,4.0,1,64
0,501.0,160000.0,160000.0,48,160000.0,01,1.0,999,1.0,18.0,20,6.0,1.0,2,5,0,2.0,1,2.0,1000,3.0,0.0,3.0,2.0,1,2.0,0,3.0,1995.0,1,999,1.0,1,40.0,0.0,38,52.0,132,0.0,200,1.0,4,2,3.0,0.0,2.0,5.0,2,2.0,1,55
0,501.0,35000.0,0.0,51,0.0,69,6.0,999,2.0,19.0,33,5.0,1.0,1,4,0,2.0,1,1.0,1000,3.0,0.0,3.0,1.0,1,1.0,0,3.0,2007.0,1,999,1.0,1,40.0,24000.0,38,52.0,38,0.0,200,1.0,4,2,3.0,0.0,2.0,5.0,2,2.0,1,44
0,501.0,70000.0,70000.0,73,70000.0,05,1.0,50,1.0,16.0,20,1.0,1.0,2,1,0,2.0,1,2.0,1000,3.0,0.0,3.0,2.0,1,2.0,0,3.0,2022.0,1,32,1.0,1,40.0,0.0,46,52.0,111,0.0,100,3.0,2,2,3.0,0.0,2.0,5.0,2,4.0,1,22
0,501.0,30000.0,30000.0,36,30000.0,79,1.0,32,1.0,18.0,21,1.0,1.0,2,1,0,2.0,1,2.0,1000,3.0,0.0,3.0,2.0,1,2.0,0,3.0,2022.0,1,999,1.0,1,40.0,0.0,46,52.0,84,0.0,100,3.0,1,2,3.0,0.0,2.0,5.0,2,4.0,1,22
0,501.0,80000.0,0.0,42,0.0,69,6.0,999,3.0,20.0,20,1.0,1.0,2,1,0,2.0,1,2.0,1000,3.0,0.0,3.0,2.0,1,2.0,0,3.0,1987.0,1,999,1.0,1,40.0,25000.0,38,52.0,145,5000.0,100,1.0,4,2,3.0,0.0,2.0,5.0,2,4.0,1,65
0,318.0,34000.0,34000.0,36,34000.0,82,1.0,999,1.0,19.0,20,1.0,1.0,2,1,0,2.0,1,2.0,1000,3.0,0.0,3.0,2.0,1,2.0,0,3.0,2006.0,1,999,1.0,1,40.0,0.0,27,52.0,31,0.0,400,1.0,4,2,3.0,0.0,2.0,5.0,2,4.0,1,40
0,318.0,80000.0,80000.0,62,80000.0,44,1.0,999,1.0,16.0,21,1.0,1.0,2,1,0,2.0,1,2.0,1000,3.0,0.0,3.0,2.0,1,2.0,0,3.0,2006.0,1,999,1.0,1,55.0,0.0,27,52.0,35,0.0,400,1.0,4,2,3.0,0.0,2.0,5.0,2,4.0,1,43
1,220.0,0.0,0.0,42,0.0,69,6.0,22,3.0,19.0,21,1.0,2.0,2,1,0,2.0,1,2.0,1000,2.0,0.0,2.0,2.0,1,2.0,0,2.0,1974.0,1,999,1.0,1,40.0,0.0,39,52.0,96,0.0,400,1.0,1,2,3.0,0.0,2.0,5.0,2,4.0,1,64
0,501.0,76000.0,76000.0,50,76000.0,68,1.0,999,1.0,19.0,20,1.0,1.0,2,1,0,2.0,1,2.0,1000,3.0,0.0,3.0,2.0,1,2.0,0,3.0,2015.0,1,999,1.0,1,47.0,0.0,16,52.0,30,0.0,400,1.0,4,2,3.0,0.0,2.0,5.0,2,4.0,1,29
0,501.0,95000.0,95000.0,14,95000.0,35,1.0,999,1.0,21.0,21,1.0,1.0,2,1,0,2.0,1,2.0,1000,3.0,0.0,3.0,2.0,1,2.0,0,3.0,2015.0,1,999,1.0,1,40.0,0.0,27,52.0,25,0.0,400,1.0,4,2,3.0,0.0,2.0,5.0,2,4.0,1,29
0,501.0,105120.0,105000.0,00,105000.0,95,1.0,940,1.0,21.0,20,1.0,1.0,2,1,2,2.0,1,2.0,1000,3.0,0.0,3.0,2.0,1,2.0,0,3.0,1987.0,1,32,5.0,1,55.0,0.0,38,52.0,117,120.0,400,1.0,2,2,3.0,0.0,2.0,5.0,2,4.0,1,65
0,501.0,28500.0,0.0,42,0.0,69,6.0,32,3.0,14.0,21,1.0,2.0,1,1,2,2.0,1,2.0,1000,2.0,0.0,2.0,2.0,1,2.0,0,2.0,1987.0,1,50,1.0,1,40.0,17500.0,38,52.0,146,0.0,400,1.0,2,1,3.0,0.0,2.0,5.0,2,2.0,1,63
0,501.0,5600.0,5600.0,07,5600.0,79,6.0,98,1.0,19.0,21,1.0,2.0,2,1,2,2.0,1,2.0,1000,2.0,0.0,2.0,2.0,1,2.0,0,2.0,1981.0,1,999,1.0,1,8.0,0.0,27,22.0,210,0.0,500,1.0,1,2,3.0,0.0,2.0,5.0,2,4.0,1,63
0,501.0,42500.0,0.0,42,0.0,69,6.0,82,3.0,22.0,21,1.0,2.0,2,1,0,2.0,1,2.0,1000,2.0,0.0,2.0,2.0,1,2.0,0,2.0,1980.0,1,32,1.0,1,40.0,6500.0,38,52.0,258,0.0,500,1.0,2,2,3.0,0.0,2.0,5.0,2,4.0,1,63
0,326.0,51000.0,51000.0,91,51000.0,61,1.0,3,1.0,17.0,20,1.0,1.0,2,1,0,2.0,1,2.0,1000,2.0,0.0,3.0,2.0,1,2.0,0,3.0,2016.0,1,917,1.0,1,65.0,0.0,29,46.0,90,0.0,600,1.0,2,2,3.0,0.0,2.0,5.0,2,2.0,1,62
1,64.0,10000.0,10000.0,91,10000.0,63,1.0,50,1.0,16.0,36,6.0,1.0,2,5,0,2.0,1,2.0,1000,3.0,0.0,3.0,2.0,1,2.0,0,3.0,1995.0,1,32,1.0,1,20.0,0.0,8,52.0,3,0.0,100,1.0,2,2,3.0,0.0,2.0,5.0,2,4.0,1,35
1,393.0,12000.0,12000.0,40,12000.0,86,1.0,919,1.0,21.0,20,1.0,1.0,2,1,0,2.0,40,2.0,9000,2.0,0.0,2.0,2.0,9,2.0,1,2.0,1989.0,0,999,1.0,1,40.0,0.0,53,52.0,36,0.0,400,1.0,1,2,2.0,0.0,2.0,5.0,2,4.0,1,57
0,393.0,67000.0,67000.0,47,67000.0,53,1.0,924,1.0,21.0,21,1.0,1.0,1,1,0,2.0,1,2.0,1000,2.0,0.0,2.0,2.0,1,2.0,0,3.0,1989.0,1,999,1.0,1,40.0,0.0,38,52.0,39,0.0,400,1.0,1,2,2.0,0.0,2.0,5.0,1,4.0,1,61
1,54.0,0.0,0.0,42,0.0,69,6.0,32,3.0,12.0,20,1.0,2.0,1,1,0,2.0,1,2.0,1000,2.0,0.0,2.0,1.0,1,2.0,0,2.0,1980.0,1,999,1.0,7,40.0,0.0,301,52.0,117,0.0,100,1.0,1,2,3.0,0.0,2.0,5.0,2,4.0,1,63
0,501.0,115000.0,115000.0,72,110000.0,48,1.0,995,1.0,19.0,21,1.0,1.0,2,1,0,2.0,1,2.0,1000,3.0,0.0,3.0,2.0,1,2.0,0,3.0,1995.0,1,999,1.0,1,55.0,0.0,38,52.0,59,0.0,400,1.0,3,2,3.0,0.0,2.0,5.0,2,4.0,1,59
1,501.0,106000.0,88000.0,96,88000.0,52,1.0,999,1.0,21.0,20,1.0,1.0,2,1,0,2.0,3,2.0,5025,3.0,0.0,3.0,2.0,5,2.0,1,3.0,2022.0,0,999,1.0,1,55.0,0.0,30,52.0,327,0.0,300,1.0,4,2,3.0,0.0,2.0,5.0,2,4.0,1,38
0,501.0,52000.0,52000.0,32,52000.0,81,1.0,999,1.0,21.0,21,1.0,1.0,2,1,0,2.0,3,2.0,5025,3.0,0.0,3.0,2.0,5,2.0,1,3.0,2022.0,0,999,1.0,1,36.0,0.0,38,52.0,235,0.0,300,1.0,4,2,3.0,0.0,2.0,5.0,2,4.0,1,38
0,501.0,160000.0,160000.0,32,160000.0,75,6.0,82,1.0,22.0,20,4.0,2.0,2,3,2,2.0,1,2.0,1000,1.0,0.0,2.0,2.0,1,2.0,0,2.0,1986.0,1,142,7.0,1,10.0,0.0,38,40.0,204,0.0,600,1.0,2,2,3.0,0.0,2.0,3.0,2,4.0,1,59
0,430.0,60000.0,60000.0,57,60000.0,78,1.0,999,1.0,20.0,20,1.0,1.0,1,1,2,1.0,1,2.0,1000,3.0,0.0,3.0,2.0,1,2.0,0,3.0,2015.0,1,999,1.0,1,40.0,0.0,38,49.0,64,0.0,500,1.0,4,2,3.0,0.0,2.0,5.0,2,4.0,1,37
0,430.0,69000.0,60000.0,62,60000.0,04,1.0,999,1.0,17.0,21,1.0,1.0,2,1,2,2.0,1,2.0,1000,3.0,0.0,3.0,2.0,1,2.0,0,3.0,2015.0,1,999,1.0,1,65.0,0.0,38,40.0,56,0.0,500,1.0,4,2,3.0,0.0,2.0,5.0,2,4.0,1,38
0,321.0,49000.0,49000.0,47,49000.0,53,1.0,87,1.0,18.0,20,4.0,1.0,2,3,0,2.0,1,2.0,1000,3.0,0.0,2.0,2.0,1,2.0,0,1.0,2002.0,1,82,1.0,1,50.0,0.0,38,52.0,61,0.0,500,1.0,2,2,3.0,0.0,2.0,5.0,2,4.0,1,52
0,297.0,45900.0,45900.0,59,45900.0,83,1.0,82,1.0,21.0,20,4.0,1.0,1,3,0,2.0,1,2.0,1000,3.0,0.0,3.0,1.0,1,2.0,0,3.0,2015.0,1,111,2.0,1,41.0,0.0,38,52.0,152,0.0,600,3.0,2,2,3.0,0.0,2.0,5.0,2,4.0,1,52
0,222.0,28300.0,28300.0,51,28300.0,05,1.0,32,1.0,21.0,20,1.0,1.0,2,1,2,2.0,1,2.0,1000,3.0,0.0,3.0,2.0,1,2.0,0,3.0,2018.0,1,82,1.0,1,40.0,0.0,38,52.0,375,0.0,300,1.0,2,2,3.0,0.0,2.0,5.0,2,4.0,1,29
0,222.0,40000.0,40000.0,64,40000.0,07,1.0,999,1.0,16.0,21,1.0,1.0,2,1,0,2.0,1,2.0,1000,3.0,0.0,3.0,2.0,1,2.0,0,3.0,2018.0,1,999,1.0,1,60.0,0.0,38,52.0,371,0.0,300,1.0,4,2,3.0,0.0,2.0,5.0,2,4.0,1,31
0,450.0,44700.0,44700.0,58,44700.0,64,1.0,89,1.0,19.0,20,1.0,1.0,2,1,0,2.0,1,2.0,1000,3.0,0.0,3.0,2.0,1,2.0,0,3.0,2007.0,1,82,1.0,1,40.0,0.0,38,52.0,30,0.0,600,1.0,2,2,3.0,0.0,2.0,5.0,2,4.0,1,46
0,450.0,89000.0,89000.0,13,89000.0,72,1.0,82,1.0,21.0,21,1.0,1.0,2,1,0,2.0,1,2.0,1000,3.0,0.0,3.0,2.0,1,2.0,0,3.0,2007.0,1,21,1.0,1,50.0,0.0,38,52.0,38,0.0,600,1.0,2,2,3.0,0.0,2.0,5.0,2,4.0,1,52
0,358.0,65000.0,65000.0,23,65000.0,78,1.0,82,1.0,21.0,20,1.0,1.0,2,1,0,2.0,1,2.0,1000,3.0,0.0,3.0,2.0,1,2.0,0,3.0,2016.0,1,999,3.0,1,40.0,0.0,38,52.0,301,0.0,200,1.0,1,2,3.0,0.0,2.0,5.0,2,4.0,1,33
0,358.0,62000.0,62000.0,23,62000.0,78,1.0,82,1.0,22.0,21,1.0,1.0,2,1,0,2.0,1,2.0,1000,3.0,0.0,3.0,2.0,1,2.0,0,3.0,2016.0,1,999,3.0,1,40.0,0.0,38,52.0,231,0.0,200,1.0,1,2,3.0,0.0,2.0,5.0,2,4.0,1,31
0,336.0,110000.0,110000.0,00,0.0,03,1.0,142,1.0,20.0,20,1.0,1.0,2,1,2,2.0,1,2.0,1000,3.0,0.0,3.0,2.0,1,2.0,0,3.0,2008.0,1,50,6.0,1,90.0,0.0,38,52.0,16,0.0,100,1.0,2,2,3.0,0.0,2.0,5.0,2,4.0,1,42
0,336.0,24000.0,24000.0,02,0.0,01,6.0,32,1.0,19.0,21,1.0,2.0,2,1,2,2.0,1,2.0,1000,2.0,0.0,2.0,2.0,1,2.0,0,2.0,2008.0,1,999,6.0,1,60.0,0.0,8,52.0,14,0.0,100,1.0,1,2,3.0,0.0,2.0,5.0,2,4.0,1,37
0,501.0,96000.0,96000.0,32,96000.0,81,1.0,82,1.0,21.0,20,1.0,1.0,1,1,0,1.0,1,2.0,1000,3.0,0.0,3.0,2.0,1,2.0,0,3.0,2014.0,1,148,1.0,1,44.0,0.0,27,52.0,100,0.0,600,1.0,2,1,3.0,0.0,2.0,5.0,2,4.0,1,47
0,501.0,144000.0,144000.0,30,144000.0,81,1.0,89,1.0,24.0,21,1.0,1.0,1,1,0,2.0,1,2.0,1000,3.0,0.0,3.0,2.0,1,2.0,0,3.0,2014.0,1,82,1.0,1,44.0,0.0,38,38.0,95,0.0,600,1.0,2,1,3.0,0.0,2.0,5.0,2,4.0,1,41
0,89.0,27000.0,27000.0,52,27000.0,68,1.0,999,1.0,18.0,20,2.0,1.0,2,1,0,2.0,3,2.0,5013,3.0,0.0,3.0,2.0,3,2.0,1,3.0,2014.0,0,999,1.0,1,40.0,0.0,46,52.0,172,0.0,100,3.0,4,2,3.0,0.0,2.0,5.0,2,4.0,1,26
0,288.0,44900.0,35000.0,57,35000.0,78,1.0,32,1.0,20.0,20,3.0,1.0,2,2,2,2.0,1,2.0,1000,3.0,0.0,3.0,2.0,1,2.0,0,3.0,1992.0,1,148,3.0,1,40.0,0.0,38,52.0,28,900.0,300,1.0,2,2,3.0,0.0,2.0,5.0,2,4.0,1,54
0,332.0,53000.0,42000.0,42,42000.0,78,1.0,32,1.0,19.0,20,1.0,1.0,2,1,0,2.0,1,2.0,1000,3.0,0.0,3.0,2.0,1,2.0,0,3.0,1987.0,1,148,3.0,1,40.0,0.0,38,52.0,211,11000.0,300,1.0,2,2,3.0,0.0,2.0,5.0,2,4.0,1,62
0,345.0,54000.0,54000.0,32,54000.0,82,1.0,795,1.0,21.0,20,6.0,1.0,2,5,0,2.0,6,2.0,4008,3.0,0.0,3.0,2.0,6,2.0,0,3.0,1995.0,0,999,2.0,4,40.0,0.0,233,52.0,47,0.0,300,1.0,1,2,3.0,0.0,2.0,5.0,2,4.0,1,30
0,111.0,45000.0,45000.0,96,45000.0,96,4.0,261,1.0,19.0,20,1.0,1.0,1,1,0,1.0,29,2.0,9000,3.0,0.0,3.0,1.0,9,2.0,0,3.0,2019.0,1,999,5.0,2,60.0,0.0,72,52.0,248,0.0,300,1.0,1,2,3.0,0.0,2.0,5.0,2,1.0,3,38
1,111.0,0.0,0.0,78,0.0,11,6.0,261,2.0,21.0,21,1.0,2.0,1,1,0,2.0,29,2.0,9000,2.0,0.0,2.0,1.0,9,1.0,0,2.0,2019.0,1,999,1.0,2,40.0,0.0,72,52.0,242,0.0,300,1.0,1,2,3.0,0.0,2.0,5.0,2,4.0,3,38
0,501.0,140000.0,130000.0,04,75000.0,07,1.0,32,1.0,16.0,20,1.0,1.0,2,1,2,2.0,1,2.0,1000,2.0,0.0,2.0,2.0,1,2.0,0,2.0,1985.0,1,999,1.0,1,40.0,0.0,38,52.0,36,10000.0,400,1.0,1,2,3.0,0.0,2.0,5.0,2,4.0,1,64
0,501.0,77000.0,70000.0,57,70000.0,07,1.0,32,1.0,19.0,21,1.0,1.0,2,1,0,2.0,1,2.0,1000,3.0,0.0,3.0,2.0,1,2.0,0,3.0,1985.0,1,999,1.0,1,40.0,0.0,38,52.0,44,7000.0,400,1.0,1,2,3.0,0.0,2.0,5.0,2,4.0,1,62
0,501.0,0.0,0.0,36,0.0,82,6.0,32,2.0,16.0,21,1.0,2.0,1,1,0,2.0,1,2.0,1000,2.0,0.0,2.0,2.0,1,2.0,0,2.0,1984.0,1,999,2.0,1,40.0,0.0,38,52.0,60,0.0,400,1.0,1,2,3.0,0.0,2.0,5.0,1,4.0,1,57
0,501.0,42200.0,0.0,50,0.0,53,6.0,32,2.0,21.0,20,1.0,2.0,1,1,2,2.0,1,2.0,1000,2.0,0.0,2.0,1.0,1,2.0,0,2.0,1983.0,1,82,2.0,1,40.0,9900.0,38,52.0,46,29500.0,500,1.0,2,2,3.0,0.0,2.0,5.0,1,4.0,1,62
0,501.0,100000.0,70000.0,47,70000.0,47,1.0,82,1.0,20.0,21,1.0,1.0,2,1,0,2.0,1,2.0,1000,3.0,0.0,3.0,2.0,1,2.0,0,3.0,1983.0,1,999,1.0,1,58.0,0.0,38,52.0,43,30000.0,500,1.0,1,2,3.0,0.0,2.0,5.0,2,4.0,1,64
0,330.0,51700.0,50000.0,60,0.0,01,1.0,32,1.0,21.0,20,4.0,1.0,2,3,1,2.0,1,2.0,1000,3.0,0.0,3.0,2.0,1,2.0,0,3.0,2005.0,1,82,6.0,1,50.0,0.0,38,52.0,27,1700.0,400,1.0,2,2,3.0,0.0,2.0,5.0,2,4.0,1,63
0,392.0,80000.0,75000.0,73,75000.0,07,1.0,999,1.0,20.0,20,4.0,1.0,2,3,0,2.0,17,2.0,9000,3.0,0.0,3.0,2.0,9,2.0,1,3.0,2016.0,1,999,1.0,1,40.0,0.0,38,52.0,55,0.0,600,1.0,4,2,3.0,0.0,2.0,5.0,2,4.0,1,33
0,349.0,45000.0,45000.0,55,45000.0,63,1.0,82,1.0,19.0,30,6.0,1.0,2,5,0,2.0,1,2.0,1000,2.0,0.0,3.0,2.0,1,2.0,0,3.0,1995.0,1,999,1.0,1,55.0,0.0,38,52.0,26,0.0,400,1.0,1,2,3.0,0.0,2.0,5.0,2,4.0,1,27
0,312.0,10800.0,0.0,42,0.0,69,6.0,32,3.0,23.0,21,1.0,2.0,2,1,2,2.0,1,2.0,1000,2.0,0.0,2.0,2.0,1,2.0,0,2.0,1981.0,1,26,1.0,1,40.0,10800.0,38,52.0,17,0.0,500,1.0,2,2,3.0,0.0,2.0,5.0,2,4.0,1,63
0,477.0,110000.0,110000.0,03,110000.0,81,1.0,22,1.0,22.0,20,1.0,1.0,2,1,0,2.0,1,2.0,1000,3.0,0.0,3.0,2.0,1,2.0,0,3.0,2004.0,1,50,2.0,1,40.0,0.0,38,52.0,106,0.0,600,1.0,2,2,3.0,0.0,2.0,5.0,2,4.0,1,43
0,477.0,80000.0,80000.0,04,80000.0,38,1.0,32,1.0,21.0,21,1.0,1.0,2,1,0,2.0,1,2.0,1000,3.0,0.0,3.0,2.0,1,2.0,0,3.0,2004.0,1,50,1.0,1,50.0,0.0,27,52.0,114,0.0,600,1.0,2,2,3.0,0.0,2.0,5.0,2,4.0,1,47
1,12.0,2000.0,0.0,02,0.0,01,6.0,32,2.0,19.0,20,3.0,2.0,2,2,0,2.0,1,2.0,1000,2.0,0.0,2.0,2.0,1,2.0,0,2.0,1985.0,1,999,6.0,1,40.0,2000.0,38,52.0,17,0.0,400,1.0,1,2,3.0,0.0,2.0,5.0,2,4.0,1,63
0,501.0,90000.0,90000.0,72,90000.0,88,1.0,999,1.0,16.0,20,1.0,1.0,2,1,0,2.0,1,2.0,1000,3.0,0.0,3.0,2.0,1,2.0,0,3.0,2010.0,1,999,1.0,1,45.0,0.0,38,52.0,20,0.0,300,1.0,4,2,3.0,0.0,2.0,5.0,2,4.0,1,37
0,501.0,65000.0,65000.0,32,65000.0,69,1.0,999,1.0,21.0,21,1.0,1.0,2,1,0,2.0,1,2.0,1000,3.0,0.0,3.0,2.0,1,2.0,0,3.0,2010.0,1,999,1.0,1,42.0,0.0,38,52.0,13,0.0,300,1.0,4,2,3.0,0.0,2.0,5.0,2,4.0,1,36
0,501.0,106000.0,88000.0,96,88000.0,52,1.0,22,1.0,20.0,20,1.0,1.0,2,1,0,2.0,17,2.0,9000,3.0,0.0,3.0,2.0,9,2.0,1,3.0,2013.0,1,26,1.0,1,55.0,0.0,48,52.0,16,0.0,600,1.0,2,2,3.0,0.0,2.0,5.0,2,2.0,1,38
0,501.0,55000.0,55000.0,32,55000.0,81,1.0,32,1.0,21.0,21,1.0,1.0,2,1,0,2.0,1,2.0,1000,3.0,0.0,3.0,2.0,1,2.0,0,3.0,2013.0,1,22,1.0,1,32.0,0.0,27,52.0,31,0.0,600,1.0,2,2,3.0,0.0,2.0,5.0,2,4.0,1,40
0,122.0,25000.0,25000.0,75,25000.0,04,1.0,32,1.0,16.0,20,4.0,1.0,2,3,0,2.0,1,2.0,1000,3.0,0.0,3.0,2.0,1,2.0,0,3.0,2010.0,1,999,1.0,1,40.0,0.0,48,47.0,95,0.0,100,3.0,1,2,3.0,0.0,2.0,5.0,2,2.0,1,31
0,5.0,900.0,900.0,42,0.0,86,6.0,32,1.0,15.0,22,6.0,2.0,2,5,0,2.0,1,2.0,1000,1.0,0.0,2.0,2.0,1,2.0,0,2.0,1995.0,1,999,6.0,1,6.0,0.0,56,30.0,90,0.0,100,3.0,1,2,3.0,0.0,2.0,3.0,2,4.0,1,22
0,501.0,35000.0,35000.0,02,35000.0,01,1.0,995,1.0,20.0,21,1.0,1.0,2,1,1,2.0,1,2.0,1000,3.0,0.0,3.0,2.0,1,2.0,0,3.0,2005.0,1,999,7.0,1,35.0,0.0,38,50.0,29,0.0,200,1.0,3,2,3.0,0.0,2.0,5.0,2,4.0,1,38
0,501.0,55800.0,54000.0,31,54000.0,80,1.0,32,1.0,23.0,20,1.0,1.0,1,1,1,1.0,1,2.0,1000,3.0,0.0,3.0,2.0,1,2.0,0,3.0,1993.0,1,999,7.0,1,50.0,0.0,38,52.0,18,1800.0,100,1.0,1,1,3.0,0.0,2.0,5.0,1,4.0,1,54
0,501.0,54000.0,54000.0,31,54000.0,80,1.0,84,1.0,23.0,21,1.0,1.0,2,1,1,2.0,19,2.0,9000,3.0,0.0,3.0,2.0,9,2.0,0,3.0,1993.0,1,50,7.0,1,60.0,0.0,12,52.0,48,0.0,100,1.0,2,2,3.0,0.0,2.0,5.0,2,4.0,1,54
0,501.0,115000.0,115000.0,68,115000.0,03,1.0,996,1.0,19.0,20,6.0,1.0,2,5,0,2.0,29,2.0,9000,3.0,0.0,3.0,2.0,9,2.0,0,3.0,1995.0,1,999,1.0,1,80.0,0.0,46,52.0,95,0.0,100,1.0,3,2,3.0,0.0,2.0,5.0,2,4.0,1,36
0,501.0,129000.0,114000.0,91,114000.0,61,1.0,995,1.0,20.0,20,4.0,1.0,1,3,0,1.0,17,2.0,9000,3.0,0.0,3.0,1.0,9,2.0,1,3.0,1991.0,1,999,1.0,1,90.0,0.0,53,52.0,161,0.0,100,1.0,3,1,3.0,0.0,2.0,5.0,2,4.0,1,51
0,285.0,45000.0,45000.0,36,45000.0,81,6.0,82,1.0,16.0,22,4.0,2.0,2,3,2,2.0,1,2.0,1000,2.0,0.0,2.0,2.0,1,2.0,0,2.0,1995.0,1,999,2.0,1,99.0,0.0,38,52.0,34,0.0,100,1.0,1,2,3.0,0.0,2.0,5.0,2,4.0,1,57
0,501.0,25000.0,25000.0,36,25000.0,82,1.0,999,1.0,20.0,20,1.0,1.0,2,1,0,2.0,1,2.0,1000,3.0,0.0,3.0,2.0,1,2.0,0,3.0,2016.0,1,999,1.0,1,32.0,0.0,38,52.0,61,0.0,500,1.0,4,2,3.0,0.0,2.0,5.0,2,4.0,1,55
0,501.0,77000.0,77000.0,72,77000.0,87,1.0,999,1.0,18.0,21,1.0,1.0,2,1,0,2.0,1,2.0,1000,3.0,0.0,3.0,2.0,1,2.0,0,3.0,2016.0,1,999,1.0,1,40.0,0.0,27,52.0,62,0.0,500,1.0,4,2,3.0,0.0,2.0,5.0,2,2.0,1,59
1,165.0,33000.0,33000.0,46,32000.0,84,1.0,999,1.0,16.0,20,1.0,1.0,2,1,0,2.0,1,2.0,1000,3.0,0.0,3.0,2.0,1,2.0,0,3.0,2018.0,1,999,6.0,1,50.0,0.0,49,52.0,28,0.0,200,1.0,4,2,3.0,0.0,2.0,5.0,2,2.0,1,53
1,165.0,0.0,0.0,42,0.0,69,6.0,999,3.0,15.0,21,1.0,1.0,1,1,0,1.0,1,2.0,1000,3.0,0.0,3.0,2.0,1,2.0,0,3.0,2018.0,1,999,1.0,1,40.0,0.0,49,52.0,20,0.0,200,1.0,4,2,3.0,0.0,2.0,5.0,2,4.0,1,60
0,413.0,64000.0,64000.0,51,64000.0,68,1.0,32,1.0,20.0,20,6.0,1.0,2,5,0,2.0,1,2.0,1000,3.0,0.0,3.0,2.0,1,2.0,0,3.0,1995.0,1,999,1.0,1,40.0,0.0,38,52.0,63,0.0,400,1.0,1,2,3.0,0.0,2.0,5.0,2,4.0,1,60
0,260.0,40000.0,40000.0,47,40000.0,49,1.0,223,1.0,20.0,20,6.0,1.0,2,5,0,2.0,15,2.0,8000,3.0,0.0,3.0,2.0,8,2.0,0,3.0,1995.0,0,999,1.0,1,40.0,0.0,13,52.0,124,0.0,100,3.0,1,2,3.0,0.0,2.0,5.0,2,4.0,8,22
1,127.0,20000.0,20000.0,42,20000.0,78,1.0,776,1.0,16.0,20,2.0,1.0,2,1,0,2.0,6,2.0,4008,2.0,0.0,3.0,2.0,6,2.0,0,3.0,2000.0,0,999,3.0,4,60.0,0.0,242,2.0,79,0.0,300,1.0,1,2,3.0,0.0,2.0,1.0,2,4.0,1,45
0,376.0,59000.0,59000.0,23,59000.0,78,1.0,795,1.0,23.0,34,2.0,1.0,2,1,0,2.0,6,2.0,4008,1.0,0.0,3.0,2.0,6,2.0,0,3.0,2022.0,0,720,4.0,4,40.0,0.0,233,52.0,113,0.0,300,1.0,2,2,3.0,0.0,1.0,1.0,2,4.0,1,44
0,0.0,0.0,0.0,42,0.0,69,6.0,795,3.0,16.0,34,6.0,2.0,2,5,2,2.0,6,2.0,4008,2.0,0.0,2.0,2.0,6,2.0,0,2.0,1995.0,0,720,1.0,4,40.0,0.0,233,52.0,113,0.0,300,1.0,2,2,3.0,0.0,2.0,5.0,2,4.0,1,19
0,501.0,59000.0,59000.0,52,59000.0,66,1.0,999,1.0,11.0,20,1.0,1.0,2,1,0,2.0,1,2.0,1000,3.0,0.0,3.0,2.0,1,2.0,0,3.0,2016.0,1,999,1.0,1,40.0,0.0,56,52.0,141,0.0,300,1.0,4,2,3.0,0.0,2.0,5.0,2,4.0,1,38
0,501.0,100000.0,100000.0,02,100000.0,07,1.0,999,1.0,21.0,21,1.0,1.0,2,1,0,2.0,1,2.0,1000,3.0,0.0,3.0,2.0,1,2.0,0,3.0,2016.0,1,999,1.0,1,65.0,0.0,2,52.0,203,0.0,300,1.0,4,2,3.0,0.0,2.0,5.0,2,4.0,1,38
0,501.0,79200.0,54000.0,47,0.0,86,2.0,706,1.0,15.0,20,1.0,1.0,2,1,0,2.0,5,2.0,4000,3.0,0.0,2.0,2.0,6,2.0,0,1.0,2008.0,0,999,6.0,4,50.0,0.0,207,52.0,26,25200.0,400,1.0,1,2,3.0,0.0,2.0,5.0,2,4.0,1,41
0,501.0,94000.0,52000.0,40,52000.0,86,2.0,706,1.0,10.0,21,1.0,1.0,2,1,0,2.0,5,2.0,4000,3.0,0.0,2.0,2.0,6,2.0,0,1.0,2008.0,0,999,1.0,4,50.0,0.0,207,52.0,48,42000.0,400,1.0,1,2,3.0,0.0,2.0,5.0,2,4.0,1,44
0,501.0,90000.0,90000.0,54,90000.0,72,1.0,939,1.0,16.0,20,1.0,1.0,2,1,2,2.0,1,2.0,1000,3.0,0.0,3.0,2.0,1,2.0,0,3.0,2020.0,1,999,7.0,1,70.0,0.0,38,52.0,55,0.0,100,1.0,1,2,3.0,0.0,2.0,5.0,2,4.0,1,61
0,501.0,80000.0,80000.0,01,80000.0,68,1.0,26,1.0,21.0,20,1.0,1.0,2,1,0,2.0,1,2.0,1000,3.0,0.0,3.0,2.0,1,2.0,0,3.0,2015.0,1,999,1.0,1,45.0,0.0,23,52.0,109,0.0,200,1.0,1,2,3.0,0.0,2.0,5.0,2,4.0,1,45
0,501.0,90000.0,90000.0,91,90000.0,61,1.0,32,1.0,16.0,23,1.0,1.0,2,1,0,2.0,1,2.0,1000,3.0,0.0,3.0,2.0,1,2.0,0,3.0,2015.0,1,999,1.0,1,50.0,0.0,56,52.0,105,0.0,200,1.0,1,2,3.0,0.0,2.0,5.0,2,4.0,1,47
0,299.0,46000.0,46000.0,72,46000.0,50,1.0,22,1.0,19.0,20,6.0,1.0,2,5,2,2.0,1,2.0,1000,3.0,0.0,3.0,2.0,1,2.0,0,3.0,1995.0,1,26,1.0,1,40.0,0.0,2,52.0,155,0.0,400,3.0,2,2,3.0,0.0,2.0,5.0,2,4.0,1,21
0,71.0,11000.0,11000.0,47,11000.0,50,1.0,32,1.0,19.0,22,6.0,1.0,2,5,2,2.0,1,2.0,1000,3.0,0.0,3.0,2.0,1,2.0,0,3.0,1995.0,1,22,1.0,1,25.0,0.0,38,45.0,203,0.0,400,3.0,2,2,3.0,0.0,2.0,5.0,2,4.0,1,21
1,77.0,12000.0,0.0,42,0.0,69,6.0,142,3.0,16.0,20,4.0,2.0,2,3,0,2.0,1,2.0,1000,2.0,0.0,2.0,2.0,1,2.0,0,2.0,1984.0,1,999,1.0,1,40.0,0.0,38,52.0,23,0.0,400,1.0,1,2,3.0,0.0,2.0,3.0,2,4.0,1,63
0,501.0,175000.0,125000.0,48,125000.0,42,1.0,999,1.0,16.0,20,1.0,1.0,2,1,0,2.0,1,2.0,1000,3.0,0.0,3.0,2.0,1,2.0,0,3.0,2015.0,1,999,1.0,1,40.0,0.0,38,52.0,18,4000.0,200,1.0,4,2,3.0,0.0,2.0,5.0,2,4.0,1,64
0,501.0,100.0,100.0,96,100.0,51,1.0,999,1.0,17.0,21,1.0,1.0,2,1,0,2.0,6,2.0,4008,3.0,0.0,3.0,2.0,6,2.0,0,3.0,2015.0,0,999,1.0,4,5.0,0.0,233,6.0,29,0.0,200,1.0,4,2,3.0,0.0,2.0,5.0,2,4.0,1,40
0,501.0,48000.0,48000.0,36,48000.0,82,1.0,195,1.0,16.0,20,1.0,1.0,1,1,0,1.0,16,2.0,9000,3.0,0.0,3.0,2.0,9,2.0,0,3.0,2019.0,1,999,1.0,1,40.0,0.0,38,52.0,66,0.0,300,1.0,1,2,3.0,0.0,2.0,5.0,2,4.0,1,28
0,501.0,120000.0,120000.0,69,120000.0,03,1.0,999,1.0,16.0,21,1.0,1.0,2,1,0,2.0,1,2.0,1000,3.0,0.0,3.0,2.0,1,2.0,0,3.0,2019.0,1,999,1.0,1,40.0,0.0,38,52.0,68,0.0,300,1.0,4,2,3.0,0.0,2.0,5.0,2,4.0,1,29
0,278.0,44000.0,44000.0,60,44000.0,01,1.0,917,1.0,16.0,34,6.0,1.0,2,5,0,2.0,3,2.0,5014,3.0,0.0,3.0,2.0,5,2.0,1,3.0,1995.0,0,999,1.0,1,75.0,0.0,38,28.0,123,0.0,300,3.0,1,2,3.0,0.0,2.0,5.0,2,4.0,1,29
0,295.0,33600.0,33600.0,36,33600.0,80,1.0,82,1.0,19.0,20,1.0,1.0,2,1,0,2.0,1,2.0,1000,3.0,0.0,3.0,2.0,1,2.0,0,3.0,2014.0,1,999,1.0,1,35.0,0.0,38,52.0,156,0.0,300,1.0,1,2,3.0,0.0,2.0,5.0,2,4.0,1,46
0,295.0,38400.0,38400.0,38,38400.0,94,1.0,82,1.0,19.0,21,1.0,1.0,1,1,0,1.0,1,2.0,1000,3.0,0.0,3.0,2.0,1,2.0,0,3.0,2014.0,1,999,3.0,1,40.0,0.0,30,52.0,199,0.0,300,1.0,1,2,3.0,0.0,2.0,5.0,2,3.0,1,40
0,355.0,35000.0,35000.0,70,35000.0,96,4.0,51,1.0,18.0,20,1.0,1.0,2,1,0,2.0,1,2.0,1000,3.0,0.0,3.0,2.0,1,2.0,0,3.0,2019.0,1,142,5.0,1,60.0,0.0,36,52.0,171,0.0,500,1.0,2,2,3.0,0.0,2.0,5.0,2,1.0,1,29
0,355.0,35000.0,35000.0,18,35000.0,80,1.0,902,1.0,21.0,21,1.0,1.0,2,1,0,2.0,2,2.0,3000,3.0,0.0,3.0,2.0,2,2.0,0,3.0,2019.0,0,999,1.0,1,40.0,0.0,37,52.0,407,0.0,500,1.0,1,2,3.0,0.0,2.0,5.0,2,3.0,1,25
0,171.0,17500.0,0.0,11,0.0,68,6.0,32,2.0,21.0,21,1.0,2.0,2,1,0,2.0,1,2.0,1000,2.0,0.0,2.0,2.0,1,2.0,0,2.0,1981.0,1,999,1.0,1,40.0,17500.0,38,52.0,118,0.0,300,1.0,1,2,3.0,0.0,2.0,5.0,2,4.0,1,64
0,501.0,18500.0,18500.0,20,18500.0,95,3.0,82,1.0,19.0,20,1.0,2.0,2,1,0,2.0,1,2.0,1000,1.0,0.0,2.0,2.0,1,2.0,0,2.0,1999.0,1,32,5.0,1,40.0,0.0,38,24.0,129,0.0,500,3.0,2,2,3.0,0.0,2.0,1.0,2,4.0,1,47
0,501.0,147000.0,65000.0,06,65000.0,33,1.0,32,1.0,20.0,21,1.0,1.0,2,1,0,2.0,1,2.0,1000,3.0,0.0,3.0,2.0,1,2.0,0,3.0,1999.0,1,26,1.0,1,40.0,0.0,45,52.0,190,0.0,500,3.0,2,2,3.0,0.0,2.0,5.0,2,2.0,1,47
0,501.0,35000.0,35000.0,47,35000.0,53,1.0,32,1.0,19.0,20,1.0,1.0,2,1,2,2.0,1,2.0,1000,3.0,0.0,3.0,2.0,1,2.0,0,3.0,1987.0,1,50,1.0,1,35.0,0.0,38,52.0,23,0.0,400,1.0,2,2,3.0,0.0,2.0,5.0,2,4.0,1,55
0,457.0,70000.0,70000.0,54,70000.0,68,1.0,32,1.0,18.0,20,4.0,1.0,2,3,0,2.0,1,2.0,1000,3.0,0.0,3.0,2.0,1,2.0,0,3.0,2011.0,1,87,1.0,1,40.0,0.0,55,52.0,325,0.0,600,1.0,2,2,3.0,0.0,2.0,5.0,2,4.0,1,59
0,280.0,67900.0,29900.0,02,0.0,01,1.0,8,1.0,21.0,20,3.0,1.0,2,2,2,2.0,1,2.0,1000,3.0,0.0,3.0,2.0,1,2.0,0,3.0,1998.0,1,999,6.0,1,50.0,0.0,20,52.0,141,0.0,200,1.0,1,2,3.0,0.0,2.0,5.0,2,4.0,1,49
0,242.0,37700.0,37700.0,60,37700.0,01,1.0,999,1.0,18.0,22,6.0,1.0,2,5,0,2.0,1,2.0,1000,3.0,0.0,3.0,2.0,1,2.0,0,3.0,1995.0,1,999,1.0,1,70.0,0.0,20,31.0,142,0.0,200,1.0,4,2,3.0,0.0,2.0,5.0,2,4.0,1,49
0,280.0,10000.0,10000.0,91,10000.0,87,1.0,999,1.0,12.0,25,6.0,1.0,2,5,0,2.0,1,2.0,1000,3.0,0.0,3.0,2.0,1,2.0,0,3.0,1995.0,1,999,1.0,1,25.0,0.0,38,20.0,80,0.0,200,1.0,4,2,3.0,0.0,2.0,5.0,2,4.0,1,18
0,280.0,10000.0,10000.0,42,10000.0,77,6.0,999,1.0,19.0,33,6.0,1.0,1,5,1,1.0,1,2.0,1000,3.0,0.0,3.0,2.0,1,2.0,0,3.0,1995.0,1,999,1.0,1,40.0,0.0,38,10.0,113,0.0,200,1.0,4,2,3.0,0.0,2.0,5.0,2,4.0,1,19
1,0.0,0.0,0.0,42,0.0,69,6.0,996,3.0,19.0,30,4.0,2.0,1,3,0,2.0,30,2.0,9000,2.0,0.0,3.0,1.0,9,2.0,1,3.0,2021.0,0,999,1.0,1,40.0,0.0,6,52.0,1,0.0,200,1.0,3,2,3.0,0.0,2.0,5.0,2,4.0,2,22
0,501.0,70000.0,70000.0,04,70000.0,93,1.0,920,1.0,18.0,25,6.0,1.0,2,5,0,2.0,3,2.0,5024,3.0,0.0,3.0,2.0,3,2.0,1,3.0,1995.0,0,999,3.0,1,40.0,0.0,38,52.0,5,0.0,200,1.0,1,2,3.0,0.0,2.0,5.0,2,4.0,1,57
0,501.0,45000.0,45000.0,04,45000.0,93,1.0,920,1.0,21.0,25,6.0,1.0,1,5,0,2.0,3,1.0,5024,3.0,0.0,3.0,1.0,3,2.0,1,3.0,1995.0,0,999,3.0,1,40.0,0.0,38,52.0,7,0.0,200,1.0,1,2,3.0,0.0,2.0,5.0,2,4.0,1,56
0,501.0,85600.0,66000.0,72,66000.0,87,6.0,82,1.0,16.0,20,1.0,2.0,2,1,2,2.0,1,2.0,1000,2.0,0.0,2.0,2.0,1,2.0,0,2.0,1978.0,1,999,1.0,1,40.0,9600.0,27,36.0,77,0.0,500,1.0,1,2,3.0,0.0,2.0,5.0,2,4.0,1,64
0,501.0,47000.0,47000.0,51,47000.0,81,1.0,999,1.0,20.0,20,1.0,1.0,2,1,0,2.0,1,2.0,1000,3.0,0.0,3.0,2.0,1,2.0,0,3.0,1988.0,1,999,2.0,1,40.0,0.0,27,52.0,118,0.0,600,1.0,4,2,3.0,0.0,2.0,5.0,2,4.0,1,60
0,501.0,90000.0,90000.0,42,90000.0,30,1.0,924,1.0,16.0,21,1.0,1.0,2,1,0,2.0,1,2.0,1000,3.0,0.0,3.0,2.0,1,2.0,0,3.0,1988.0,1,999,1.0,1,50.0,0.0,38,52.0,115,0.0,600,1.0,1,2,3.0,0.0,2.0,5.0,2,4.0,1,61
0,200.0,31000.0,31000.0,42,31000.0,77,1.0,82,1.0,16.0,20,6.0,1.0,2,5,0,2.0,16,2.0,9000,3.0,0.0,3.0,2.0,9,2.0,0,3.0,1995.0,1,902,1.0,1,30.0,0.0,8,42.0,357,0.0,600,1.0,2,2,3.0,0.0,2.0,5.0,2,4.0,1,28
0,408.0,80000.0,80000.0,10,80000.0,69,1.0,785,1.0,20.0,20,6.0,1.0,2,5,0,2.0,9,2.0,4014,3.0,0.0,3.0,2.0,6,2.0,0,3.0,1995.0,0,999,1.0,4,38.0,0.0,247,52.0,95,0.0,600,1.0,1,2,3.0,0.0,2.0,5.0,2,4.0,1,58
0,501.0,150000.0,150000.0,13,150000.0,07,1.0,32,1.0,21.0,20,1.0,1.0,1,1,0,2.0,1,2.0,1000,3.0,0.0,3.0,1.0,1,2.0,0,3.0,2018.0,1,82,1.0,1,50.0,0.0,38,52.0,97,0.0,200,1.0,2,2,3.0,0.0,2.0,5.0,1,4.0,1,40
0,501.0,44000.0,44000.0,04,44000.0,82,1.0,32,1.0,21.0,21,1.0,1.0,1,1,0,1.0,1,2.0,1000,3.0,0.0,3.0,1.0,1,2.0,0,3.0,2018.0,1,999,1.0,1,40.0,0.0,38,52.0,104,0.0,200,1.0,1,2,3.0,0.0,2.0,5.0,2,4.0,1,41
0,501.0,0.0,0.0,42,0.0,69,6.0,32,3.0,19.0,25,6.0,2.0,1,5,0,1.0,1,1.0,1000,2.0,0.0,2.0,2.0,1,2.0,0,2.0,1995.0,1,82,1.0,1,40.0,0.0,38,52.0,62,0.0,200,1.0,2,2,3.0,0.0,2.0,5.0,1,4.0,1,21
0,501.0,0.0,0.0,42,0.0,69,6.0,187,3.0,17.0,21,1.0,2.0,2,1,0,2.0,29,2.0,9000,2.0,0.0,2.0,2.0,9,2.0,0,2.0,2004.0,1,999,1.0,1,40.0,0.0,49,52.0,26,0.0,100,1.0,1,2,3.0,0.0,2.0,5.0,2,4.0,1,42
0,501.0,10000.0,10000.0,91,10000.0,87,1.0,939,1.0,12.0,25,6.0,1.0,2,5,0,2.0,29,2.0,9000,3.0,0.0,3.0,2.0,9,2.0,0,3.0,1995.0,1,999,1.0,1,25.0,0.0,49,20.0,10,0.0,100,1.0,1,2,3.0,0.0,2.0,5.0,2,4.0,1,18
0,330.0,120000.0,120000.0,64,70000.0,07,1.0,212,1.0,11.0,20,1.0,1.0,2,1,0,2.0,41,2.0,9000,3.0,0.0,3.0,2.0,9,2.0,1,3.0,2005.0,0,999,7.0,3,40.0,0.0,303,52.0,109,0.0,100,1.0,1,2,3.0,0.0,2.0,5.0,2,4.0,2,39
0,330.0,0.0,0.0,42,0.0,69,6.0,212,3.0,15.0,21,1.0,2.0,2,1,0,2.0,41,2.0,9000,2.0,0.0,2.0,2.0,9,2.0,1,2.0,2005.0,0,999,1.0,3,40.0,0.0,303,52.0,110,0.0,100,1.0,1,2,3.0,0.0,2.0,5.0,2,4.0,2,34
0,330.0,0.0,0.0,42,0.0,69,6.0,212,3.0,14.0,25,6.0,2.0,2,5,2,2.0,41,2.0,9000,2.0,0.0,2.0,2.0,9,2.0,1,2.0,1995.0,0,999,1.0,1,40.0,0.0,4,52.0,38,0.0,100,1.0,1,2,3.0,0.0,2.0,5.0,2,4.0,2,18
0,194.0,56000.0,56000.0,63,56000.0,07,1.0,999,1.0,16.0,20,6.0,1.0,2,5,0,2.0,1,2.0,1000,3.0,0.0,3.0,2.0,1,2.0,0,3.0,1995.0,1,999,1.0,1,40.0,0.0,38,52.0,71,0.0,500,1.0,4,2,3.0,0.0,2.0,5.0,2,4.0,1,44
1,194.0,2400.0,3500.0,47,3500.0,52,6.0,999,1.0,19.0,25,6.0,1.0,2,5,0,2.0,1,2.0,1000,3.0,0.0,3.0,2.0,1,2.0,0,3.0,1995.0,1,999,1.0,1,40.0,0.0,38,12.0,34,-1100.0,500,1.0,4,2,3.0,0.0,2.0,5.0,2,4.0,1,22
0,194.0,2400.0,3500.0,47,3500.0,52,6.0,999,1.0,19.0,25,6.0,1.0,2,5,0,2.0,1,2.0,1000,3.0,0.0,3.0,2.0,1,2.0,0,3.0,1995.0,1,999,1.0,1,40.0,0.0,38,12.0,32,-1100.0,500,1.0,4,2,3.0,0.0,2.0,5.0,2,4.0,1,20
0,501.0,120000.0,120000.0,13,120000.0,07,1.0,21,1.0,21.0,20,1.0,1.0,2,1,0,2.0,1,2.0,1000,3.0,0.0,3.0,2.0,1,2.0,0,3.0,2020.0,1,999,1.0,1,45.0,0.0,38,52.0,51,0.0,600,1.0,1,2,3.0,0.0,2.0,5.0,2,4.0,1,26
0,501.0,90000.0,90000.0,32,90000.0,81,1.0,32,1.0,20.0,21,1.0,1.0,2,1,0,2.0,1,2.0,1000,3.0,0.0,3.0,2.0,1,2.0,0,3.0,2020.0,1,999,1.0,1,45.0,0.0,38,52.0,39,0.0,600,1.0,1,2,3.0,0.0,2.0,5.0,2,4.0,1,26
0,501.0,51600.0,42000.0,51,42000.0,68,1.0,22,1.0,21.0,20,1.0,1.0,2,1,0,2.0,1,2.0,1000,3.0,0.0,3.0,2.0,1,2.0,0,3.0,1995.0,1,999,1.0,1,40.0,0.0,38,52.0,98,9600.0,600,1.0,1,2,3.0,0.0,2.0,5.0,2,4.0,1,57
0,501.0,80100.0,0.0,92,0.0,60,6.0,50,2.0,16.0,21,1.0,2.0,2,1,0,2.0,1,2.0,1000,2.0,0.0,2.0,2.0,1,2.0,0,2.0,1995.0,1,999,1.0,1,40.0,40100.0,38,52.0,92,0.0,600,1.0,1,2,3.0,0.0,2.0,5.0,2,4.0,1,65
0,39.0,6200.0,6200.0,03,6200.0,86,3.0,82,1.0,16.0,20,4.0,2.0,2,3,0,2.0,1,2.0,1000,1.0,0.0,2.0,2.0,1,2.0,0,2.0,1991.0,1,999,1.0,1,36.0,0.0,38,15.0,32,0.0,500,1.0,1,2,3.0,0.0,2.0,1.0,2,4.0,1,58
0,449.0,5900.0,5900.0,23,5900.0,78,1.0,917,1.0,21.0,20,1.0,1.0,2,1,2,2.0,17,2.0,9000,3.0,0.0,2.0,2.0,9,2.0,1,1.0,2006.0,1,999,1.0,1,8.0,0.0,46,36.0,10,0.0,600,1.0,1,2,3.0,0.0,2.0,5.0,2,4.0,1,44
0,449.0,130000.0,130000.0,02,0.0,01,1.0,924,1.0,21.0,21,1.0,1.0,2,1,2,2.0,1,2.0,1000,2.0,0.0,2.0,2.0,1,2.0,0,2.0,2006.0,1,50,6.0,1,40.0,0.0,6,50.0,15,0.0,600,1.0,2,2,3.0,0.0,2.0,5.0,2,4.0,1,45
0,501.0,128000.0,128000.0,04,128000.0,24,1.0,32,1.0,20.0,20,6.0,1.0,2,5,0,2.0,1,2.0,1000,2.0,0.0,2.0,2.0,1,2.0,0,2.0,1995.0,1,999,1.0,1,45.0,0.0,27,52.0,15,0.0,600,1.0,1,2,3.0,0.0,2.0,5.0,2,4.0,1,35
0,356.0,55000.0,55000.0,08,55000.0,86,1.0,82,1.0,21.0,22,6.0,1.0,2,5,0,2.0,1,2.0,1000,2.0,0.0,2.0,2.0,1,2.0,0,3.0,1995.0,1,999,1.0,1,40.0,0.0,27,52.0,14,0.0,600,1.0,1,2,2.0,0.0,2.0,5.0,2,4.0,1,36
0,501.0,63000.0,63000.0,01,63000.0,68,1.0,924,1.0,21.0,20,1.0,1.0,2,1,0,2.0,1,2.0,1000,2.0,0.0,2.0,2.0,1,2.0,0,2.0,1993.0,1,999,1.0,1,50.0,0.0,27,52.0,61,0.0,600,1.0,1,2,3.0,0.0,2.0,5.0,2,4.0,1,58
0,501.0,105500.0,105000.0,63,105000.0,07,1.0,82,1.0,20.0,21,1.0,1.0,2,1,0,2.0,1,2.0,1000,2.0,0.0,2.0,2.0,1,2.0,0,2.0,1993.0,1,999,1.0,1,45.0,0.0,38,51.0,65,500.0,600,1.0,1,2,3.0,0.0,2.0,5.0,2,4.0,1,57
0,501.0,6000.0,0.0,23,0.0,78,6.0,999,2.0,21.0,25,6.0,2.0,2,5,0,2.0,1,2.0,1000,2.0,0.0,2.0,2.0,1,2.0,0,2.0,1995.0,1,999,1.0,1,40.0,0.0,38,52.0,137,0.0,600,1.0,4,2,2.0,0.0,2.0,5.0,2,4.0,1,21
0,45.0,7000.0,7000.0,14,7000.0,07,6.0,32,1.0,19.0,20,6.0,2.0,2,5,0,2.0,1,2.0,1000,2.0,0.0,2.0,2.0,1,2.0,0,2.0,1995.0,1,22,1.0,1,40.0,0.0,38,12.0,311,0.0,100,1.0,2,2,3.0,0.0,2.0,5.0,2,4.0,1,20
0,259.0,40300.0,40000.0,40,40000.0,82,1.0,89,1.0,16.0,20,4.0,1.0,2,3,0,2.0,1,2.0,1000,3.0,0.0,3.0,2.0,1,2.0,0,3.0,1979.0,1,999,2.0,1,40.0,0.0,27,52.0,16,300.0,600,1.0,1,2,3.0,0.0,2.0,5.0,2,4.0,1,64
0,485.0,146000.0,120000.0,00,120000.0,07,1.0,935,1.0,16.0,20,1.0,1.0,2,1,0,2.0,1,2.0,1000,2.0,0.0,2.0,2.0,1,2.0,0,2.0,2014.0,1,999,1.0,1,50.0,0.0,38,52.0,15,0.0,500,1.0,1,2,2.0,0.0,2.0,1.0,2,2.0,1,36
0,485.0,28000.0,28000.0,35,28000.0,82,1.0,26,1.0,20.0,21,1.0,1.0,2,1,0,2.0,1,2.0,1000,3.0,0.0,3.0,2.0,1,2.0,0,3.0,2014.0,1,32,2.0,1,60.0,0.0,38,52.0,15,0.0,500,1.0,2,2,3.0,0.0,2.0,5.0,2,4.0,1,37
0,365.0,57000.0,57000.0,62,0.0,07,1.0,924,1.0,16.0,20,6.0,1.0,2,5,0,2.0,1,2.0,1000,2.0,0.0,2.0,2.0,1,2.0,0,2.0,1995.0,1,999,6.0,1,40.0,0.0,27,52.0,42,0.0,200,1.0,1,2,3.0,0.0,2.0,5.0,2,2.0,1,61
0,501.0,70000.0,70000.0,47,70000.0,45,1.0,32,1.0,21.0,20,1.0,1.0,2,1,0,2.0,1,2.0,1000,3.0,0.0,3.0,2.0,1,2.0,0,3.0,2021.0,1,82,1.0,1,40.0,0.0,38,52.0,164,0.0,300,1.0,2,2,3.0,0.0,2.0,5.0,2,4.0,1,43
0,501.0,101000.0,75000.0,95,75000.0,07,1.0,32,1.0,17.0,21,1.0,1.0,2,1,0,2.0,1,2.0,1000,3.0,0.0,3.0,2.0,1,2.0,0,3.0,2021.0,1,50,1.0,1,50.0,0.0,2,52.0,213,0.0,300,1.0,2,2,3.0,0.0,2.0,5.0,2,2.0,1,34
0,501.0,26900.0,26900.0,36,26900.0,83,1.0,32,1.0,14.0,25,6.0,1.0,2,5,0,2.0,1,2.0,1000,3.0,0.0,3.0,2.0,1,2.0,0,3.0,1995.0,1,50,1.0,1,28.0,0.0,38,52.0,107,0.0,300,1.0,2,2,3.0,0.0,2.0,5.0,2,4.0,1,22
0,501.0,50000.0,50000.0,63,50000.0,07,1.0,82,1.0,19.0,20,1.0,1.0,2,1,0,2.0,1,2.0,1000,3.0,0.0,3.0,2.0,1,2.0,0,3.0,1989.0,1,89,3.0,1,40.0,0.0,38,52.0,11,0.0,200,1.0,2,2,3.0,0.0,2.0,5.0,2,4.0,1,61
0,501.0,45000.0,45000.0,51,45000.0,93,6.0,32,1.0,21.0,21,1.0,2.0,2,1,0,2.0,1,2.0,1000,2.0,0.0,2.0,2.0,1,2.0,0,2.0,1989.0,1,20,3.0,1,30.0,0.0,38,48.0,19,0.0,200,1.0,2,2,2.0,0.0,2.0,5.0,2,4.0,1,63
0,501.0,70000.0,70000.0,96,70000.0,04,1.0,82,1.0,19.0,25,6.0,1.0,2,5,0,2.0,1,2.0,1000,2.0,0.0,2.0,2.0,1,2.0,0,2.0,1995.0,1,32,1.0,1,40.0,0.0,6,52.0,3,0.0,200,1.0,2,2,2.0,0.0,2.0,5.0,2,4.0,1,29
0,501.0,92000.0,92000.0,32,92000.0,81,1.0,32,1.0,21.0,20,1.0,1.0,2,1,0,2.0,1,2.0,1000,3.0,0.0,3.0,2.0,1,2.0,0,3.0,2012.0,1,999,1.0,1,24.0,0.0,29,52.0,59,0.0,500,1.0,1,2,3.0,0.0,2.0,5.0,2,4.0,1,41
0,501.0,92000.0,92000.0,91,92000.0,63,1.0,82,1.0,16.0,21,1.0,1.0,2,1,0,2.0,1,2.0,1000,3.0,0.0,2.0,2.0,1,2.0,0,2.0,2012.0,1,999,1.0,1,45.0,0.0,38,52.0,52,0.0,500,1.0,1,2,2.0,0.0,2.0,5.0,2,4.0,1,43
0,265.0,62500.0,62000.0,04,62000.0,93,1.0,917,1.0,19.0,20,6.0,1.0,2,5,0,2.0,3,2.0,5013,3.0,0.0,3.0,2.0,3,2.0,1,3.0,1995.0,0,999,3.0,1,40.0,0.0,38,52.0,50,0.0,400,1.0,1,2,3.0,0.0,2.0,5.0,2,4.0,1,26
1,459.0,70000.0,70000.0,38,70000.0,94,3.0,999,1.0,20.0,22,4.0,2.0,2,3,0,2.0,1,2.0,1000,1.0,0.0,2.0,2.0,1,2.0,0,2.0,2012.0,1,999,4.0,1,40.0,0.0,27,52.0,45,0.0,400,1.0,4,2,3.0,0.0,2.0,1.0,2,4.0,1,37
0,333.0,60000.0,60000.0,14,60000.0,30,1.0,32,1.0,21.0,20,1.0,1.0,1,1,0,1.0,1,2.0,1000,3.0,0.0,3.0,2.0,1,2.0,0,3.0,2018.0,1,999,1.0,1,40.0,0.0,27,52.0,35,0.0,600,1.0,1,2,3.0,0.0,2.0,5.0,2,4.0,1,30
0,333.0,41200.0,41200.0,20,41200.0,83,1.0,32,1.0,21.0,21,1.0,1.0,2,1,0,2.0,1,2.0,1000,3.0,0.0,3.0,2.0,1,2.0,0,3.0,2018.0,1,999,2.0,1,40.0,0.0,27,52.0,23,0.0,600,1.0,1,2,3.0,0.0,2.0,5.0,2,4.0,1,29
0,291.0,45000.0,45000.0,96,45000.0,26,1.0,924,1.0,15.0,20,6.0,1.0,2,5,0,2.0,1,2.0,1000,3.0,0.0,3.0,2.0,1,2.0,0,3.0,1995.0,1,999,1.0,1,40.0,0.0,53,52.0,42,0.0,500,3.0,1,2,3.0,0.0,2.0,5.0,2,4.0,1,23
0,0.0,0.0,0.0,96,0.0,53,6.0,924,2.0,19.0,22,6.0,2.0,2,5,0,2.0,1,2.0,1000,2.0,0.0,2.0,2.0,1,2.0,0,2.0,1995.0,1,999,1.0,1,40.0,0.0,53,52.0,119,0.0,500,3.0,1,2,3.0,0.0,2.0,5.0,2,4.0,1,21
0,239.0,44000.0,44000.0,32,44000.0,78,1.0,999,1.0,21.0,20,1.0,1.0,2,1,2,2.0,1,2.0,1000,3.0,0.0,3.0,2.0,1,2.0,0,3.0,2010.0,1,999,4.0,1,40.0,0.0,38,52.0,8,0.0,200,1.0,4,2,3.0,0.0,2.0,5.0,2,4.0,1,28
0,239.0,52000.0,52000.0,05,52000.0,87,1.0,999,1.0,20.0,21,1.0,1.0,2,1,0,2.0,1,2.0,1000,3.0,0.0,3.0,2.0,1,2.0,0,3.0,2010.0,1,999,1.0,1,50.0,0.0,38,52.0,17,0.0,200,1.0,4,2,3.0,0.0,2.0,5.0,2,4.0,1,37
1,131.0,27120.0,27000.0,09,27000.0,68,1.0,32,1.0,21.0,20,6.0,1.0,2,5,0,2.0,1,2.0,1000,3.0,0.0,3.0,2.0,1,2.0,0,3.0,1995.0,1,999,7.0,1,40.0,0.0,38,52.0,35,120.0,400,1.0,1,2,3.0,0.0,2.0,5.0,2,4.0,1,31
0,332.0,52000.0,52000.0,48,52000.0,44,1.0,32,1.0,19.0,22,6.0,1.0,2,5,0,2.0,1,2.0,1000,3.0,0.0,3.0,2.0,1,2.0,0,3.0,1995.0,1,82,7.0,1,48.0,0.0,38,52.0,23,0.0,400,1.0,2,2,3.0,0.0,2.0,5.0,2,4.0,1,35
0,501.0,30000.0,30000.0,34,30000.0,81,1.0,98,1.0,21.0,20,1.0,1.0,2,1,0,2.0,1,2.0,1000,3.0,0.0,3.0,2.0,1,2.0,0,3.0,2010.0,1,999,1.0,1,20.0,0.0,27,52.0,98,0.0,600,3.0,1,2,3.0,0.0,2.0,5.0,2,4.0,1,35
0,501.0,96000.0,96000.0,10,96000.0,73,1.0,32,1.0,20.0,21,1.0,1.0,2,1,0,2.0,1,2.0,1000,3.0,0.0,3.0,2.0,1,2.0,0,3.0,2010.0,1,999,1.0,1,45.0,0.0,38,52.0,107,0.0,600,3.0,1,2,3.0,0.0,2.0,5.0,2,4.0,1,37
0,236.0,7100.0,7100.0,74,7100.0,77,1.0,999,1.0,16.0,25,6.0,1.0,2,5,0,2.0,1,2.0,1000,3.0,0.0,3.0,2.0,1,2.0,0,3.0,1995.0,1,999,1.0,1,35.0,0.0,38,17.0,23,0.0,500,1.0,4,2,3.0,0.0,2.0,5.0,2,4.0,1,49
0,214.0,0.0,0.0,41,0.0,86,6.0,999,2.0,19.0,20,1.0,1.0,2,1,0,2.0,1,2.0,1000,3.0,0.0,3.0,2.0,1,2.0,0,3.0,2016.0,1,999,1.0,1,40.0,0.0,38,52.0,14,0.0,100,1.0,4,2,3.0,0.0,2.0,5.0,2,4.0,1,33
0,214.0,64000.0,64000.0,38,64000.0,94,1.0,999,1.0,18.0,21,1.0,1.0,2,1,0,2.0,1,2.0,1000,3.0,0.0,3.0,2.0,1,2.0,0,3.0,2016.0,1,999,3.0,1,42.0,0.0,38,52.0,47,0.0,100,1.0,4,2,3.0,0.0,2.0,5.0,2,4.0,1,34
0,22.0,3400.0,0.0,09,0.0,72,6.0,917,2.0,21.0,20,4.0,2.0,2,3,0,2.0,3,2.0,5013,2.0,0.0,2.0,2.0,3,2.0,1,2.0,1984.0,0,999,1.0,1,40.0,0.0,6,52.0,82,0.0,400,1.0,1,2,3.0,3400.0,2.0,5.0,2,4.0,1,60
0,320.0,50000.0,50000.0,56,50000.0,25,1.0,32,1.0,16.0,20,6.0,1.0,1,5,0,2.0,1,2.0,1000,3.0,0.0,3.0,2.0,1,2.0,0,3.0,1995.0,1,999,1.0,1,40.0,0.0,38,52.0,112,0.0,600,1.0,1,2,3.0,0.0,2.0,5.0,1,4.0,1,51
0,444.0,90000.0,90000.0,68,90000.0,03,1.0,50,1.0,20.0,20,1.0,1.0,2,1,0,2.0,1,2.0,1000,3.0,0.0,3.0,2.0,1,2.0,0,3.0,1997.0,1,32,1.0,1,40.0,0.0,38,52.0,25,0.0,100,1.0,2,2,3.0,0.0,2.0,5.0,2,4.0,1,49
0,444.0,0.0,0.0,42,0.0,69,6.0,32,3.0,12.0,21,1.0,2.0,2,1,0,2.0,17,2.0,9000,2.0,0.0,2.0,2.0,9,2.0,1,2.0,1997.0,1,920,1.0,1,40.0,0.0,38,52.0,58,0.0,100,1.0,2,2,3.0,0.0,2.0,3.0,2,4.0,1,59
1,90.0,14200.0,0.0,42,0.0,69,6.0,50,3.0,18.0,20,6.0,2.0,2,5,0,2.0,1,2.0,1000,2.0,0.0,2.0,2.0,1,2.0,0,2.0,1995.0,1,22,1.0,1,40.0,12800.0,21,52.0,254,0.0,600,1.0,2,2,3.0,1400.0,2.0,5.0,2,4.0,1,44
1,107.0,21600.0,0.0,42,0.0,69,6.0,999,3.0,17.0,25,4.0,1.0,1,3,0,2.0,3,2.0,5024,3.0,0.0,3.0,1.0,3,2.0,1,3.0,1994.0,0,999,1.0,1,40.0,21600.0,38,52.0,31,0.0,100,1.0,4,2,3.0,0.0,2.0,5.0,2,4.0,1,64
0,107.0,400.0,400.0,00,400.0,93,6.0,999,1.0,20.0,25,6.0,1.0,2,5,0,2.0,3,2.0,5013,3.0,0.0,3.0,2.0,3,2.0,1,3.0,1995.0,0,999,3.0,1,5.0,0.0,38,26.0,24,0.0,100,1.0,4,2,3.0,0.0,2.0,5.0,2,4.0,1,55
0,345.0,50000.0,50000.0,57,50000.0,68,1.0,82,1.0,21.0,20,1.0,1.0,2,1,0,2.0,1,2.0,1000,3.0,0.0,3.0,2.0,1,2.0,0,3.0,1989.0,1,89,1.0,1,40.0,0.0,38,52.0,161,0.0,600,1.0,2,2,3.0,0.0,2.0,5.0,2,4.0,1,58
0,501.0,57600.0,57000.0,07,57000.0,45,1.0,82,1.0,20.0,21,1.0,1.0,2,1,0,2.0,1,2.0,1000,3.0,0.0,3.0,2.0,1,2.0,0,3.0,1990.0,1,999,1.0,1,40.0,0.0,38,52.0,38,0.0,500,1.0,1,2,3.0,0.0,2.0,5.0,2,4.0,1,54
0,501.0,125000.0,125000.0,04,125000.0,05,1.0,32,1.0,20.0,20,1.0,1.0,2,1,0,2.0,1,2.0,1000,3.0,0.0,3.0,2.0,1,2.0,0,3.0,2005.0,1,82,2.0,1,40.0,0.0,38,52.0,32,0.0,600,1.0,2,2,3.0,0.0,2.0,5.0,2,4.0,1,43
0,501.0,60000.0,60000.0,32,60000.0,94,1.0,22,1.0,20.0,21,1.0,1.0,2,1,0,2.0,1,2.0,1000,3.0,0.0,3.0,2.0,1,2.0,0,3.0,2005.0,1,89,5.0,1,40.0,0.0,38,52.0,30,0.0,600,1.0,2,2,3.0,0.0,2.0,5.0,2,4.0,1,44
0,153.0,24000.0,24000.0,22,24000.0,78,1.0,999,1.0,21.0,20,6.0,1.0,2,5,0,2.0,1,2.0,1000,3.0,0.0,3.0,2.0,1,2.0,0,3.0,1995.0,1,999,2.0,1,28.0,0.0,27,50.0,741,0.0,600,3.0,4,2,3.0,0.0,2.0,5.0,2,4.0,1,23
0,287.0,45000.0,45000.0,42,45000.0,77,1.0,999,1.0,19.0,22,6.0,1.0,2,5,0,2.0,1,2.0,1000,3.0,0.0,3.0,2.0,1,2.0,0,3.0,1995.0,1,999,1.0,1,80.0,0.0,38,34.0,335,0.0,600,3.0,4,2,3.0,0.0,2.0,5.0,2,4.0,1,23
0,243.0,38000.0,38000.0,96,38000.0,42,1.0,32,1.0,16.0,34,6.0,1.0,2,5,2,2.0,1,2.0,1000,3.0,0.0,3.0,2.0,1,2.0,0,3.0,1995.0,1,50,1.0,1,45.0,0.0,38,52.0,529,0.0,600,3.0,2,2,3.0,0.0,2.0,5.0,2,4.0,1,23
0,55.0,8600.0,8000.0,02,0.0,01,1.0,32,1.0,19.0,34,6.0,1.0,2,5,0,2.0,1,2.0,1000,3.0,0.0,3.0,2.0,1,2.0,0,3.0,1995.0,1,999,6.0,1,60.0,0.0,27,40.0,529,600.0,600,3.0,1,2,3.0,0.0,2.0,5.0,2,4.0,1,23
0,398.0,93000.0,75000.0,71,75000.0,87,1.0,32,1.0,20.0,20,1.0,1.0,2,1,0,2.0,1,2.0,1000,3.0,0.0,3.0,2.0,1,2.0,0,3.0,2000.0,1,82,5.0,1,40.0,0.0,38,52.0,20,0.0,400,1.0,2,2,3.0,0.0,2.0,5.0,2,2.0,1,60
0,398.0,20000.0,20000.0,40,20000.0,82,1.0,226,1.0,15.0,21,1.0,1.0,2,1,0,2.0,15,2.0,8000,3.0,0.0,3.0,2.0,8,2.0,0,3.0,2000.0,0,999,2.0,3,50.0,0.0,312,52.0,34,0.0,400,1.0,1,2,3.0,0.0,2.0,5.0,2,4.0,11,51
0,398.0,11000.0,0.0,42,0.0,69,6.0,226,3.0,15.0,33,4.0,2.0,1,3,2,1.0,15,1.0,8000,2.0,0.0,2.0,1.0,8,1.0,0,2.0,1990.0,0,999,1.0,3,40.0,0.0,312,52.0,9,0.0,400,1.0,1,2,3.0,0.0,2.0,5.0,2,4.0,11,64
1,164.0,25000.0,25000.0,42,25000.0,70,1.0,939,1.0,17.0,20,6.0,1.0,1,5,0,1.0,1,1.0,1000,3.0,0.0,3.0,2.0,1,2.0,0,3.0,1995.0,1,999,1.0,1,40.0,0.0,48,52.0,201,0.0,500,1.0,1,1,3.0,0.0,2.0,5.0,2,4.0,1,24
1,291.0,0.0,0.0,42,0.0,69,6.0,111,3.0,16.0,25,6.0,2.0,2,5,0,2.0,1,2.0,1000,2.0,0.0,2.0,2.0,1,2.0,0,2.0,1995.0,1,999,1.0,1,40.0,0.0,38,52.0,3,0.0,500,1.0,1,2,3.0,0.0,2.0,1.0,2,4.0,1,42
0,501.0,61000.0,61000.0,62,61000.0,07,1.0,82,1.0,20.0,20,1.0,1.0,2,1,0,2.0,1,2.0,1000,3.0,0.0,2.0,2.0,1,2.0,0,2.0,2006.0,1,999,1.0,1,44.0,0.0,6,52.0,269,0.0,300,1.0,1,2,3.0,0.0,2.0,5.0,2,4.0,1,52
0,501.0,44700.0,44700.0,15,44700.0,30,1.0,32,1.0,20.0,21,1.0,1.0,2,1,0,2.0,1,2.0,1000,3.0,0.0,3.0,2.0,1,2.0,0,3.0,2006.0,1,999,1.0,1,40.0,0.0,55,52.0,191,0.0,300,1.0,1,2,3.0,0.0,2.0,5.0,2,4.0,1,47
0,336.0,42200.0,41000.0,32,41000.0,81,2.0,32,1.0,21.0,20,1.0,2.0,2,1,0,2.0,1,2.0,1000,3.0,0.0,2.0,2.0,1,2.0,0,1.0,2016.0,1,50,1.0,1,40.0,0.0,38,42.0,45,1200.0,600,1.0,2,2,3.0,0.0,2.0,5.0,2,4.0,1,34
0,336.0,40100.0,40000.0,19,40000.0,45,1.0,32,1.0,16.0,21,1.0,1.0,2,1,0,2.0,1,2.0,1000,3.0,0.0,3.0,2.0,1,2.0,0,3.0,2016.0,1,82,1.0,1,45.0,0.0,38,50.0,48,100.0,600,1.0,2,2,3.0,0.0,2.0,5.0,2,4.0,1,38
0,436.0,48000.0,48000.0,62,48000.0,60,1.0,935,1.0,17.0,20,1.0,1.0,2,1,0,2.0,17,2.0,9000,3.0,0.0,3.0,2.0,9,2.0,1,3.0,2015.0,1,999,1.0,1,99.0,0.0,38,52.0,81,0.0,500,1.0,1,2,3.0,0.0,2.0,5.0,2,4.0,1,40
0,436.0,73020.0,73000.0,02,73000.0,78,6.0,999,1.0,9.0,21,1.0,1.0,2,1,0,2.0,15,2.0,8000,3.0,0.0,3.0,2.0,8,2.0,0,3.0,2015.0,0,999,3.0,3,50.0,0.0,303,43.0,206,20.0,500,1.0,4,2,3.0,0.0,2.0,5.0,2,4.0,2,43
0,436.0,38000.0,38000.0,96,38000.0,24,1.0,999,1.0,18.0,27,6.0,1.0,2,5,0,2.0,15,2.0,8000,3.0,0.0,3.0,2.0,8,2.0,0,3.0,1995.0,0,999,1.0,1,40.0,0.0,38,52.0,30,0.0,500,1.0,4,2,3.0,0.0,2.0,5.0,2,4.0,2,20
0,501.0,110000.0,100000.0,51,100000.0,68,1.0,999,1.0,21.0,20,1.0,1.0,2,1,0,2.0,1,2.0,1000,3.0,0.0,3.0,2.0,1,2.0,0,3.0,1985.0,1,999,7.0,1,32.0,0.0,38,52.0,83,10000.0,200,1.0,4,2,3.0,0.0,2.0,5.0,2,4.0,1,55
0,501.0,100000.0,100000.0,63,100000.0,07,1.0,999,1.0,16.0,21,1.0,1.0,2,1,0,2.0,1,2.0,1000,3.0,0.0,3.0,2.0,1,2.0,0,3.0,1985.0,1,999,7.0,1,70.0,0.0,38,52.0,49,0.0,200,1.0,4,2,3.0,0.0,2.0,5.0,2,4.0,1,57
0,295.0,45500.0,45500.0,23,45500.0,78,1.0,32,1.0,22.0,20,6.0,1.0,2,5,0,2.0,1,2.0,1000,3.0,0.0,3.0,2.0,1,2.0,0,3.0,1995.0,1,999,2.0,1,40.0,0.0,38,52.0,186,0.0,500,1.0,1,2,3.0,0.0,2.0,5.0,2,4.0,1,26
0,325.0,78600.0,60000.0,57,60000.0,61,1.0,996,1.0,16.0,20,4.0,1.0,2,3,0,2.0,1,2.0,1000,2.0,0.0,3.0,2.0,1,2.0,0,3.0,2009.0,1,999,1.0,1,50.0,0.0,6,52.0,27,0.0,200,1.0,3,2,3.0,0.0,2.0,5.0,2,4.0,1,31
1,77.0,12100.0,0.0,42,0.0,69,6.0,82,3.0,16.0,20,6.0,2.0,1,5,0,1.0,1,2.0,1000,2.0,0.0,2.0,2.0,1,2.0,0,2.0,1995.0,1,999,1.0,1,40.0,12100.0,38,52.0,99,0.0,400,1.0,1,2,3.0,0.0,2.0,5.0,2,4.0,1,20
0,410.0,42000.0,0.0,23,0.0,78,6.0,32,2.0,21.0,20,1.0,2.0,1,1,0,2.0,1,2.0,1000,2.0,0.0,2.0,1.0,1,2.0,0,2.0,1987.0,1,50,1.0,1,40.0,30000.0,17,52.0,178,12000.0,500,1.0,2,2,3.0,0.0,2.0,5.0,2,4.0,1,65
0,501.0,61600.0,60000.0,57,60000.0,68,1.0,82,1.0,16.0,21,1.0,1.0,2,1,0,2.0,1,2.0,1000,2.0,0.0,2.0,2.0,1,2.0,0,2.0,1976.0,1,32,1.0,1,40.0,1600.0,38,52.0,19,0.0,400,1.0,2,2,3.0,0.0,2.0,1.0,2,4.0,1,65
0,383.0,51200.0,50000.0,91,50000.0,07,1.0,26,1.0,19.0,20,1.0,1.0,2,1,2,2.0,1,2.0,1000,3.0,0.0,2.0,2.0,1,2.0,0,2.0,2003.0,1,32,1.0,1,40.0,0.0,6,52.0,11,1200.0,200,1.0,2,2,3.0,0.0,2.0,5.0,2,4.0,1,54
0,383.0,35200.0,33600.0,40,33600.0,78,1.0,32,1.0,16.0,21,1.0,1.0,2,1,0,2.0,1,2.0,1000,3.0,0.0,3.0,2.0,1,2.0,0,3.0,2003.0,1,87,3.0,1,40.0,0.0,38,40.0,19,1600.0,200,1.0,2,2,3.0,0.0,2.0,5.0,2,4.0,1,53
0,335.0,51000.0,51000.0,11,51000.0,69,1.0,82,1.0,20.0,20,6.0,1.0,2,5,0,2.0,1,2.0,1000,3.0,0.0,3.0,2.0,1,2.0,0,3.0,1995.0,1,89,1.0,1,42.0,0.0,27,52.0,106,0.0,600,1.0,2,2,3.0,0.0,2.0,5.0,2,4.0,1,52
0,501.0,72000.0,72000.0,23,72000.0,78,1.0,82,1.0,22.0,20,1.0,1.0,2,1,0,2.0,1,2.0,1000,3.0,0.0,3.0,2.0,1,2.0,0,3.0,1997.0,1,89,3.0,1,40.0,0.0,27,52.0,87,0.0,600,1.0,2,2,3.0,0.0,2.0,5.0,2,4.0,1,49
0,501.0,74000.0,74000.0,23,72000.0,78,1.0,82,1.0,22.0,21,1.0,1.0,2,1,0,2.0,1,2.0,1000,3.0,0.0,3.0,2.0,1,2.0,0,3.0,1997.0,1,425,3.0,1,40.0,0.0,29,52.0,130,0.0,600,1.0,2,2,3.0,0.0,2.0,5.0,2,4.0,1,48
0,501.0,35000.0,35000.0,89,35000.0,24,1.0,82,1.0,19.0,25,6.0,1.0,2,5,0,2.0,1,2.0,1000,3.0,0.0,3.0,2.0,1,2.0,0,3.0,1995.0,1,999,1.0,1,40.0,0.0,38,52.0,118,0.0,600,1.0,1,2,3.0,0.0,2.0,5.0,2,4.0,1,22
0,105.0,16600.0,16600.0,02,0.0,01,1.0,999,1.0,20.0,20,6.0,1.0,2,5,2,2.0,17,2.0,9000,3.0,0.0,3.0,2.0,9,2.0,1,3.0,1995.0,1,999,6.0,1,50.0,0.0,38,52.0,51,0.0,200,1.0,4,2,3.0,0.0,2.0,5.0,2,4.0,1,26
0,240.0,0.0,0.0,42,0.0,69,6.0,924,3.0,1.0,25,4.0,2.0,2,3,0,2.0,29,2.0,9000,2.0,0.0,2.0,2.0,9,2.0,0,2.0,2006.0,1,999,1.0,1,40.0,0.0,6,52.0,77,0.0,500,1.0,1,2,3.0,0.0,2.0,5.0,2,4.0,24,43
0,496.0,77000.0,77000.0,30,77000.0,50,1.0,82,1.0,24.0,20,2.0,1.0,1,1,0,2.0,1,2.0,1000,3.0,0.0,3.0,2.0,1,2.0,0,3.0,2022.0,1,32,1.0,1,43.0,0.0,38,52.0,47,0.0,100,1.0,2,1,3.0,0.0,1.0,5.0,2,4.0,1,34
0,345.0,46000.0,46000.0,72,46000.0,46,1.0,999,1.0,15.0,21,1.0,1.0,1,1,0,2.0,1,2.0,1000,3.0,0.0,3.0,2.0,1,2.0,0,3.0,1999.0,1,999,1.0,1,45.0,0.0,38,52.0,71,0.0,400,1.0,4,2,3.0,0.0,2.0,5.0,1,4.0,1,65
0,191.0,30000.0,30000.0,57,30000.0,96,4.0,32,1.0,19.0,20,1.0,1.0,2,1,0,2.0,1,2.0,1000,3.0,0.0,3.0,2.0,1,2.0,0,3.0,2017.0,1,112,5.0,1,40.0,0.0,37,52.0,103,0.0,200,1.0,2,2,3.0,0.0,2.0,5.0,2,1.0,1,28
0,191.0,8900.0,8900.0,73,8900.0,71,1.0,935,1.0,20.0,21,1.0,1.0,1,1,0,1.0,1,1.0,1000,3.0,0.0,3.0,2.0,1,2.0,0,3.0,2017.0,1,50,5.0,1,40.0,0.0,27,52.0,95,0.0,200,1.0,2,2,3.0,0.0,2.0,5.0,2,4.0,1,29
0,479.0,75000.0,75000.0,63,75000.0,07,1.0,996,1.0,20.0,20,4.0,1.0,2,3,0,2.0,1,2.0,1000,3.0,0.0,3.0,2.0,1,2.0,0,3.0,2001.0,1,999,1.0,1,50.0,0.0,41,52.0,179,0.0,200,1.0,3,2,3.0,0.0,2.0,5.0,2,4.0,1,61
0,80.0,1300.0,1300.0,45,1300.0,89,6.0,210,1.0,18.0,20,6.0,2.0,2,5,0,2.0,1,2.0,1000,2.0,0.0,2.0,2.0,1,2.0,0,2.0,1995.0,1,22,1.0,1,20.0,0.0,48,6.0,218,0.0,600,3.0,2,2,3.0,0.0,2.0,5.0,2,4.0,2,18
0,94.0,15000.0,15000.0,84,15000.0,49,1.0,210,1.0,20.0,22,6.0,1.0,2,5,0,2.0,1,2.0,1000,3.0,0.0,3.0,2.0,1,2.0,0,3.0,1995.0,1,22,1.0,1,45.0,0.0,48,17.0,137,0.0,600,3.0,2,2,3.0,0.0,2.0,5.0,2,4.0,2,20
0,80.0,15000.0,15000.0,96,15000.0,44,1.0,210,1.0,16.0,28,6.0,1.0,2,5,0,2.0,1,2.0,1000,3.0,0.0,3.0,2.0,1,2.0,0,3.0,1995.0,1,22,1.0,1,40.0,0.0,48,17.0,215,0.0,600,3.0,2,2,3.0,0.0,2.0,5.0,2,4.0,2,20
0,501.0,180500.0,145000.0,47,145000.0,48,1.0,82,1.0,21.0,20,1.0,1.0,2,1,0,2.0,1,2.0,1000,3.0,0.0,3.0,2.0,1,2.0,0,3.0,2014.0,1,999,1.0,1,50.0,0.0,27,52.0,51,0.0,400,1.0,1,2,3.0,17500.0,2.0,5.0,2,4.0,1,32
0,501.0,115000.0,115000.0,47,115000.0,48,1.0,82,1.0,16.0,21,1.0,1.0,2,1,0,2.0,1,2.0,1000,3.0,0.0,3.0,2.0,1,2.0,0,3.0,2014.0,1,999,7.0,1,60.0,0.0,8,52.0,60,0.0,400,1.0,1,2,3.0,0.0,2.0,5.0,2,4.0,1,37
0,145.0,4500.0,4500.0,57,4500.0,91,1.0,996,1.0,21.0,20,1.0,1.0,2,1,0,2.0,1,2.0,1000,3.0,0.0,3.0,2.0,1,2.0,0,3.0,2007.0,1,999,2.0,1,5.0,0.0,27,52.0,31,0.0,500,1.0,3,2,3.0,0.0,2.0,5.0,2,4.0,1,47
0,145.0,60000.0,60000.0,22,60000.0,78,1.0,996,1.0,24.0,21,1.0,1.0,2,1,0,2.0,1,2.0,1000,3.0,0.0,3.0,2.0,1,2.0,0,3.0,2007.0,1,999,4.0,1,50.0,0.0,38,52.0,87,0.0,500,1.0,3,2,3.0,0.0,2.0,5.0,2,4.0,1,52
0,158.0,33000.0,33000.0,54,33000.0,81,1.0,924,1.0,21.0,20,6.0,1.0,2,5,0,2.0,1,2.0,1000,3.0,0.0,3.0,2.0,1,2.0,0,3.0,1995.0,1,999,4.0,1,40.0,0.0,38,52.0,86,0.0,400,1.0,1,2,3.0,0.0,2.0,5.0,2,4.0,1,27
1,95.0,15000.0,15000.0,36,15000.0,81,1.0,999,1.0,19.0,22,6.0,1.0,2,5,0,2.0,1,2.0,1000,3.0,0.0,3.0,2.0,1,2.0,0,3.0,1995.0,1,999,4.0,1,20.0,0.0,38,52.0,12,0.0,400,1.0,4,2,3.0,0.0,2.0,5.0,2,4.0,2,28
0,501.0,50000.0,50000.0,52,50000.0,69,1.0,996,1.0,21.0,20,1.0,1.0,2,1,2,2.0,1,2.0,1000,3.0,0.0,3.0,2.0,1,2.0,0,3.0,1995.0,1,999,1.0,1,37.0,0.0,38,52.0,36,0.0,400,1.0,3,2,3.0,0.0,2.0,5.0,2,4.0,1,49
0,322.0,50000.0,50000.0,87,50000.0,30,1.0,21,1.0,16.0,20,6.0,1.0,2,5,0,2.0,1,2.0,1000,3.0,0.0,3.0,2.0,1,2.0,0,3.0,1995.0,1,999,1.0,1,40.0,0.0,4,52.0,91,0.0,600,1.0,1,2,3.0,0.0,2.0,5.0,2,4.0,1,53
0,501.0,8200.0,0.0,42,0.0,69,6.0,82,3.0,18.0,25,6.0,2.0,1,5,1,1.0,1,2.0,1000,2.0,0.0,2.0,2.0,1,2.0,0,2.0,1995.0,1,32,1.0,1,40.0,8200.0,38,52.0,89,0.0,600,1.0,2,2,3.0,0.0,2.0,5.0,2,4.0,1,37
1,99.0,20000.0,12000.0,52,12000.0,54,1.0,999,1.0,20.0,20,4.0,1.0,2,3,0,2.0,1,2.0,1000,3.0,6000.0,3.0,2.0,1,2.0,0,3.0,2003.0,1,999,1.0,1,20.0,1000.0,38,52.0,110,0.0,400,1.0,4,2,3.0,0.0,2.0,5.0,2,4.0,1,45
1,99.0,0.0,0.0,42,0.0,69,6.0,82,3.0,14.0,25,6.0,2.0,2,5,0,2.0,1,2.0,1000,2.0,0.0,2.0,2.0,1,2.0,0,2.0,1995.0,1,999,1.0,1,40.0,0.0,38,52.0,53,0.0,400,1.0,1,2,3.0,0.0,2.0,5.0,2,4.0,1,18
0,431.0,29000.0,29000.0,51,29000.0,68,1.0,153,1.0,20.0,21,1.0,1.0,2,1,0,2.0,1,2.0,1000,3.0,0.0,3.0,2.0,1,2.0,0,3.0,1978.0,1,999,1.0,1,30.0,0.0,55,52.0,51,0.0,200,1.0,1,2,3.0,0.0,2.0,5.0,2,4.0,1,64
0,496.0,60000.0,60000.0,57,60000.0,72,1.0,999,1.0,20.0,20,1.0,1.0,2,1,0,2.0,1,2.0,1000,3.0,0.0,3.0,2.0,1,2.0,0,3.0,2022.0,1,999,1.0,1,40.0,0.0,38,52.0,28,0.0,600,1.0,4,2,3.0,0.0,2.0,5.0,2,4.0,1,43
0,496.0,60000.0,60000.0,15,60000.0,66,1.0,999,1.0,20.0,21,1.0,1.0,2,1,0,2.0,1,2.0,1000,3.0,0.0,3.0,2.0,1,2.0,0,3.0,2022.0,1,999,1.0,1,40.0,0.0,38,52.0,30,0.0,600,1.0,4,2,3.0,0.0,2.0,5.0,2,4.0,1,38
0,501.0,97000.0,97000.0,07,97000.0,28,1.0,32,1.0,20.0,20,1.0,1.0,2,1,0,2.0,1,2.0,1000,3.0,0.0,3.0,2.0,1,2.0,0,3.0,2021.0,1,999,1.0,1,53.0,0.0,38,52.0,24,0.0,100,1.0,1,2,3.0,0.0,2.0,5.0,2,4.0,1,33
0,501.0,76000.0,76000.0,07,76000.0,41,1.0,32,1.0,20.0,21,1.0,1.0,2,1,0,2.0,1,2.0,1000,3.0,0.0,3.0,2.0,1,2.0,0,3.0,2021.0,1,82,1.0,1,45.0,0.0,38,52.0,37,0.0,100,1.0,2,2,3.0,0.0,2.0,5.0,2,4.0,1,36
0,384.0,48500.0,0.0,43,0.0,90,6.0,82,2.0,19.0,20,1.0,2.0,1,1,0,1.0,1,2.0,1000,2.0,0.0,2.0,2.0,1,2.0,0,2.0,2009.0,1,999,3.0,1,40.0,0.0,38,52.0,70,0.0,300,1.0,1,2,3.0,0.0,2.0,5.0,2,2.0,1,41
0,384.0,79300.0,0.0,49,0.0,75,6.0,902,2.0,19.0,21,1.0,2.0,1,1,0,1.0,16,1.0,9000,2.0,0.0,2.0,1.0,9,2.0,0,2.0,2009.0,1,195,1.0,1,40.0,0.0,48,52.0,93,0.0,300,1.0,2,1,3.0,0.0,2.0,5.0,2,2.0,1,44
1,501.0,16000.0,15400.0,96,15400.0,53,1.0,82,1.0,16.0,25,6.0,1.0,2,5,0,2.0,1,2.0,1000,3.0,0.0,3.0,2.0,1,2.0,0,3.0,1995.0,1,112,1.0,1,24.0,0.0,38,52.0,18,600.0,200,1.0,2,2,3.0,0.0,2.0,5.0,2,4.0,1,34
0,250.0,49000.0,49000.0,20,49000.0,69,1.0,32,1.0,20.0,20,6.0,1.0,2,5,0,2.0,1,2.0,1000,3.0,0.0,3.0,2.0,1,2.0,0,3.0,1995.0,1,112,1.0,1,40.0,0.0,38,52.0,476,0.0,300,1.0,2,2,3.0,0.0,2.0,5.0,2,4.0,1,52
0,250.0,0.0,0.0,36,0.0,81,6.0,32,2.0,21.0,25,6.0,2.0,1,5,0,1.0,1,1.0,1000,2.0,0.0,2.0,1.0,1,1.0,0,2.0,1995.0,1,112,1.0,1,40.0,0.0,38,52.0,418,0.0,300,1.0,2,2,3.0,0.0,2.0,5.0,2,4.0,1,27
0,501.0,55000.0,55000.0,33,55000.0,80,1.0,82,1.0,20.0,20,1.0,1.0,2,1,0,2.0,1,2.0,1000,3.0,0.0,3.0,2.0,1,2.0,0,3.0,1992.0,1,32,1.0,1,40.0,0.0,38,52.0,53,0.0,600,1.0,2,2,3.0,0.0,2.0,5.0,2,4.0,1,57
0,501.0,52000.0,52000.0,80,52000.0,28,1.0,32,1.0,19.0,21,1.0,1.0,1,1,0,2.0,1,2.0,1000,3.0,0.0,3.0,2.0,1,2.0,0,3.0,1992.0,1,999,1.0,1,40.0,0.0,27,52.0,51,0.0,600,1.0,1,2,3.0,0.0,2.0,5.0,1,4.0,1,58
0,501.0,28000.0,28000.0,47,28000.0,49,1.0,32,1.0,16.0,25,6.0,1.0,1,5,0,1.0,1,2.0,1000,3.0,0.0,3.0,2.0,1,2.0,0,3.0,1995.0,1,82,1.0,1,40.0,0.0,27,52.0,67,0.0,600,1.0,2,2,3.0,0.0,2.0,5.0,2,4.0,1,29
0,501.0,148500.0,0.0,40,0.0,49,6.0,32,2.0,20.0,20,3.0,2.0,2,2,0,2.0,1,2.0,1000,2.0,0.0,2.0,2.0,1,2.0,0,2.0,1977.0,1,999,1.0,1,40.0,29500.0,38,52.0,82,7000.0,200,1.0,1,2,3.0,0.0,2.0,5.0,2,4.0,1,64
1,22.0,3500.0,0.0,42,0.0,69,6.0,917,3.0,14.0,20,4.0,2.0,2,3,0,2.0,3,2.0,5013,2.0,0.0,2.0,2.0,3,2.0,1,2.0,1990.0,0,999,1.0,1,40.0,0.0,38,52.0,129,0.0,400,3.0,1,2,3.0,3500.0,2.0,5.0,2,4.0,1,58
0,501.0,50870.0,50000.0,22,50000.0,78,1.0,999,1.0,24.0,20,1.0,1.0,2,1,0,2.0,1,2.0,1000,3.0,0.0,3.0,2.0,1,2.0,0,3.0,2015.0,1,999,2.0,1,40.0,0.0,38,52.0,219,870.0,300,1.0,4,2,3.0,0.0,2.0,5.0,2,4.0,1,31
0,501.0,50000.0,50000.0,91,50000.0,45,1.0,999,1.0,21.0,21,1.0,1.0,2,1,0,2.0,1,2.0,1000,3.0,0.0,3.0,2.0,1,2.0,0,3.0,2015.0,1,999,1.0,1,40.0,0.0,38,52.0,172,0.0,300,1.0,4,2,3.0,0.0,2.0,5.0,2,4.0,1,33
0,130.0,20700.0,9100.0,40,9100.0,49,6.0,939,1.0,20.0,20,4.0,2.0,1,3,1,1.0,1,2.0,1000,2.0,0.0,2.0,1.0,1,2.0,0,2.0,1997.0,1,999,1.0,1,25.0,9800.0,26,36.0,106,1800.0,300,1.0,1,2,3.0,0.0,2.0,5.0,2,4.0,1,64
0,336.0,35000.0,35000.0,45,35000.0,91,1.0,32,1.0,21.0,20,1.0,1.0,2,1,0,2.0,1,2.0,1000,3.0,0.0,3.0,2.0,1,2.0,0,3.0,2010.0,1,26,2.0,1,40.0,0.0,38,52.0,40,0.0,200,1.0,2,2,3.0,0.0,2.0,5.0,2,3.0,1,42
0,336.0,46000.0,46000.0,40,46000.0,78,1.0,32,1.0,20.0,21,1.0,1.0,2,1,0,2.0,1,2.0,1000,3.0,0.0,3.0,2.0,1,2.0,0,3.0,2010.0,1,94,1.0,1,40.0,0.0,38,52.0,41,0.0,200,1.0,2,2,3.0,0.0,2.0,5.0,2,4.0,1,42
0,501.0,167600.0,160000.0,03,160000.0,73,1.0,32,1.0,21.0,20,1.0,1.0,2,1,0,2.0,1,2.0,1000,3.0,0.0,3.0,2.0,1,2.0,0,3.0,1991.0,1,999,1.0,1,50.0,0.0,38,52.0,189,7600.0,300,1.0,1,2,3.0,0.0,2.0,5.0,2,4.0,1,56
0,501.0,63000.0,63000.0,32,63000.0,81,1.0,89,1.0,21.0,21,1.0,1.0,2,1,0,2.0,1,2.0,1000,3.0,0.0,3.0,2.0,1,2.0,0,3.0,1991.0,1,999,1.0,1,30.0,0.0,38,52.0,205,0.0,300,1.0,1,2,3.0,0.0,2.0,5.0,2,4.0,1,54
0,76.0,12000.0,12000.0,23,12000.0,78,1.0,935,1.0,19.0,20,6.0,1.0,2,5,0,2.0,1,2.0,1000,3.0,0.0,3.0,2.0,1,2.0,0,3.0,1995.0,1,999,4.0,1,20.0,0.0,17,45.0,605,0.0,500,1.0,1,2,3.0,0.0,2.0,5.0,2,4.0,1,20
0,48.0,7500.0,7500.0,47,7500.0,52,1.0,999,1.0,19.0,34,6.0,1.0,2,5,0,2.0,1,2.0,1000,3.0,0.0,3.0,2.0,1,2.0,0,3.0,1995.0,1,999,1.0,1,20.0,0.0,27,25.0,203,0.0,500,1.0,4,2,3.0,0.0,2.0,5.0,2,4.0,1,20
0,384.0,60000.0,60000.0,96,60000.0,63,1.0,999,1.0,19.0,34,6.0,1.0,2,5,0,2.0,1,2.0,1000,3.0,0.0,3.0,2.0,1,2.0,0,3.0,1995.0,1,999,1.0,1,65.0,0.0,38,52.0,363,0.0,500,3.0,4,2,3.0,0.0,2.0,5.0,2,4.0,1,18
1,196.0,31000.0,31000.0,02,31000.0,84,1.0,32,1.0,21.0,20,6.0,1.0,1,5,0,1.0,1,2.0,1000,1.0,0.0,2.0,2.0,1,2.0,0,2.0,1995.0,1,26,1.0,1,65.0,0.0,36,52.0,247,0.0,100,1.0,2,2,2.0,0.0,2.0,1.0,2,4.0,1,50
1,64.0,10000.0,10000.0,44,10000.0,85,1.0,999,1.0,19.0,20,6.0,1.0,1,5,0,1.0,1,1.0,1000,3.0,0.0,3.0,1.0,1,2.0,0,3.0,1995.0,1,999,2.0,1,21.0,0.0,30,47.0,129,0.0,200,1.0,4,2,3.0,0.0,2.0,5.0,1,2.0,1,59
0,501.0,65000.0,65000.0,62,0.0,07,1.0,82,1.0,16.0,20,1.0,1.0,2,1,2,2.0,1,2.0,1000,3.0,0.0,3.0,2.0,1,2.0,0,3.0,2015.0,1,999,6.0,1,40.0,0.0,38,52.0,17,0.0,600,1.0,1,2,3.0,0.0,2.0,5.0,2,4.0,1,31
0,501.0,42000.0,42000.0,54,42000.0,79,1.0,82,1.0,20.0,21,1.0,1.0,2,1,0,2.0,1,2.0,1000,3.0,0.0,3.0,2.0,1,2.0,0,3.0,2015.0,1,999,1.0,1,40.0,0.0,27,52.0,11,0.0,600,1.0,1,2,3.0,0.0,2.0,5.0,2,4.0,1,29
0,0.0,0.0,0.0,71,0.0,87,6.0,32,2.0,16.0,20,4.0,2.0,2,3,2,2.0,1,2.0,1000,2.0,0.0,2.0,2.0,1,2.0,0,2.0,1993.0,1,26,1.0,1,40.0,0.0,38,52.0,16,0.0,100,3.0,2,2,3.0,0.0,2.0,5.0,2,4.0,1,63
0,501.0,79000.0,51000.0,04,51000.0,95,1.0,32,1.0,20.0,20,1.0,1.0,2,1,0,2.0,1,2.0,1000,3.0,0.0,3.0,2.0,1,2.0,0,3.0,1986.0,1,98,5.0,1,40.0,0.0,48,52.0,25,0.0,500,1.0,2,2,3.0,0.0,2.0,5.0,2,2.0,1,61
0,501.0,119000.0,75000.0,36,75000.0,95,1.0,26,1.0,16.0,21,1.0,1.0,2,1,0,2.0,1,2.0,1000,3.0,0.0,3.0,2.0,1,2.0,0,3.0,1986.0,1,999,5.0,1,40.0,0.0,4,52.0,30,0.0,500,1.0,1,2,3.0,0.0,2.0,5.0,2,2.0,1,60
0,122.0,19010.0,19000.0,48,19000.0,44,1.0,939,1.0,19.0,20,4.0,1.0,2,3,0,2.0,1,2.0,1000,3.0,0.0,3.0,2.0,1,2.0,0,3.0,1982.0,1,999,1.0,1,53.0,0.0,38,52.0,135,10.0,100,1.0,1,2,3.0,0.0,2.0,5.0,2,4.0,1,63
0,385.0,60180.0,60000.0,98,60000.0,96,4.0,999,1.0,18.0,20,6.0,1.0,2,5,0,2.0,1,2.0,1000,3.0,0.0,3.0,2.0,1,2.0,0,3.0,1995.0,1,999,5.0,1,40.0,0.0,4,52.0,72,180.0,200,1.0,4,2,3.0,0.0,2.0,5.0,2,1.0,1,30
0,360.0,90000.0,80000.0,11,80000.0,95,1.0,999,1.0,19.0,20,1.0,1.0,2,1,0,2.0,1,2.0,1000,3.0,0.0,3.0,2.0,1,2.0,0,3.0,2009.0,1,999,5.0,1,40.0,0.0,48,52.0,31,0.0,200,1.0,4,2,3.0,0.0,2.0,5.0,2,2.0,1,38
0,360.0,18000.0,18000.0,51,18000.0,68,1.0,999,1.0,16.0,21,1.0,1.0,2,1,0,2.0,1,2.0,1000,3.0,0.0,3.0,2.0,1,2.0,0,3.0,2009.0,1,999,1.0,1,40.0,0.0,26,16.0,25,0.0,200,1.0,4,2,3.0,0.0,2.0,5.0,2,4.0,1,41
0,73.0,10700.0,0.0,62,0.0,07,6.0,940,2.0,19.0,20,4.0,2.0,2,3,0,2.0,1,2.0,1000,2.0,0.0,2.0,2.0,1,2.0,0,2.0,2004.0,1,999,1.0,1,40.0,10700.0,38,52.0,30,0.0,400,1.0,1,2,3.0,0.0,2.0,5.0,2,4.0,1,65
0,439.0,0.0,0.0,36,0.0,75,6.0,82,2.0,20.0,20,1.0,2.0,2,1,2,2.0,1,2.0,1000,2.0,0.0,2.0,2.0,1,2.0,0,2.0,1989.0,1,999,1.0,1,40.0,0.0,38,52.0,33,0.0,500,1.0,1,2,3.0,0.0,2.0,5.0,2,4.0,1,55
0,439.0,88300.0,88300.0,15,95000.0,73,6.0,111,1.0,24.0,21,1.0,2.0,2,1,2,2.0,1,2.0,1000,2.0,0.0,2.0,2.0,1,2.0,0,2.0,1989.0,1,999,1.0,1,40.0,0.0,38,1.0,35,0.0,500,1.0,1,2,3.0,0.0,2.0,5.0,2,4.0,1,56
0,396.0,73000.0,73000.0,96,73000.0,51,1.0,32,1.0,20.0,20,1.0,1.0,2,1,0,2.0,1,2.0,1000,3.0,0.0,3.0,2.0,1,2.0,0,3.0,2009.0,1,82,1.0,1,40.0,0.0,38,52.0,37,0.0,500,1.0,2,2,3.0,0.0,2.0,5.0,2,4.0,1,35
0,396.0,70000.0,70000.0,38,70000.0,94,1.0,999,1.0,16.0,21,1.0,1.0,2,1,0,2.0,1,2.0,1000,3.0,0.0,3.0,2.0,1,2.0,0,3.0,2009.0,1,999,3.0,1,40.0,0.0,27,52.0,58,0.0,500,1.0,4,2,3.0,0.0,2.0,5.0,2,4.0,1,34
0,501.0,96000.0,96000.0,32,96000.0,81,1.0,999,1.0,21.0,20,6.0,1.0,2,5,0,2.0,1,2.0,1000,3.0,0.0,3.0,2.0,1,2.0,0,3.0,1995.0,1,999,1.0,1,44.0,0.0,19,52.0,131,0.0,500,1.0,4,2,3.0,0.0,2.0,5.0,2,4.0,1,45
1,96.0,15200.0,0.0,60,0.0,01,6.0,195,2.0,16.0,20,4.0,2.0,2,3,0,2.0,1,2.0,1000,2.0,0.0,2.0,2.0,1,2.0,0,2.0,1982.0,1,999,1.0,1,40.0,15200.0,38,52.0,16,0.0,400,1.0,1,2,3.0,0.0,2.0,5.0,2,4.0,1,63
0,501.0,65000.0,65000.0,28,65000.0,66,1.0,111,1.0,21.0,20,1.0,1.0,2,1,0,2.0,1,2.0,1000,3.0,0.0,3.0,2.0,1,2.0,0,3.0,2012.0,1,50,1.0,1,40.0,0.0,38,52.0,74,0.0,600,1.0,2,2,3.0,0.0,2.0,5.0,2,4.0,1,48
0,501.0,150000.0,150000.0,21,150000.0,41,1.0,97,1.0,23.0,21,1.0,1.0,2,1,0,2.0,1,2.0,1000,3.0,0.0,3.0,2.0,1,2.0,0,3.0,2012.0,1,999,1.0,1,50.0,0.0,23,52.0,114,0.0,600,1.0,1,2,3.0,0.0,2.0,5.0,2,4.0,1,43
0,249.0,0.0,0.0,36,0.0,81,6.0,32,2.0,21.0,20,1.0,2.0,2,1,2,2.0,1,2.0,1000,2.0,0.0,2.0,2.0,1,2.0,0,2.0,2023.0,1,50,2.0,1,40.0,0.0,38,52.0,229,0.0,300,3.0,2,2,3.0,0.0,1.0,5.0,2,4.0,1,25
0,249.0,50000.0,50000.0,33,50000.0,81,1.0,32,1.0,21.0,21,1.0,1.0,2,1,0,2.0,1,2.0,1000,3.0,0.0,3.0,2.0,1,2.0,0,3.0,2023.0,1,999,2.0,1,40.0,0.0,38,52.0,130,0.0,300,3.0,1,2,3.0,0.0,1.0,5.0,2,4.0,1,24
0,417.0,65000.0,65000.0,10,65000.0,73,1.0,32,1.0,22.0,34,6.0,1.0,2,5,0,2.0,1,2.0,1000,3.0,0.0,3.0,2.0,1,2.0,0,3.0,1995.0,1,999,1.0,1,40.0,0.0,46,52.0,257,0.0,300,3.0,1,2,3.0,0.0,2.0,5.0,2,4.0,1,26
0,210.0,30000.0,30000.0,36,30000.0,81,1.0,995,1.0,19.0,20,1.0,1.0,2,1,0,2.0,1,2.0,1000,3.0,0.0,3.0,2.0,1,2.0,0,3.0,2018.0,1,999,1.0,1,40.0,0.0,38,36.0,13,0.0,300,1.0,3,2,3.0,0.0,2.0,5.0,2,4.0,1,36
0,210.0,53000.0,45000.0,62,45000.0,07,1.0,995,1.0,16.0,21,1.0,1.0,2,1,0,2.0,1,2.0,1000,3.0,0.0,3.0,2.0,1,2.0,0,3.0,2018.0,1,999,1.0,1,80.0,0.0,38,28.0,18,0.0,300,1.0,3,2,3.0,0.0,2.0,5.0,2,4.0,1,39
0,286.0,43000.0,43000.0,08,43000.0,93,1.0,82,1.0,19.0,20,1.0,1.0,2,1,0,2.0,1,2.0,1000,3.0,0.0,3.0,2.0,1,2.0,0,3.0,2013.0,1,999,3.0,1,40.0,0.0,55,52.0,479,0.0,200,1.0,1,2,3.0,0.0,2.0,5.0,2,4.0,1,35
0,286.0,42000.0,42000.0,20,42000.0,83,1.0,720,1.0,18.0,21,1.0,1.0,2,1,0,2.0,1,2.0,1000,3.0,0.0,3.0,2.0,1,2.0,0,3.0,2013.0,1,999,1.0,1,40.0,0.0,12,52.0,358,0.0,200,1.0,1,2,3.0,0.0,2.0,5.0,2,4.0,1,46
0,354.0,55800.0,2800.0,08,2800.0,93,1.0,32,1.0,20.0,20,4.0,1.0,1,3,0,2.0,1,2.0,1000,3.0,20000.0,3.0,2.0,1,2.0,0,3.0,1980.0,1,89,3.0,1,20.0,0.0,38,5.0,12,5000.0,500,1.0,2,2,3.0,0.0,2.0,5.0,1,4.0,1,63
0,501.0,132800.0,131000.0,11,131000.0,05,1.0,21,1.0,20.0,20,1.0,1.0,2,1,0,2.0,1,2.0,1000,3.0,0.0,3.0,2.0,1,2.0,0,3.0,1988.0,1,32,1.0,1,40.0,0.0,26,52.0,498,0.0,300,1.0,2,2,3.0,0.0,2.0,5.0,2,2.0,1,57
0,501.0,50000.0,50000.0,08,50000.0,10,1.0,21,1.0,21.0,21,1.0,1.0,2,1,0,2.0,1,2.0,1000,3.0,0.0,3.0,2.0,1,2.0,0,3.0,1988.0,1,999,1.0,5,40.0,0.0,126,52.0,435,0.0,300,1.0,1,2,3.0,0.0,2.0,5.0,2,4.0,1,55
0,501.0,17000.0,17000.0,47,17000.0,48,1.0,21,1.0,16.0,25,6.0,1.0,2,5,0,2.0,1,2.0,1000,3.0,0.0,3.0,2.0,1,2.0,0,3.0,1995.0,1,32,1.0,1,20.0,0.0,48,52.0,546,0.0,300,1.0,2,2,3.0,0.0,2.0,5.0,2,4.0,1,22
0,501.0,14500.0,14500.0,47,14500.0,48,1.0,21,1.0,16.0,25,6.0,1.0,2,5,0,2.0,1,2.0,1000,3.0,0.0,3.0,2.0,1,2.0,0,3.0,1995.0,1,32,1.0,1,20.0,0.0,38,52.0,547,0.0,300,1.0,2,2,3.0,0.0,2.0,5.0,2,4.0,1,20
0,294.0,1400.0,1400.0,23,800.0,78,1.0,82,1.0,21.0,20,1.0,1.0,2,1,0,2.0,1,2.0,1000,3.0,0.0,3.0,2.0,1,2.0,0,3.0,2014.0,1,26,3.0,1,31.0,0.0,38,7.0,219,0.0,200,1.0,2,2,3.0,0.0,2.0,5.0,2,4.0,1,33
0,294.0,115000.0,115000.0,71,115000.0,87,1.0,995,1.0,19.0,21,1.0,1.0,2,1,0,2.0,1,2.0,1000,3.0,0.0,3.0,2.0,1,2.0,0,3.0,2014.0,1,999,1.0,1,55.0,0.0,38,52.0,256,0.0,200,1.0,3,2,3.0,0.0,2.0,5.0,2,4.0,1,34
0,169.0,0.0,0.0,42,0.0,69,6.0,999,3.0,1.0,20,1.0,1.0,2,1,0,2.0,1,2.0,1000,3.0,0.0,3.0,2.0,1,2.0,0,3.0,2015.0,1,999,1.0,1,40.0,0.0,38,52.0,21,0.0,400,1.0,4,2,3.0,0.0,2.0,5.0,2,4.0,1,32
0,169.0,60000.0,60000.0,01,60000.0,68,1.0,999,1.0,21.0,21,1.0,1.0,2,1,0,2.0,1,2.0,1000,3.0,0.0,3.0,2.0,1,2.0,0,3.0,2015.0,1,999,1.0,1,40.0,0.0,31,52.0,20,0.0,400,1.0,4,2,3.0,0.0,2.0,5.0,2,4.0,1,31
0,501.0,101000.0,101000.0,10,101000.0,41,1.0,82,1.0,22.0,20,6.0,1.0,2,5,0,2.0,1,2.0,1000,3.0,0.0,3.0,2.0,1,2.0,0,3.0,1995.0,1,999,1.0,1,40.0,0.0,27,52.0,16,0.0,400,1.0,1,2,3.0,0.0,2.0,5.0,2,4.0,1,30
0,475.0,5300.0,5300.0,06,5300.0,38,1.0,88,1.0,16.0,20,1.0,1.0,2,1,0,2.0,1,2.0,1000,3.0,0.0,3.0,2.0,1,2.0,0,3.0,2009.0,1,999,1.0,7,24.0,0.0,301,8.0,24,0.0,500,1.0,1,2,3.0,0.0,2.0,5.0,2,4.0,1,32
0,475.0,140000.0,140000.0,01,140000.0,38,1.0,22,1.0,16.0,21,1.0,1.0,2,1,0,2.0,1,2.0,1000,3.0,0.0,3.0,2.0,1,2.0,0,3.0,2009.0,1,999,1.0,1,53.0,0.0,38,52.0,23,0.0,500,1.0,1,2,3.0,0.0,2.0,5.0,2,4.0,1,35
0,213.0,43000.0,0.0,51,0.0,61,6.0,32,2.0,16.0,20,4.0,2.0,1,3,0,1.0,1,1.0,1000,2.0,0.0,2.0,2.0,1,2.0,0,2.0,2003.0,1,999,1.0,1,40.0,0.0,46,52.0,49,0.0,500,1.0,1,2,3.0,0.0,2.0,5.0,2,2.0,1,48
0,213.0,0.0,0.0,64,0.0,07,6.0,32,2.0,16.0,25,6.0,2.0,2,5,2,2.0,1,2.0,1000,2.0,0.0,2.0,2.0,1,2.0,0,2.0,1995.0,1,999,1.0,1,40.0,0.0,38,52.0,17,0.0,500,1.0,1,2,3.0,0.0,2.0,5.0,2,4.0,1,18
0,401.0,18600.0,9000.0,91,9000.0,45,6.0,82,1.0,18.0,20,1.0,2.0,2,1,0,2.0,1,2.0,1000,2.0,0.0,2.0,2.0,1,2.0,0,2.0,1995.0,1,89,1.0,1,55.0,9600.0,6,12.0,15,0.0,500,1.0,2,2,3.0,0.0,2.0,5.0,2,4.0,1,63
0,401.0,60000.0,60000.0,72,60000.0,88,1.0,82,1.0,16.0,21,1.0,1.0,2,1,0,2.0,1,2.0,1000,3.0,0.0,3.0,2.0,1,2.0,0,3.0,1995.0,1,999,1.0,1,40.0,0.0,38,52.0,24,0.0,500,1.0,1,2,3.0,0.0,2.0,5.0,2,2.0,1,51
0,257.0,40000.0,40000.0,51,40000.0,61,1.0,999,1.0,16.0,20,6.0,1.0,2,5,0,2.0,1,2.0,1000,3.0,0.0,3.0,2.0,1,2.0,0,3.0,1995.0,1,999,1.0,1,40.0,0.0,38,52.0,203,0.0,500,1.0,4,2,3.0,0.0,2.0,5.0,2,4.0,1,21
0,501.0,12000.0,12000.0,57,12000.0,91,6.0,939,1.0,21.0,21,1.0,2.0,2,1,1,2.0,1,2.0,1000,2.0,0.0,2.0,2.0,1,2.0,0,2.0,1995.0,1,999,2.0,1,25.0,0.0,27,30.0,47,0.0,400,1.0,1,2,3.0,0.0,2.0,5.0,2,4.0,1,50
0,342.0,63000.0,63000.0,49,63000.0,93,1.0,51,1.0,19.0,20,1.0,1.0,2,1,0,2.0,1,2.0,1000,3.0,0.0,3.0,2.0,1,2.0,0,3.0,2008.0,1,50,3.0,1,40.0,0.0,36,52.0,167,0.0,600,1.0,2,2,3.0,0.0,2.0,5.0,2,4.0,1,40
0,342.0,61000.0,61000.0,21,61000.0,95,1.0,82,1.0,21.0,21,1.0,1.0,2,1,0,2.0,1,2.0,1000,3.0,0.0,3.0,2.0,1,2.0,0,3.0,2008.0,1,89,4.0,1,40.0,0.0,38,52.0,159,0.0,600,1.0,2,2,3.0,0.0,2.0,5.0,2,4.0,1,37
0,204.0,38400.0,38400.0,89,38400.0,93,1.0,142,1.0,19.0,20,1.0,1.0,2,1,0,2.0,1,2.0,1000,3.0,0.0,3.0,2.0,1,2.0,0,3.0,2010.0,1,999,3.0,1,40.0,0.0,16,52.0,29,0.0,300,1.0,1,2,3.0,0.0,2.0,5.0,2,4.0,1,49
0,204.0,2000.0,2000.0,96,2000.0,62,6.0,939,1.0,16.0,21,1.0,2.0,2,1,0,2.0,1,2.0,1000,2.0,0.0,2.0,2.0,1,2.0,0,2.0,2010.0,1,999,1.0,1,3.0,0.0,16,6.0,48,0.0,300,1.0,1,2,3.0,0.0,2.0,5.0,2,4.0,1,45
0,180.0,25500.0,0.0,42,0.0,69,6.0,22,3.0,19.0,20,4.0,2.0,1,3,2,2.0,1,2.0,1000,2.0,0.0,2.0,1.0,1,2.0,0,2.0,2002.0,1,32,1.0,1,40.0,16500.0,38,52.0,131,0.0,100,1.0,2,2,3.0,0.0,2.0,5.0,2,4.0,1,65
0,456.0,50000.0,50000.0,06,50000.0,81,1.0,82,1.0,21.0,20,1.0,1.0,2,1,0,2.0,1,2.0,1000,3.0,0.0,3.0,2.0,1,2.0,0,3.0,2020.0,1,32,2.0,1,40.0,0.0,38,52.0,34,0.0,400,1.0,2,2,3.0,0.0,2.0,5.0,2,4.0,1,25
0,456.0,60000.0,60000.0,01,60000.0,68,1.0,82,1.0,21.0,21,1.0,1.0,2,1,0,2.0,1,2.0,1000,3.0,0.0,3.0,2.0,1,2.0,0,3.0,2020.0,1,94,1.0,1,40.0,0.0,38,52.0,135,0.0,400,1.0,2,2,3.0,0.0,2.0,5.0,2,4.0,1,27
0,501.0,125000.0,68000.0,36,68000.0,95,1.0,275,1.0,20.0,20,2.0,1.0,2,1,0,2.0,15,2.0,8000,2.0,0.0,3.0,2.0,8,2.0,0,2.0,1998.0,0,999,5.0,3,40.0,0.0,329,52.0,46,0.0,400,3.0,1,2,3.0,0.0,2.0,5.0,2,4.0,5,48
0,112.0,17800.0,17100.0,40,17100.0,86,1.0,50,1.0,16.0,20,6.0,1.0,1,5,0,1.0,1,1.0,1000,3.0,0.0,3.0,2.0,1,2.0,0,3.0,1995.0,1,82,1.0,1,40.0,0.0,38,52.0,110,700.0,600,1.0,2,2,3.0,0.0,2.0,5.0,2,4.0,1,29
0,501.0,74900.0,72800.0,25,15800.0,78,1.0,82,1.0,16.0,20,1.0,1.0,2,1,0,2.0,17,2.0,9000,3.0,0.0,3.0,2.0,9,2.0,1,3.0,2018.0,1,32,4.0,1,36.0,0.0,30,37.0,104,2100.0,200,1.0,2,2,3.0,0.0,2.0,5.0,2,4.0,1,57
0,501.0,32700.0,32700.0,68,32700.0,04,6.0,32,1.0,14.0,21,1.0,2.0,2,1,2,2.0,1,2.0,1000,2.0,0.0,2.0,2.0,1,2.0,0,2.0,2018.0,1,999,1.0,1,36.0,0.0,38,4.0,35,0.0,200,1.0,1,2,3.0,0.0,2.0,5.0,2,4.0,1,61
0,394.0,59800.0,35000.0,32,35000.0,94,1.0,999,1.0,19.0,20,1.0,1.0,2,1,0,2.0,1,2.0,1000,3.0,0.0,3.0,2.0,1,2.0,0,3.0,1982.0,1,999,4.0,1,40.0,4800.0,38,52.0,248,0.0,500,1.0,4,2,3.0,0.0,2.0,5.0,2,2.0,1,63
0,331.0,39500.0,38000.0,46,0.0,84,1.0,32,1.0,16.0,20,3.0,1.0,2,2,0,2.0,1,2.0,1000,3.0,0.0,3.0,2.0,1,2.0,0,3.0,1998.0,1,82,6.0,1,55.0,0.0,38,52.0,192,1500.0,300,1.0,2,2,3.0,0.0,2.0,5.0,2,4.0,1,58
0,331.0,28000.0,28000.0,46,28000.0,78,1.0,32,1.0,21.0,25,6.0,1.0,2,5,0,2.0,1,2.0,1000,3.0,0.0,3.0,2.0,1,2.0,0,3.0,1995.0,1,82,3.0,1,37.0,0.0,38,52.0,123,0.0,300,1.0,2,2,3.0,0.0,2.0,5.0,2,4.0,1,23
0,166.0,26000.0,26000.0,33,26000.0,79,1.0,32,1.0,21.0,20,6.0,1.0,2,5,0,2.0,1,2.0,1000,3.0,0.0,3.0,2.0,1,2.0,0,3.0,1995.0,1,999,2.0,1,40.0,0.0,38,36.0,52,0.0,600,3.0,1,2,3.0,0.0,2.0,5.0,2,4.0,1,22
0,332.0,52000.0,52000.0,03,52000.0,81,1.0,142,1.0,21.0,22,6.0,1.0,2,5,0,2.0,1,2.0,1000,3.0,0.0,3.0,2.0,1,2.0,0,3.0,1995.0,1,32,2.0,1,40.0,0.0,27,51.0,117,0.0,600,3.0,2,2,3.0,0.0,2.0,5.0,2,4.0,1,22
0,257.0,40200.0,40200.0,02,40200.0,01,1.0,917,1.0,22.0,20,6.0,1.0,2,5,0,2.0,3,2.0,5025,3.0,0.0,3.0,2.0,5,2.0,1,3.0,1995.0,0,999,1.0,1,40.0,0.0,8,52.0,163,0.0,100,1.0,1,2,3.0,0.0,2.0,5.0,2,4.0,1,61
0,501.0,100000.0,100000.0,50,100000.0,69,1.0,32,1.0,21.0,20,1.0,1.0,2,1,0,2.0,1,2.0,1000,3.0,0.0,3.0,2.0,1,2.0,0,3.0,2001.0,1,999,1.0,1,45.0,0.0,27,52.0,85,0.0,600,1.0,1,2,3.0,0.0,2.0,5.0,2,4.0,1,45
0,501.0,130000.0,130000.0,04,130000.0,64,3.0,32,1.0,21.0,21,1.0,2.0,2,1,0,2.0,1,2.0,1000,3.0,0.0,1.0,2.0,1,2.0,0,3.0,2001.0,1,999,1.0,1,40.0,0.0,27,42.0,128,0.0,600,1.0,1,2,1.0,0.0,2.0,1.0,2,4.0,1,46
0,211.0,57000.0,57000.0,87,57000.0,21,1.0,541,1.0,21.0,20,1.0,1.0,2,1,0,2.0,2,2.0,3000,3.0,0.0,3.0,2.0,2,2.0,0,3.0,2019.0,0,999,1.0,6,48.0,0.0,429,52.0,315,0.0,600,1.0,1,2,3.0,0.0,2.0,5.0,2,4.0,1,42
0,211.0,26500.0,26500.0,36,26500.0,81,1.0,541,1.0,18.0,21,1.0,1.0,2,1,0,2.0,2,2.0,3000,2.0,0.0,2.0,2.0,2,2.0,0,2.0,2019.0,0,999,2.0,6,72.0,0.0,429,52.0,294,0.0,600,1.0,1,2,3.0,0.0,2.0,5.0,2,4.0,1,39
1,136.0,21000.0,18000.0,42,18000.0,76,1.0,924,1.0,18.0,20,6.0,1.0,2,5,0,2.0,3,2.0,5013,3.0,0.0,3.0,2.0,3,2.0,1,3.0,1995.0,0,917,2.0,1,40.0,0.0,38,52.0,11,0.0,600,1.0,2,2,3.0,0.0,2.0,5.0,2,4.0,1,20
0,501.0,89000.0,89000.0,20,89000.0,82,1.0,416,1.0,20.0,20,3.0,1.0,2,2,0,2.0,24,2.0,9000,3.0,0.0,3.0,2.0,9,2.0,0,3.0,1976.0,1,999,4.0,4,40.0,0.0,212,52.0,139,0.0,500,1.0,1,2,3.0,0.0,2.0,5.0,2,4.0,1,64
0,394.0,104000.0,104000.0,98,104000.0,96,4.0,88,1.0,22.0,20,1.0,1.0,2,1,0,2.0,1,2.0,1000,3.0,0.0,3.0,2.0,1,2.0,0,3.0,2009.0,1,32,5.0,1,50.0,0.0,48,52.0,42,0.0,200,1.0,2,2,3.0,0.0,2.0,5.0,2,1.0,1,36
0,394.0,13000.0,13000.0,07,13000.0,73,1.0,935,1.0,22.0,21,1.0,1.0,2,1,0,2.0,1,2.0,1000,3.0,0.0,3.0,2.0,1,2.0,0,3.0,2009.0,1,142,1.0,1,8.0,0.0,48,52.0,42,0.0,200,1.0,2,2,3.0,0.0,2.0,5.0,2,4.0,1,36
0,501.0,96600.0,81000.0,57,81000.0,88,1.0,32,1.0,18.0,20,1.0,1.0,1,1,0,2.0,1,2.0,1000,3.0,0.0,3.0,1.0,1,2.0,0,3.0,2000.0,1,999,1.0,1,40.0,0.0,21,52.0,45,15600.0,100,1.0,1,2,3.0,0.0,2.0,5.0,2,4.0,1,60
0,501.0,19500.0,0.0,96,0.0,53,6.0,26,2.0,17.0,21,1.0,2.0,1,1,0,2.0,1,2.0,1000,2.0,19500.0,2.0,2.0,1,2.0,0,2.0,2000.0,1,999,1.0,1,40.0,0.0,22,52.0,44,0.0,100,1.0,1,2,3.0,0.0,2.0,5.0,1,4.0,1,59
0,253.0,50000.0,50000.0,00,50000.0,83,1.0,999,1.0,16.0,20,1.0,1.0,2,1,0,2.0,1,2.0,1000,3.0,0.0,3.0,2.0,1,2.0,0,3.0,1985.0,1,999,2.0,1,40.0,0.0,26,52.0,69,0.0,400,1.0,4,2,3.0,0.0,2.0,5.0,2,4.0,1,61
0,253.0,0.0,0.0,42,0.0,83,6.0,999,2.0,16.0,21,1.0,2.0,1,1,0,2.0,1,2.0,1000,2.0,0.0,2.0,2.0,1,2.0,0,2.0,1985.0,1,999,4.0,1,40.0,0.0,8,52.0,77,0.0,400,1.0,4,1,3.0,0.0,2.0,5.0,2,4.0,1,62
0,130.0,20000.0,20000.0,23,20000.0,78,1.0,940,1.0,22.0,20,6.0,1.0,2,5,0,2.0,1,2.0,1000,3.0,0.0,3.0,2.0,1,2.0,0,3.0,1995.0,1,999,4.0,1,60.0,0.0,30,52.0,182,0.0,300,1.0,1,2,3.0,0.0,2.0,5.0,2,4.0,1,27
0,501.0,86000.0,86000.0,73,86000.0,87,1.0,82,1.0,20.0,20,1.0,1.0,2,1,0,2.0,1,2.0,1000,3.0,0.0,3.0,2.0,1,2.0,0,3.0,1987.0,1,999,1.0,1,45.0,0.0,30,52.0,24,0.0,600,1.0,1,2,3.0,0.0,2.0,5.0,2,4.0,1,64
0,501.0,90000.0,90000.0,39,90000.0,93,1.0,82,1.0,17.0,21,1.0,1.0,2,1,0,2.0,1,2.0,1000,3.0,0.0,3.0,2.0,1,2.0,0,3.0,1987.0,1,999,5.0,1,45.0,0.0,27,52.0,24,0.0,600,1.0,1,2,3.0,0.0,2.0,5.0,2,4.0,1,61
0,501.0,63000.0,63000.0,85,63000.0,38,1.0,82,1.0,16.0,25,6.0,1.0,2,5,0,2.0,1,2.0,1000,3.0,0.0,3.0,2.0,1,2.0,0,3.0,1995.0,1,999,1.0,1,40.0,0.0,38,52.0,49,0.0,600,1.0,1,2,3.0,0.0,2.0,5.0,2,4.0,1,34
0,501.0,150200.0,150000.0,02,150000.0,07,1.0,32,1.0,21.0,20,1.0,1.0,2,1,0,2.0,1,2.0,1000,3.0,0.0,3.0,2.0,1,2.0,0,3.0,2015.0,1,82,1.0,1,50.0,0.0,27,52.0,56,200.0,400,1.0,2,2,3.0,0.0,2.0,5.0,2,4.0,1,46
0,501.0,172600.0,170000.0,02,170000.0,07,1.0,291,1.0,18.0,21,1.0,1.0,1,1,0,2.0,15,2.0,8000,3.0,0.0,3.0,2.0,8,2.0,0,3.0,2015.0,0,995,1.0,1,60.0,0.0,29,52.0,32,200.0,400,1.0,1,2,3.0,0.0,2.0,5.0,1,2.0,24,52
0,501.0,150000.0,150000.0,74,120000.0,05,1.0,999,1.0,19.0,20,1.0,1.0,2,1,0,2.0,1,2.0,1000,3.0,0.0,3.0,2.0,1,2.0,0,3.0,2019.0,1,999,7.0,1,40.0,0.0,38,52.0,105,0.0,200,1.0,4,2,3.0,0.0,2.0,5.0,2,4.0,1,53
0,501.0,57000.0,57000.0,36,57000.0,81,1.0,999,1.0,19.0,21,1.0,1.0,2,1,0,2.0,1,2.0,1000,3.0,0.0,3.0,2.0,1,2.0,0,3.0,2019.0,1,999,2.0,1,40.0,0.0,38,52.0,83,0.0,200,1.0,4,2,3.0,0.0,2.0,5.0,2,4.0,1,59
0,409.0,63400.0,53000.0,02,0.0,01,1.0,82,1.0,20.0,20,4.0,1.0,2,3,1,2.0,1,2.0,1000,2.0,0.0,2.0,2.0,1,2.0,0,2.0,1996.0,1,24,6.0,1,60.0,0.0,38,52.0,272,10400.0,400,1.0,2,2,2.0,0.0,2.0,1.0,2,4.0,1,55
0,0.0,0.0,0.0,63,0.0,07,6.0,32,2.0,16.0,20,4.0,2.0,2,3,0,2.0,1,2.0,1000,2.0,0.0,2.0,2.0,1,2.0,0,2.0,1984.0,1,999,1.0,1,40.0,0.0,38,52.0,15,0.0,100,1.0,1,2,3.0,0.0,2.0,5.0,2,4.0,1,65
0,501.0,80000.0,0.0,42,0.0,69,6.0,32,3.0,20.0,20,3.0,2.0,2,2,0,2.0,1,2.0,1000,2.0,0.0,2.0,2.0,1,2.0,0,2.0,1978.0,1,50,1.0,1,40.0,25000.0,38,52.0,62,5000.0,200,1.0,2,2,3.0,0.0,2.0,5.0,2,4.0,1,65
0,294.0,45000.0,42000.0,38,42000.0,94,1.0,51,1.0,18.0,20,4.0,1.0,2,3,0,2.0,1,2.0,1000,2.0,0.0,3.0,2.0,1,2.0,0,3.0,1991.0,1,22,4.0,1,40.0,0.0,42,52.0,42,3000.0,400,1.0,2,2,3.0,0.0,2.0,5.0,2,2.0,1,59
0,174.0,3000.0,3000.0,25,3000.0,78,1.0,89,1.0,16.0,21,1.0,1.0,2,1,0,2.0,1,2.0,1000,3.0,0.0,3.0,2.0,1,2.0,0,3.0,1975.0,1,999,3.0,1,5.0,0.0,38,52.0,204,0.0,200,1.0,1,2,3.0,0.0,2.0,5.0,2,4.0,1,65
0,342.0,45000.0,45000.0,04,45000.0,05,1.0,24,1.0,18.0,20,4.0,1.0,2,3,0,2.0,1,2.0,1000,3.0,0.0,3.0,2.0,1,2.0,0,3.0,2000.0,1,999,3.0,1,40.0,0.0,38,52.0,19,0.0,400,1.0,1,2,3.0,0.0,2.0,5.0,2,4.0,1,54
0,342.0,24000.0,24000.0,36,24000.0,79,1.0,24,1.0,20.0,25,6.0,1.0,2,5,0,2.0,1,2.0,1000,3.0,0.0,3.0,2.0,1,2.0,0,3.0,1995.0,1,32,1.0,1,40.0,0.0,38,52.0,13,0.0,400,1.0,2,2,3.0,0.0,2.0,5.0,2,4.0,1,22
0,219.0,20000.0,20000.0,22,20000.0,78,1.0,82,1.0,24.0,20,1.0,1.0,2,1,0,2.0,1,2.0,1000,3.0,0.0,3.0,2.0,1,2.0,0,3.0,2015.0,1,20,2.0,1,50.0,0.0,38,52.0,48,0.0,600,1.0,2,2,3.0,0.0,2.0,5.0,2,4.0,1,44
0,219.0,45000.0,45000.0,02,45000.0,78,1.0,32,1.0,22.0,21,1.0,1.0,2,1,0,2.0,1,2.0,1000,3.0,0.0,3.0,2.0,1,2.0,0,3.0,2015.0,1,999,3.0,1,50.0,0.0,38,52.0,52,0.0,600,1.0,1,2,3.0,0.0,2.0,5.0,2,4.0,1,45
0,501.0,330.0,330.0,42,330.0,91,1.0,32,1.0,20.0,25,6.0,1.0,2,5,0,2.0,1,2.0,1000,2.0,0.0,2.0,2.0,1,2.0,0,2.0,1995.0,1,148,2.0,1,2.0,0.0,38,16.0,46,0.0,500,1.0,2,2,2.0,0.0,2.0,5.0,2,4.0,1,36
0,501.0,54500.0,0.0,02,0.0,01,6.0,999,2.0,21.0,25,6.0,1.0,2,5,2,2.0,1,2.0,1000,3.0,0.0,3.0,2.0,1,2.0,0,3.0,1995.0,1,999,6.0,1,40.0,0.0,38,52.0,122,4500.0,500,1.0,4,2,3.0,0.0,2.0,5.0,2,4.0,1,45
0,360.0,56000.0,56000.0,69,56000.0,04,1.0,82,1.0,19.0,20,4.0,1.0,2,3,0,2.0,1,2.0,1000,3.0,0.0,3.0,2.0,1,2.0,0,3.0,1997.0,1,999,1.0,1,60.0,0.0,38,52.0,21,0.0,100,1.0,1,2,3.0,0.0,2.0,5.0,2,4.0,1,61
0,294.0,70000.0,70000.0,60,70000.0,01,1.0,32,1.0,16.0,20,1.0,1.0,2,1,0,2.0,1,2.0,1000,3.0,0.0,3.0,2.0,1,2.0,0,3.0,2022.0,1,999,1.0,1,60.0,0.0,46,52.0,37,0.0,400,1.0,1,2,3.0,0.0,1.0,5.0,2,2.0,1,26
0,294.0,0.0,0.0,83,0.0,16,6.0,720,2.0,11.0,21,1.0,2.0,2,1,0,2.0,6,2.0,4008,2.0,0.0,2.0,2.0,6,2.0,0,2.0,2022.0,0,999,1.0,4,40.0,0.0,233,52.0,15,0.0,400,2.0,1,2,3.0,0.0,1.0,5.0,2,4.0,1,38
0,501.0,122500.0,120000.0,10,120000.0,66,1.0,82,1.0,20.0,20,1.0,1.0,2,1,0,2.0,1,2.0,1000,3.0,0.0,3.0,2.0,1,2.0,0,3.0,1997.0,1,999,1.0,1,40.0,0.0,38,52.0,14,2500.0,400,1.0,1,2,3.0,0.0,2.0,5.0,2,4.0,1,54
0,501.0,0.0,0.0,42,0.0,69,6.0,82,3.0,19.0,21,1.0,2.0,2,1,0,2.0,1,2.0,1000,2.0,0.0,2.0,2.0,1,2.0,0,2.0,1997.0,1,999,1.0,1,40.0,0.0,38,52.0,14,0.0,400,1.0,1,2,3.0,0.0,2.0,5.0,2,4.0,1,54
0,501.0,0.0,0.0,42,0.0,69,6.0,82,3.0,18.0,25,6.0,2.0,2,5,0,2.0,1,2.0,1000,2.0,0.0,2.0,2.0,1,2.0,0,2.0,1995.0,1,999,1.0,1,40.0,0.0,38,52.0,1,0.0,400,1.0,1,2,3.0,0.0,2.0,5.0,2,4.0,1,18
0,130.0,27000.0,27000.0,25,27000.0,78,1.0,999,1.0,19.0,20,6.0,1.0,2,5,0,2.0,1,2.0,1000,3.0,0.0,3.0,2.0,1,2.0,0,3.0,1995.0,1,999,1.0,1,40.0,0.0,27,52.0,440,0.0,500,3.0,4,2,3.0,0.0,2.0,5.0,2,4.0,1,29
0,204.0,32000.0,32000.0,02,32000.0,01,1.0,210,1.0,12.0,22,6.0,1.0,2,5,0,2.0,1,2.0,1000,3.0,0.0,3.0,2.0,1,2.0,0,3.0,1995.0,1,999,1.0,1,40.0,0.0,48,52.0,340,0.0,500,3.0,1,2,3.0,0.0,2.0,5.0,2,4.0,2,30
0,501.0,62000.0,62000.0,30,62000.0,81,1.0,939,1.0,22.0,20,1.0,1.0,2,1,0,2.0,1,2.0,1000,3.0,0.0,3.0,2.0,1,2.0,0,3.0,1992.0,1,999,2.0,1,40.0,0.0,38,52.0,142,0.0,300,1.0,1,2,3.0,0.0,2.0,5.0,2,4.0,1,64
0,501.0,46300.0,46300.0,47,46300.0,47,1.0,939,1.0,21.0,21,1.0,1.0,2,1,0,2.0,1,2.0,1000,3.0,0.0,3.0,2.0,1,2.0,0,3.0,1992.0,1,999,1.0,1,40.0,0.0,38,40.0,172,0.0,300,1.0,1,2,3.0,0.0,2.0,5.0,2,4.0,1,62
0,501.0,76000.0,76000.0,52,76000.0,75,1.0,32,1.0,21.0,20,1.0,1.0,2,1,0,2.0,1,2.0,1000,3.0,0.0,3.0,2.0,1,2.0,0,3.0,1996.0,1,20,4.0,1,40.0,0.0,38,52.0,16,0.0,600,1.0,2,2,3.0,0.0,2.0,5.0,2,4.0,1,61
0,279.0,25000.0,25000.0,58,25000.0,69,1.0,32,1.0,15.0,20,1.0,1.0,1,1,0,1.0,1,2.0,1000,3.0,0.0,3.0,2.0,1,2.0,0,3.0,2013.0,1,97,1.0,1,65.0,0.0,36,52.0,30,0.0,200,1.0,2,2,3.0,0.0,2.0,5.0,2,4.0,1,34
0,279.0,60000.0,60000.0,96,60000.0,04,1.0,999,1.0,17.0,21,1.0,1.0,2,1,0,2.0,1,2.0,1000,3.0,0.0,3.0,2.0,1,2.0,0,3.0,2013.0,1,999,1.0,1,65.0,0.0,36,45.0,31,0.0,200,1.0,4,2,3.0,0.0,2.0,5.0,2,4.0,1,33
0,501.0,62000.0,62000.0,01,62000.0,68,1.0,999,1.0,17.0,21,1.0,1.0,2,1,0,2.0,1,2.0,1000,3.0,0.0,3.0,2.0,1,2.0,0,3.0,2000.0,1,999,1.0,1,40.0,0.0,39,52.0,23,0.0,400,1.0,4,2,3.0,0.0,2.0,5.0,2,4.0,1,64
0,501.0,9080.0,80.0,40,80.0,86,6.0,32,1.0,16.0,20,1.0,2.0,2,1,2,2.0,1,2.0,1000,2.0,0.0,2.0,2.0,1,2.0,0,2.0,1976.0,1,20,1.0,1,60.0,9000.0,38,1.0,12,0.0,200,1.0,2,2,3.0,0.0,2.0,5.0,2,4.0,1,65
0,401.0,73900.0,45000.0,48,45000.0,40,3.0,32,1.0,18.0,20,4.0,2.0,2,3,0,2.0,1,2.0,1000,3.0,0.0,1.0,2.0,1,2.0,0,3.0,1981.0,1,98,1.0,1,40.0,0.0,30,48.0,31,0.0,200,1.0,2,2,1.0,0.0,2.0,1.0,2,2.0,1,62
0,452.0,60000.0,60000.0,31,60000.0,78,1.0,924,1.0,22.0,20,1.0,1.0,2,1,0,2.0,1,2.0,1000,3.0,0.0,3.0,2.0,1,2.0,0,3.0,2014.0,1,999,3.0,1,40.0,0.0,38,37.0,27,0.0,500,1.0,1,2,3.0,0.0,2.0,5.0,2,4.0,1,34
0,452.0,100150.0,100000.0,02,100000.0,01,1.0,924,1.0,21.0,21,1.0,1.0,2,1,0,2.0,1,2.0,1000,3.0,0.0,3.0,2.0,1,2.0,0,3.0,2014.0,1,999,7.0,1,60.0,0.0,38,52.0,19,150.0,500,1.0,1,2,3.0,0.0,2.0,5.0,2,4.0,1,34
0,501.0,115000.0,114000.0,91,114000.0,63,1.0,32,1.0,20.0,20,4.0,1.0,2,3,0,2.0,1,2.0,1000,3.0,0.0,3.0,2.0,1,2.0,0,3.0,2020.0,1,50,1.0,1,55.0,0.0,38,52.0,73,0.0,200,1.0,2,2,3.0,0.0,2.0,5.0,2,4.0,1,47
0,378.0,30000.0,30000.0,54,30000.0,81,1.0,999,1.0,18.0,20,1.0,1.0,2,1,0,2.0,1,2.0,1000,3.0,0.0,3.0,2.0,1,2.0,0,3.0,2000.0,1,999,2.0,1,45.0,0.0,27,52.0,37,0.0,400,1.0,4,2,3.0,0.0,2.0,5.0,2,4.0,1,45
0,378.0,85000.0,60000.0,42,60000.0,82,1.0,999,1.0,20.0,21,1.0,1.0,2,1,0,2.0,1,2.0,1000,3.0,0.0,3.0,2.0,1,2.0,0,3.0,2000.0,1,999,2.0,1,40.0,0.0,38,52.0,29,25000.0,400,1.0,4,2,3.0,0.0,2.0,5.0,2,4.0,1,59
0,378.0,12000.0,12000.0,55,12000.0,63,1.0,999,1.0,16.0,25,6.0,1.0,2,5,0,2.0,1,2.0,1000,3.0,0.0,3.0,2.0,1,2.0,0,3.0,1995.0,1,999,1.0,1,40.0,0.0,38,52.0,33,0.0,400,1.0,4,2,3.0,0.0,2.0,5.0,2,4.0,1,20
0,285.0,45100.0,45100.0,65,45100.0,07,1.0,32,1.0,21.0,20,6.0,1.0,2,5,0,2.0,1,2.0,1000,3.0,0.0,3.0,2.0,1,2.0,0,3.0,1995.0,1,999,1.0,1,40.0,0.0,27,52.0,111,0.0,600,3.0,1,2,3.0,0.0,2.0,5.0,2,4.0,1,25
0,501.0,80400.0,72000.0,04,72000.0,70,1.0,82,1.0,20.0,20,1.0,1.0,2,1,0,2.0,1,2.0,1000,3.0,0.0,3.0,2.0,1,2.0,0,3.0,1995.0,1,89,1.0,1,40.0,0.0,27,52.0,128,8400.0,500,1.0,2,2,3.0,0.0,2.0,5.0,2,4.0,1,54
0,501.0,70000.0,70000.0,60,70000.0,01,1.0,142,1.0,19.0,21,1.0,1.0,2,1,0,2.0,1,2.0,1000,3.0,0.0,3.0,2.0,1,2.0,0,3.0,1995.0,1,89,1.0,1,40.0,0.0,27,52.0,178,0.0,500,1.0,2,2,3.0,0.0,2.0,5.0,2,4.0,1,55
0,398.0,34500.0,34500.0,51,34500.0,70,1.0,999,1.0,20.0,20,1.0,1.0,2,1,0,2.0,1,2.0,1000,3.0,0.0,3.0,2.0,1,2.0,0,3.0,2018.0,1,999,1.0,1,40.0,0.0,38,52.0,152,0.0,200,1.0,4,2,3.0,0.0,2.0,5.0,2,4.0,1,29
0,398.0,50000.0,50000.0,70,50000.0,85,1.0,999,1.0,16.0,21,1.0,1.0,2,1,0,2.0,1,2.0,1000,3.0,0.0,3.0,2.0,1,2.0,0,3.0,2018.0,1,999,4.0,1,40.0,0.0,38,52.0,126,0.0,200,1.0,4,2,3.0,0.0,2.0,5.0,2,4.0,1,31
0,398.0,60000.0,60000.0,08,60000.0,72,1.0,999,1.0,21.0,28,6.0,1.0,2,5,2,2.0,1,2.0,1000,3.0,0.0,3.0,2.0,1,2.0,0,3.0,1995.0,1,999,1.0,1,45.0,0.0,38,52.0,22,0.0,200,1.0,4,2,3.0,0.0,2.0,5.0,2,4.0,1,29
0,361.0,55000.0,55000.0,47,55000.0,49,1.0,98,1.0,16.0,20,6.0,1.0,2,5,0,2.0,1,2.0,1000,3.0,0.0,3.0,2.0,1,2.0,0,3.0,1995.0,1,999,1.0,1,37.0,0.0,38,52.0,42,0.0,500,1.0,1,2,3.0,0.0,2.0,5.0,2,4.0,1,20
0,69.0,10600.0,10600.0,40,10600.0,50,1.0,82,1.0,19.0,22,6.0,1.0,2,5,2,2.0,1,2.0,1000,3.0,0.0,3.0,2.0,1,2.0,0,3.0,1995.0,1,999,1.0,1,27.0,0.0,38,47.0,119,0.0,500,3.0,1,2,3.0,0.0,2.0,5.0,2,4.0,1,20
1,182.0,28500.0,28500.0,03,35200.0,86,1.0,32,1.0,21.0,20,6.0,1.0,2,5,0,2.0,1,2.0,1000,3.0,0.0,3.0,2.0,1,2.0,0,3.0,1995.0,1,82,7.0,1,40.0,0.0,38,40.0,243,0.0,200,1.0,2,2,3.0,0.0,2.0,5.0,2,4.0,1,29
0,187.0,29200.0,29200.0,03,35900.0,86,1.0,88,1.0,19.0,22,6.0,1.0,2,5,0,2.0,1,2.0,1000,3.0,0.0,3.0,2.0,1,2.0,0,3.0,1995.0,1,999,7.0,1,70.0,0.0,53,52.0,343,0.0,200,1.0,1,2,3.0,0.0,2.0,5.0,2,2.0,1,34
0,501.0,102600.0,81000.0,11,81000.0,66,1.0,22,1.0,20.0,20,1.0,1.0,2,1,0,2.0,1,2.0,1000,3.0,0.0,3.0,2.0,1,2.0,0,3.0,2012.0,1,32,1.0,1,45.0,0.0,56,52.0,24,0.0,400,1.0,2,2,3.0,0.0,2.0,5.0,2,2.0,1,38
0,501.0,39500.0,39500.0,51,39500.0,72,1.0,32,1.0,18.0,21,1.0,1.0,2,1,0,2.0,1,2.0,1000,3.0,0.0,3.0,2.0,1,2.0,0,3.0,2012.0,1,22,1.0,1,40.0,0.0,38,52.0,12,0.0,400,1.0,2,2,3.0,0.0,2.0,5.0,2,4.0,1,33
0,294.0,82000.0,82000.0,20,82000.0,94,1.0,32,1.0,21.0,20,1.0,1.0,2,1,0,2.0,1,2.0,1000,3.0,0.0,3.0,2.0,1,2.0,0,3.0,2018.0,1,999,3.0,1,40.0,0.0,38,52.0,37,0.0,500,1.0,1,2,3.0,0.0,2.0,5.0,2,4.0,1,42
0,294.0,11100.0,11100.0,60,11100.0,01,1.0,82,1.0,14.0,21,1.0,1.0,2,1,0,2.0,1,2.0,1000,3.0,0.0,3.0,2.0,1,2.0,0,3.0,2018.0,1,32,1.0,1,50.0,0.0,38,52.0,29,0.0,500,1.0,2,2,3.0,0.0,2.0,5.0,2,4.0,1,49
0,294.0,15600.0,15600.0,60,15600.0,01,1.0,82,1.0,14.0,27,6.0,1.0,2,5,0,2.0,1,2.0,1000,3.0,0.0,3.0,2.0,1,2.0,0,3.0,1995.0,1,32,1.0,1,20.0,0.0,38,52.0,25,0.0,500,1.0,2,2,3.0,0.0,2.0,5.0,2,4.0,1,18
0,294.0,4000.0,4000.0,77,4000.0,46,1.0,82,1.0,14.0,27,6.0,1.0,2,5,0,2.0,1,2.0,1000,3.0,0.0,3.0,2.0,1,2.0,0,3.0,1995.0,1,32,1.0,1,10.0,0.0,38,52.0,25,0.0,500,1.0,2,2,3.0,0.0,2.0,5.0,2,4.0,1,18
0,0.0,0.0,0.0,42,0.0,69,6.0,32,3.0,21.0,20,6.0,2.0,2,5,0,2.0,1,2.0,1000,2.0,0.0,2.0,2.0,1,2.0,0,2.0,1995.0,1,999,1.0,1,40.0,0.0,38,52.0,186,0.0,600,1.0,1,2,3.0,0.0,2.0,5.0,2,4.0,1,25
0,181.0,28300.0,28300.0,57,28300.0,68,1.0,195,1.0,21.0,20,6.0,1.0,2,5,0,2.0,1,2.0,1000,1.0,0.0,2.0,2.0,1,2.0,0,2.0,1995.0,1,999,1.0,3,40.0,0.0,316,52.0,237,0.0,300,2.0,1,2,3.0,0.0,2.0,3.0,2,4.0,1,25
1,127.0,20000.0,20000.0,96,20000.0,71,1.0,924,1.0,14.0,20,6.0,1.0,2,5,0,2.0,17,2.0,9000,3.0,0.0,3.0,2.0,9,2.0,1,3.0,1995.0,1,999,1.0,1,40.0,0.0,38,52.0,336,0.0,600,3.0,1,2,3.0,0.0,2.0,5.0,2,4.0,1,22
0,215.0,34000.0,34000.0,82,34000.0,39,1.0,32,1.0,16.0,20,6.0,1.0,2,5,0,2.0,1,2.0,1000,3.0,0.0,3.0,2.0,1,2.0,0,3.0,1995.0,1,82,1.0,1,40.0,0.0,38,52.0,177,0.0,400,1.0,2,2,3.0,0.0,2.0,5.0,2,4.0,1,25
0,475.0,75000.0,75000.0,63,75000.0,07,1.0,32,1.0,19.0,22,6.0,1.0,2,5,0,2.0,1,2.0,1000,3.0,0.0,3.0,2.0,1,2.0,0,3.0,1995.0,1,82,1.0,1,50.0,0.0,38,52.0,136,0.0,400,1.0,2,2,3.0,0.0,2.0,5.0,2,4.0,1,26
0,401.0,70000.0,70000.0,20,70000.0,91,1.0,82,1.0,22.0,20,1.0,1.0,2,1,0,2.0,1,2.0,1000,2.0,0.0,2.0,2.0,1,2.0,0,2.0,2014.0,1,999,2.0,1,50.0,0.0,38,52.0,29,0.0,500,1.0,1,2,2.0,0.0,2.0,5.0,2,4.0,1,34
0,401.0,52000.0,52000.0,20,52000.0,91,1.0,22,1.0,22.0,21,1.0,1.0,2,1,0,2.0,1,2.0,1000,2.0,0.0,2.0,2.0,1,2.0,0,2.0,2014.0,1,999,2.0,1,50.0,0.0,38,52.0,41,0.0,500,1.0,1,2,3.0,0.0,2.0,5.0,2,4.0,1,31
0,358.0,40000.0,40000.0,23,40000.0,78,1.0,999,1.0,21.0,20,1.0,1.0,2,1,0,2.0,1,2.0,1000,3.0,0.0,3.0,2.0,1,2.0,0,3.0,2012.0,1,999,3.0,1,40.0,0.0,31,40.0,61,0.0,600,1.0,4,2,3.0,0.0,2.0,5.0,2,4.0,1,32
0,358.0,90000.0,90000.0,02,90000.0,07,1.0,50,1.0,20.0,21,1.0,1.0,2,1,0,2.0,22,2.0,9000,3.0,0.0,3.0,2.0,9,2.0,0,3.0,2012.0,1,750,1.0,1,40.0,0.0,27,52.0,45,0.0,600,1.0,2,2,3.0,0.0,2.0,5.0,2,4.0,1,35
0,501.0,94000.0,94000.0,02,94000.0,84,1.0,32,1.0,21.0,20,1.0,1.0,2,1,0,2.0,1,2.0,1000,3.0,0.0,3.0,2.0,1,2.0,0,3.0,1997.0,1,999,2.0,1,40.0,0.0,38,52.0,43,0.0,600,1.0,1,2,3.0,0.0,2.0,5.0,2,4.0,1,48
0,501.0,97000.0,97000.0,47,97000.0,69,1.0,82,1.0,21.0,21,1.0,1.0,2,1,0,2.0,1,2.0,1000,3.0,0.0,3.0,2.0,1,2.0,0,3.0,1997.0,1,999,1.0,1,40.0,0.0,38,52.0,63,0.0,600,1.0,1,2,3.0,0.0,2.0,5.0,2,4.0,1,47
0,501.0,100500.0,100000.0,02,0.0,01,1.0,999,1.0,21.0,20,1.0,1.0,2,1,0,2.0,1,2.0,1000,2.0,0.0,2.0,2.0,1,2.0,0,2.0,2011.0,1,999,6.0,1,48.0,0.0,38,52.0,30,500.0,400,1.0,4,2,2.0,0.0,2.0,5.0,2,4.0,1,64
0,501.0,28000.0,28000.0,40,0.0,86,6.0,999,1.0,20.0,21,1.0,2.0,2,1,2,2.0,1,2.0,1000,2.0,0.0,2.0,2.0,1,2.0,0,2.0,2011.0,1,999,6.0,1,70.0,0.0,30,3.0,35,0.0,400,1.0,4,2,3.0,0.0,2.0,5.0,2,4.0,1,63
0,107.0,200.0,200.0,42,200.0,83,6.0,917,1.0,11.0,21,1.0,2.0,1,1,0,1.0,3,2.0,5013,2.0,0.0,2.0,2.0,3,2.0,1,2.0,2002.0,0,999,2.0,1,12.0,0.0,38,4.0,58,0.0,400,1.0,1,2,3.0,0.0,2.0,5.0,2,4.0,1,64
1,107.0,6600.0,0.0,42,0.0,69,6.0,917,3.0,16.0,26,6.0,2.0,1,5,0,1.0,3,2.0,5013,2.0,0.0,2.0,2.0,3,2.0,1,2.0,1995.0,0,999,1.0,1,40.0,6600.0,38,52.0,51,0.0,400,1.0,1,2,3.0,0.0,2.0,5.0,2,4.0,1,35
0,501.0,81000.0,33000.0,20,33000.0,78,1.0,82,1.0,22.0,20,4.0,1.0,2,3,1,2.0,1,2.0,1000,2.0,0.0,2.0,2.0,1,2.0,0,2.0,1998.0,1,999,4.0,1,18.0,0.0,38,52.0,24,0.0,200,1.0,1,2,3.0,0.0,2.0,5.0,2,4.0,1,50
0,329.0,51000.0,51000.0,60,51000.0,01,1.0,22,1.0,19.0,20,4.0,1.0,2,3,0,2.0,1,2.0,1000,3.0,0.0,3.0,2.0,1,2.0,0,3.0,1998.0,1,999,1.0,1,50.0,0.0,1,52.0,14,0.0,400,1.0,1,2,3.0,0.0,2.0,5.0,2,4.0,1,45
1,96.0,20000.0,20000.0,51,20000.0,68,1.0,935,1.0,19.0,20,6.0,1.0,2,5,0,2.0,17,2.0,9000,3.0,0.0,3.0,2.0,9,2.0,1,3.0,1995.0,1,999,5.0,1,40.0,0.0,38,52.0,171,0.0,500,3.0,1,2,3.0,0.0,2.0,5.0,2,4.0,1,20
0,159.0,15600.0,15600.0,55,15600.0,63,1.0,32,1.0,17.0,20,1.0,1.0,2,1,0,2.0,1,2.0,1000,3.0,0.0,3.0,2.0,1,2.0,0,3.0,2007.0,1,999,5.0,1,34.0,0.0,38,52.0,14,0.0,200,1.0,1,2,3.0,0.0,2.0,5.0,2,4.0,1,60
0,159.0,16000.0,16000.0,96,16000.0,04,1.0,82,1.0,16.0,21,1.0,1.0,2,1,0,2.0,1,2.0,1000,2.0,0.0,2.0,2.0,1,2.0,0,2.0,2007.0,1,999,1.0,1,30.0,0.0,38,52.0,11,0.0,200,1.0,1,2,3.0,0.0,2.0,5.0,2,4.0,1,58
0,313.0,84000.0,84000.0,03,84000.0,81,1.0,999,1.0,22.0,20,1.0,1.0,2,1,0,2.0,1,2.0,1000,3.0,0.0,3.0,2.0,1,2.0,0,3.0,2006.0,1,999,2.0,1,40.0,0.0,38,52.0,33,0.0,500,1.0,4,2,3.0,0.0,2.0,5.0,2,4.0,1,42
0,313.0,26000.0,26000.0,22,26000.0,78,1.0,111,1.0,21.0,21,1.0,1.0,2,1,0,2.0,1,2.0,1000,3.0,0.0,3.0,2.0,1,2.0,0,3.0,2006.0,1,999,4.0,1,40.0,0.0,38,52.0,20,0.0,500,1.0,1,2,3.0,0.0,2.0,5.0,2,4.0,1,43
0,479.0,70000.0,70000.0,01,70000.0,69,1.0,22,1.0,21.0,20,1.0,1.0,2,1,0,2.0,1,2.0,1000,3.0,0.0,3.0,2.0,1,2.0,0,3.0,2015.0,1,32,1.0,1,45.0,0.0,38,52.0,194,0.0,300,1.0,2,2,3.0,0.0,2.0,5.0,2,4.0,1,34
0,479.0,45000.0,45000.0,59,45000.0,68,1.0,82,1.0,20.0,21,1.0,1.0,2,1,0,2.0,1,2.0,1000,3.0,0.0,3.0,2.0,1,2.0,0,3.0,2015.0,1,32,1.0,1,40.0,0.0,38,52.0,161,0.0,300,1.0,2,2,3.0,0.0,2.0,5.0,2,4.0,1,41
0,501.0,160000.0,120000.0,00,80000.0,87,1.0,32,1.0,20.0,20,1.0,1.0,2,1,0,2.0,1,2.0,1000,3.0,0.0,3.0,2.0,1,2.0,0,3.0,1983.0,1,999,7.0,1,40.0,0.0,27,52.0,21,40000.0,600,1.0,1,2,3.0,0.0,2.0,5.0,2,4.0,1,59
0,501.0,170000.0,130000.0,04,90000.0,87,1.0,32,1.0,20.0,21,1.0,1.0,2,1,0,2.0,1,2.0,1000,3.0,0.0,3.0,2.0,1,2.0,0,3.0,1983.0,1,999,7.0,1,40.0,0.0,27,52.0,20,40000.0,600,1.0,1,2,3.0,0.0,2.0,5.0,2,4.0,1,64
0,482.0,84000.0,84000.0,13,84000.0,07,1.0,32,1.0,21.0,20,1.0,1.0,2,1,0,2.0,1,2.0,1000,3.0,0.0,3.0,2.0,1,2.0,0,3.0,2017.0,1,999,4.0,1,40.0,0.0,38,52.0,168,0.0,300,1.0,1,2,3.0,0.0,2.0,5.0,2,4.0,1,37
0,482.0,64000.0,64000.0,32,64000.0,81,1.0,82,1.0,21.0,21,1.0,1.0,2,1,0,2.0,1,2.0,1000,3.0,0.0,3.0,2.0,1,2.0,0,3.0,2017.0,1,999,2.0,1,36.0,0.0,38,52.0,126,0.0,300,1.0,1,2,3.0,0.0,2.0,5.0,2,4.0,1,38
0,501.0,53030.0,53000.0,03,53000.0,86,1.0,32,1.0,16.0,20,1.0,1.0,2,1,0,2.0,1,2.0,1000,3.0,0.0,3.0,2.0,1,2.0,0,3.0,2018.0,1,999,1.0,1,50.0,0.0,38,52.0,93,30.0,200,1.0,1,2,3.0,0.0,2.0,5.0,2,4.0,1,39
0,501.0,60030.0,60000.0,03,60000.0,86,1.0,720,1.0,21.0,21,1.0,1.0,2,1,0,2.0,6,2.0,4008,3.0,0.0,3.0,2.0,6,2.0,0,3.0,2018.0,0,999,1.0,4,46.0,0.0,233,52.0,66,30.0,200,1.0,1,2,3.0,0.0,2.0,5.0,2,4.0,1,30
0,501.0,38100.0,38100.0,08,38100.0,93,1.0,32,1.0,16.0,20,1.0,1.0,2,1,0,2.0,1,2.0,1000,3.0,0.0,3.0,2.0,1,2.0,0,3.0,1990.0,1,999,3.0,1,40.0,0.0,38,52.0,25,0.0,100,1.0,1,2,3.0,0.0,2.0,5.0,2,4.0,1,57
0,302.0,19900.0,0.0,51,0.0,68,6.0,32,2.0,16.0,20,3.0,2.0,1,2,0,2.0,1,2.0,1000,2.0,16300.0,2.0,1.0,1,2.0,0,2.0,1978.0,1,999,5.0,1,40.0,0.0,38,52.0,119,0.0,300,1.0,1,2,3.0,0.0,2.0,5.0,1,4.0,1,61
0,302.0,40000.0,40000.0,96,40000.0,63,1.0,32,1.0,16.0,25,4.0,1.0,2,3,0,2.0,1,2.0,1000,3.0,0.0,3.0,2.0,1,2.0,0,3.0,2002.0,1,999,1.0,1,45.0,0.0,38,52.0,182,0.0,300,1.0,1,2,3.0,0.0,2.0,5.0,2,4.0,1,41
0,162.0,23600.0,23600.0,40,23600.0,82,1.0,82,1.0,16.0,20,1.0,1.0,2,1,0,2.0,1,2.0,1000,2.0,0.0,2.0,2.0,1,2.0,0,2.0,2007.0,1,50,2.0,1,40.0,0.0,38,52.0,15,0.0,500,1.0,2,2,3.0,0.0,2.0,5.0,2,4.0,1,64
0,162.0,9000.0,0.0,05,0.0,44,6.0,82,2.0,16.0,21,1.0,2.0,2,1,0,2.0,1,2.0,1000,2.0,0.0,2.0,2.0,1,2.0,0,2.0,2007.0,1,999,2.0,1,40.0,0.0,38,52.0,15,0.0,500,1.0,1,2,3.0,0.0,2.0,5.0,2,4.0,1,65
1,182.0,55000.0,53000.0,77,53000.0,15,6.0,32,1.0,17.0,20,1.0,2.0,2,1,0,2.0,17,2.0,9000,2.0,0.0,2.0,2.0,9,2.0,1,2.0,2019.0,1,94,1.0,1,40.0,0.0,38,52.0,12,0.0,400,1.0,2,2,3.0,2000.0,2.0,5.0,2,4.0,1,36
1,182.0,0.0,0.0,39,0.0,86,6.0,917,2.0,20.0,21,1.0,2.0,2,1,0,2.0,3,2.0,5013,1.0,0.0,2.0,2.0,3,2.0,1,2.0,2019.0,0,999,1.0,1,40.0,0.0,38,52.0,13,0.0,400,1.0,1,2,3.0,0.0,2.0,3.0,2,4.0,1,28
0,501.0,100100.0,50000.0,02,0.0,01,6.0,999,1.0,18.0,25,2.0,1.0,1,1,0,2.0,1,1.0,1000,3.0,0.0,3.0,1.0,1,1.0,0,3.0,1986.0,1,999,6.0,1,20.0,0.0,38,12.0,10,100.0,200,1.0,4,2,3.0,0.0,2.0,5.0,2,4.0,1,63
0,501.0,62000.0,62000.0,42,0.0,76,1.0,32,1.0,21.0,20,1.0,1.0,2,1,0,2.0,1,2.0,1000,3.0,0.0,3.0,2.0,1,2.0,0,3.0,2017.0,1,50,6.0,1,40.0,0.0,27,50.0,84,0.0,600,1.0,2,2,3.0,0.0,2.0,5.0,2,4.0,1,53
0,501.0,49000.0,47000.0,20,47000.0,80,1.0,50,1.0,21.0,21,1.0,1.0,2,1,0,2.0,1,2.0,1000,3.0,0.0,3.0,2.0,1,2.0,0,3.0,2017.0,1,82,2.0,1,35.0,0.0,27,52.0,113,0.0,600,1.0,2,2,3.0,0.0,2.0,5.0,2,2.0,1,52
0,113.0,40000.0,40000.0,02,0.0,01,1.0,999,1.0,19.0,20,1.0,1.0,2,1,1,2.0,1,2.0,1000,3.0,0.0,3.0,2.0,1,2.0,0,3.0,2021.0,1,999,6.0,1,50.0,0.0,38,52.0,270,0.0,100,1.0,4,2,3.0,0.0,2.0,5.0,2,4.0,1,32
0,113.0,0.0,0.0,02,0.0,01,6.0,999,2.0,23.0,21,1.0,2.0,2,1,1,2.0,1,2.0,1000,2.0,0.0,2.0,2.0,1,2.0,0,2.0,2021.0,1,999,6.0,1,40.0,0.0,38,52.0,145,0.0,100,1.0,4,2,3.0,0.0,2.0,5.0,2,4.0,1,32
0,501.0,180000.0,180000.0,04,180000.0,73,1.0,999,1.0,22.0,20,1.0,1.0,2,1,0,2.0,1,2.0,1000,3.0,0.0,3.0,2.0,1,2.0,0,3.0,2002.0,1,999,2.0,1,50.0,0.0,38,52.0,167,0.0,300,1.0,4,2,3.0,0.0,2.0,5.0,2,4.0,1,48
0,501.0,65000.0,65000.0,32,65000.0,82,1.0,999,1.0,22.0,21,1.0,1.0,2,1,0,2.0,1,2.0,1000,3.0,0.0,3.0,2.0,1,2.0,0,3.0,2002.0,1,999,3.0,1,45.0,0.0,38,52.0,152,0.0,300,1.0,4,2,3.0,0.0,2.0,5.0,2,4.0,1,45
0,444.0,70000.0,70000.0,56,70000.0,39,1.0,999,1.0,16.0,20,6.0,1.0,2,5,0,2.0,1,2.0,1000,3.0,0.0,3.0,2.0,1,2.0,0,3.0,1995.0,1,999,1.0,1,57.0,0.0,42,52.0,311,0.0,100,1.0,4,2,3.0,0.0,2.0,5.0,2,4.0,1,31
0,241.0,38000.0,38000.0,54,38000.0,79,1.0,999,1.0,20.0,22,6.0,1.0,2,5,0,2.0,1,2.0,1000,3.0,0.0,3.0,2.0,1,2.0,0,3.0,1995.0,1,999,1.0,1,40.0,0.0,16,52.0,903,0.0,100,1.0,4,2,3.0,0.0,2.0,5.0,2,4.0,1,27
0,321.0,73000.0,73000.0,57,73000.0,77,1.0,82,1.0,21.0,20,1.0,1.0,2,1,0,2.0,1,2.0,1000,3.0,0.0,3.0,2.0,1,2.0,0,3.0,2014.0,1,999,1.0,1,40.0,0.0,38,52.0,58,0.0,600,1.0,1,2,3.0,0.0,2.0,5.0,2,4.0,1,34
0,321.0,65000.0,65000.0,47,65000.0,48,1.0,98,1.0,19.0,21,1.0,1.0,2,1,0,2.0,1,2.0,1000,3.0,0.0,3.0,2.0,1,2.0,0,3.0,2014.0,1,26,1.0,1,40.0,0.0,38,52.0,61,0.0,600,1.0,2,2,3.0,0.0,2.0,5.0,2,4.0,1,45
0,501.0,79000.0,79000.0,00,75000.0,74,1.0,22,1.0,21.0,20,1.0,1.0,2,1,0,2.0,1,2.0,1000,3.0,0.0,3.0,2.0,1,2.0,0,3.0,2019.0,1,999,1.0,1,45.0,0.0,21,52.0,283,0.0,500,1.0,1,2,3.0,0.0,2.0,5.0,2,4.0,1,24
0,501.0,85000.0,85000.0,00,85000.0,86,1.0,97,1.0,21.0,21,1.0,1.0,2,1,0,2.0,1,2.0,1000,3.0,0.0,3.0,2.0,1,2.0,0,3.0,2019.0,1,22,1.0,1,50.0,0.0,37,52.0,370,0.0,500,1.0,2,2,3.0,0.0,2.0,5.0,2,4.0,1,29
1,86.0,13300.0,0.0,42,0.0,69,6.0,32,3.0,19.0,22,4.0,2.0,1,3,0,1.0,1,2.0,1000,2.0,0.0,2.0,1.0,1,2.0,0,2.0,1993.0,1,999,1.0,1,40.0,11600.0,46,52.0,66,0.0,400,1.0,1,2,3.0,1700.0,2.0,5.0,1,4.0,1,58
0,474.0,73900.0,75000.0,91,75000.0,56,1.0,32,1.0,20.0,20,6.0,1.0,2,5,0,2.0,17,2.0,9000,3.0,0.0,3.0,2.0,9,2.0,1,3.0,1995.0,1,82,1.0,1,40.0,0.0,38,52.0,130,-1100.0,400,1.0,2,2,3.0,0.0,2.0,5.0,2,4.0,1,27
0,274.0,57300.0,55000.0,60,55000.0,01,1.0,82,1.0,19.0,20,6.0,1.0,2,5,0,2.0,1,2.0,1000,3.0,0.0,3.0,2.0,1,2.0,0,3.0,1995.0,1,50,1.0,1,40.0,0.0,38,52.0,144,0.0,500,1.0,2,2,3.0,0.0,2.0,5.0,2,4.0,1,44
0,331.0,60000.0,60000.0,77,60000.0,32,1.0,939,1.0,18.0,20,6.0,1.0,2,5,0,2.0,1,2.0,1000,3.0,0.0,3.0,2.0,1,2.0,0,3.0,1995.0,1,999,1.0,1,40.0,0.0,20,52.0,181,0.0,400,1.0,1,2,3.0,0.0,2.0,5.0,2,4.0,1,23
0,331.0,7500.0,7500.0,96,7500.0,49,1.0,939,1.0,20.0,28,6.0,1.0,1,5,0,1.0,1,2.0,1000,3.0,0.0,3.0,2.0,1,2.0,0,3.0,1995.0,1,999,1.0,1,40.0,0.0,20,17.0,55,0.0,400,3.0,1,2,3.0,0.0,2.0,5.0,2,4.0,1,20
0,380.0,59000.0,54000.0,65,54000.0,25,1.0,32,1.0,16.0,20,6.0,1.0,2,5,0,2.0,1,2.0,1000,3.0,0.0,3.0,2.0,1,2.0,0,3.0,1995.0,1,999,1.0,1,45.0,0.0,38,40.0,570,0.0,300,1.0,1,2,3.0,0.0,2.0,5.0,2,4.0,1,37
0,269.0,40500.0,40500.0,47,40500.0,50,1.0,22,1.0,18.0,20,1.0,1.0,2,1,0,2.0,1,2.0,1000,3.0,0.0,3.0,2.0,1,2.0,0,3.0,1983.0,1,50,1.0,1,40.0,0.0,38,52.0,21,0.0,300,1.0,2,2,3.0,0.0,2.0,5.0,2,4.0,1,60
0,269.0,13600.0,13600.0,91,13600.0,78,1.0,82,1.0,16.0,21,1.0,1.0,2,1,0,2.0,1,2.0,1000,2.0,0.0,2.0,2.0,1,2.0,0,2.0,1983.0,1,89,3.0,1,20.0,0.0,38,16.0,25,0.0,300,1.0,2,2,3.0,0.0,2.0,5.0,2,2.0,1,63
0,501.0,80000.0,80000.0,00,80000.0,68,1.0,82,1.0,23.0,20,1.0,1.0,2,1,0,2.0,1,2.0,1000,3.0,0.0,3.0,2.0,1,2.0,0,3.0,2022.0,1,89,1.0,1,40.0,0.0,38,52.0,38,0.0,500,1.0,2,2,3.0,0.0,2.0,5.0,2,4.0,1,60
0,501.0,80000.0,80000.0,03,80000.0,81,1.0,999,1.0,15.0,21,1.0,1.0,2,1,0,2.0,1,2.0,1000,3.0,0.0,3.0,2.0,1,2.0,0,3.0,2022.0,1,999,2.0,1,60.0,0.0,38,52.0,33,0.0,500,1.0,4,2,3.0,0.0,2.0,5.0,2,4.0,1,58
0,501.0,100000.0,100000.0,87,100000.0,39,1.0,32,1.0,21.0,20,1.0,1.0,2,1,0,2.0,1,2.0,1000,3.0,0.0,3.0,2.0,1,2.0,0,3.0,1990.0,1,50,7.0,1,40.0,0.0,38,52.0,48,0.0,600,1.0,2,2,3.0,0.0,2.0,5.0,2,4.0,1,64
0,501.0,55000.0,55000.0,23,55000.0,78,1.0,24,1.0,21.0,21,1.0,1.0,2,1,0,2.0,1,2.0,1000,3.0,0.0,3.0,2.0,1,2.0,0,3.0,1990.0,1,999,3.0,1,40.0,0.0,38,52.0,61,0.0,600,1.0,1,2,3.0,0.0,2.0,5.0,2,4.0,1,54
0,433.0,52000.0,52000.0,07,52000.0,78,1.0,999,1.0,21.0,20,1.0,1.0,2,1,0,2.0,1,2.0,1000,3.0,0.0,3.0,2.0,1,2.0,0,3.0,2012.0,1,999,4.0,1,32.0,0.0,27,40.0,98,0.0,600,1.0,4,2,3.0,0.0,2.0,5.0,2,4.0,1,37
0,433.0,100000.0,100000.0,05,100000.0,52,1.0,22,1.0,21.0,21,1.0,1.0,2,1,0,2.0,1,2.0,1000,3.0,0.0,3.0,2.0,1,2.0,0,3.0,2012.0,1,999,1.0,7,40.0,0.0,301,52.0,107,0.0,600,1.0,1,2,3.0,0.0,2.0,5.0,2,4.0,1,40
0,501.0,43900.0,43900.0,42,43900.0,81,1.0,32,1.0,18.0,20,1.0,1.0,2,1,0,2.0,1,2.0,1000,3.0,0.0,3.0,2.0,1,2.0,0,3.0,1997.0,1,82,2.0,1,40.0,0.0,27,52.0,173,0.0,500,1.0,2,2,3.0,0.0,2.0,5.0,2,4.0,1,56
0,501.0,76000.0,76000.0,02,76000.0,78,1.0,32,1.0,22.0,21,1.0,1.0,2,1,0,2.0,1,2.0,1000,3.0,0.0,3.0,2.0,1,2.0,0,3.0,1997.0,1,82,4.0,1,40.0,0.0,38,52.0,127,0.0,500,1.0,2,2,3.0,0.0,2.0,5.0,2,4.0,1,53
0,501.0,5500.0,5500.0,47,5500.0,51,1.0,32,1.0,14.0,25,6.0,1.0,2,5,0,2.0,1,2.0,1000,3.0,0.0,3.0,2.0,1,2.0,0,3.0,1995.0,1,26,1.0,1,6.0,0.0,38,40.0,132,0.0,500,3.0,2,2,3.0,0.0,2.0,5.0,2,4.0,1,18
0,501.0,32900.0,3500.0,73,3500.0,61,1.0,82,1.0,19.0,20,1.0,1.0,2,1,2,2.0,1,2.0,1000,3.0,0.0,3.0,2.0,1,2.0,0,3.0,1983.0,1,999,1.0,1,8.0,29400.0,38,20.0,43,0.0,200,1.0,1,2,3.0,0.0,2.0,5.0,2,4.0,1,62
0,501.0,88200.0,87000.0,20,87000.0,78,1.0,82,1.0,22.0,21,1.0,1.0,2,1,0,2.0,1,2.0,1000,3.0,0.0,3.0,2.0,1,2.0,0,3.0,1983.0,1,999,1.0,1,38.0,0.0,38,36.0,60,1200.0,200,1.0,1,2,3.0,0.0,2.0,5.0,2,4.0,1,62
0,501.0,50000.0,50000.0,07,0.0,73,1.0,82,1.0,22.0,25,1.0,1.0,2,1,0,2.0,1,2.0,1000,3.0,0.0,3.0,2.0,1,2.0,0,3.0,2013.0,1,999,6.0,1,40.0,0.0,38,52.0,33,0.0,200,3.0,1,2,3.0,0.0,2.0,5.0,2,4.0,1,33
0,501.0,97000.0,97000.0,05,97000.0,44,1.0,82,1.0,21.0,32,1.0,1.0,2,1,0,2.0,1,2.0,1000,3.0,0.0,3.0,2.0,1,2.0,0,3.0,2013.0,1,999,1.0,1,40.0,0.0,38,52.0,41,0.0,200,3.0,1,2,3.0,0.0,2.0,5.0,2,4.0,1,34
0,46.0,7300.0,7300.0,40,7300.0,86,3.0,32,1.0,20.0,20,6.0,2.0,2,5,0,2.0,1,2.0,1000,1.0,0.0,2.0,2.0,1,2.0,0,2.0,1995.0,1,999,1.0,1,30.0,0.0,38,39.0,234,0.0,600,3.0,1,2,3.0,0.0,2.0,1.0,2,4.0,1,20
0,69.0,11000.0,11000.0,96,11000.0,53,6.0,999,1.0,21.0,34,6.0,1.0,2,5,0,2.0,1,2.0,1000,3.0,0.0,3.0,2.0,1,2.0,0,3.0,1995.0,1,999,1.0,1,28.0,0.0,38,38.0,341,0.0,600,1.0,4,2,3.0,0.0,2.0,5.0,2,4.0,1,23
0,154.0,24400.0,24400.0,47,24400.0,51,3.0,999,1.0,19.0,34,6.0,1.0,2,5,0,2.0,1,2.0,1000,3.0,0.0,3.0,2.0,1,2.0,0,3.0,1995.0,1,999,1.0,1,36.0,0.0,27,43.0,342,0.0,600,3.0,4,2,3.0,0.0,2.0,5.0,2,4.0,1,21
0,501.0,0.0,0.0,51,0.0,68,6.0,82,2.0,16.0,21,1.0,2.0,2,1,2,2.0,1,2.0,1000,2.0,0.0,2.0,2.0,1,2.0,0,2.0,2014.0,1,32,1.0,1,40.0,0.0,38,52.0,26,0.0,300,1.0,2,2,3.0,0.0,2.0,1.0,2,4.0,1,29
0,77.0,12000.0,12000.0,96,12000.0,48,1.0,51,1.0,19.0,20,6.0,1.0,2,5,2,2.0,1,2.0,1000,3.0,0.0,3.0,2.0,1,2.0,0,3.0,1995.0,1,50,1.0,1,15.0,0.0,27,52.0,254,0.0,600,3.0,2,2,3.0,0.0,2.0,5.0,2,4.0,1,20
0,90.0,14000.0,14000.0,01,14000.0,68,1.0,50,1.0,20.0,24,6.0,1.0,1,5,0,1.0,1,1.0,1000,3.0,0.0,3.0,2.0,1,2.0,0,3.0,1995.0,1,82,1.0,1,30.0,0.0,27,52.0,259,0.0,600,3.0,2,2,3.0,0.0,2.0,5.0,2,4.0,1,22
0,187.0,29000.0,29000.0,88,29000.0,21,1.0,50,1.0,16.0,34,6.0,1.0,2,5,0,2.0,1,2.0,1000,3.0,0.0,3.0,2.0,1,2.0,0,3.0,1995.0,1,82,1.0,1,40.0,0.0,38,52.0,407,0.0,600,3.0,2,2,3.0,0.0,2.0,5.0,2,4.0,1,21
0,449.0,81200.0,80000.0,90,80000.0,95,1.0,999,1.0,18.0,20,1.0,1.0,2,1,0,2.0,1,2.0,1000,3.0,0.0,3.0,2.0,1,2.0,0,3.0,1989.0,1,999,5.0,1,40.0,0.0,6,52.0,38,0.0,500,1.0,4,2,3.0,0.0,2.0,5.0,2,2.0,1,58
0,449.0,9000.0,0.0,42,0.0,69,6.0,999,3.0,16.0,21,1.0,2.0,2,1,0,2.0,1,2.0,1000,2.0,0.0,2.0,2.0,1,2.0,0,2.0,1989.0,1,999,1.0,1,40.0,9000.0,39,52.0,44,0.0,500,1.0,4,2,3.0,0.0,2.0,5.0,2,2.0,1,58
0,501.0,19000.0,19000.0,52,0.0,69,1.0,22,1.0,20.0,20,1.0,1.0,2,1,2,2.0,1,2.0,1000,3.0,0.0,3.0,2.0,1,2.0,0,3.0,1980.0,1,89,6.0,1,30.0,0.0,27,52.0,23,0.0,400,1.0,2,2,3.0,0.0,2.0,5.0,2,4.0,1,64
1,0.0,0.0,0.0,42,0.0,69,6.0,32,3.0,20.0,20,6.0,2.0,2,5,0,2.0,1,2.0,1000,2.0,0.0,2.0,2.0,1,2.0,0,2.0,1995.0,1,125,1.0,1,40.0,0.0,8,52.0,190,0.0,500,1.0,2,2,3.0,0.0,2.0,5.0,2,4.0,1,31
0,84.0,13000.0,13000.0,25,13000.0,78,1.0,720,1.0,19.0,34,6.0,1.0,2,5,0,2.0,20,2.0,9000,3.0,0.0,3.0,2.0,9,2.0,0,3.0,1995.0,1,999,2.0,1,12.0,0.0,5,52.0,208,0.0,500,1.0,1,2,3.0,0.0,2.0,5.0,2,2.0,1,34
0,426.0,67200.0,67000.0,77,67000.0,35,1.0,210,1.0,16.0,20,3.0,1.0,1,2,0,1.0,15,1.0,8000,3.0,0.0,3.0,2.0,8,2.0,0,3.0,2017.0,0,999,1.0,1,40.0,0.0,6,52.0,9,-1100.0,200,1.0,1,2,3.0,1000.0,2.0,5.0,2,4.0,2,49
0,501.0,85000.0,85000.0,04,85000.0,35,2.0,939,1.0,22.0,20,5.0,1.0,2,4,0,2.0,17,2.0,9000,3.0,0.0,2.0,2.0,9,2.0,1,1.0,1980.0,1,999,1.0,1,48.0,0.0,53,52.0,101,0.0,500,3.0,1,2,3.0,0.0,2.0,5.0,2,4.0,1,62
0,501.0,42000.0,42000.0,36,42000.0,82,1.0,920,1.0,16.0,30,6.0,1.0,2,5,0,2.0,79,2.0,9000,3.0,0.0,3.0,2.0,9,2.0,1,3.0,1995.0,1,740,1.0,1,40.0,0.0,6,52.0,283,0.0,500,3.0,2,2,3.0,0.0,2.0,5.0,2,4.0,1,20
0,411.0,82000.0,82000.0,00,82000.0,93,1.0,939,1.0,18.0,20,4.0,1.0,2,3,0,2.0,1,2.0,1000,3.0,0.0,3.0,2.0,1,2.0,0,3.0,2000.0,1,999,3.0,1,40.0,0.0,38,52.0,48,0.0,300,3.0,1,2,3.0,0.0,2.0,5.0,2,2.0,1,51
0,205.0,0.0,0.0,42,0.0,69,6.0,996,3.0,21.0,20,1.0,2.0,2,1,0,2.0,1,2.0,1000,2.0,0.0,2.0,2.0,1,2.0,0,2.0,2010.0,1,999,1.0,1,40.0,0.0,20,52.0,170,0.0,200,1.0,3,2,3.0,0.0,2.0,5.0,2,4.0,1,36
0,205.0,62000.0,62000.0,94,62000.0,96,4.0,996,1.0,21.0,21,1.0,1.0,2,1,0,2.0,1,2.0,1000,3.0,0.0,3.0,2.0,1,2.0,0,3.0,2010.0,1,999,5.0,1,50.0,0.0,8,52.0,144,0.0,200,1.0,3,2,3.0,0.0,2.0,5.0,2,1.0,1,36
1,124.0,19440.0,0.0,42,0.0,69,6.0,32,3.0,21.0,20,4.0,2.0,1,3,0,2.0,1,2.0,1000,2.0,18900.0,2.0,1.0,1,2.0,0,2.0,1997.0,1,87,1.0,1,40.0,0.0,45,52.0,17,0.0,100,1.0,2,1,3.0,540.0,2.0,5.0,1,2.0,1,56
1,58.0,9100.0,0.0,42,0.0,69,6.0,32,3.0,14.0,34,4.0,2.0,2,3,0,2.0,1,2.0,1000,2.0,0.0,2.0,2.0,1,2.0,0,2.0,1989.0,1,999,1.0,1,40.0,0.0,42,52.0,2,0.0,100,1.0,1,2,3.0,9100.0,2.0,5.0,2,4.0,1,56
0,327.0,50000.0,50000.0,02,0.0,01,1.0,32,1.0,16.0,20,6.0,1.0,2,5,2,2.0,1,2.0,1000,3.0,0.0,3.0,2.0,1,2.0,0,3.0,1995.0,1,999,6.0,1,55.0,0.0,38,52.0,41,0.0,400,1.0,1,2,3.0,0.0,2.0,5.0,2,4.0,1,46
0,385.0,69000.0,69000.0,23,69000.0,78,1.0,924,1.0,22.0,20,1.0,1.0,2,1,2,2.0,1,2.0,1000,3.0,0.0,3.0,2.0,1,2.0,0,3.0,2010.0,1,111,3.0,1,40.0,0.0,38,52.0,44,0.0,500,1.0,2,2,3.0,0.0,2.0,5.0,2,4.0,1,34
0,385.0,70000.0,70000.0,72,70000.0,87,1.0,924,1.0,20.0,21,1.0,1.0,2,1,2,2.0,1,2.0,1000,3.0,0.0,3.0,2.0,1,2.0,0,3.0,2010.0,1,32,1.0,1,40.0,0.0,38,52.0,52,0.0,500,1.0,2,2,3.0,0.0,2.0,5.0,2,4.0,1,35
0,490.0,120000.0,120000.0,07,120000.0,38,1.0,999,1.0,16.0,20,1.0,1.0,2,1,0,2.0,1,2.0,1000,3.0,0.0,3.0,2.0,1,2.0,0,3.0,2013.0,1,999,1.0,1,53.0,0.0,36,52.0,96,0.0,500,3.0,4,2,3.0,0.0,2.0,5.0,2,4.0,1,47
0,490.0,28000.0,28000.0,32,28000.0,81,1.0,999,1.0,20.0,21,1.0,1.0,2,1,0,2.0,1,2.0,1000,3.0,0.0,3.0,2.0,1,2.0,0,3.0,2013.0,1,999,2.0,1,32.0,0.0,38,52.0,63,0.0,500,3.0,4,2,3.0,0.0,2.0,5.0,2,4.0,1,35
0,163.0,50000.0,50000.0,91,50000.0,61,1.0,939,1.0,18.0,20,1.0,1.0,2,1,0,2.0,1,2.0,1000,3.0,0.0,3.0,2.0,1,2.0,0,3.0,2014.0,1,999,1.0,1,40.0,0.0,38,52.0,58,0.0,200,1.0,1,2,3.0,0.0,2.0,5.0,2,4.0,1,33
0,163.0,0.0,0.0,51,0.0,68,6.0,939,2.0,16.0,21,1.0,2.0,1,1,0,1.0,1,2.0,1000,2.0,0.0,2.0,2.0,1,2.0,0,2.0,2014.0,1,999,1.0,1,40.0,0.0,32,52.0,46,0.0,200,1.0,1,2,3.0,0.0,2.0,5.0,2,4.0,1,30
0,302.0,60000.0,60000.0,72,60000.0,42,1.0,82,1.0,17.0,20,1.0,1.0,2,1,0,2.0,1,2.0,1000,3.0,0.0,3.0,2.0,1,2.0,0,3.0,1986.0,1,999,1.0,1,45.0,0.0,38,52.0,11,0.0,400,1.0,1,2,3.0,0.0,2.0,5.0,2,4.0,1,63
0,302.0,1300.0,1300.0,96,0.0,07,1.0,82,1.0,16.0,21,1.0,1.0,2,1,0,2.0,1,2.0,1000,3.0,0.0,3.0,2.0,1,2.0,0,3.0,1986.0,1,999,6.0,1,6.0,0.0,38,48.0,11,0.0,400,1.0,1,2,3.0,0.0,2.0,5.0,2,4.0,1,62
0,501.0,59200.0,55000.0,23,55000.0,78,1.0,32,1.0,21.0,21,1.0,1.0,2,1,2,2.0,1,2.0,1000,3.0,0.0,3.0,2.0,1,2.0,0,3.0,2013.0,1,999,3.0,1,50.0,0.0,30,44.0,24,0.0,100,1.0,1,2,3.0,0.0,2.0,5.0,2,4.0,1,60
0,139.0,43000.0,43000.0,20,43000.0,91,1.0,32,1.0,22.0,20,1.0,1.0,2,1,1,2.0,1,2.0,1000,3.0,0.0,3.0,2.0,1,2.0,0,3.0,2018.0,1,998,2.0,1,45.0,0.0,55,52.0,94,0.0,500,1.0,2,2,3.0,0.0,2.0,5.0,2,4.0,1,29
0,139.0,0.0,0.0,32,0.0,80,6.0,89,2.0,21.0,21,1.0,2.0,2,1,1,2.0,1,2.0,1000,2.0,0.0,2.0,2.0,1,2.0,0,2.0,2018.0,1,999,2.0,1,40.0,0.0,27,52.0,38,0.0,500,1.0,1,2,3.0,0.0,2.0,5.0,2,4.0,1,31
0,245.0,38000.0,38000.0,13,22000.0,72,1.0,32,1.0,22.0,20,6.0,1.0,2,5,0,2.0,1,2.0,1000,3.0,0.0,3.0,2.0,1,2.0,0,3.0,1995.0,1,999,6.0,1,40.0,0.0,38,32.0,104,0.0,600,3.0,1,2,3.0,0.0,2.0,5.0,2,4.0,1,40
0,501.0,62000.0,62000.0,20,62000.0,81,1.0,50,1.0,21.0,20,1.0,1.0,2,1,0,2.0,1,2.0,1000,3.0,0.0,3.0,2.0,1,2.0,0,3.0,2018.0,1,32,2.0,1,40.0,0.0,27,52.0,66,0.0,600,1.0,2,2,3.0,0.0,2.0,5.0,2,4.0,1,30
0,501.0,70000.0,70000.0,02,70000.0,07,1.0,32,1.0,21.0,21,1.0,1.0,2,1,0,2.0,1,2.0,1000,3.0,0.0,3.0,2.0,1,2.0,0,3.0,2018.0,1,999,1.0,1,40.0,0.0,27,52.0,68,0.0,600,1.0,1,2,3.0,0.0,2.0,5.0,2,4.0,1,28
0,492.0,14000.0,14000.0,01,14000.0,68,1.0,122,1.0,18.0,20,1.0,1.0,2,1,1,2.0,1,2.0,1000,3.0,0.0,3.0,2.0,1,2.0,0,3.0,2000.0,1,999,1.0,1,23.0,0.0,46,52.0,20,0.0,400,1.0,1,2,3.0,0.0,2.0,5.0,2,4.0,1,43
0,492.0,120000.0,120000.0,02,70000.0,01,1.0,122,1.0,16.0,21,1.0,1.0,2,1,1,2.0,1,2.0,1000,2.0,0.0,2.0,2.0,1,2.0,0,2.0,2000.0,1,999,6.0,1,99.0,0.0,38,52.0,16,0.0,400,1.0,1,2,3.0,0.0,2.0,5.0,2,4.0,1,45
0,368.0,25000.0,25000.0,23,25000.0,78,1.0,32,1.0,21.0,20,1.0,1.0,2,1,0,2.0,1,2.0,1000,3.0,0.0,3.0,2.0,1,2.0,0,3.0,1984.0,1,999,1.0,1,25.0,0.0,38,36.0,91,0.0,200,1.0,1,2,3.0,0.0,2.0,5.0,2,4.0,1,62
0,368.0,50000.0,50000.0,02,50000.0,01,1.0,32,1.0,19.0,21,1.0,1.0,2,1,0,2.0,1,2.0,1000,3.0,0.0,3.0,2.0,1,2.0,0,3.0,1984.0,1,999,7.0,1,48.0,0.0,38,50.0,69,0.0,200,1.0,1,2,3.0,0.0,2.0,5.0,2,4.0,1,62
0,489.0,56000.0,0.0,47,0.0,48,6.0,939,2.0,16.0,20,1.0,2.0,2,1,0,2.0,1,2.0,1000,2.0,0.0,2.0,2.0,1,2.0,0,2.0,1979.0,1,999,1.0,1,40.0,16000.0,38,52.0,35,0.0,400,1.0,1,2,3.0,0.0,2.0,5.0,2,4.0,1,62
0,489.0,43000.0,0.0,77,0.0,30,6.0,939,2.0,20.0,21,1.0,2.0,2,1,0,2.0,1,2.0,1000,2.0,0.0,2.0,2.0,1,2.0,0,2.0,1979.0,1,999,1.0,1,40.0,23800.0,38,52.0,31,0.0,400,1.0,1,2,3.0,0.0,2.0,5.0,2,4.0,1,63
0,501.0,40000.0,40000.0,47,40000.0,42,1.0,999,1.0,19.0,20,1.0,1.0,2,1,0,2.0,1,2.0,1000,3.0,0.0,3.0,2.0,1,2.0,0,3.0,1999.0,1,999,1.0,1,40.0,0.0,27,52.0,41,0.0,500,3.0,4,2,3.0,0.0,2.0,5.0,2,4.0,1,47
0,501.0,75000.0,75000.0,42,75000.0,76,1.0,999,1.0,18.0,21,1.0,1.0,2,1,0,2.0,29,2.0,9000,3.0,0.0,3.0,2.0,9,2.0,0,3.0,1999.0,1,999,1.0,1,45.0,0.0,38,52.0,57,0.0,500,3.0,4,2,3.0,0.0,2.0,5.0,2,4.0,1,49
0,501.0,65000.0,45000.0,52,45000.0,66,1.0,26,1.0,16.0,20,1.0,1.0,2,1,0,2.0,1,2.0,1000,3.0,0.0,3.0,2.0,1,2.0,0,3.0,1985.0,1,999,1.0,1,40.0,0.0,22,52.0,148,0.0,600,1.0,1,2,3.0,0.0,2.0,5.0,2,2.0,1,59
0,501.0,48000.0,48000.0,37,48000.0,76,1.0,82,1.0,19.0,21,1.0,1.0,2,1,0,2.0,1,2.0,1000,3.0,0.0,3.0,2.0,1,2.0,0,3.0,1985.0,1,999,1.0,1,40.0,0.0,27,52.0,160,0.0,600,1.0,1,2,3.0,0.0,2.0,5.0,2,2.0,1,60
0,421.0,65000.0,65000.0,50,65000.0,79,1.0,24,1.0,19.0,20,4.0,1.0,2,3,0,2.0,1,2.0,1000,3.0,0.0,3.0,2.0,1,2.0,0,3.0,1990.0,1,142,1.0,1,40.0,0.0,27,52.0,22,0.0,600,1.0,2,2,3.0,0.0,2.0,5.0,2,4.0,1,53
0,121.0,13500.0,12100.0,72,12100.0,87,1.0,32,1.0,16.0,20,1.0,1.0,2,1,2,2.0,1,2.0,1000,3.0,0.0,3.0,2.0,1,2.0,0,3.0,1979.0,1,148,1.0,1,9.0,0.0,38,52.0,25,1400.0,600,1.0,2,2,3.0,0.0,2.0,5.0,2,4.0,1,63
0,121.0,10780.0,10300.0,57,10300.0,87,1.0,32,1.0,16.0,21,1.0,1.0,2,1,2,2.0,1,2.0,1000,3.0,0.0,3.0,2.0,1,2.0,0,3.0,1979.0,1,999,1.0,1,20.0,0.0,38,52.0,25,480.0,600,1.0,1,2,3.0,0.0,2.0,5.0,2,4.0,1,62
0,501.0,26000.0,26000.0,93,26000.0,87,1.0,32,1.0,13.0,30,6.0,1.0,1,5,0,1.0,1,2.0,1000,1.0,0.0,2.0,2.0,1,2.0,0,2.0,1995.0,1,999,1.0,1,35.0,0.0,38,35.0,161,0.0,300,1.0,1,2,2.0,0.0,2.0,5.0,2,4.0,1,23
0,402.0,39600.0,25500.0,47,25500.0,47,1.0,32,1.0,18.0,20,1.0,1.0,2,1,1,2.0,1,2.0,1000,3.0,0.0,3.0,2.0,1,2.0,0,3.0,2002.0,1,999,7.0,1,50.0,9900.0,19,52.0,40,0.0,200,1.0,1,2,3.0,0.0,2.0,5.0,2,4.0,1,64
0,501.0,26000.0,26000.0,77,26000.0,32,1.0,82,1.0,20.0,20,1.0,1.0,2,1,0,2.0,1,2.0,1000,3.0,0.0,3.0,2.0,1,2.0,0,3.0,1997.0,1,89,1.0,1,40.0,0.0,23,51.0,45,0.0,400,1.0,2,2,3.0,0.0,2.0,5.0,2,4.0,1,50
0,501.0,126000.0,86000.0,00,86000.0,01,1.0,82,1.0,21.0,21,1.0,1.0,2,1,0,2.0,1,2.0,1000,3.0,0.0,3.0,2.0,1,2.0,0,3.0,1997.0,1,32,1.0,1,45.0,0.0,19,52.0,56,0.0,400,1.0,2,2,3.0,0.0,2.0,5.0,2,4.0,1,51
1,92.0,9400.0,5000.0,47,5000.0,86,3.0,32,1.0,14.0,20,5.0,2.0,1,4,0,1.0,1,2.0,1000,1.0,0.0,2.0,2.0,1,2.0,0,2.0,2014.0,1,82,1.0,1,30.0,0.0,38,20.0,166,0.0,600,1.0,2,2,3.0,0.0,2.0,1.0,2,4.0,1,31
0,257.0,39200.0,39200.0,03,39200.0,86,1.0,290,1.0,14.0,22,6.0,1.0,2,5,0,2.0,1,2.0,1000,3.0,0.0,3.0,2.0,1,2.0,0,3.0,1995.0,1,32,1.0,1,40.0,0.0,38,52.0,140,0.0,600,1.0,2,2,3.0,0.0,2.0,5.0,2,4.0,7,22
0,92.0,18000.0,0.0,73,0.0,70,6.0,32,2.0,21.0,29,4.0,2.0,1,3,0,2.0,1,2.0,1000,2.0,0.0,2.0,2.0,1,2.0,0,2.0,1991.0,1,82,1.0,1,40.0,18000.0,38,52.0,247,0.0,600,1.0,2,2,3.0,0.0,2.0,5.0,1,2.0,1,59
0,337.0,53000.0,53000.0,60,0.0,01,1.0,32,1.0,16.0,20,5.0,1.0,2,4,0,2.0,1,2.0,1000,3.0,0.0,3.0,2.0,1,2.0,0,3.0,2010.0,1,82,6.0,1,50.0,0.0,38,52.0,75,0.0,500,1.0,2,2,3.0,0.0,2.0,5.0,2,2.0,1,57
0,260.0,72500.0,71000.0,20,70000.0,91,1.0,32,1.0,23.0,20,1.0,1.0,2,1,0,2.0,1,2.0,1000,3.0,0.0,3.0,2.0,1,2.0,0,3.0,2005.0,1,46,2.0,1,55.0,0.0,42,52.0,75,1500.0,200,3.0,2,2,3.0,0.0,2.0,5.0,2,4.0,1,40
0,260.0,6000.0,6000.0,58,6000.0,64,1.0,32,1.0,21.0,21,1.0,1.0,2,1,0,2.0,1,2.0,1000,3.0,0.0,3.0,2.0,1,2.0,0,3.0,2005.0,1,999,1.0,1,30.0,0.0,26,30.0,67,0.0,200,3.0,1,2,3.0,0.0,2.0,5.0,2,4.0,1,40
0,501.0,44000.0,44000.0,32,44000.0,78,1.0,924,1.0,21.0,20,1.0,1.0,2,1,0,2.0,1,2.0,1000,3.0,0.0,3.0,2.0,1,2.0,0,3.0,2015.0,1,50,4.0,1,40.0,0.0,38,52.0,54,0.0,500,1.0,2,2,3.0,0.0,2.0,5.0,2,4.0,1,31
0,501.0,168000.0,168000.0,09,168000.0,68,1.0,32,1.0,21.0,21,1.0,1.0,2,1,0,2.0,1,2.0,1000,3.0,0.0,3.0,2.0,1,2.0,0,3.0,2015.0,1,26,1.0,1,50.0,0.0,38,52.0,52,0.0,500,1.0,2,2,3.0,0.0,2.0,5.0,2,4.0,1,35
0,501.0,88000.0,88000.0,33,88000.0,81,1.0,32,1.0,20.0,20,4.0,1.0,2,3,0,2.0,1,2.0,1000,3.0,0.0,3.0,2.0,1,2.0,0,3.0,2008.0,1,999,1.0,1,40.0,0.0,38,52.0,301,0.0,600,1.0,1,2,3.0,0.0,2.0,5.0,2,4.0,1,58
0,386.0,40000.0,40000.0,47,40000.0,53,1.0,290,1.0,16.0,20,6.0,1.0,2,5,0,2.0,15,2.0,8000,3.0,0.0,3.0,2.0,8,2.0,0,3.0,1995.0,0,999,1.0,1,42.0,0.0,6,52.0,164,0.0,600,1.0,1,2,3.0,0.0,2.0,5.0,2,4.0,2,20
0,386.0,38000.0,18000.0,91,18000.0,61,6.0,290,1.0,16.0,29,5.0,2.0,2,4,0,2.0,15,2.0,8000,2.0,0.0,2.0,2.0,8,2.0,0,2.0,1977.0,0,999,1.0,1,45.0,20000.0,6,5.0,238,0.0,600,1.0,1,2,3.0,0.0,2.0,5.0,2,4.0,2,65
0,36.0,7500.0,7500.0,60,7500.0,01,6.0,12,1.0,21.0,20,1.0,2.0,2,1,2,2.0,16,2.0,9000,2.0,0.0,2.0,2.0,9,2.0,0,2.0,1981.0,1,187,7.0,1,60.0,0.0,38,4.0,73,0.0,100,1.0,2,2,3.0,0.0,2.0,5.0,2,4.0,1,63
0,36.0,0.0,0.0,22,0.0,78,6.0,187,2.0,22.0,21,1.0,2.0,2,1,2,2.0,1,2.0,1000,2.0,0.0,2.0,2.0,1,2.0,0,2.0,1981.0,1,999,2.0,1,40.0,0.0,38,52.0,47,0.0,100,1.0,1,2,3.0,0.0,2.0,5.0,2,4.0,1,64
0,455.0,75000.0,75000.0,48,75000.0,02,1.0,82,1.0,21.0,20,1.0,1.0,2,1,0,2.0,1,2.0,1000,3.0,0.0,3.0,2.0,1,2.0,0,3.0,2017.0,1,999,1.0,1,40.0,0.0,38,52.0,17,0.0,600,1.0,1,2,3.0,0.0,2.0,5.0,2,4.0,1,50
0,455.0,60000.0,60000.0,00,60000.0,66,1.0,82,1.0,21.0,21,1.0,1.0,2,1,0,2.0,1,2.0,1000,3.0,0.0,3.0,2.0,1,2.0,0,3.0,2017.0,1,32,1.0,1,44.0,0.0,38,52.0,19,0.0,600,1.0,2,2,3.0,0.0,2.0,5.0,2,4.0,1,44
0,495.0,76200.0,72000.0,77,72000.0,30,1.0,32,1.0,16.0,20,6.0,1.0,2,5,0,2.0,1,2.0,1000,3.0,0.0,3.0,2.0,1,2.0,0,3.0,1995.0,1,22,1.0,1,50.0,0.0,46,52.0,69,0.0,400,3.0,2,2,3.0,0.0,2.0,5.0,2,4.0,1,23
0,357.0,55000.0,55000.0,96,55000.0,30,1.0,290,1.0,20.0,22,6.0,1.0,2,5,0,2.0,29,2.0,9000,3.0,0.0,3.0,2.0,9,2.0,0,3.0,1995.0,1,924,1.0,1,40.0,0.0,46,50.0,30,0.0,400,3.0,2,2,3.0,0.0,2.0,5.0,2,4.0,2,21
0,370.0,34000.0,34000.0,34,34000.0,50,1.0,999,1.0,21.0,20,1.0,1.0,1,1,0,1.0,1,1.0,1000,3.0,0.0,3.0,2.0,1,2.0,0,3.0,2001.0,1,999,1.0,1,40.0,0.0,38,52.0,12,0.0,200,1.0,4,2,3.0,0.0,2.0,5.0,2,4.0,1,37
0,370.0,56000.0,53000.0,91,53000.0,07,1.0,999,1.0,16.0,21,1.0,1.0,1,1,0,2.0,1,2.0,1000,3.0,0.0,3.0,2.0,1,2.0,0,3.0,2001.0,1,999,1.0,1,40.0,0.0,38,45.0,8,0.0,200,1.0,4,1,3.0,0.0,2.0,5.0,2,4.0,1,46
0,478.0,75000.0,75000.0,00,75000.0,30,1.0,32,1.0,19.0,20,6.0,1.0,2,5,0,2.0,1,2.0,1000,3.0,0.0,3.0,2.0,1,2.0,0,3.0,1995.0,1,82,1.0,1,48.0,0.0,55,52.0,25,0.0,300,1.0,2,2,3.0,0.0,2.0,5.0,2,4.0,1,44
0,344.0,54000.0,54000.0,48,54000.0,42,1.0,32,1.0,20.0,22,4.0,1.0,2,3,0,2.0,1,2.0,1000,3.0,0.0,3.0,2.0,1,2.0,0,3.0,2010.0,1,999,1.0,1,42.0,0.0,38,52.0,20,0.0,300,1.0,1,2,3.0,0.0,2.0,5.0,2,4.0,1,36
1,194.0,40000.0,40000.0,52,40000.0,85,6.0,999,1.0,16.0,20,6.0,2.0,1,5,0,2.0,1,2.0,1000,2.0,0.0,1.0,2.0,1,2.0,0,3.0,1995.0,1,999,1.0,1,40.0,0.0,32,52.0,212,0.0,100,3.0,4,1,2.0,0.0,2.0,5.0,2,4.0,1,24
0,270.0,42000.0,42000.0,04,42000.0,61,1.0,924,1.0,19.0,22,6.0,1.0,2,5,0,2.0,1,2.0,1000,3.0,0.0,3.0,2.0,1,2.0,0,3.0,1995.0,1,999,1.0,1,70.0,0.0,49,52.0,169,0.0,100,3.0,1,2,3.0,0.0,2.0,5.0,2,4.0,1,30
0,309.0,62000.0,62000.0,33,62000.0,81,1.0,32,1.0,21.0,20,1.0,1.0,2,1,0,2.0,1,2.0,1000,3.0,0.0,3.0,2.0,1,2.0,0,3.0,2001.0,1,24,1.0,1,40.0,0.0,27,52.0,50,0.0,400,1.0,2,2,3.0,0.0,2.0,5.0,2,4.0,1,47
0,309.0,13500.0,13500.0,25,13500.0,78,1.0,82,1.0,21.0,21,1.0,1.0,2,1,0,2.0,1,2.0,1000,2.0,0.0,2.0,2.0,1,2.0,0,2.0,2001.0,1,999,1.0,1,25.0,0.0,38,40.0,46,0.0,400,1.0,1,2,3.0,0.0,2.0,5.0,2,4.0,1,47
0,330.0,10000.0,10000.0,33,10000.0,81,1.0,999,1.0,17.0,20,1.0,1.0,2,1,0,2.0,1,2.0,1000,2.0,0.0,2.0,2.0,1,2.0,0,2.0,1999.0,1,999,1.0,1,40.0,0.0,38,52.0,130,0.0,300,1.0,4,2,2.0,0.0,2.0,1.0,2,4.0,1,61
0,330.0,55000.0,55000.0,04,55000.0,69,1.0,999,1.0,16.0,21,1.0,1.0,2,1,0,2.0,1,2.0,1000,2.0,0.0,2.0,2.0,1,2.0,0,2.0,1999.0,1,999,1.0,1,40.0,0.0,38,52.0,112,0.0,300,1.0,4,2,2.0,0.0,2.0,5.0,2,4.0,1,62
0,286.0,45200.0,45200.0,72,45200.0,46,1.0,50,1.0,18.0,20,6.0,1.0,1,5,0,2.0,1,2.0,1000,3.0,0.0,3.0,1.0,1,2.0,0,3.0,1995.0,1,935,1.0,1,60.0,0.0,38,52.0,808,0.0,300,1.0,2,2,3.0,0.0,2.0,5.0,2,4.0,1,50
0,501.0,81200.0,81200.0,02,1200.0,01,1.0,50,1.0,19.0,20,1.0,1.0,1,1,1,1.0,1,2.0,1000,3.0,0.0,3.0,2.0,1,2.0,0,3.0,2003.0,1,8,6.0,1,40.0,0.0,38,52.0,12,0.0,200,1.0,2,2,3.0,0.0,2.0,5.0,2,4.0,1,57
0,501.0,66000.0,66000.0,32,66000.0,78,1.0,999,1.0,21.0,21,1.0,1.0,2,1,1,2.0,1,2.0,1000,3.0,0.0,3.0,2.0,1,2.0,0,3.0,2003.0,1,999,3.0,1,40.0,0.0,38,52.0,9,0.0,200,1.0,4,2,3.0,0.0,2.0,5.0,2,4.0,1,46
0,299.0,46000.0,46000.0,47,0.0,46,1.0,49,1.0,16.0,20,6.0,1.0,2,5,0,2.0,1,2.0,1000,3.0,0.0,3.0,2.0,1,2.0,0,3.0,1995.0,1,26,6.0,1,46.0,0.0,46,52.0,325,0.0,300,1.0,2,2,3.0,0.0,2.0,5.0,2,4.0,1,25
0,227.0,35000.0,35000.0,97,0.0,77,1.0,32,1.0,16.0,34,6.0,1.0,2,5,0,2.0,1,2.0,1000,3.0,0.0,3.0,2.0,1,2.0,0,3.0,1995.0,1,999,6.0,1,40.0,0.0,48,52.0,473,0.0,300,1.0,1,2,3.0,0.0,2.0,5.0,2,4.0,1,25
0,398.0,96000.0,96000.0,10,96000.0,73,1.0,32,1.0,20.0,20,1.0,1.0,2,1,0,2.0,1,2.0,1000,3.0,0.0,3.0,2.0,1,2.0,0,3.0,2008.0,1,26,1.0,1,40.0,0.0,38,52.0,23,0.0,600,1.0,2,2,3.0,0.0,2.0,5.0,2,4.0,1,36
0,398.0,0.0,0.0,42,0.0,69,6.0,32,3.0,19.0,21,1.0,2.0,2,1,0,2.0,1,2.0,1000,2.0,0.0,2.0,2.0,1,2.0,0,2.0,2008.0,1,88,1.0,1,40.0,0.0,27,52.0,23,0.0,600,1.0,2,2,3.0,0.0,2.0,5.0,2,4.0,1,37
0,428.0,66000.0,66000.0,23,66000.0,78,1.0,22,1.0,22.0,20,1.0,1.0,2,1,0,2.0,1,2.0,1000,2.0,0.0,2.0,2.0,1,2.0,0,2.0,2008.0,1,999,3.0,1,40.0,0.0,20,52.0,146,0.0,600,1.0,1,2,3.0,0.0,2.0,3.0,2,4.0,1,45
0,428.0,64000.0,64000.0,67,64000.0,62,1.0,82,1.0,18.0,21,1.0,1.0,2,1,0,2.0,1,2.0,1000,2.0,0.0,2.0,2.0,1,2.0,0,2.0,2008.0,1,999,1.0,1,40.0,0.0,38,52.0,219,0.0,600,1.0,1,2,3.0,0.0,2.0,5.0,2,4.0,1,43
0,469.0,68000.0,68000.0,72,68000.0,04,1.0,82,1.0,16.0,20,1.0,1.0,2,1,0,2.0,1,2.0,1000,3.0,0.0,3.0,2.0,1,2.0,0,3.0,1980.0,1,999,7.0,1,60.0,0.0,38,52.0,56,0.0,200,1.0,1,2,3.0,0.0,2.0,5.0,2,4.0,1,62
0,469.0,24000.0,0.0,42,0.0,69,6.0,89,3.0,18.0,21,1.0,2.0,1,1,0,1.0,1,1.0,1000,2.0,0.0,2.0,2.0,1,2.0,0,2.0,1980.0,1,999,1.0,1,40.0,0.0,38,52.0,94,0.0,200,1.0,1,2,3.0,0.0,2.0,5.0,2,4.0,1,60
1,418.0,65000.0,65000.0,48,0.0,01,1.0,924,1.0,19.0,20,6.0,1.0,2,5,0,2.0,1,2.0,1000,3.0,0.0,3.0,2.0,1,2.0,0,3.0,1995.0,1,995,6.0,1,55.0,0.0,38,52.0,44,0.0,600,1.0,1,2,3.0,0.0,2.0,5.0,2,4.0,1,33
0,192.0,13200.0,0.0,02,0.0,01,6.0,32,2.0,19.0,25,2.0,2.0,2,1,0,2.0,1,2.0,1000,2.0,0.0,2.0,2.0,1,2.0,0,2.0,1984.0,1,999,7.0,1,40.0,13200.0,38,52.0,54,0.0,300,1.0,1,2,3.0,0.0,2.0,5.0,2,4.0,1,61
0,192.0,12000.0,12000.0,02,0.0,01,1.0,999,1.0,20.0,32,4.0,1.0,2,3,0,2.0,1,2.0,1000,3.0,0.0,3.0,2.0,1,2.0,0,3.0,2000.0,1,999,6.0,1,60.0,0.0,38,52.0,70,0.0,300,1.0,4,2,3.0,0.0,2.0,5.0,2,4.0,1,65
0,243.0,59000.0,59000.0,11,59000.0,73,1.0,32,1.0,19.0,20,1.0,1.0,2,1,0,2.0,1,2.0,1000,3.0,0.0,3.0,2.0,1,2.0,0,3.0,2018.0,1,82,3.0,1,40.0,0.0,27,52.0,410,0.0,400,1.0,2,2,3.0,0.0,2.0,5.0,2,4.0,1,44
0,243.0,0.0,0.0,42,0.0,69,6.0,32,3.0,21.0,21,1.0,2.0,2,1,0,2.0,1,2.0,1000,2.0,0.0,2.0,2.0,1,2.0,0,2.0,2018.0,1,999,1.0,1,40.0,0.0,38,52.0,333,0.0,400,1.0,1,2,3.0,0.0,2.0,5.0,2,4.0,1,44
0,202.0,32000.0,32000.0,51,32000.0,81,1.0,996,1.0,16.0,20,4.0,1.0,2,3,0,2.0,1,2.0,1000,3.0,0.0,3.0,2.0,1,2.0,0,3.0,2005.0,1,999,1.0,1,40.0,0.0,46,52.0,494,0.0,600,1.0,3,2,3.0,0.0,2.0,5.0,2,4.0,1,44
0,297.0,47000.0,47000.0,24,47000.0,67,1.0,996,1.0,1.0,36,6.0,1.0,2,5,0,2.0,1,2.0,1000,3.0,0.0,3.0,2.0,1,2.0,0,3.0,1995.0,1,999,3.0,1,40.0,0.0,38,52.0,715,0.0,600,1.0,3,2,3.0,0.0,2.0,5.0,2,4.0,1,35
0,320.0,37000.0,37000.0,51,37000.0,49,1.0,82,1.0,16.0,20,1.0,1.0,2,1,0,2.0,1,2.0,1000,3.0,0.0,3.0,2.0,1,2.0,0,3.0,1981.0,1,89,1.0,1,40.0,0.0,38,52.0,92,0.0,500,1.0,2,2,3.0,0.0,2.0,5.0,2,4.0,1,61
0,320.0,26000.0,26000.0,96,26000.0,49,1.0,32,1.0,16.0,21,1.0,1.0,2,1,0,2.0,1,2.0,1000,3.0,0.0,3.0,2.0,1,2.0,0,3.0,1981.0,1,142,1.0,1,32.0,0.0,27,52.0,82,0.0,500,1.0,2,2,3.0,0.0,2.0,5.0,2,4.0,1,62
0,342.0,34000.0,0.0,42,0.0,69,6.0,999,3.0,16.0,20,1.0,1.0,2,1,0,2.0,1,2.0,1000,3.0,17300.0,3.0,2.0,1,2.0,0,3.0,2002.0,1,999,1.0,1,40.0,0.0,38,52.0,20,0.0,200,1.0,4,2,3.0,0.0,2.0,5.0,2,4.0,1,56
0,342.0,35000.0,35000.0,08,35000.0,68,1.0,999,1.0,16.0,21,1.0,1.0,2,1,0,2.0,1,2.0,1000,3.0,0.0,3.0,2.0,1,2.0,0,3.0,2002.0,1,999,1.0,1,40.0,0.0,53,52.0,29,0.0,200,1.0,4,2,3.0,0.0,2.0,5.0,2,4.0,1,59
0,501.0,80000.0,80000.0,77,80000.0,07,1.0,999,1.0,16.0,20,4.0,1.0,2,3,0,2.0,1,2.0,1000,3.0,0.0,3.0,2.0,1,2.0,0,3.0,2002.0,1,999,1.0,1,40.0,0.0,38,52.0,17,0.0,200,1.0,4,2,3.0,0.0,2.0,5.0,2,4.0,1,50
0,443.0,20000.0,20000.0,25,20000.0,78,6.0,171,1.0,19.0,20,1.0,2.0,2,1,0,2.0,1,2.0,1000,2.0,0.0,2.0,2.0,1,2.0,0,2.0,1982.0,1,32,3.0,1,35.0,0.0,38,40.0,19,0.0,400,1.0,2,2,3.0,0.0,2.0,5.0,2,4.0,1,63
0,443.0,69000.0,69000.0,77,69000.0,30,2.0,210,1.0,17.0,21,1.0,1.0,2,1,0,2.0,29,2.0,9000,3.0,0.0,2.0,2.0,9,2.0,0,1.0,1982.0,1,999,1.0,1,48.0,0.0,6,52.0,26,0.0,400,1.0,1,2,3.0,0.0,2.0,5.0,2,4.0,2,61
0,366.0,57000.0,50000.0,60,50000.0,01,1.0,142,1.0,15.0,20,4.0,1.0,2,3,0,2.0,1,2.0,1000,2.0,0.0,2.0,2.0,1,2.0,0,2.0,1998.0,1,999,1.0,1,60.0,0.0,17,52.0,28,7000.0,400,1.0,1,2,3.0,0.0,2.0,5.0,2,3.0,1,59
1,90.0,14000.0,14000.0,78,14000.0,11,6.0,32,1.0,19.0,22,4.0,2.0,2,3,0,2.0,1,2.0,1000,2.0,0.0,2.0,2.0,1,2.0,0,2.0,1999.0,1,999,1.0,1,40.0,0.0,17,20.0,25,0.0,400,1.0,1,2,3.0,0.0,2.0,5.0,2,4.0,1,61
0,276.0,43000.0,43000.0,58,43000.0,69,1.0,32,1.0,19.0,20,4.0,1.0,2,3,0,2.0,1,2.0,1000,3.0,0.0,3.0,2.0,1,2.0,0,3.0,1998.0,1,82,1.0,1,40.0,0.0,27,52.0,375,0.0,600,1.0,2,2,3.0,0.0,2.0,5.0,2,4.0,1,59
0,262.0,45000.0,45000.0,40,45000.0,78,1.0,26,1.0,16.0,20,1.0,1.0,2,1,0,2.0,1,2.0,1000,3.0,0.0,3.0,2.0,1,2.0,0,3.0,2012.0,1,22,3.0,1,40.0,0.0,38,52.0,194,0.0,300,1.0,2,2,3.0,0.0,2.0,5.0,2,4.0,1,30
0,262.0,50000.0,50000.0,81,50000.0,30,1.0,32,1.0,16.0,21,1.0,1.0,2,1,0,2.0,1,2.0,1000,3.0,0.0,3.0,2.0,1,2.0,0,3.0,2012.0,1,50,1.0,1,40.0,0.0,38,52.0,151,0.0,300,1.0,2,2,3.0,0.0,2.0,5.0,2,4.0,1,30
0,501.0,105000.0,105000.0,47,105000.0,87,1.0,89,1.0,17.0,21,1.0,1.0,2,1,0,2.0,1,2.0,1000,3.0,0.0,3.0,2.0,1,2.0,0,3.0,1984.0,1,999,7.0,1,60.0,0.0,27,52.0,24,0.0,500,1.0,1,2,3.0,0.0,2.0,5.0,2,4.0,1,60
0,501.0,0.0,0.0,42,0.0,69,6.0,999,3.0,16.0,21,1.0,1.0,2,1,0,2.0,29,2.0,9000,3.0,0.0,3.0,2.0,9,2.0,0,3.0,1994.0,1,999,1.0,1,40.0,0.0,30,52.0,93,0.0,400,1.0,4,2,3.0,0.0,2.0,5.0,2,4.0,1,46
0,501.0,106000.0,31000.0,90,20000.0,07,6.0,32,1.0,19.0,20,6.0,2.0,2,5,0,2.0,1,2.0,1000,2.0,0.0,2.0,2.0,1,2.0,0,2.0,1995.0,1,50,1.0,1,60.0,0.0,27,16.0,31,0.0,300,1.0,2,2,3.0,0.0,2.0,5.0,2,2.0,1,61
0,501.0,65000.0,65000.0,15,65000.0,07,1.0,999,1.0,20.0,20,6.0,1.0,2,5,0,2.0,1,2.0,1000,3.0,0.0,3.0,2.0,1,2.0,0,3.0,1995.0,1,999,1.0,1,60.0,0.0,27,52.0,179,0.0,600,1.0,4,2,3.0,0.0,2.0,5.0,2,4.0,1,25
0,501.0,60000.0,60000.0,32,60000.0,84,1.0,996,1.0,21.0,28,6.0,1.0,2,5,0,2.0,1,2.0,1000,3.0,0.0,3.0,2.0,1,2.0,0,3.0,1995.0,1,999,1.0,1,40.0,0.0,27,52.0,200,0.0,600,1.0,3,2,3.0,0.0,2.0,5.0,2,4.0,1,25
0,501.0,36500.0,36500.0,08,35000.0,69,1.0,32,1.0,19.0,21,1.0,1.0,2,1,0,2.0,1,2.0,1000,3.0,0.0,3.0,2.0,1,2.0,0,3.0,2001.0,1,917,1.0,1,40.0,0.0,38,52.0,14,0.0,600,1.0,2,2,3.0,0.0,2.0,5.0,2,4.0,1,43
0,96.0,15000.0,15000.0,11,15000.0,42,1.0,122,1.0,21.0,20,6.0,1.0,2,5,0,2.0,1,2.0,1000,3.0,0.0,3.0,2.0,1,2.0,0,3.0,1995.0,1,999,1.0,1,30.0,0.0,38,45.0,53,0.0,300,1.0,1,2,3.0,0.0,2.0,5.0,2,4.0,1,22
0,444.0,68000.0,50000.0,32,50000.0,81,1.0,32,1.0,22.0,20,6.0,1.0,2,5,0,2.0,1,2.0,1000,3.0,0.0,3.0,2.0,1,2.0,0,3.0,1995.0,1,98,1.0,1,36.0,0.0,26,52.0,80,0.0,400,3.0,2,2,3.0,0.0,2.0,5.0,2,4.0,1,29
0,377.0,76530.0,75000.0,08,75000.0,93,1.0,21,1.0,21.0,20,4.0,1.0,2,3,0,2.0,1,2.0,1000,3.0,0.0,3.0,2.0,1,2.0,0,3.0,2005.0,1,22,3.0,1,40.0,0.0,26,52.0,14,30.0,200,3.0,2,2,3.0,0.0,2.0,5.0,2,4.0,1,47
1,163.0,25070.0,25000.0,60,25000.0,01,6.0,917,1.0,16.0,20,3.0,2.0,2,2,0,2.0,3,2.0,5013,2.0,0.0,3.0,2.0,3,2.0,1,3.0,1989.0,0,999,1.0,1,32.0,70.0,38,27.0,59,0.0,500,1.0,1,2,3.0,0.0,2.0,5.0,2,4.0,1,64
0,501.0,52000.0,32000.0,42,32000.0,91,1.0,142,1.0,18.0,20,1.0,1.0,2,1,1,2.0,1,2.0,1000,2.0,0.0,2.0,2.0,1,2.0,0,2.0,1990.0,1,32,2.0,1,35.0,0.0,38,52.0,71,20000.0,400,1.0,2,2,3.0,0.0,2.0,5.0,2,4.0,1,60
0,501.0,71000.0,50000.0,60,50000.0,01,1.0,21,1.0,20.0,21,1.0,1.0,2,1,0,2.0,1,2.0,1000,3.0,0.0,3.0,2.0,1,2.0,0,3.0,1990.0,1,32,1.0,1,35.0,0.0,46,52.0,47,21000.0,400,1.0,2,2,3.0,0.0,2.0,5.0,2,4.0,1,65
0,501.0,88110.0,88000.0,10,88000.0,78,1.0,142,1.0,21.0,20,1.0,1.0,2,1,0,2.0,1,2.0,1000,3.0,0.0,3.0,2.0,1,2.0,0,3.0,1999.0,1,26,4.0,1,50.0,0.0,38,52.0,7,110.0,500,1.0,2,2,3.0,0.0,2.0,5.0,2,4.0,1,51
0,501.0,84000.0,84000.0,10,84000.0,78,1.0,82,1.0,21.0,21,1.0,1.0,2,1,0,2.0,1,2.0,1000,3.0,0.0,3.0,2.0,1,2.0,0,3.0,1999.0,1,999,4.0,1,40.0,0.0,38,52.0,11,0.0,500,1.0,1,2,3.0,0.0,2.0,5.0,2,2.0,1,55
0,501.0,4000.0,4000.0,46,4000.0,84,1.0,26,1.0,16.0,25,6.0,1.0,2,5,0,2.0,1,2.0,1000,3.0,0.0,3.0,2.0,1,2.0,0,3.0,1995.0,1,142,1.0,1,12.0,0.0,38,50.0,5,0.0,500,1.0,2,2,3.0,0.0,2.0,5.0,2,4.0,1,20
0,240.0,54100.0,18900.0,72,18900.0,88,1.0,32,1.0,21.0,20,1.0,1.0,2,1,1,2.0,1,2.0,1000,3.0,0.0,3.0,2.0,1,2.0,0,3.0,2011.0,1,999,1.0,1,36.0,9800.0,38,36.0,132,25400.0,400,1.0,1,2,3.0,0.0,2.0,5.0,2,2.0,1,63
0,240.0,2900.0,0.0,47,0.0,49,6.0,50,2.0,21.0,21,1.0,2.0,2,1,1,2.0,1,2.0,1000,2.0,0.0,2.0,2.0,1,2.0,0,2.0,2011.0,1,999,1.0,1,40.0,0.0,27,52.0,137,0.0,400,1.0,1,2,3.0,0.0,2.0,3.0,2,4.0,1,51
0,501.0,65030.0,65000.0,08,65000.0,68,1.0,996,1.0,21.0,20,1.0,1.0,2,1,0,2.0,1,2.0,1000,3.0,0.0,3.0,2.0,1,2.0,0,3.0,1997.0,1,999,4.0,1,50.0,0.0,27,52.0,158,30.0,300,1.0,3,2,3.0,0.0,2.0,5.0,2,4.0,1,49
0,501.0,60000.0,60000.0,19,60000.0,94,1.0,996,1.0,21.0,21,1.0,1.0,2,1,0,2.0,1,2.0,1000,3.0,0.0,3.0,2.0,1,2.0,0,3.0,1997.0,1,999,4.0,1,40.0,0.0,39,52.0,240,0.0,300,1.0,3,2,3.0,0.0,2.0,5.0,2,4.0,1,52
0,294.0,50000.0,50000.0,08,50000.0,72,1.0,32,1.0,21.0,20,4.0,1.0,2,3,0,2.0,1,2.0,1000,3.0,0.0,3.0,2.0,1,2.0,0,3.0,2003.0,1,999,1.0,1,40.0,0.0,38,52.0,181,0.0,300,1.0,1,2,3.0,0.0,2.0,5.0,2,4.0,1,46
0,23.0,3600.0,3600.0,23,3600.0,78,1.0,924,1.0,21.0,20,6.0,1.0,2,5,0,2.0,1,2.0,1000,3.0,0.0,3.0,2.0,1,2.0,0,3.0,1995.0,1,999,3.0,1,10.0,0.0,27,40.0,174,0.0,500,1.0,1,2,3.0,0.0,2.0,5.0,2,4.0,1,22
0,141.0,22000.0,22000.0,78,22000.0,86,1.0,82,1.0,16.0,20,4.0,1.0,2,3,2,2.0,1,2.0,1000,3.0,0.0,3.0,2.0,1,2.0,0,3.0,1988.0,1,999,1.0,1,40.0,0.0,38,52.0,17,0.0,200,1.0,1,2,3.0,0.0,2.0,5.0,2,4.0,1,56
0,160.0,25000.0,25000.0,89,25000.0,25,1.0,996,1.0,16.0,22,4.0,1.0,2,3,0,2.0,1,2.0,1000,3.0,0.0,3.0,2.0,1,2.0,0,3.0,1991.0,1,999,1.0,1,40.0,0.0,38,52.0,14,0.0,200,1.0,3,2,3.0,0.0,2.0,5.0,2,4.0,1,58
0,416.0,4000.0,4000.0,25,4000.0,78,1.0,996,1.0,16.0,21,1.0,1.0,2,1,2,2.0,1,2.0,1000,3.0,0.0,3.0,2.0,1,2.0,0,3.0,1977.0,1,999,3.0,1,10.0,0.0,51,30.0,108,0.0,600,1.0,3,2,3.0,0.0,2.0,5.0,2,4.0,1,64
0,501.0,48000.0,48000.0,55,48000.0,63,1.0,32,1.0,20.0,20,1.0,1.0,2,1,0,2.0,1,2.0,1000,3.0,0.0,3.0,2.0,1,2.0,0,3.0,2011.0,1,50,1.0,1,42.0,0.0,38,52.0,145,0.0,300,1.0,2,2,3.0,0.0,2.0,5.0,2,4.0,1,48
0,501.0,63000.0,63000.0,32,63000.0,81,1.0,32,1.0,21.0,21,1.0,1.0,2,1,0,2.0,1,2.0,1000,3.0,0.0,3.0,2.0,1,2.0,0,3.0,2011.0,1,26,2.0,1,40.0,0.0,4,52.0,148,0.0,300,1.0,2,2,3.0,0.0,2.0,5.0,2,4.0,1,50
0,459.0,70000.0,70000.0,56,70000.0,39,1.0,22,1.0,16.0,20,6.0,1.0,2,5,2,2.0,1,2.0,1000,3.0,0.0,3.0,2.0,1,2.0,0,3.0,1995.0,1,50,1.0,1,57.0,0.0,38,52.0,22,0.0,500,1.0,2,2,3.0,0.0,2.0,5.0,2,4.0,1,28
0,325.0,51300.0,51300.0,04,49500.0,61,6.0,996,1.0,16.0,20,4.0,2.0,2,3,2,2.0,1,2.0,1000,1.0,0.0,2.0,2.0,1,2.0,0,2.0,2008.0,1,999,1.0,1,63.0,0.0,8,16.0,15,0.0,200,1.0,3,2,3.0,0.0,2.0,3.0,2,4.0,1,40
0,501.0,150000.0,150000.0,00,150000.0,86,1.0,999,1.0,17.0,21,1.0,1.0,2,1,0,2.0,1,2.0,1000,3.0,0.0,3.0,2.0,1,2.0,0,3.0,2001.0,1,999,1.0,1,50.0,0.0,46,52.0,8,0.0,600,1.0,4,2,3.0,0.0,2.0,5.0,2,4.0,1,47
1,501.0,6000.0,6000.0,46,6000.0,78,1.0,999,1.0,19.0,25,6.0,1.0,2,5,0,2.0,1,2.0,1000,3.0,0.0,3.0,2.0,1,2.0,0,3.0,1995.0,1,999,3.0,1,12.0,0.0,38,35.0,22,0.0,600,1.0,4,2,3.0,0.0,2.0,5.0,2,4.0,1,20
0,501.0,100000.0,100000.0,00,100000.0,46,1.0,98,1.0,21.0,20,1.0,1.0,2,1,0,2.0,1,2.0,1000,3.0,0.0,3.0,2.0,1,2.0,0,3.0,2007.0,1,999,1.0,1,45.0,0.0,38,52.0,70,0.0,200,1.0,1,2,3.0,0.0,2.0,5.0,2,4.0,1,41
0,501.0,60000.0,60000.0,32,60000.0,81,1.0,98,1.0,21.0,21,1.0,1.0,2,1,0,2.0,1,2.0,1000,3.0,0.0,3.0,2.0,1,2.0,0,3.0,2007.0,1,999,2.0,1,30.0,0.0,38,52.0,65,0.0,200,1.0,1,2,3.0,0.0,2.0,5.0,2,4.0,1,41
0,260.0,50000.0,50000.0,04,50000.0,78,1.0,82,1.0,22.0,20,1.0,1.0,2,1,2,2.0,1,2.0,1000,3.0,0.0,3.0,2.0,1,2.0,0,3.0,1995.0,1,999,2.0,1,40.0,0.0,27,52.0,13,0.0,300,1.0,1,2,3.0,0.0,2.0,5.0,2,4.0,1,50
0,260.0,12000.0,12000.0,02,12000.0,01,1.0,82,1.0,21.0,21,1.0,1.0,2,1,0,2.0,1,2.0,1000,3.0,0.0,3.0,2.0,1,2.0,0,3.0,1995.0,1,999,7.0,1,40.0,0.0,38,52.0,18,0.0,300,1.0,1,2,3.0,0.0,2.0,5.0,2,4.0,1,50
0,501.0,16900.0,0.0,25,0.0,78,6.0,82,2.0,21.0,20,1.0,2.0,2,1,1,2.0,1,2.0,1000,2.0,0.0,2.0,2.0,1,2.0,0,2.0,1994.0,1,999,4.0,1,40.0,0.0,27,52.0,186,0.0,200,1.0,1,2,3.0,0.0,2.0,5.0,2,4.0,1,61
0,501.0,90100.0,0.0,00,0.0,78,6.0,32,2.0,22.0,21,1.0,2.0,2,1,1,2.0,1,2.0,1000,2.0,0.0,2.0,2.0,1,2.0,0,2.0,1994.0,1,82,2.0,1,40.0,19100.0,38,52.0,151,0.0,200,1.0,2,2,3.0,0.0,2.0,5.0,2,4.0,1,64
0,330.0,50000.0,50000.0,06,0.0,73,1.0,82,1.0,21.0,20,1.0,1.0,2,1,1,2.0,1,2.0,1000,3.0,0.0,3.0,2.0,1,2.0,0,3.0,2001.0,1,32,6.0,1,30.0,0.0,38,52.0,35,0.0,500,1.0,2,2,3.0,0.0,2.0,5.0,2,4.0,1,43
0,330.0,30000.0,30000.0,62,0.0,07,1.0,32,1.0,16.0,21,1.0,1.0,2,1,1,2.0,17,2.0,9000,3.0,0.0,3.0,2.0,9,2.0,1,3.0,2001.0,1,917,6.0,1,35.0,0.0,38,52.0,64,0.0,500,1.0,2,2,3.0,0.0,2.0,5.0,2,4.0,1,44
0,501.0,130000.0,130000.0,86,130000.0,20,1.0,939,1.0,15.0,20,1.0,1.0,2,1,0,2.0,1,2.0,1000,3.0,0.0,3.0,2.0,1,2.0,0,3.0,2010.0,1,999,1.0,1,48.0,0.0,6,52.0,216,0.0,100,1.0,1,2,3.0,0.0,2.0,5.0,2,4.0,1,43
0,501.0,90000.0,90000.0,51,90000.0,04,1.0,152,1.0,21.0,21,1.0,1.0,2,1,0,2.0,1,2.0,1000,3.0,0.0,3.0,2.0,1,2.0,0,3.0,2010.0,1,999,1.0,5,45.0,0.0,154,52.0,174,0.0,100,1.0,1,2,3.0,0.0,2.0,5.0,2,4.0,1,43
0,370.0,56800.0,50000.0,36,50000.0,82,1.0,32,1.0,16.0,20,6.0,1.0,2,5,0,2.0,1,2.0,1000,3.0,0.0,3.0,2.0,1,2.0,0,3.0,1995.0,1,999,2.0,1,40.0,0.0,27,52.0,104,0.0,400,1.0,1,2,3.0,0.0,2.0,5.0,2,4.0,1,38
0,321.0,50000.0,50000.0,77,50000.0,30,1.0,32,1.0,16.0,22,4.0,1.0,2,3,0,2.0,1,2.0,1000,3.0,0.0,3.0,2.0,1,2.0,0,3.0,2004.0,1,999,1.0,1,45.0,0.0,27,52.0,112,0.0,400,1.0,1,2,3.0,0.0,2.0,5.0,2,4.0,1,39
0,370.0,3700.0,3700.0,41,3700.0,86,1.0,32,1.0,16.0,25,6.0,1.0,2,5,0,2.0,1,2.0,1000,3.0,0.0,3.0,2.0,1,2.0,0,3.0,1995.0,1,999,5.0,1,25.0,0.0,27,52.0,1,0.0,400,1.0,1,2,3.0,0.0,2.0,5.0,2,4.0,1,19
0,370.0,75000.0,75000.0,81,75000.0,77,6.0,32,1.0,16.0,25,6.0,2.0,2,5,0,2.0,1,2.0,1000,2.0,0.0,2.0,2.0,1,2.0,0,2.0,1995.0,1,999,7.0,1,40.0,0.0,46,52.0,2,0.0,400,1.0,1,2,3.0,0.0,2.0,5.0,2,4.0,1,18
0,334.0,48000.0,48000.0,33,48000.0,81,1.0,32,1.0,21.0,20,1.0,1.0,2,1,0,2.0,1,2.0,1000,3.0,0.0,3.0,2.0,1,2.0,0,3.0,2021.0,1,999,2.0,1,40.0,0.0,38,52.0,130,0.0,300,1.0,1,2,3.0,0.0,2.0,5.0,2,4.0,1,25
0,334.0,45000.0,45000.0,47,45000.0,46,1.0,22,1.0,21.0,21,1.0,1.0,2,1,0,2.0,1,2.0,1000,3.0,0.0,3.0,2.0,1,2.0,0,3.0,2021.0,1,999,1.0,1,40.0,0.0,38,52.0,145,0.0,300,1.0,1,2,3.0,0.0,2.0,5.0,2,4.0,1,25
0,334.0,10000.0,10000.0,82,10000.0,16,1.0,32,1.0,22.0,28,6.0,1.0,2,5,0,2.0,1,2.0,1000,3.0,0.0,3.0,2.0,1,2.0,0,3.0,1995.0,1,999,5.0,1,30.0,0.0,38,52.0,87,0.0,300,3.0,1,2,3.0,0.0,2.0,5.0,2,4.0,1,22
1,147.0,0.0,0.0,42,0.0,69,6.0,917,3.0,18.0,20,1.0,2.0,2,1,0,2.0,3,2.0,5013,2.0,0.0,2.0,2.0,3,2.0,1,2.0,2016.0,0,999,1.0,1,40.0,0.0,41,52.0,56,0.0,500,1.0,1,2,3.0,0.0,2.0,5.0,2,3.0,1,38
0,147.0,60000.0,60000.0,77,60000.0,30,1.0,50,1.0,16.0,21,1.0,1.0,2,1,0,2.0,1,2.0,1000,3.0,0.0,3.0,2.0,1,2.0,0,3.0,2016.0,1,924,7.0,1,50.0,0.0,6,52.0,44,0.0,500,1.0,2,2,3.0,0.0,2.0,5.0,2,4.0,1,37
0,501.0,65000.0,65000.0,35,65000.0,82,1.0,32,1.0,19.0,20,1.0,1.0,2,1,0,2.0,1,2.0,1000,3.0,0.0,3.0,2.0,1,2.0,0,3.0,2010.0,1,999,1.0,1,45.0,0.0,38,52.0,17,0.0,300,1.0,1,2,3.0,0.0,2.0,5.0,2,4.0,1,43
1,501.0,50000.0,50000.0,73,50000.0,87,1.0,999,1.0,20.0,21,1.0,1.0,2,1,0,2.0,16,2.0,9000,3.0,0.0,3.0,2.0,9,2.0,0,3.0,2010.0,1,999,7.0,1,50.0,0.0,38,52.0,26,0.0,300,1.0,4,2,3.0,0.0,2.0,5.0,2,4.0,1,48
0,501.0,0.0,0.0,42,0.0,69,6.0,111,3.0,17.0,21,1.0,2.0,2,1,0,2.0,1,2.0,1000,2.0,0.0,2.0,2.0,1,2.0,0,3.0,2008.0,1,142,1.0,1,40.0,0.0,38,52.0,21,0.0,500,1.0,2,2,2.0,0.0,2.0,5.0,2,4.0,1,64
1,48.0,7600.0,600.0,43,600.0,91,6.0,32,1.0,20.0,20,4.0,2.0,1,3,0,2.0,1,2.0,1000,2.0,0.0,2.0,1.0,1,2.0,0,2.0,1998.0,1,50,2.0,1,40.0,0.0,8,1.0,40,0.0,400,1.0,2,1,3.0,0.0,2.0,5.0,2,4.0,1,59
0,361.0,13000.0,13000.0,46,13000.0,78,1.0,50,1.0,16.0,20,1.0,1.0,2,1,0,2.0,1,2.0,1000,2.0,0.0,2.0,2.0,1,2.0,0,2.0,1985.0,1,89,3.0,1,37.0,0.0,36,52.0,29,0.0,200,1.0,2,2,3.0,0.0,2.0,5.0,2,4.0,1,55
0,361.0,59000.0,59000.0,00,59000.0,93,1.0,32,1.0,20.0,21,1.0,1.0,1,1,0,2.0,1,2.0,1000,3.0,0.0,3.0,2.0,1,2.0,0,3.0,1985.0,1,148,3.0,1,40.0,0.0,38,52.0,30,0.0,200,1.0,2,2,3.0,0.0,2.0,5.0,1,4.0,1,56
1,345.0,550.0,550.0,96,550.0,49,1.0,82,1.0,16.0,25,6.0,1.0,1,5,0,1.0,1,1.0,1000,3.0,0.0,3.0,2.0,1,2.0,0,3.0,1995.0,1,89,1.0,1,16.0,0.0,38,4.0,45,0.0,600,1.0,2,2,3.0,0.0,2.0,5.0,2,4.0,1,27
0,501.0,0.0,0.0,20,0.0,69,6.0,999,2.0,24.0,20,1.0,2.0,2,1,0,2.0,1,2.0,1000,2.0,0.0,2.0,2.0,1,2.0,0,2.0,1997.0,1,999,1.0,1,40.0,0.0,38,52.0,128,0.0,600,3.0,4,2,3.0,0.0,2.0,5.0,2,4.0,1,51
0,501.0,100000.0,100000.0,23,100000.0,78,1.0,999,1.0,24.0,21,1.0,1.0,1,1,2,2.0,1,2.0,1000,3.0,0.0,3.0,2.0,1,2.0,0,3.0,1997.0,1,999,3.0,1,40.0,0.0,38,52.0,98,0.0,600,3.0,4,2,3.0,0.0,2.0,5.0,1,4.0,1,51
0,501.0,7000.0,7000.0,52,7000.0,47,1.0,999,1.0,14.0,25,6.0,1.0,2,5,2,2.0,1,2.0,1000,3.0,0.0,3.0,2.0,1,2.0,0,3.0,1995.0,1,999,1.0,1,12.0,0.0,38,30.0,189,0.0,600,3.0,4,2,3.0,0.0,2.0,5.0,2,4.0,1,18
0,501.0,70000.0,70000.0,16,70000.0,95,1.0,999,1.0,21.0,33,4.0,1.0,2,3,0,2.0,1,2.0,1000,3.0,0.0,3.0,2.0,1,2.0,0,3.0,1996.0,1,999,5.0,1,40.0,0.0,38,52.0,153,0.0,600,3.0,4,2,3.0,0.0,2.0,5.0,2,4.0,1,51
0,501.0,177000.0,53000.0,06,53000.0,94,1.0,999,1.0,19.0,36,2.0,1.0,2,1,0,2.0,1,2.0,1000,3.0,0.0,3.0,2.0,1,2.0,0,3.0,1997.0,1,999,4.0,1,40.0,0.0,38,52.0,203,124000.0,600,1.0,4,2,3.0,0.0,2.0,5.0,2,4.0,1,51
0,501.0,80000.0,80000.0,19,80000.0,04,1.0,999,1.0,20.0,20,6.0,1.0,2,5,0,2.0,1,2.0,1000,3.0,0.0,3.0,2.0,1,2.0,0,3.0,1995.0,1,999,1.0,1,96.0,0.0,38,52.0,183,0.0,300,1.0,4,2,3.0,0.0,2.0,5.0,2,4.0,1,22
0,194.0,30000.0,30000.0,62,30000.0,07,1.0,32,1.0,16.0,20,6.0,1.0,2,5,0,2.0,1,2.0,1000,3.0,0.0,2.0,2.0,1,2.0,0,1.0,1995.0,1,50,1.0,1,40.0,0.0,38,52.0,17,0.0,200,1.0,2,2,3.0,0.0,2.0,5.0,2,4.0,1,36
0,501.0,79000.0,79000.0,69,79000.0,04,1.0,87,1.0,16.0,20,6.0,1.0,1,5,0,2.0,1,2.0,1000,3.0,0.0,3.0,2.0,1,2.0,0,3.0,1995.0,1,89,1.0,1,60.0,0.0,30,52.0,13,0.0,100,1.0,2,1,3.0,0.0,2.0,5.0,2,4.0,1,64
0,360.0,45000.0,45000.0,60,45000.0,01,1.0,32,1.0,20.0,20,1.0,1.0,2,1,0,2.0,1,2.0,1000,2.0,0.0,2.0,2.0,1,2.0,0,2.0,2015.0,1,111,1.0,1,50.0,0.0,38,52.0,28,0.0,100,1.0,2,2,2.0,0.0,2.0,1.0,2,4.0,1,39
0,360.0,85000.0,85000.0,01,85000.0,95,1.0,32,1.0,21.0,21,1.0,1.0,2,1,0,2.0,1,2.0,1000,3.0,0.0,3.0,2.0,1,2.0,0,3.0,2015.0,1,21,5.0,1,40.0,0.0,38,52.0,20,0.0,100,1.0,2,2,3.0,0.0,2.0,5.0,2,4.0,1,36
0,158.0,50000.0,50000.0,81,50000.0,30,1.0,82,1.0,19.0,20,1.0,1.0,2,1,0,2.0,1,2.0,1000,2.0,0.0,3.0,2.0,1,2.0,0,3.0,2003.0,1,32,1.0,1,40.0,0.0,38,52.0,23,0.0,400,1.0,2,2,3.0,0.0,2.0,5.0,2,4.0,1,45
0,158.0,600.0,600.0,41,600.0,86,1.0,82,1.0,16.0,25,6.0,1.0,2,5,0,2.0,1,2.0,1000,2.0,0.0,3.0,2.0,1,2.0,0,3.0,1995.0,1,32,1.0,1,12.0,0.0,38,12.0,17,0.0,400,1.0,2,2,3.0,0.0,2.0,5.0,2,4.0,1,18
0,501.0,115000.0,115000.0,68,115000.0,04,1.0,210,1.0,16.0,20,6.0,1.0,2,5,0,2.0,1,2.0,1000,3.0,0.0,3.0,2.0,1,2.0,0,3.0,1995.0,1,999,1.0,1,50.0,0.0,48,52.0,94,0.0,200,1.0,1,2,3.0,0.0,2.0,5.0,2,4.0,2,29
0,411.0,65000.0,65000.0,15,65000.0,72,1.0,999,1.0,21.0,20,6.0,1.0,2,5,0,2.0,1,2.0,1000,3.0,0.0,3.0,2.0,1,2.0,0,3.0,1995.0,1,999,1.0,1,40.0,0.0,46,52.0,143,0.0,600,1.0,4,2,3.0,0.0,2.0,5.0,2,4.0,1,33
1,0.0,0.0,0.0,42,0.0,69,6.0,32,3.0,11.0,20,6.0,2.0,1,5,0,2.0,1,1.0,1000,2.0,0.0,2.0,2.0,1,2.0,0,2.0,1995.0,1,999,1.0,1,40.0,0.0,38,52.0,143,0.0,300,1.0,1,2,2.0,0.0,2.0,5.0,1,4.0,1,39
1,78.0,12100.0,0.0,42,0.0,69,6.0,82,3.0,16.0,20,6.0,2.0,1,5,0,2.0,1,2.0,1000,2.0,0.0,2.0,1.0,1,2.0,0,2.0,1995.0,1,32,1.0,1,40.0,12000.0,38,52.0,202,100.0,100,1.0,2,2,3.0,0.0,2.0,5.0,2,4.0,1,63
0,501.0,104000.0,104000.0,01,104000.0,68,1.0,32,1.0,21.0,20,1.0,1.0,2,1,0,2.0,1,2.0,1000,3.0,0.0,3.0,2.0,1,2.0,0,3.0,2014.0,1,82,1.0,1,40.0,0.0,38,52.0,337,0.0,600,1.0,2,2,3.0,0.0,2.0,5.0,2,4.0,1,35
0,501.0,100000.0,100000.0,55,100000.0,63,1.0,82,1.0,21.0,21,1.0,1.0,2,1,0,2.0,1,2.0,1000,3.0,0.0,3.0,2.0,1,2.0,0,3.0,2014.0,1,999,1.0,1,50.0,0.0,19,52.0,365,0.0,600,1.0,1,2,3.0,0.0,2.0,5.0,2,4.0,1,38
0,501.0,91800.0,90000.0,60,90000.0,01,1.0,32,1.0,20.0,20,6.0,1.0,2,5,2,2.0,1,2.0,1000,2.0,0.0,2.0,2.0,1,2.0,0,2.0,1995.0,1,999,1.0,1,50.0,0.0,27,52.0,20,1800.0,400,1.0,1,2,3.0,0.0,2.0,5.0,2,4.0,1,58
0,193.0,75000.0,75000.0,73,75000.0,95,1.0,32,1.0,19.0,20,1.0,1.0,2,1,0,2.0,1,2.0,1000,3.0,0.0,3.0,2.0,1,2.0,0,3.0,2011.0,1,999,5.0,1,40.0,0.0,38,52.0,17,0.0,300,1.0,1,2,3.0,0.0,2.0,5.0,2,2.0,1,37
0,193.0,850.0,850.0,91,850.0,78,6.0,32,1.0,18.0,21,1.0,2.0,2,1,0,2.0,1,2.0,1000,2.0,0.0,2.0,2.0,1,2.0,0,2.0,2011.0,1,999,3.0,1,9.0,0.0,38,3.0,21,0.0,300,1.0,1,2,3.0,0.0,2.0,1.0,2,4.0,1,32
0,501.0,120000.0,120000.0,76,120000.0,60,1.0,32,1.0,20.0,20,1.0,1.0,1,1,0,2.0,1,2.0,1000,3.0,0.0,3.0,2.0,1,2.0,0,3.0,1995.0,1,22,1.0,1,60.0,0.0,38,52.0,13,0.0,600,1.0,2,2,3.0,0.0,2.0,5.0,1,4.0,1,51
0,501.0,75000.0,75000.0,33,75000.0,81,1.0,32,1.0,21.0,21,1.0,1.0,2,1,0,2.0,1,2.0,1000,3.0,0.0,3.0,2.0,1,2.0,0,3.0,1995.0,1,22,5.0,1,40.0,0.0,38,52.0,10,0.0,600,1.0,2,2,3.0,0.0,2.0,5.0,2,4.0,1,49
0,501.0,120000.0,120000.0,13,120000.0,72,1.0,82,1.0,21.0,20,1.0,1.0,2,1,0,2.0,1,2.0,1000,3.0,0.0,3.0,2.0,1,2.0,0,3.0,2006.0,1,999,7.0,1,50.0,0.0,30,52.0,125,0.0,300,1.0,1,2,3.0,0.0,2.0,5.0,2,4.0,1,42
0,501.0,43000.0,43000.0,26,40000.0,07,1.0,82,1.0,21.0,21,1.0,1.0,2,1,0,2.0,1,2.0,1000,3.0,0.0,3.0,2.0,1,2.0,0,3.0,2006.0,1,32,1.0,1,30.0,0.0,38,52.0,104,0.0,300,1.0,2,2,3.0,0.0,2.0,5.0,2,4.0,1,41
0,114.0,18000.0,18000.0,22,18000.0,78,1.0,529,1.0,22.0,20,6.0,1.0,2,5,2,2.0,2,2.0,3000,3.0,0.0,3.0,2.0,2,2.0,0,3.0,1995.0,0,999,4.0,6,20.0,0.0,421,48.0,352,0.0,600,1.0,1,2,3.0,0.0,2.0,5.0,2,4.0,1,28
0,501.0,76030.0,76000.0,91,76000.0,44,1.0,32,1.0,19.0,20,6.0,1.0,2,5,0,2.0,1,2.0,1000,3.0,0.0,3.0,2.0,1,2.0,0,3.0,1995.0,1,999,1.0,1,45.0,0.0,38,52.0,173,30.0,300,1.0,1,2,3.0,0.0,2.0,5.0,2,4.0,1,27
0,501.0,41200.0,40200.0,36,40200.0,83,1.0,32,1.0,19.0,28,6.0,1.0,2,5,0,2.0,1,2.0,1000,3.0,0.0,3.0,2.0,1,2.0,0,3.0,1995.0,1,999,2.0,1,36.0,0.0,38,52.0,231,1000.0,300,1.0,1,2,3.0,0.0,2.0,5.0,2,4.0,1,30
0,113.0,5000.0,5000.0,02,0.0,01,1.0,999,1.0,20.0,20,1.0,1.0,2,1,0,2.0,1,2.0,1000,3.0,0.0,3.0,2.0,1,2.0,0,3.0,2009.0,1,999,6.0,1,40.0,0.0,38,52.0,38,0.0,200,1.0,4,2,3.0,0.0,2.0,5.0,2,4.0,1,36
0,113.0,35000.0,35000.0,33,35000.0,79,1.0,999,1.0,20.0,21,1.0,1.0,2,1,0,2.0,1,2.0,1000,3.0,0.0,3.0,2.0,1,2.0,0,3.0,2009.0,1,999,1.0,1,38.0,0.0,38,36.0,38,0.0,200,1.0,4,2,3.0,0.0,2.0,5.0,2,4.0,1,37
0,501.0,55000.0,55000.0,72,55000.0,45,1.0,112,1.0,17.0,20,1.0,1.0,2,1,0,2.0,1,2.0,1000,3.0,0.0,3.0,2.0,1,2.0,0,3.0,2013.0,1,999,1.0,1,50.0,0.0,38,52.0,108,0.0,500,1.0,1,2,3.0,0.0,2.0,5.0,2,4.0,1,48
0,501.0,70000.0,70000.0,20,70000.0,83,1.0,50,1.0,21.0,21,1.0,1.0,2,1,0,2.0,1,2.0,1000,3.0,0.0,3.0,2.0,1,2.0,0,3.0,2013.0,1,999,4.0,1,40.0,0.0,31,52.0,110,0.0,500,1.0,1,2,3.0,0.0,2.0,5.0,2,4.0,1,56
0,501.0,105000.0,105000.0,47,105000.0,48,1.0,32,1.0,19.0,20,1.0,1.0,2,1,0,2.0,1,2.0,1000,3.0,0.0,3.0,2.0,1,2.0,0,3.0,2006.0,1,82,7.0,1,50.0,0.0,27,52.0,17,0.0,400,1.0,2,2,3.0,0.0,2.0,5.0,2,4.0,1,39
0,501.0,50000.0,50000.0,50,50000.0,68,1.0,32,1.0,21.0,21,1.0,1.0,2,1,0,2.0,1,2.0,1000,3.0,0.0,3.0,2.0,1,2.0,0,3.0,2006.0,1,82,1.0,1,40.0,0.0,27,52.0,12,0.0,400,1.0,2,2,3.0,0.0,2.0,5.0,2,4.0,1,40
0,501.0,0.0,0.0,42,0.0,69,6.0,142,3.0,20.0,21,1.0,2.0,1,1,2,1.0,1,1.0,1000,2.0,0.0,2.0,1.0,1,1.0,0,2.0,1999.0,1,26,1.0,1,40.0,0.0,27,52.0,31,0.0,500,1.0,2,2,3.0,0.0,2.0,5.0,2,4.0,1,61
0,168.0,1500.0,0.0,25,0.0,78,6.0,32,2.0,21.0,20,1.0,2.0,2,1,1,2.0,1,2.0,1000,2.0,0.0,2.0,2.0,1,2.0,0,2.0,2019.0,1,148,1.0,1,40.0,0.0,38,52.0,18,0.0,400,1.0,2,2,3.0,0.0,2.0,5.0,2,4.0,1,27
0,168.0,49900.0,49900.0,02,21100.0,01,1.0,32,1.0,21.0,21,1.0,1.0,2,1,1,2.0,1,2.0,1000,2.0,0.0,2.0,2.0,1,2.0,0,2.0,2019.0,1,148,6.0,1,80.0,0.0,38,52.0,18,0.0,400,1.0,2,2,3.0,0.0,2.0,5.0,2,4.0,1,26
0,387.0,60000.0,60000.0,40,60000.0,86,2.0,88,1.0,20.0,20,6.0,1.0,2,5,0,2.0,1,2.0,1000,3.0,0.0,2.0,2.0,1,2.0,0,1.0,1995.0,1,22,1.0,1,50.0,0.0,53,52.0,136,0.0,500,1.0,2,2,3.0,0.0,2.0,5.0,2,4.0,1,33
0,287.0,45000.0,45000.0,51,45000.0,86,1.0,89,1.0,21.0,20,6.0,1.0,2,5,0,2.0,1,2.0,1000,3.0,0.0,3.0,2.0,1,2.0,0,3.0,1995.0,1,8,5.0,1,40.0,0.0,38,52.0,148,0.0,600,1.0,2,2,3.0,0.0,2.0,5.0,2,4.0,1,33
0,501.0,83300.0,83300.0,72,90000.0,73,1.0,82,1.0,20.0,20,1.0,1.0,2,1,0,2.0,1,2.0,1000,3.0,0.0,3.0,2.0,1,2.0,0,3.0,2021.0,1,89,5.0,1,40.0,0.0,38,52.0,52,0.0,500,1.0,2,2,3.0,0.0,2.0,5.0,2,4.0,1,28
0,501.0,100000.0,100000.0,32,100000.0,81,1.0,32,1.0,22.0,21,1.0,1.0,2,1,0,2.0,1,2.0,1000,3.0,0.0,3.0,2.0,1,2.0,0,3.0,2021.0,1,999,1.0,1,40.0,0.0,27,52.0,19,0.0,500,1.0,1,2,3.0,0.0,2.0,5.0,2,4.0,1,31
0,364.0,73900.0,75000.0,91,75000.0,63,1.0,999,1.0,19.0,20,4.0,1.0,2,3,0,2.0,3,2.0,5013,3.0,0.0,3.0,2.0,3,2.0,1,3.0,2015.0,0,999,1.0,1,80.0,0.0,38,52.0,350,-1100.0,200,1.0,4,2,3.0,0.0,2.0,5.0,2,4.0,1,33
0,501.0,60100.0,60000.0,51,60000.0,04,1.0,82,1.0,16.0,20,1.0,1.0,2,1,1,2.0,1,2.0,1000,3.0,0.0,3.0,2.0,1,2.0,0,3.0,1991.0,1,210,1.0,1,40.0,0.0,30,52.0,31,100.0,100,1.0,2,2,3.0,0.0,2.0,5.0,2,4.0,2,51
0,501.0,40900.0,12000.0,62,12000.0,04,1.0,50,1.0,16.0,21,1.0,1.0,2,1,1,2.0,1,2.0,1000,3.0,0.0,3.0,2.0,1,2.0,0,3.0,1991.0,1,32,1.0,1,40.0,0.0,30,52.0,21,28900.0,100,1.0,2,2,3.0,0.0,2.0,5.0,2,4.0,1,53
0,89.0,13700.0,0.0,42,0.0,69,6.0,22,3.0,16.0,20,4.0,2.0,2,3,0,2.0,1,2.0,1000,2.0,0.0,2.0,2.0,1,2.0,0,2.0,1995.0,1,999,1.0,1,40.0,13700.0,38,52.0,19,0.0,500,1.0,1,2,2.0,0.0,2.0,5.0,2,4.0,1,64
0,426.0,66000.0,60000.0,63,60000.0,07,1.0,82,1.0,16.0,20,3.0,1.0,2,2,0,2.0,1,2.0,1000,3.0,0.0,3.0,2.0,1,2.0,0,3.0,1993.0,1,89,1.0,1,40.0,0.0,38,52.0,74,6000.0,200,1.0,2,2,3.0,0.0,2.0,5.0,2,4.0,1,62
0,152.0,24000.0,24000.0,47,24000.0,53,1.0,82,1.0,16.0,22,4.0,1.0,2,3,0,2.0,1,2.0,1000,3.0,0.0,3.0,2.0,1,2.0,0,3.0,1988.0,1,999,1.0,1,50.0,0.0,30,52.0,110,0.0,200,1.0,1,2,3.0,0.0,2.0,5.0,2,4.0,1,60
0,426.0,20600.0,20000.0,96,20000.0,57,1.0,82,1.0,16.0,25,4.0,1.0,2,3,2,2.0,1,2.0,1000,3.0,0.0,3.0,2.0,1,2.0,0,3.0,2019.0,1,89,1.0,1,24.0,0.0,6,52.0,50,600.0,200,1.0,2,2,3.0,0.0,2.0,5.0,2,4.0,1,26
0,501.0,47000.0,47000.0,47,47000.0,47,1.0,939,1.0,16.0,30,6.0,1.0,2,5,2,2.0,1,2.0,1000,2.0,0.0,2.0,2.0,1,2.0,0,2.0,1995.0,1,999,1.0,1,40.0,0.0,38,52.0,94,0.0,200,1.0,1,2,2.0,0.0,2.0,5.0,2,4.0,1,20
0,385.0,5500.0,5500.0,42,5500.0,93,6.0,32,1.0,16.0,20,1.0,2.0,2,1,2,2.0,1,2.0,1000,2.0,0.0,2.0,2.0,1,2.0,0,2.0,2007.0,1,999,3.0,1,15.0,0.0,38,18.0,37,0.0,200,1.0,1,2,3.0,0.0,2.0,5.0,2,4.0,1,58
0,385.0,72000.0,72000.0,02,0.0,01,1.0,32,1.0,16.0,21,1.0,1.0,2,1,2,2.0,1,2.0,1000,3.0,0.0,3.0,2.0,1,2.0,0,3.0,2007.0,1,999,6.0,1,70.0,0.0,38,52.0,39,0.0,200,1.0,1,2,3.0,0.0,2.0,5.0,2,4.0,1,56
0,501.0,870.0,870.0,54,870.0,79,6.0,112,1.0,20.0,20,1.0,2.0,2,1,0,2.0,1,2.0,1000,2.0,0.0,2.0,2.0,1,2.0,0,2.0,1991.0,1,999,1.0,1,12.0,0.0,38,2.0,171,0.0,600,1.0,1,2,3.0,0.0,2.0,5.0,2,4.0,1,56
0,501.0,139000.0,64000.0,52,64000.0,05,1.0,82,1.0,20.0,20,1.0,1.0,2,1,0,2.0,1,2.0,1000,3.0,0.0,3.0,2.0,1,2.0,0,3.0,2014.0,1,999,2.0,1,40.0,0.0,38,52.0,156,75000.0,500,1.0,1,2,3.0,0.0,2.0,5.0,2,4.0,1,35
0,501.0,52000.0,52000.0,42,52000.0,53,1.0,49,1.0,20.0,21,1.0,1.0,2,1,0,2.0,1,2.0,1000,3.0,0.0,3.0,2.0,1,2.0,0,3.0,2014.0,1,999,2.0,1,40.0,0.0,38,52.0,138,0.0,500,1.0,1,2,3.0,0.0,2.0,5.0,2,4.0,1,36
0,501.0,73030.0,73000.0,63,73000.0,07,1.0,999,1.0,16.0,25,6.0,1.0,1,5,0,2.0,1,2.0,1000,3.0,0.0,3.0,2.0,1,2.0,0,3.0,1995.0,1,999,1.0,1,40.0,0.0,27,52.0,2,30.0,400,1.0,4,1,3.0,0.0,2.0,5.0,2,4.0,1,40
0,143.0,30000.0,30000.0,20,30000.0,78,1.0,917,1.0,22.0,20,6.0,1.0,2,5,0,2.0,3,2.0,5013,3.0,0.0,3.0,2.0,3,2.0,1,3.0,1995.0,0,999,1.0,1,40.0,0.0,38,52.0,161,0.0,400,1.0,1,2,3.0,0.0,2.0,5.0,2,4.0,1,47
1,143.0,4900.0,4900.0,23,4900.0,78,6.0,917,1.0,19.0,25,6.0,2.0,2,5,0,2.0,3,2.0,5013,2.0,0.0,2.0,2.0,3,2.0,1,2.0,1995.0,0,999,3.0,1,24.0,0.0,38,14.0,147,0.0,400,1.0,1,2,3.0,0.0,2.0,5.0,2,4.0,1,20
0,297.0,131000.0,131000.0,70,131000.0,60,1.0,924,1.0,19.0,20,1.0,1.0,2,1,0,2.0,1,2.0,1000,3.0,0.0,3.0,2.0,1,2.0,0,3.0,2012.0,1,195,1.0,1,60.0,0.0,6,52.0,28,0.0,200,3.0,2,2,3.0,0.0,2.0,5.0,2,4.0,1,38
0,297.0,0.0,0.0,32,0.0,80,6.0,924,2.0,22.0,21,1.0,2.0,2,1,0,2.0,1,2.0,1000,2.0,0.0,2.0,2.0,1,2.0,0,2.0,2012.0,1,195,2.0,1,40.0,0.0,6,52.0,28,0.0,200,3.0,2,2,3.0,0.0,2.0,5.0,2,4.0,1,37
0,501.0,40700.0,40000.0,50,40000.0,01,1.0,82,1.0,21.0,21,1.0,1.0,2,1,0,2.0,1,2.0,1000,3.0,0.0,3.0,2.0,1,2.0,0,3.0,1992.0,1,999,1.0,1,40.0,0.0,38,52.0,87,0.0,400,1.0,1,2,3.0,0.0,2.0,5.0,2,4.0,1,57
0,501.0,85000.0,85000.0,07,85000.0,23,1.0,20,1.0,21.0,25,6.0,1.0,2,5,0,2.0,1,2.0,1000,3.0,0.0,3.0,2.0,1,2.0,0,3.0,1995.0,1,50,1.0,1,40.0,0.0,38,52.0,53,0.0,400,3.0,2,2,3.0,0.0,2.0,5.0,2,4.0,1,29
0,197.0,48000.0,48000.0,04,48000.0,63,1.0,690,1.0,22.0,20,1.0,1.0,2,1,0,2.0,10,2.0,4021,3.0,0.0,3.0,2.0,6,2.0,0,3.0,2017.0,0,999,1.0,4,43.0,0.0,238,52.0,142,0.0,600,1.0,1,2,3.0,0.0,2.0,5.0,2,4.0,1,33
0,197.0,0.0,0.0,23,0.0,78,6.0,690,2.0,22.0,21,1.0,2.0,2,1,0,2.0,10,2.0,4021,2.0,0.0,2.0,2.0,6,2.0,0,2.0,2017.0,0,999,1.0,4,40.0,0.0,238,52.0,171,0.0,600,1.0,1,2,3.0,0.0,2.0,5.0,2,4.0,1,33
0,297.0,60000.0,60000.0,98,60000.0,96,4.0,98,1.0,20.0,20,1.0,1.0,1,1,0,2.0,1,2.0,1000,3.0,0.0,3.0,2.0,1,2.0,0,3.0,2007.0,1,999,5.0,1,48.0,0.0,38,52.0,69,0.0,600,3.0,1,2,3.0,0.0,2.0,5.0,1,1.0,1,44
0,297.0,47000.0,47000.0,23,47000.0,78,1.0,32,1.0,22.0,21,1.0,1.0,2,1,0,2.0,1,2.0,1000,3.0,0.0,3.0,2.0,1,2.0,0,3.0,2007.0,1,999,4.0,1,40.0,0.0,38,40.0,67,0.0,600,3.0,1,2,3.0,0.0,2.0,5.0,2,4.0,1,42
0,297.0,0.0,0.0,42,0.0,69,6.0,98,3.0,14.0,25,6.0,2.0,1,5,0,2.0,1,2.0,1000,2.0,0.0,2.0,2.0,1,2.0,0,2.0,1995.0,1,999,1.0,1,40.0,0.0,38,52.0,110,0.0,600,3.0,1,1,3.0,0.0,2.0,5.0,2,4.0,1,18
0,501.0,140000.0,140000.0,13,140000.0,07,1.0,82,1.0,21.0,20,6.0,1.0,2,5,0,2.0,1,2.0,1000,3.0,0.0,3.0,2.0,1,2.0,0,3.0,1995.0,1,89,1.0,1,60.0,0.0,27,52.0,85,0.0,200,3.0,2,2,3.0,0.0,2.0,5.0,2,4.0,1,25
0,501.0,150000.0,150000.0,02,100000.0,01,1.0,32,1.0,13.0,20,6.0,1.0,2,5,0,2.0,1,2.0,1000,3.0,0.0,3.0,2.0,1,2.0,0,3.0,1995.0,1,999,6.0,1,50.0,0.0,38,52.0,27,0.0,400,1.0,1,2,3.0,0.0,2.0,5.0,2,4.0,1,48
1,58.0,9000.0,9000.0,58,9000.0,42,1.0,32,1.0,16.0,22,6.0,1.0,2,5,0,2.0,1,2.0,1000,3.0,0.0,3.0,2.0,1,2.0,0,3.0,1995.0,1,999,1.0,1,20.0,0.0,38,52.0,21,0.0,400,1.0,1,2,3.0,0.0,2.0,5.0,2,4.0,1,44
0,266.0,41200.0,40000.0,73,40000.0,88,3.0,89,1.0,19.0,20,6.0,2.0,2,5,0,2.0,1,2.0,1000,1.0,0.0,1.0,2.0,1,2.0,0,3.0,1995.0,1,82,1.0,1,40.0,0.0,38,40.0,253,0.0,100,1.0,2,2,2.0,0.0,2.0,1.0,2,4.0,1,31
0,501.0,92000.0,92000.0,00,92000.0,53,1.0,94,1.0,18.0,20,6.0,1.0,2,5,0,2.0,1,2.0,1000,3.0,0.0,3.0,2.0,1,2.0,0,3.0,1995.0,1,210,1.0,1,50.0,0.0,6,52.0,145,0.0,300,1.0,2,2,3.0,0.0,2.0,5.0,2,4.0,2,36
0,290.0,70900.0,70000.0,47,70000.0,48,1.0,32,1.0,19.0,20,6.0,1.0,2,5,1,2.0,1,2.0,1000,3.0,0.0,3.0,2.0,1,2.0,0,3.0,1995.0,1,999,1.0,1,70.0,0.0,38,52.0,109,0.0,400,1.0,1,2,3.0,0.0,2.0,5.0,2,4.0,1,47
0,196.0,31000.0,31000.0,64,23000.0,07,1.0,32,1.0,21.0,22,6.0,1.0,2,5,1,2.0,1,2.0,1000,3.0,0.0,3.0,2.0,1,2.0,0,3.0,1995.0,1,999,1.0,1,20.0,0.0,38,52.0,126,0.0,400,1.0,1,2,3.0,0.0,2.0,5.0,2,4.0,1,45
1,79.0,24000.0,24000.0,91,24000.0,63,1.0,999,1.0,20.0,20,6.0,1.0,2,5,0,2.0,3,2.0,5024,3.0,0.0,3.0,2.0,3,2.0,1,3.0,1995.0,0,999,1.0,1,30.0,0.0,38,52.0,194,0.0,500,1.0,4,2,3.0,0.0,2.0,5.0,2,4.0,1,28
0,501.0,90000.0,90000.0,22,90000.0,78,1.0,32,1.0,24.0,20,1.0,1.0,2,1,0,2.0,1,2.0,1000,3.0,0.0,3.0,2.0,1,2.0,0,3.0,2002.0,1,999,2.0,1,40.0,0.0,38,52.0,124,0.0,300,1.0,1,2,3.0,0.0,2.0,5.0,2,4.0,1,42
0,501.0,80000.0,80000.0,23,80000.0,78,1.0,21,1.0,22.0,21,1.0,1.0,2,1,0,2.0,1,2.0,1000,3.0,0.0,3.0,2.0,1,2.0,0,3.0,2002.0,1,32,2.0,1,35.0,0.0,19,52.0,176,0.0,300,1.0,2,2,3.0,0.0,2.0,5.0,2,4.0,1,43
0,501.0,98000.0,96000.0,91,96000.0,03,1.0,21,1.0,16.0,20,1.0,1.0,2,1,0,2.0,1,2.0,1000,3.0,0.0,3.0,2.0,1,2.0,0,3.0,1984.0,1,32,1.0,1,48.0,0.0,38,47.0,64,2000.0,200,1.0,2,2,3.0,0.0,2.0,5.0,2,4.0,1,59
0,501.0,127000.0,127000.0,00,127000.0,78,1.0,32,1.0,22.0,20,1.0,1.0,2,1,0,2.0,1,2.0,1000,3.0,0.0,3.0,2.0,1,2.0,0,3.0,2022.0,1,82,4.0,1,60.0,0.0,38,52.0,49,0.0,200,1.0,2,2,3.0,0.0,1.0,5.0,2,4.0,1,45
0,501.0,60000.0,60000.0,38,60000.0,94,1.0,999,1.0,16.0,21,1.0,1.0,2,1,0,2.0,1,2.0,1000,3.0,0.0,3.0,2.0,1,2.0,0,3.0,2022.0,1,999,3.0,1,45.0,0.0,8,52.0,105,0.0,200,1.0,4,2,3.0,0.0,1.0,5.0,2,4.0,1,31
0,501.0,60000.0,60000.0,32,60000.0,83,1.0,50,1.0,21.0,20,1.0,1.0,2,1,0,2.0,1,2.0,1000,3.0,0.0,3.0,2.0,1,2.0,0,3.0,1995.0,1,917,2.0,1,40.0,0.0,19,52.0,90,0.0,400,1.0,2,2,3.0,0.0,2.0,5.0,2,4.0,1,53
0,501.0,60000.0,60000.0,72,60000.0,30,1.0,82,1.0,20.0,21,1.0,1.0,2,1,0,2.0,1,2.0,1000,3.0,0.0,3.0,2.0,1,2.0,0,3.0,1995.0,1,50,1.0,1,50.0,0.0,27,52.0,66,0.0,400,1.0,2,2,3.0,0.0,2.0,5.0,2,3.0,1,57
1,94.0,0.0,0.0,47,0.0,50,6.0,999,2.0,18.0,20,1.0,2.0,2,1,0,2.0,1,2.0,1000,2.0,0.0,2.0,2.0,1,2.0,0,2.0,2008.0,1,999,6.0,1,40.0,0.0,38,52.0,59,0.0,300,1.0,4,2,2.0,0.0,2.0,3.0,2,4.0,1,41
1,94.0,28000.0,28000.0,91,28000.0,46,1.0,924,1.0,17.0,21,1.0,1.0,2,1,0,2.0,1,2.0,1000,3.0,0.0,3.0,2.0,1,2.0,0,3.0,2008.0,1,999,1.0,1,40.0,0.0,38,52.0,70,0.0,300,1.0,1,2,3.0,0.0,2.0,5.0,2,4.0,1,40
0,321.0,50000.0,50000.0,15,50000.0,04,1.0,22,1.0,22.0,20,6.0,1.0,2,5,0,2.0,1,2.0,1000,3.0,0.0,3.0,2.0,1,2.0,0,3.0,1995.0,1,999,1.0,1,40.0,0.0,30,52.0,437,0.0,100,3.0,1,2,3.0,0.0,2.0,5.0,2,4.0,1,24
0,501.0,25000.0,25000.0,49,25000.0,70,1.0,50,1.0,21.0,20,1.0,1.0,2,1,0,2.0,1,2.0,1000,3.0,0.0,2.0,2.0,1,2.0,0,3.0,1989.0,1,999,7.0,1,30.0,0.0,19,52.0,101,0.0,600,1.0,1,2,3.0,0.0,2.0,5.0,2,4.0,1,59
0,483.0,70000.0,70000.0,26,70000.0,78,1.0,32,1.0,20.0,20,1.0,1.0,2,1,0,2.0,1,2.0,1000,3.0,0.0,3.0,2.0,1,2.0,0,3.0,1990.0,1,999,4.0,1,40.0,0.0,38,52.0,18,0.0,400,1.0,1,2,3.0,0.0,2.0,5.0,2,4.0,1,65
0,483.0,18000.0,2000.0,91,2000.0,46,6.0,87,1.0,16.0,21,1.0,2.0,1,1,0,1.0,1,1.0,1000,2.0,0.0,2.0,2.0,1,2.0,0,2.0,1990.0,1,999,1.0,1,16.0,14000.0,38,4.0,18,0.0,400,1.0,1,2,3.0,0.0,2.0,5.0,1,2.0,1,64
0,501.0,107000.0,107000.0,00,107000.0,35,1.0,142,1.0,21.0,20,6.0,1.0,2,5,0,2.0,1,2.0,1000,3.0,0.0,3.0,2.0,1,2.0,0,3.0,1995.0,1,32,1.0,1,40.0,0.0,26,52.0,143,0.0,600,1.0,2,2,3.0,0.0,2.0,5.0,2,4.0,1,28
0,76.0,15000.0,15000.0,96,15000.0,53,1.0,920,1.0,18.0,20,4.0,1.0,1,3,0,2.0,3,2.0,5014,3.0,0.0,3.0,1.0,5,2.0,1,3.0,1993.0,0,999,1.0,1,24.0,0.0,38,52.0,83,0.0,400,1.0,1,2,3.0,0.0,2.0,5.0,2,4.0,1,53
1,76.0,0.0,0.0,42,0.0,69,6.0,920,3.0,18.0,25,6.0,1.0,1,5,0,1.0,3,1.0,5014,2.0,0.0,2.0,1.0,5,2.0,1,2.0,1995.0,0,999,1.0,1,40.0,0.0,38,52.0,91,0.0,400,1.0,1,1,2.0,0.0,2.0,2.0,2,4.0,1,36
0,229.0,48000.0,48000.0,25,48000.0,78,2.0,999,1.0,12.0,20,6.0,1.0,2,5,0,2.0,1,2.0,1000,3.0,0.0,3.0,2.0,1,2.0,0,3.0,1995.0,1,999,3.0,1,40.0,0.0,24,52.0,209,0.0,300,3.0,4,2,3.0,0.0,2.0,5.0,2,4.0,1,33
0,36.0,5700.0,0.0,42,0.0,69,6.0,999,3.0,15.0,22,6.0,1.0,1,5,0,1.0,1,1.0,1000,3.0,6800.0,3.0,2.0,1,2.0,0,3.0,1995.0,1,999,1.0,1,40.0,0.0,38,52.0,163,-1100.0,300,1.0,4,2,3.0,0.0,2.0,5.0,2,2.0,1,33
0,130.0,20000.0,20000.0,53,20000.0,78,1.0,32,1.0,21.0,20,6.0,1.0,2,5,0,2.0,1,2.0,1000,3.0,0.0,3.0,2.0,1,2.0,0,3.0,1995.0,1,82,3.0,1,38.0,0.0,38,52.0,153,0.0,300,3.0,2,2,3.0,0.0,2.0,5.0,2,4.0,1,22
0,91.0,14000.0,14000.0,23,14000.0,84,1.0,32,1.0,21.0,34,6.0,1.0,2,5,0,2.0,1,2.0,1000,3.0,0.0,3.0,2.0,1,2.0,0,3.0,1995.0,1,999,3.0,1,40.0,0.0,12,52.0,173,0.0,300,3.0,1,2,3.0,0.0,2.0,5.0,2,4.0,1,23
0,227.0,30000.0,30000.0,91,30000.0,61,1.0,32,1.0,20.0,20,1.0,1.0,2,1,0,2.0,1,2.0,1000,3.0,0.0,3.0,2.0,1,2.0,0,3.0,2016.0,1,999,1.0,1,60.0,0.0,38,52.0,24,0.0,400,1.0,1,2,3.0,0.0,2.0,5.0,2,4.0,1,33
0,227.0,40000.0,40000.0,96,40000.0,04,1.0,999,1.0,17.0,21,1.0,1.0,2,1,0,2.0,1,2.0,1000,3.0,0.0,3.0,2.0,1,2.0,0,3.0,2016.0,1,999,1.0,1,40.0,0.0,38,52.0,30,0.0,400,1.0,4,2,3.0,0.0,2.0,5.0,2,4.0,1,32
0,335.0,75010.0,75000.0,14,75000.0,30,1.0,82,1.0,21.0,20,1.0,1.0,2,1,0,2.0,1,2.0,1000,3.0,0.0,3.0,2.0,1,2.0,0,3.0,2021.0,1,999,1.0,1,44.0,0.0,38,52.0,25,10.0,400,1.0,1,2,3.0,0.0,2.0,5.0,2,4.0,1,28
0,335.0,6000.0,6000.0,77,6000.0,30,6.0,111,1.0,15.0,21,1.0,2.0,2,1,0,2.0,16,2.0,9000,2.0,0.0,2.0,2.0,9,2.0,0,2.0,2021.0,1,902,1.0,1,40.0,0.0,38,6.0,41,0.0,400,1.0,2,2,3.0,0.0,2.0,5.0,2,4.0,1,24
0,409.0,57000.0,0.0,04,0.0,95,6.0,87,2.0,16.0,20,1.0,2.0,2,1,0,2.0,1,2.0,1000,2.0,0.0,2.0,2.0,1,2.0,0,2.0,1980.0,1,999,5.0,1,40.0,0.0,38,52.0,24,0.0,200,1.0,1,2,3.0,0.0,2.0,5.0,2,4.0,1,65
0,285.0,45000.0,45000.0,63,45000.0,07,1.0,221,1.0,19.0,20,6.0,1.0,2,5,0,2.0,1,2.0,1000,3.0,0.0,3.0,2.0,1,2.0,0,3.0,1995.0,1,32,1.0,1,40.0,0.0,13,52.0,111,0.0,600,3.0,2,2,3.0,0.0,2.0,5.0,2,4.0,2,21
0,501.0,80000.0,80000.0,91,80000.0,56,1.0,82,1.0,16.0,20,1.0,1.0,2,1,0,2.0,1,2.0,1000,3.0,0.0,3.0,2.0,1,2.0,0,3.0,1986.0,1,999,1.0,1,60.0,0.0,38,52.0,122,0.0,500,1.0,1,2,3.0,0.0,2.0,5.0,2,2.0,1,61
0,501.0,42000.0,42000.0,47,42000.0,49,1.0,82,1.0,16.0,21,1.0,1.0,2,1,0,2.0,1,2.0,1000,3.0,0.0,3.0,2.0,1,2.0,0,3.0,1986.0,1,999,1.0,1,40.0,0.0,38,52.0,141,0.0,500,1.0,1,2,3.0,0.0,2.0,5.0,2,4.0,1,56
0,501.0,38000.0,38000.0,96,38000.0,12,1.0,82,1.0,16.0,25,6.0,1.0,2,5,0,2.0,1,2.0,1000,3.0,0.0,3.0,2.0,1,2.0,0,3.0,1995.0,1,999,1.0,1,40.0,0.0,30,52.0,34,0.0,500,1.0,1,2,3.0,0.0,2.0,5.0,2,4.0,1,36
0,501.0,70950.0,70000.0,91,70000.0,56,1.0,82,1.0,18.0,25,4.0,1.0,2,3,0,2.0,1,2.0,1000,3.0,0.0,3.0,2.0,1,2.0,0,3.0,2010.0,1,999,1.0,1,55.0,0.0,30,52.0,44,0.0,500,1.0,1,2,3.0,0.0,2.0,5.0,2,4.0,1,34
0,500.0,90900.0,68000.0,02,68000.0,01,6.0,999,1.0,18.0,20,1.0,2.0,2,1,0,2.0,1,2.0,1000,2.0,0.0,2.0,2.0,1,2.0,0,2.0,1979.0,1,999,3.0,1,40.0,12000.0,30,52.0,32,0.0,200,1.0,4,2,3.0,0.0,2.0,5.0,2,4.0,1,65
0,500.0,0.0,0.0,42,0.0,69,6.0,999,3.0,17.0,21,1.0,1.0,2,1,0,2.0,1,2.0,1000,3.0,0.0,3.0,2.0,1,2.0,0,3.0,1979.0,1,999,1.0,1,40.0,0.0,38,52.0,31,0.0,200,1.0,4,2,3.0,0.0,2.0,5.0,2,4.0,1,61
0,277.0,42200.0,42200.0,52,42200.0,68,1.0,32,1.0,21.0,20,6.0,1.0,1,5,0,2.0,1,2.0,1000,3.0,0.0,3.0,2.0,1,2.0,0,3.0,1995.0,1,999,1.0,1,40.0,0.0,38,52.0,167,0.0,300,1.0,1,2,3.0,0.0,2.0,5.0,1,4.0,1,39
1,83.0,12000.0,0.0,02,0.0,01,6.0,32,2.0,13.0,20,4.0,2.0,2,3,0,2.0,1,2.0,1000,2.0,0.0,2.0,2.0,1,2.0,0,2.0,1992.0,1,999,6.0,1,40.0,12000.0,38,52.0,197,0.0,400,1.0,1,2,3.0,0.0,2.0,5.0,2,4.0,1,65
0,446.0,50000.0,50000.0,19,50000.0,95,1.0,999,1.0,20.0,20,1.0,1.0,2,1,0,2.0,1,2.0,1000,3.0,0.0,3.0,2.0,1,2.0,0,3.0,2023.0,1,999,4.0,1,45.0,0.0,38,52.0,131,0.0,400,1.0,4,2,3.0,0.0,1.0,5.0,2,4.0,1,23
0,446.0,40000.0,40000.0,86,40000.0,69,2.0,999,1.0,16.0,21,1.0,1.0,2,1,0,2.0,1,2.0,1000,3.0,0.0,2.0,2.0,1,2.0,0,1.0,2023.0,1,999,1.0,1,40.0,0.0,38,52.0,112,0.0,400,1.0,4,2,3.0,0.0,1.0,5.0,2,4.0,1,25
0,319.0,25000.0,25000.0,78,25000.0,10,1.0,142,1.0,16.0,25,4.0,1.0,2,3,0,2.0,1,2.0,1000,3.0,0.0,3.0,2.0,1,2.0,0,3.0,2012.0,1,82,1.0,1,60.0,0.0,38,52.0,38,0.0,400,1.0,2,2,3.0,0.0,2.0,5.0,2,4.0,1,52
0,501.0,130000.0,130000.0,63,130000.0,07,1.0,32,1.0,19.0,20,6.0,1.0,2,5,2,2.0,1,2.0,1000,3.0,0.0,3.0,2.0,1,2.0,0,3.0,1995.0,1,999,1.0,1,65.0,0.0,19,52.0,20,0.0,100,1.0,1,2,3.0,0.0,2.0,5.0,2,4.0,1,36
0,501.0,50000.0,50000.0,08,50000.0,69,1.0,22,1.0,19.0,20,1.0,1.0,2,1,0,2.0,1,2.0,1000,3.0,0.0,3.0,2.0,1,2.0,0,3.0,2015.0,1,32,2.0,1,40.0,0.0,46,52.0,204,0.0,600,1.0,2,2,3.0,0.0,2.0,5.0,2,4.0,1,36
0,501.0,165000.0,165000.0,02,100000.0,07,1.0,22,1.0,16.0,21,1.0,1.0,2,1,0,2.0,17,2.0,9000,3.0,0.0,3.0,2.0,9,2.0,1,3.0,2015.0,1,32,6.0,1,50.0,0.0,38,52.0,113,0.0,600,1.0,2,2,3.0,0.0,2.0,5.0,2,4.0,1,34
0,325.0,98000.0,98000.0,96,98000.0,05,1.0,811,1.0,19.0,20,1.0,1.0,2,1,2,2.0,69,2.0,9000,3.0,0.0,3.0,2.0,9,2.0,0,3.0,2010.0,1,84,1.0,1,50.0,0.0,2,52.0,21,0.0,100,1.0,2,2,3.0,0.0,2.0,5.0,2,4.0,1,38
0,325.0,0.0,0.0,42,0.0,69,6.0,32,3.0,16.0,21,1.0,2.0,2,1,2,2.0,1,2.0,1000,2.0,0.0,2.0,2.0,1,2.0,0,2.0,2010.0,1,51,1.0,1,40.0,0.0,2,52.0,57,0.0,100,1.0,2,2,3.0,0.0,2.0,5.0,2,4.0,1,38
0,451.0,70000.0,70000.0,58,70000.0,69,1.0,82,1.0,21.0,20,6.0,1.0,2,5,0,2.0,1,2.0,1000,3.0,0.0,3.0,2.0,1,2.0,0,3.0,1995.0,1,999,1.0,1,40.0,0.0,38,52.0,118,0.0,600,1.0,1,2,3.0,0.0,2.0,5.0,2,4.0,1,58
0,426.0,26100.0,26100.0,72,26100.0,42,1.0,32,1.0,20.0,20,1.0,1.0,2,1,0,2.0,1,2.0,1000,3.0,0.0,3.0,2.0,1,2.0,0,3.0,2003.0,1,999,7.0,1,45.0,0.0,38,52.0,14,0.0,400,1.0,1,2,3.0,0.0,2.0,5.0,2,4.0,1,58
0,426.0,60000.0,60000.0,05,60000.0,44,1.0,32,1.0,18.0,21,1.0,1.0,2,1,0,2.0,1,2.0,1000,3.0,0.0,3.0,2.0,1,2.0,0,3.0,2003.0,1,999,1.0,1,45.0,0.0,38,52.0,17,0.0,400,1.0,1,2,3.0,0.0,2.0,5.0,2,4.0,1,64
0,462.0,75000.0,75000.0,04,75000.0,81,1.0,32,1.0,20.0,20,3.0,1.0,2,2,0,2.0,1,2.0,1000,3.0,0.0,3.0,2.0,1,2.0,0,3.0,2001.0,1,26,1.0,1,40.0,0.0,38,52.0,9,0.0,100,1.0,2,2,3.0,0.0,2.0,5.0,2,4.0,1,47
1,0.0,0.0,0.0,47,0.0,49,6.0,999,2.0,17.0,20,4.0,2.0,1,3,0,1.0,1,2.0,1000,2.0,0.0,2.0,2.0,1,2.0,0,2.0,2013.0,1,999,1.0,1,40.0,0.0,27,52.0,49,0.0,400,1.0,4,2,3.0,0.0,2.0,5.0,2,4.0,1,31
0,95.0,15000.0,15000.0,77,15000.0,39,1.0,999,1.0,16.0,20,6.0,1.0,2,5,0,2.0,1,2.0,1000,3.0,0.0,3.0,2.0,1,2.0,0,3.0,1995.0,1,999,1.0,1,20.0,0.0,8,52.0,83,0.0,200,1.0,4,2,3.0,0.0,2.0,5.0,2,4.0,1,49
0,501.0,35800.0,35000.0,47,35000.0,47,1.0,22,1.0,21.0,20,1.0,1.0,2,1,0,2.0,1,2.0,1000,3.0,0.0,3.0,2.0,1,2.0,0,3.0,1983.0,1,82,1.0,1,40.0,0.0,55,52.0,59,800.0,500,1.0,2,2,3.0,0.0,2.0,5.0,2,4.0,1,65
0,501.0,55200.0,55000.0,09,55000.0,78,1.0,32,1.0,21.0,21,1.0,1.0,2,1,0,2.0,1,2.0,1000,3.0,0.0,3.0,2.0,1,2.0,0,3.0,1983.0,1,82,4.0,1,50.0,0.0,38,52.0,77,200.0,500,1.0,2,2,3.0,0.0,2.0,5.0,2,4.0,1,64
0,501.0,80060.0,80000.0,35,80000.0,81,1.0,32,1.0,23.0,25,6.0,1.0,2,5,0,2.0,1,2.0,1000,3.0,0.0,3.0,2.0,1,2.0,0,3.0,1995.0,1,22,1.0,1,50.0,0.0,38,52.0,22,60.0,500,1.0,2,2,3.0,0.0,2.0,5.0,2,4.0,1,30
0,501.0,78000.0,78000.0,23,78000.0,78,1.0,171,1.0,22.0,21,1.0,1.0,2,1,0,2.0,1,2.0,1000,3.0,0.0,3.0,2.0,1,2.0,0,3.0,1979.0,1,999,1.0,1,50.0,0.0,38,52.0,82,0.0,600,1.0,1,2,3.0,0.0,2.0,5.0,2,4.0,1,65
0,333.0,52000.0,52000.0,20,52000.0,91,1.0,51,1.0,19.0,20,6.0,1.0,2,5,0,2.0,1,2.0,1000,3.0,0.0,3.0,2.0,1,2.0,0,3.0,1995.0,1,82,2.0,1,70.0,0.0,38,52.0,276,0.0,200,3.0,2,2,3.0,0.0,2.0,5.0,2,4.0,1,24
0,9.0,1500.0,1500.0,46,0.0,92,1.0,32,1.0,21.0,20,6.0,1.0,2,5,0,2.0,1,2.0,1000,3.0,0.0,3.0,2.0,1,2.0,0,3.0,1995.0,1,82,6.0,1,5.0,0.0,27,30.0,325,0.0,500,1.0,2,2,3.0,0.0,2.0,5.0,2,4.0,1,23
0,260.0,12000.0,12000.0,23,12000.0,78,1.0,32,1.0,21.0,20,1.0,1.0,2,1,0,2.0,1,2.0,1000,3.0,0.0,3.0,2.0,1,2.0,0,3.0,2001.0,1,999,3.0,1,20.0,0.0,27,52.0,62,0.0,400,1.0,1,2,3.0,0.0,2.0,5.0,2,4.0,1,43
0,260.0,65000.0,65000.0,65,65000.0,28,1.0,32,1.0,16.0,21,1.0,1.0,2,1,0,2.0,1,2.0,1000,3.0,0.0,3.0,2.0,1,2.0,0,3.0,2001.0,1,999,1.0,1,40.0,0.0,38,52.0,73,0.0,400,1.0,1,2,3.0,0.0,2.0,5.0,2,4.0,1,46
0,425.0,60000.0,60000.0,32,60000.0,81,1.0,32,1.0,22.0,20,1.0,1.0,2,1,0,2.0,1,2.0,1000,3.0,0.0,3.0,2.0,1,2.0,0,3.0,2010.0,1,999,1.0,1,20.0,0.0,38,52.0,69,0.0,400,1.0,1,2,3.0,0.0,2.0,5.0,2,4.0,1,34
0,425.0,90000.0,90000.0,02,0.0,01,1.0,89,1.0,21.0,21,1.0,1.0,2,1,0,2.0,1,2.0,1000,3.0,0.0,3.0,2.0,1,2.0,0,3.0,2010.0,1,999,6.0,1,60.0,0.0,38,52.0,79,0.0,400,1.0,1,2,3.0,0.0,2.0,5.0,2,4.0,1,39
0,501.0,111000.0,111000.0,86,111000.0,05,1.0,32,1.0,19.0,20,4.0,1.0,2,3,0,2.0,1,2.0,1000,3.0,0.0,3.0,2.0,1,2.0,0,3.0,2000.0,1,999,1.0,1,40.0,0.0,38,52.0,92,0.0,200,1.0,1,2,3.0,0.0,2.0,5.0,2,4.0,1,51
0,111.0,11900.0,11900.0,40,11900.0,78,1.0,50,1.0,21.0,20,1.0,1.0,2,1,0,2.0,1,2.0,1000,3.0,0.0,3.0,2.0,1,2.0,0,3.0,1992.0,1,32,3.0,1,72.0,0.0,36,52.0,40,0.0,400,1.0,2,2,3.0,0.0,2.0,5.0,2,4.0,1,58
1,111.0,10300.0,8700.0,91,8700.0,07,1.0,26,1.0,16.0,21,1.0,1.0,2,1,0,2.0,1,2.0,1000,3.0,0.0,3.0,2.0,1,2.0,0,3.0,1992.0,1,22,1.0,1,30.0,0.0,36,35.0,35,0.0,400,1.0,2,2,3.0,0.0,2.0,5.0,2,4.0,1,64
0,292.0,35400.0,35400.0,96,35400.0,46,1.0,32,1.0,16.0,20,1.0,1.0,2,1,0,2.0,1,2.0,1000,3.0,0.0,3.0,2.0,1,2.0,0,3.0,2017.0,1,50,1.0,1,40.0,0.0,38,52.0,137,0.0,300,1.0,2,2,3.0,0.0,2.0,5.0,2,3.0,1,31
0,292.0,54000.0,54000.0,20,54000.0,80,1.0,210,1.0,21.0,21,1.0,1.0,2,1,0,2.0,15,2.0,8000,3.0,0.0,3.0,2.0,8,2.0,0,3.0,2017.0,0,999,4.0,1,40.0,0.0,6,52.0,107,0.0,300,1.0,1,2,3.0,0.0,2.0,5.0,2,4.0,2,30
1,209.0,11000.0,11000.0,93,11000.0,70,1.0,924,1.0,16.0,20,6.0,1.0,2,5,0,2.0,1,2.0,1000,3.0,0.0,3.0,2.0,1,2.0,0,3.0,1995.0,1,32,1.0,1,70.0,0.0,38,52.0,89,0.0,300,1.0,2,2,3.0,0.0,2.0,5.0,2,4.0,1,54
0,123.0,19200.0,0.0,48,0.0,66,6.0,82,2.0,20.0,20,3.0,2.0,1,2,0,1.0,1,1.0,1000,2.0,0.0,2.0,2.0,1,2.0,0,2.0,1984.0,1,89,1.0,1,40.0,15000.0,26,52.0,92,0.0,400,1.0,2,2,3.0,4200.0,2.0,5.0,2,2.0,1,63
0,323.0,46000.0,0.0,25,0.0,78,6.0,32,2.0,16.0,20,3.0,2.0,2,2,2,2.0,1,2.0,1000,2.0,0.0,2.0,2.0,1,2.0,0,2.0,1975.0,1,999,2.0,1,40.0,24000.0,38,52.0,72,22000.0,400,1.0,1,2,3.0,0.0,2.0,5.0,2,4.0,1,65
0,220.0,45000.0,45000.0,32,45000.0,82,1.0,82,1.0,20.0,20,4.0,1.0,2,3,0,2.0,1,2.0,1000,3.0,0.0,3.0,2.0,1,2.0,0,3.0,2012.0,1,999,1.0,1,40.0,0.0,38,52.0,53,0.0,500,3.0,1,2,3.0,0.0,2.0,5.0,2,4.0,1,29
0,260.0,40000.0,40000.0,72,40000.0,87,1.0,32,1.0,16.0,22,6.0,1.0,2,5,0,2.0,1,2.0,1000,3.0,0.0,3.0,2.0,1,2.0,0,3.0,1995.0,1,999,1.0,1,50.0,0.0,17,52.0,39,0.0,500,1.0,1,2,3.0,0.0,2.0,5.0,2,4.0,1,30
0,118.0,18100.0,18100.0,31,18100.0,80,1.0,32,1.0,24.0,20,6.0,1.0,2,5,1,2.0,1,2.0,1000,3.0,0.0,3.0,2.0,1,2.0,0,3.0,1995.0,1,26,1.0,1,32.0,0.0,38,20.0,174,0.0,600,3.0,2,2,3.0,0.0,2.0,5.0,2,4.0,1,30
0,216.0,34000.0,34000.0,36,34000.0,83,1.0,939,1.0,16.0,20,6.0,1.0,2,5,0,2.0,1,2.0,1000,3.0,0.0,3.0,2.0,1,2.0,0,3.0,1995.0,1,999,2.0,1,40.0,0.0,38,52.0,21,0.0,200,3.0,1,2,3.0,0.0,2.0,5.0,2,4.0,1,26
0,292.0,34300.0,33000.0,47,33000.0,49,2.0,122,1.0,19.0,20,1.0,1.0,2,1,0,2.0,1,2.0,1000,3.0,0.0,2.0,2.0,1,2.0,0,1.0,2023.0,1,999,2.0,1,40.0,0.0,38,52.0,216,0.0,600,3.0,1,2,3.0,0.0,1.0,5.0,2,4.0,1,21
0,292.0,37000.0,37000.0,96,37000.0,63,1.0,902,1.0,18.0,21,1.0,1.0,2,1,0,2.0,2,2.0,3000,3.0,0.0,3.0,2.0,2,2.0,0,3.0,2023.0,0,999,1.0,1,45.0,0.0,38,52.0,202,0.0,600,3.0,1,2,3.0,0.0,1.0,5.0,2,4.0,1,20
0,347.0,54000.0,54000.0,37,54000.0,96,4.0,996,1.0,20.0,20,4.0,1.0,2,3,0,2.0,1,2.0,1000,3.0,0.0,3.0,2.0,1,2.0,0,3.0,2010.0,1,999,5.0,1,50.0,0.0,42,52.0,432,0.0,200,1.0,3,2,3.0,0.0,2.0,5.0,2,1.0,1,39
0,501.0,95000.0,95000.0,24,95000.0,78,1.0,24,1.0,22.0,20,1.0,1.0,2,1,0,2.0,1,2.0,1000,3.0,0.0,3.0,2.0,1,2.0,0,3.0,1998.0,1,995,3.0,1,40.0,0.0,27,52.0,95,0.0,200,1.0,1,2,3.0,0.0,2.0,5.0,2,4.0,1,53
0,501.0,10000.0,10000.0,63,10000.0,07,1.0,24,1.0,20.0,21,1.0,1.0,2,1,0,2.0,1,2.0,1000,3.0,0.0,3.0,2.0,1,2.0,0,3.0,1998.0,1,148,1.0,1,50.0,0.0,27,52.0,62,0.0,200,1.0,2,2,3.0,0.0,2.0,5.0,2,4.0,1,55
0,501.0,65000.0,65000.0,23,65000.0,78,1.0,82,1.0,21.0,20,1.0,1.0,2,1,0,2.0,1,2.0,1000,3.0,0.0,3.0,2.0,1,2.0,0,3.0,1996.0,1,32,3.0,1,40.0,0.0,38,40.0,29,0.0,400,1.0,2,2,3.0,0.0,2.0,5.0,2,4.0,1,49
0,501.0,80000.0,80000.0,48,75000.0,10,1.0,32,1.0,20.0,21,1.0,1.0,2,1,0,2.0,1,2.0,1000,3.0,0.0,3.0,2.0,1,2.0,0,3.0,1996.0,1,82,1.0,1,40.0,0.0,38,52.0,23,0.0,400,1.0,2,2,3.0,0.0,2.0,5.0,2,4.0,1,52
1,48.0,10000.0,10000.0,36,10000.0,89,1.0,26,1.0,16.0,20,4.0,1.0,2,3,0,2.0,1,2.0,1000,3.0,0.0,3.0,2.0,1,2.0,0,3.0,2012.0,1,98,1.0,1,35.0,0.0,30,52.0,129,0.0,400,1.0,2,2,3.0,0.0,2.0,5.0,2,4.0,1,42
0,501.0,30000.0,19000.0,51,19000.0,01,6.0,32,1.0,18.0,21,1.0,2.0,2,1,2,2.0,1,2.0,1000,2.0,0.0,2.0,2.0,1,2.0,0,2.0,1982.0,1,999,1.0,1,30.0,11000.0,38,10.0,21,0.0,200,1.0,1,2,3.0,0.0,2.0,5.0,2,4.0,1,65
0,294.0,30000.0,30000.0,45,30000.0,89,1.0,999,1.0,19.0,20,1.0,1.0,2,1,2,2.0,1,2.0,1000,3.0,0.0,3.0,2.0,1,2.0,0,3.0,2007.0,1,999,7.0,1,32.0,0.0,38,52.0,56,0.0,600,1.0,4,2,3.0,0.0,2.0,5.0,2,4.0,1,41
0,294.0,74100.0,74000.0,02,74000.0,07,1.0,999,1.0,16.0,21,1.0,1.0,2,1,1,2.0,1,2.0,1000,3.0,0.0,3.0,2.0,1,2.0,0,3.0,2007.0,1,999,1.0,1,40.0,0.0,46,52.0,61,100.0,600,1.0,4,2,3.0,0.0,2.0,5.0,2,4.0,1,41
0,294.0,3600.0,3600.0,42,0.0,92,1.0,999,1.0,16.0,25,6.0,1.0,2,5,0,2.0,1,2.0,1000,3.0,0.0,3.0,2.0,1,2.0,0,3.0,1995.0,1,999,6.0,1,20.0,0.0,38,52.0,178,0.0,600,1.0,4,2,3.0,0.0,2.0,5.0,2,4.0,1,18
0,501.0,93000.0,93000.0,72,93000.0,03,1.0,32,1.0,20.0,20,6.0,1.0,2,5,0,2.0,1,2.0,1000,3.0,0.0,3.0,2.0,1,2.0,0,3.0,1995.0,1,82,1.0,1,42.0,0.0,38,46.0,47,0.0,300,1.0,2,2,3.0,0.0,2.0,5.0,2,4.0,1,24
0,153.0,24000.0,0.0,42,0.0,69,6.0,82,3.0,20.0,20,4.0,2.0,2,3,1,2.0,1,2.0,1000,2.0,0.0,2.0,2.0,1,2.0,0,2.0,2005.0,1,999,1.0,1,40.0,24000.0,38,52.0,117,0.0,200,1.0,1,2,3.0,0.0,2.0,5.0,2,4.0,1,63
0,418.0,66000.0,64000.0,52,64000.0,95,1.0,32,1.0,21.0,20,6.0,1.0,2,5,0,2.0,1,2.0,1000,3.0,0.0,3.0,2.0,1,2.0,0,3.0,1995.0,1,148,5.0,1,40.0,0.0,38,52.0,182,2000.0,300,1.0,2,2,3.0,0.0,2.0,5.0,2,2.0,1,56
0,88.0,7800.0,7800.0,32,7800.0,81,1.0,720,1.0,22.0,20,1.0,1.0,2,1,0,2.0,6,2.0,4008,2.0,0.0,2.0,2.0,6,2.0,0,2.0,2017.0,0,999,4.0,4,48.0,0.0,233,52.0,156,0.0,600,2.0,1,2,3.0,0.0,2.0,5.0,2,4.0,1,33
0,88.0,9800.0,9800.0,33,9800.0,81,1.0,720,1.0,21.0,21,1.0,1.0,2,1,0,2.0,6,2.0,4008,2.0,0.0,2.0,2.0,6,2.0,0,2.0,2017.0,0,999,4.0,4,40.0,0.0,233,52.0,135,0.0,600,2.0,1,2,3.0,0.0,2.0,5.0,2,4.0,1,33
0,432.0,90000.0,90000.0,75,90000.0,04,1.0,32,1.0,16.0,20,6.0,1.0,2,5,0,2.0,1,2.0,1000,3.0,0.0,3.0,2.0,1,2.0,0,3.0,1995.0,1,50,1.0,1,99.0,0.0,27,52.0,122,0.0,100,1.0,2,2,3.0,0.0,2.0,5.0,2,4.0,1,28
1,0.0,0.0,0.0,46,0.0,84,6.0,32,2.0,16.0,22,6.0,2.0,2,5,0,2.0,1,2.0,1000,2.0,0.0,2.0,2.0,1,2.0,0,2.0,1995.0,1,89,2.0,1,40.0,0.0,27,52.0,90,0.0,100,3.0,2,2,3.0,0.0,2.0,5.0,2,4.0,1,24
0,501.0,180000.0,180000.0,31,180000.0,81,1.0,82,1.0,22.0,20,1.0,1.0,2,1,0,2.0,1,2.0,1000,3.0,0.0,3.0,2.0,1,2.0,0,3.0,2011.0,1,32,2.0,1,48.0,0.0,38,52.0,199,0.0,500,3.0,2,2,3.0,0.0,2.0,5.0,2,4.0,1,36
0,501.0,15000.0,15000.0,33,15000.0,81,1.0,32,1.0,21.0,21,1.0,1.0,2,1,0,2.0,1,2.0,1000,3.0,0.0,3.0,2.0,1,2.0,0,3.0,2011.0,1,999,2.0,1,16.0,0.0,38,52.0,338,0.0,500,3.0,1,2,3.0,0.0,2.0,5.0,2,4.0,1,35
0,321.0,130000.0,130000.0,28,130000.0,95,1.0,50,1.0,21.0,20,1.0,1.0,2,1,0,2.0,1,2.0,1000,3.0,0.0,3.0,2.0,1,2.0,0,3.0,2007.0,1,999,5.0,1,40.0,0.0,29,52.0,207,0.0,200,1.0,1,2,3.0,0.0,2.0,5.0,2,2.0,1,44
0,321.0,0.0,0.0,42,0.0,69,6.0,22,3.0,21.0,21,1.0,2.0,2,1,0,2.0,1,2.0,1000,2.0,0.0,2.0,2.0,1,2.0,0,2.0,2007.0,1,999,1.0,1,40.0,0.0,29,52.0,233,0.0,200,1.0,1,2,3.0,0.0,2.0,5.0,2,4.0,1,37
0,169.0,60170.0,60000.0,38,60000.0,96,4.0,995,1.0,21.0,20,1.0,1.0,2,1,0,2.0,29,2.0,9000,3.0,0.0,3.0,2.0,9,2.0,0,3.0,2008.0,1,999,5.0,1,40.0,0.0,51,52.0,37,170.0,500,1.0,3,2,3.0,0.0,2.0,5.0,2,1.0,1,38
0,169.0,60.0,0.0,42,0.0,69,6.0,995,3.0,21.0,21,1.0,2.0,2,1,0,2.0,29,2.0,9000,2.0,0.0,2.0,2.0,9,2.0,0,2.0,2008.0,1,999,1.0,1,40.0,0.0,26,52.0,42,60.0,500,1.0,3,2,3.0,0.0,2.0,5.0,2,4.0,1,38
0,358.0,45000.0,45000.0,52,45000.0,48,1.0,32,1.0,16.0,25,6.0,1.0,2,5,0,2.0,1,2.0,1000,3.0,0.0,3.0,2.0,1,2.0,0,3.0,1995.0,1,999,1.0,1,40.0,0.0,38,52.0,26,0.0,300,1.0,1,2,3.0,0.0,2.0,5.0,2,4.0,1,54
0,236.0,24000.0,24000.0,36,24000.0,82,1.0,82,1.0,18.0,20,1.0,1.0,2,1,0,2.0,1,2.0,1000,3.0,0.0,3.0,2.0,1,2.0,0,3.0,2022.0,1,32,1.0,1,32.0,0.0,38,52.0,28,0.0,100,1.0,2,2,3.0,0.0,1.0,5.0,2,4.0,1,34
0,236.0,23500.0,0.0,42,0.0,69,6.0,82,3.0,19.0,21,1.0,2.0,1,1,2,1.0,1,1.0,1000,2.0,0.0,2.0,1.0,1,1.0,0,2.0,2022.0,1,32,1.0,1,40.0,23500.0,38,52.0,12,0.0,100,1.0,2,2,3.0,0.0,1.0,5.0,1,4.0,1,33
0,422.0,100000.0,100000.0,01,100000.0,66,1.0,82,1.0,22.0,20,1.0,1.0,2,1,0,2.0,1,2.0,1000,3.0,0.0,3.0,2.0,1,2.0,0,3.0,2012.0,1,26,1.0,1,40.0,0.0,38,52.0,132,0.0,100,1.0,2,2,3.0,0.0,2.0,5.0,2,4.0,1,39
0,422.0,50000.0,50000.0,02,0.0,07,1.0,82,1.0,20.0,21,1.0,1.0,2,1,0,2.0,1,2.0,1000,3.0,0.0,3.0,2.0,1,2.0,0,3.0,2012.0,1,999,6.0,1,50.0,0.0,38,52.0,106,0.0,100,1.0,1,2,3.0,0.0,2.0,5.0,2,4.0,1,39
0,296.0,46000.0,46000.0,72,46000.0,87,1.0,32,1.0,20.0,20,6.0,1.0,2,5,0,2.0,1,2.0,1000,3.0,0.0,3.0,2.0,1,2.0,0,3.0,1995.0,1,999,1.0,1,45.0,0.0,27,52.0,144,0.0,300,3.0,1,2,3.0,0.0,2.0,5.0,2,4.0,1,21
0,501.0,90000.0,90000.0,15,90000.0,30,1.0,32,1.0,19.0,20,6.0,1.0,2,5,2,2.0,1,2.0,1000,2.0,0.0,2.0,2.0,1,2.0,0,2.0,1995.0,1,999,1.0,1,60.0,0.0,38,52.0,35,0.0,400,1.0,1,2,3.0,0.0,2.0,1.0,2,4.0,1,41
0,329.0,60000.0,60000.0,08,60000.0,86,1.0,32,1.0,21.0,20,1.0,1.0,2,1,0,2.0,1,2.0,1000,3.0,0.0,3.0,2.0,1,2.0,0,3.0,2013.0,1,82,1.0,1,45.0,0.0,27,52.0,166,0.0,500,1.0,2,2,3.0,0.0,2.0,5.0,2,4.0,1,40
0,329.0,40000.0,40000.0,32,40000.0,79,1.0,32,1.0,21.0,21,1.0,1.0,2,1,0,2.0,1,2.0,1000,3.0,0.0,3.0,2.0,1,2.0,0,3.0,2013.0,1,82,1.0,1,37.0,0.0,38,52.0,194,0.0,500,1.0,2,2,3.0,0.0,2.0,5.0,2,4.0,1,34
0,190.0,30000.0,30000.0,91,30000.0,42,1.0,999,1.0,20.0,20,6.0,1.0,2,5,0,2.0,6,2.0,4008,3.0,0.0,3.0,2.0,6,2.0,0,3.0,1995.0,0,999,1.0,4,45.0,0.0,233,52.0,46,0.0,300,3.0,4,2,3.0,0.0,2.0,5.0,2,4.0,1,21
0,19.0,3000.0,3000.0,42,3000.0,77,6.0,999,1.0,20.0,34,6.0,1.0,2,5,0,2.0,1,2.0,1000,3.0,0.0,3.0,2.0,1,2.0,0,3.0,1995.0,1,999,3.0,1,20.0,0.0,38,10.0,111,0.0,300,3.0,4,2,3.0,0.0,2.0,5.0,2,4.0,1,19
0,393.0,61000.0,61000.0,76,61000.0,44,1.0,51,1.0,19.0,20,4.0,1.0,1,3,0,2.0,1,2.0,1000,3.0,0.0,3.0,2.0,1,2.0,0,3.0,2017.0,1,50,1.0,1,55.0,0.0,34,52.0,182,0.0,100,3.0,2,1,3.0,0.0,2.0,5.0,2,4.0,1,53
0,501.0,76000.0,52000.0,32,52000.0,80,1.0,32,1.0,22.0,22,4.0,1.0,2,3,0,2.0,1,2.0,1000,3.0,0.0,3.0,2.0,1,2.0,0,3.0,1975.0,1,142,1.0,1,40.0,0.0,38,52.0,124,0.0,400,1.0,2,2,3.0,0.0,2.0,5.0,2,4.0,1,65
0,457.0,33000.0,33000.0,96,33000.0,29,1.0,32,1.0,16.0,25,6.0,1.0,1,5,0,2.0,1,2.0,1000,3.0,0.0,3.0,2.0,1,2.0,0,3.0,1995.0,1,142,1.0,1,36.0,0.0,38,52.0,49,0.0,400,1.0,2,1,3.0,0.0,2.0,5.0,2,4.0,1,41
0,328.0,50000.0,50000.0,47,50000.0,46,1.0,142,1.0,16.0,20,6.0,1.0,2,5,0,2.0,1,2.0,1000,3.0,0.0,3.0,2.0,1,2.0,0,3.0,1995.0,1,32,1.0,1,40.0,0.0,38,52.0,44,0.0,500,1.0,2,2,3.0,0.0,2.0,5.0,2,4.0,1,60
0,501.0,153000.0,145000.0,90,145000.0,78,1.0,32,1.0,22.0,20,1.0,1.0,2,1,0,2.0,1,2.0,1000,3.0,0.0,3.0,2.0,1,2.0,0,3.0,2008.0,1,999,4.0,1,40.0,0.0,27,52.0,441,8000.0,500,1.0,1,2,3.0,0.0,2.0,5.0,2,4.0,1,50
0,501.0,115000.0,115000.0,00,115000.0,78,1.0,32,1.0,22.0,21,1.0,1.0,2,1,0,2.0,1,2.0,1000,3.0,0.0,3.0,2.0,1,2.0,0,3.0,2008.0,1,999,4.0,1,40.0,0.0,55,52.0,162,0.0,500,1.0,1,2,3.0,0.0,2.0,5.0,2,4.0,1,35
0,234.0,14000.0,14000.0,49,14000.0,70,1.0,20,1.0,19.0,20,1.0,1.0,2,1,1,2.0,1,2.0,1000,3.0,0.0,3.0,2.0,1,2.0,0,3.0,2020.0,1,88,1.0,1,40.0,0.0,16,52.0,180,0.0,500,3.0,2,2,3.0,0.0,2.0,5.0,2,4.0,1,23
0,234.0,33100.0,33100.0,98,33100.0,97,4.0,999,1.0,19.0,21,1.0,1.0,2,1,0,2.0,1,2.0,1000,3.0,0.0,3.0,2.0,1,2.0,0,3.0,2020.0,1,999,5.0,1,40.0,0.0,16,52.0,210,0.0,500,3.0,4,2,3.0,0.0,2.0,5.0,2,1.0,1,23
0,225.0,21600.0,0.0,42,0.0,69,6.0,917,3.0,16.0,20,1.0,2.0,2,1,2,2.0,3,2.0,5024,2.0,0.0,2.0,2.0,3,2.0,1,2.0,2017.0,0,999,1.0,1,40.0,21600.0,38,52.0,21,0.0,500,3.0,1,2,3.0,0.0,2.0,5.0,2,2.0,1,64
0,225.0,44700.0,44700.0,88,44700.0,11,1.0,720,1.0,16.0,21,1.0,1.0,2,1,0,2.0,6,2.0,4008,3.0,0.0,3.0,2.0,6,2.0,0,3.0,2017.0,0,999,1.0,4,48.0,0.0,233,52.0,20,0.0,500,1.0,1,2,3.0,0.0,2.0,5.0,2,4.0,1,38
0,332.0,52000.0,52000.0,52,52000.0,73,1.0,32,1.0,16.0,20,6.0,1.0,2,5,0,2.0,1,2.0,1000,3.0,0.0,3.0,2.0,1,2.0,0,3.0,1995.0,1,22,5.0,1,40.0,0.0,53,52.0,47,0.0,500,1.0,2,2,3.0,0.0,2.0,5.0,2,2.0,1,25
1,178.0,60600.0,60000.0,46,60000.0,85,1.0,89,1.0,19.0,20,5.0,1.0,2,4,0,2.0,1,2.0,1000,3.0,0.0,3.0,2.0,1,2.0,0,3.0,2006.0,1,50,1.0,1,40.0,0.0,49,48.0,24,0.0,200,1.0,2,2,3.0,600.0,2.0,5.0,2,4.0,1,42
0,501.0,130000.0,130000.0,03,130000.0,82,1.0,32,1.0,21.0,20,4.0,1.0,2,3,2,2.0,1,2.0,1000,3.0,0.0,3.0,2.0,1,2.0,0,3.0,2000.0,1,82,2.0,1,50.0,0.0,38,52.0,26,0.0,400,1.0,2,2,3.0,0.0,2.0,5.0,2,4.0,1,49
0,501.0,3000.0,3000.0,96,0.0,88,6.0,32,1.0,16.0,25,6.0,2.0,1,5,2,1.0,1,2.0,1000,2.0,0.0,2.0,2.0,1,2.0,0,2.0,1995.0,1,82,6.0,1,5.0,0.0,38,5.0,2,0.0,400,1.0,2,2,3.0,0.0,2.0,5.0,2,4.0,1,18
0,179.0,5000.0,5000.0,36,5000.0,83,1.0,996,1.0,20.0,20,1.0,1.0,2,1,0,2.0,1,2.0,1000,3.0,0.0,3.0,2.0,1,2.0,0,3.0,2016.0,1,999,1.0,1,40.0,0.0,27,52.0,46,0.0,400,1.0,3,2,3.0,0.0,2.0,5.0,2,4.0,1,29
0,179.0,50000.0,50000.0,25,50000.0,44,1.0,999,1.0,20.0,21,1.0,1.0,2,1,0,2.0,1,2.0,1000,3.0,0.0,3.0,2.0,1,2.0,0,3.0,2016.0,1,999,1.0,1,45.0,0.0,8,52.0,60,0.0,400,1.0,4,2,3.0,0.0,2.0,5.0,2,4.0,1,42
0,394.0,60000.0,60000.0,57,60000.0,61,1.0,999,1.0,21.0,20,4.0,1.0,2,3,0,2.0,1,2.0,1000,3.0,0.0,3.0,2.0,1,2.0,0,3.0,2006.0,1,999,1.0,1,40.0,0.0,38,52.0,129,0.0,600,1.0,4,2,3.0,0.0,2.0,5.0,2,4.0,1,38
0,501.0,85000.0,85000.0,15,85000.0,95,1.0,82,1.0,20.0,20,1.0,1.0,2,1,0,2.0,1,2.0,1000,3.0,0.0,3.0,2.0,1,2.0,0,3.0,2001.0,1,999,4.0,1,40.0,0.0,38,52.0,101,0.0,300,1.0,1,2,3.0,0.0,2.0,5.0,2,4.0,1,60
0,501.0,25000.0,0.0,42,0.0,69,6.0,32,3.0,19.0,21,1.0,2.0,1,1,0,2.0,1,1.0,1000,2.0,0.0,2.0,2.0,1,2.0,0,2.0,2001.0,1,999,1.0,1,40.0,12000.0,38,52.0,109,0.0,300,1.0,1,2,3.0,0.0,2.0,5.0,2,4.0,1,53
0,303.0,50000.0,50000.0,71,50000.0,96,4.0,88,1.0,18.0,20,1.0,1.0,2,1,0,2.0,1,2.0,1000,3.0,0.0,3.0,2.0,1,2.0,0,3.0,2020.0,1,32,5.0,1,40.0,0.0,6,52.0,49,0.0,500,1.0,2,2,3.0,0.0,2.0,5.0,2,1.0,1,24
0,303.0,11000.0,11000.0,96,11000.0,53,6.0,32,1.0,18.0,21,1.0,2.0,2,1,0,2.0,1,2.0,1000,2.0,0.0,2.0,2.0,1,2.0,0,2.0,2020.0,1,94,1.0,1,28.0,0.0,24,38.0,43,0.0,500,1.0,2,2,3.0,0.0,2.0,5.0,2,4.0,1,23
0,501.0,120000.0,120000.0,02,120000.0,01,1.0,32,1.0,20.0,20,6.0,1.0,1,5,0,1.0,16,1.0,9000,3.0,0.0,3.0,2.0,9,2.0,0,3.0,1995.0,1,82,7.0,1,55.0,0.0,38,52.0,238,0.0,500,1.0,2,2,3.0,0.0,2.0,5.0,1,4.0,1,22
0,329.0,46900.0,48000.0,62,0.0,07,1.0,32,1.0,16.0,20,3.0,1.0,2,2,2,2.0,1,2.0,1000,3.0,0.0,3.0,2.0,1,2.0,0,3.0,1979.0,1,999,6.0,1,35.0,0.0,38,52.0,110,-1100.0,400,1.0,1,2,3.0,0.0,2.0,5.0,2,4.0,1,65
0,424.0,0.0,0.0,42,0.0,69,6.0,920,3.0,17.0,21,1.0,2.0,1,1,2,2.0,3,1.0,5013,2.0,0.0,2.0,1.0,3,1.0,1,2.0,1991.0,0,999,1.0,1,40.0,0.0,38,52.0,150,0.0,500,1.0,1,2,3.0,0.0,2.0,5.0,2,4.0,1,63
0,501.0,120000.0,120000.0,63,120000.0,07,1.0,82,1.0,16.0,20,1.0,1.0,2,1,0,2.0,1,2.0,1000,3.0,0.0,3.0,2.0,1,2.0,0,3.0,2008.0,1,88,1.0,1,50.0,0.0,38,48.0,24,0.0,100,1.0,2,2,3.0,0.0,2.0,5.0,2,4.0,1,62
0,501.0,85000.0,85000.0,33,85000.0,81,1.0,142,1.0,20.0,21,1.0,1.0,2,1,0,2.0,1,2.0,1000,3.0,0.0,3.0,2.0,1,2.0,0,3.0,2008.0,1,999,2.0,1,40.0,0.0,30,48.0,21,0.0,100,1.0,1,2,3.0,0.0,2.0,5.0,2,4.0,1,63
0,258.0,49600.0,16500.0,28,15000.0,78,1.0,999,1.0,24.0,20,1.0,1.0,2,1,0,2.0,1,2.0,1000,3.0,0.0,3.0,2.0,1,2.0,0,3.0,2001.0,1,999,4.0,1,45.0,0.0,38,12.0,137,0.0,600,1.0,4,2,3.0,17500.0,2.0,5.0,2,4.0,1,46
0,258.0,30000.0,30000.0,52,30000.0,02,1.0,999,1.0,24.0,21,1.0,1.0,2,1,0,2.0,1,2.0,1000,3.0,0.0,3.0,2.0,1,2.0,0,3.0,2001.0,1,999,1.0,1,60.0,0.0,38,52.0,95,0.0,600,1.0,4,2,3.0,0.0,2.0,5.0,2,4.0,1,46
0,501.0,151000.0,146000.0,04,146000.0,39,1.0,82,1.0,21.0,20,1.0,1.0,2,1,0,2.0,1,2.0,1000,3.0,0.0,3.0,2.0,1,2.0,0,3.0,2019.0,1,999,1.0,1,50.0,0.0,38,52.0,160,5000.0,600,1.0,1,2,3.0,0.0,2.0,5.0,2,4.0,1,36
0,501.0,62000.0,57000.0,31,57000.0,81,1.0,999,1.0,22.0,21,1.0,1.0,2,1,0,2.0,1,2.0,1000,3.0,0.0,3.0,2.0,1,2.0,0,3.0,2019.0,1,999,1.0,1,45.0,0.0,38,52.0,155,5000.0,600,1.0,4,2,3.0,0.0,2.0,5.0,2,4.0,1,36
0,501.0,86800.0,80000.0,02,10000.0,01,6.0,32,1.0,16.0,20,6.0,2.0,2,5,2,2.0,1,2.0,1000,2.0,0.0,2.0,2.0,1,2.0,0,2.0,1995.0,1,82,6.0,1,7.0,0.0,53,30.0,32,6800.0,400,1.0,2,2,3.0,0.0,2.0,1.0,2,4.0,1,64
0,501.0,33000.0,33000.0,23,33000.0,78,1.0,32,1.0,21.0,20,1.0,1.0,2,1,0,2.0,1,2.0,1000,3.0,0.0,3.0,2.0,1,2.0,0,3.0,2015.0,1,999,3.0,1,60.0,0.0,38,52.0,157,0.0,400,1.0,1,2,3.0,0.0,2.0,5.0,2,4.0,1,32
0,415.0,18800.0,18800.0,40,18800.0,84,1.0,996,1.0,20.0,20,1.0,1.0,2,1,0,2.0,1,2.0,1000,3.0,0.0,3.0,2.0,1,2.0,0,3.0,2009.0,1,999,1.0,1,20.0,0.0,38,52.0,185,0.0,300,1.0,3,2,3.0,0.0,2.0,5.0,2,4.0,1,36
0,415.0,105000.0,105000.0,32,105000.0,81,1.0,999,1.0,21.0,21,1.0,1.0,2,1,0,2.0,1,2.0,1000,3.0,0.0,3.0,2.0,1,2.0,0,3.0,2009.0,1,999,1.0,1,55.0,0.0,38,48.0,216,0.0,300,1.0,4,2,3.0,0.0,2.0,5.0,2,4.0,1,39
0,501.0,120000.0,120000.0,11,120000.0,05,1.0,999,1.0,21.0,20,6.0,1.0,2,5,2,2.0,3,2.0,5013,3.0,0.0,3.0,2.0,3,2.0,1,3.0,1995.0,0,999,1.0,1,50.0,0.0,35,52.0,165,0.0,300,1.0,4,2,3.0,0.0,2.0,5.0,2,4.0,1,38
0,304.0,63000.0,63000.0,11,63000.0,73,1.0,82,1.0,18.0,20,1.0,1.0,2,1,0,2.0,1,2.0,1000,3.0,0.0,3.0,2.0,1,2.0,0,3.0,1985.0,1,26,1.0,1,40.0,0.0,27,52.0,51,0.0,500,1.0,2,2,3.0,0.0,2.0,5.0,2,4.0,1,60
0,91.0,18170.0,18000.0,42,18000.0,86,1.0,917,1.0,18.0,20,5.0,1.0,1,4,0,2.0,3,2.0,5013,3.0,0.0,3.0,1.0,3,2.0,1,3.0,1994.0,0,32,1.0,1,40.0,0.0,17,52.0,74,0.0,400,1.0,2,1,3.0,170.0,2.0,5.0,1,4.0,1,56
0,91.0,400.0,0.0,42,0.0,69,6.0,999,3.0,1.0,25,6.0,1.0,2,5,0,2.0,3,2.0,5013,3.0,0.0,3.0,2.0,3,2.0,1,3.0,1995.0,0,999,1.0,1,40.0,0.0,5,52.0,66,0.0,400,1.0,4,2,3.0,400.0,2.0,5.0,2,4.0,1,35
0,325.0,50000.0,50000.0,55,50000.0,63,1.0,82,1.0,16.0,20,6.0,1.0,2,5,2,2.0,1,2.0,1000,3.0,0.0,3.0,2.0,1,2.0,0,3.0,1995.0,1,999,5.0,1,40.0,0.0,8,52.0,197,0.0,500,3.0,1,2,3.0,0.0,2.0,5.0,2,4.0,1,21
0,185.0,32000.0,32000.0,36,32000.0,79,1.0,32,1.0,20.0,20,1.0,1.0,2,1,2,2.0,1,2.0,1000,3.0,0.0,3.0,2.0,1,2.0,0,3.0,2007.0,1,82,1.0,1,37.0,0.0,38,52.0,19,0.0,500,1.0,2,2,3.0,0.0,2.0,5.0,2,4.0,1,35
0,185.0,40500.0,40000.0,60,40000.0,01,1.0,32,1.0,16.0,21,1.0,1.0,2,1,0,2.0,1,2.0,1000,3.0,0.0,3.0,2.0,1,2.0,0,3.0,2007.0,1,82,1.0,1,50.0,0.0,30,52.0,5,0.0,500,1.0,2,2,3.0,0.0,2.0,5.0,2,2.0,1,34
0,235.0,47000.0,47000.0,79,47000.0,27,1.0,32,1.0,17.0,20,4.0,1.0,2,3,0,2.0,1,2.0,1000,3.0,0.0,3.0,2.0,1,2.0,0,3.0,1987.0,1,82,1.0,1,40.0,0.0,27,52.0,14,0.0,500,1.0,2,2,3.0,0.0,2.0,5.0,2,4.0,1,60
0,235.0,0.0,0.0,42,0.0,76,6.0,32,2.0,17.0,25,6.0,2.0,2,5,0,2.0,1,2.0,1000,2.0,0.0,2.0,2.0,1,2.0,0,2.0,1995.0,1,999,1.0,1,40.0,0.0,27,52.0,6,0.0,500,1.0,1,2,3.0,0.0,2.0,5.0,2,4.0,1,35
0,19.0,3000.0,0.0,42,0.0,76,6.0,50,2.0,12.0,36,6.0,2.0,1,5,2,1.0,1,1.0,1000,2.0,0.0,2.0,1.0,1,2.0,0,2.0,1995.0,1,999,1.0,1,40.0,0.0,27,52.0,4,0.0,500,1.0,1,2,3.0,3000.0,2.0,5.0,2,4.0,1,47
0,501.0,125000.0,68000.0,36,68000.0,95,1.0,32,1.0,22.0,20,2.0,1.0,2,1,0,2.0,1,2.0,1000,3.0,0.0,3.0,2.0,1,2.0,0,3.0,2015.0,1,148,5.0,1,40.0,0.0,20,52.0,105,0.0,200,1.0,2,2,3.0,0.0,2.0,5.0,2,2.0,1,47
0,265.0,0.0,0.0,42,0.0,69,6.0,999,3.0,17.0,20,1.0,1.0,1,1,0,2.0,1,1.0,1000,3.0,0.0,3.0,2.0,1,2.0,0,3.0,1992.0,1,999,1.0,1,40.0,0.0,27,52.0,216,0.0,100,1.0,4,2,3.0,0.0,2.0,5.0,2,4.0,1,55
0,265.0,54000.0,54000.0,23,0.0,78,1.0,999,1.0,21.0,21,1.0,1.0,2,1,0,2.0,1,2.0,1000,3.0,0.0,3.0,2.0,1,2.0,0,3.0,1992.0,1,999,6.0,1,60.0,0.0,27,52.0,164,0.0,100,1.0,4,2,3.0,0.0,2.0,5.0,2,4.0,1,50
0,449.0,65000.0,65000.0,32,65000.0,81,1.0,935,1.0,21.0,20,1.0,1.0,2,1,0,2.0,17,2.0,9000,3.0,0.0,3.0,2.0,9,2.0,1,3.0,2011.0,1,24,2.0,1,40.0,0.0,38,52.0,207,0.0,400,1.0,2,2,3.0,0.0,2.0,5.0,2,4.0,1,38
0,449.0,45000.0,45000.0,62,45000.0,07,1.0,935,1.0,18.0,21,1.0,1.0,2,1,0,2.0,17,2.0,9000,3.0,0.0,3.0,2.0,9,2.0,1,3.0,2011.0,1,920,1.0,1,40.0,0.0,38,52.0,150,0.0,400,1.0,2,2,3.0,0.0,2.0,5.0,2,4.0,1,46
0,388.0,56500.0,37600.0,47,37600.0,53,1.0,32,1.0,16.0,20,4.0,1.0,2,3,0,2.0,1,2.0,1000,2.0,0.0,2.0,2.0,1,2.0,0,2.0,1973.0,1,94,1.0,1,40.0,0.0,38,52.0,32,0.0,200,1.0,2,2,2.0,0.0,2.0,5.0,2,4.0,1,65
0,189.0,58000.0,58000.0,34,55000.0,50,1.0,999,1.0,18.0,20,2.0,1.0,2,1,0,2.0,1,2.0,1000,3.0,0.0,3.0,2.0,1,2.0,0,3.0,2012.0,1,999,1.0,1,34.0,0.0,27,52.0,25,0.0,400,1.0,4,2,3.0,0.0,2.0,5.0,2,4.0,1,36
0,501.0,170000.0,170000.0,10,170000.0,73,1.0,32,1.0,21.0,20,1.0,1.0,2,1,0,2.0,1,2.0,1000,3.0,0.0,3.0,2.0,1,2.0,0,3.0,2004.0,1,999,1.0,1,40.0,0.0,12,52.0,118,0.0,400,1.0,1,2,3.0,0.0,2.0,5.0,2,4.0,1,53
0,501.0,143000.0,143000.0,14,143000.0,33,1.0,98,1.0,21.0,21,1.0,1.0,2,1,0,2.0,1,2.0,1000,3.0,0.0,3.0,2.0,1,2.0,0,3.0,2004.0,1,32,1.0,1,40.0,0.0,53,52.0,106,0.0,400,1.0,2,2,3.0,0.0,2.0,5.0,2,4.0,1,55
0,501.0,100000.0,100000.0,01,100000.0,60,1.0,32,1.0,22.0,21,1.0,1.0,2,1,0,2.0,1,2.0,1000,3.0,0.0,3.0,2.0,1,2.0,0,3.0,2021.0,1,999,1.0,1,40.0,0.0,19,52.0,169,0.0,500,1.0,1,2,3.0,0.0,2.0,5.0,2,4.0,1,33
0,501.0,55000.0,55000.0,36,55000.0,82,1.0,122,1.0,16.0,20,1.0,1.0,2,1,0,2.0,1,2.0,1000,3.0,0.0,3.0,2.0,1,2.0,0,3.0,2013.0,1,999,2.0,1,40.0,0.0,38,52.0,173,0.0,300,1.0,1,2,3.0,0.0,2.0,5.0,2,4.0,1,49
0,501.0,62000.0,62000.0,73,62000.0,83,1.0,122,1.0,17.0,21,1.0,1.0,2,1,0,2.0,1,2.0,1000,3.0,0.0,3.0,2.0,1,2.0,0,3.0,2013.0,1,999,2.0,1,40.0,0.0,38,52.0,189,0.0,300,1.0,1,2,3.0,0.0,2.0,5.0,2,4.0,1,59
0,130.0,20000.0,20000.0,47,20000.0,50,1.0,195,1.0,21.0,20,6.0,1.0,2,5,1,2.0,1,2.0,1000,3.0,0.0,3.0,2.0,1,2.0,0,3.0,1995.0,1,999,1.0,1,45.0,0.0,53,52.0,85,0.0,500,1.0,1,2,3.0,0.0,2.0,5.0,2,4.0,1,38
0,501.0,60000.0,60000.0,72,60000.0,46,1.0,32,1.0,18.0,20,6.0,1.0,2,5,0,2.0,1,2.0,1000,3.0,0.0,3.0,2.0,1,2.0,0,3.0,1995.0,1,999,1.0,1,42.0,0.0,38,52.0,43,0.0,300,1.0,1,2,3.0,0.0,2.0,5.0,2,4.0,1,37
0,501.0,100000.0,100000.0,73,100000.0,07,1.0,32,1.0,16.0,28,6.0,1.0,2,5,0,2.0,1,2.0,1000,3.0,0.0,3.0,2.0,1,2.0,0,3.0,1995.0,1,999,1.0,1,70.0,0.0,38,30.0,75,0.0,300,1.0,1,2,3.0,0.0,2.0,5.0,2,4.0,1,32
0,501.0,8000.0,8000.0,57,8000.0,79,1.0,82,1.0,21.0,21,1.0,1.0,2,1,0,2.0,1,2.0,1000,3.0,0.0,3.0,2.0,1,2.0,0,3.0,1999.0,1,88,1.0,1,25.0,0.0,38,20.0,47,0.0,600,1.0,2,2,3.0,0.0,2.0,5.0,2,4.0,1,48
0,96.0,34000.0,34000.0,34,34000.0,81,1.0,996,1.0,16.0,20,6.0,1.0,2,5,0,2.0,1,2.0,1000,3.0,0.0,3.0,2.0,1,2.0,0,3.0,1995.0,1,999,2.0,1,40.0,0.0,18,52.0,322,0.0,600,1.0,3,2,3.0,0.0,2.0,5.0,2,4.0,1,33
0,216.0,34000.0,34000.0,93,34000.0,87,1.0,996,1.0,16.0,34,6.0,1.0,2,5,0,2.0,1,2.0,1000,3.0,0.0,3.0,2.0,1,2.0,0,3.0,1995.0,1,999,1.0,1,40.0,0.0,48,52.0,481,0.0,600,1.0,3,2,3.0,0.0,2.0,5.0,2,4.0,1,38
0,431.0,65000.0,65000.0,32,65000.0,79,1.0,999,1.0,21.0,20,1.0,1.0,2,1,0,2.0,1,2.0,1000,3.0,0.0,3.0,2.0,1,2.0,0,3.0,2020.0,1,999,1.0,1,40.0,0.0,38,52.0,115,0.0,300,1.0,4,2,3.0,0.0,2.0,5.0,2,4.0,1,28
0,431.0,63000.0,63000.0,64,63000.0,20,1.0,999,1.0,19.0,21,1.0,1.0,2,1,0,2.0,1,2.0,1000,3.0,0.0,3.0,2.0,1,2.0,0,3.0,2020.0,1,999,1.0,1,50.0,0.0,30,52.0,153,0.0,300,1.0,4,2,3.0,0.0,2.0,5.0,2,4.0,1,33
0,314.0,43200.0,31000.0,02,0.0,01,1.0,32,1.0,16.0,20,1.0,1.0,2,1,1,2.0,1,2.0,1000,2.0,0.0,2.0,2.0,1,2.0,0,2.0,1978.0,1,50,6.0,1,40.0,0.0,38,52.0,26,12200.0,100,1.0,2,2,3.0,0.0,2.0,5.0,2,4.0,1,65
0,314.0,12400.0,2400.0,02,0.0,01,1.0,32,1.0,16.0,21,1.0,1.0,2,1,1,2.0,1,2.0,1000,3.0,0.0,3.0,2.0,1,2.0,0,3.0,1978.0,1,50,6.0,1,2.0,0.0,38,52.0,29,10000.0,100,1.0,2,2,3.0,0.0,2.0,5.0,2,4.0,1,64
0,317.0,49000.0,49000.0,47,49000.0,46,1.0,939,1.0,20.0,20,4.0,1.0,2,3,0,2.0,1,2.0,1000,3.0,0.0,3.0,2.0,1,2.0,0,3.0,2005.0,1,999,1.0,1,40.0,0.0,1,52.0,32,0.0,400,1.0,1,2,3.0,0.0,2.0,5.0,2,4.0,1,59
0,298.0,46000.0,46000.0,47,46000.0,53,1.0,939,1.0,17.0,22,3.0,1.0,2,2,0,2.0,1,2.0,1000,3.0,0.0,3.0,2.0,1,2.0,0,3.0,1989.0,1,999,1.0,1,52.0,0.0,45,52.0,29,0.0,400,1.0,1,2,3.0,0.0,2.0,5.0,2,4.0,1,59
0,185.0,0.0,0.0,42,0.0,69,6.0,32,3.0,21.0,20,1.0,2.0,2,1,2,2.0,1,2.0,1000,2.0,0.0,2.0,2.0,1,2.0,0,2.0,2015.0,1,999,1.0,1,40.0,0.0,38,52.0,45,0.0,400,3.0,1,2,3.0,0.0,2.0,5.0,2,4.0,1,33
0,185.0,67000.0,60000.0,02,0.0,01,1.0,32,1.0,20.0,21,1.0,1.0,2,1,2,2.0,1,2.0,1000,3.0,0.0,3.0,2.0,1,2.0,0,3.0,2015.0,1,999,6.0,1,60.0,0.0,38,52.0,306,7000.0,400,3.0,1,2,3.0,0.0,2.0,5.0,2,4.0,1,33
0,256.0,40000.0,40000.0,85,40000.0,38,1.0,32,1.0,18.0,20,6.0,1.0,2,5,0,2.0,1,2.0,1000,3.0,0.0,3.0,2.0,1,2.0,0,3.0,1995.0,1,290,1.0,1,45.0,0.0,38,44.0,242,0.0,500,3.0,2,2,3.0,0.0,2.0,5.0,2,4.0,1,28
0,112.0,17600.0,17000.0,96,7000.0,63,6.0,425,1.0,19.0,34,6.0,2.0,2,5,2,2.0,1,2.0,1000,2.0,0.0,2.0,2.0,1,2.0,0,2.0,1995.0,1,999,1.0,1,8.0,0.0,38,16.0,81,600.0,500,3.0,1,2,3.0,0.0,2.0,5.0,2,4.0,1,28
0,173.0,27000.0,27000.0,47,27000.0,51,1.0,50,1.0,19.0,34,6.0,1.0,2,5,2,2.0,1,2.0,1000,3.0,0.0,3.0,2.0,1,2.0,0,3.0,1995.0,1,999,1.0,1,32.0,0.0,38,52.0,108,0.0,500,1.0,1,2,3.0,0.0,2.0,5.0,2,4.0,1,25
0,501.0,103000.0,100000.0,16,100000.0,94,1.0,50,1.0,22.0,20,2.0,1.0,2,1,0,2.0,1,2.0,1000,3.0,0.0,3.0,2.0,1,2.0,0,3.0,2004.0,1,32,5.0,1,40.0,0.0,38,52.0,31,3000.0,400,1.0,2,2,3.0,0.0,2.0,5.0,2,4.0,1,51
0,256.0,40000.0,40000.0,02,0.0,01,1.0,32,1.0,19.0,20,1.0,1.0,2,1,1,2.0,1,2.0,1000,3.0,0.0,3.0,2.0,1,2.0,0,3.0,1997.0,1,995,6.0,1,70.0,0.0,38,52.0,50,0.0,400,1.0,1,2,3.0,0.0,2.0,5.0,2,4.0,1,46
0,256.0,17000.0,17000.0,32,17000.0,81,1.0,995,1.0,21.0,21,1.0,1.0,1,1,1,1.0,1,2.0,1000,3.0,0.0,3.0,2.0,1,2.0,0,3.0,1997.0,1,999,1.0,1,12.0,0.0,31,48.0,37,0.0,400,1.0,3,2,3.0,0.0,2.0,5.0,2,4.0,1,47
0,501.0,99000.0,99000.0,57,99000.0,19,1.0,32,1.0,19.0,20,1.0,1.0,2,1,0,2.0,1,2.0,1000,3.0,0.0,3.0,2.0,1,2.0,0,3.0,1987.0,1,999,1.0,1,45.0,0.0,27,52.0,33,0.0,400,1.0,1,2,3.0,0.0,2.0,5.0,2,4.0,1,60
0,501.0,62000.0,62000.0,86,62000.0,05,1.0,82,1.0,16.0,21,1.0,1.0,2,1,0,2.0,1,2.0,1000,3.0,0.0,3.0,2.0,1,2.0,0,3.0,1987.0,1,999,1.0,1,40.0,0.0,27,52.0,39,0.0,400,1.0,1,2,3.0,0.0,2.0,5.0,2,4.0,1,56
0,398.0,75000.0,75000.0,52,75000.0,66,1.0,142,1.0,19.0,20,1.0,1.0,2,1,0,2.0,1,2.0,1000,3.0,0.0,3.0,2.0,1,2.0,0,3.0,2008.0,1,8,2.0,1,40.0,0.0,27,52.0,172,0.0,100,1.0,2,2,3.0,0.0,2.0,5.0,2,4.0,1,56
0,398.0,4900.0,6000.0,52,6000.0,44,1.0,82,1.0,18.0,21,1.0,1.0,2,1,0,2.0,1,2.0,1000,3.0,0.0,3.0,2.0,1,2.0,0,3.0,2008.0,1,32,2.0,1,40.0,0.0,38,52.0,171,-1100.0,100,1.0,2,2,3.0,0.0,2.0,5.0,2,4.0,1,44
0,191.0,45000.0,45000.0,02,0.0,01,1.0,924,1.0,19.0,20,1.0,1.0,2,1,2,2.0,1,2.0,1000,3.0,0.0,3.0,2.0,1,2.0,0,3.0,2011.0,1,999,6.0,1,85.0,0.0,38,52.0,35,0.0,400,1.0,1,2,3.0,0.0,2.0,5.0,2,4.0,1,39
0,191.0,32400.0,24000.0,02,0.0,01,1.0,924,1.0,16.0,21,1.0,1.0,2,1,1,2.0,1,2.0,1000,3.0,0.0,3.0,2.0,1,2.0,0,3.0,2011.0,1,999,6.0,1,45.0,0.0,38,52.0,29,0.0,400,1.0,1,2,3.0,0.0,2.0,5.0,2,4.0,1,42
0,191.0,0.0,0.0,42,0.0,69,6.0,924,3.0,15.0,27,6.0,2.0,2,5,2,2.0,1,2.0,1000,2.0,0.0,2.0,2.0,1,2.0,0,2.0,1995.0,1,999,1.0,1,40.0,0.0,38,52.0,1,0.0,400,1.0,1,2,3.0,0.0,2.0,5.0,2,4.0,1,18
0,429.0,73000.0,73000.0,10,73000.0,81,1.0,999,1.0,21.0,20,1.0,1.0,2,1,0,2.0,1,2.0,1000,3.0,0.0,3.0,2.0,1,2.0,0,3.0,2015.0,1,999,2.0,1,40.0,0.0,27,52.0,227,0.0,500,1.0,4,2,3.0,0.0,2.0,5.0,2,4.0,1,32
0,429.0,55000.0,55000.0,47,55000.0,48,1.0,999,1.0,19.0,21,1.0,1.0,1,1,0,2.0,1,1.0,1000,3.0,0.0,3.0,2.0,1,2.0,0,3.0,2015.0,1,999,1.0,1,43.0,0.0,38,52.0,196,0.0,500,1.0,4,2,3.0,0.0,2.0,5.0,2,4.0,1,36
0,420.0,64000.0,64000.0,96,64000.0,45,1.0,999,1.0,15.0,20,6.0,1.0,2,5,0,2.0,1,2.0,1000,3.0,0.0,3.0,2.0,1,2.0,0,3.0,1995.0,1,999,1.0,1,52.0,0.0,46,48.0,24,0.0,400,3.0,4,2,3.0,0.0,2.0,5.0,2,4.0,1,26
0,229.0,35120.0,35100.0,28,35000.0,65,1.0,32,1.0,21.0,20,6.0,1.0,2,5,0,2.0,1,2.0,1000,3.0,0.0,3.0,2.0,1,2.0,0,3.0,1995.0,1,999,1.0,1,35.0,0.0,38,52.0,482,20.0,300,1.0,1,2,3.0,0.0,2.0,5.0,2,4.0,1,28
0,238.0,37000.0,37000.0,72,37000.0,87,1.0,32,1.0,20.0,20,6.0,1.0,2,5,1,2.0,1,2.0,1000,3.0,0.0,3.0,2.0,1,2.0,0,3.0,1995.0,1,999,1.0,1,40.0,0.0,38,52.0,25,0.0,400,1.0,1,2,3.0,0.0,2.0,5.0,2,4.0,1,36
0,472.0,0.0,0.0,42,0.0,69,6.0,999,3.0,16.0,21,1.0,1.0,2,1,0,2.0,1,2.0,1000,3.0,0.0,3.0,2.0,1,2.0,0,3.0,1999.0,1,999,1.0,1,40.0,0.0,38,52.0,31,0.0,400,1.0,4,2,3.0,0.0,2.0,5.0,2,4.0,1,61
0,326.0,52000.0,52000.0,09,52000.0,68,1.0,82,1.0,21.0,20,1.0,1.0,2,1,0,2.0,1,2.0,1000,3.0,0.0,3.0,2.0,1,2.0,0,3.0,2017.0,1,89,1.0,1,40.0,0.0,38,52.0,129,0.0,600,1.0,2,2,3.0,0.0,2.0,5.0,2,4.0,1,39
0,326.0,48000.0,48000.0,23,48000.0,78,1.0,82,1.0,22.0,21,1.0,1.0,2,1,0,2.0,1,2.0,1000,3.0,0.0,3.0,2.0,1,2.0,0,3.0,2017.0,1,32,3.0,1,40.0,0.0,38,38.0,125,0.0,600,1.0,2,2,3.0,0.0,2.0,5.0,2,4.0,1,38
0,501.0,47300.0,47300.0,89,47300.0,10,1.0,999,1.0,16.0,20,1.0,1.0,1,1,0,1.0,1,2.0,1000,3.0,0.0,3.0,2.0,1,2.0,0,3.0,2019.0,1,999,1.0,1,40.0,0.0,38,45.0,87,0.0,400,1.0,4,1,3.0,0.0,2.0,5.0,2,4.0,1,38
0,501.0,100000.0,100000.0,23,100000.0,30,1.0,999,1.0,21.0,23,1.0,1.0,2,1,0,2.0,1,2.0,1000,3.0,0.0,3.0,2.0,1,2.0,0,3.0,2019.0,1,999,1.0,1,40.0,0.0,38,52.0,89,0.0,400,1.0,4,2,3.0,0.0,2.0,5.0,2,4.0,1,49
0,404.0,63000.0,63000.0,55,63000.0,63,1.0,32,1.0,19.0,20,6.0,1.0,1,5,0,2.0,1,2.0,1000,3.0,0.0,3.0,2.0,1,2.0,0,3.0,1995.0,1,50,1.0,1,42.0,0.0,38,52.0,217,0.0,200,1.0,2,2,3.0,0.0,2.0,5.0,1,4.0,1,32
1,114.0,24000.0,24000.0,91,24000.0,63,1.0,211,1.0,17.0,20,2.0,1.0,1,1,0,1.0,15,2.0,8000,3.0,0.0,3.0,2.0,8,2.0,0,3.0,2019.0,0,999,1.0,1,30.0,0.0,31,52.0,804,0.0,100,1.0,1,2,3.0,0.0,2.0,5.0,2,4.0,2,28
0,332.0,20000.0,15000.0,02,15000.0,07,1.0,82,1.0,20.0,20,1.0,1.0,2,1,1,2.0,1,2.0,1000,3.0,0.0,3.0,2.0,1,2.0,0,3.0,2016.0,1,999,7.0,1,20.0,0.0,38,52.0,20,5000.0,500,1.0,1,2,3.0,0.0,2.0,5.0,2,4.0,1,37
0,332.0,110000.0,110000.0,02,60000.0,07,1.0,82,1.0,18.0,21,1.0,1.0,2,1,2,2.0,1,2.0,1000,3.0,0.0,3.0,2.0,1,2.0,0,3.0,2016.0,1,999,7.0,1,40.0,0.0,38,52.0,30,0.0,500,1.0,1,2,3.0,0.0,2.0,5.0,2,4.0,1,36
0,501.0,0.0,0.0,42,0.0,69,6.0,50,3.0,21.0,21,1.0,2.0,2,1,0,2.0,1,2.0,1000,2.0,0.0,2.0,2.0,1,2.0,0,2.0,1985.0,1,999,1.0,1,40.0,0.0,27,52.0,11,0.0,600,1.0,1,2,3.0,0.0,2.0,5.0,2,4.0,1,65
0,501.0,40000.0,40000.0,96,40000.0,44,3.0,32,1.0,17.0,25,6.0,2.0,2,5,0,2.0,1,2.0,1000,1.0,0.0,2.0,2.0,1,2.0,0,2.0,1995.0,1,999,1.0,1,50.0,0.0,38,44.0,25,0.0,600,1.0,1,2,3.0,0.0,2.0,1.0,2,4.0,1,34
0,280.0,73000.0,73000.0,19,57000.0,01,1.0,20,1.0,20.0,20,1.0,1.0,2,1,0,2.0,1,2.0,1000,3.0,0.0,3.0,2.0,1,2.0,0,3.0,2018.0,1,999,1.0,1,40.0,0.0,38,52.0,13,0.0,100,1.0,1,2,3.0,0.0,2.0,5.0,2,4.0,1,37
0,280.0,15000.0,15000.0,36,15000.0,81,1.0,995,1.0,16.0,21,1.0,1.0,2,1,0,2.0,29,2.0,9000,3.0,0.0,3.0,2.0,9,2.0,0,3.0,2018.0,1,999,1.0,1,32.0,0.0,38,26.0,14,0.0,100,1.0,3,2,3.0,0.0,2.0,5.0,2,4.0,1,38
0,280.0,0.0,0.0,42,0.0,69,6.0,32,3.0,16.0,27,6.0,2.0,2,5,0,2.0,1,2.0,1000,2.0,0.0,2.0,2.0,1,2.0,0,2.0,1995.0,1,999,1.0,1,40.0,0.0,38,52.0,9,0.0,100,1.0,1,2,3.0,0.0,2.0,5.0,2,4.0,1,18
0,89.0,14000.0,14000.0,32,14000.0,81,1.0,999,1.0,21.0,20,6.0,1.0,2,5,0,2.0,1,2.0,1000,3.0,0.0,3.0,2.0,1,2.0,0,3.0,1995.0,1,999,1.0,1,45.0,0.0,38,52.0,52,0.0,500,1.0,4,2,3.0,0.0,2.0,5.0,2,4.0,1,24
0,243.0,38000.0,38000.0,36,38000.0,92,1.0,20,1.0,20.0,34,6.0,1.0,2,5,0,2.0,1,2.0,1000,3.0,0.0,3.0,2.0,1,2.0,0,3.0,1995.0,1,89,1.0,1,12.0,0.0,27,52.0,23,0.0,500,1.0,2,2,3.0,0.0,2.0,5.0,2,4.0,1,29
0,89.0,14000.0,14000.0,01,14000.0,74,1.0,999,1.0,21.0,34,6.0,1.0,2,5,0,2.0,1,2.0,1000,3.0,0.0,3.0,2.0,1,2.0,0,3.0,1995.0,1,999,1.0,1,40.0,0.0,38,52.0,20,0.0,500,3.0,4,2,3.0,0.0,2.0,5.0,2,4.0,1,22
1,56.0,8900.0,0.0,42,0.0,69,6.0,999,3.0,16.0,20,6.0,1.0,1,5,0,1.0,1,2.0,1000,3.0,0.0,3.0,2.0,1,2.0,0,3.0,1995.0,1,999,1.0,1,40.0,8900.0,11,52.0,26,0.0,300,1.0,4,2,3.0,0.0,2.0,5.0,2,4.0,1,28
0,454.0,110000.0,110000.0,36,110000.0,81,1.0,541,1.0,16.0,20,5.0,1.0,2,4,0,2.0,2,2.0,3000,3.0,0.0,3.0,2.0,2,2.0,0,3.0,2001.0,0,999,1.0,6,50.0,0.0,429,52.0,912,0.0,600,3.0,1,2,3.0,0.0,2.0,5.0,2,4.0,1,42
0,323.0,38000.0,38000.0,82,38000.0,19,1.0,32,1.0,16.0,20,1.0,1.0,2,1,0,2.0,1,2.0,1000,3.0,0.0,3.0,2.0,1,2.0,0,3.0,2017.0,1,82,1.0,1,40.0,0.0,38,52.0,119,0.0,600,1.0,2,2,3.0,0.0,2.0,5.0,2,4.0,1,33
0,323.0,27000.0,27000.0,48,27000.0,81,1.0,32,1.0,18.0,21,1.0,1.0,2,1,0,2.0,1,2.0,1000,3.0,0.0,3.0,2.0,1,2.0,0,3.0,2017.0,1,82,1.0,1,40.0,0.0,38,52.0,103,0.0,600,1.0,2,2,3.0,0.0,2.0,5.0,2,4.0,1,32
0,207.0,27000.0,27000.0,52,27000.0,68,1.0,999,1.0,20.0,20,6.0,1.0,2,5,0,2.0,29,2.0,9000,3.0,0.0,3.0,2.0,9,2.0,0,3.0,1995.0,1,999,1.0,1,40.0,0.0,38,52.0,182,0.0,100,1.0,4,2,3.0,0.0,2.0,5.0,2,4.0,1,28
0,328.0,50000.0,50000.0,73,50000.0,70,1.0,32,1.0,21.0,20,6.0,1.0,2,5,0,2.0,1,2.0,1000,3.0,0.0,3.0,2.0,1,2.0,0,3.0,1995.0,1,999,1.0,1,40.0,0.0,38,52.0,195,0.0,600,1.0,1,2,3.0,0.0,2.0,5.0,2,4.0,1,41
0,501.0,34000.0,22000.0,47,22000.0,50,1.0,89,1.0,16.0,21,1.0,1.0,2,1,0,2.0,1,2.0,1000,3.0,0.0,3.0,2.0,1,2.0,0,3.0,1982.0,1,999,1.0,1,32.0,12000.0,38,52.0,14,0.0,400,1.0,1,2,3.0,0.0,2.0,5.0,2,4.0,1,64
0,240.0,38000.0,38000.0,37,38000.0,94,1.0,32,1.0,19.0,20,6.0,1.0,2,5,0,2.0,1,2.0,1000,3.0,0.0,3.0,2.0,1,2.0,0,3.0,1995.0,1,999,5.0,1,40.0,0.0,38,52.0,175,0.0,100,1.0,1,2,3.0,0.0,2.0,5.0,2,4.0,1,27
0,208.0,36200.0,36200.0,96,36200.0,10,1.0,32,1.0,20.0,21,1.0,1.0,2,1,0,2.0,1,2.0,1000,3.0,0.0,3.0,2.0,1,2.0,0,3.0,1991.0,1,999,1.0,1,40.0,0.0,38,52.0,125,0.0,600,1.0,1,2,3.0,0.0,2.0,5.0,2,4.0,1,62
0,36.0,5300.0,-6700.0,02,0.0,01,6.0,195,1.0,19.0,20,6.0,2.0,1,5,0,1.0,1,2.0,1000,2.0,0.0,2.0,2.0,1,2.0,0,2.0,1995.0,1,999,6.0,1,80.0,0.0,30,52.0,92,12000.0,100,1.0,1,2,3.0,0.0,2.0,5.0,1,4.0,1,65
0,307.0,48500.0,48500.0,62,48500.0,07,1.0,999,1.0,20.0,20,6.0,1.0,2,5,0,2.0,1,2.0,1000,3.0,0.0,3.0,2.0,1,2.0,0,3.0,1995.0,1,999,1.0,1,40.0,0.0,38,52.0,69,0.0,500,1.0,4,2,3.0,0.0,2.0,5.0,2,4.0,1,30
0,501.0,74000.0,74000.0,38,74000.0,94,1.0,996,1.0,21.0,20,1.0,1.0,2,1,0,2.0,1,2.0,1000,2.0,0.0,3.0,2.0,1,2.0,0,3.0,2010.0,1,999,4.0,1,40.0,0.0,27,52.0,18,0.0,600,3.0,3,2,3.0,0.0,2.0,5.0,2,4.0,1,39
0,501.0,51000.0,51000.0,23,51000.0,78,1.0,50,1.0,21.0,20,1.0,1.0,2,1,2,2.0,1,2.0,1000,3.0,0.0,3.0,2.0,1,2.0,0,3.0,2023.0,1,82,3.0,1,40.0,0.0,27,52.0,297,0.0,100,1.0,2,2,3.0,0.0,1.0,5.0,2,4.0,1,28
0,501.0,54000.0,54000.0,60,54000.0,01,1.0,32,1.0,21.0,21,1.0,1.0,2,1,2,2.0,1,2.0,1000,3.0,0.0,3.0,2.0,1,2.0,0,3.0,2023.0,1,82,5.0,1,40.0,0.0,27,52.0,294,0.0,100,1.0,2,2,3.0,0.0,1.0,5.0,2,4.0,1,28
0,285.0,86000.0,86000.0,68,86000.0,04,1.0,21,1.0,20.0,20,1.0,1.0,2,1,0,2.0,1,2.0,1000,3.0,0.0,3.0,2.0,1,2.0,0,3.0,2021.0,1,22,1.0,7,84.0,0.0,301,26.0,105,0.0,100,3.0,2,2,3.0,0.0,2.0,5.0,2,2.0,1,26
0,285.0,0.0,0.0,41,0.0,86,6.0,32,2.0,16.0,21,1.0,2.0,2,1,0,2.0,1,2.0,1000,2.0,0.0,2.0,2.0,1,2.0,0,2.0,2021.0,1,26,1.0,1,40.0,0.0,30,52.0,125,0.0,100,1.0,2,2,3.0,0.0,2.0,5.0,2,4.0,1,23
0,7.0,1200.0,1200.0,40,1200.0,86,1.0,999,1.0,16.0,20,6.0,1.0,2,5,0,2.0,1,2.0,1000,3.0,0.0,3.0,2.0,1,2.0,0,3.0,1995.0,1,999,1.0,1,8.0,0.0,6,40.0,272,0.0,300,1.0,4,2,3.0,0.0,2.0,5.0,2,4.0,1,34
0,386.0,35000.0,35000.0,42,35000.0,68,1.0,210,1.0,16.0,20,1.0,1.0,2,1,1,2.0,29,2.0,9000,2.0,0.0,2.0,2.0,9,2.0,0,2.0,2006.0,1,999,1.0,3,40.0,0.0,303,52.0,147,0.0,200,1.0,1,2,3.0,0.0,2.0,5.0,2,4.0,2,51
0,386.0,42000.0,42000.0,72,42000.0,46,1.0,290,1.0,16.0,21,1.0,1.0,2,1,0,2.0,29,2.0,9000,3.0,0.0,3.0,2.0,9,2.0,0,3.0,2006.0,1,999,1.0,3,45.0,0.0,313,52.0,213,0.0,200,1.0,1,2,3.0,0.0,2.0,5.0,2,4.0,7,51
0,356.0,55000.0,55000.0,63,55000.0,07,1.0,82,1.0,20.0,20,6.0,1.0,2,5,0,2.0,1,2.0,1000,3.0,0.0,3.0,2.0,1,2.0,0,3.0,1995.0,1,999,3.0,1,40.0,0.0,13,52.0,31,0.0,200,1.0,1,2,3.0,0.0,2.0,5.0,2,4.0,1,23
0,426.0,107000.0,105000.0,02,0.0,01,1.0,82,1.0,21.0,20,1.0,1.0,2,1,1,2.0,1,2.0,1000,3.0,0.0,3.0,2.0,1,2.0,0,3.0,2006.0,1,999,6.0,1,50.0,0.0,53,46.0,47,2000.0,600,1.0,1,2,3.0,0.0,2.0,5.0,2,4.0,1,50
0,426.0,12000.0,12000.0,23,12000.0,84,1.0,32,1.0,21.0,21,1.0,1.0,2,1,1,2.0,1,2.0,1000,3.0,0.0,3.0,2.0,1,2.0,0,3.0,2006.0,1,999,1.0,1,30.0,0.0,38,35.0,39,0.0,600,1.0,1,2,3.0,0.0,2.0,5.0,2,4.0,1,45
0,304.0,40000.0,40000.0,70,40000.0,96,4.0,51,1.0,19.0,20,1.0,1.0,2,1,0,2.0,1,2.0,1000,3.0,0.0,3.0,2.0,1,2.0,0,3.0,2022.0,1,5,5.0,1,40.0,0.0,16,52.0,173,0.0,200,3.0,2,2,3.0,0.0,1.0,5.0,2,1.0,1,21
0,304.0,20000.0,20000.0,43,20000.0,90,1.0,142,1.0,16.0,21,1.0,1.0,2,1,0,2.0,1,2.0,1000,3.0,0.0,3.0,2.0,1,2.0,0,3.0,2022.0,1,434,2.0,1,40.0,0.0,16,40.0,124,0.0,200,3.0,2,2,3.0,0.0,1.0,5.0,2,4.0,1,19
1,180.0,71300.0,50000.0,91,50000.0,07,3.0,50,1.0,19.0,20,1.0,2.0,1,1,0,1.0,1,2.0,1000,3.0,0.0,1.0,2.0,1,2.0,0,3.0,2019.0,1,999,1.0,1,70.0,0.0,18,40.0,96,0.0,600,3.0,1,2,1.0,0.0,2.0,1.0,2,3.0,1,40
1,180.0,0.0,0.0,42,0.0,69,6.0,82,3.0,17.0,21,1.0,2.0,1,1,0,2.0,1,2.0,1000,2.0,0.0,2.0,2.0,1,2.0,0,2.0,2019.0,1,999,1.0,1,40.0,0.0,38,52.0,94,0.0,600,3.0,1,2,3.0,0.0,2.0,5.0,1,4.0,1,41
0,501.0,62000.0,62000.0,23,62000.0,78,1.0,999,1.0,22.0,20,1.0,1.0,2,1,2,2.0,1,2.0,1000,3.0,0.0,3.0,2.0,1,2.0,0,3.0,2009.0,1,999,3.0,1,48.0,0.0,38,52.0,16,0.0,300,1.0,4,2,3.0,0.0,2.0,5.0,2,4.0,1,36
0,501.0,61000.0,61000.0,68,61000.0,04,1.0,999,1.0,21.0,21,1.0,1.0,2,1,0,2.0,1,2.0,1000,3.0,0.0,3.0,2.0,1,2.0,0,3.0,2009.0,1,999,3.0,5,50.0,0.0,110,52.0,19,0.0,300,1.0,4,2,3.0,0.0,2.0,5.0,2,4.0,1,38
0,501.0,6000.0,6000.0,41,6000.0,86,2.0,50,1.0,19.0,20,1.0,2.0,2,1,0,2.0,1,2.0,1000,3.0,0.0,2.0,2.0,1,2.0,0,1.0,1998.0,1,32,1.0,1,25.0,0.0,27,44.0,33,0.0,400,1.0,2,2,3.0,0.0,2.0,5.0,2,4.0,1,47
0,501.0,135000.0,135000.0,86,135000.0,05,1.0,32,1.0,18.0,21,1.0,1.0,2,1,0,2.0,1,2.0,1000,3.0,0.0,3.0,2.0,1,2.0,0,3.0,1998.0,1,88,1.0,1,60.0,0.0,38,46.0,29,0.0,400,1.0,2,2,3.0,0.0,2.0,5.0,2,4.0,1,47
0,501.0,23500.0,23500.0,21,23500.0,72,1.0,32,1.0,16.0,20,1.0,1.0,2,1,0,2.0,1,2.0,1000,3.0,0.0,3.0,2.0,1,2.0,0,3.0,2019.0,1,999,1.0,1,30.0,0.0,38,39.0,100,0.0,100,1.0,1,2,3.0,0.0,2.0,5.0,2,4.0,1,28
0,501.0,139000.0,139000.0,86,139000.0,20,1.0,142,1.0,17.0,21,1.0,1.0,2,1,0,2.0,1,2.0,1000,3.0,0.0,3.0,2.0,1,2.0,0,3.0,2019.0,1,999,1.0,1,40.0,0.0,38,52.0,91,0.0,100,1.0,1,2,3.0,0.0,2.0,5.0,2,4.0,1,31
0,501.0,150000.0,150000.0,02,0.0,01,1.0,32,1.0,18.0,20,2.0,1.0,2,1,2,2.0,1,2.0,1000,3.0,0.0,3.0,2.0,1,2.0,0,3.0,2016.0,1,999,6.0,1,99.0,0.0,38,52.0,171,0.0,300,1.0,1,2,3.0,0.0,2.0,5.0,2,4.0,1,47
0,501.0,0.0,0.0,46,0.0,84,6.0,26,2.0,20.0,20,1.0,2.0,2,1,0,2.0,1,2.0,1000,2.0,0.0,2.0,2.0,1,2.0,0,2.0,1983.0,1,32,4.0,1,40.0,0.0,38,52.0,25,0.0,200,3.0,2,2,3.0,0.0,2.0,5.0,2,4.0,1,58
0,501.0,113000.0,85000.0,77,85000.0,06,1.0,26,1.0,16.0,21,1.0,1.0,2,1,0,2.0,1,2.0,1000,3.0,0.0,3.0,2.0,1,2.0,0,3.0,1983.0,1,82,3.0,1,45.0,0.0,38,52.0,25,0.0,200,3.0,2,2,3.0,0.0,2.0,5.0,2,4.0,1,61
0,501.0,178000.0,178000.0,90,28000.0,02,1.0,999,1.0,16.0,20,6.0,1.0,2,5,1,2.0,1,2.0,1000,3.0,0.0,3.0,2.0,1,2.0,0,3.0,1995.0,1,999,7.0,1,50.0,0.0,38,52.0,40,0.0,400,3.0,4,2,3.0,0.0,2.0,5.0,2,4.0,1,46
0,501.0,10000.0,10000.0,40,10000.0,86,1.0,999,1.0,18.0,25,6.0,1.0,2,5,2,2.0,1,2.0,1000,3.0,0.0,3.0,2.0,1,2.0,0,3.0,1995.0,1,999,1.0,1,25.0,0.0,38,52.0,1,0.0,400,3.0,4,2,3.0,0.0,2.0,5.0,2,4.0,1,23
0,501.0,165000.0,165000.0,08,165000.0,72,1.0,32,1.0,23.0,20,1.0,1.0,2,1,0,2.0,1,2.0,1000,3.0,0.0,3.0,2.0,1,2.0,0,3.0,2003.0,1,999,1.0,5,40.0,0.0,110,52.0,118,0.0,500,3.0,1,2,3.0,0.0,2.0,5.0,2,4.0,1,42
0,501.0,15000.0,15000.0,47,0.0,51,1.0,51,1.0,18.0,21,1.0,1.0,2,1,0,2.0,1,2.0,1000,3.0,0.0,3.0,2.0,1,2.0,0,3.0,2003.0,1,84,6.0,1,30.0,0.0,32,26.0,139,0.0,500,3.0,2,2,3.0,0.0,2.0,5.0,2,4.0,1,40
0,501.0,7000.0,7000.0,40,7000.0,86,1.0,32,1.0,16.0,25,6.0,1.0,2,5,0,2.0,1,2.0,1000,3.0,0.0,3.0,2.0,1,2.0,0,3.0,1995.0,1,51,1.0,1,20.0,0.0,21,30.0,96,0.0,500,3.0,2,2,3.0,0.0,2.0,5.0,2,4.0,1,18
0,297.0,52000.0,50000.0,23,50000.0,78,1.0,82,1.0,23.0,20,1.0,1.0,2,1,0,2.0,1,2.0,1000,3.0,0.0,3.0,2.0,1,2.0,0,3.0,2007.0,1,935,4.0,1,40.0,0.0,38,52.0,29,2000.0,400,1.0,2,2,3.0,0.0,2.0,5.0,2,4.0,1,42
0,297.0,55000.0,55000.0,23,55000.0,78,1.0,920,1.0,21.0,21,1.0,1.0,2,1,0,2.0,3,2.0,5013,3.0,0.0,3.0,2.0,3,2.0,1,3.0,2007.0,0,999,4.0,1,40.0,0.0,38,52.0,53,0.0,400,1.0,1,2,3.0,0.0,2.0,5.0,2,4.0,1,43
0,145.0,23000.0,0.0,42,0.0,69,6.0,21,3.0,23.0,20,6.0,2.0,2,5,0,2.0,1,2.0,1000,2.0,0.0,2.0,2.0,1,2.0,0,2.0,1995.0,1,999,1.0,1,40.0,21400.0,53,52.0,99,1600.0,500,1.0,1,2,3.0,0.0,2.0,5.0,2,4.0,1,64
0,237.0,36700.0,2200.0,53,2200.0,67,1.0,999,1.0,19.0,20,3.0,1.0,1,2,0,2.0,1,1.0,1000,3.0,0.0,3.0,1.0,1,2.0,0,3.0,1989.0,1,999,2.0,1,4.0,26500.0,46,52.0,17,0.0,500,1.0,4,2,3.0,0.0,2.0,5.0,2,4.0,1,64
0,501.0,9700.0,6700.0,51,6700.0,01,1.0,939,1.0,21.0,20,1.0,1.0,2,1,2,2.0,1,2.0,1000,3.0,0.0,3.0,2.0,1,2.0,0,3.0,1986.0,1,999,1.0,1,60.0,0.0,38,52.0,19,3000.0,400,1.0,1,2,3.0,0.0,2.0,5.0,2,4.0,1,59
0,326.0,36000.0,36000.0,52,36000.0,85,1.0,32,1.0,22.0,20,1.0,1.0,2,1,1,2.0,1,2.0,1000,3.0,0.0,3.0,2.0,1,2.0,0,3.0,2000.0,1,999,1.0,1,40.0,0.0,55,52.0,25,0.0,600,1.0,1,2,3.0,0.0,2.0,5.0,2,3.0,1,55
0,326.0,48000.0,48000.0,07,48000.0,73,1.0,32,1.0,21.0,21,1.0,1.0,2,1,2,2.0,1,2.0,1000,3.0,0.0,3.0,2.0,1,2.0,0,3.0,2000.0,1,999,7.0,1,40.0,0.0,27,52.0,19,0.0,600,1.0,1,2,3.0,0.0,2.0,5.0,2,4.0,1,49
0,326.0,20000.0,20000.0,72,20000.0,46,1.0,999,1.0,21.0,25,6.0,1.0,2,5,2,2.0,1,2.0,1000,3.0,0.0,3.0,2.0,1,2.0,0,3.0,1995.0,1,999,1.0,1,30.0,0.0,38,52.0,25,0.0,600,1.0,4,2,3.0,0.0,2.0,5.0,2,4.0,1,21
0,346.0,90000.0,90000.0,02,90000.0,01,1.0,82,1.0,19.0,20,1.0,1.0,2,1,2,2.0,1,2.0,1000,3.0,0.0,3.0,2.0,1,2.0,0,3.0,2005.0,1,49,7.0,1,55.0,0.0,38,52.0,13,0.0,500,1.0,2,2,3.0,0.0,2.0,5.0,2,4.0,1,44
0,346.0,33000.0,33000.0,58,33000.0,01,1.0,88,1.0,21.0,21,1.0,1.0,2,1,2,2.0,1,2.0,1000,3.0,0.0,3.0,2.0,1,2.0,0,3.0,2005.0,1,26,1.0,1,30.0,0.0,38,52.0,21,0.0,500,1.0,2,2,3.0,0.0,2.0,5.0,2,4.0,1,41
0,501.0,130000.0,120000.0,02,0.0,01,1.0,82,1.0,19.0,25,4.0,1.0,2,3,0,2.0,1,2.0,1000,3.0,0.0,3.0,2.0,1,2.0,0,3.0,1995.0,1,32,6.0,1,70.0,0.0,46,52.0,13,10000.0,400,1.0,2,2,3.0,0.0,2.0,5.0,2,4.0,1,58
0,383.0,60000.0,60000.0,47,60000.0,48,1.0,32,1.0,19.0,20,4.0,1.0,1,3,0,2.0,1,2.0,1000,3.0,0.0,3.0,2.0,1,2.0,0,3.0,1992.0,1,999,1.0,1,40.0,0.0,38,52.0,42,0.0,200,1.0,1,2,3.0,0.0,2.0,5.0,1,4.0,1,63
0,258.0,40500.0,40500.0,20,40000.0,91,1.0,931,1.0,16.0,20,6.0,1.0,2,5,0,2.0,1,2.0,1000,3.0,0.0,3.0,2.0,1,2.0,0,3.0,1995.0,1,999,2.0,1,40.0,0.0,8,52.0,144,0.0,500,1.0,1,2,3.0,0.0,2.0,5.0,2,4.0,1,24
0,352.0,55000.0,55000.0,71,55000.0,35,1.0,32,1.0,19.0,20,4.0,1.0,2,3,0,2.0,1,2.0,1000,3.0,0.0,3.0,2.0,1,2.0,0,3.0,1990.0,1,82,1.0,1,55.0,0.0,27,52.0,26,0.0,500,1.0,2,2,3.0,0.0,2.0,5.0,2,4.0,1,56
0,501.0,82000.0,50000.0,10,50000.0,68,1.0,32,1.0,19.0,20,4.0,1.0,2,3,0,2.0,1,2.0,1000,3.0,0.0,3.0,2.0,1,2.0,0,3.0,2001.0,1,82,1.0,1,40.0,0.0,38,52.0,17,0.0,200,1.0,2,2,3.0,0.0,2.0,5.0,2,4.0,1,49
0,329.0,52000.0,52000.0,40,52000.0,86,1.0,32,1.0,16.0,20,6.0,1.0,2,5,2,2.0,1,2.0,1000,3.0,0.0,3.0,2.0,1,2.0,0,3.0,1995.0,1,999,1.0,1,38.0,0.0,8,52.0,163,0.0,300,3.0,1,2,3.0,0.0,2.0,5.0,2,4.0,1,26
0,469.0,48000.0,48000.0,32,48000.0,81,1.0,82,1.0,21.0,20,1.0,1.0,2,1,0,2.0,1,2.0,1000,3.0,0.0,3.0,2.0,1,2.0,0,3.0,1997.0,1,999,1.0,1,24.0,0.0,38,52.0,84,0.0,500,1.0,1,2,3.0,0.0,2.0,5.0,2,4.0,1,52
0,469.0,102000.0,90000.0,04,90000.0,95,1.0,89,1.0,21.0,21,1.0,1.0,2,1,0,2.0,1,2.0,1000,3.0,0.0,3.0,2.0,1,2.0,0,3.0,1997.0,1,999,5.0,1,40.0,0.0,36,52.0,57,0.0,500,1.0,1,2,3.0,0.0,2.0,5.0,2,2.0,1,58
0,469.0,24000.0,24000.0,60,24000.0,01,1.0,82,1.0,16.0,25,6.0,1.0,2,5,0,2.0,1,2.0,1000,3.0,0.0,3.0,2.0,1,2.0,0,3.0,1995.0,1,999,1.0,1,50.0,0.0,38,48.0,91,0.0,500,1.0,1,2,3.0,0.0,2.0,5.0,2,4.0,1,19
1,469.0,950.0,150.0,91,150.0,86,6.0,82,1.0,19.0,33,6.0,2.0,2,5,0,2.0,1,2.0,1000,2.0,0.0,2.0,2.0,1,2.0,0,2.0,1995.0,1,999,1.0,1,20.0,0.0,38,2.0,53,0.0,500,3.0,1,2,3.0,800.0,2.0,5.0,2,4.0,1,28
0,501.0,100000.0,100000.0,04,100000.0,04,1.0,98,1.0,18.0,21,1.0,1.0,2,1,2,2.0,1,2.0,1000,3.0,0.0,3.0,2.0,1,2.0,0,3.0,2014.0,1,22,1.0,1,40.0,0.0,53,52.0,42,0.0,100,1.0,2,2,3.0,0.0,2.0,5.0,2,3.0,1,39
0,501.0,0.0,0.0,42,0.0,69,6.0,680,3.0,16.0,27,6.0,2.0,2,5,0,2.0,93,2.0,9000,2.0,0.0,2.0,2.0,9,2.0,0,2.0,1995.0,1,615,1.0,1,40.0,0.0,53,52.0,51,0.0,100,1.0,2,2,3.0,0.0,2.0,5.0,2,4.0,1,18
1,501.0,7100.0,7100.0,74,7100.0,77,1.0,22,1.0,12.0,28,2.0,1.0,1,1,0,2.0,1,2.0,1000,3.0,0.0,3.0,2.0,1,2.0,0,3.0,1993.0,1,32,1.0,1,35.0,0.0,6,17.0,137,0.0,100,1.0,2,2,3.0,0.0,2.0,5.0,1,4.0,1,54
0,273.0,42000.0,42000.0,23,42000.0,78,1.0,999,1.0,22.0,22,4.0,1.0,2,3,2,2.0,1,2.0,1000,3.0,0.0,3.0,2.0,1,2.0,0,3.0,2019.0,1,999,3.0,1,40.0,0.0,38,52.0,18,0.0,200,1.0,4,2,3.0,0.0,2.0,5.0,2,4.0,1,23
0,227.0,36000.0,36000.0,53,36000.0,81,1.0,939,1.0,19.0,20,3.0,1.0,1,2,0,2.0,1,2.0,1000,1.0,0.0,2.0,2.0,1,2.0,0,2.0,2000.0,1,999,1.0,1,40.0,0.0,38,52.0,177,0.0,300,1.0,1,2,3.0,0.0,2.0,1.0,1,4.0,1,61
0,199.0,30900.0,12000.0,47,12000.0,48,6.0,999,1.0,20.0,20,4.0,1.0,1,3,0,1.0,1,2.0,1000,3.0,0.0,3.0,2.0,1,2.0,0,3.0,1998.0,1,999,1.0,1,24.0,18900.0,12,35.0,77,0.0,400,1.0,4,1,3.0,0.0,2.0,5.0,2,4.0,1,58
0,501.0,14100.0,14100.0,40,14100.0,78,1.0,50,1.0,16.0,20,1.0,1.0,2,1,2,2.0,1,2.0,1000,3.0,0.0,3.0,2.0,1,2.0,0,3.0,2002.0,1,999,3.0,1,25.0,0.0,53,40.0,163,0.0,200,1.0,1,2,3.0,0.0,2.0,5.0,2,4.0,1,46
0,501.0,15000.0,15000.0,52,15000.0,49,1.0,50,1.0,16.0,25,6.0,1.0,2,5,2,2.0,1,2.0,1000,3.0,0.0,3.0,2.0,1,2.0,0,3.0,1995.0,1,999,1.0,1,25.0,0.0,6,20.0,131,0.0,200,1.0,1,2,3.0,0.0,2.0,5.0,2,3.0,1,19
0,501.0,29000.0,29000.0,40,29000.0,86,1.0,50,1.0,16.0,25,6.0,1.0,2,5,2,2.0,1,2.0,1000,3.0,0.0,3.0,2.0,1,2.0,0,3.0,1995.0,1,999,1.0,1,40.0,0.0,6,52.0,129,0.0,200,1.0,1,2,3.0,0.0,2.0,5.0,2,4.0,1,19
0,418.0,65000.0,65000.0,89,65000.0,88,1.0,261,1.0,19.0,20,6.0,1.0,2,5,2,2.0,15,2.0,8000,3.0,0.0,3.0,2.0,8,2.0,0,3.0,1995.0,0,999,1.0,2,65.0,0.0,72,52.0,24,0.0,400,1.0,1,2,3.0,0.0,2.0,5.0,2,4.0,3,49
0,218.0,32200.0,0.0,77,0.0,05,6.0,82,2.0,21.0,20,1.0,2.0,2,1,0,2.0,1,2.0,1000,2.0,0.0,2.0,2.0,1,2.0,0,2.0,1982.0,1,999,1.0,1,40.0,25000.0,27,52.0,19,0.0,200,1.0,1,2,3.0,0.0,2.0,5.0,2,4.0,1,63
0,218.0,12000.0,0.0,47,0.0,47,6.0,32,2.0,20.0,21,1.0,2.0,2,1,0,2.0,1,2.0,1000,2.0,0.0,2.0,2.0,1,2.0,0,2.0,1982.0,1,999,7.0,1,40.0,12000.0,27,52.0,19,0.0,200,1.0,1,2,3.0,0.0,2.0,5.0,2,4.0,1,63
0,420.0,80100.0,80000.0,16,80000.0,94,1.0,999,1.0,21.0,20,1.0,1.0,2,1,2,2.0,1,2.0,1000,3.0,0.0,3.0,2.0,1,2.0,0,3.0,2021.0,1,999,5.0,1,40.0,0.0,38,52.0,32,100.0,400,1.0,4,2,3.0,0.0,2.0,5.0,2,4.0,1,33
0,420.0,20000.0,20000.0,53,0.0,23,1.0,999,1.0,17.0,21,1.0,1.0,2,1,2,2.0,1,2.0,1000,3.0,0.0,3.0,2.0,1,2.0,0,3.0,2021.0,1,999,6.0,1,20.0,0.0,30,52.0,103,0.0,400,1.0,4,2,3.0,0.0,2.0,5.0,2,4.0,1,21
0,258.0,25000.0,25000.0,23,25000.0,78,1.0,999,1.0,21.0,20,1.0,1.0,2,1,0,2.0,1,2.0,1000,3.0,0.0,3.0,2.0,1,2.0,0,3.0,2022.0,1,999,3.0,1,40.0,0.0,38,52.0,28,0.0,400,3.0,4,2,3.0,0.0,1.0,1.0,2,4.0,1,22
0,258.0,25700.0,25700.0,98,25700.0,97,4.0,999,1.0,16.0,21,1.0,1.0,2,1,0,2.0,1,2.0,1000,3.0,0.0,3.0,2.0,1,2.0,0,3.0,2022.0,1,999,5.0,1,40.0,0.0,38,52.0,31,0.0,400,3.0,4,2,3.0,0.0,1.0,1.0,2,1.0,1,22
0,367.0,56500.0,56500.0,50,55000.0,61,1.0,32,1.0,19.0,20,4.0,1.0,2,3,2,2.0,1,2.0,1000,3.0,0.0,3.0,2.0,1,2.0,0,3.0,1993.0,1,999,1.0,1,40.0,0.0,38,52.0,26,0.0,400,1.0,1,2,3.0,0.0,2.0,5.0,2,4.0,1,50
0,498.0,85000.0,85000.0,02,85000.0,01,1.0,32,1.0,19.0,20,1.0,1.0,2,1,0,2.0,1,2.0,1000,3.0,0.0,3.0,2.0,1,2.0,0,3.0,1993.0,1,999,1.0,1,42.0,0.0,38,52.0,61,0.0,300,1.0,1,2,3.0,0.0,2.0,5.0,2,4.0,1,50
0,498.0,25000.0,25000.0,08,25000.0,07,1.0,32,1.0,20.0,21,1.0,1.0,2,1,0,2.0,1,2.0,1000,3.0,0.0,3.0,2.0,1,2.0,0,3.0,1993.0,1,50,1.0,1,30.0,0.0,56,52.0,129,0.0,300,1.0,2,2,3.0,0.0,2.0,5.0,2,4.0,1,47
0,498.0,4000.0,4000.0,47,4000.0,49,1.0,999,1.0,19.0,25,6.0,1.0,2,5,0,2.0,1,2.0,1000,3.0,0.0,3.0,2.0,1,2.0,0,3.0,1995.0,1,999,1.0,1,21.0,0.0,38,40.0,111,0.0,300,1.0,4,2,3.0,0.0,2.0,5.0,2,4.0,1,23
0,501.0,80000.0,80000.0,02,80000.0,78,1.0,82,1.0,22.0,20,1.0,1.0,2,1,2,2.0,1,2.0,1000,3.0,0.0,3.0,2.0,1,2.0,0,3.0,2003.0,1,32,1.0,1,60.0,0.0,38,48.0,20,0.0,600,1.0,2,2,3.0,0.0,2.0,5.0,2,4.0,1,43
0,501.0,150000.0,150000.0,48,150000.0,75,1.0,32,1.0,18.0,21,1.0,1.0,2,1,2,2.0,1,2.0,1000,3.0,0.0,3.0,2.0,1,2.0,0,3.0,2003.0,1,999,7.0,1,50.0,0.0,38,50.0,22,0.0,600,1.0,1,2,3.0,0.0,2.0,5.0,2,4.0,1,44
0,477.0,42300.0,24000.0,51,24000.0,72,1.0,82,1.0,16.0,20,1.0,1.0,2,1,0,2.0,1,2.0,1000,2.0,0.0,2.0,2.0,1,2.0,0,2.0,1978.0,1,89,1.0,1,40.0,10800.0,55,52.0,135,0.0,300,1.0,2,2,3.0,0.0,2.0,5.0,2,4.0,1,65
0,501.0,15000.0,15000.0,55,15000.0,63,1.0,32,1.0,18.0,20,1.0,1.0,2,1,0,2.0,1,2.0,1000,3.0,0.0,3.0,2.0,1,2.0,0,3.0,1995.0,1,82,5.0,1,30.0,0.0,38,52.0,21,0.0,500,1.0,2,2,3.0,0.0,2.0,5.0,2,4.0,1,52
0,501.0,100000.0,100000.0,73,100000.0,07,1.0,82,1.0,16.0,21,1.0,1.0,2,1,0,2.0,1,2.0,1000,3.0,0.0,3.0,2.0,1,2.0,0,3.0,1995.0,1,88,1.0,1,60.0,0.0,38,52.0,29,0.0,500,1.0,2,2,3.0,0.0,2.0,5.0,2,4.0,1,59
0,501.0,85000.0,85000.0,32,85000.0,82,1.0,32,1.0,21.0,20,1.0,1.0,2,1,0,2.0,1,2.0,1000,3.0,0.0,3.0,2.0,1,2.0,0,3.0,1995.0,1,148,2.0,1,60.0,0.0,38,52.0,48,0.0,300,1.0,2,2,3.0,0.0,2.0,5.0,2,4.0,1,49
0,501.0,75000.0,75000.0,96,75000.0,75,1.0,32,1.0,21.0,21,1.0,1.0,2,1,0,2.0,1,2.0,1000,3.0,0.0,3.0,2.0,1,2.0,0,3.0,1995.0,1,148,1.0,1,50.0,0.0,38,52.0,29,0.0,300,1.0,2,2,3.0,0.0,2.0,5.0,2,4.0,1,49
0,501.0,37900.0,37900.0,51,37900.0,68,1.0,32,1.0,20.0,25,6.0,1.0,2,5,0,2.0,1,2.0,1000,3.0,0.0,3.0,2.0,1,2.0,0,3.0,1995.0,1,148,1.0,1,40.0,0.0,38,52.0,40,0.0,300,1.0,2,2,3.0,0.0,2.0,5.0,2,4.0,1,24
0,501.0,85000.0,85000.0,48,85000.0,42,1.0,32,1.0,21.0,20,1.0,1.0,2,1,0,2.0,1,2.0,1000,3.0,0.0,3.0,2.0,1,2.0,0,3.0,2001.0,1,112,1.0,1,45.0,0.0,38,52.0,44,0.0,400,1.0,2,2,3.0,0.0,2.0,5.0,2,4.0,1,45
0,501.0,35000.0,35000.0,47,35000.0,46,1.0,50,1.0,18.0,21,1.0,1.0,2,1,0,2.0,1,2.0,1000,3.0,0.0,3.0,2.0,1,2.0,0,3.0,2001.0,1,999,1.0,1,40.0,0.0,48,52.0,44,0.0,400,1.0,1,2,3.0,0.0,2.0,5.0,2,4.0,1,48
0,307.0,50000.0,50000.0,02,0.0,01,1.0,82,1.0,19.0,20,1.0,1.0,2,1,2,2.0,1,2.0,1000,2.0,0.0,2.0,2.0,1,2.0,0,2.0,2004.0,1,999,6.0,1,60.0,0.0,38,52.0,17,0.0,500,1.0,1,2,3.0,0.0,2.0,5.0,2,4.0,1,61
0,307.0,12000.0,0.0,60,0.0,01,6.0,89,2.0,19.0,21,1.0,2.0,2,1,2,2.0,1,2.0,1000,2.0,0.0,2.0,2.0,1,2.0,0,2.0,2004.0,1,999,8.0,1,40.0,12000.0,38,52.0,16,0.0,500,1.0,1,2,3.0,0.0,2.0,5.0,2,4.0,1,64
1,153.0,23800.0,23800.0,87,23800.0,39,3.0,26,1.0,20.0,20,4.0,2.0,1,3,0,1.0,1,2.0,1000,1.0,0.0,2.0,2.0,1,2.0,0,2.0,2009.0,1,50,1.0,1,40.0,0.0,42,26.0,778,0.0,600,3.0,2,2,3.0,0.0,2.0,1.0,2,4.0,1,48
0,501.0,47200.0,47200.0,57,46000.0,94,1.0,32,1.0,20.0,20,1.0,1.0,2,1,0,2.0,1,2.0,1000,3.0,0.0,3.0,2.0,1,2.0,0,3.0,1986.0,1,82,3.0,1,37.0,0.0,38,52.0,29,0.0,200,1.0,2,2,3.0,0.0,2.0,5.0,2,4.0,1,58
0,501.0,55000.0,55000.0,62,55000.0,07,1.0,50,1.0,16.0,21,1.0,1.0,2,1,0,2.0,1,2.0,1000,3.0,0.0,3.0,2.0,1,2.0,0,3.0,1986.0,1,32,1.0,1,45.0,0.0,38,52.0,23,0.0,200,1.0,2,2,3.0,0.0,2.0,5.0,2,4.0,1,64
0,501.0,60000.0,60000.0,09,60000.0,68,1.0,32,1.0,21.0,25,6.0,1.0,2,5,0,2.0,1,2.0,1000,3.0,0.0,3.0,2.0,1,2.0,0,3.0,1995.0,1,82,1.0,1,40.0,0.0,38,52.0,4,0.0,200,1.0,2,2,3.0,0.0,2.0,5.0,2,4.0,1,26
0,501.0,89400.0,64000.0,91,64000.0,38,1.0,996,1.0,20.0,20,4.0,1.0,2,3,0,2.0,1,2.0,1000,3.0,0.0,3.0,2.0,1,2.0,0,3.0,2007.0,1,999,1.0,1,40.0,0.0,8,52.0,126,25400.0,600,3.0,3,2,3.0,0.0,2.0,5.0,2,4.0,1,36
0,501.0,59000.0,59000.0,50,59000.0,94,1.0,82,1.0,19.0,20,1.0,1.0,2,1,0,2.0,1,2.0,1000,3.0,0.0,3.0,2.0,1,2.0,0,3.0,1994.0,1,24,3.0,1,40.0,0.0,38,52.0,64,0.0,400,1.0,2,2,3.0,0.0,2.0,5.0,2,4.0,1,50
0,501.0,105000.0,105000.0,01,105000.0,30,1.0,917,1.0,21.0,21,1.0,1.0,2,1,0,2.0,3,2.0,5013,3.0,0.0,3.0,2.0,3,2.0,1,3.0,1994.0,0,82,1.0,1,40.0,0.0,38,52.0,122,0.0,400,1.0,2,2,3.0,0.0,2.0,5.0,2,4.0,1,51
0,189.0,52000.0,52000.0,20,52000.0,91,1.0,939,1.0,19.0,20,1.0,1.0,2,1,0,2.0,1,2.0,1000,3.0,0.0,3.0,2.0,1,2.0,0,3.0,2008.0,1,999,2.0,1,45.0,0.0,53,52.0,42,0.0,200,1.0,1,2,3.0,0.0,2.0,5.0,2,4.0,1,37
0,189.0,6500.0,6500.0,42,6500.0,91,1.0,939,1.0,19.0,21,1.0,1.0,2,1,0,2.0,1,2.0,1000,3.0,0.0,3.0,2.0,1,2.0,0,3.0,2008.0,1,999,2.0,1,5.0,0.0,38,52.0,40,0.0,200,1.0,1,2,3.0,0.0,2.0,5.0,2,4.0,1,38
0,501.0,84000.0,73000.0,63,73000.0,07,1.0,32,1.0,16.0,20,4.0,1.0,2,3,0,2.0,1,2.0,1000,3.0,0.0,3.0,2.0,1,2.0,0,3.0,1980.0,1,22,3.0,1,42.0,0.0,38,52.0,14,11000.0,500,1.0,2,2,3.0,0.0,2.0,5.0,2,4.0,1,64
0,501.0,65000.0,65000.0,47,65000.0,47,1.0,924,1.0,19.0,20,1.0,1.0,2,1,0,2.0,1,2.0,1000,3.0,0.0,3.0,2.0,1,2.0,0,3.0,2010.0,1,82,1.0,1,50.0,0.0,38,47.0,75,0.0,500,1.0,2,2,3.0,0.0,2.0,5.0,2,4.0,1,38
0,501.0,53000.0,51000.0,20,51000.0,94,1.0,32,1.0,21.0,21,1.0,1.0,2,1,0,2.0,1,2.0,1000,2.0,0.0,2.0,2.0,1,2.0,0,2.0,2010.0,1,999,3.0,1,40.0,0.0,38,41.0,88,0.0,500,1.0,1,2,3.0,0.0,2.0,5.0,2,2.0,1,43
0,412.0,9600.0,9000.0,42,9000.0,86,3.0,999,1.0,16.0,25,6.0,2.0,1,5,0,2.0,1,2.0,1000,1.0,0.0,2.0,2.0,1,2.0,0,2.0,1995.0,1,999,1.0,1,30.0,0.0,53,20.0,15,0.0,500,1.0,4,1,3.0,0.0,2.0,1.0,1,4.0,1,42
0,389.0,30000.0,30000.0,58,30000.0,82,1.0,570,1.0,20.0,20,4.0,1.0,2,3,0,2.0,16,2.0,9000,3.0,0.0,3.0,2.0,9,2.0,0,3.0,2012.0,1,999,1.0,6,40.0,0.0,449,52.0,54,0.0,400,1.0,1,2,3.0,0.0,2.0,5.0,2,4.0,1,60
0,389.0,48000.0,48000.0,91,48000.0,48,1.0,570,1.0,16.0,25,6.0,1.0,2,5,0,2.0,16,2.0,9000,3.0,0.0,3.0,2.0,9,2.0,0,3.0,1995.0,1,999,1.0,6,99.0,0.0,449,52.0,16,0.0,400,1.0,1,2,3.0,0.0,2.0,5.0,2,4.0,1,27
0,126.0,20000.0,20000.0,49,0.0,70,1.0,32,1.0,21.0,20,6.0,1.0,1,5,0,2.0,1,2.0,1000,3.0,0.0,3.0,2.0,1,2.0,0,3.0,1995.0,1,999,6.0,1,50.0,0.0,38,52.0,747,0.0,300,1.0,1,2,3.0,0.0,2.0,5.0,1,4.0,1,47
0,501.0,132000.0,132000.0,10,132000.0,30,1.0,40,1.0,21.0,20,1.0,1.0,2,1,0,2.0,1,2.0,1000,3.0,0.0,3.0,2.0,1,2.0,0,3.0,2010.0,1,999,1.0,1,40.0,0.0,38,52.0,255,0.0,300,3.0,1,2,3.0,0.0,2.0,5.0,2,4.0,1,36
0,501.0,68000.0,68000.0,11,68000.0,30,1.0,187,1.0,22.0,21,1.0,1.0,2,1,0,2.0,1,2.0,1000,3.0,0.0,3.0,2.0,1,2.0,0,3.0,2010.0,1,999,1.0,1,40.0,0.0,30,52.0,193,0.0,300,3.0,1,2,3.0,0.0,2.0,5.0,2,4.0,1,37
0,501.0,50000.0,50000.0,20,50000.0,83,1.0,32,1.0,21.0,21,1.0,1.0,2,1,1,2.0,1,2.0,1000,2.0,0.0,2.0,2.0,1,2.0,0,2.0,2019.0,1,999,3.0,1,40.0,0.0,38,52.0,22,0.0,400,1.0,1,2,2.0,0.0,2.0,3.0,2,4.0,1,31
0,120.0,24800.0,24800.0,33,24800.0,81,1.0,999,1.0,18.0,20,6.0,1.0,2,5,0,2.0,1,2.0,1000,3.0,0.0,3.0,2.0,1,2.0,0,3.0,1995.0,1,999,1.0,1,38.0,0.0,30,52.0,121,0.0,100,1.0,4,2,3.0,0.0,2.0,5.0,2,4.0,1,35
0,212.0,33000.0,33000.0,55,33000.0,63,1.0,999,1.0,18.0,36,6.0,1.0,2,5,0,2.0,1,2.0,1000,3.0,0.0,3.0,2.0,1,2.0,0,3.0,1995.0,1,999,1.0,1,40.0,0.0,27,52.0,301,0.0,100,1.0,4,2,3.0,0.0,2.0,5.0,2,4.0,1,40
0,501.0,89000.0,83000.0,22,83000.0,78,1.0,553,1.0,24.0,21,1.0,1.0,2,1,0,2.0,2,2.0,3000,3.0,0.0,3.0,2.0,2,2.0,0,3.0,1984.0,0,999,4.0,6,98.0,6000.0,440,52.0,180,0.0,600,1.0,1,2,3.0,0.0,2.0,5.0,2,4.0,1,65
0,248.0,38000.0,20000.0,02,0.0,01,1.0,999,1.0,21.0,20,6.0,1.0,1,5,0,2.0,1,2.0,1000,3.0,0.0,3.0,2.0,1,2.0,0,3.0,1995.0,1,999,6.0,1,40.0,0.0,38,52.0,55,0.0,400,1.0,4,1,3.0,0.0,2.0,5.0,2,4.0,1,27
0,148.0,22700.0,22700.0,41,22700.0,86,1.0,931,1.0,19.0,20,6.0,1.0,1,5,0,1.0,1,1.0,1000,3.0,0.0,3.0,2.0,1,2.0,0,3.0,1995.0,1,999,1.0,1,32.0,0.0,38,2.0,197,0.0,300,1.0,1,2,3.0,0.0,2.0,5.0,2,4.0,1,19
0,343.0,82000.0,82000.0,73,82000.0,10,1.0,82,1.0,16.0,20,1.0,1.0,2,1,0,2.0,1,2.0,1000,3.0,0.0,3.0,2.0,1,2.0,0,3.0,2023.0,1,89,1.0,1,40.0,0.0,38,52.0,22,0.0,500,1.0,2,2,3.0,0.0,1.0,5.0,2,4.0,1,27
0,343.0,0.0,0.0,47,0.0,51,6.0,82,2.0,18.0,21,1.0,2.0,2,1,0,2.0,1,2.0,1000,2.0,0.0,2.0,2.0,1,2.0,0,2.0,2023.0,1,89,1.0,1,40.0,0.0,38,52.0,33,0.0,500,1.0,2,2,3.0,0.0,1.0,5.0,2,4.0,1,25
0,423.0,65800.0,55000.0,08,55000.0,69,1.0,82,1.0,21.0,20,4.0,1.0,2,3,2,2.0,1,2.0,1000,3.0,0.0,3.0,2.0,1,2.0,0,3.0,2011.0,1,32,7.0,1,40.0,0.0,38,52.0,17,10800.0,400,1.0,2,2,3.0,0.0,2.0,5.0,2,4.0,1,33
0,234.0,30000.0,30000.0,57,30000.0,78,1.0,211,1.0,19.0,20,2.0,1.0,2,1,0,2.0,15,2.0,8000,3.0,0.0,3.0,2.0,8,2.0,0,3.0,2022.0,0,999,2.0,1,40.0,0.0,48,52.0,52,0.0,500,1.0,1,2,3.0,0.0,1.0,5.0,2,4.0,2,41
0,234.0,40000.0,40000.0,36,40000.0,81,1.0,999,1.0,16.0,25,6.0,1.0,2,5,0,2.0,15,2.0,8000,3.0,0.0,3.0,2.0,8,2.0,0,3.0,1995.0,0,999,2.0,3,32.0,0.0,364,52.0,18,0.0,500,3.0,4,2,3.0,0.0,2.0,5.0,2,4.0,2,21
0,370.0,57000.0,57000.0,77,57000.0,30,1.0,32,1.0,16.0,20,6.0,1.0,2,5,0,2.0,1,2.0,1000,3.0,0.0,3.0,2.0,1,2.0,0,3.0,1995.0,1,50,1.0,1,50.0,0.0,27,52.0,53,0.0,400,1.0,2,2,3.0,0.0,2.0,5.0,2,4.0,1,23
0,309.0,55000.0,55000.0,72,55000.0,46,1.0,88,1.0,20.0,20,1.0,1.0,2,1,0,2.0,1,2.0,1000,3.0,0.0,3.0,2.0,1,2.0,0,3.0,2019.0,1,999,1.0,1,80.0,0.0,48,52.0,86,0.0,500,3.0,1,2,3.0,0.0,2.0,5.0,2,2.0,1,31
0,309.0,40000.0,40000.0,46,40000.0,84,1.0,210,1.0,16.0,21,1.0,1.0,2,1,0,2.0,15,2.0,8000,3.0,0.0,3.0,2.0,8,2.0,0,3.0,2019.0,0,999,1.0,1,40.0,0.0,38,52.0,82,0.0,500,3.0,1,2,3.0,0.0,2.0,5.0,2,4.0,2,25
0,202.0,38000.0,38000.0,56,38000.0,77,1.0,996,1.0,16.0,20,1.0,1.0,1,1,0,1.0,1,1.0,1000,3.0,0.0,3.0,2.0,1,2.0,0,3.0,2020.0,1,999,1.0,1,40.0,0.0,53,52.0,81,0.0,200,1.0,3,2,3.0,0.0,2.0,5.0,2,4.0,1,25
0,202.0,10000.0,10000.0,40,10000.0,86,1.0,996,1.0,16.0,21,1.0,1.0,2,1,0,2.0,1,2.0,1000,3.0,0.0,3.0,2.0,1,2.0,0,3.0,2020.0,1,999,1.0,1,20.0,0.0,38,52.0,92,0.0,200,1.0,3,2,3.0,0.0,2.0,5.0,2,4.0,1,24
0,501.0,62000.0,62000.0,31,62000.0,81,1.0,82,1.0,22.0,20,1.0,1.0,2,1,0,2.0,1,2.0,1000,3.0,0.0,3.0,2.0,1,2.0,0,3.0,2022.0,1,999,2.0,1,40.0,0.0,38,52.0,108,0.0,600,1.0,1,2,3.0,0.0,1.0,5.0,2,4.0,1,29
0,501.0,82000.0,82000.0,32,82000.0,81,1.0,148,1.0,20.0,21,1.0,1.0,2,1,2,2.0,1,2.0,1000,3.0,0.0,3.0,2.0,1,2.0,0,3.0,2022.0,1,32,1.0,1,45.0,0.0,35,52.0,161,0.0,600,1.0,2,2,3.0,0.0,1.0,5.0,2,4.0,1,33
0,475.0,74800.0,74000.0,42,74000.0,81,1.0,999,1.0,20.0,20,4.0,1.0,2,3,0,2.0,3,2.0,5013,3.0,0.0,3.0,2.0,3,2.0,1,3.0,2012.0,0,999,5.0,1,40.0,0.0,6,52.0,103,0.0,100,1.0,4,2,3.0,0.0,2.0,5.0,2,3.0,1,31
0,330.0,52000.0,52000.0,03,52000.0,81,1.0,999,1.0,24.0,36,6.0,1.0,2,5,0,2.0,1,2.0,1000,3.0,0.0,3.0,2.0,1,2.0,0,3.0,1995.0,1,999,2.0,1,40.0,0.0,38,52.0,48,0.0,100,1.0,4,2,3.0,0.0,2.0,5.0,2,4.0,1,25
0,485.0,42000.0,42000.0,58,42000.0,93,1.0,32,1.0,19.0,20,6.0,1.0,2,5,0,2.0,1,2.0,1000,3.0,0.0,3.0,2.0,1,2.0,0,3.0,1995.0,1,999,3.0,1,40.0,0.0,37,52.0,10,0.0,500,1.0,1,2,3.0,0.0,2.0,5.0,2,4.0,1,50
0,146.0,22300.0,20000.0,43,20000.0,90,1.0,26,1.0,16.0,20,6.0,1.0,1,5,0,2.0,1,1.0,1000,3.0,0.0,3.0,2.0,1,2.0,0,3.0,1995.0,1,32,2.0,1,40.0,0.0,38,52.0,180,0.0,200,3.0,2,2,3.0,2300.0,2.0,5.0,2,4.0,1,19
0,501.0,108000.0,108000.0,63,108000.0,95,1.0,82,1.0,20.0,20,1.0,1.0,2,1,0,2.0,1,2.0,1000,3.0,0.0,3.0,2.0,1,2.0,0,3.0,2017.0,1,50,5.0,1,50.0,0.0,27,52.0,24,0.0,200,1.0,2,2,3.0,0.0,2.0,5.0,2,4.0,1,33
0,501.0,40000.0,40000.0,23,40000.0,78,1.0,82,1.0,22.0,21,1.0,1.0,2,1,0,2.0,1,2.0,1000,3.0,0.0,3.0,2.0,1,2.0,0,3.0,2017.0,1,999,3.0,1,45.0,0.0,38,12.0,27,0.0,200,1.0,1,2,3.0,0.0,2.0,5.0,2,4.0,1,31
0,501.0,62000.0,62000.0,32,62000.0,81,1.0,32,1.0,21.0,20,1.0,1.0,2,1,2,2.0,1,2.0,1000,3.0,0.0,3.0,2.0,1,2.0,0,3.0,1994.0,1,148,2.0,1,40.0,0.0,38,52.0,227,0.0,300,1.0,2,2,3.0,0.0,2.0,5.0,2,4.0,1,52
0,501.0,70000.0,70000.0,47,70000.0,48,1.0,32,1.0,20.0,21,1.0,1.0,2,1,2,2.0,1,2.0,1000,3.0,0.0,3.0,2.0,1,2.0,0,3.0,1994.0,1,125,1.0,1,50.0,0.0,38,52.0,309,0.0,300,1.0,2,2,3.0,0.0,2.0,5.0,2,4.0,1,54
0,501.0,100000.0,100000.0,79,100000.0,30,1.0,999,1.0,16.0,20,6.0,1.0,2,5,0,2.0,1,2.0,1000,3.0,0.0,3.0,2.0,1,2.0,0,3.0,1995.0,1,999,1.0,1,64.0,0.0,38,52.0,15,0.0,400,3.0,4,2,3.0,0.0,2.0,5.0,2,4.0,1,62
1,22.0,4600.0,0.0,62,0.0,07,6.0,32,2.0,17.0,20,1.0,2.0,2,1,0,2.0,1,2.0,1000,2.0,0.0,2.0,2.0,1,2.0,0,2.0,1994.0,1,999,3.0,1,40.0,0.0,30,52.0,16,0.0,200,1.0,1,2,3.0,0.0,2.0,5.0,2,4.0,1,61
1,22.0,0.0,0.0,40,0.0,86,6.0,32,2.0,13.0,21,1.0,2.0,2,1,0,2.0,1,2.0,1000,2.0,0.0,2.0,2.0,1,2.0,0,2.0,1994.0,1,999,1.0,1,40.0,0.0,30,52.0,19,0.0,200,1.0,1,2,3.0,0.0,2.0,5.0,2,4.0,1,55
0,352.0,55500.0,55000.0,08,55000.0,05,1.0,32,1.0,21.0,20,6.0,1.0,2,5,2,2.0,1,2.0,1000,1.0,0.0,2.0,2.0,1,2.0,0,2.0,1995.0,1,82,1.0,1,40.0,0.0,38,52.0,318,500.0,600,3.0,2,2,3.0,0.0,2.0,1.0,2,4.0,1,24
0,501.0,38000.0,26000.0,46,26000.0,82,1.0,999,1.0,16.0,20,1.0,1.0,2,1,0,2.0,17,2.0,9000,2.0,0.0,2.0,2.0,9,2.0,1,2.0,2003.0,1,999,1.0,1,26.0,12000.0,38,52.0,10,0.0,200,1.0,4,2,2.0,0.0,2.0,1.0,2,4.0,1,65
0,501.0,96000.0,96000.0,60,0.0,01,1.0,999,1.0,16.0,21,1.0,1.0,2,1,1,2.0,1,2.0,1000,2.0,0.0,1.0,2.0,1,2.0,0,2.0,2003.0,1,999,6.0,1,60.0,0.0,38,52.0,19,0.0,200,1.0,4,2,1.0,0.0,2.0,3.0,2,4.0,1,60
0,501.0,80000.0,80000.0,57,80000.0,93,1.0,917,1.0,21.0,21,1.0,1.0,2,1,0,2.0,3,2.0,5024,3.0,0.0,3.0,2.0,3,2.0,1,3.0,2009.0,0,999,3.0,1,50.0,0.0,6,52.0,352,0.0,100,1.0,1,2,3.0,0.0,2.0,5.0,2,4.0,1,52
0,501.0,39400.0,39400.0,51,25000.0,01,1.0,32,1.0,21.0,20,1.0,1.0,2,1,0,2.0,1,2.0,1000,3.0,0.0,3.0,2.0,1,2.0,0,3.0,2010.0,1,82,7.0,1,20.0,0.0,38,52.0,19,0.0,200,1.0,2,2,3.0,0.0,2.0,5.0,2,4.0,1,37
0,258.0,105000.0,105000.0,10,105000.0,73,1.0,21,1.0,21.0,20,1.0,1.0,2,1,0,2.0,1,2.0,1000,3.0,0.0,3.0,2.0,1,2.0,0,3.0,1996.0,1,51,1.0,1,40.0,0.0,6,52.0,21,0.0,500,1.0,2,2,3.0,0.0,2.0,5.0,2,4.0,1,48
0,258.0,0.0,0.0,42,0.0,69,6.0,32,3.0,21.0,21,1.0,2.0,2,1,0,2.0,1,2.0,1000,2.0,0.0,2.0,2.0,1,2.0,0,2.0,1996.0,1,999,1.0,1,40.0,0.0,38,52.0,21,0.0,500,1.0,1,2,3.0,0.0,2.0,5.0,2,4.0,1,48
0,208.0,32000.0,32000.0,73,32000.0,96,4.0,999,1.0,18.0,20,6.0,1.0,2,5,0,2.0,1,2.0,1000,3.0,0.0,3.0,2.0,1,2.0,0,3.0,1995.0,1,999,5.0,1,40.0,0.0,6,52.0,182,0.0,200,1.0,4,2,3.0,0.0,2.0,5.0,2,1.0,1,21
0,501.0,56000.0,56000.0,12,56000.0,73,1.0,82,1.0,24.0,20,1.0,1.0,2,1,0,2.0,1,2.0,1000,3.0,0.0,3.0,2.0,1,2.0,0,3.0,1997.0,1,89,1.0,1,30.0,0.0,29,52.0,21,0.0,300,1.0,2,2,3.0,0.0,2.0,5.0,2,4.0,1,59
0,501.0,91000.0,91000.0,12,91000.0,73,1.0,32,1.0,22.0,21,1.0,1.0,2,1,0,2.0,1,2.0,1000,3.0,0.0,3.0,2.0,1,2.0,0,3.0,1997.0,1,999,1.0,1,40.0,0.0,19,52.0,25,0.0,300,1.0,1,2,3.0,0.0,2.0,5.0,2,4.0,1,58
0,453.0,70000.0,70000.0,63,70000.0,07,1.0,50,1.0,12.0,20,4.0,1.0,2,3,2,2.0,1,2.0,1000,3.0,0.0,3.0,2.0,1,2.0,0,3.0,2000.0,1,999,1.0,1,50.0,0.0,24,40.0,81,0.0,400,1.0,1,2,3.0,0.0,2.0,5.0,2,4.0,1,57
0,157.0,36000.0,36000.0,32,36000.0,69,1.0,32,1.0,21.0,20,1.0,1.0,1,1,0,1.0,1,1.0,1000,3.0,0.0,3.0,1.0,1,1.0,0,3.0,1987.0,1,999,1.0,1,44.0,0.0,38,52.0,123,0.0,400,1.0,1,2,3.0,0.0,2.0,5.0,2,4.0,1,56
0,157.0,2000.0,0.0,77,0.0,15,6.0,32,2.0,18.0,21,1.0,2.0,1,1,0,1.0,1,1.0,1000,2.0,0.0,2.0,1.0,1,1.0,0,2.0,1987.0,1,999,1.0,1,40.0,0.0,38,52.0,110,0.0,400,1.0,1,2,3.0,0.0,2.0,5.0,2,4.0,1,64
1,437.0,102800.0,20000.0,47,20000.0,49,6.0,924,1.0,16.0,20,1.0,2.0,2,1,0,2.0,1,2.0,1000,2.0,0.0,2.0,2.0,1,2.0,0,2.0,2018.0,1,999,1.0,1,35.0,16800.0,31,26.0,176,66000.0,400,1.0,1,2,3.0,0.0,2.0,5.0,2,4.0,1,35
0,437.0,40000.0,40000.0,96,40000.0,30,6.0,924,1.0,11.0,21,1.0,2.0,2,1,0,2.0,1,2.0,1000,2.0,0.0,2.0,2.0,1,2.0,0,2.0,2018.0,1,999,1.0,1,45.0,0.0,38,26.0,215,0.0,400,1.0,1,2,3.0,0.0,2.0,5.0,2,4.0,1,45
0,493.0,148000.0,148000.0,86,148000.0,20,1.0,20,1.0,17.0,20,1.0,1.0,2,1,0,2.0,1,2.0,1000,3.0,0.0,3.0,2.0,1,2.0,0,3.0,2011.0,1,82,1.0,1,48.0,0.0,49,52.0,14,0.0,100,1.0,2,2,3.0,0.0,2.0,5.0,2,4.0,1,32
0,493.0,0.0,0.0,42,0.0,69,6.0,88,3.0,16.0,21,1.0,2.0,2,1,0,2.0,1,2.0,1000,2.0,0.0,2.0,2.0,1,2.0,0,2.0,2011.0,1,32,1.0,1,40.0,0.0,49,52.0,24,0.0,100,1.0,2,2,3.0,0.0,2.0,5.0,2,4.0,1,34
0,277.0,58000.0,58000.0,21,58000.0,72,1.0,50,1.0,21.0,20,4.0,1.0,2,3,0,2.0,1,2.0,1000,3.0,0.0,3.0,2.0,1,2.0,0,3.0,2006.0,1,82,1.0,1,40.0,0.0,38,52.0,51,0.0,500,1.0,2,2,3.0,0.0,2.0,5.0,2,4.0,1,40
0,501.0,80000.0,80000.0,62,80000.0,07,1.0,82,1.0,19.0,22,4.0,1.0,2,3,0,2.0,1,2.0,1000,3.0,0.0,3.0,2.0,1,2.0,0,3.0,2002.0,1,999,1.0,1,70.0,0.0,27,52.0,76,0.0,500,1.0,1,2,3.0,0.0,2.0,5.0,2,4.0,1,44
0,501.0,10000.0,0.0,02,0.0,07,6.0,999,2.0,20.0,20,1.0,1.0,2,1,2,2.0,1,2.0,1000,3.0,0.0,3.0,2.0,1,2.0,0,3.0,1983.0,1,999,1.0,1,40.0,0.0,38,52.0,11,0.0,300,1.0,4,2,3.0,0.0,2.0,5.0,2,2.0,1,63
0,501.0,40000.0,40000.0,32,40000.0,81,1.0,999,1.0,19.0,21,1.0,1.0,2,1,2,2.0,1,2.0,1000,3.0,0.0,3.0,2.0,1,2.0,0,3.0,1983.0,1,999,2.0,1,24.0,0.0,38,52.0,11,0.0,300,1.0,4,2,3.0,0.0,2.0,5.0,2,4.0,1,60
0,501.0,145700.0,145000.0,01,145000.0,68,1.0,999,1.0,21.0,25,2.0,1.0,2,1,0,2.0,1,2.0,1000,3.0,0.0,3.0,2.0,1,2.0,0,3.0,2019.0,1,999,1.0,1,45.0,0.0,38,52.0,9,700.0,300,1.0,4,2,3.0,0.0,2.0,5.0,2,4.0,1,26
0,501.0,8600.0,0.0,42,0.0,69,6.0,999,3.0,15.0,25,6.0,1.0,2,5,2,2.0,1,2.0,1000,3.0,8600.0,3.0,2.0,1,2.0,0,3.0,1995.0,1,999,1.0,1,40.0,0.0,38,52.0,11,0.0,300,1.0,4,2,3.0,0.0,2.0,5.0,2,4.0,1,25
0,478.0,52000.0,52000.0,45,0.0,89,1.0,999,1.0,19.0,20,1.0,1.0,2,1,0,2.0,1,2.0,1000,3.0,0.0,3.0,2.0,1,2.0,0,3.0,2020.0,1,999,6.0,1,40.0,0.0,38,52.0,61,0.0,500,1.0,4,2,3.0,0.0,2.0,5.0,2,4.0,1,35
0,478.0,120000.0,120000.0,69,120000.0,04,1.0,999,1.0,16.0,21,1.0,1.0,2,1,0,2.0,1,2.0,1000,3.0,0.0,3.0,2.0,1,2.0,0,3.0,2020.0,1,999,1.0,1,44.0,0.0,38,52.0,90,0.0,500,1.0,4,2,3.0,0.0,2.0,5.0,2,4.0,1,29
0,16.0,2600.0,2600.0,42,2600.0,82,1.0,82,1.0,19.0,20,6.0,1.0,2,5,0,2.0,1,2.0,1000,3.0,0.0,3.0,2.0,1,2.0,0,3.0,1995.0,1,32,2.0,1,7.0,0.0,38,52.0,52,0.0,500,1.0,2,2,3.0,0.0,2.0,5.0,2,4.0,1,23
0,206.0,42000.0,41500.0,33,41500.0,81,3.0,995,1.0,21.0,20,1.0,2.0,1,1,0,1.0,29,2.0,9000,1.0,0.0,1.0,2.0,9,2.0,0,3.0,1987.0,1,999,1.0,1,40.0,0.0,27,12.0,304,500.0,600,1.0,3,1,2.0,0.0,2.0,1.0,1,4.0,1,53
0,206.0,30.0,0.0,01,0.0,68,3.0,995,2.0,21.0,21,1.0,2.0,1,1,0,2.0,29,2.0,9000,1.0,0.0,2.0,2.0,9,2.0,0,2.0,1987.0,1,999,1.0,1,40.0,0.0,8,52.0,412,0.0,600,1.0,3,1,3.0,0.0,2.0,1.0,2,4.0,1,51
0,501.0,113000.0,98000.0,38,98000.0,94,1.0,999,1.0,16.0,20,1.0,1.0,2,1,0,2.0,1,2.0,1000,2.0,0.0,2.0,2.0,1,2.0,0,2.0,1996.0,1,999,3.0,1,40.0,15000.0,6,52.0,38,0.0,400,1.0,4,2,3.0,0.0,2.0,5.0,2,4.0,1,63
0,501.0,60050.0,60000.0,04,60000.0,83,1.0,50,1.0,20.0,20,1.0,1.0,1,1,0,1.0,1,2.0,1000,3.0,0.0,3.0,2.0,1,2.0,0,3.0,2022.0,1,999,4.0,1,48.0,0.0,6,52.0,145,50.0,600,1.0,1,2,3.0,0.0,2.0,5.0,2,4.0,2,55
0,501.0,89600.0,80000.0,09,80000.0,70,1.0,999,1.0,16.0,21,1.0,1.0,2,1,0,2.0,1,2.0,1000,3.0,0.0,3.0,2.0,1,2.0,0,3.0,2022.0,1,999,1.0,1,40.0,0.0,38,52.0,101,9600.0,600,1.0,4,2,3.0,0.0,2.0,5.0,2,4.0,1,56
0,501.0,50000.0,50000.0,35,50000.0,81,1.0,49,1.0,20.0,20,1.0,1.0,1,1,0,2.0,1,2.0,1000,3.0,0.0,3.0,2.0,1,2.0,0,3.0,1981.0,1,999,1.0,1,40.0,0.0,38,52.0,11,0.0,500,1.0,1,1,3.0,0.0,2.0,5.0,2,4.0,1,60
0,501.0,115900.0,100000.0,02,100000.0,01,1.0,32,1.0,10.0,21,1.0,1.0,2,1,0,2.0,1,2.0,1000,3.0,0.0,3.0,2.0,1,2.0,0,3.0,1981.0,1,999,7.0,1,40.0,14400.0,38,52.0,8,1500.0,500,1.0,1,2,3.0,0.0,2.0,5.0,2,4.0,1,65
0,501.0,7300.0,0.0,42,0.0,69,6.0,999,3.0,22.0,25,4.0,1.0,2,3,0,2.0,1,2.0,1000,3.0,7300.0,3.0,2.0,1,2.0,0,3.0,2009.0,1,999,1.0,1,40.0,0.0,18,52.0,16,0.0,500,1.0,4,2,3.0,0.0,2.0,5.0,2,4.0,1,38
0,501.0,79100.0,71000.0,55,71000.0,25,1.0,82,1.0,20.0,20,1.0,1.0,2,1,0,2.0,1,2.0,1000,3.0,0.0,3.0,2.0,1,2.0,0,3.0,2016.0,1,125,1.0,1,55.0,0.0,38,40.0,76,0.0,100,1.0,2,2,3.0,0.0,2.0,5.0,2,4.0,1,50
0,501.0,100000.0,100000.0,91,100000.0,04,1.0,999,1.0,18.0,20,1.0,1.0,2,1,0,2.0,1,2.0,1000,3.0,0.0,3.0,2.0,1,2.0,0,3.0,2003.0,1,999,1.0,1,40.0,0.0,30,52.0,15,0.0,200,1.0,4,2,3.0,0.0,2.0,5.0,2,4.0,1,53
0,501.0,11500.0,11500.0,32,11500.0,81,1.0,999,1.0,20.0,21,1.0,1.0,2,1,0,2.0,1,2.0,1000,3.0,0.0,3.0,2.0,1,2.0,0,3.0,2003.0,1,999,1.0,1,35.0,0.0,6,52.0,11,0.0,200,1.0,4,2,3.0,0.0,2.0,5.0,2,4.0,1,48
0,335.0,51100.0,39000.0,60,39000.0,01,1.0,939,1.0,19.0,20,4.0,1.0,2,3,1,2.0,1,2.0,1000,3.0,0.0,3.0,2.0,1,2.0,0,3.0,1983.0,1,999,1.0,1,30.0,0.0,38,52.0,35,12100.0,400,1.0,1,2,3.0,0.0,2.0,5.0,2,4.0,1,60
0,365.0,320.0,0.0,42,0.0,69,6.0,32,3.0,20.0,20,1.0,2.0,2,1,0,2.0,1,2.0,1000,2.0,0.0,2.0,2.0,1,2.0,0,2.0,2012.0,1,50,1.0,1,40.0,0.0,31,52.0,43,320.0,200,1.0,2,2,3.0,0.0,2.0,5.0,2,4.0,1,34
0,365.0,130000.0,130000.0,00,130000.0,21,1.0,32,1.0,20.0,21,1.0,1.0,1,1,0,2.0,1,2.0,1000,3.0,0.0,3.0,2.0,1,2.0,0,3.0,2012.0,1,999,1.0,1,44.0,0.0,38,52.0,55,0.0,200,1.0,1,1,3.0,0.0,2.0,5.0,2,4.0,1,35
0,501.0,164000.0,32000.0,21,12000.0,72,1.0,32,1.0,23.0,20,1.0,1.0,2,1,0,2.0,1,2.0,1000,3.0,0.0,3.0,2.0,1,2.0,0,3.0,2018.0,1,999,1.0,1,10.0,12000.0,38,20.0,34,120000.0,500,1.0,1,2,3.0,0.0,2.0,5.0,2,4.0,1,64
0,501.0,138800.0,136500.0,00,135000.0,78,1.0,32,1.0,22.0,21,1.0,1.0,2,1,0,2.0,1,2.0,1000,3.0,0.0,3.0,2.0,1,2.0,0,3.0,2018.0,1,999,3.0,1,40.0,0.0,38,52.0,26,2300.0,500,1.0,1,2,3.0,0.0,2.0,5.0,2,4.0,1,49
0,259.0,72000.0,72000.0,06,72000.0,38,1.0,32,1.0,21.0,20,1.0,1.0,2,1,0,2.0,1,2.0,1000,3.0,0.0,3.0,2.0,1,2.0,0,3.0,2010.0,1,82,1.0,1,40.0,0.0,38,52.0,50,0.0,400,1.0,2,2,3.0,0.0,2.0,5.0,2,4.0,1,42
0,259.0,6500.0,6500.0,42,6500.0,91,1.0,999,1.0,19.0,21,1.0,1.0,2,1,2,2.0,1,2.0,1000,3.0,0.0,3.0,2.0,1,2.0,0,3.0,2010.0,1,999,2.0,1,5.0,0.0,38,52.0,41,0.0,400,1.0,4,2,3.0,0.0,2.0,5.0,2,4.0,1,37
0,501.0,36900.0,36900.0,51,36900.0,87,1.0,32,1.0,18.0,20,1.0,1.0,2,1,0,2.0,1,2.0,1000,3.0,0.0,3.0,2.0,1,2.0,0,3.0,1983.0,1,142,1.0,1,40.0,0.0,38,52.0,34,0.0,400,1.0,2,2,3.0,0.0,2.0,5.0,2,4.0,1,58
0,501.0,133000.0,11000.0,02,0.0,01,1.0,21,1.0,16.0,21,1.0,1.0,2,1,0,2.0,1,2.0,1000,3.0,0.0,3.0,2.0,1,2.0,0,3.0,1983.0,1,999,6.0,1,70.0,0.0,27,20.0,30,122000.0,400,1.0,1,2,3.0,0.0,2.0,5.0,2,4.0,1,60
0,501.0,86000.0,86000.0,31,86000.0,80,1.0,32,1.0,21.0,20,1.0,1.0,2,1,0,2.0,1,2.0,1000,3.0,0.0,3.0,2.0,1,2.0,0,3.0,2020.0,1,82,1.0,1,40.0,0.0,38,52.0,134,0.0,400,1.0,2,2,3.0,0.0,2.0,5.0,2,4.0,1,27
0,501.0,49900.0,49900.0,02,21100.0,01,1.0,999,1.0,21.0,21,1.0,1.0,2,1,0,2.0,1,2.0,1000,3.0,0.0,3.0,2.0,1,2.0,0,3.0,2020.0,1,999,6.0,1,80.0,0.0,38,52.0,125,0.0,400,1.0,4,2,3.0,0.0,2.0,5.0,2,4.0,1,27
0,501.0,90000.0,90000.0,04,90000.0,94,1.0,32,1.0,22.0,20,1.0,1.0,2,1,0,2.0,1,2.0,1000,3.0,0.0,3.0,2.0,1,2.0,0,3.0,2009.0,1,50,4.0,1,40.0,0.0,38,52.0,21,0.0,300,1.0,2,2,3.0,0.0,2.0,5.0,2,4.0,1,38
0,501.0,120000.0,120000.0,95,120000.0,05,1.0,171,1.0,18.0,21,1.0,1.0,2,1,0,2.0,1,2.0,1000,3.0,0.0,3.0,2.0,1,2.0,0,3.0,2009.0,1,999,1.0,1,50.0,0.0,38,52.0,29,0.0,300,1.0,1,2,3.0,0.0,2.0,5.0,2,4.0,1,38
0,501.0,40000.0,40000.0,36,40000.0,81,1.0,615,1.0,21.0,25,6.0,1.0,2,5,0,2.0,4,2.0,4015,3.0,0.0,3.0,2.0,6,2.0,0,3.0,1995.0,0,999,2.0,1,32.0,0.0,24,52.0,168,0.0,600,1.0,1,2,3.0,0.0,2.0,5.0,2,4.0,1,22
0,350.0,55000.0,55000.0,47,55000.0,42,1.0,26,1.0,18.0,20,4.0,1.0,1,3,0,2.0,1,2.0,1000,3.0,0.0,3.0,2.0,1,2.0,0,3.0,1996.0,1,32,1.0,1,40.0,0.0,27,52.0,58,0.0,500,1.0,2,2,3.0,0.0,2.0,5.0,1,2.0,1,57
0,350.0,29000.0,29000.0,45,29000.0,89,1.0,26,1.0,19.0,25,6.0,1.0,2,5,0,2.0,1,2.0,1000,3.0,0.0,3.0,2.0,1,2.0,0,3.0,1995.0,1,32,1.0,1,40.0,0.0,38,52.0,41,0.0,500,1.0,2,2,3.0,0.0,2.0,5.0,2,4.0,1,26
0,501.0,40000.0,40000.0,40,0.0,86,1.0,32,1.0,16.0,21,1.0,1.0,2,1,2,2.0,1,2.0,1000,3.0,0.0,2.0,2.0,1,2.0,0,2.0,1976.0,1,999,6.0,1,40.0,0.0,38,52.0,9,0.0,500,1.0,1,2,3.0,0.0,2.0,5.0,2,4.0,1,64
0,501.0,53870.0,53000.0,32,53000.0,81,1.0,32,1.0,21.0,20,1.0,1.0,2,1,2,2.0,1,2.0,1000,3.0,0.0,3.0,2.0,1,2.0,0,3.0,2017.0,1,999,2.0,1,32.0,0.0,38,52.0,11,870.0,600,3.0,1,2,3.0,0.0,2.0,5.0,2,4.0,1,28
0,501.0,82000.0,82000.0,38,82000.0,94,1.0,999,1.0,21.0,21,1.0,1.0,2,1,2,2.0,1,2.0,1000,3.0,0.0,3.0,2.0,1,2.0,0,3.0,2017.0,1,999,3.0,1,40.0,0.0,38,52.0,17,0.0,600,3.0,4,2,3.0,0.0,2.0,5.0,2,4.0,1,28
0,138.0,1900.0,1900.0,26,1900.0,54,6.0,999,1.0,22.0,20,1.0,2.0,2,1,0,2.0,17,2.0,9000,1.0,0.0,2.0,2.0,9,2.0,1,2.0,2007.0,1,999,3.0,1,15.0,0.0,29,8.0,27,0.0,500,1.0,4,2,3.0,0.0,2.0,3.0,2,4.0,1,44
0,138.0,65000.0,65000.0,38,65000.0,94,1.0,999,1.0,21.0,21,1.0,1.0,2,1,0,2.0,1,2.0,1000,3.0,0.0,3.0,2.0,1,2.0,0,3.0,2007.0,1,999,3.0,1,50.0,0.0,38,52.0,60,0.0,500,1.0,4,2,3.0,0.0,2.0,5.0,2,4.0,1,45
0,501.0,70000.0,70000.0,32,70000.0,82,1.0,32,1.0,21.0,20,1.0,1.0,2,1,0,2.0,1,2.0,1000,3.0,0.0,3.0,2.0,1,2.0,0,3.0,2020.0,1,999,1.0,1,40.0,0.0,38,52.0,24,0.0,600,1.0,1,2,3.0,0.0,2.0,5.0,2,4.0,1,39
0,501.0,60000.0,60000.0,23,60000.0,78,1.0,32,1.0,21.0,21,1.0,1.0,2,1,0,2.0,1,2.0,1000,3.0,0.0,3.0,2.0,1,2.0,0,3.0,1993.0,1,999,3.0,1,40.0,0.0,38,52.0,231,0.0,500,1.0,1,2,3.0,0.0,2.0,5.0,2,4.0,1,55
0,44.0,7100.0,7100.0,04,7100.0,83,3.0,999,1.0,20.0,20,3.0,1.0,2,2,0,2.0,29,2.0,9000,3.0,0.0,3.0,2.0,9,2.0,0,3.0,1988.0,1,999,1.0,1,40.0,0.0,18,9.0,201,0.0,100,3.0,4,2,3.0,0.0,2.0,5.0,2,4.0,2,55
0,71.0,11100.0,0.0,42,0.0,69,6.0,996,3.0,17.0,20,6.0,2.0,1,5,0,1.0,1,1.0,1000,2.0,0.0,2.0,2.0,1,2.0,0,2.0,1995.0,1,999,1.0,1,40.0,0.0,38,52.0,77,0.0,500,1.0,3,2,3.0,11100.0,2.0,3.0,2,4.0,1,36
1,358.0,32300.0,0.0,42,0.0,69,6.0,920,3.0,16.0,20,6.0,2.0,1,5,0,2.0,3,1.0,5013,2.0,0.0,2.0,1.0,3,2.0,1,2.0,1995.0,0,999,1.0,1,40.0,17300.0,38,52.0,86,0.0,100,1.0,1,2,3.0,0.0,2.0,5.0,2,4.0,1,35
0,358.0,40000.0,40000.0,47,40000.0,57,1.0,917,1.0,17.0,29,2.0,1.0,2,1,0,2.0,3,2.0,5013,3.0,0.0,3.0,2.0,3,2.0,1,3.0,1990.0,0,999,1.0,1,40.0,0.0,38,52.0,22,0.0,100,3.0,1,2,3.0,0.0,2.0,5.0,2,4.0,1,54
0,365.0,80000.0,80000.0,13,80000.0,81,1.0,82,1.0,21.0,20,1.0,1.0,2,1,2,2.0,1,2.0,1000,3.0,0.0,3.0,2.0,1,2.0,0,3.0,2004.0,1,999,5.0,1,40.0,0.0,38,52.0,114,0.0,600,1.0,1,2,3.0,0.0,2.0,5.0,2,2.0,1,39
0,365.0,30000.0,30000.0,96,30000.0,43,1.0,32,1.0,21.0,21,1.0,1.0,2,1,2,2.0,1,2.0,1000,3.0,0.0,3.0,2.0,1,2.0,0,3.0,2004.0,1,999,1.0,1,40.0,0.0,38,52.0,78,0.0,600,1.0,1,2,3.0,0.0,2.0,5.0,2,2.0,1,47
0,404.0,63000.0,63000.0,47,63000.0,48,1.0,999,1.0,19.0,20,6.0,1.0,2,5,0,2.0,1,2.0,1000,3.0,0.0,3.0,2.0,1,2.0,0,3.0,1995.0,1,999,1.0,1,42.0,0.0,30,52.0,119,0.0,200,1.0,4,2,3.0,0.0,2.0,5.0,2,4.0,1,52
0,501.0,96000.0,96000.0,03,95000.0,80,1.0,32,1.0,21.0,20,1.0,1.0,2,1,0,2.0,1,2.0,1000,3.0,0.0,3.0,2.0,1,2.0,0,3.0,2011.0,1,999,2.0,1,45.0,0.0,38,52.0,60,0.0,200,1.0,1,2,3.0,0.0,2.0,5.0,2,4.0,1,35
0,501.0,130000.0,130000.0,00,130000.0,05,1.0,32,1.0,20.0,21,1.0,1.0,2,1,0,2.0,1,2.0,1000,3.0,0.0,3.0,2.0,1,2.0,0,3.0,2011.0,1,999,1.0,1,50.0,0.0,38,52.0,62,0.0,200,1.0,1,2,3.0,0.0,2.0,5.0,2,4.0,1,36
0,363.0,37500.0,30000.0,47,30000.0,49,3.0,917,1.0,17.0,30,6.0,2.0,2,5,2,2.0,3,2.0,5025,3.0,0.0,1.0,2.0,5,2.0,1,3.0,1995.0,0,999,1.0,1,20.0,0.0,30,30.0,1,0.0,200,1.0,1,2,1.0,0.0,2.0,1.0,2,4.0,1,33
0,370.0,40000.0,40000.0,62,40000.0,96,4.0,22,1.0,16.0,20,1.0,1.0,2,1,0,2.0,1,2.0,1000,3.0,0.0,3.0,2.0,1,2.0,0,3.0,2022.0,1,999,5.0,1,40.0,0.0,17,52.0,91,0.0,200,3.0,1,2,3.0,0.0,2.0,5.0,2,1.0,1,19
0,370.0,35000.0,35000.0,35,35000.0,81,1.0,22,1.0,20.0,21,1.0,1.0,2,1,0,2.0,1,2.0,1000,3.0,0.0,3.0,2.0,1,2.0,0,3.0,2022.0,1,999,1.0,1,20.0,0.0,17,52.0,97,0.0,200,3.0,1,2,3.0,0.0,2.0,5.0,2,4.0,1,20
0,196.0,30000.0,30000.0,56,30000.0,43,1.0,939,1.0,16.0,20,6.0,1.0,2,5,0,2.0,1,2.0,1000,3.0,0.0,3.0,2.0,1,2.0,0,3.0,1995.0,1,999,1.0,1,40.0,0.0,6,38.0,166,0.0,600,1.0,1,2,3.0,0.0,2.0,5.0,2,2.0,1,61
0,498.0,102000.0,67000.0,48,67000.0,69,1.0,32,1.0,21.0,20,4.0,1.0,2,3,0,2.0,1,2.0,1000,3.0,0.0,3.0,2.0,1,2.0,0,3.0,2012.0,1,50,7.0,1,40.0,0.0,38,52.0,19,35000.0,400,1.0,2,2,3.0,0.0,2.0,5.0,2,4.0,1,40
0,501.0,9900.0,0.0,83,0.0,45,6.0,22,2.0,13.0,21,1.0,2.0,2,1,0,2.0,1,2.0,1000,2.0,0.0,2.0,2.0,1,2.0,0,2.0,1980.0,1,999,2.0,1,40.0,9900.0,13,52.0,29,0.0,500,1.0,1,2,3.0,0.0,2.0,5.0,2,4.0,1,62
0,465.0,97000.0,97000.0,02,97000.0,78,1.0,999,1.0,22.0,20,1.0,1.0,2,1,0,2.0,1,2.0,1000,3.0,0.0,3.0,2.0,1,2.0,0,3.0,2017.0,1,999,3.0,1,40.0,0.0,48,52.0,80,0.0,500,1.0,4,2,3.0,0.0,2.0,5.0,2,4.0,1,33
0,465.0,43000.0,43000.0,46,0.0,84,1.0,999,1.0,19.0,21,1.0,1.0,2,1,0,2.0,1,2.0,1000,3.0,0.0,3.0,2.0,1,2.0,0,3.0,2017.0,1,999,6.0,1,50.0,0.0,38,52.0,122,0.0,500,1.0,4,2,3.0,0.0,2.0,5.0,2,4.0,1,34
0,397.0,37000.0,37000.0,42,37000.0,78,1.0,82,1.0,15.0,21,1.0,1.0,2,1,0,2.0,1,2.0,1000,3.0,0.0,3.0,2.0,1,2.0,0,3.0,1977.0,1,999,3.0,1,40.0,0.0,38,52.0,165,0.0,500,1.0,1,2,3.0,0.0,2.0,5.0,2,4.0,1,65
0,497.0,64000.0,64000.0,07,64000.0,46,1.0,32,1.0,18.0,20,1.0,1.0,2,1,0,2.0,1,2.0,1000,3.0,0.0,3.0,2.0,1,2.0,0,3.0,1979.0,1,999,1.0,1,45.0,0.0,38,52.0,34,0.0,400,1.0,1,2,3.0,0.0,2.0,5.0,2,4.0,1,64
0,418.0,65000.0,65000.0,63,65000.0,07,1.0,999,1.0,19.0,20,6.0,1.0,2,5,0,2.0,1,2.0,1000,3.0,0.0,3.0,2.0,1,2.0,0,3.0,1995.0,1,999,1.0,1,40.0,0.0,38,52.0,244,0.0,300,1.0,4,2,3.0,0.0,2.0,5.0,2,4.0,1,36
0,501.0,0.0,0.0,41,0.0,86,6.0,32,2.0,18.0,20,1.0,2.0,1,1,0,1.0,17,1.0,9000,2.0,0.0,2.0,1.0,9,1.0,1,2.0,2015.0,1,144,1.0,1,40.0,0.0,36,52.0,104,0.0,100,1.0,2,2,3.0,0.0,2.0,5.0,1,4.0,1,52
0,501.0,117000.0,117000.0,72,117000.0,42,1.0,82,1.0,16.0,21,1.0,1.0,2,1,0,2.0,1,2.0,1000,3.0,0.0,3.0,2.0,1,2.0,0,3.0,2015.0,1,999,2.0,1,90.0,0.0,46,52.0,51,0.0,100,1.0,1,2,3.0,0.0,2.0,5.0,2,4.0,1,57
0,501.0,91000.0,91000.0,09,91000.0,68,1.0,32,1.0,21.0,20,6.0,1.0,2,5,0,2.0,1,2.0,1000,3.0,0.0,3.0,2.0,1,2.0,0,3.0,1995.0,1,999,1.0,1,40.0,0.0,31,52.0,67,0.0,600,1.0,1,2,3.0,0.0,2.0,5.0,2,4.0,1,39
0,501.0,45800.0,0.0,42,0.0,69,6.0,111,3.0,16.0,20,1.0,2.0,2,1,2,2.0,1,2.0,1000,2.0,0.0,2.0,2.0,1,2.0,0,2.0,1985.0,1,999,1.0,1,40.0,12400.0,38,52.0,35,0.0,100,1.0,1,2,3.0,0.0,2.0,5.0,2,4.0,1,61
0,501.0,57400.0,2400.0,02,0.0,01,1.0,111,1.0,21.0,21,1.0,1.0,1,1,2,2.0,1,2.0,1000,3.0,0.0,3.0,2.0,1,2.0,0,3.0,1985.0,1,999,6.0,1,22.0,0.0,38,52.0,37,55000.0,100,1.0,1,2,3.0,0.0,2.0,5.0,1,4.0,1,59
0,185.0,29000.0,29000.0,52,29000.0,68,1.0,82,1.0,19.0,20,6.0,1.0,2,5,0,2.0,1,2.0,1000,3.0,0.0,3.0,2.0,1,2.0,0,3.0,1995.0,1,32,1.0,1,85.0,0.0,38,52.0,165,0.0,600,1.0,2,2,3.0,0.0,2.0,5.0,2,4.0,1,38
1,94.0,28900.0,16000.0,46,0.0,84,1.0,32,1.0,16.0,20,4.0,1.0,2,3,0,2.0,1,2.0,1000,3.0,0.0,3.0,2.0,1,2.0,0,3.0,2010.0,1,999,6.0,1,40.0,0.0,38,52.0,13,0.0,400,1.0,1,2,3.0,0.0,2.0,5.0,2,4.0,1,38
0,351.0,90000.0,90000.0,01,90000.0,66,1.0,190,1.0,21.0,20,1.0,1.0,2,1,0,2.0,17,2.0,9000,3.0,0.0,3.0,2.0,9,2.0,1,3.0,2009.0,1,999,1.0,1,40.0,0.0,13,52.0,102,0.0,100,1.0,1,2,3.0,0.0,2.0,5.0,2,4.0,1,44
0,351.0,50000.0,50000.0,06,50000.0,07,1.0,21,1.0,21.0,21,1.0,1.0,2,1,0,2.0,17,2.0,9000,2.0,0.0,2.0,2.0,9,2.0,1,3.0,2009.0,1,171,1.0,1,48.0,0.0,53,52.0,84,0.0,100,1.0,2,2,3.0,0.0,2.0,5.0,2,4.0,1,44
0,307.0,47700.0,47700.0,32,47700.0,80,1.0,999,1.0,20.0,22,6.0,1.0,2,5,0,2.0,1,2.0,1000,2.0,0.0,2.0,2.0,1,2.0,0,2.0,1995.0,1,999,1.0,1,36.0,0.0,48,52.0,40,0.0,400,1.0,4,2,1.0,0.0,2.0,5.0,2,4.0,1,52
0,501.0,30000.0,30000.0,03,30000.0,86,1.0,32,1.0,22.0,20,1.0,1.0,2,1,2,2.0,1,2.0,1000,3.0,0.0,3.0,2.0,1,2.0,0,3.0,1994.0,1,89,1.0,1,50.0,0.0,38,52.0,13,0.0,100,1.0,2,2,3.0,0.0,2.0,5.0,2,4.0,1,53
0,501.0,22400.0,0.0,42,0.0,69,6.0,91,3.0,21.0,21,1.0,2.0,1,1,0,1.0,1,1.0,1000,2.0,0.0,2.0,1.0,1,1.0,0,2.0,1985.0,1,32,1.0,1,40.0,16900.0,38,52.0,121,0.0,300,1.0,2,2,3.0,0.0,2.0,5.0,2,4.0,1,64
0,253.0,28000.0,28000.0,26,28000.0,54,1.0,32,1.0,16.0,20,1.0,1.0,2,1,0,2.0,1,2.0,1000,3.0,0.0,3.0,2.0,1,2.0,0,3.0,2017.0,1,999,1.0,1,40.0,0.0,38,52.0,177,0.0,200,1.0,1,2,3.0,0.0,2.0,5.0,2,4.0,1,29
0,253.0,50000.0,50000.0,70,50000.0,85,1.0,999,1.0,16.0,21,1.0,1.0,2,1,0,2.0,1,2.0,1000,3.0,0.0,3.0,2.0,1,2.0,0,3.0,2017.0,1,999,4.0,1,40.0,0.0,38,52.0,249,0.0,200,1.0,4,2,3.0,0.0,2.0,5.0,2,4.0,1,30
1,6.0,1100.0,0.0,06,0.0,69,6.0,122,2.0,20.0,20,4.0,2.0,1,3,0,2.0,1,1.0,1000,2.0,0.0,2.0,1.0,1,2.0,0,2.0,1995.0,1,32,1.0,1,40.0,1100.0,53,52.0,72,0.0,500,1.0,2,2,3.0,0.0,2.0,3.0,2,4.0,1,55
0,216.0,34000.0,34000.0,64,34000.0,28,1.0,82,1.0,14.0,22,6.0,1.0,2,5,0,2.0,1,2.0,1000,1.0,0.0,3.0,2.0,1,2.0,0,3.0,1995.0,1,999,1.0,1,40.0,0.0,53,52.0,49,0.0,500,1.0,1,2,3.0,0.0,2.0,5.0,2,4.0,1,34
0,442.0,65000.0,65000.0,35,65000.0,82,1.0,22,1.0,20.0,20,1.0,1.0,2,1,2,2.0,1,2.0,1000,3.0,0.0,3.0,2.0,1,2.0,0,3.0,2014.0,1,50,1.0,1,42.0,0.0,51,52.0,76,0.0,300,1.0,2,2,3.0,0.0,2.0,5.0,2,4.0,1,39
0,442.0,22500.0,22500.0,77,22500.0,30,1.0,32,1.0,16.0,21,1.0,1.0,2,1,2,2.0,1,2.0,1000,3.0,0.0,3.0,2.0,1,2.0,0,3.0,2014.0,1,50,1.0,1,50.0,0.0,38,20.0,105,0.0,300,1.0,2,2,3.0,0.0,2.0,5.0,2,2.0,1,46
0,57.0,0.0,0.0,42,0.0,69,6.0,50,3.0,16.0,20,1.0,2.0,1,1,0,1.0,1,1.0,1000,2.0,0.0,2.0,1.0,1,2.0,0,2.0,1978.0,1,22,1.0,1,40.0,0.0,6,52.0,35,0.0,400,1.0,2,2,3.0,0.0,2.0,5.0,2,4.0,1,63
0,57.0,11500.0,7000.0,89,7000.0,63,1.0,919,1.0,15.0,21,1.0,1.0,2,1,0,2.0,17,2.0,9000,3.0,0.0,3.0,2.0,9,2.0,1,3.0,1978.0,1,999,1.0,1,50.0,0.0,6,52.0,48,0.0,400,1.0,1,2,3.0,0.0,2.0,5.0,2,4.0,1,64
1,63.0,9400.0,9400.0,52,9400.0,75,1.0,920,1.0,20.0,20,4.0,1.0,2,3,0,2.0,3,2.0,5025,3.0,0.0,3.0,2.0,5,2.0,1,3.0,2005.0,0,999,1.0,1,20.0,0.0,38,52.0,183,0.0,400,1.0,1,2,3.0,0.0,2.0,5.0,2,4.0,1,37
1,63.0,6000.0,6000.0,52,6000.0,53,6.0,920,1.0,16.0,25,6.0,2.0,2,5,0,2.0,3,2.0,5025,2.0,0.0,2.0,2.0,5,2.0,1,2.0,1995.0,0,999,1.0,1,36.0,0.0,38,12.0,132,0.0,400,3.0,1,2,3.0,0.0,2.0,5.0,2,4.0,1,18
1,96.0,15000.0,15000.0,61,15000.0,94,1.0,917,1.0,19.0,20,6.0,1.0,2,5,0,2.0,3,2.0,5013,3.0,0.0,3.0,2.0,3,2.0,1,3.0,1995.0,0,999,4.0,1,40.0,0.0,38,28.0,125,0.0,400,3.0,1,2,3.0,0.0,2.0,5.0,2,4.0,1,46
1,0.0,0.0,0.0,47,0.0,49,6.0,148,2.0,19.0,22,6.0,2.0,2,5,0,2.0,1,2.0,1000,2.0,0.0,2.0,2.0,1,2.0,0,2.0,1995.0,1,142,1.0,1,40.0,0.0,38,52.0,66,0.0,400,3.0,2,2,3.0,0.0,2.0,5.0,2,4.0,1,46
0,312.0,48600.0,48600.0,35,48600.0,81,1.0,82,1.0,20.0,20,6.0,1.0,2,5,0,2.0,1,2.0,1000,2.0,0.0,3.0,2.0,1,2.0,0,3.0,1995.0,1,434,1.0,1,36.0,0.0,38,52.0,103,0.0,600,1.0,2,2,3.0,0.0,2.0,5.0,2,4.0,1,26
0,392.0,61000.0,61000.0,03,61000.0,86,1.0,20,1.0,19.0,22,6.0,1.0,2,5,0,2.0,1,2.0,1000,2.0,0.0,2.0,2.0,1,2.0,0,2.0,1995.0,1,50,1.0,1,50.0,0.0,38,52.0,137,0.0,600,1.0,2,2,3.0,0.0,2.0,5.0,2,4.0,1,27
0,65.0,10040.0,440.0,62,440.0,53,1.0,82,1.0,19.0,20,6.0,1.0,2,5,0,2.0,1,2.0,1000,3.0,9600.0,3.0,2.0,1,2.0,0,3.0,1995.0,1,32,1.0,1,10.0,0.0,38,1.0,122,0.0,100,3.0,2,2,3.0,0.0,2.0,5.0,2,4.0,1,33
0,372.0,51300.0,51300.0,02,58000.0,69,1.0,82,1.0,19.0,20,1.0,1.0,2,1,0,2.0,1,2.0,1000,3.0,0.0,3.0,2.0,1,2.0,0,3.0,1987.0,1,999,6.0,1,70.0,0.0,38,52.0,12,0.0,500,1.0,1,2,3.0,0.0,2.0,5.0,2,4.0,1,56
0,372.0,23500.0,23500.0,01,23500.0,68,1.0,114,1.0,19.0,21,1.0,1.0,2,1,0,2.0,1,2.0,1000,3.0,0.0,3.0,2.0,1,2.0,0,3.0,1987.0,1,999,1.0,1,17.0,0.0,38,52.0,13,0.0,500,1.0,1,2,3.0,0.0,2.0,5.0,2,4.0,1,57
0,438.0,60000.0,60000.0,16,60000.0,94,1.0,32,1.0,21.0,20,1.0,1.0,2,1,0,2.0,1,2.0,1000,3.0,0.0,3.0,2.0,1,2.0,0,3.0,2014.0,1,82,4.0,1,40.0,0.0,38,52.0,19,0.0,100,1.0,2,2,3.0,0.0,2.0,5.0,2,4.0,1,39
0,438.0,75000.0,75000.0,20,75000.0,94,1.0,82,1.0,22.0,21,1.0,1.0,2,1,0,2.0,1,2.0,1000,3.0,0.0,3.0,2.0,1,2.0,0,3.0,2014.0,1,32,4.0,1,40.0,0.0,38,52.0,15,0.0,100,1.0,2,2,3.0,0.0,2.0,5.0,2,4.0,1,39
0,199.0,9300.0,0.0,57,0.0,91,6.0,122,2.0,18.0,21,1.0,2.0,2,1,0,2.0,1,2.0,1000,2.0,0.0,2.0,2.0,1,2.0,0,2.0,1977.0,1,999,2.0,1,40.0,9300.0,38,52.0,35,0.0,300,1.0,1,2,3.0,0.0,2.0,5.0,2,4.0,1,65
0,64.0,10000.0,10000.0,02,0.0,01,6.0,32,1.0,16.0,20,6.0,2.0,2,5,2,2.0,1,2.0,1000,2.0,0.0,2.0,2.0,1,2.0,0,2.0,1995.0,1,148,6.0,1,6.0,0.0,38,2.0,15,0.0,400,1.0,2,2,3.0,0.0,2.0,5.0,2,4.0,1,52
0,501.0,56000.0,56000.0,04,56000.0,94,1.0,122,1.0,21.0,20,1.0,1.0,2,1,0,2.0,1,2.0,1000,3.0,0.0,3.0,2.0,1,2.0,0,3.0,2001.0,1,999,4.0,1,40.0,0.0,38,52.0,23,0.0,200,1.0,1,2,3.0,0.0,2.0,5.0,2,4.0,1,44
0,501.0,136000.0,136000.0,47,136000.0,42,1.0,122,1.0,20.0,21,1.0,1.0,2,1,0,2.0,1,2.0,1000,3.0,0.0,3.0,2.0,1,2.0,0,3.0,2001.0,1,999,1.0,1,40.0,0.0,38,52.0,19,0.0,200,1.0,1,2,3.0,0.0,2.0,5.0,2,4.0,1,44
0,501.0,6000.0,6000.0,65,6000.0,07,1.0,122,1.0,14.0,25,6.0,1.0,2,5,0,2.0,1,2.0,1000,3.0,0.0,3.0,2.0,1,2.0,0,3.0,1995.0,1,999,1.0,1,40.0,0.0,38,16.0,13,0.0,200,1.0,1,2,3.0,0.0,2.0,5.0,2,4.0,1,18
1,69.0,11000.0,11000.0,96,11000.0,53,6.0,999,1.0,15.0,20,6.0,1.0,2,5,0,2.0,1,2.0,1000,3.0,0.0,3.0,2.0,1,2.0,0,3.0,1995.0,1,999,1.0,1,28.0,0.0,38,38.0,211,0.0,300,3.0,4,2,3.0,0.0,2.0,5.0,2,4.0,1,21
0,50.0,8000.0,8000.0,41,8000.0,86,1.0,999,1.0,18.0,34,6.0,1.0,2,5,0,2.0,1,2.0,1000,3.0,0.0,3.0,2.0,1,2.0,0,3.0,1995.0,1,999,1.0,1,35.0,0.0,32,49.0,239,0.0,300,1.0,4,2,3.0,0.0,2.0,5.0,2,4.0,1,22
0,183.0,29000.0,29000.0,88,29000.0,21,1.0,999,1.0,12.0,34,6.0,1.0,2,5,0,2.0,1,2.0,1000,3.0,0.0,3.0,2.0,1,2.0,0,3.0,1995.0,1,999,1.0,1,40.0,0.0,38,52.0,238,0.0,300,1.0,4,2,3.0,0.0,2.0,5.0,2,4.0,1,22
1,75.0,12000.0,12000.0,52,12000.0,44,1.0,999,1.0,19.0,34,6.0,1.0,2,5,0,2.0,1,2.0,1000,3.0,0.0,3.0,2.0,1,2.0,0,3.0,1995.0,1,999,1.0,1,34.0,0.0,26,49.0,240,0.0,300,1.0,4,2,3.0,0.0,2.0,5.0,2,4.0,1,21
0,480.0,73500.0,70000.0,02,0.0,01,1.0,32,1.0,20.0,20,6.0,1.0,2,5,1,2.0,1,2.0,1000,3.0,0.0,3.0,2.0,1,2.0,0,3.0,1995.0,1,26,6.0,1,55.0,0.0,38,52.0,23,3500.0,200,1.0,2,2,3.0,0.0,2.0,5.0,2,4.0,1,36
0,353.0,35000.0,35000.0,36,35000.0,81,1.0,89,1.0,18.0,20,1.0,1.0,2,1,0,2.0,1,2.0,1000,3.0,0.0,3.0,2.0,1,2.0,0,3.0,2020.0,1,999,2.0,1,40.0,0.0,41,40.0,141,0.0,200,1.0,1,2,3.0,0.0,2.0,5.0,2,4.0,1,35
0,353.0,70000.0,70000.0,96,70000.0,48,1.0,50,1.0,17.0,21,1.0,1.0,2,1,0,2.0,1,2.0,1000,3.0,0.0,3.0,2.0,1,2.0,0,3.0,2020.0,1,999,1.0,1,60.0,0.0,27,52.0,156,0.0,200,1.0,1,2,3.0,0.0,2.0,5.0,2,4.0,1,35
0,441.0,74000.0,68000.0,16,68000.0,10,1.0,999,1.0,24.0,20,1.0,1.0,2,1,0,2.0,1,2.0,1000,3.0,0.0,3.0,2.0,1,2.0,0,3.0,1996.0,1,999,1.0,1,32.0,0.0,45,52.0,31,6000.0,400,1.0,4,2,3.0,0.0,2.0,5.0,2,4.0,1,51
0,441.0,60000.0,60000.0,98,60000.0,97,4.0,999,1.0,21.0,21,1.0,1.0,2,1,0,2.0,1,2.0,1000,3.0,0.0,3.0,2.0,1,2.0,0,3.0,1996.0,1,999,5.0,1,40.0,0.0,1,52.0,25,0.0,400,1.0,4,2,3.0,0.0,2.0,5.0,2,1.0,1,54
0,57.0,12000.0,12000.0,40,0.0,86,1.0,706,1.0,22.0,20,5.0,1.0,2,4,1,2.0,5,2.0,4000,3.0,0.0,3.0,2.0,6,2.0,0,3.0,2019.0,0,999,6.0,4,60.0,0.0,207,14.0,28,0.0,400,3.0,1,2,3.0,0.0,2.0,5.0,2,4.0,1,40
0,192.0,30000.0,30000.0,59,30000.0,78,1.0,920,1.0,20.0,20,1.0,1.0,2,1,0,2.0,3,2.0,5013,3.0,0.0,3.0,2.0,3,2.0,1,3.0,1995.0,0,999,3.0,1,40.0,0.0,38,52.0,130,0.0,100,1.0,1,2,3.0,0.0,2.0,5.0,2,4.0,1,54
1,192.0,23000.0,0.0,42,0.0,69,6.0,920,3.0,20.0,21,1.0,2.0,1,1,0,2.0,3,1.0,5013,2.0,0.0,2.0,1.0,3,2.0,1,2.0,1995.0,0,999,1.0,1,40.0,0.0,38,52.0,108,0.0,100,1.0,1,2,3.0,0.0,2.0,5.0,2,4.0,1,58
0,192.0,17000.0,17000.0,25,17000.0,78,1.0,999,1.0,14.0,25,6.0,1.0,2,5,0,2.0,3,2.0,5013,3.0,0.0,3.0,2.0,3,2.0,1,3.0,1995.0,0,999,3.0,1,40.0,0.0,38,40.0,88,0.0,100,1.0,4,2,3.0,0.0,2.0,5.0,2,4.0,1,28
0,193.0,30000.0,30000.0,20,30000.0,91,1.0,999,1.0,18.0,36,6.0,1.0,2,5,0,2.0,3,2.0,5013,3.0,0.0,3.0,2.0,3,2.0,1,3.0,1995.0,0,999,7.0,1,40.0,0.0,38,52.0,247,0.0,100,1.0,4,2,3.0,0.0,2.0,5.0,2,4.0,1,30
0,381.0,30000.0,30000.0,91,30000.0,44,1.0,82,1.0,16.0,20,1.0,1.0,2,1,0,2.0,1,2.0,1000,2.0,0.0,3.0,2.0,1,2.0,0,3.0,1997.0,1,999,1.0,1,45.0,0.0,38,52.0,16,0.0,500,1.0,1,2,3.0,0.0,2.0,1.0,2,4.0,1,65
0,381.0,40000.0,40000.0,36,40000.0,81,1.0,82,1.0,20.0,21,1.0,1.0,2,1,0,2.0,1,2.0,1000,2.0,0.0,2.0,2.0,1,2.0,0,1.0,1997.0,1,999,2.0,1,43.0,0.0,27,40.0,19,0.0,500,1.0,1,2,2.0,0.0,2.0,1.0,2,4.0,1,50
0,221.0,35000.0,35000.0,54,35000.0,48,1.0,171,1.0,21.0,20,6.0,1.0,2,5,0,2.0,1,2.0,1000,3.0,0.0,3.0,2.0,1,2.0,0,3.0,1995.0,1,999,1.0,1,40.0,0.0,38,52.0,11,0.0,200,1.0,1,2,3.0,0.0,2.0,5.0,2,4.0,1,28
1,261.0,93000.0,50000.0,36,50000.0,82,1.0,996,1.0,18.0,20,6.0,1.0,2,5,0,2.0,1,2.0,1000,3.0,0.0,3.0,2.0,1,2.0,0,3.0,1995.0,1,999,1.0,1,53.0,0.0,37,52.0,45,0.0,400,3.0,3,2,3.0,0.0,2.0,5.0,2,4.0,1,28
1,501.0,12000.0,12000.0,25,12000.0,84,1.0,999,1.0,16.0,21,1.0,1.0,2,1,0,2.0,1,2.0,1000,3.0,0.0,3.0,2.0,1,2.0,0,3.0,2020.0,1,999,1.0,1,40.0,0.0,38,52.0,59,0.0,100,1.0,4,2,3.0,0.0,2.0,5.0,2,4.0,1,44
0,501.0,8800.0,8800.0,51,0.0,01,1.0,82,1.0,21.0,21,1.0,1.0,2,1,0,2.0,1,2.0,1000,3.0,0.0,3.0,2.0,1,2.0,0,3.0,1983.0,1,32,6.0,1,40.0,0.0,38,52.0,32,0.0,400,1.0,2,2,3.0,0.0,2.0,5.0,2,4.0,1,60
0,501.0,150000.0,150000.0,11,150000.0,24,1.0,999,1.0,18.0,20,1.0,1.0,2,1,2,2.0,17,2.0,9000,3.0,0.0,2.0,2.0,9,2.0,1,2.0,2008.0,1,999,1.0,1,90.0,0.0,24,52.0,57,0.0,400,1.0,4,2,3.0,0.0,2.0,5.0,2,2.0,1,48
0,501.0,29000.0,29000.0,47,29000.0,50,1.0,210,1.0,15.0,21,1.0,1.0,2,1,0,2.0,1,2.0,1000,3.0,0.0,3.0,2.0,1,2.0,0,3.0,2008.0,1,999,1.0,1,36.0,0.0,6,52.0,59,0.0,400,1.0,1,2,3.0,0.0,2.0,5.0,2,4.0,2,44
0,96.0,15000.0,15000.0,15,15000.0,75,1.0,51,1.0,16.0,20,6.0,1.0,2,5,2,2.0,1,2.0,1000,3.0,0.0,3.0,2.0,1,2.0,0,3.0,1995.0,1,142,1.0,1,40.0,0.0,36,29.0,100,0.0,300,3.0,2,2,3.0,0.0,2.0,5.0,2,4.0,1,21
0,437.0,84220.0,84000.0,07,84000.0,69,1.0,26,1.0,21.0,20,1.0,1.0,2,1,0,2.0,1,2.0,1000,3.0,0.0,3.0,2.0,1,2.0,0,3.0,2010.0,1,32,1.0,1,40.0,0.0,38,52.0,182,220.0,600,1.0,2,2,3.0,0.0,2.0,5.0,2,4.0,1,35
0,437.0,177000.0,177000.0,50,177000.0,72,1.0,122,1.0,22.0,21,1.0,1.0,2,1,0,2.0,1,2.0,1000,3.0,0.0,3.0,2.0,1,2.0,0,3.0,2010.0,1,999,1.0,1,45.0,0.0,38,52.0,173,0.0,600,1.0,1,2,3.0,0.0,2.0,5.0,2,4.0,1,35
0,165.0,26000.0,26000.0,22,26000.0,78,1.0,22,1.0,24.0,20,6.0,1.0,2,5,0,2.0,1,2.0,1000,3.0,0.0,3.0,2.0,1,2.0,0,3.0,1995.0,1,32,4.0,5,40.0,0.0,110,44.0,210,0.0,600,3.0,2,2,3.0,0.0,2.0,5.0,2,4.0,1,30
0,498.0,90320.0,90000.0,60,90000.0,01,1.0,32,1.0,21.0,20,1.0,1.0,2,1,0,2.0,1,2.0,1000,3.0,0.0,3.0,2.0,1,2.0,0,3.0,2016.0,1,50,5.0,1,40.0,0.0,19,52.0,143,0.0,100,1.0,2,2,3.0,0.0,2.0,5.0,2,2.0,1,43
0,498.0,90000.0,90000.0,51,90000.0,75,1.0,98,1.0,20.0,21,1.0,1.0,2,1,0,2.0,1,2.0,1000,3.0,0.0,3.0,2.0,1,2.0,0,3.0,2016.0,1,999,1.0,1,50.0,0.0,38,52.0,165,0.0,100,1.0,1,2,3.0,0.0,2.0,5.0,2,4.0,1,37
0,501.0,140000.0,140000.0,20,140000.0,91,1.0,32,1.0,21.0,20,1.0,1.0,2,1,0,2.0,1,2.0,1000,3.0,0.0,3.0,2.0,1,2.0,0,3.0,2011.0,1,999,2.0,1,40.0,0.0,38,52.0,145,0.0,300,1.0,1,2,3.0,0.0,2.0,5.0,2,4.0,1,45
0,501.0,32000.0,32000.0,23,32000.0,78,1.0,22,1.0,22.0,21,1.0,1.0,1,1,0,2.0,1,2.0,1000,3.0,0.0,3.0,2.0,1,2.0,0,3.0,2011.0,1,999,3.0,1,24.0,0.0,38,52.0,120,0.0,300,1.0,1,1,3.0,0.0,2.0,5.0,2,4.0,1,40
0,242.0,55000.0,55000.0,91,55000.0,44,1.0,290,1.0,21.0,21,1.0,1.0,1,1,0,2.0,29,2.0,9000,3.0,0.0,3.0,2.0,9,2.0,0,3.0,1985.0,1,999,1.0,1,50.0,0.0,30,52.0,56,0.0,100,1.0,1,2,3.0,0.0,2.0,5.0,1,4.0,2,65
0,501.0,114000.0,0.0,42,0.0,69,6.0,82,3.0,22.0,20,1.0,2.0,1,1,0,1.0,1,2.0,1000,2.0,0.0,2.0,1.0,1,2.0,0,2.0,1978.0,1,999,1.0,1,40.0,23000.0,6,52.0,64,0.0,200,1.0,1,2,3.0,0.0,2.0,5.0,1,2.0,1,62
0,501.0,0.0,0.0,42,0.0,69,6.0,51,3.0,19.0,21,1.0,2.0,2,1,0,2.0,1,2.0,1000,2.0,0.0,2.0,2.0,1,2.0,0,2.0,1978.0,1,999,1.0,1,40.0,0.0,37,52.0,78,0.0,200,1.0,1,2,3.0,0.0,2.0,5.0,2,4.0,1,63
0,501.0,92000.0,92000.0,68,92000.0,04,1.0,32,1.0,18.0,20,6.0,1.0,2,5,0,2.0,1,2.0,1000,3.0,0.0,3.0,2.0,1,2.0,0,3.0,1995.0,1,999,1.0,1,40.0,0.0,27,52.0,446,0.0,200,3.0,1,2,3.0,0.0,2.0,5.0,2,4.0,1,27
0,455.0,70000.0,70000.0,87,70000.0,46,1.0,32,1.0,20.0,20,4.0,1.0,2,3,0,2.0,1,2.0,1000,3.0,0.0,3.0,2.0,1,2.0,0,3.0,2011.0,1,999,1.0,1,45.0,0.0,46,52.0,20,0.0,300,1.0,1,2,3.0,0.0,2.0,5.0,2,4.0,1,50
0,305.0,47000.0,47000.0,06,47000.0,77,1.0,32,1.0,19.0,22,4.0,1.0,2,3,0,2.0,1,2.0,1000,3.0,0.0,3.0,2.0,1,2.0,0,3.0,2010.0,1,112,1.0,1,45.0,0.0,38,52.0,12,0.0,300,1.0,2,2,3.0,0.0,2.0,5.0,2,4.0,1,44
0,501.0,100000.0,80000.0,30,80000.0,79,1.0,32,1.0,24.0,20,1.0,1.0,2,1,0,2.0,1,2.0,1000,3.0,0.0,3.0,2.0,1,2.0,0,3.0,2003.0,1,999,7.0,1,36.0,0.0,38,50.0,99,20000.0,300,1.0,1,2,3.0,0.0,2.0,5.0,2,4.0,1,44
0,501.0,96000.0,96000.0,08,96000.0,68,1.0,32,1.0,21.0,21,1.0,1.0,2,1,0,2.0,1,2.0,1000,3.0,0.0,3.0,2.0,1,2.0,0,3.0,2003.0,1,999,1.0,1,40.0,0.0,38,52.0,73,0.0,300,1.0,1,2,3.0,0.0,2.0,5.0,2,4.0,1,44
0,501.0,20500.0,0.0,42,0.0,69,6.0,82,3.0,16.0,21,1.0,2.0,2,1,0,2.0,1,2.0,1000,2.0,0.0,2.0,2.0,1,2.0,0,2.0,1980.0,1,999,1.0,1,40.0,19000.0,38,52.0,35,1500.0,100,1.0,1,2,3.0,0.0,2.0,5.0,2,4.0,1,62
0,501.0,163800.0,88000.0,48,0.0,69,1.0,996,1.0,21.0,20,4.0,1.0,1,3,2,2.0,17,2.0,9000,3.0,0.0,3.0,1.0,9,2.0,1,3.0,1997.0,1,999,6.0,1,35.0,13600.0,8,52.0,152,49700.0,400,1.0,3,2,3.0,0.0,2.0,5.0,2,4.0,1,47
0,391.0,61000.0,50000.0,52,50000.0,68,1.0,999,1.0,18.0,21,1.0,1.0,2,1,0,2.0,1,2.0,1000,3.0,0.0,3.0,2.0,1,2.0,0,3.0,1978.0,1,999,1.0,1,40.0,11000.0,38,52.0,88,0.0,400,1.0,4,2,3.0,0.0,2.0,5.0,2,4.0,1,65
0,501.0,85000.0,85000.0,89,85000.0,22,1.0,999,1.0,16.0,20,6.0,1.0,2,5,0,2.0,1,2.0,1000,3.0,0.0,3.0,2.0,1,2.0,0,3.0,1995.0,1,999,1.0,1,55.0,0.0,38,52.0,187,0.0,100,1.0,4,2,3.0,0.0,2.0,5.0,2,4.0,1,26
0,385.0,60000.0,60000.0,46,60000.0,84,1.0,999,1.0,21.0,22,6.0,1.0,2,5,0,2.0,1,2.0,1000,3.0,0.0,3.0,2.0,1,2.0,0,3.0,1995.0,1,999,1.0,1,40.0,0.0,38,52.0,156,0.0,100,1.0,4,2,3.0,0.0,2.0,5.0,2,4.0,1,26
0,23.0,3400.0,0.0,42,0.0,69,6.0,917,3.0,11.0,20,6.0,2.0,1,5,0,1.0,3,1.0,5013,2.0,0.0,2.0,1.0,3,2.0,1,2.0,1995.0,0,999,1.0,1,40.0,0.0,17,52.0,37,0.0,100,1.0,1,2,3.0,3400.0,2.0,5.0,2,4.0,1,65
0,195.0,30000.0,30000.0,82,30000.0,23,1.0,599,1.0,21.0,20,6.0,1.0,2,5,0,2.0,2,2.0,3000,3.0,0.0,3.0,2.0,2,2.0,0,3.0,1995.0,0,999,1.0,6,40.0,0.0,429,52.0,161,0.0,600,1.0,1,2,3.0,0.0,2.0,5.0,2,4.0,1,38
0,501.0,1100.0,0.0,42,0.0,69,6.0,49,3.0,16.0,20,1.0,2.0,2,1,2,2.0,1,2.0,1000,2.0,0.0,2.0,2.0,1,2.0,0,2.0,1985.0,1,22,1.0,1,40.0,0.0,38,52.0,32,0.0,500,1.0,2,2,3.0,0.0,2.0,5.0,2,4.0,1,59
0,501.0,100000.0,100000.0,02,0.0,01,6.0,32,1.0,16.0,21,1.0,2.0,1,1,2,2.0,1,2.0,1000,2.0,0.0,2.0,2.0,1,2.0,0,2.0,1985.0,1,50,6.0,1,40.0,0.0,38,52.0,29,0.0,500,1.0,2,2,3.0,0.0,2.0,5.0,1,4.0,1,64
0,501.0,101200.0,100000.0,32,100000.0,81,1.0,82,1.0,22.0,20,1.0,1.0,2,1,0,2.0,1,2.0,1000,3.0,0.0,3.0,2.0,1,2.0,0,3.0,1984.0,1,999,5.0,1,40.0,0.0,24,52.0,60,1200.0,100,1.0,1,2,3.0,0.0,2.0,5.0,2,4.0,1,60
0,501.0,80000.0,80000.0,10,80000.0,68,1.0,32,1.0,21.0,21,1.0,1.0,2,1,0,2.0,1,2.0,1000,1.0,0.0,1.0,2.0,1,2.0,0,3.0,1984.0,1,999,1.0,1,40.0,0.0,19,52.0,44,0.0,100,1.0,1,2,2.0,0.0,2.0,1.0,2,4.0,1,62
0,448.0,84010.0,84000.0,15,84000.0,93,1.0,939,1.0,21.0,20,1.0,1.0,1,1,0,2.0,1,2.0,1000,2.0,0.0,2.0,2.0,1,2.0,0,2.0,2019.0,1,999,4.0,1,50.0,0.0,38,52.0,154,10.0,300,1.0,1,2,2.0,0.0,2.0,5.0,1,4.0,1,61
1,501.0,10600.0,0.0,42,0.0,69,6.0,999,3.0,17.0,20,1.0,2.0,1,1,0,2.0,1,2.0,1000,2.0,10600.0,2.0,1.0,1,2.0,0,2.0,2020.0,1,999,1.0,1,40.0,0.0,27,52.0,159,0.0,600,1.0,4,2,3.0,0.0,2.0,5.0,2,4.0,1,53
1,501.0,360.0,360.0,68,360.0,04,6.0,82,1.0,12.0,25,6.0,2.0,2,5,0,2.0,1,2.0,1000,2.0,0.0,2.0,2.0,1,2.0,0,2.0,1995.0,1,50,1.0,1,8.0,0.0,27,1.0,131,0.0,600,1.0,2,2,2.0,0.0,2.0,1.0,2,4.0,1,22
0,435.0,130000.0,130000.0,86,130000.0,20,1.0,91,1.0,11.0,20,1.0,1.0,2,1,1,2.0,1,2.0,1000,3.0,0.0,3.0,2.0,1,2.0,0,3.0,2000.0,1,999,1.0,1,48.0,0.0,42,52.0,765,0.0,100,1.0,1,2,3.0,0.0,2.0,5.0,2,4.0,1,43
0,435.0,0.0,0.0,42,0.0,69,6.0,91,3.0,11.0,21,1.0,2.0,2,1,1,2.0,1,2.0,1000,2.0,0.0,2.0,2.0,1,2.0,0,2.0,2000.0,1,999,1.0,1,40.0,0.0,39,52.0,438,0.0,100,1.0,1,2,3.0,0.0,2.0,5.0,2,4.0,1,41
1,90.0,10600.0,10600.0,47,10600.0,53,1.0,82,1.0,19.0,20,4.0,1.0,2,3,0,2.0,1,2.0,1000,2.0,0.0,2.0,2.0,1,2.0,0,2.0,2009.0,1,20,1.0,1,10.0,0.0,38,52.0,11,0.0,200,1.0,2,2,2.0,0.0,2.0,5.0,2,4.0,1,51
1,90.0,10700.0,10700.0,40,10700.0,86,1.0,82,1.0,20.0,25,6.0,1.0,2,5,0,2.0,1,2.0,1000,2.0,0.0,2.0,2.0,1,2.0,0,2.0,1995.0,1,20,1.0,1,32.0,0.0,38,52.0,9,0.0,200,1.0,2,2,2.0,0.0,2.0,5.0,2,4.0,1,19
1,90.0,0.0,0.0,42,0.0,69,6.0,82,3.0,14.0,25,6.0,2.0,1,5,0,1.0,1,1.0,1000,2.0,0.0,2.0,1.0,1,2.0,0,2.0,1995.0,1,20,1.0,1,40.0,0.0,38,52.0,11,0.0,200,1.0,2,2,2.0,0.0,2.0,5.0,2,4.0,1,18
0,501.0,115000.0,115000.0,37,115000.0,94,1.0,82,1.0,21.0,20,1.0,1.0,2,1,0,2.0,1,2.0,1000,3.0,0.0,3.0,2.0,1,2.0,0,3.0,1989.0,1,999,3.0,1,52.0,0.0,38,52.0,51,0.0,600,1.0,1,2,3.0,0.0,2.0,5.0,2,4.0,1,54
0,501.0,0.0,0.0,42,0.0,69,6.0,999,3.0,16.0,21,1.0,1.0,1,1,0,2.0,1,1.0,1000,3.0,0.0,3.0,1.0,1,2.0,0,3.0,1989.0,1,999,1.0,1,40.0,0.0,38,52.0,60,0.0,600,1.0,4,1,3.0,0.0,2.0,5.0,2,4.0,1,55
0,501.0,80000.0,80000.0,91,80000.0,63,1.0,32,1.0,19.0,20,1.0,1.0,2,1,0,2.0,1,2.0,1000,3.0,0.0,3.0,2.0,1,2.0,0,3.0,2007.0,1,999,1.0,1,55.0,0.0,27,50.0,131,0.0,600,1.0,1,2,3.0,0.0,2.0,5.0,2,4.0,1,40
0,501.0,36000.0,36000.0,20,36000.0,80,1.0,89,1.0,22.0,21,1.0,1.0,2,1,0,2.0,1,2.0,1000,3.0,0.0,3.0,2.0,1,2.0,0,3.0,2007.0,1,999,7.0,1,45.0,0.0,38,52.0,124,0.0,600,1.0,1,2,3.0,0.0,2.0,5.0,2,4.0,1,43
0,449.0,45000.0,45000.0,51,45000.0,66,1.0,999,1.0,19.0,20,1.0,1.0,2,1,0,2.0,1,2.0,1000,3.0,0.0,3.0,2.0,1,2.0,0,3.0,1997.0,1,999,1.0,1,40.0,0.0,38,52.0,22,0.0,300,1.0,4,2,3.0,0.0,2.0,5.0,2,4.0,1,46
0,449.0,46000.0,25000.0,02,0.0,01,1.0,999,1.0,21.0,21,1.0,1.0,2,1,0,2.0,1,2.0,1000,3.0,0.0,3.0,2.0,1,2.0,0,3.0,1997.0,1,999,6.0,1,40.0,0.0,38,48.0,23,21000.0,300,1.0,4,2,3.0,0.0,2.0,5.0,2,4.0,1,57
0,501.0,48000.0,48000.0,46,48000.0,82,1.0,32,1.0,16.0,21,1.0,1.0,2,1,0,2.0,1,2.0,1000,3.0,0.0,3.0,2.0,1,2.0,0,3.0,1982.0,1,999,2.0,1,40.0,0.0,38,52.0,106,0.0,200,1.0,1,2,3.0,0.0,2.0,5.0,2,4.0,1,60
0,318.0,20000.0,20000.0,40,20000.0,86,1.0,210,1.0,16.0,20,1.0,1.0,2,1,0,2.0,15,2.0,8000,3.0,0.0,3.0,2.0,8,2.0,0,3.0,2019.0,0,999,1.0,1,40.0,0.0,48,52.0,103,0.0,400,2.0,1,2,3.0,0.0,2.0,5.0,2,4.0,2,30
0,318.0,43000.0,3000.0,91,3000.0,01,6.0,82,1.0,19.0,23,1.0,2.0,1,1,0,1.0,1,1.0,1000,2.0,0.0,2.0,2.0,1,1.0,0,2.0,2019.0,1,89,1.0,1,20.0,0.0,38,12.0,379,0.0,400,2.0,2,1,3.0,0.0,2.0,5.0,1,2.0,1,33
0,296.0,60000.0,0.0,74,0.0,05,6.0,32,2.0,19.0,20,1.0,2.0,2,1,0,2.0,1,2.0,1000,3.0,0.0,3.0,2.0,1,2.0,0,3.0,1982.0,1,999,1.0,1,40.0,0.0,38,52.0,128,0.0,200,1.0,1,2,3.0,0.0,2.0,5.0,2,4.0,1,61
0,296.0,0.0,0.0,52,0.0,66,6.0,32,2.0,20.0,21,1.0,1.0,2,1,0,2.0,1,2.0,1000,2.0,0.0,3.0,2.0,1,2.0,0,3.0,1982.0,1,148,1.0,1,40.0,0.0,38,52.0,180,0.0,200,1.0,2,2,3.0,0.0,2.0,5.0,2,4.0,1,60
0,283.0,36400.0,36400.0,50,36400.0,07,1.0,98,1.0,16.0,20,1.0,1.0,2,1,0,2.0,1,2.0,1000,3.0,0.0,3.0,2.0,1,2.0,0,3.0,2007.0,1,22,1.0,1,25.0,0.0,39,52.0,94,0.0,100,1.0,2,2,3.0,0.0,2.0,5.0,2,4.0,1,38
0,283.0,50000.0,50000.0,02,0.0,07,1.0,999,1.0,18.0,21,1.0,1.0,1,1,0,2.0,1,2.0,1000,3.0,0.0,3.0,2.0,1,2.0,0,3.0,2007.0,1,999,6.0,1,50.0,0.0,39,52.0,76,0.0,100,1.0,4,2,3.0,0.0,2.0,5.0,1,4.0,1,41
0,420.0,12000.0,12000.0,57,6000.0,35,1.0,32,1.0,19.0,20,1.0,1.0,2,1,1,2.0,1,2.0,1000,3.0,0.0,3.0,2.0,1,2.0,0,3.0,1983.0,1,999,1.0,1,24.0,0.0,2,10.0,21,0.0,200,1.0,1,2,3.0,0.0,2.0,5.0,2,4.0,1,59
0,420.0,71200.0,70000.0,04,0.0,07,1.0,98,1.0,16.0,21,1.0,1.0,1,1,1,2.0,1,2.0,1000,3.0,0.0,3.0,2.0,1,2.0,0,3.0,1983.0,1,22,6.0,1,80.0,0.0,38,52.0,18,1200.0,200,1.0,2,2,3.0,0.0,2.0,5.0,1,4.0,1,62
0,501.0,120000.0,100000.0,02,0.0,01,1.0,82,1.0,18.0,20,1.0,1.0,2,1,0,2.0,1,2.0,1000,3.0,0.0,3.0,2.0,1,2.0,0,3.0,1984.0,1,999,6.0,1,50.0,0.0,38,52.0,77,20000.0,400,1.0,1,2,3.0,0.0,2.0,5.0,2,4.0,1,64
0,501.0,2000.0,2000.0,34,2000.0,48,6.0,82,1.0,20.0,21,1.0,2.0,2,1,0,2.0,1,2.0,1000,2.0,0.0,2.0,2.0,1,2.0,0,2.0,1984.0,1,999,1.0,1,20.0,0.0,38,10.0,64,0.0,400,1.0,1,2,2.0,0.0,2.0,3.0,2,4.0,1,62
0,501.0,114000.0,114000.0,69,114000.0,03,1.0,32,1.0,16.0,21,1.0,1.0,2,1,0,2.0,1,2.0,1000,3.0,0.0,3.0,2.0,1,2.0,0,3.0,2016.0,1,999,1.0,1,40.0,0.0,38,52.0,52,0.0,300,3.0,1,2,3.0,0.0,2.0,5.0,2,4.0,1,28
0,501.0,80000.0,80000.0,00,80000.0,03,1.0,142,1.0,18.0,20,6.0,1.0,2,5,0,2.0,1,2.0,1000,3.0,0.0,2.0,2.0,1,2.0,0,3.0,1995.0,1,999,1.0,1,45.0,0.0,38,44.0,106,0.0,100,1.0,1,2,3.0,0.0,2.0,5.0,2,4.0,1,35
0,501.0,74000.0,74000.0,15,74000.0,74,1.0,87,1.0,18.0,20,1.0,1.0,2,1,0,2.0,1,2.0,1000,3.0,0.0,3.0,2.0,1,2.0,0,3.0,2018.0,1,920,4.0,1,40.0,0.0,27,52.0,49,0.0,500,1.0,2,2,3.0,0.0,2.0,5.0,2,4.0,1,41
0,501.0,50000.0,50000.0,35,50000.0,82,1.0,999,1.0,16.0,21,1.0,1.0,2,1,0,2.0,1,2.0,1000,3.0,0.0,3.0,2.0,1,2.0,0,3.0,2018.0,1,999,2.0,1,40.0,0.0,38,52.0,35,0.0,500,1.0,4,2,3.0,0.0,2.0,5.0,2,4.0,1,50
1,0.0,0.0,0.0,42,0.0,69,6.0,999,3.0,15.0,20,4.0,1.0,1,3,0,2.0,1,1.0,1000,3.0,0.0,3.0,1.0,1,2.0,0,3.0,1993.0,1,999,1.0,1,40.0,0.0,29,52.0,177,0.0,100,1.0,4,2,3.0,0.0,2.0,5.0,2,4.0,2,60
0,143.0,12010.0,110.0,00,110.0,93,1.0,88,1.0,16.0,20,1.0,1.0,2,1,1,2.0,1,2.0,1000,3.0,0.0,3.0,2.0,1,2.0,0,3.0,1981.0,1,82,3.0,1,1.0,10400.0,27,8.0,19,1500.0,100,1.0,2,2,3.0,0.0,2.0,5.0,2,4.0,1,63
0,143.0,16900.0,1000.0,42,1000.0,04,1.0,97,1.0,15.0,21,1.0,1.0,2,1,0,2.0,1,2.0,1000,3.0,0.0,3.0,2.0,1,2.0,0,3.0,1981.0,1,995,1.0,1,3.0,14400.0,38,10.0,18,1500.0,100,1.0,1,2,3.0,0.0,2.0,5.0,2,4.0,1,65
0,501.0,65000.0,65000.0,48,65000.0,68,1.0,32,1.0,20.0,20,1.0,1.0,2,1,0,2.0,1,2.0,1000,3.0,0.0,3.0,2.0,1,2.0,0,3.0,1980.0,1,999,1.0,1,32.0,0.0,38,52.0,50,0.0,200,1.0,1,2,3.0,0.0,2.0,5.0,2,4.0,1,62
0,501.0,57000.0,55000.0,91,48000.0,07,1.0,32,1.0,20.0,21,1.0,1.0,2,1,0,2.0,1,2.0,1000,3.0,0.0,3.0,2.0,1,2.0,0,3.0,1980.0,1,999,3.0,1,40.0,0.0,38,52.0,51,2000.0,200,1.0,1,2,3.0,0.0,2.0,5.0,2,4.0,1,64
0,182.0,28000.0,28000.0,47,28000.0,75,1.0,32,1.0,21.0,20,6.0,1.0,2,5,0,2.0,1,2.0,1000,3.0,0.0,3.0,2.0,1,2.0,0,3.0,1995.0,1,22,1.0,1,40.0,0.0,38,49.0,287,0.0,600,3.0,2,2,3.0,0.0,2.0,5.0,2,4.0,1,21
1,225.0,31800.0,31800.0,07,31800.0,81,1.0,999,1.0,17.0,20,1.0,1.0,2,1,0,2.0,3,2.0,5013,3.0,0.0,3.0,2.0,3,2.0,1,3.0,2017.0,0,999,2.0,1,36.0,0.0,38,52.0,285,0.0,200,1.0,4,2,3.0,0.0,2.0,5.0,2,4.0,1,54
1,225.0,41000.0,41000.0,57,41000.0,79,1.0,999,1.0,16.0,21,1.0,1.0,2,1,0,2.0,3,2.0,5013,3.0,0.0,3.0,2.0,3,2.0,1,3.0,2017.0,0,999,1.0,1,39.0,0.0,4,52.0,311,0.0,200,1.0,4,2,3.0,0.0,2.0,5.0,2,4.0,1,41
0,225.0,21000.0,18000.0,42,18000.0,76,1.0,999,1.0,17.0,27,6.0,1.0,2,5,0,2.0,3,2.0,5013,3.0,0.0,3.0,2.0,3,2.0,1,3.0,1995.0,0,999,2.0,1,40.0,0.0,4,52.0,2,0.0,200,1.0,4,2,3.0,0.0,2.0,5.0,2,4.0,1,18
0,169.0,59000.0,59000.0,47,59000.0,57,1.0,999,1.0,16.0,20,1.0,1.0,2,1,0,2.0,1,2.0,1000,3.0,0.0,3.0,2.0,1,2.0,0,3.0,2018.0,1,999,1.0,1,45.0,0.0,38,52.0,36,0.0,200,1.0,4,2,3.0,0.0,2.0,5.0,2,4.0,1,32
0,169.0,0.0,0.0,36,0.0,82,6.0,999,2.0,19.0,21,1.0,2.0,2,1,0,2.0,1,2.0,1000,2.0,0.0,2.0,2.0,1,2.0,0,2.0,2018.0,1,999,1.0,1,40.0,0.0,24,52.0,48,0.0,200,1.0,4,2,3.0,0.0,2.0,5.0,2,4.0,1,37
0,63.0,10000.0,10000.0,35,10000.0,82,1.0,82,1.0,20.0,20,6.0,1.0,2,5,2,2.0,1,2.0,1000,3.0,0.0,3.0,2.0,1,2.0,0,3.0,1995.0,1,32,1.0,1,16.0,0.0,27,24.0,143,0.0,500,1.0,2,2,3.0,0.0,2.0,5.0,2,4.0,1,23
0,202.0,41000.0,40000.0,36,40000.0,82,1.0,210,1.0,19.0,20,4.0,1.0,2,3,0,2.0,15,2.0,8000,3.0,0.0,3.0,2.0,8,2.0,0,3.0,2007.0,0,999,2.0,1,38.0,0.0,48,52.0,320,0.0,500,1.0,1,2,3.0,0.0,2.0,5.0,2,4.0,2,40
0,420.0,34000.0,0.0,42,0.0,69,6.0,82,3.0,21.0,20,1.0,2.0,2,1,0,2.0,1,2.0,1000,2.0,0.0,2.0,2.0,1,2.0,0,2.0,1981.0,1,89,1.0,1,40.0,0.0,38,52.0,13,0.0,500,1.0,2,2,3.0,0.0,2.0,5.0,2,4.0,1,61
0,420.0,50150.0,50000.0,48,50000.0,45,1.0,82,1.0,18.0,21,1.0,1.0,2,1,0,2.0,1,2.0,1000,3.0,0.0,3.0,2.0,1,2.0,0,3.0,1981.0,1,32,1.0,1,15.0,0.0,38,40.0,16,150.0,500,1.0,2,2,3.0,0.0,2.0,5.0,2,4.0,1,63
0,97.0,15000.0,15000.0,36,15000.0,81,1.0,32,1.0,19.0,20,6.0,1.0,2,5,1,2.0,1,2.0,1000,3.0,0.0,3.0,2.0,1,2.0,0,3.0,1995.0,1,50,1.0,1,25.0,0.0,38,52.0,122,0.0,200,3.0,2,2,3.0,0.0,2.0,5.0,2,4.0,1,20
0,162.0,23000.0,23000.0,02,0.0,01,1.0,939,1.0,20.0,20,1.0,1.0,2,1,1,2.0,1,2.0,1000,3.0,0.0,3.0,2.0,1,2.0,0,3.0,2000.0,1,999,6.0,1,60.0,0.0,38,52.0,76,0.0,400,1.0,1,2,3.0,0.0,2.0,5.0,2,4.0,1,50
0,162.0,35000.0,35000.0,02,35000.0,01,1.0,999,1.0,18.0,21,1.0,1.0,2,1,1,2.0,1,2.0,1000,3.0,0.0,3.0,2.0,1,2.0,0,3.0,2000.0,1,999,7.0,1,35.0,0.0,38,50.0,59,0.0,400,1.0,4,2,3.0,0.0,2.0,5.0,2,4.0,1,44
0,382.0,31000.0,31000.0,25,31000.0,78,1.0,999,1.0,21.0,20,1.0,1.0,2,1,0,2.0,1,2.0,1000,3.0,0.0,3.0,2.0,1,2.0,0,3.0,2021.0,1,999,3.0,1,35.0,0.0,38,40.0,289,0.0,200,1.0,4,2,3.0,0.0,2.0,5.0,2,4.0,1,29
0,382.0,60000.0,60000.0,19,60000.0,42,1.0,89,1.0,19.0,21,1.0,1.0,2,1,0,2.0,3,2.0,5013,3.0,0.0,3.0,2.0,3,2.0,1,3.0,2021.0,0,920,1.0,1,40.0,0.0,38,52.0,266,0.0,200,1.0,2,2,3.0,0.0,2.0,5.0,2,4.0,1,29
0,501.0,121000.0,120000.0,01,120000.0,68,1.0,32,1.0,21.0,20,1.0,1.0,2,1,0,2.0,1,2.0,1000,3.0,0.0,3.0,2.0,1,2.0,0,3.0,2014.0,1,999,4.0,1,40.0,0.0,38,52.0,372,1000.0,300,1.0,1,2,3.0,0.0,2.0,5.0,2,4.0,1,61
0,501.0,61000.0,60000.0,08,60000.0,72,1.0,32,1.0,21.0,21,1.0,1.0,2,1,0,2.0,1,2.0,1000,3.0,0.0,3.0,2.0,1,2.0,0,3.0,2014.0,1,999,7.0,1,40.0,0.0,38,52.0,346,1000.0,300,1.0,1,2,3.0,0.0,2.0,5.0,2,4.0,1,58
0,249.0,15000.0,15000.0,02,0.0,01,6.0,32,1.0,16.0,20,1.0,2.0,2,1,0,2.0,1,2.0,1000,2.0,0.0,2.0,2.0,1,2.0,0,2.0,2003.0,1,148,6.0,1,40.0,0.0,38,8.0,30,0.0,400,1.0,2,2,3.0,0.0,2.0,5.0,2,4.0,1,64
0,249.0,35000.0,35000.0,36,35000.0,82,1.0,32,1.0,19.0,21,1.0,1.0,2,1,0,2.0,1,2.0,1000,3.0,0.0,3.0,2.0,1,2.0,0,3.0,2003.0,1,148,1.0,1,32.0,0.0,38,52.0,29,0.0,400,1.0,2,2,3.0,0.0,2.0,5.0,2,4.0,1,49
0,327.0,60000.0,60000.0,01,60000.0,48,1.0,190,1.0,22.0,20,1.0,1.0,2,1,0,2.0,1,2.0,1000,3.0,0.0,3.0,2.0,1,2.0,0,3.0,2010.0,1,999,1.0,1,40.0,0.0,38,52.0,29,0.0,500,1.0,1,2,3.0,0.0,2.0,5.0,2,4.0,1,41
0,327.0,40000.0,40000.0,07,40000.0,68,1.0,98,1.0,21.0,21,1.0,1.0,2,1,0,2.0,1,2.0,1000,3.0,0.0,3.0,2.0,1,2.0,0,3.0,2010.0,1,999,1.0,1,40.0,0.0,38,52.0,33,0.0,500,1.0,1,2,3.0,0.0,2.0,5.0,2,4.0,1,36
0,501.0,14400.0,14400.0,02,0.0,01,1.0,32,1.0,16.0,20,1.0,1.0,2,1,2,2.0,1,2.0,1000,3.0,0.0,3.0,2.0,1,2.0,0,3.0,1988.0,1,999,6.0,1,40.0,0.0,38,52.0,27,0.0,400,1.0,1,2,3.0,0.0,2.0,5.0,2,4.0,1,55
0,501.0,42000.0,42000.0,57,42000.0,41,1.0,32,1.0,21.0,20,1.0,1.0,2,1,0,2.0,1,2.0,1000,3.0,0.0,3.0,2.0,1,2.0,0,3.0,1996.0,1,999,1.0,1,40.0,0.0,30,52.0,14,0.0,200,1.0,1,2,3.0,0.0,2.0,5.0,2,4.0,1,48
0,501.0,80000.0,80000.0,90,80000.0,04,1.0,50,1.0,16.0,21,1.0,1.0,2,1,0,2.0,1,2.0,1000,3.0,0.0,3.0,2.0,1,2.0,0,3.0,1996.0,1,999,1.0,1,60.0,0.0,38,52.0,20,0.0,200,1.0,1,2,3.0,0.0,2.0,5.0,2,4.0,1,48
0,501.0,25000.0,25000.0,08,25000.0,68,1.0,32,1.0,19.0,25,6.0,1.0,2,5,0,2.0,1,2.0,1000,3.0,0.0,3.0,2.0,1,2.0,0,3.0,1995.0,1,999,1.0,1,30.0,0.0,38,52.0,6,0.0,200,1.0,1,2,3.0,0.0,2.0,5.0,2,4.0,1,20
0,256.0,36900.0,20000.0,41,20000.0,53,1.0,917,1.0,19.0,20,6.0,1.0,2,5,0,2.0,17,2.0,9000,3.0,0.0,3.0,2.0,9,2.0,1,3.0,1995.0,1,999,2.0,1,20.0,2100.0,46,52.0,113,0.0,300,1.0,1,2,3.0,0.0,2.0,5.0,2,4.0,1,65
0,328.0,50000.0,50000.0,47,50000.0,46,1.0,999,1.0,16.0,20,4.0,1.0,2,3,0,2.0,1,2.0,1000,3.0,0.0,3.0,2.0,1,2.0,0,3.0,1999.0,1,999,1.0,1,40.0,0.0,38,52.0,146,0.0,500,1.0,4,2,3.0,0.0,2.0,5.0,2,4.0,1,60
0,237.0,32000.0,32000.0,91,32000.0,61,1.0,999,1.0,20.0,20,1.0,1.0,1,1,0,2.0,1,2.0,1000,3.0,0.0,3.0,1.0,1,2.0,0,3.0,2002.0,1,999,1.0,1,45.0,0.0,38,52.0,31,0.0,600,1.0,4,2,3.0,0.0,2.0,5.0,2,4.0,1,55
0,237.0,40000.0,40000.0,47,40000.0,87,1.0,999,1.0,18.0,21,1.0,1.0,2,1,0,2.0,1,2.0,1000,3.0,0.0,3.0,2.0,1,2.0,0,3.0,2002.0,1,999,1.0,1,50.0,0.0,38,52.0,26,0.0,600,1.0,4,2,3.0,0.0,2.0,5.0,2,4.0,1,50
0,237.0,1600.0,1600.0,41,1600.0,86,1.0,999,1.0,16.0,25,6.0,1.0,2,5,0,2.0,1,2.0,1000,3.0,0.0,3.0,2.0,1,2.0,0,3.0,1995.0,1,999,1.0,1,10.0,0.0,38,30.0,92,0.0,600,1.0,4,2,3.0,0.0,2.0,5.0,2,4.0,1,18
0,282.0,43700.0,43700.0,87,43700.0,69,1.0,32,1.0,20.0,20,1.0,1.0,2,1,0,2.0,1,2.0,1000,3.0,0.0,3.0,2.0,1,2.0,0,3.0,2012.0,1,82,2.0,1,40.0,0.0,38,52.0,20,0.0,600,1.0,2,2,3.0,0.0,2.0,5.0,2,4.0,1,35
0,282.0,43000.0,43000.0,07,43000.0,69,1.0,51,1.0,19.0,21,1.0,1.0,2,1,0,2.0,1,2.0,1000,3.0,0.0,3.0,2.0,1,2.0,0,3.0,2012.0,1,32,2.0,1,40.0,0.0,38,52.0,24,0.0,600,1.0,2,2,3.0,0.0,2.0,5.0,2,4.0,1,49
0,368.0,56350.0,56350.0,23,56000.0,78,1.0,32,1.0,21.0,20,4.0,1.0,2,3,0,2.0,1,2.0,1000,3.0,0.0,3.0,2.0,1,2.0,0,3.0,1981.0,1,82,3.0,1,48.0,0.0,38,52.0,13,0.0,400,1.0,2,2,3.0,0.0,2.0,5.0,2,4.0,1,64
0,475.0,75000.0,75000.0,04,75000.0,60,1.0,142,1.0,21.0,20,6.0,1.0,2,5,0,2.0,1,2.0,1000,3.0,0.0,3.0,2.0,1,2.0,0,3.0,1995.0,1,32,1.0,1,45.0,0.0,38,52.0,12,0.0,500,1.0,2,2,3.0,0.0,2.0,5.0,2,4.0,1,41
0,349.0,55000.0,55000.0,38,55000.0,94,1.0,32,1.0,20.0,20,6.0,1.0,2,5,0,2.0,1,2.0,1000,3.0,0.0,3.0,2.0,1,2.0,0,3.0,1995.0,1,999,3.0,1,40.0,0.0,27,52.0,20,0.0,500,1.0,1,2,3.0,0.0,2.0,5.0,2,4.0,1,45
0,379.0,60000.0,60000.0,96,60000.0,30,1.0,32,1.0,17.0,20,4.0,1.0,2,3,0,2.0,1,2.0,1000,3.0,0.0,3.0,2.0,1,2.0,0,3.0,1994.0,1,148,1.0,1,40.0,0.0,27,52.0,34,0.0,400,1.0,2,2,3.0,0.0,2.0,5.0,2,3.0,1,56
0,230.0,36000.0,36000.0,42,36000.0,77,1.0,32,1.0,24.0,20,4.0,1.0,1,3,2,1.0,1,2.0,1000,3.0,0.0,3.0,2.0,1,2.0,0,3.0,1994.0,1,82,1.0,1,20.0,0.0,38,52.0,103,0.0,600,1.0,2,2,3.0,0.0,2.0,5.0,2,4.0,1,59
0,501.0,79000.0,0.0,51,0.0,78,6.0,82,2.0,16.0,20,3.0,2.0,2,2,0,2.0,1,2.0,1000,2.0,0.0,2.0,2.0,1,2.0,0,2.0,1987.0,1,999,3.0,1,40.0,0.0,38,52.0,207,65000.0,100,1.0,1,2,3.0,0.0,2.0,5.0,2,4.0,1,62
0,443.0,50000.0,50000.0,47,50000.0,61,1.0,924,1.0,16.0,20,1.0,1.0,2,1,0,2.0,1,2.0,1000,2.0,0.0,2.0,2.0,1,2.0,0,2.0,1998.0,1,999,1.0,1,40.0,0.0,38,52.0,139,0.0,300,1.0,1,2,3.0,0.0,2.0,5.0,2,4.0,1,62
0,443.0,40000.0,40000.0,42,40000.0,76,1.0,924,1.0,13.0,21,1.0,1.0,2,1,0,2.0,1,2.0,1000,2.0,0.0,2.0,2.0,1,2.0,0,2.0,1998.0,1,999,1.0,1,40.0,0.0,38,52.0,150,0.0,300,1.0,1,2,3.0,0.0,2.0,5.0,2,4.0,1,65
0,501.0,74600.0,66000.0,32,66000.0,81,6.0,82,1.0,22.0,20,1.0,2.0,2,1,2,2.0,1,2.0,1000,2.0,0.0,2.0,2.0,1,2.0,0,2.0,1984.0,1,999,2.0,1,24.0,7100.0,27,38.0,152,0.0,600,1.0,1,2,3.0,0.0,2.0,5.0,2,4.0,1,65
0,501.0,62000.0,62000.0,28,62000.0,64,1.0,32,1.0,21.0,21,1.0,1.0,2,1,0,2.0,1,2.0,1000,3.0,0.0,3.0,2.0,1,2.0,0,3.0,1984.0,1,999,1.0,5,40.0,0.0,110,52.0,179,0.0,600,1.0,1,2,3.0,0.0,2.0,5.0,2,2.0,1,65
0,501.0,73000.0,10000.0,77,10000.0,30,1.0,32,1.0,20.0,20,6.0,1.0,2,5,0,2.0,1,2.0,1000,3.0,0.0,3.0,2.0,1,2.0,0,3.0,1995.0,1,82,1.0,1,32.0,21000.0,27,16.0,39,0.0,400,1.0,2,2,3.0,0.0,2.0,5.0,2,4.0,1,65
0,501.0,80000.0,80000.0,04,80000.0,96,4.0,99,1.0,19.0,20,1.0,1.0,2,1,0,2.0,1,2.0,1000,3.0,0.0,3.0,2.0,1,2.0,0,3.0,2018.0,1,999,5.0,1,64.0,0.0,12,52.0,88,0.0,200,1.0,1,2,3.0,0.0,2.0,5.0,2,1.0,1,24
0,501.0,30600.0,30600.0,40,30600.0,86,1.0,271,1.0,19.0,21,1.0,1.0,2,1,0,2.0,15,2.0,8000,3.0,0.0,3.0,2.0,8,2.0,0,3.0,2018.0,0,999,1.0,1,24.0,0.0,17,52.0,49,0.0,200,1.0,1,2,3.0,0.0,2.0,5.0,2,4.0,4,23
0,442.0,85500.0,61500.0,39,60000.0,85,1.0,122,1.0,21.0,20,1.0,1.0,2,1,0,2.0,1,2.0,1000,2.0,0.0,2.0,2.0,1,2.0,0,2.0,2009.0,1,82,3.0,1,8.0,0.0,38,52.0,190,0.0,300,1.0,2,2,3.0,0.0,2.0,5.0,2,2.0,1,51
0,442.0,75000.0,75000.0,32,75000.0,69,1.0,32,1.0,21.0,21,1.0,1.0,2,1,0,2.0,1,2.0,1000,3.0,0.0,3.0,2.0,1,2.0,0,3.0,2009.0,1,50,1.0,1,40.0,0.0,38,52.0,120,0.0,300,1.0,2,2,3.0,0.0,2.0,5.0,2,3.0,1,37
0,501.0,85610.0,85000.0,71,85000.0,44,1.0,82,1.0,19.0,20,4.0,1.0,1,3,2,2.0,1,2.0,1000,3.0,0.0,3.0,2.0,1,2.0,0,3.0,2001.0,1,26,5.0,1,40.0,0.0,38,52.0,10,350.0,500,1.0,2,1,3.0,0.0,2.0,5.0,2,4.0,1,57
0,501.0,49000.0,12000.0,23,12000.0,85,1.0,32,1.0,21.0,20,1.0,1.0,2,1,0,2.0,1,2.0,1000,3.0,0.0,3.0,2.0,1,2.0,0,3.0,1986.0,1,999,4.0,1,20.0,0.0,38,40.0,13,5000.0,200,1.0,1,2,3.0,0.0,2.0,5.0,2,4.0,1,62
1,96.0,24700.0,24000.0,40,24000.0,86,1.0,939,1.0,16.0,20,4.0,1.0,2,3,0,2.0,1,2.0,1000,3.0,0.0,3.0,2.0,1,2.0,0,3.0,2003.0,1,999,1.0,1,35.0,0.0,37,52.0,88,0.0,100,1.0,1,2,3.0,700.0,2.0,5.0,2,4.0,1,39
1,128.0,20000.0,20000.0,40,20000.0,86,1.0,939,1.0,16.0,22,4.0,1.0,2,3,0,2.0,1,2.0,1000,3.0,0.0,3.0,2.0,1,2.0,0,3.0,1999.0,1,999,1.0,1,30.0,0.0,19,52.0,109,0.0,100,1.0,1,2,3.0,0.0,2.0,5.0,2,4.0,1,47
1,71.0,11200.0,0.0,42,0.0,69,6.0,999,3.0,19.0,20,6.0,2.0,2,5,0,2.0,1,2.0,1000,2.0,0.0,2.0,2.0,1,2.0,0,2.0,1995.0,1,999,1.0,1,40.0,4200.0,38,52.0,13,0.0,400,1.0,4,2,3.0,0.0,2.0,5.0,2,4.0,1,62
0,501.0,125000.0,125000.0,47,50000.0,11,1.0,32,1.0,20.0,21,1.0,1.0,2,1,0,2.0,1,2.0,1000,3.0,0.0,3.0,2.0,1,2.0,0,3.0,2019.0,1,109,7.0,1,40.0,0.0,27,52.0,50,0.0,600,3.0,2,2,3.0,0.0,2.0,5.0,2,4.0,1,38
0,501.0,94300.0,65000.0,28,65000.0,64,1.0,82,1.0,22.0,20,6.0,1.0,2,5,2,2.0,1,2.0,1000,3.0,0.0,3.0,2.0,1,2.0,0,3.0,1995.0,1,22,1.0,1,40.0,26200.0,49,52.0,201,0.0,600,1.0,2,2,3.0,3100.0,2.0,5.0,2,4.0,1,50
1,176.0,27800.0,0.0,42,0.0,69,6.0,720,3.0,21.0,20,6.0,2.0,1,5,0,1.0,96,2.0,9000,2.0,13900.0,2.0,2.0,9,2.0,0,2.0,1995.0,0,822,1.0,2,40.0,13900.0,66,52.0,74,0.0,400,3.0,2,2,3.0,0.0,2.0,5.0,2,4.0,1,34
0,274.0,43200.0,43200.0,33,43200.0,81,1.0,720,1.0,21.0,20,6.0,1.0,2,5,0,2.0,6,2.0,4008,3.0,0.0,3.0,2.0,6,2.0,0,3.0,1995.0,0,999,2.0,4,40.0,0.0,233,52.0,16,0.0,500,1.0,1,2,3.0,0.0,2.0,5.0,2,4.0,1,28
0,83.0,13000.0,13000.0,02,13000.0,78,6.0,795,1.0,22.0,20,2.0,2.0,2,1,0,2.0,4,2.0,4015,2.0,0.0,2.0,2.0,6,2.0,0,2.0,2021.0,0,999,2.0,4,20.0,0.0,231,30.0,138,0.0,600,2.0,1,2,3.0,0.0,2.0,5.0,2,4.0,1,27
0,0.0,0.0,0.0,42,0.0,69,6.0,795,3.0,1.0,36,2.0,2.0,2,1,0,2.0,4,2.0,4015,2.0,0.0,2.0,2.0,6,2.0,0,2.0,2021.0,0,999,1.0,4,40.0,0.0,231,52.0,242,0.0,600,2.0,1,2,3.0,0.0,2.0,5.0,2,4.0,1,21
0,256.0,20000.0,20000.0,02,0.0,01,1.0,32,1.0,19.0,20,1.0,1.0,2,1,0,2.0,1,2.0,1000,3.0,0.0,3.0,2.0,1,2.0,0,3.0,1992.0,1,999,6.0,1,40.0,0.0,38,52.0,69,0.0,500,1.0,1,2,3.0,0.0,2.0,5.0,2,4.0,1,63
0,256.0,32000.0,32000.0,22,32000.0,78,1.0,32,1.0,20.0,21,1.0,1.0,2,1,0,2.0,1,2.0,1000,3.0,0.0,3.0,2.0,1,2.0,0,3.0,1992.0,1,999,3.0,1,40.0,0.0,6,52.0,55,0.0,500,1.0,1,2,3.0,0.0,2.0,5.0,2,4.0,1,63
0,501.0,50000.0,50000.0,32,50000.0,81,1.0,703,1.0,20.0,20,1.0,1.0,2,1,0,2.0,24,2.0,9000,2.0,0.0,2.0,2.0,9,2.0,0,2.0,2022.0,1,999,1.0,1,40.0,0.0,53,52.0,101,0.0,100,1.0,1,2,3.0,0.0,2.0,5.0,2,4.0,1,30
0,501.0,93000.0,93000.0,91,93000.0,56,1.0,924,1.0,16.0,21,1.0,1.0,2,1,0,2.0,1,2.0,1000,2.0,0.0,2.0,2.0,1,2.0,0,2.0,2022.0,1,999,1.0,1,60.0,0.0,53,52.0,28,0.0,100,1.0,1,2,3.0,0.0,2.0,5.0,2,4.0,1,31
0,246.0,50000.0,50000.0,26,50000.0,74,1.0,924,1.0,22.0,20,6.0,1.0,2,5,0,2.0,1,2.0,1000,3.0,0.0,3.0,2.0,1,2.0,0,3.0,1995.0,1,999,1.0,1,40.0,0.0,38,52.0,436,0.0,500,1.0,1,2,3.0,0.0,2.0,5.0,2,4.0,1,34
0,501.0,100000.0,100000.0,96,100000.0,44,1.0,924,1.0,16.0,22,4.0,1.0,2,3,0,2.0,1,2.0,1000,3.0,0.0,3.0,2.0,1,2.0,0,3.0,2013.0,1,999,1.0,1,40.0,0.0,38,52.0,383,0.0,500,1.0,1,2,3.0,0.0,2.0,5.0,2,4.0,1,41
0,429.0,35000.0,35000.0,42,35000.0,68,1.0,999,1.0,16.0,20,4.0,1.0,1,3,0,2.0,3,2.0,5013,3.0,0.0,3.0,1.0,3,2.0,1,3.0,1993.0,0,999,1.0,1,40.0,0.0,38,52.0,65,0.0,400,1.0,4,2,3.0,0.0,2.0,5.0,2,4.0,1,50
0,429.0,50000.0,14000.0,91,14000.0,61,6.0,999,1.0,12.0,28,4.0,1.0,1,3,0,2.0,3,2.0,5013,3.0,0.0,3.0,1.0,3,2.0,1,3.0,2006.0,0,999,1.0,1,60.0,0.0,38,20.0,56,0.0,400,1.0,4,2,3.0,0.0,2.0,5.0,2,4.0,1,45
0,501.0,120000.0,120000.0,26,120000.0,73,1.0,32,1.0,21.0,21,1.0,1.0,2,1,0,2.0,1,2.0,1000,3.0,0.0,3.0,2.0,1,2.0,0,3.0,2000.0,1,999,7.0,1,45.0,0.0,27,52.0,99,0.0,600,1.0,1,2,3.0,0.0,2.0,5.0,2,4.0,1,58
0,501.0,125000.0,125000.0,92,125000.0,60,1.0,32,1.0,20.0,20,1.0,1.0,2,1,0,2.0,1,2.0,1000,3.0,0.0,3.0,2.0,1,2.0,0,3.0,1981.0,1,82,1.0,1,50.0,0.0,38,52.0,48,0.0,200,1.0,2,2,3.0,0.0,2.0,5.0,2,4.0,1,59
0,501.0,85000.0,85000.0,48,85000.0,22,1.0,82,1.0,21.0,21,1.0,1.0,2,1,0,2.0,1,2.0,1000,3.0,0.0,3.0,2.0,1,2.0,0,3.0,1981.0,1,999,1.0,1,55.0,0.0,38,52.0,28,0.0,200,1.0,1,2,3.0,0.0,2.0,5.0,2,4.0,1,62
0,381.0,58000.0,58000.0,57,58000.0,04,1.0,924,1.0,16.0,20,3.0,1.0,2,2,0,2.0,1,2.0,1000,2.0,0.0,2.0,2.0,1,2.0,0,2.0,1988.0,1,999,1.0,1,40.0,0.0,38,52.0,32,0.0,100,1.0,1,2,3.0,0.0,2.0,5.0,2,4.0,1,59
0,356.0,18000.0,18000.0,47,18000.0,47,1.0,32,1.0,19.0,20,1.0,1.0,2,1,0,2.0,1,2.0,1000,3.0,0.0,3.0,2.0,1,2.0,0,3.0,2019.0,1,50,1.0,1,20.0,0.0,17,52.0,84,0.0,300,1.0,2,2,3.0,0.0,2.0,5.0,2,4.0,1,26
0,356.0,68000.0,68000.0,72,68000.0,88,1.0,82,1.0,20.0,21,1.0,1.0,2,1,0,2.0,1,2.0,1000,3.0,0.0,3.0,2.0,1,2.0,0,3.0,2019.0,1,50,1.0,1,40.0,0.0,35,52.0,95,0.0,300,1.0,2,2,3.0,0.0,2.0,5.0,2,4.0,1,28
0,501.0,0.0,0.0,42,0.0,69,6.0,939,3.0,21.0,20,1.0,2.0,2,1,0,2.0,1,2.0,1000,2.0,0.0,2.0,2.0,1,2.0,0,2.0,2003.0,1,999,1.0,1,40.0,0.0,38,52.0,23,0.0,100,3.0,1,2,3.0,0.0,2.0,5.0,2,4.0,1,50
0,501.0,80200.0,79000.0,14,79000.0,35,1.0,148,1.0,22.0,20,1.0,1.0,1,1,0,2.0,1,2.0,1000,3.0,0.0,3.0,2.0,1,2.0,0,3.0,2007.0,1,999,1.0,5,40.0,0.0,163,52.0,64,1200.0,500,1.0,1,1,3.0,0.0,2.0,5.0,2,4.0,1,56
0,429.0,65000.0,65000.0,42,65000.0,30,1.0,999,1.0,16.0,21,1.0,1.0,2,1,0,2.0,1,2.0,1000,3.0,0.0,3.0,2.0,1,2.0,0,3.0,1987.0,1,999,1.0,1,40.0,0.0,27,52.0,27,0.0,400,1.0,4,2,3.0,0.0,2.0,5.0,2,4.0,1,60
0,120.0,18400.0,0.0,40,0.0,86,6.0,32,2.0,18.0,20,4.0,2.0,2,3,2,2.0,1,2.0,1000,2.0,0.0,2.0,2.0,1,2.0,0,2.0,1982.0,1,82,1.0,1,40.0,0.0,27,52.0,25,0.0,500,3.0,2,2,3.0,0.0,2.0,5.0,2,4.0,1,64
0,501.0,60300.0,60000.0,33,60000.0,80,1.0,32,1.0,20.0,21,1.0,1.0,2,1,0,2.0,1,2.0,1000,3.0,0.0,3.0,2.0,1,2.0,0,3.0,1977.0,1,999,1.0,1,38.0,0.0,38,52.0,73,300.0,600,1.0,1,2,3.0,0.0,2.0,5.0,2,4.0,1,65
0,501.0,120000.0,120000.0,35,120000.0,81,1.0,22,1.0,21.0,21,1.0,1.0,2,1,0,2.0,1,2.0,1000,3.0,0.0,3.0,2.0,1,2.0,0,3.0,1990.0,1,32,1.0,1,40.0,0.0,38,52.0,150,0.0,300,1.0,2,2,3.0,0.0,2.0,5.0,2,4.0,1,61
0,501.0,2000.0,2000.0,20,2000.0,91,1.0,183,1.0,20.0,25,6.0,1.0,2,5,0,2.0,1,2.0,1000,3.0,0.0,3.0,2.0,1,2.0,0,3.0,1995.0,1,999,2.0,1,8.0,0.0,38,40.0,187,0.0,300,1.0,1,2,3.0,0.0,2.0,5.0,2,4.0,1,24
0,501.0,65900.0,49000.0,57,49000.0,80,1.0,32,1.0,16.0,20,1.0,1.0,2,1,0,2.0,1,2.0,1000,3.0,0.0,3.0,2.0,1,2.0,0,3.0,1982.0,1,999,2.0,1,40.0,0.0,38,52.0,37,16900.0,500,1.0,1,2,3.0,0.0,2.0,5.0,2,4.0,1,61
0,501.0,97000.0,97000.0,48,85000.0,44,1.0,32,1.0,16.0,21,1.0,1.0,2,1,0,2.0,1,2.0,1000,3.0,0.0,3.0,2.0,1,2.0,0,3.0,1982.0,1,142,1.0,1,50.0,0.0,38,52.0,33,0.0,500,1.0,2,2,3.0,0.0,2.0,5.0,2,4.0,1,60
0,24.0,5000.0,5000.0,41,5000.0,86,1.0,82,1.0,19.0,20,6.0,1.0,2,5,0,2.0,1,2.0,1000,3.0,0.0,3.0,2.0,1,2.0,0,3.0,1995.0,1,999,1.0,1,6.0,0.0,38,40.0,73,0.0,400,1.0,1,2,3.0,0.0,2.0,5.0,2,4.0,1,21
0,501.0,0.0,0.0,32,0.0,82,6.0,176,2.0,20.0,20,1.0,2.0,2,1,0,2.0,1,2.0,1000,2.0,0.0,2.0,2.0,1,2.0,0,2.0,1985.0,1,999,1.0,7,40.0,0.0,301,52.0,94,0.0,300,1.0,1,2,3.0,0.0,2.0,5.0,2,4.0,1,64
0,501.0,134000.0,130000.0,38,130000.0,94,1.0,171,1.0,18.0,20,4.0,1.0,2,3,0,2.0,15,2.0,8000,3.0,0.0,3.0,2.0,8,2.0,0,3.0,1992.0,0,999,5.0,1,50.0,0.0,38,52.0,49,4000.0,200,3.0,1,2,3.0,0.0,2.0,5.0,2,4.0,1,55
0,501.0,82000.0,82000.0,10,82000.0,73,1.0,924,1.0,21.0,20,1.0,1.0,2,1,0,2.0,1,2.0,1000,3.0,0.0,3.0,2.0,1,2.0,0,3.0,2016.0,1,999,1.0,1,40.0,0.0,38,52.0,127,0.0,600,1.0,1,2,3.0,0.0,2.0,5.0,2,4.0,1,34
0,501.0,64000.0,64000.0,23,64000.0,78,1.0,999,1.0,22.0,21,1.0,1.0,2,1,0,2.0,1,2.0,1000,3.0,0.0,3.0,2.0,1,2.0,0,3.0,2016.0,1,999,3.0,1,40.0,0.0,38,52.0,110,0.0,600,1.0,4,2,3.0,0.0,2.0,5.0,2,4.0,1,31
0,501.0,100000.0,100000.0,02,0.0,01,1.0,32,1.0,16.0,20,1.0,1.0,2,1,2,2.0,1,2.0,1000,3.0,0.0,3.0,2.0,1,2.0,0,3.0,2013.0,1,999,6.0,1,99.0,0.0,38,52.0,37,0.0,400,1.0,1,2,3.0,0.0,2.0,5.0,2,4.0,1,31
0,501.0,97000.0,97000.0,02,0.0,01,1.0,32,1.0,21.0,21,1.0,1.0,2,1,1,2.0,1,2.0,1000,3.0,0.0,3.0,2.0,1,2.0,0,3.0,2013.0,1,999,6.0,1,35.0,0.0,38,52.0,25,0.0,400,1.0,1,2,3.0,0.0,2.0,5.0,2,4.0,1,32
0,501.0,160000.0,0.0,00,0.0,52,6.0,32,2.0,20.0,25,2.0,1.0,2,1,0,2.0,1,2.0,1000,3.0,0.0,3.0,2.0,1,2.0,0,3.0,2017.0,1,82,1.0,1,40.0,0.0,38,52.0,10,0.0,400,3.0,2,2,3.0,0.0,2.0,5.0,2,4.0,1,60
0,501.0,165000.0,150000.0,02,0.0,01,1.0,32,1.0,20.0,25,6.0,1.0,2,5,0,2.0,1,2.0,1000,3.0,0.0,3.0,2.0,1,2.0,0,3.0,1995.0,1,999,6.0,1,50.0,0.0,38,52.0,9,15000.0,400,1.0,1,2,3.0,0.0,2.0,5.0,2,4.0,1,57
0,501.0,17000.0,17000.0,25,17000.0,78,3.0,920,1.0,19.0,25,6.0,2.0,2,5,0,2.0,3,2.0,5013,1.0,0.0,2.0,2.0,3,2.0,1,2.0,1995.0,0,999,3.0,1,40.0,0.0,46,36.0,53,0.0,100,1.0,1,2,3.0,0.0,2.0,1.0,2,4.0,2,25
0,501.0,30000.0,30000.0,36,30000.0,82,1.0,920,1.0,18.0,25,6.0,1.0,2,5,0,2.0,3,2.0,5013,3.0,0.0,3.0,2.0,3,2.0,1,3.0,1995.0,0,999,1.0,1,30.0,0.0,38,52.0,51,0.0,100,1.0,1,2,3.0,0.0,2.0,5.0,2,4.0,2,22
0,286.0,44000.0,44000.0,25,44000.0,78,1.0,82,1.0,21.0,20,6.0,1.0,2,5,0,2.0,1,2.0,1000,3.0,0.0,3.0,2.0,1,2.0,0,3.0,1995.0,1,32,4.0,1,40.0,0.0,38,52.0,169,0.0,600,1.0,2,2,3.0,0.0,2.0,5.0,2,4.0,1,26
0,292.0,45000.0,45000.0,09,45000.0,68,1.0,82,1.0,21.0,22,6.0,1.0,2,5,0,2.0,1,2.0,1000,3.0,0.0,3.0,2.0,1,2.0,0,3.0,1995.0,1,32,1.0,1,40.0,0.0,38,52.0,226,0.0,600,1.0,2,2,3.0,0.0,2.0,5.0,2,4.0,1,26
0,501.0,115000.0,65000.0,42,65000.0,76,1.0,996,1.0,17.0,20,6.0,1.0,2,5,2,2.0,1,2.0,1000,3.0,0.0,3.0,2.0,1,2.0,0,3.0,1995.0,1,999,7.0,1,50.0,0.0,27,52.0,136,50000.0,600,1.0,3,2,3.0,0.0,2.0,5.0,2,4.0,1,41
0,501.0,38300.0,0.0,25,0.0,78,6.0,999,2.0,20.0,21,1.0,1.0,2,1,0,2.0,1,2.0,1000,3.0,0.0,3.0,2.0,1,2.0,0,3.0,1976.0,1,999,1.0,1,40.0,14800.0,27,52.0,8,0.0,300,1.0,4,2,3.0,0.0,2.0,5.0,2,4.0,1,64
0,174.0,27000.0,27000.0,20,27000.0,83,1.0,32,1.0,21.0,20,6.0,1.0,2,5,0,2.0,1,2.0,1000,3.0,0.0,3.0,2.0,1,2.0,0,3.0,1995.0,1,148,2.0,1,46.0,0.0,38,52.0,117,0.0,500,3.0,2,2,3.0,0.0,2.0,5.0,2,4.0,1,25
1,501.0,98600.0,86000.0,96,86000.0,49,1.0,939,1.0,16.0,20,6.0,1.0,1,5,0,1.0,1,2.0,1000,3.0,0.0,3.0,2.0,1,2.0,0,3.0,1995.0,1,999,2.0,1,40.0,12600.0,38,32.0,350,0.0,300,1.0,1,2,3.0,0.0,2.0,5.0,2,4.0,1,45
0,190.0,30000.0,30000.0,54,30000.0,80,1.0,82,1.0,16.0,20,6.0,1.0,1,5,0,1.0,1,1.0,1000,3.0,0.0,3.0,2.0,1,2.0,0,3.0,1995.0,1,999,2.0,1,40.0,0.0,38,52.0,239,0.0,500,3.0,1,2,3.0,0.0,2.0,5.0,2,4.0,1,21
0,0.0,0.0,0.0,42,0.0,69,6.0,82,3.0,19.0,36,6.0,2.0,1,5,0,2.0,1,1.0,1000,3.0,0.0,2.0,2.0,1,2.0,0,2.0,1995.0,1,999,1.0,1,40.0,0.0,27,52.0,95,0.0,500,3.0,1,2,3.0,0.0,2.0,5.0,2,4.0,1,22
0,95.0,15000.0,15000.0,01,15000.0,68,1.0,999,1.0,19.0,36,6.0,1.0,2,5,0,2.0,1,2.0,1000,3.0,0.0,3.0,2.0,1,2.0,0,3.0,1995.0,1,999,1.0,1,30.0,0.0,38,52.0,81,0.0,500,3.0,4,2,3.0,0.0,2.0,5.0,2,4.0,1,20
0,260.0,56500.0,56500.0,23,55000.0,78,1.0,32,1.0,21.0,20,1.0,1.0,1,1,2,1.0,1,2.0,1000,3.0,0.0,3.0,2.0,1,2.0,0,3.0,2001.0,1,40,3.0,1,80.0,0.0,38,52.0,56,0.0,200,1.0,2,2,3.0,0.0,2.0,5.0,2,4.0,1,49
0,260.0,20600.0,20600.0,46,0.0,84,1.0,32,1.0,21.0,21,1.0,1.0,2,1,2,2.0,1,2.0,1000,3.0,0.0,3.0,2.0,1,2.0,0,3.0,2001.0,1,82,6.0,1,80.0,0.0,38,52.0,64,0.0,200,1.0,2,2,3.0,0.0,2.0,5.0,2,4.0,1,45
0,261.0,12000.0,0.0,42,0.0,69,6.0,32,3.0,16.0,20,1.0,2.0,2,1,0,2.0,1,2.0,1000,2.0,0.0,2.0,2.0,1,2.0,0,2.0,1986.0,1,999,1.0,1,40.0,0.0,38,52.0,94,0.0,400,1.0,1,2,3.0,0.0,2.0,5.0,2,4.0,1,58
0,261.0,40100.0,0.0,42,0.0,69,6.0,82,3.0,21.0,21,1.0,2.0,2,1,0,2.0,1,2.0,1000,2.0,0.0,2.0,2.0,1,2.0,0,2.0,1986.0,1,999,1.0,1,40.0,40100.0,38,52.0,59,0.0,400,1.0,1,2,3.0,0.0,2.0,5.0,2,4.0,1,63
0,139.0,32800.0,32800.0,23,32800.0,78,1.0,82,1.0,22.0,20,4.0,1.0,2,3,2,2.0,1,2.0,1000,3.0,0.0,3.0,2.0,1,2.0,0,3.0,2000.0,1,32,3.0,1,40.0,0.0,38,52.0,15,0.0,200,3.0,2,2,3.0,0.0,2.0,5.0,2,4.0,1,44
0,501.0,132000.0,130000.0,94,130000.0,60,1.0,999,1.0,18.0,20,1.0,1.0,2,1,0,2.0,1,2.0,1000,3.0,0.0,3.0,2.0,1,2.0,0,3.0,2005.0,1,999,1.0,1,80.0,0.0,38,52.0,53,0.0,400,1.0,4,2,3.0,0.0,2.0,5.0,2,4.0,1,33
0,501.0,40000.0,40000.0,02,0.0,01,1.0,999,1.0,19.0,21,1.0,1.0,2,1,0,2.0,1,2.0,1000,3.0,0.0,3.0,2.0,1,2.0,0,3.0,2005.0,1,999,6.0,1,80.0,0.0,11,52.0,86,0.0,400,1.0,4,2,3.0,0.0,2.0,5.0,2,4.0,1,37
0,501.0,9700.0,6700.0,51,6700.0,01,1.0,999,1.0,22.0,29,3.0,1.0,2,2,0,2.0,1,2.0,1000,3.0,0.0,3.0,2.0,1,2.0,0,3.0,2000.0,1,999,1.0,1,60.0,0.0,53,52.0,2,3000.0,400,1.0,4,2,3.0,0.0,2.0,5.0,2,4.0,1,61
0,501.0,72000.0,72000.0,08,72000.0,07,1.0,999,1.0,22.0,29,4.0,1.0,2,3,0,2.0,1,2.0,1000,3.0,0.0,3.0,2.0,1,2.0,0,3.0,2000.0,1,999,1.0,1,42.0,0.0,41,52.0,2,0.0,400,1.0,4,2,3.0,0.0,2.0,5.0,2,2.0,1,61
0,347.0,20000.0,20000.0,11,20000.0,73,1.0,32,1.0,20.0,20,1.0,1.0,2,1,0,2.0,1,2.0,1000,3.0,0.0,3.0,2.0,1,2.0,0,3.0,2022.0,1,50,1.0,1,40.0,0.0,27,52.0,113,0.0,600,1.0,2,2,3.0,0.0,1.0,5.0,2,4.0,1,28
0,347.0,49000.0,49000.0,10,49000.0,73,1.0,765,1.0,16.0,21,1.0,1.0,2,1,0,2.0,10,2.0,4010,3.0,0.0,3.0,2.0,6,2.0,0,3.0,2022.0,0,999,1.0,1,40.0,0.0,27,52.0,117,0.0,600,1.0,1,2,3.0,0.0,1.0,5.0,2,4.0,1,27
0,275.0,4000.0,0.0,42,0.0,69,6.0,32,3.0,21.0,20,1.0,2.0,2,1,0,2.0,1,2.0,1000,2.0,0.0,2.0,2.0,1,2.0,0,2.0,2010.0,1,82,1.0,1,40.0,0.0,38,52.0,50,4000.0,600,1.0,2,2,3.0,0.0,2.0,5.0,2,4.0,1,38
0,275.0,96000.0,96000.0,02,48000.0,07,1.0,32,1.0,18.0,21,1.0,1.0,2,1,0,2.0,1,2.0,1000,3.0,0.0,3.0,2.0,1,2.0,0,3.0,2010.0,1,82,7.0,1,50.0,0.0,38,52.0,55,0.0,600,1.0,2,2,3.0,0.0,2.0,5.0,2,4.0,1,42
0,303.0,48000.0,48000.0,36,48000.0,82,1.0,32,1.0,20.0,20,4.0,1.0,2,3,0,2.0,1,2.0,1000,3.0,0.0,3.0,2.0,1,2.0,0,3.0,1989.0,1,999,2.0,1,40.0,0.0,38,52.0,156,0.0,400,1.0,1,2,3.0,0.0,2.0,5.0,2,4.0,1,55
0,208.0,9000.0,9000.0,47,9000.0,53,1.0,32,1.0,20.0,20,1.0,1.0,1,1,2,1.0,1,1.0,1000,3.0,0.0,3.0,2.0,1,2.0,0,3.0,2015.0,1,82,1.0,1,12.0,0.0,38,49.0,88,0.0,200,1.0,2,2,3.0,0.0,2.0,5.0,2,4.0,1,31
0,208.0,40000.0,40000.0,96,40000.0,53,1.0,195,1.0,16.0,21,1.0,1.0,1,1,2,1.0,1,1.0,1000,3.0,0.0,3.0,2.0,1,2.0,0,3.0,2015.0,1,82,1.0,1,40.0,0.0,38,51.0,92,0.0,200,1.0,2,2,3.0,0.0,2.0,5.0,2,4.0,1,34
0,501.0,55000.0,55000.0,06,55000.0,78,1.0,88,1.0,21.0,20,1.0,1.0,2,1,0,2.0,1,2.0,1000,3.0,0.0,3.0,2.0,1,2.0,0,3.0,2021.0,1,32,4.0,1,40.0,0.0,38,52.0,325,0.0,500,1.0,2,2,3.0,0.0,2.0,5.0,2,4.0,1,27
0,501.0,40000.0,40000.0,91,40000.0,63,1.0,82,1.0,19.0,21,1.0,1.0,2,1,0,2.0,1,2.0,1000,3.0,0.0,3.0,2.0,1,2.0,0,3.0,2021.0,1,999,1.0,1,40.0,0.0,38,40.0,199,0.0,500,1.0,1,2,3.0,0.0,2.0,5.0,2,4.0,1,30
0,501.0,28000.0,28000.0,58,28000.0,79,1.0,82,1.0,19.0,28,6.0,1.0,2,5,0,2.0,1,2.0,1000,3.0,0.0,3.0,2.0,1,2.0,0,3.0,1995.0,1,999,1.0,1,32.0,0.0,38,52.0,97,0.0,500,1.0,1,2,3.0,0.0,2.0,5.0,2,4.0,1,27
0,307.0,24000.0,24000.0,51,24000.0,74,1.0,939,1.0,19.0,20,1.0,1.0,2,1,2,2.0,1,2.0,1000,3.0,0.0,3.0,2.0,1,2.0,0,3.0,1994.0,1,999,1.0,1,20.0,0.0,46,52.0,194,0.0,100,1.0,1,2,3.0,0.0,2.0,5.0,2,4.0,1,59
0,307.0,38400.0,38400.0,32,38400.0,74,1.0,939,1.0,23.0,21,1.0,1.0,2,1,2,2.0,1,2.0,1000,3.0,0.0,3.0,2.0,1,2.0,0,3.0,1994.0,1,999,7.0,1,60.0,0.0,31,52.0,193,0.0,100,1.0,1,2,3.0,0.0,2.0,5.0,2,4.0,1,61
0,163.0,25000.0,25000.0,58,25000.0,21,1.0,939,1.0,16.0,20,3.0,1.0,2,2,0,2.0,1,2.0,1000,3.0,0.0,3.0,2.0,1,2.0,0,3.0,1979.0,1,32,1.0,1,40.0,0.0,38,52.0,108,0.0,600,1.0,2,2,3.0,0.0,2.0,5.0,2,4.0,1,60
0,501.0,10000.0,0.0,42,0.0,69,6.0,32,3.0,22.0,21,1.0,2.0,1,1,0,2.0,1,2.0,1000,2.0,0.0,2.0,2.0,1,2.0,0,2.0,2000.0,1,82,1.0,1,40.0,0.0,36,52.0,118,10000.0,600,1.0,2,2,3.0,0.0,2.0,5.0,1,4.0,1,50
0,501.0,30000.0,30000.0,57,30000.0,87,1.0,996,1.0,17.0,20,1.0,1.0,2,1,0,2.0,1,2.0,1000,3.0,0.0,3.0,2.0,1,2.0,0,3.0,2001.0,1,999,7.0,5,40.0,0.0,110,52.0,289,0.0,200,1.0,3,2,3.0,0.0,2.0,5.0,2,4.0,1,40
0,501.0,30000.0,30000.0,72,30000.0,87,1.0,996,1.0,16.0,25,6.0,1.0,2,5,0,2.0,1,2.0,1000,3.0,0.0,3.0,2.0,1,2.0,0,3.0,1995.0,1,999,7.0,1,40.0,0.0,38,52.0,172,0.0,200,1.0,3,2,3.0,0.0,2.0,5.0,2,4.0,1,18
0,427.0,66000.0,66000.0,47,66000.0,49,1.0,82,1.0,16.0,20,4.0,1.0,2,3,0,2.0,1,2.0,1000,2.0,0.0,2.0,2.0,1,2.0,0,2.0,1981.0,1,999,1.0,1,32.0,0.0,38,36.0,49,0.0,100,1.0,1,2,3.0,0.0,2.0,1.0,2,4.0,1,61
0,412.0,100000.0,100000.0,04,100000.0,06,1.0,999,1.0,21.0,20,1.0,1.0,2,1,0,2.0,1,2.0,1000,3.0,0.0,3.0,2.0,1,2.0,0,3.0,2014.0,1,999,4.0,1,45.0,0.0,27,52.0,29,0.0,500,1.0,4,2,3.0,0.0,2.0,5.0,2,4.0,1,34
0,412.0,44000.0,44000.0,32,44000.0,84,1.0,999,1.0,21.0,21,1.0,1.0,2,1,0,2.0,1,2.0,1000,3.0,0.0,3.0,2.0,1,2.0,0,3.0,2014.0,1,999,3.0,1,40.0,0.0,27,40.0,27,0.0,500,1.0,4,2,3.0,0.0,2.0,5.0,2,4.0,1,33
0,292.0,45000.0,45000.0,14,45000.0,39,1.0,999,1.0,20.0,20,4.0,1.0,1,3,0,2.0,1,2.0,1000,3.0,0.0,3.0,2.0,1,2.0,0,3.0,1990.0,1,999,1.0,1,50.0,0.0,38,52.0,170,0.0,400,1.0,4,1,3.0,0.0,2.0,5.0,2,2.0,1,55
0,256.0,40000.0,40000.0,71,40000.0,96,4.0,50,1.0,16.0,20,4.0,1.0,2,3,0,2.0,1,2.0,1000,2.0,0.0,2.0,2.0,1,2.0,0,2.0,2019.0,1,88,5.0,1,40.0,0.0,39,52.0,82,0.0,200,1.0,2,2,3.0,0.0,2.0,5.0,2,1.0,1,24
0,54.0,11000.0,11000.0,91,11000.0,63,1.0,421,1.0,21.0,20,1.0,1.0,2,1,1,2.0,1,2.0,1000,3.0,0.0,3.0,2.0,1,2.0,0,3.0,1991.0,1,999,1.0,4,3.0,0.0,222,40.0,292,0.0,600,1.0,1,2,3.0,0.0,2.0,5.0,2,4.0,1,57
0,54.0,0.0,0.0,42,0.0,69,6.0,421,3.0,19.0,21,1.0,2.0,2,1,1,2.0,1,2.0,1000,2.0,0.0,2.0,2.0,1,2.0,0,2.0,1991.0,1,999,1.0,4,40.0,0.0,216,52.0,363,0.0,600,1.0,1,2,3.0,0.0,2.0,5.0,2,4.0,1,54
0,473.0,29000.0,29000.0,25,29000.0,78,1.0,82,1.0,21.0,20,1.0,1.0,2,1,0,2.0,1,2.0,1000,2.0,0.0,2.0,2.0,1,2.0,0,2.0,2009.0,1,32,3.0,1,40.0,0.0,46,40.0,20,0.0,500,1.0,2,2,3.0,0.0,2.0,5.0,2,4.0,1,43
0,473.0,70000.0,70000.0,91,70000.0,61,1.0,142,1.0,18.0,21,1.0,1.0,2,1,0,2.0,1,2.0,1000,2.0,0.0,2.0,2.0,1,2.0,0,2.0,2009.0,1,999,7.0,1,50.0,0.0,38,52.0,33,0.0,500,1.0,1,2,3.0,0.0,2.0,5.0,2,4.0,1,53
0,473.0,10000.0,10000.0,46,10000.0,84,1.0,32,1.0,14.0,25,6.0,1.0,2,5,0,2.0,1,2.0,1000,3.0,0.0,3.0,2.0,1,2.0,0,3.0,1995.0,1,142,2.0,1,15.0,0.0,38,52.0,22,0.0,500,1.0,2,2,3.0,0.0,2.0,5.0,2,4.0,1,18
0,501.0,65000.0,65000.0,35,35000.0,79,1.0,32,1.0,19.0,20,1.0,1.0,2,1,0,2.0,1,2.0,1000,2.0,0.0,2.0,2.0,1,2.0,0,2.0,2010.0,1,148,1.0,1,36.0,0.0,38,52.0,34,0.0,400,1.0,2,2,2.0,0.0,2.0,5.0,2,4.0,1,57
0,501.0,67000.0,67000.0,55,67000.0,63,1.0,32,1.0,18.0,21,1.0,1.0,2,1,0,2.0,1,2.0,1000,3.0,0.0,3.0,2.0,1,2.0,0,3.0,2010.0,1,82,5.0,1,40.0,0.0,38,52.0,40,0.0,400,1.0,2,2,3.0,0.0,2.0,5.0,2,2.0,1,53
0,219.0,6900.0,6900.0,34,6900.0,74,1.0,999,1.0,21.0,20,1.0,1.0,2,1,0,2.0,1,2.0,1000,3.0,0.0,3.0,2.0,1,2.0,0,3.0,2009.0,1,999,1.0,1,20.0,0.0,38,16.0,15,0.0,300,1.0,4,2,3.0,0.0,2.0,5.0,2,4.0,1,40
0,219.0,60000.0,60000.0,95,60000.0,05,1.0,999,1.0,20.0,21,1.0,1.0,2,1,0,2.0,1,2.0,1000,3.0,0.0,3.0,2.0,1,2.0,0,3.0,2009.0,1,999,1.0,1,40.0,0.0,38,52.0,18,0.0,300,1.0,4,2,3.0,0.0,2.0,5.0,2,4.0,1,43
0,351.0,54000.0,54000.0,71,54000.0,96,4.0,50,1.0,16.0,20,6.0,1.0,2,5,0,2.0,1,2.0,1000,3.0,0.0,3.0,2.0,1,2.0,0,3.0,1995.0,1,999,5.0,1,50.0,0.0,51,52.0,759,0.0,200,2.0,1,2,3.0,0.0,2.0,5.0,2,1.0,1,25
0,84.0,13200.0,0.0,42,0.0,69,6.0,82,3.0,18.0,20,6.0,2.0,1,5,2,2.0,1,1.0,1000,2.0,0.0,2.0,2.0,1,2.0,0,2.0,1995.0,1,89,1.0,1,40.0,13200.0,27,52.0,113,0.0,500,1.0,2,2,3.0,0.0,2.0,3.0,2,4.0,1,48
1,501.0,157000.0,157000.0,02,0.0,01,6.0,111,1.0,16.0,20,1.0,2.0,2,1,0,2.0,1,2.0,1000,2.0,0.0,2.0,2.0,1,2.0,0,2.0,1987.0,1,32,6.0,1,50.0,0.0,38,28.0,63,0.0,500,1.0,2,2,3.0,0.0,2.0,5.0,2,4.0,1,62
0,501.0,700.0,700.0,27,700.0,91,6.0,82,1.0,16.0,21,1.0,2.0,2,1,2,2.0,1,2.0,1000,2.0,0.0,2.0,2.0,1,2.0,0,2.0,1987.0,1,999,2.0,1,10.0,0.0,38,3.0,63,0.0,500,1.0,1,2,3.0,0.0,2.0,3.0,2,4.0,1,60
0,356.0,21000.0,10200.0,62,10200.0,07,1.0,32,1.0,16.0,26,6.0,1.0,2,5,2,2.0,1,2.0,1000,3.0,10800.0,3.0,2.0,1,2.0,0,3.0,1995.0,1,999,2.0,1,38.0,0.0,38,52.0,25,0.0,500,1.0,1,2,3.0,0.0,2.0,5.0,2,4.0,1,47
0,452.0,95200.0,57000.0,02,57000.0,78,1.0,21,1.0,21.0,20,3.0,1.0,2,2,0,2.0,1,2.0,1000,3.0,0.0,3.0,2.0,1,2.0,0,3.0,2002.0,1,32,3.0,1,40.0,0.0,19,52.0,117,200.0,400,1.0,2,2,3.0,0.0,2.0,5.0,2,4.0,1,51
0,452.0,11100.0,2300.0,91,2300.0,86,1.0,32,1.0,16.0,25,6.0,1.0,1,5,0,1.0,1,2.0,1000,3.0,0.0,3.0,2.0,1,2.0,0,3.0,1995.0,1,21,1.0,1,25.0,0.0,38,10.0,46,0.0,400,1.0,2,2,3.0,0.0,2.0,5.0,2,4.0,1,18
0,279.0,52000.0,52000.0,38,52000.0,94,1.0,32,1.0,21.0,20,1.0,1.0,2,1,0,2.0,1,2.0,1000,3.0,0.0,3.0,2.0,1,2.0,0,3.0,2018.0,1,82,3.0,1,40.0,0.0,27,52.0,64,0.0,100,1.0,2,2,3.0,0.0,2.0,5.0,2,4.0,1,34
0,279.0,32000.0,32000.0,36,32000.0,81,1.0,22,1.0,16.0,21,1.0,1.0,2,1,0,2.0,1,2.0,1000,3.0,0.0,3.0,2.0,1,2.0,0,3.0,2018.0,1,50,1.0,1,30.0,0.0,38,52.0,32,0.0,100,1.0,2,2,3.0,0.0,2.0,5.0,2,4.0,1,33
0,501.0,83000.0,83000.0,08,83000.0,70,1.0,32,1.0,21.0,20,6.0,1.0,2,5,0,2.0,1,2.0,1000,3.0,0.0,3.0,2.0,1,2.0,0,3.0,1995.0,1,999,1.0,1,50.0,0.0,38,52.0,12,0.0,300,1.0,1,2,3.0,0.0,2.0,5.0,2,4.0,1,61
0,418.0,44000.0,44000.0,51,44000.0,85,1.0,32,1.0,16.0,20,1.0,1.0,2,1,0,2.0,1,2.0,1000,2.0,0.0,2.0,2.0,1,2.0,0,2.0,2003.0,1,89,1.0,1,40.0,0.0,38,52.0,14,0.0,400,1.0,2,2,3.0,0.0,2.0,5.0,2,4.0,1,44
0,418.0,85000.0,85000.0,67,85000.0,07,1.0,82,1.0,16.0,21,1.0,1.0,2,1,0,2.0,1,2.0,1000,2.0,0.0,2.0,2.0,1,2.0,0,2.0,2003.0,1,999,4.0,1,50.0,0.0,38,52.0,16,0.0,400,1.0,1,2,2.0,0.0,2.0,5.0,2,4.0,1,45
0,418.0,0.0,0.0,96,0.0,49,6.0,82,2.0,16.0,25,6.0,2.0,2,5,0,2.0,1,2.0,1000,2.0,0.0,2.0,2.0,1,2.0,0,2.0,1995.0,1,999,1.0,1,40.0,0.0,38,52.0,16,0.0,400,1.0,1,2,3.0,0.0,2.0,5.0,2,4.0,1,19
0,288.0,45000.0,45000.0,35,45000.0,07,1.0,82,1.0,19.0,20,6.0,1.0,2,5,0,2.0,1,2.0,1000,3.0,0.0,3.0,2.0,1,2.0,0,3.0,1995.0,1,142,1.0,1,50.0,0.0,38,52.0,20,0.0,500,3.0,2,2,3.0,0.0,2.0,5.0,2,4.0,1,21
0,0.0,0.0,0.0,42,0.0,69,6.0,999,3.0,19.0,22,6.0,1.0,1,5,0,2.0,1,2.0,1000,3.0,0.0,3.0,1.0,1,2.0,0,3.0,1995.0,1,999,1.0,1,40.0,0.0,38,52.0,24,0.0,500,3.0,4,1,3.0,0.0,2.0,5.0,2,4.0,1,21
0,400.0,98000.0,98000.0,65,98000.0,28,1.0,142,1.0,19.0,20,1.0,1.0,2,1,0,2.0,1,2.0,1000,2.0,0.0,2.0,2.0,1,2.0,0,2.0,2023.0,1,999,1.0,1,55.0,0.0,38,52.0,19,0.0,600,1.0,1,2,2.0,0.0,1.0,5.0,2,4.0,1,31
0,400.0,45000.0,45000.0,57,45000.0,49,1.0,32,1.0,20.0,21,1.0,1.0,2,1,0,2.0,1,2.0,1000,3.0,0.0,3.0,2.0,1,2.0,0,3.0,2023.0,1,999,1.0,1,40.0,0.0,38,40.0,12,0.0,600,1.0,1,2,3.0,0.0,1.0,5.0,2,4.0,1,29
0,501.0,91000.0,91000.0,27,91000.0,78,1.0,32,1.0,24.0,20,6.0,1.0,2,5,0,2.0,1,2.0,1000,3.0,0.0,3.0,2.0,1,2.0,0,3.0,1995.0,1,142,2.0,1,50.0,0.0,38,52.0,72,0.0,300,1.0,2,2,3.0,0.0,2.0,5.0,2,4.0,1,43
0,234.0,11100.0,0.0,46,0.0,84,6.0,935,2.0,15.0,20,1.0,2.0,2,1,0,2.0,1,2.0,1000,2.0,0.0,2.0,2.0,1,2.0,0,2.0,1981.0,1,82,6.0,1,40.0,1100.0,38,52.0,125,0.0,500,1.0,2,2,3.0,0.0,2.0,5.0,2,4.0,1,62
0,234.0,35000.0,0.0,74,0.0,05,6.0,32,2.0,18.0,21,1.0,2.0,2,1,0,2.0,1,2.0,1000,2.0,0.0,2.0,2.0,1,2.0,0,2.0,1981.0,1,89,1.0,1,40.0,25000.0,46,52.0,121,0.0,500,1.0,2,2,3.0,0.0,2.0,5.0,2,4.0,1,63
0,501.0,110000.0,60000.0,91,60000.0,61,1.0,32,1.0,21.0,20,1.0,1.0,2,1,0,2.0,1,2.0,1000,3.0,0.0,3.0,2.0,1,2.0,0,3.0,1985.0,1,999,1.0,1,50.0,0.0,38,52.0,353,0.0,300,1.0,1,2,3.0,0.0,2.0,5.0,2,2.0,1,57
0,501.0,25000.0,25000.0,54,25000.0,79,1.0,32,1.0,16.0,21,1.0,1.0,2,1,0,2.0,1,2.0,1000,3.0,0.0,3.0,2.0,1,2.0,0,3.0,1985.0,1,999,1.0,1,24.0,0.0,38,52.0,329,0.0,300,1.0,1,2,3.0,0.0,2.0,5.0,2,4.0,1,57
0,501.0,10000.0,10000.0,42,10000.0,80,1.0,32,1.0,18.0,25,6.0,1.0,2,5,0,2.0,1,2.0,1000,1.0,0.0,2.0,2.0,1,2.0,0,2.0,1995.0,1,999,1.0,1,30.0,0.0,8,52.0,364,0.0,300,1.0,1,2,3.0,0.0,2.0,1.0,2,4.0,1,19
0,418.0,30000.0,30000.0,58,30000.0,82,1.0,999,1.0,19.0,20,1.0,1.0,2,1,0,2.0,1,2.0,1000,3.0,0.0,3.0,2.0,1,2.0,0,3.0,1991.0,1,999,1.0,1,40.0,0.0,46,52.0,59,0.0,400,1.0,4,2,3.0,0.0,2.0,5.0,2,4.0,1,58
0,418.0,54000.0,54000.0,42,54000.0,82,1.0,999,1.0,19.0,21,1.0,1.0,2,1,0,2.0,1,2.0,1000,3.0,0.0,3.0,2.0,1,2.0,0,3.0,1991.0,1,999,2.0,1,40.0,0.0,38,52.0,49,0.0,400,1.0,4,2,3.0,0.0,2.0,5.0,2,4.0,1,59
0,428.0,75000.0,70000.0,08,70000.0,98,4.0,32,1.0,22.0,20,1.0,1.0,2,1,0,2.0,1,2.0,1000,3.0,0.0,3.0,2.0,1,2.0,0,3.0,2014.0,1,82,5.0,1,40.0,0.0,38,52.0,140,5000.0,300,1.0,2,2,3.0,0.0,2.0,5.0,2,3.0,1,33
0,428.0,54000.0,54000.0,09,54000.0,68,1.0,22,1.0,21.0,21,1.0,1.0,2,1,0,2.0,1,2.0,1000,3.0,0.0,3.0,2.0,1,2.0,0,3.0,2014.0,1,111,1.0,1,40.0,0.0,46,52.0,176,0.0,300,1.0,2,2,3.0,0.0,2.0,5.0,2,4.0,1,31
0,433.0,55000.0,55000.0,12,55000.0,93,1.0,32,1.0,21.0,20,1.0,1.0,2,1,0,2.0,1,2.0,1000,3.0,0.0,3.0,2.0,1,2.0,0,3.0,2018.0,1,999,4.0,1,40.0,0.0,38,52.0,41,0.0,200,1.0,1,2,3.0,0.0,2.0,5.0,2,4.0,1,28
0,433.0,50000.0,50000.0,04,50000.0,83,1.0,32,1.0,21.0,21,1.0,1.0,2,1,1,2.0,1,2.0,1000,3.0,0.0,3.0,2.0,1,2.0,0,3.0,2018.0,1,999,2.0,1,40.0,0.0,38,52.0,34,0.0,200,1.0,1,2,3.0,0.0,2.0,5.0,2,4.0,1,30
0,119.0,25000.0,25000.0,47,25000.0,45,1.0,32,1.0,16.0,20,5.0,1.0,2,4,0,2.0,1,2.0,1000,2.0,0.0,2.0,2.0,1,2.0,0,2.0,2012.0,1,82,1.0,1,46.0,0.0,53,52.0,105,0.0,400,3.0,2,2,3.0,0.0,2.0,5.0,2,4.0,1,29
0,0.0,0.0,0.0,36,0.0,81,6.0,8,2.0,20.0,22,6.0,2.0,2,5,0,2.0,1,2.0,1000,2.0,0.0,2.0,2.0,1,2.0,0,2.0,1995.0,1,82,1.0,1,40.0,0.0,38,52.0,102,0.0,400,1.0,2,2,2.0,0.0,2.0,1.0,2,4.0,1,22
1,46.0,6000.0,6000.0,42,6000.0,76,1.0,195,1.0,21.0,20,5.0,1.0,2,4,0,2.0,1,2.0,1000,3.0,0.0,3.0,2.0,1,2.0,0,3.0,2002.0,1,999,1.0,1,18.0,0.0,39,48.0,30,0.0,200,1.0,1,2,3.0,0.0,2.0,5.0,2,4.0,1,47
0,76.0,12000.0,12000.0,96,12000.0,07,1.0,999,1.0,20.0,20,4.0,1.0,2,3,1,2.0,1,2.0,1000,3.0,0.0,3.0,2.0,1,2.0,0,3.0,2008.0,1,999,1.0,1,10.0,0.0,38,50.0,104,0.0,500,1.0,4,2,3.0,0.0,2.0,5.0,2,4.0,1,35
0,501.0,4000.0,4000.0,02,0.0,01,6.0,82,1.0,21.0,21,1.0,2.0,2,1,2,2.0,1,2.0,1000,2.0,0.0,2.0,2.0,1,2.0,0,2.0,1991.0,1,999,6.0,1,8.0,0.0,30,10.0,30,0.0,400,1.0,1,2,2.0,0.0,2.0,5.0,2,4.0,1,65
0,501.0,105000.0,105000.0,02,105000.0,07,1.0,122,1.0,21.0,20,1.0,1.0,2,1,0,2.0,1,2.0,1000,3.0,0.0,3.0,2.0,1,2.0,0,3.0,2000.0,1,999,1.0,1,45.0,0.0,38,52.0,21,0.0,300,1.0,1,2,3.0,0.0,2.0,5.0,2,4.0,1,46
0,424.0,84000.0,84000.0,17,84000.0,74,1.0,416,1.0,24.0,20,1.0,1.0,2,1,0,2.0,1,2.0,1000,3.0,0.0,3.0,2.0,1,2.0,0,3.0,2003.0,1,999,4.0,4,40.0,0.0,212,52.0,297,0.0,500,3.0,1,2,3.0,0.0,2.0,5.0,2,4.0,1,46
0,424.0,16000.0,16000.0,96,16000.0,53,1.0,416,1.0,19.0,21,1.0,1.0,2,1,0,2.0,1,2.0,1000,3.0,0.0,3.0,2.0,1,2.0,0,3.0,2003.0,1,999,1.0,4,20.0,0.0,212,52.0,212,0.0,500,3.0,1,2,3.0,0.0,2.0,5.0,2,4.0,1,42
0,406.0,72000.0,72000.0,91,72000.0,63,1.0,82,1.0,16.0,20,4.0,1.0,2,3,2,2.0,1,2.0,1000,3.0,0.0,3.0,2.0,1,2.0,0,3.0,1998.0,1,999,1.0,1,43.0,0.0,38,52.0,146,0.0,200,1.0,1,2,3.0,0.0,2.0,5.0,2,4.0,1,51
0,406.0,10000.0,10000.0,25,10000.0,78,1.0,82,1.0,16.0,26,6.0,1.0,2,5,0,2.0,1,2.0,1000,3.0,0.0,3.0,2.0,1,2.0,0,3.0,1995.0,1,999,3.0,1,10.0,0.0,38,30.0,89,0.0,200,1.0,1,2,3.0,0.0,2.0,5.0,2,4.0,1,21
0,431.0,27800.0,0.0,42,0.0,69,6.0,32,3.0,16.0,20,1.0,2.0,2,1,0,2.0,1,2.0,1000,2.0,0.0,2.0,2.0,1,2.0,0,2.0,1985.0,1,999,1.0,1,40.0,0.0,38,52.0,104,0.0,300,1.0,1,2,3.0,0.0,2.0,1.0,2,4.0,1,61
0,431.0,60000.0,0.0,42,0.0,69,6.0,32,3.0,20.0,21,1.0,2.0,2,1,0,2.0,1,2.0,1000,2.0,0.0,2.0,2.0,1,2.0,0,2.0,1985.0,1,999,1.0,1,40.0,0.0,38,52.0,108,0.0,300,1.0,1,2,3.0,0.0,2.0,1.0,2,4.0,1,64
0,501.0,76000.0,76000.0,01,76000.0,86,1.0,32,1.0,21.0,20,1.0,1.0,2,1,0,2.0,1,2.0,1000,3.0,0.0,3.0,2.0,1,2.0,0,3.0,2020.0,1,999,7.0,1,40.0,0.0,38,52.0,27,0.0,600,1.0,1,2,3.0,0.0,2.0,5.0,2,4.0,1,34
0,501.0,120000.0,120000.0,02,120000.0,07,1.0,32,1.0,20.0,21,1.0,1.0,2,1,0,2.0,1,2.0,1000,3.0,0.0,3.0,2.0,1,2.0,0,3.0,2020.0,1,26,7.0,1,50.0,0.0,38,52.0,28,0.0,600,1.0,2,2,3.0,0.0,2.0,5.0,2,4.0,1,36
0,365.0,27000.0,15000.0,47,15000.0,49,1.0,32,1.0,20.0,20,1.0,1.0,2,1,0,2.0,1,2.0,1000,3.0,0.0,3.0,2.0,1,2.0,0,3.0,1996.0,1,999,1.0,1,23.0,12000.0,38,52.0,36,0.0,600,1.0,1,2,3.0,0.0,2.0,5.0,2,4.0,1,65
0,365.0,40000.0,40000.0,91,40000.0,61,6.0,82,1.0,16.0,21,1.0,2.0,2,1,0,2.0,1,2.0,1000,2.0,0.0,2.0,2.0,1,2.0,0,2.0,1996.0,1,32,1.0,1,40.0,0.0,38,26.0,45,0.0,600,1.0,2,2,3.0,0.0,2.0,5.0,2,4.0,1,64
0,501.0,96000.0,96000.0,21,96000.0,72,1.0,32,1.0,23.0,20,6.0,1.0,2,5,0,2.0,1,2.0,1000,3.0,0.0,3.0,2.0,1,2.0,0,3.0,1995.0,1,999,1.0,1,40.0,0.0,27,52.0,184,0.0,600,1.0,1,2,3.0,0.0,2.0,5.0,2,4.0,1,27
0,501.0,65000.0,65000.0,32,65000.0,81,1.0,32,1.0,21.0,28,6.0,1.0,2,5,0,2.0,1,2.0,1000,3.0,0.0,3.0,2.0,1,2.0,0,3.0,1995.0,1,999,1.0,1,40.0,0.0,27,52.0,266,0.0,600,1.0,1,2,3.0,0.0,2.0,5.0,2,4.0,1,25
0,501.0,90000.0,90000.0,48,90000.0,69,1.0,50,1.0,21.0,34,6.0,1.0,2,5,0,2.0,1,2.0,1000,3.0,0.0,3.0,2.0,1,2.0,0,3.0,1995.0,1,999,1.0,1,40.0,0.0,30,52.0,269,0.0,600,1.0,1,2,3.0,0.0,2.0,5.0,2,4.0,1,28
0,446.0,56000.0,56000.0,32,56000.0,69,1.0,32,1.0,20.0,20,1.0,1.0,2,1,0,2.0,1,2.0,1000,3.0,0.0,3.0,2.0,1,2.0,0,3.0,2018.0,1,999,1.0,1,40.0,0.0,38,52.0,187,0.0,300,1.0,1,2,3.0,0.0,2.0,5.0,2,4.0,1,33
0,446.0,80000.0,80000.0,92,80000.0,60,1.0,32,1.0,19.0,21,1.0,1.0,2,1,0,2.0,1,2.0,1000,3.0,0.0,3.0,2.0,1,2.0,0,3.0,2018.0,1,82,1.0,1,40.0,0.0,38,52.0,146,0.0,300,1.0,2,2,3.0,0.0,2.0,5.0,2,4.0,1,33
0,501.0,100000.0,100000.0,15,100000.0,05,1.0,999,1.0,21.0,20,6.0,1.0,2,5,0,2.0,1,2.0,1000,3.0,0.0,3.0,2.0,1,2.0,0,3.0,1995.0,1,999,1.0,1,40.0,0.0,38,52.0,82,0.0,300,1.0,4,2,3.0,0.0,2.0,5.0,2,4.0,1,30
0,255.0,30000.0,30000.0,90,30000.0,56,1.0,917,1.0,19.0,20,1.0,1.0,2,1,0,2.0,3,2.0,5013,3.0,0.0,3.0,2.0,3,2.0,1,3.0,2000.0,0,999,3.0,1,80.0,0.0,38,52.0,44,0.0,500,1.0,1,2,3.0,0.0,2.0,5.0,2,4.0,1,52
0,255.0,20000.0,20000.0,63,20000.0,07,1.0,917,1.0,16.0,21,1.0,1.0,2,1,0,2.0,3,2.0,5013,3.0,0.0,3.0,2.0,3,2.0,1,3.0,2000.0,0,999,3.0,1,40.0,0.0,38,52.0,68,0.0,500,1.0,1,2,3.0,0.0,2.0,5.0,2,4.0,1,47
0,478.0,75000.0,75000.0,08,75000.0,61,1.0,98,1.0,21.0,20,6.0,1.0,2,5,0,2.0,1,2.0,1000,3.0,0.0,3.0,2.0,1,2.0,0,3.0,1995.0,1,999,1.0,1,40.0,0.0,27,52.0,112,0.0,600,3.0,1,2,3.0,0.0,2.0,5.0,2,4.0,1,29
0,382.0,60000.0,60000.0,18,60000.0,80,1.0,210,1.0,24.0,22,6.0,1.0,2,5,0,2.0,29,2.0,9000,3.0,0.0,3.0,2.0,9,2.0,0,3.0,1995.0,1,32,1.0,1,40.0,0.0,48,52.0,150,0.0,600,3.0,2,2,3.0,0.0,2.0,5.0,2,4.0,2,29
0,501.0,27000.0,27000.0,32,27000.0,80,1.0,82,1.0,20.0,20,1.0,1.0,2,1,0,2.0,1,2.0,1000,3.0,0.0,3.0,2.0,1,2.0,0,3.0,2016.0,1,32,1.0,1,40.0,0.0,27,52.0,115,0.0,600,1.0,2,2,3.0,0.0,2.0,5.0,2,4.0,1,46
0,501.0,78000.0,78000.0,62,78000.0,07,1.0,32,1.0,15.0,21,1.0,1.0,2,1,0,2.0,1,2.0,1000,3.0,0.0,3.0,2.0,1,2.0,0,3.0,2016.0,1,148,2.0,1,80.0,0.0,27,30.0,142,0.0,600,1.0,2,2,3.0,0.0,2.0,5.0,2,4.0,1,54
0,323.0,50000.0,0.0,42,0.0,69,6.0,82,3.0,16.0,20,6.0,2.0,2,5,2,2.0,1,2.0,1000,2.0,0.0,2.0,2.0,1,2.0,0,2.0,1995.0,1,999,1.0,1,40.0,0.0,38,52.0,51,4000.0,200,1.0,1,2,3.0,0.0,2.0,5.0,2,4.0,1,62
0,501.0,140000.0,140000.0,05,140000.0,68,1.0,82,1.0,20.0,20,1.0,1.0,2,1,0,2.0,1,2.0,1000,3.0,0.0,3.0,2.0,1,2.0,0,3.0,2018.0,1,49,1.0,1,50.0,0.0,38,52.0,62,0.0,500,1.0,2,2,3.0,0.0,2.0,5.0,2,4.0,1,48
0,501.0,110000.0,110000.0,04,110000.0,95,1.0,50,1.0,16.0,21,1.0,1.0,2,1,0,2.0,1,2.0,1000,3.0,0.0,3.0,2.0,1,2.0,0,3.0,2018.0,1,999,5.0,1,40.0,0.0,38,52.0,71,0.0,500,1.0,1,2,3.0,0.0,2.0,5.0,2,4.0,1,50
0,311.0,31300.0,31300.0,54,31300.0,40,1.0,32,1.0,16.0,20,1.0,1.0,2,1,0,2.0,1,2.0,1000,3.0,0.0,3.0,2.0,1,2.0,0,3.0,1991.0,1,999,1.0,1,40.0,0.0,38,52.0,26,0.0,400,1.0,1,2,3.0,0.0,2.0,5.0,2,4.0,1,51
0,311.0,42400.0,42400.0,67,42400.0,07,1.0,32,1.0,16.0,21,1.0,1.0,2,1,0,2.0,1,2.0,1000,3.0,0.0,3.0,2.0,1,2.0,0,3.0,1991.0,1,999,3.0,1,40.0,0.0,38,52.0,21,0.0,400,1.0,1,2,3.0,0.0,2.0,5.0,2,4.0,1,53
0,285.0,75000.0,75000.0,98,75000.0,96,4.0,50,1.0,20.0,20,1.0,1.0,2,1,0,2.0,1,2.0,1000,3.0,0.0,3.0,2.0,1,2.0,0,3.0,2010.0,1,22,5.0,1,50.0,0.0,39,49.0,74,0.0,200,1.0,2,2,3.0,0.0,2.0,5.0,2,1.0,1,38
0,285.0,11000.0,11000.0,25,11000.0,78,1.0,50,1.0,20.0,21,1.0,1.0,2,1,0,2.0,1,2.0,1000,3.0,0.0,3.0,2.0,1,2.0,0,3.0,2010.0,1,51,3.0,1,15.0,0.0,12,40.0,79,0.0,200,1.0,2,2,3.0,0.0,2.0,5.0,2,4.0,1,37
0,218.0,34000.0,34000.0,91,34000.0,30,1.0,88,1.0,19.0,20,6.0,1.0,2,5,0,2.0,1,2.0,1000,3.0,0.0,3.0,2.0,1,2.0,0,3.0,1995.0,1,22,1.0,1,50.0,0.0,26,52.0,21,0.0,400,1.0,2,2,3.0,0.0,2.0,5.0,2,4.0,1,52
0,359.0,55000.0,55000.0,67,55000.0,06,1.0,999,1.0,21.0,20,6.0,1.0,2,5,1,2.0,29,2.0,9000,3.0,0.0,3.0,2.0,9,2.0,0,3.0,1995.0,1,999,3.0,1,40.0,0.0,30,52.0,7,0.0,200,1.0,4,2,3.0,0.0,2.0,5.0,2,4.0,1,49
0,210.0,33300.0,33300.0,04,40000.0,77,1.0,32,1.0,19.0,20,6.0,1.0,2,5,0,2.0,1,2.0,1000,3.0,0.0,3.0,2.0,1,2.0,0,3.0,1995.0,1,89,1.0,1,40.0,0.0,38,52.0,56,0.0,600,1.0,2,2,3.0,0.0,2.0,5.0,2,4.0,1,24
0,316.0,50000.0,50000.0,06,50000.0,22,1.0,999,1.0,19.0,22,6.0,1.0,2,5,0,2.0,1,2.0,1000,3.0,0.0,3.0,2.0,1,2.0,0,3.0,1995.0,1,999,1.0,1,40.0,0.0,18,52.0,76,0.0,600,1.0,4,2,3.0,0.0,2.0,5.0,2,4.0,1,25
0,12.0,2000.0,2000.0,42,2000.0,46,1.0,999,1.0,16.0,34,6.0,1.0,2,5,2,2.0,1,2.0,1000,3.0,0.0,3.0,2.0,1,2.0,0,3.0,1995.0,1,999,1.0,1,3.0,0.0,27,52.0,120,0.0,600,1.0,4,2,3.0,0.0,2.0,5.0,2,4.0,1,26
0,501.0,110000.0,110000.0,22,110000.0,78,1.0,999,1.0,21.0,34,2.0,1.0,2,1,2,2.0,17,2.0,9000,3.0,0.0,3.0,2.0,9,2.0,1,3.0,2021.0,1,999,4.0,1,40.0,0.0,48,52.0,181,0.0,600,1.0,4,2,3.0,0.0,2.0,5.0,2,4.0,4,25
0,501.0,105000.0,100000.0,48,60000.0,40,1.0,82,1.0,21.0,20,1.0,1.0,2,1,0,2.0,1,2.0,1000,3.0,0.0,3.0,2.0,1,2.0,0,3.0,2017.0,1,89,1.0,1,40.0,0.0,38,52.0,181,5000.0,200,1.0,2,2,3.0,0.0,2.0,5.0,2,4.0,1,36
0,501.0,70000.0,70000.0,53,70000.0,68,1.0,210,1.0,22.0,21,1.0,1.0,2,1,0,2.0,29,2.0,9000,3.0,0.0,3.0,2.0,9,2.0,0,3.0,2017.0,1,51,1.0,1,40.0,0.0,6,52.0,146,0.0,200,1.0,2,2,3.0,0.0,2.0,5.0,2,4.0,2,36
0,239.0,37800.0,14300.0,36,14300.0,81,1.0,51,1.0,20.0,20,6.0,1.0,1,5,2,1.0,1,2.0,1000,3.0,23500.0,3.0,2.0,1,2.0,0,3.0,1995.0,1,931,1.0,1,22.0,0.0,38,35.0,103,0.0,600,1.0,2,2,3.0,0.0,2.0,5.0,2,4.0,1,57
0,370.0,150000.0,150000.0,60,150000.0,01,1.0,999,1.0,21.0,20,1.0,1.0,2,1,0,2.0,1,2.0,1000,3.0,0.0,3.0,2.0,1,2.0,0,3.0,2004.0,1,999,1.0,1,50.0,0.0,27,52.0,28,0.0,400,1.0,4,2,3.0,0.0,2.0,5.0,2,4.0,1,41
0,370.0,0.0,0.0,42,0.0,69,6.0,999,3.0,21.0,21,1.0,2.0,2,1,0,2.0,1,2.0,1000,2.0,0.0,2.0,2.0,1,2.0,0,2.0,2004.0,1,999,1.0,1,40.0,0.0,27,52.0,23,0.0,400,1.0,4,2,3.0,0.0,2.0,5.0,2,4.0,1,42
0,501.0,62000.0,62000.0,23,62000.0,78,1.0,32,1.0,24.0,20,1.0,1.0,2,1,0,2.0,1,2.0,1000,3.0,0.0,3.0,2.0,1,2.0,0,3.0,2001.0,1,999,3.0,1,40.0,0.0,38,52.0,142,0.0,600,1.0,1,2,3.0,0.0,2.0,5.0,2,4.0,1,50
0,501.0,70000.0,70000.0,10,70000.0,66,1.0,89,1.0,19.0,21,1.0,1.0,2,1,0,2.0,1,2.0,1000,3.0,0.0,3.0,2.0,1,2.0,0,3.0,2001.0,1,999,1.0,1,40.0,0.0,12,52.0,109,0.0,600,1.0,1,2,3.0,0.0,2.0,5.0,2,4.0,1,50
0,472.0,72000.0,72000.0,16,72000.0,95,1.0,51,1.0,21.0,20,1.0,1.0,2,1,0,2.0,1,2.0,1000,3.0,0.0,3.0,2.0,1,2.0,0,3.0,2014.0,1,32,5.0,1,40.0,0.0,27,52.0,56,0.0,400,1.0,2,2,3.0,0.0,2.0,5.0,2,4.0,1,42
0,472.0,70000.0,70000.0,32,70000.0,94,1.0,32,1.0,20.0,21,1.0,1.0,2,1,0,2.0,1,2.0,1000,3.0,0.0,3.0,2.0,1,2.0,0,3.0,2014.0,1,82,4.0,1,40.0,0.0,38,52.0,54,0.0,400,1.0,2,2,3.0,0.0,2.0,5.0,2,4.0,1,32
1,129.0,26000.0,26000.0,55,26000.0,83,1.0,32,1.0,18.0,20,1.0,1.0,2,1,0,2.0,1,2.0,1000,3.0,0.0,3.0,2.0,1,2.0,0,3.0,2017.0,1,999,2.0,1,40.0,0.0,38,52.0,69,0.0,400,1.0,1,2,3.0,0.0,2.0,5.0,2,4.0,1,28
1,129.0,0.0,0.0,40,0.0,85,6.0,917,2.0,19.0,21,1.0,2.0,2,1,0,2.0,3,2.0,5013,2.0,0.0,2.0,2.0,3,2.0,1,2.0,2017.0,0,999,2.0,1,40.0,0.0,38,52.0,87,0.0,400,1.0,1,2,3.0,0.0,2.0,5.0,2,4.0,1,25
0,396.0,80000.0,80000.0,02,0.0,01,1.0,82,1.0,21.0,20,1.0,1.0,2,1,1,2.0,1,2.0,1000,3.0,0.0,3.0,2.0,1,2.0,0,3.0,1984.0,1,999,6.0,1,60.0,0.0,38,52.0,26,0.0,500,1.0,1,2,3.0,0.0,2.0,5.0,2,4.0,1,61
0,396.0,0.0,0.0,42,0.0,69,6.0,82,3.0,21.0,21,1.0,2.0,2,1,2,2.0,1,2.0,1000,2.0,0.0,2.0,2.0,1,2.0,0,2.0,1984.0,1,999,1.0,1,40.0,0.0,38,52.0,23,0.0,500,1.0,1,2,3.0,0.0,2.0,5.0,2,4.0,1,61
0,423.0,86000.0,86000.0,81,86000.0,10,1.0,939,1.0,17.0,20,6.0,1.0,2,5,0,2.0,1,2.0,1000,3.0,0.0,3.0,2.0,1,2.0,0,3.0,1995.0,1,999,1.0,1,40.0,0.0,27,52.0,45,0.0,500,1.0,1,2,3.0,0.0,2.0,5.0,2,4.0,1,45
1,101.0,16000.0,16000.0,46,16000.0,84,1.0,939,1.0,16.0,22,6.0,1.0,2,5,0,2.0,1,2.0,1000,3.0,0.0,3.0,2.0,1,2.0,0,3.0,1995.0,1,999,2.0,1,40.0,0.0,27,52.0,31,0.0,500,1.0,1,2,3.0,0.0,2.0,5.0,2,4.0,1,50
0,423.0,17000.0,17000.0,81,17000.0,28,1.0,939,1.0,18.0,25,6.0,1.0,2,5,0,2.0,1,2.0,1000,2.0,0.0,2.0,2.0,1,2.0,0,2.0,1995.0,1,999,1.0,1,40.0,0.0,38,52.0,39,0.0,500,1.0,1,2,2.0,0.0,2.0,5.0,2,4.0,1,18
0,501.0,52930.0,52000.0,47,52000.0,48,1.0,22,1.0,20.0,20,1.0,1.0,2,1,0,2.0,1,2.0,1000,3.0,0.0,3.0,2.0,1,2.0,0,3.0,2012.0,1,999,1.0,1,55.0,0.0,38,52.0,35,930.0,100,1.0,1,2,3.0,0.0,2.0,5.0,2,4.0,1,55
0,501.0,61860.0,61860.0,52,61000.0,93,1.0,999,1.0,18.0,21,1.0,1.0,2,1,0,2.0,1,2.0,1000,3.0,0.0,3.0,2.0,1,2.0,0,3.0,2012.0,1,999,4.0,1,40.0,0.0,38,52.0,28,0.0,100,1.0,4,2,3.0,0.0,2.0,5.0,2,4.0,1,53
0,282.0,14400.0,14400.0,04,14400.0,73,1.0,999,1.0,17.0,20,1.0,1.0,2,1,0,2.0,1,2.0,1000,3.0,0.0,3.0,2.0,1,2.0,0,3.0,2021.0,1,999,1.0,1,40.0,0.0,38,52.0,144,0.0,200,1.0,4,2,3.0,0.0,2.0,5.0,2,4.0,1,27
0,282.0,42000.0,42000.0,23,42000.0,78,1.0,999,1.0,21.0,21,1.0,1.0,2,1,0,2.0,1,2.0,1000,3.0,0.0,3.0,2.0,1,2.0,0,3.0,2021.0,1,999,3.0,1,45.0,0.0,38,52.0,203,0.0,200,1.0,4,2,3.0,0.0,2.0,5.0,2,4.0,1,31
0,392.0,60000.0,60000.0,64,60000.0,07,1.0,920,1.0,16.0,20,5.0,1.0,2,4,0,2.0,3,2.0,5013,2.0,0.0,2.0,2.0,3,2.0,1,2.0,2013.0,0,999,1.0,1,45.0,0.0,38,52.0,36,0.0,100,1.0,1,2,2.0,0.0,2.0,1.0,2,4.0,1,37
0,101.0,15900.0,0.0,42,0.0,69,6.0,82,3.0,18.0,20,6.0,2.0,1,5,2,1.0,1,1.0,1000,2.0,0.0,2.0,1.0,1,1.0,0,2.0,1995.0,1,939,1.0,1,40.0,0.0,38,52.0,104,0.0,100,1.0,2,2,3.0,0.0,2.0,5.0,2,4.0,1,64
0,419.0,60000.0,60000.0,13,60000.0,07,1.0,939,1.0,21.0,21,1.0,1.0,2,1,0,2.0,1,2.0,1000,3.0,0.0,3.0,2.0,1,2.0,0,3.0,1987.0,1,999,1.0,1,40.0,0.0,30,52.0,47,0.0,300,1.0,1,2,3.0,0.0,2.0,5.0,2,4.0,1,60
0,489.0,85600.0,76000.0,51,76000.0,95,1.0,32,1.0,19.0,20,1.0,1.0,1,1,0,2.0,1,2.0,1000,3.0,0.0,3.0,2.0,1,2.0,0,3.0,1993.0,1,999,5.0,1,40.0,0.0,27,52.0,152,0.0,300,1.0,1,2,3.0,0.0,2.0,5.0,1,2.0,1,51
0,489.0,3000.0,3000.0,46,0.0,84,6.0,82,1.0,21.0,21,1.0,2.0,1,1,0,2.0,1,2.0,1000,2.0,0.0,2.0,1.0,1,2.0,0,2.0,1993.0,1,999,6.0,1,40.0,0.0,27,10.0,117,0.0,300,1.0,1,2,3.0,0.0,2.0,5.0,2,4.0,1,51
0,489.0,26000.0,26000.0,46,26000.0,83,1.0,82,1.0,21.0,25,6.0,1.0,2,5,0,2.0,1,2.0,1000,3.0,0.0,3.0,2.0,1,2.0,0,3.0,1995.0,1,999,2.0,1,32.0,0.0,38,52.0,101,0.0,300,1.0,1,2,3.0,0.0,2.0,5.0,2,4.0,1,25
0,492.0,89000.0,89000.0,10,89000.0,35,1.0,32,1.0,19.0,20,1.0,1.0,2,1,0,2.0,1,2.0,1000,3.0,0.0,3.0,2.0,1,2.0,0,3.0,2010.0,1,50,1.0,1,40.0,0.0,38,52.0,167,0.0,400,3.0,2,2,3.0,0.0,2.0,5.0,2,4.0,1,37
0,492.0,58000.0,58000.0,06,58000.0,83,1.0,82,1.0,20.0,21,1.0,1.0,2,1,0,2.0,1,2.0,1000,3.0,0.0,3.0,2.0,1,2.0,0,3.0,2010.0,1,32,2.0,1,45.0,0.0,38,52.0,127,0.0,400,3.0,2,2,3.0,0.0,2.0,5.0,2,4.0,1,33
0,501.0,78000.0,78000.0,46,78000.0,84,1.0,32,1.0,20.0,20,1.0,1.0,2,1,1,2.0,1,2.0,1000,3.0,0.0,3.0,2.0,1,2.0,0,3.0,2021.0,1,999,1.0,1,60.0,0.0,27,52.0,110,0.0,600,1.0,1,2,3.0,0.0,2.0,5.0,2,4.0,1,61
0,501.0,70000.0,70000.0,67,70000.0,07,1.0,32,1.0,19.0,21,1.0,1.0,2,1,0,2.0,1,2.0,1000,3.0,0.0,3.0,2.0,1,2.0,0,3.0,2021.0,1,999,3.0,1,52.0,0.0,38,52.0,105,0.0,600,1.0,1,2,3.0,0.0,2.0,5.0,2,4.0,1,57
0,341.0,70000.0,70000.0,02,70000.0,02,1.0,924,1.0,19.0,20,1.0,1.0,2,1,0,2.0,1,2.0,1000,3.0,0.0,3.0,2.0,1,2.0,0,3.0,2007.0,1,999,7.0,1,60.0,0.0,38,52.0,26,0.0,400,1.0,1,2,3.0,0.0,2.0,5.0,2,4.0,1,48
0,341.0,33000.0,28000.0,58,28000.0,69,1.0,924,1.0,19.0,21,1.0,1.0,2,1,0,2.0,1,2.0,1000,3.0,0.0,3.0,2.0,1,2.0,0,3.0,2007.0,1,999,1.0,1,39.0,0.0,38,52.0,21,5000.0,400,1.0,1,2,3.0,0.0,2.0,5.0,2,4.0,1,40
0,501.0,116120.0,116000.0,05,116000.0,01,1.0,142,1.0,18.0,20,4.0,1.0,2,3,0,2.0,1,2.0,1000,3.0,0.0,3.0,2.0,1,2.0,0,3.0,1981.0,1,89,1.0,1,45.0,0.0,27,52.0,21,120.0,500,3.0,2,2,3.0,0.0,2.0,5.0,2,4.0,1,61
0,328.0,50000.0,50000.0,10,50000.0,44,1.0,82,1.0,20.0,20,6.0,1.0,2,5,0,2.0,1,2.0,1000,3.0,0.0,3.0,2.0,1,2.0,0,3.0,1995.0,1,32,1.0,1,40.0,0.0,38,52.0,185,0.0,600,3.0,2,2,3.0,0.0,2.0,5.0,2,4.0,1,28
0,273.0,80000.0,80000.0,62,0.0,07,1.0,82,1.0,20.0,20,1.0,1.0,2,1,0,2.0,1,2.0,1000,3.0,0.0,3.0,2.0,1,2.0,0,3.0,2005.0,1,148,6.0,1,40.0,0.0,38,52.0,75,0.0,200,1.0,2,2,3.0,0.0,2.0,5.0,2,4.0,1,38
0,273.0,14000.0,14000.0,50,14000.0,81,1.0,82,1.0,19.0,21,1.0,1.0,2,1,0,2.0,17,2.0,9000,2.0,0.0,2.0,2.0,9,2.0,1,2.0,2005.0,1,935,2.0,1,40.0,0.0,38,52.0,96,0.0,200,1.0,2,2,3.0,0.0,2.0,5.0,2,4.0,1,38
0,381.0,60000.0,60000.0,23,60000.0,78,1.0,32,1.0,22.0,20,4.0,1.0,2,3,0,2.0,1,2.0,1000,3.0,0.0,3.0,2.0,1,2.0,0,3.0,1998.0,1,94,3.0,1,50.0,0.0,38,52.0,30,0.0,400,1.0,2,2,3.0,0.0,2.0,5.0,2,4.0,1,49
0,501.0,72000.0,72000.0,55,72000.0,63,1.0,50,1.0,16.0,25,1.0,1.0,1,1,0,2.0,1,2.0,1000,3.0,0.0,3.0,2.0,1,2.0,0,3.0,2018.0,1,32,5.0,1,36.0,0.0,6,52.0,1,0.0,200,1.0,2,2,3.0,0.0,2.0,5.0,1,4.0,1,46
0,501.0,38000.0,38000.0,81,38000.0,30,1.0,32,1.0,19.0,32,1.0,1.0,1,1,0,2.0,1,2.0,1000,3.0,0.0,3.0,2.0,1,2.0,0,3.0,2018.0,1,999,1.0,1,40.0,0.0,38,52.0,1,0.0,200,1.0,1,2,3.0,0.0,2.0,5.0,1,4.0,1,52
0,501.0,0.0,0.0,42,0.0,69,6.0,91,3.0,21.0,21,1.0,2.0,2,1,0,2.0,1,2.0,1000,2.0,0.0,2.0,2.0,1,2.0,0,2.0,1986.0,1,32,1.0,1,40.0,0.0,46,52.0,138,0.0,100,1.0,2,2,3.0,0.0,2.0,5.0,2,4.0,1,64
0,7.0,1200.0,1000.0,02,0.0,01,1.0,32,1.0,16.0,20,4.0,1.0,2,3,0,2.0,1,2.0,1000,2.0,0.0,2.0,2.0,1,2.0,0,2.0,1994.0,1,999,6.0,1,8.0,0.0,46,45.0,27,200.0,300,2.0,1,2,3.0,0.0,2.0,5.0,2,4.0,1,60
0,260.0,7000.0,0.0,91,0.0,07,6.0,939,2.0,19.0,20,1.0,2.0,2,1,0,2.0,1,2.0,1000,2.0,0.0,2.0,2.0,1,2.0,0,2.0,1978.0,1,999,7.0,1,40.0,7000.0,38,52.0,12,0.0,400,1.0,1,2,3.0,0.0,2.0,5.0,2,4.0,1,62
0,260.0,45000.0,45000.0,36,45000.0,83,1.0,939,1.0,16.0,21,1.0,1.0,2,1,0,2.0,1,2.0,1000,3.0,0.0,3.0,2.0,1,2.0,0,3.0,1978.0,1,999,2.0,1,37.0,0.0,38,52.0,14,0.0,400,1.0,1,2,3.0,0.0,2.0,5.0,2,4.0,1,62
0,380.0,15000.0,15000.0,57,15000.0,07,6.0,32,1.0,18.0,20,1.0,2.0,2,1,1,2.0,1,2.0,1000,2.0,0.0,2.0,2.0,1,2.0,0,2.0,1996.0,1,999,7.0,1,20.0,0.0,38,40.0,69,0.0,400,1.0,1,2,3.0,0.0,2.0,5.0,2,4.0,1,44
0,380.0,100000.0,100000.0,62,100000.0,07,6.0,32,1.0,16.0,21,1.0,2.0,2,1,1,2.0,1,2.0,1000,2.0,0.0,2.0,2.0,1,2.0,0,2.0,1996.0,1,999,7.0,1,50.0,0.0,38,38.0,60,0.0,400,1.0,1,2,3.0,0.0,2.0,5.0,2,4.0,1,51
0,380.0,22000.0,22000.0,62,22000.0,07,6.0,32,1.0,19.0,25,6.0,2.0,2,5,1,2.0,1,2.0,1000,2.0,0.0,2.0,2.0,1,2.0,0,2.0,1995.0,1,999,1.0,1,30.0,0.0,38,32.0,2,0.0,400,1.0,1,2,3.0,0.0,2.0,5.0,2,4.0,1,21
0,71.0,10900.0,12000.0,32,12000.0,81,1.0,999,1.0,19.0,20,6.0,1.0,2,5,1,2.0,1,2.0,1000,3.0,0.0,3.0,2.0,1,2.0,0,3.0,1995.0,1,999,1.0,1,15.0,0.0,38,52.0,112,-1100.0,500,3.0,4,2,3.0,0.0,2.0,5.0,2,4.0,1,22
1,178.0,15000.0,15000.0,36,15000.0,81,1.0,939,1.0,16.0,20,1.0,1.0,2,1,0,2.0,1,2.0,1000,3.0,0.0,3.0,2.0,1,2.0,0,3.0,2023.0,1,999,5.0,1,35.0,0.0,12,35.0,355,0.0,300,3.0,1,2,3.0,0.0,1.0,5.0,2,4.0,1,22
0,178.0,40000.0,40000.0,88,40000.0,06,1.0,939,1.0,20.0,21,1.0,1.0,2,1,0,2.0,1,2.0,1000,3.0,0.0,3.0,2.0,1,2.0,0,3.0,2023.0,1,999,2.0,1,40.0,0.0,38,52.0,740,0.0,300,3.0,1,2,3.0,0.0,1.0,5.0,2,4.0,1,24
0,501.0,98000.0,98000.0,32,98000.0,81,1.0,32,1.0,21.0,20,4.0,1.0,2,3,0,2.0,1,2.0,1000,3.0,0.0,3.0,2.0,1,2.0,0,3.0,1998.0,1,82,2.0,1,40.0,0.0,46,52.0,134,0.0,200,1.0,2,2,3.0,0.0,2.0,5.0,2,4.0,1,47
0,501.0,100000.0,100000.0,70,100000.0,66,1.0,32,1.0,19.0,22,4.0,1.0,2,3,0,2.0,1,2.0,1000,3.0,0.0,3.0,2.0,1,2.0,0,3.0,1998.0,1,82,1.0,1,40.0,0.0,38,52.0,133,0.0,200,1.0,2,2,3.0,0.0,2.0,5.0,2,4.0,1,49
0,501.0,55000.0,55000.0,32,55000.0,81,1.0,32,1.0,21.0,25,6.0,1.0,2,5,0,2.0,1,2.0,1000,3.0,0.0,3.0,2.0,1,2.0,0,3.0,1995.0,1,82,2.0,1,40.0,0.0,38,52.0,117,0.0,200,1.0,2,2,3.0,0.0,2.0,5.0,2,4.0,1,23
0,119.0,24800.0,24800.0,33,24800.0,81,1.0,999,1.0,20.0,20,4.0,1.0,2,3,2,2.0,1,2.0,1000,3.0,0.0,3.0,2.0,1,2.0,0,3.0,2009.0,1,999,1.0,1,38.0,0.0,38,52.0,588,0.0,300,1.0,4,2,3.0,0.0,2.0,5.0,2,4.0,1,39
0,501.0,145000.0,145000.0,01,140000.0,69,1.0,26,1.0,22.0,20,6.0,1.0,2,5,0,2.0,1,2.0,1000,3.0,0.0,3.0,2.0,1,2.0,0,3.0,1995.0,1,999,1.0,1,55.0,0.0,38,52.0,132,0.0,600,1.0,1,2,3.0,0.0,2.0,5.0,2,4.0,1,31
0,467.0,36600.0,36600.0,40,28800.0,86,1.0,999,1.0,16.0,20,1.0,1.0,2,1,0,2.0,1,2.0,1000,3.0,0.0,3.0,2.0,1,2.0,0,3.0,2021.0,1,999,1.0,1,40.0,0.0,55,52.0,59,0.0,400,1.0,4,2,3.0,0.0,2.0,5.0,2,4.0,1,24
0,467.0,75000.0,75000.0,03,75000.0,86,1.0,999,1.0,16.0,21,1.0,1.0,2,1,0,2.0,1,2.0,1000,3.0,0.0,3.0,2.0,1,2.0,0,3.0,2021.0,1,999,1.0,1,40.0,0.0,38,48.0,17,0.0,400,1.0,4,2,3.0,0.0,2.0,5.0,2,3.0,1,33
0,501.0,100000.0,100000.0,68,100000.0,03,1.0,32,1.0,16.0,20,1.0,1.0,2,1,0,2.0,1,2.0,1000,3.0,0.0,3.0,2.0,1,2.0,0,3.0,2016.0,1,999,1.0,1,40.0,0.0,38,52.0,112,0.0,300,1.0,1,2,3.0,0.0,2.0,5.0,2,4.0,1,34
0,501.0,50000.0,50000.0,51,50000.0,93,1.0,82,1.0,19.0,21,1.0,1.0,2,1,0,2.0,1,2.0,1000,3.0,0.0,3.0,2.0,1,2.0,0,3.0,2016.0,1,999,3.0,1,40.0,0.0,38,52.0,152,0.0,300,1.0,1,2,3.0,0.0,2.0,5.0,2,4.0,1,32
0,44.0,7000.0,7000.0,40,7000.0,86,2.0,32,1.0,19.0,20,6.0,2.0,2,5,2,2.0,1,2.0,1000,3.0,0.0,2.0,2.0,1,2.0,0,1.0,1995.0,1,999,1.0,1,25.0,0.0,38,40.0,243,0.0,600,3.0,1,2,3.0,0.0,2.0,5.0,2,4.0,1,20
1,152.0,24000.0,24000.0,51,24000.0,68,1.0,22,1.0,19.0,22,6.0,1.0,2,5,0,2.0,1,2.0,1000,3.0,0.0,3.0,2.0,1,2.0,0,3.0,1995.0,1,26,1.0,1,30.0,0.0,32,52.0,108,0.0,600,3.0,2,2,3.0,0.0,2.0,5.0,2,4.0,1,24
1,0.0,0.0,0.0,36,0.0,94,6.0,996,2.0,16.0,20,6.0,2.0,2,5,0,2.0,1,2.0,1000,2.0,0.0,2.0,2.0,1,2.0,0,2.0,1995.0,1,999,5.0,1,40.0,0.0,27,52.0,67,0.0,400,1.0,3,2,3.0,0.0,2.0,5.0,2,4.0,1,30
1,224.0,35000.0,35000.0,62,35000.0,07,1.0,996,1.0,17.0,22,6.0,1.0,2,5,0,2.0,1,2.0,1000,3.0,0.0,3.0,2.0,1,2.0,0,3.0,1995.0,1,999,1.0,1,40.0,0.0,27,30.0,80,0.0,400,1.0,3,2,3.0,0.0,2.0,5.0,2,4.0,1,44
0,404.0,79600.0,74000.0,86,74000.0,60,1.0,82,1.0,13.0,20,4.0,1.0,2,3,0,2.0,1,2.0,1000,2.0,0.0,2.0,2.0,1,2.0,0,2.0,1995.0,1,999,1.0,1,40.0,0.0,38,50.0,77,-1100.0,100,1.0,1,2,3.0,0.0,2.0,5.0,2,4.0,1,60
0,404.0,0.0,0.0,42,0.0,69,6.0,999,3.0,21.0,25,6.0,1.0,2,5,0,2.0,1,2.0,1000,3.0,0.0,3.0,2.0,1,2.0,0,3.0,1995.0,1,999,1.0,1,40.0,0.0,38,52.0,33,0.0,100,1.0,4,2,3.0,0.0,2.0,5.0,2,4.0,1,22
0,501.0,125000.0,125000.0,81,125000.0,03,1.0,82,1.0,20.0,20,1.0,1.0,2,1,0,2.0,1,2.0,1000,3.0,0.0,3.0,2.0,1,2.0,0,3.0,2021.0,1,999,1.0,1,45.0,0.0,38,52.0,26,0.0,300,1.0,1,2,3.0,0.0,2.0,5.0,2,4.0,1,41
0,501.0,25000.0,25000.0,40,25000.0,78,1.0,142,1.0,20.0,21,1.0,1.0,2,1,0,2.0,1,2.0,1000,3.0,0.0,3.0,2.0,1,2.0,0,3.0,2021.0,1,999,1.0,1,40.0,0.0,27,52.0,33,0.0,300,1.0,1,2,3.0,0.0,2.0,5.0,2,4.0,1,32
0,410.0,85000.0,85000.0,26,85000.0,81,1.0,999,1.0,20.0,20,6.0,1.0,2,5,0,2.0,1,2.0,1000,3.0,0.0,3.0,2.0,1,2.0,0,3.0,1995.0,1,999,2.0,1,40.0,0.0,38,52.0,79,0.0,500,1.0,4,2,3.0,0.0,2.0,5.0,2,4.0,1,38
0,501.0,48000.0,48000.0,50,48000.0,74,1.0,82,1.0,19.0,20,1.0,1.0,2,1,0,2.0,1,2.0,1000,3.0,0.0,3.0,2.0,1,2.0,0,3.0,2008.0,1,999,1.0,1,40.0,0.0,38,52.0,45,0.0,400,1.0,1,2,3.0,0.0,2.0,5.0,2,4.0,1,38
0,501.0,73000.0,73000.0,77,73000.0,06,1.0,82,1.0,16.0,21,1.0,1.0,2,1,0,2.0,1,2.0,1000,3.0,0.0,3.0,2.0,1,2.0,0,3.0,2008.0,1,999,3.0,1,40.0,0.0,38,52.0,52,0.0,400,1.0,1,2,3.0,0.0,2.0,5.0,2,4.0,1,42
0,501.0,56000.0,56000.0,23,56000.0,78,1.0,999,1.0,21.0,20,1.0,1.0,2,1,0,2.0,1,2.0,1000,3.0,0.0,3.0,2.0,1,2.0,0,3.0,2005.0,1,999,2.0,1,40.0,0.0,38,52.0,55,0.0,100,3.0,4,2,3.0,0.0,2.0,5.0,2,4.0,1,37
0,501.0,125000.0,125000.0,04,125000.0,02,1.0,999,1.0,22.0,21,1.0,1.0,2,1,0,2.0,1,2.0,1000,3.0,0.0,3.0,2.0,1,2.0,0,3.0,2005.0,1,999,1.0,1,40.0,0.0,38,52.0,69,0.0,100,3.0,4,2,3.0,0.0,2.0,5.0,2,4.0,1,45
0,373.0,34000.0,34000.0,58,34000.0,44,1.0,122,1.0,19.0,25,4.0,1.0,2,3,0,2.0,1,2.0,1000,2.0,0.0,2.0,2.0,1,2.0,0,2.0,1990.0,1,999,1.0,1,45.0,0.0,38,52.0,3,0.0,100,3.0,1,2,2.0,0.0,2.0,5.0,2,4.0,1,52
0,294.0,45000.0,45000.0,36,45000.0,81,1.0,32,1.0,19.0,20,6.0,1.0,2,5,0,2.0,1,2.0,1000,3.0,0.0,3.0,2.0,1,2.0,0,3.0,1995.0,1,999,1.0,1,38.0,0.0,46,52.0,104,0.0,100,1.0,1,2,3.0,0.0,2.0,5.0,2,4.0,1,58
0,501.0,21000.0,21000.0,60,21000.0,01,1.0,20,1.0,18.0,21,1.0,1.0,2,1,0,2.0,1,2.0,1000,3.0,0.0,3.0,2.0,1,2.0,0,3.0,1980.0,1,999,1.0,1,10.0,0.0,38,52.0,9,0.0,200,1.0,1,2,3.0,0.0,2.0,5.0,2,4.0,1,65
0,314.0,45000.0,45000.0,35,45000.0,81,1.0,148,1.0,20.0,20,1.0,1.0,2,1,0,2.0,1,2.0,1000,3.0,0.0,3.0,2.0,1,2.0,0,3.0,2003.0,1,32,1.0,1,40.0,0.0,46,52.0,43,0.0,400,1.0,2,2,3.0,0.0,2.0,5.0,2,4.0,1,44
0,314.0,46600.0,45000.0,96,45000.0,39,1.0,999,1.0,16.0,21,1.0,1.0,2,1,0,2.0,1,2.0,1000,3.0,0.0,3.0,2.0,1,2.0,0,3.0,2003.0,1,999,1.0,1,40.0,0.0,17,52.0,54,0.0,400,1.0,4,2,3.0,0.0,2.0,5.0,2,2.0,1,47
0,501.0,107400.0,107400.0,47,100000.0,48,1.0,32,1.0,16.0,20,1.0,1.0,2,1,0,2.0,1,2.0,1000,3.0,0.0,3.0,2.0,1,2.0,0,3.0,2006.0,1,999,1.0,1,50.0,0.0,38,52.0,122,0.0,500,1.0,1,2,3.0,0.0,2.0,5.0,2,4.0,1,59
0,501.0,45000.0,45000.0,21,45000.0,72,1.0,50,1.0,20.0,21,1.0,1.0,2,1,0,2.0,1,2.0,1000,3.0,0.0,3.0,2.0,1,2.0,0,3.0,2006.0,1,999,3.0,1,40.0,0.0,6,52.0,156,0.0,500,1.0,1,2,3.0,0.0,2.0,5.0,2,4.0,1,52
0,501.0,44200.0,44200.0,02,44200.0,01,1.0,82,1.0,19.0,20,1.0,1.0,2,1,2,2.0,1,2.0,1000,3.0,0.0,3.0,2.0,1,2.0,0,3.0,1989.0,1,999,7.0,1,32.0,0.0,27,52.0,45,0.0,400,1.0,1,2,3.0,0.0,2.0,5.0,2,4.0,1,54
0,501.0,16000.0,15400.0,96,15400.0,53,1.0,999,1.0,20.0,25,6.0,1.0,2,5,2,2.0,29,2.0,9000,3.0,0.0,3.0,2.0,9,2.0,0,3.0,1995.0,1,999,1.0,1,24.0,0.0,27,52.0,10,600.0,400,1.0,4,2,3.0,0.0,2.0,5.0,2,4.0,1,28
0,130.0,20000.0,20000.0,90,20000.0,50,1.0,122,1.0,20.0,20,6.0,1.0,2,5,0,2.0,1,2.0,1000,3.0,0.0,3.0,2.0,1,2.0,0,3.0,1995.0,1,999,1.0,1,50.0,0.0,38,52.0,41,0.0,500,1.0,1,2,3.0,0.0,2.0,5.0,2,4.0,1,50
0,213.0,45250.0,45000.0,51,45000.0,66,1.0,82,1.0,20.0,20,4.0,1.0,1,3,0,2.0,1,2.0,1000,3.0,0.0,3.0,2.0,1,2.0,0,3.0,2006.0,1,24,2.0,1,40.0,0.0,38,52.0,329,250.0,600,1.0,2,2,3.0,0.0,2.0,5.0,1,4.0,1,45
0,364.0,57000.0,57000.0,52,57000.0,57,1.0,999,1.0,20.0,20,4.0,1.0,2,3,0,2.0,1,2.0,1000,3.0,0.0,3.0,2.0,1,2.0,0,3.0,1980.0,1,999,1.0,1,40.0,0.0,27,52.0,114,0.0,600,1.0,4,2,3.0,0.0,2.0,5.0,2,4.0,1,63
0,261.0,50000.0,50000.0,73,50000.0,69,1.0,26,1.0,15.0,20,1.0,1.0,2,1,0,2.0,1,2.0,1000,3.0,0.0,3.0,2.0,1,2.0,0,3.0,2006.0,1,999,1.0,5,40.0,0.0,109,52.0,18,0.0,200,1.0,1,2,3.0,0.0,2.0,5.0,2,4.0,1,56
0,501.0,119800.0,117000.0,20,117000.0,81,1.0,917,1.0,22.0,20,1.0,1.0,2,1,0,2.0,3,2.0,5013,3.0,0.0,3.0,2.0,3,2.0,1,3.0,2009.0,0,999,5.0,1,45.0,0.0,38,52.0,239,1400.0,400,1.0,1,2,3.0,0.0,2.0,5.0,2,4.0,1,40
0,501.0,58500.0,54000.0,63,54000.0,07,1.0,999,1.0,21.0,21,1.0,1.0,2,1,0,2.0,3,2.0,5013,3.0,0.0,3.0,2.0,3,2.0,1,3.0,2009.0,0,999,1.0,1,40.0,0.0,38,51.0,174,0.0,400,1.0,4,2,3.0,4500.0,2.0,5.0,2,4.0,1,46
0,501.0,4050.0,4000.0,93,4000.0,78,1.0,999,1.0,19.0,25,6.0,1.0,1,5,0,1.0,3,2.0,5013,3.0,0.0,3.0,2.0,3,2.0,1,3.0,1995.0,0,999,4.0,1,10.0,0.0,27,40.0,210,50.0,400,1.0,4,2,3.0,0.0,2.0,5.0,2,4.0,1,20
0,458.0,49000.0,49000.0,02,0.0,01,1.0,82,1.0,16.0,20,1.0,1.0,2,1,0,2.0,1,2.0,1000,3.0,0.0,3.0,2.0,1,2.0,0,3.0,2020.0,1,999,6.0,1,50.0,0.0,38,52.0,86,0.0,100,1.0,1,2,3.0,0.0,2.0,5.0,2,4.0,1,32
0,458.0,91000.0,91000.0,51,91000.0,68,1.0,82,1.0,21.0,21,1.0,1.0,2,1,0,2.0,1,2.0,1000,3.0,0.0,3.0,2.0,1,2.0,0,3.0,2020.0,1,999,1.0,1,38.0,0.0,38,52.0,89,0.0,100,1.0,1,2,3.0,0.0,2.0,5.0,2,4.0,1,28
0,203.0,31000.0,31000.0,02,30000.0,01,1.0,82,1.0,21.0,20,1.0,1.0,2,1,2,2.0,1,2.0,1000,3.0,0.0,3.0,2.0,1,2.0,0,3.0,1992.0,1,999,6.0,1,40.0,0.0,27,52.0,73,0.0,400,1.0,1,2,3.0,0.0,2.0,5.0,2,4.0,1,51
0,203.0,10000.0,10000.0,02,0.0,01,1.0,20,1.0,22.0,21,1.0,1.0,2,1,2,2.0,1,2.0,1000,3.0,0.0,3.0,2.0,1,2.0,0,3.0,1992.0,1,999,6.0,1,40.0,0.0,38,52.0,96,0.0,400,1.0,1,2,3.0,0.0,2.0,5.0,2,4.0,1,54
0,387.0,48500.0,48500.0,21,48500.0,72,1.0,917,1.0,20.0,20,1.0,1.0,2,1,0,2.0,3,2.0,5013,3.0,0.0,3.0,2.0,3,2.0,1,3.0,2021.0,0,999,5.0,1,40.0,0.0,38,52.0,61,0.0,400,1.0,1,2,3.0,0.0,2.0,5.0,2,4.0,1,61
0,387.0,50000.0,50000.0,47,50000.0,46,1.0,999,1.0,16.0,21,1.0,1.0,2,1,0,2.0,1,2.0,1000,3.0,0.0,3.0,2.0,1,2.0,0,3.0,2021.0,1,999,1.0,1,40.0,0.0,38,52.0,25,0.0,400,1.0,4,2,3.0,0.0,2.0,5.0,2,4.0,1,55
1,387.0,25000.0,25000.0,40,25000.0,86,6.0,917,1.0,13.0,30,6.0,2.0,2,5,0,2.0,3,2.0,5013,2.0,0.0,2.0,2.0,3,2.0,1,2.0,1995.0,0,999,1.0,1,40.0,0.0,38,52.0,69,0.0,400,1.0,1,2,3.0,0.0,2.0,5.0,2,4.0,1,22
0,430.0,52000.0,52000.0,36,52000.0,82,1.0,32,1.0,19.0,20,1.0,1.0,2,1,0,2.0,1,2.0,1000,3.0,0.0,3.0,2.0,1,2.0,0,3.0,2001.0,1,22,2.0,1,40.0,0.0,39,52.0,35,0.0,100,1.0,2,2,3.0,0.0,2.0,5.0,2,4.0,1,46
0,430.0,32300.0,32300.0,47,0.0,87,1.0,999,1.0,19.0,21,1.0,1.0,2,1,0,2.0,1,2.0,1000,3.0,0.0,3.0,2.0,1,2.0,0,3.0,2001.0,1,999,6.0,1,40.0,0.0,39,52.0,37,0.0,100,1.0,4,2,3.0,0.0,2.0,5.0,2,4.0,1,49
0,100.0,0.0,0.0,42,0.0,69,6.0,22,3.0,16.0,20,1.0,2.0,2,1,0,2.0,1,2.0,1000,2.0,0.0,2.0,2.0,1,2.0,0,2.0,1980.0,1,50,1.0,1,40.0,0.0,30,52.0,17,0.0,100,1.0,2,2,3.0,0.0,2.0,5.0,2,4.0,1,62
0,100.0,20000.0,20000.0,04,20000.0,03,1.0,82,1.0,14.0,21,1.0,1.0,2,1,0,2.0,1,2.0,1000,3.0,0.0,3.0,2.0,1,2.0,0,3.0,1980.0,1,26,1.0,1,40.0,0.0,46,52.0,17,0.0,100,1.0,2,2,3.0,0.0,2.0,5.0,2,4.0,1,60
1,152.0,24030.0,0.0,42,0.0,69,6.0,82,3.0,24.0,20,6.0,2.0,1,5,0,1.0,1,2.0,1000,2.0,0.0,2.0,2.0,1,2.0,0,2.0,1995.0,1,32,1.0,1,40.0,24000.0,38,52.0,162,30.0,600,1.0,2,2,3.0,0.0,2.0,5.0,2,4.0,1,47
0,421.0,15000.0,15000.0,35,15000.0,50,6.0,999,1.0,19.0,20,1.0,2.0,2,1,0,2.0,1,2.0,1000,2.0,0.0,2.0,2.0,1,2.0,0,2.0,2017.0,1,999,1.0,1,32.0,0.0,38,47.0,115,0.0,300,1.0,4,2,3.0,0.0,2.0,5.0,2,4.0,1,38
0,421.0,70000.0,70000.0,96,70000.0,48,1.0,999,1.0,17.0,21,1.0,1.0,2,1,0,2.0,1,2.0,1000,3.0,0.0,3.0,2.0,1,2.0,0,3.0,2017.0,1,999,1.0,1,60.0,0.0,38,52.0,165,0.0,300,1.0,4,2,3.0,0.0,2.0,5.0,2,4.0,1,38
0,152.0,24100.0,22100.0,90,22100.0,60,6.0,98,1.0,22.0,20,2.0,2.0,2,1,0,2.0,1,2.0,1000,2.0,0.0,2.0,2.0,1,2.0,0,2.0,2004.0,1,999,1.0,1,50.0,0.0,38,9.0,116,0.0,600,1.0,1,2,3.0,0.0,2.0,5.0,2,4.0,1,61
0,348.0,43700.0,43700.0,47,43700.0,86,1.0,98,1.0,18.0,20,1.0,1.0,2,1,0,2.0,1,2.0,1000,2.0,0.0,2.0,2.0,1,2.0,0,3.0,2016.0,1,999,1.0,1,45.0,0.0,27,52.0,33,0.0,400,1.0,1,2,3.0,0.0,2.0,5.0,2,4.0,1,58
1,348.0,15700.0,9200.0,36,9200.0,82,1.0,195,1.0,16.0,25,6.0,1.0,2,5,0,2.0,1,2.0,1000,2.0,6500.0,2.0,2.0,1,2.0,0,2.0,1995.0,1,999,1.0,1,10.0,0.0,27,52.0,1,0.0,400,1.0,1,2,2.0,0.0,2.0,5.0,2,4.0,1,39
0,332.0,69000.0,69000.0,81,69000.0,32,1.0,996,1.0,18.0,20,4.0,1.0,2,3,0,2.0,1,2.0,1000,3.0,0.0,3.0,2.0,1,2.0,0,3.0,2008.0,1,999,1.0,1,40.0,0.0,8,52.0,194,0.0,400,1.0,3,2,3.0,0.0,2.0,5.0,2,2.0,1,37
0,501.0,103000.0,103000.0,02,103000.0,78,1.0,82,1.0,24.0,20,4.0,1.0,2,3,0,2.0,1,2.0,1000,3.0,0.0,3.0,2.0,1,2.0,0,3.0,1984.0,1,32,3.0,1,58.0,0.0,38,52.0,301,0.0,500,3.0,2,2,3.0,0.0,2.0,5.0,2,4.0,1,58
0,463.0,47000.0,47000.0,52,47000.0,17,3.0,32,1.0,19.0,20,1.0,2.0,1,1,0,2.0,1,1.0,1000,1.0,0.0,1.0,1.0,1,2.0,0,3.0,2010.0,1,82,1.0,1,40.0,0.0,38,45.0,20,0.0,600,1.0,2,2,2.0,0.0,2.0,1.0,2,4.0,1,34
0,463.0,47000.0,47000.0,89,47000.0,12,1.0,32,1.0,20.0,21,1.0,1.0,2,1,0,2.0,1,2.0,1000,3.0,0.0,3.0,2.0,1,2.0,0,3.0,2010.0,1,50,1.0,1,50.0,0.0,27,52.0,20,0.0,600,1.0,2,2,3.0,0.0,2.0,5.0,2,4.0,1,36
0,35.0,5600.0,5600.0,96,5600.0,50,1.0,924,1.0,17.0,20,4.0,1.0,2,3,0,2.0,1,2.0,1000,2.0,0.0,2.0,2.0,1,2.0,0,2.0,2003.0,1,999,1.0,1,40.0,0.0,6,24.0,21,0.0,400,2.0,1,2,2.0,0.0,2.0,5.0,2,4.0,1,44
0,279.0,55000.0,50000.0,02,0.0,01,1.0,32,1.0,21.0,20,1.0,1.0,2,1,0,2.0,1,2.0,1000,3.0,0.0,3.0,2.0,1,2.0,0,3.0,2016.0,1,999,6.0,1,75.0,0.0,38,52.0,37,5000.0,100,1.0,1,2,3.0,0.0,2.0,5.0,2,4.0,1,39
0,279.0,45000.0,45000.0,23,45000.0,78,1.0,999,1.0,21.0,21,1.0,1.0,2,1,0,2.0,1,2.0,1000,3.0,0.0,3.0,2.0,1,2.0,0,3.0,2016.0,1,999,3.0,1,40.0,0.0,38,52.0,17,0.0,100,1.0,4,2,3.0,0.0,2.0,5.0,2,4.0,1,31
0,316.0,52000.0,52000.0,32,52000.0,81,1.0,32,1.0,21.0,20,1.0,1.0,2,1,0,2.0,1,2.0,1000,3.0,0.0,3.0,2.0,1,2.0,0,3.0,1991.0,1,50,1.0,1,40.0,0.0,27,52.0,102,0.0,600,3.0,2,2,3.0,0.0,2.0,5.0,2,4.0,1,56
0,316.0,25000.0,25000.0,91,25000.0,07,1.0,32,1.0,19.0,21,1.0,1.0,2,1,0,2.0,1,2.0,1000,3.0,0.0,3.0,2.0,1,2.0,0,3.0,1991.0,1,21,1.0,1,45.0,0.0,27,52.0,99,0.0,600,3.0,2,2,3.0,0.0,2.0,5.0,2,4.0,1,60
0,500.0,176000.0,176000.0,85,140000.0,38,1.0,22,1.0,16.0,20,1.0,1.0,2,1,0,2.0,1,2.0,1000,3.0,0.0,3.0,2.0,1,2.0,0,3.0,2001.0,1,88,7.0,7,45.0,0.0,301,52.0,27,0.0,500,1.0,2,2,3.0,0.0,2.0,5.0,2,4.0,1,47
0,500.0,0.0,0.0,42,0.0,69,6.0,94,3.0,16.0,21,1.0,2.0,2,1,0,2.0,1,2.0,1000,2.0,0.0,2.0,2.0,1,2.0,0,2.0,2001.0,1,999,1.0,1,40.0,0.0,26,52.0,19,0.0,500,1.0,1,2,3.0,0.0,2.0,5.0,2,4.0,1,44
0,500.0,46000.0,46000.0,58,46000.0,38,1.0,22,1.0,16.0,25,6.0,1.0,2,5,0,2.0,1,2.0,1000,3.0,0.0,3.0,2.0,1,2.0,0,3.0,1995.0,1,94,1.0,7,40.0,0.0,301,52.0,47,0.0,500,1.0,2,2,3.0,0.0,2.0,5.0,2,4.0,1,21
0,500.0,42000.0,42000.0,53,42000.0,42,1.0,22,1.0,16.0,25,6.0,1.0,2,5,0,2.0,1,2.0,1000,3.0,0.0,3.0,2.0,1,2.0,0,3.0,1995.0,1,94,1.0,7,40.0,0.0,301,52.0,46,0.0,500,1.0,2,2,3.0,0.0,2.0,5.0,2,4.0,1,19
0,444.0,130000.0,130000.0,47,130000.0,48,1.0,999,1.0,20.0,20,1.0,1.0,2,1,2,2.0,1,2.0,1000,3.0,0.0,3.0,2.0,1,2.0,0,3.0,2000.0,1,999,1.0,1,50.0,0.0,38,50.0,10,0.0,400,1.0,4,2,3.0,0.0,2.0,5.0,2,4.0,1,45
0,444.0,25000.0,25000.0,23,25000.0,78,1.0,82,1.0,20.0,21,1.0,1.0,2,1,0,2.0,1,2.0,1000,3.0,0.0,3.0,2.0,1,2.0,0,3.0,2000.0,1,999,3.0,1,40.0,0.0,38,52.0,10,0.0,400,1.0,1,2,3.0,0.0,2.0,5.0,2,4.0,1,42
0,363.0,31000.0,0.0,23,0.0,78,6.0,114,2.0,21.0,20,1.0,2.0,1,1,2,2.0,1,2.0,1000,2.0,0.0,2.0,2.0,1,2.0,0,2.0,1982.0,1,999,3.0,1,40.0,0.0,38,52.0,21,1000.0,500,1.0,1,2,3.0,0.0,2.0,5.0,1,4.0,1,64
0,363.0,41000.0,41000.0,60,41000.0,01,1.0,22,1.0,20.0,21,1.0,1.0,2,1,2,2.0,1,2.0,1000,3.0,0.0,1.0,2.0,1,2.0,0,3.0,1982.0,1,935,1.0,1,70.0,0.0,38,52.0,22,0.0,500,1.0,2,2,1.0,0.0,2.0,1.0,2,4.0,1,65
0,501.0,52700.0,52000.0,51,52000.0,66,1.0,32,1.0,16.0,20,1.0,1.0,2,1,0,2.0,1,2.0,1000,3.0,0.0,3.0,2.0,1,2.0,0,3.0,1993.0,1,148,1.0,1,40.0,0.0,38,52.0,515,700.0,300,1.0,2,2,3.0,0.0,2.0,5.0,2,4.0,1,51
0,72.0,8000.0,8000.0,46,8000.0,84,1.0,50,1.0,17.0,20,4.0,1.0,2,3,1,2.0,1,2.0,1000,3.0,0.0,3.0,2.0,1,2.0,0,3.0,2018.0,1,32,7.0,1,30.0,0.0,53,52.0,82,0.0,500,3.0,2,2,3.0,0.0,2.0,5.0,2,4.0,1,41
0,241.0,37000.0,37000.0,52,37000.0,80,1.0,82,1.0,21.0,20,6.0,1.0,2,5,0,2.0,1,2.0,1000,3.0,0.0,3.0,2.0,1,2.0,0,3.0,1995.0,1,142,1.0,1,42.0,0.0,27,52.0,32,0.0,200,1.0,2,2,3.0,0.0,2.0,5.0,2,4.0,1,37
0,444.0,90000.0,90000.0,01,90000.0,11,1.0,32,1.0,16.0,20,1.0,1.0,2,1,0,2.0,1,2.0,1000,3.0,0.0,3.0,2.0,1,2.0,0,3.0,2016.0,1,999,1.0,1,40.0,0.0,38,52.0,34,0.0,400,1.0,1,2,3.0,0.0,2.0,5.0,2,4.0,1,31
0,444.0,45000.0,45000.0,35,45000.0,81,1.0,32,1.0,17.0,21,1.0,1.0,2,1,0,2.0,1,2.0,1000,3.0,0.0,3.0,2.0,1,2.0,0,3.0,2016.0,1,999,1.0,1,40.0,0.0,38,52.0,35,0.0,400,1.0,1,2,3.0,0.0,2.0,5.0,2,4.0,1,31
0,501.0,29800.0,29800.0,02,0.0,01,1.0,32,1.0,21.0,20,1.0,1.0,2,1,0,2.0,1,2.0,1000,3.0,0.0,3.0,2.0,1,2.0,0,3.0,1986.0,1,999,6.0,1,60.0,0.0,56,50.0,23,0.0,100,1.0,1,2,3.0,0.0,2.0,5.0,2,4.0,1,60
0,501.0,103300.0,93300.0,06,100000.0,04,1.0,32,1.0,22.0,21,1.0,1.0,2,1,0,2.0,1,2.0,1000,3.0,0.0,3.0,2.0,1,2.0,0,3.0,1986.0,1,999,1.0,1,40.0,0.0,38,52.0,42,10000.0,100,1.0,1,2,3.0,0.0,2.0,5.0,2,4.0,1,63
0,243.0,50000.0,50000.0,02,0.0,01,1.0,82,1.0,21.0,20,6.0,1.0,2,5,2,2.0,1,2.0,1000,3.0,0.0,3.0,2.0,1,2.0,0,3.0,1995.0,1,32,6.0,1,80.0,0.0,38,52.0,21,0.0,200,1.0,2,2,3.0,0.0,2.0,5.0,2,4.0,1,43
0,368.0,40000.0,40000.0,05,40000.0,69,1.0,32,1.0,16.0,20,1.0,1.0,2,1,0,2.0,1,2.0,1000,3.0,0.0,3.0,2.0,1,2.0,0,3.0,2004.0,1,999,1.0,1,40.0,0.0,38,52.0,19,0.0,300,1.0,1,2,3.0,0.0,2.0,5.0,2,4.0,1,42
0,368.0,70000.0,70000.0,91,70000.0,61,1.0,32,1.0,16.0,21,1.0,1.0,2,1,0,2.0,1,2.0,1000,3.0,0.0,3.0,2.0,1,2.0,0,3.0,2004.0,1,999,1.0,1,40.0,0.0,38,52.0,24,0.0,300,1.0,1,2,3.0,0.0,2.0,5.0,2,4.0,1,44
0,501.0,127000.0,127000.0,74,127000.0,05,1.0,82,1.0,20.0,20,1.0,1.0,2,1,0,2.0,1,2.0,1000,3.0,0.0,3.0,2.0,1,2.0,0,3.0,2022.0,1,32,2.0,1,40.0,0.0,38,52.0,93,0.0,500,1.0,2,2,3.0,0.0,2.0,5.0,2,4.0,1,30
0,501.0,40000.0,40000.0,57,40000.0,01,1.0,82,1.0,21.0,21,1.0,1.0,2,1,0,2.0,1,2.0,1000,3.0,0.0,3.0,2.0,1,2.0,0,3.0,2022.0,1,32,1.0,1,45.0,0.0,38,52.0,65,0.0,500,1.0,2,2,3.0,0.0,2.0,5.0,2,4.0,1,31
0,252.0,58000.0,58000.0,32,58000.0,94,1.0,142,1.0,21.0,20,6.0,1.0,2,5,0,2.0,1,2.0,1000,3.0,0.0,3.0,2.0,1,2.0,0,3.0,1995.0,1,999,3.0,1,40.0,0.0,38,52.0,135,0.0,400,1.0,1,2,3.0,0.0,2.0,5.0,2,4.0,1,38
0,501.0,80000.0,80000.0,72,80000.0,88,1.0,924,1.0,16.0,22,6.0,1.0,2,5,0,2.0,1,2.0,1000,3.0,0.0,3.0,2.0,1,2.0,0,3.0,1995.0,1,999,1.0,1,60.0,0.0,38,52.0,166,0.0,400,1.0,1,2,3.0,0.0,2.0,5.0,2,4.0,1,43
0,501.0,105000.0,83000.0,22,83000.0,78,1.0,24,1.0,19.0,20,1.0,1.0,2,1,0,2.0,1,2.0,1000,3.0,0.0,3.0,2.0,1,2.0,0,3.0,1993.0,1,999,4.0,1,40.0,0.0,27,52.0,146,6000.0,500,1.0,1,2,3.0,0.0,2.0,5.0,2,2.0,1,63
0,501.0,60000.0,60000.0,82,60000.0,35,1.0,82,1.0,16.0,21,1.0,1.0,2,1,0,2.0,1,2.0,1000,3.0,0.0,3.0,2.0,1,2.0,0,3.0,1993.0,1,32,1.0,1,50.0,0.0,27,52.0,168,0.0,500,1.0,2,2,3.0,0.0,2.0,5.0,2,4.0,1,59
0,256.0,40000.0,40000.0,21,40000.0,72,1.0,998,1.0,21.0,20,6.0,1.0,2,5,2,2.0,1,2.0,1000,3.0,0.0,3.0,2.0,1,2.0,0,3.0,1995.0,1,999,1.0,1,45.0,0.0,34,52.0,89,0.0,200,1.0,1,2,3.0,0.0,2.0,5.0,2,4.0,1,23
0,501.0,82000.0,82000.0,53,82000.0,78,1.0,26,1.0,20.0,20,1.0,1.0,2,1,0,2.0,1,2.0,1000,3.0,0.0,3.0,2.0,1,2.0,0,3.0,2000.0,1,82,3.0,1,40.0,0.0,38,52.0,21,0.0,600,1.0,2,2,3.0,0.0,2.0,5.0,2,4.0,1,45
0,501.0,65000.0,65000.0,63,65000.0,07,1.0,82,1.0,20.0,21,1.0,1.0,2,1,0,2.0,1,2.0,1000,3.0,0.0,3.0,2.0,1,2.0,0,3.0,2000.0,1,999,1.0,1,40.0,0.0,38,52.0,32,0.0,600,1.0,1,2,3.0,0.0,2.0,5.0,2,4.0,1,47
0,501.0,23000.0,23000.0,63,23000.0,07,1.0,26,1.0,20.0,25,6.0,1.0,2,5,0,2.0,1,2.0,1000,3.0,0.0,3.0,2.0,1,2.0,0,3.0,1995.0,1,82,1.0,1,40.0,0.0,38,52.0,29,0.0,600,1.0,2,2,3.0,0.0,2.0,5.0,2,4.0,1,21
0,501.0,0.0,0.0,32,0.0,78,6.0,32,2.0,22.0,20,1.0,2.0,2,1,0,2.0,1,2.0,1000,2.0,0.0,2.0,2.0,1,2.0,0,2.0,2008.0,1,999,2.0,1,40.0,0.0,38,52.0,60,0.0,600,1.0,1,2,3.0,0.0,2.0,5.0,2,4.0,1,40
0,501.0,75000.0,75000.0,50,75000.0,05,1.0,98,1.0,21.0,20,1.0,1.0,2,1,0,2.0,1,2.0,1000,3.0,0.0,3.0,2.0,1,2.0,0,3.0,2013.0,1,999,2.0,1,40.0,0.0,38,52.0,43,0.0,200,1.0,1,2,3.0,0.0,2.0,5.0,2,4.0,1,31
0,501.0,120000.0,120000.0,09,120000.0,68,1.0,195,1.0,21.0,21,1.0,1.0,2,1,0,2.0,17,2.0,9000,3.0,0.0,3.0,2.0,9,2.0,1,3.0,2013.0,1,999,1.0,7,40.0,0.0,301,52.0,35,0.0,200,1.0,1,2,3.0,0.0,2.0,5.0,2,4.0,1,31
0,501.0,175000.0,175000.0,02,75000.0,01,1.0,82,1.0,18.0,20,1.0,1.0,2,1,0,2.0,1,2.0,1000,3.0,0.0,3.0,2.0,1,2.0,0,3.0,2012.0,1,999,6.0,1,60.0,0.0,38,52.0,113,0.0,400,1.0,1,2,3.0,0.0,2.0,5.0,2,4.0,1,37
0,501.0,28000.0,28000.0,32,28000.0,81,1.0,82,1.0,20.0,21,1.0,1.0,2,1,2,2.0,1,2.0,1000,3.0,0.0,3.0,2.0,1,2.0,0,3.0,2012.0,1,999,2.0,1,32.0,0.0,38,52.0,111,0.0,400,1.0,1,2,3.0,0.0,2.0,5.0,2,4.0,1,36
0,501.0,130000.0,130000.0,47,130000.0,48,1.0,82,1.0,20.0,20,1.0,1.0,2,1,0,2.0,1,2.0,1000,3.0,0.0,3.0,2.0,1,2.0,0,3.0,1997.0,1,999,1.0,1,50.0,0.0,38,50.0,27,0.0,500,1.0,1,2,3.0,0.0,2.0,5.0,2,4.0,1,54
0,501.0,60000.0,60000.0,04,60000.0,93,1.0,142,1.0,21.0,21,1.0,1.0,2,1,0,2.0,1,2.0,1000,3.0,0.0,3.0,2.0,1,2.0,0,3.0,1997.0,1,999,3.0,1,40.0,0.0,38,50.0,18,0.0,500,1.0,1,2,3.0,0.0,2.0,5.0,2,4.0,1,52
0,501.0,80000.0,40000.0,35,40000.0,82,1.0,82,1.0,20.0,20,6.0,1.0,2,5,0,2.0,1,2.0,1000,3.0,0.0,3.0,2.0,1,2.0,0,3.0,1995.0,1,89,1.0,1,40.0,0.0,38,52.0,174,40000.0,100,1.0,2,2,3.0,0.0,2.0,5.0,2,4.0,1,54
0,501.0,87000.0,60000.0,01,50000.0,06,6.0,32,1.0,21.0,20,1.0,2.0,2,1,0,2.0,1,2.0,1000,2.0,0.0,2.0,2.0,1,2.0,0,2.0,1981.0,1,999,1.0,1,50.0,0.0,38,9.0,32,0.0,200,1.0,1,2,3.0,0.0,2.0,5.0,2,4.0,1,64
0,501.0,80000.0,80000.0,48,0.0,69,6.0,82,1.0,18.0,21,1.0,2.0,2,1,1,2.0,1,2.0,1000,2.0,0.0,2.0,2.0,1,2.0,0,2.0,2006.0,1,999,6.0,1,70.0,0.0,27,3.0,73,0.0,400,1.0,1,2,2.0,0.0,2.0,3.0,2,4.0,1,59
0,384.0,60000.0,60000.0,77,60000.0,30,1.0,82,1.0,18.0,20,4.0,1.0,2,3,0,2.0,1,2.0,1000,3.0,0.0,1.0,2.0,1,2.0,0,3.0,1990.0,1,999,2.0,1,58.0,0.0,38,52.0,23,0.0,500,1.0,1,2,1.0,0.0,2.0,1.0,2,4.0,1,59
0,200.0,31000.0,31000.0,10,31000.0,30,1.0,51,1.0,16.0,20,6.0,1.0,2,5,0,2.0,1,2.0,1000,3.0,0.0,3.0,2.0,1,2.0,0,3.0,1995.0,1,32,1.0,1,25.0,0.0,27,49.0,58,0.0,600,1.0,2,2,3.0,0.0,2.0,5.0,2,4.0,1,21
0,155.0,24000.0,24000.0,25,24000.0,78,1.0,785,1.0,21.0,34,6.0,1.0,2,5,0,2.0,9,2.0,4014,3.0,0.0,3.0,2.0,6,2.0,0,3.0,1995.0,0,999,4.0,4,10.0,0.0,247,52.0,123,0.0,600,1.0,1,2,3.0,0.0,2.0,5.0,2,4.0,1,27
0,501.0,50000.0,50000.0,57,50000.0,94,1.0,32,1.0,20.0,20,1.0,1.0,2,1,0,2.0,1,2.0,1000,3.0,0.0,3.0,2.0,1,2.0,0,3.0,2007.0,1,999,5.0,7,40.0,0.0,301,52.0,114,0.0,300,1.0,1,2,3.0,0.0,2.0,5.0,2,4.0,1,47
0,501.0,90000.0,90000.0,25,90000.0,78,1.0,32,1.0,20.0,21,1.0,1.0,2,1,0,2.0,1,2.0,1000,3.0,0.0,2.0,2.0,1,2.0,0,2.0,2007.0,1,999,3.0,1,45.0,0.0,38,52.0,145,0.0,300,1.0,1,2,3.0,0.0,2.0,5.0,2,4.0,1,39
0,501.0,122000.0,110000.0,63,110000.0,77,1.0,32,1.0,21.0,20,1.0,1.0,2,1,0,2.0,1,2.0,1000,3.0,0.0,3.0,2.0,1,2.0,0,3.0,2002.0,1,999,3.0,1,40.0,0.0,38,52.0,222,0.0,200,1.0,1,2,3.0,0.0,2.0,5.0,2,4.0,1,51
0,501.0,0.0,0.0,42,0.0,69,6.0,82,3.0,21.0,21,1.0,2.0,1,1,0,2.0,1,1.0,1000,2.0,0.0,2.0,1.0,1,1.0,0,2.0,2002.0,1,999,1.0,1,40.0,0.0,38,52.0,155,0.0,200,1.0,1,2,3.0,0.0,2.0,5.0,2,4.0,1,48
0,501.0,100000.0,100000.0,47,100000.0,69,1.0,995,1.0,18.0,20,1.0,1.0,2,1,0,2.0,29,2.0,9000,3.0,0.0,3.0,2.0,9,2.0,0,3.0,2000.0,1,999,2.0,1,40.0,0.0,38,52.0,200,0.0,600,1.0,3,2,3.0,0.0,2.0,5.0,2,4.0,1,42
0,501.0,129000.0,100000.0,01,100000.0,32,1.0,995,1.0,18.0,21,1.0,1.0,2,1,0,2.0,29,2.0,9000,3.0,0.0,3.0,2.0,9,2.0,0,3.0,2000.0,1,999,1.0,1,40.0,0.0,38,52.0,218,0.0,600,1.0,3,2,3.0,0.0,2.0,5.0,2,4.0,1,46
0,501.0,20000.0,20000.0,62,20000.0,07,1.0,995,1.0,19.0,25,6.0,1.0,2,5,0,2.0,29,2.0,9000,3.0,0.0,3.0,2.0,9,2.0,0,3.0,1995.0,1,999,1.0,1,15.0,0.0,38,52.0,195,0.0,600,1.0,3,2,3.0,0.0,2.0,5.0,2,4.0,1,21
0,501.0,15000.0,15000.0,25,15000.0,78,1.0,995,1.0,19.0,25,6.0,1.0,2,5,0,2.0,29,2.0,9000,3.0,0.0,3.0,2.0,9,2.0,0,3.0,1995.0,1,999,3.0,1,20.0,0.0,38,52.0,647,0.0,600,1.0,3,2,3.0,0.0,2.0,5.0,2,4.0,1,19
0,501.0,150000.0,150000.0,00,150000.0,74,1.0,32,1.0,21.0,20,1.0,1.0,2,1,0,2.0,1,2.0,1000,3.0,0.0,3.0,2.0,1,2.0,0,3.0,2002.0,1,82,2.0,1,40.0,0.0,38,52.0,58,0.0,600,1.0,2,2,3.0,0.0,2.0,5.0,2,4.0,1,50
0,501.0,70000.0,70000.0,01,70000.0,01,1.0,82,1.0,21.0,21,1.0,1.0,2,1,0,2.0,1,2.0,1000,3.0,0.0,3.0,2.0,1,2.0,0,3.0,2002.0,1,32,1.0,1,40.0,0.0,38,52.0,46,0.0,600,1.0,2,2,3.0,0.0,2.0,5.0,2,4.0,1,50
0,501.0,24000.0,24000.0,72,24000.0,46,1.0,32,1.0,18.0,25,6.0,1.0,2,5,0,2.0,1,2.0,1000,3.0,0.0,3.0,2.0,1,2.0,0,3.0,1995.0,1,82,1.0,1,20.0,0.0,38,40.0,88,0.0,600,1.0,2,2,3.0,0.0,2.0,5.0,2,4.0,1,19
0,181.0,44800.0,44800.0,23,44800.0,78,1.0,82,1.0,21.0,20,1.0,1.0,2,1,0,2.0,1,2.0,1000,3.0,0.0,3.0,2.0,1,2.0,0,3.0,2010.0,1,22,3.0,1,40.0,0.0,38,36.0,26,0.0,500,1.0,2,2,3.0,0.0,2.0,5.0,2,4.0,1,37
1,181.0,20900.0,20900.0,47,20900.0,53,3.0,50,1.0,16.0,21,1.0,2.0,2,1,0,2.0,1,2.0,1000,1.0,0.0,2.0,2.0,1,2.0,0,2.0,2010.0,1,999,1.0,1,40.0,0.0,6,40.0,20,0.0,500,1.0,1,2,3.0,0.0,2.0,1.0,2,4.0,1,49
0,234.0,31200.0,31200.0,72,31200.0,46,1.0,939,1.0,16.0,25,2.0,1.0,2,1,0,2.0,1,2.0,1000,3.0,0.0,3.0,2.0,1,2.0,0,3.0,1996.0,1,999,2.0,1,40.0,0.0,56,52.0,36,0.0,200,1.0,1,2,3.0,0.0,2.0,5.0,2,4.0,1,53
0,234.0,5800.0,5800.0,49,5800.0,53,1.0,211,1.0,17.0,30,6.0,1.0,2,5,0,2.0,29,2.0,9000,3.0,0.0,2.0,2.0,9,2.0,0,2.0,1995.0,1,999,2.0,1,40.0,0.0,38,20.0,29,0.0,200,1.0,1,2,3.0,0.0,2.0,5.0,2,4.0,2,20
0,104.0,25500.0,18000.0,02,18000.0,01,1.0,82,1.0,20.0,20,6.0,1.0,2,5,2,2.0,1,2.0,1000,3.0,0.0,3.0,2.0,1,2.0,0,3.0,1995.0,1,999,7.0,1,80.0,0.0,38,52.0,115,7500.0,400,1.0,1,2,3.0,0.0,2.0,5.0,2,4.0,1,45
0,260.0,41000.0,41000.0,36,41000.0,82,1.0,32,1.0,16.0,22,6.0,1.0,2,5,2,2.0,1,2.0,1000,3.0,0.0,3.0,2.0,1,2.0,0,3.0,1995.0,1,999,1.0,1,36.0,0.0,12,52.0,227,0.0,400,1.0,1,2,3.0,0.0,2.0,5.0,2,4.0,1,41
0,98.0,15000.0,15000.0,47,15000.0,55,1.0,939,1.0,16.0,20,6.0,1.0,2,5,0,2.0,1,2.0,1000,3.0,0.0,3.0,2.0,1,2.0,0,3.0,1995.0,1,999,5.0,1,40.0,0.0,36,52.0,189,0.0,600,3.0,1,2,3.0,0.0,2.0,5.0,2,4.0,1,20
0,84.0,13000.0,13000.0,06,13000.0,49,1.0,939,1.0,17.0,22,6.0,1.0,2,5,0,2.0,1,2.0,1000,3.0,0.0,3.0,2.0,1,2.0,0,3.0,1995.0,1,999,5.0,1,45.0,0.0,36,52.0,86,0.0,600,3.0,1,2,3.0,0.0,2.0,5.0,2,4.0,1,20
0,38.0,6000.0,4000.0,33,4000.0,79,2.0,82,1.0,20.0,20,6.0,2.0,1,5,2,1.0,1,2.0,1000,3.0,0.0,2.0,2.0,1,2.0,0,1.0,1995.0,1,999,1.0,1,10.0,0.0,38,20.0,228,0.0,600,1.0,1,2,3.0,0.0,2.0,5.0,2,4.0,1,28
0,253.0,40000.0,40000.0,86,40000.0,06,1.0,999,1.0,21.0,22,6.0,1.0,2,5,0,2.0,1,2.0,1000,3.0,0.0,3.0,2.0,1,2.0,0,3.0,1995.0,1,999,1.0,1,40.0,0.0,15,52.0,307,0.0,600,1.0,4,2,3.0,0.0,2.0,5.0,2,4.0,1,28
0,291.0,45000.0,45000.0,35,45000.0,07,1.0,32,1.0,19.0,20,6.0,1.0,2,5,0,2.0,1,2.0,1000,3.0,0.0,3.0,2.0,1,2.0,0,3.0,1995.0,1,999,1.0,1,50.0,0.0,38,52.0,53,0.0,500,3.0,1,2,3.0,0.0,2.0,5.0,2,2.0,1,21
0,126.0,2900.0,2900.0,32,2900.0,81,6.0,939,1.0,21.0,25,6.0,2.0,2,5,0,2.0,1,2.0,1000,3.0,0.0,1.0,2.0,1,2.0,0,3.0,1995.0,1,999,1.0,1,40.0,0.0,38,5.0,2,0.0,500,1.0,1,2,1.0,0.0,2.0,3.0,2,4.0,1,30
0,144.0,44000.0,44000.0,20,44000.0,91,1.0,924,1.0,22.0,20,1.0,1.0,2,1,0,2.0,1,2.0,1000,3.0,0.0,3.0,2.0,1,2.0,0,3.0,2012.0,1,32,2.0,1,75.0,0.0,26,52.0,115,0.0,200,1.0,2,2,3.0,0.0,2.0,5.0,2,4.0,1,35
0,144.0,0.0,0.0,42,0.0,69,6.0,924,3.0,21.0,21,1.0,2.0,2,1,0,2.0,1,2.0,1000,2.0,0.0,2.0,2.0,1,2.0,0,2.0,2012.0,1,32,1.0,1,40.0,0.0,29,52.0,175,0.0,200,1.0,2,2,3.0,0.0,2.0,5.0,2,4.0,1,33
0,501.0,22000.0,22000.0,30,22000.0,80,1.0,142,1.0,21.0,20,1.0,1.0,2,1,0,2.0,1,2.0,1000,3.0,0.0,3.0,2.0,1,2.0,0,3.0,2013.0,1,32,1.0,1,15.0,0.0,38,52.0,22,0.0,100,1.0,2,2,3.0,0.0,2.0,5.0,2,4.0,1,38
0,501.0,89000.0,89000.0,48,89000.0,32,1.0,999,1.0,16.0,20,1.0,1.0,2,1,2,2.0,1,2.0,1000,3.0,0.0,3.0,2.0,1,2.0,0,3.0,2023.0,1,999,1.0,1,42.0,0.0,38,52.0,72,0.0,100,1.0,4,2,3.0,0.0,1.0,5.0,2,4.0,1,31
0,501.0,52000.0,52000.0,23,52000.0,78,1.0,82,1.0,22.0,21,1.0,1.0,2,1,2,2.0,17,2.0,9000,3.0,0.0,3.0,2.0,9,2.0,1,3.0,2023.0,1,32,1.0,1,40.0,0.0,38,52.0,124,0.0,100,1.0,2,2,3.0,0.0,1.0,5.0,2,4.0,1,26
0,259.0,40000.0,40000.0,47,40000.0,53,1.0,999,1.0,16.0,20,6.0,1.0,1,5,0,1.0,17,2.0,9000,3.0,0.0,3.0,2.0,9,2.0,1,3.0,1995.0,1,999,1.0,1,42.0,0.0,38,52.0,605,0.0,400,1.0,4,2,3.0,0.0,2.0,5.0,2,4.0,1,21
0,501.0,45000.0,45000.0,03,45000.0,81,1.0,82,1.0,21.0,20,1.0,1.0,2,1,0,2.0,1,2.0,1000,3.0,0.0,3.0,2.0,1,2.0,0,3.0,2015.0,1,935,2.0,1,40.0,0.0,38,52.0,14,0.0,600,1.0,2,2,3.0,0.0,2.0,5.0,2,4.0,1,47
0,501.0,12600.0,12600.0,64,12600.0,07,1.0,82,1.0,16.0,25,6.0,1.0,2,5,2,2.0,1,2.0,1000,3.0,0.0,3.0,2.0,1,2.0,0,3.0,1995.0,1,935,1.0,1,35.0,0.0,38,20.0,37,0.0,600,1.0,2,2,3.0,0.0,2.0,5.0,2,4.0,1,19
0,501.0,63000.0,63000.0,32,63000.0,79,1.0,32,1.0,20.0,21,1.0,1.0,2,1,0,2.0,1,2.0,1000,3.0,0.0,3.0,2.0,1,2.0,0,3.0,1986.0,1,148,1.0,1,40.0,0.0,38,52.0,114,0.0,300,1.0,2,2,3.0,0.0,2.0,5.0,2,4.0,1,60
0,501.0,1500.0,1500.0,57,1500.0,01,1.0,82,1.0,21.0,20,1.0,1.0,2,1,2,2.0,1,2.0,1000,3.0,0.0,3.0,2.0,1,2.0,0,3.0,1981.0,1,999,8.0,1,10.0,0.0,38,40.0,93,0.0,200,1.0,1,2,3.0,0.0,2.0,5.0,2,4.0,1,58
0,501.0,139600.0,9600.0,02,0.0,01,1.0,82,1.0,21.0,21,1.0,1.0,2,1,2,2.0,1,2.0,1000,3.0,0.0,3.0,2.0,1,2.0,0,3.0,1981.0,1,999,6.0,1,80.0,0.0,27,50.0,73,130000.0,200,1.0,1,2,3.0,0.0,2.0,5.0,2,4.0,1,60
0,477.0,75000.0,75000.0,04,75000.0,82,1.0,87,1.0,18.0,20,6.0,1.0,2,5,0,2.0,1,2.0,1000,3.0,0.0,3.0,2.0,1,2.0,0,3.0,1995.0,1,97,2.0,1,80.0,0.0,38,52.0,120,0.0,500,1.0,2,2,3.0,0.0,2.0,5.0,2,4.0,1,61
0,501.0,125000.0,125000.0,26,125000.0,85,1.0,917,1.0,20.0,20,1.0,1.0,2,1,0,2.0,3,2.0,5013,3.0,0.0,3.0,2.0,3,2.0,1,3.0,2007.0,0,999,1.0,1,40.0,0.0,38,52.0,35,0.0,200,1.0,1,2,3.0,0.0,2.0,5.0,2,4.0,1,49
0,501.0,45300.0,45300.0,01,45300.0,91,1.0,924,1.0,18.0,21,1.0,1.0,2,1,0,2.0,1,2.0,1000,3.0,0.0,3.0,2.0,1,2.0,0,3.0,2007.0,1,999,2.0,1,40.0,0.0,38,52.0,14,0.0,200,1.0,1,2,3.0,0.0,2.0,5.0,2,4.0,1,46
0,302.0,32000.0,32000.0,91,32000.0,82,1.0,22,1.0,15.0,20,1.0,1.0,2,1,0,2.0,1,2.0,1000,3.0,0.0,3.0,2.0,1,2.0,0,3.0,2009.0,1,999,4.0,1,32.0,0.0,46,52.0,16,0.0,400,1.0,1,2,3.0,0.0,2.0,5.0,2,4.0,1,41
0,302.0,68000.0,68000.0,77,68000.0,30,1.0,22,1.0,19.0,21,1.0,1.0,2,1,0,2.0,1,2.0,1000,3.0,0.0,3.0,2.0,1,2.0,0,3.0,2009.0,1,999,1.0,1,40.0,0.0,38,52.0,17,0.0,400,1.0,1,2,3.0,0.0,2.0,5.0,2,4.0,1,50
0,307.0,47700.0,47700.0,77,47700.0,28,1.0,999,1.0,16.0,20,4.0,1.0,1,3,0,2.0,3,2.0,5013,3.0,0.0,3.0,1.0,3,2.0,1,3.0,1998.0,0,999,1.0,1,50.0,0.0,27,52.0,40,0.0,200,1.0,4,2,3.0,0.0,2.0,5.0,2,4.0,1,55
0,194.0,30000.0,30000.0,23,30000.0,84,1.0,82,1.0,18.0,22,4.0,1.0,2,3,0,2.0,1,2.0,1000,3.0,0.0,3.0,2.0,1,2.0,0,3.0,1996.0,1,999,2.0,1,40.0,0.0,6,52.0,41,0.0,200,1.0,1,2,3.0,0.0,2.0,5.0,2,4.0,1,47
0,307.0,18600.0,7100.0,42,7100.0,76,1.0,999,1.0,18.0,25,6.0,1.0,2,5,0,2.0,17,2.0,9000,3.0,0.0,3.0,2.0,9,2.0,1,3.0,1995.0,1,999,1.0,1,20.0,0.0,38,52.0,8,0.0,200,1.0,4,2,3.0,0.0,2.0,5.0,2,4.0,1,20
0,307.0,5000.0,5000.0,96,5000.0,63,1.0,999,1.0,16.0,25,6.0,1.0,2,5,0,2.0,17,2.0,9000,3.0,0.0,3.0,2.0,9,2.0,1,3.0,1995.0,1,999,1.0,1,30.0,0.0,38,52.0,8,0.0,200,1.0,4,2,3.0,0.0,2.0,5.0,2,4.0,1,19
0,501.0,120500.0,120000.0,32,120000.0,81,1.0,999,1.0,22.0,20,4.0,1.0,2,3,0,2.0,1,2.0,1000,1.0,0.0,2.0,2.0,1,2.0,0,2.0,2012.0,1,999,2.0,1,40.0,0.0,38,52.0,21,500.0,600,3.0,4,2,2.0,0.0,2.0,3.0,2,4.0,1,48
0,501.0,12000.0,12000.0,47,12000.0,52,1.0,940,1.0,21.0,25,6.0,1.0,2,5,1,2.0,1,2.0,1000,2.0,0.0,3.0,2.0,1,2.0,0,3.0,1995.0,1,999,1.0,1,35.0,0.0,27,52.0,60,0.0,600,3.0,1,2,3.0,0.0,2.0,5.0,2,4.0,1,22
1,183.0,55000.0,53000.0,32,53000.0,82,1.0,32,1.0,20.0,20,4.0,1.0,2,3,0,2.0,1,2.0,1000,2.0,0.0,2.0,2.0,1,2.0,0,2.0,2011.0,1,999,2.0,1,40.0,0.0,38,46.0,15,2000.0,300,1.0,1,2,3.0,0.0,2.0,5.0,2,4.0,1,37
0,128.0,20000.0,20000.0,46,20000.0,84,1.0,215,1.0,16.0,20,6.0,1.0,2,5,0,2.0,17,2.0,9000,3.0,0.0,3.0,2.0,9,2.0,1,3.0,1995.0,1,999,3.0,1,40.0,0.0,38,52.0,505,0.0,500,1.0,1,2,3.0,0.0,2.0,5.0,2,4.0,2,21
0,328.0,51200.0,31200.0,46,31200.0,84,1.0,26,1.0,16.0,34,6.0,1.0,1,5,1,1.0,17,1.0,9000,3.0,0.0,3.0,2.0,9,2.0,1,3.0,1995.0,1,920,3.0,1,40.0,0.0,38,52.0,60,20000.0,500,1.0,2,2,3.0,0.0,2.0,5.0,2,4.0,1,21
0,155.0,24500.0,0.0,42,0.0,69,6.0,999,3.0,18.0,20,4.0,2.0,1,3,2,2.0,1,2.0,1000,3.0,0.0,2.0,2.0,1,2.0,0,1.0,2019.0,1,999,1.0,1,40.0,0.0,26,52.0,84,0.0,500,1.0,4,2,3.0,0.0,2.0,5.0,1,2.0,1,24
0,501.0,5000.0,0.0,42,0.0,69,6.0,94,3.0,19.0,20,1.0,2.0,2,1,2,2.0,17,2.0,9000,2.0,0.0,2.0,2.0,9,2.0,1,2.0,2001.0,1,32,1.0,1,40.0,0.0,41,52.0,145,5000.0,100,1.0,2,2,3.0,0.0,2.0,5.0,2,4.0,1,44
0,501.0,62000.0,62000.0,50,62000.0,42,1.0,32,1.0,16.0,20,1.0,1.0,2,1,0,2.0,1,2.0,1000,3.0,0.0,3.0,2.0,1,2.0,0,3.0,2021.0,1,999,1.0,1,40.0,0.0,38,52.0,99,0.0,100,1.0,1,2,3.0,0.0,2.0,5.0,2,4.0,1,59
0,501.0,115000.0,115000.0,01,115000.0,05,1.0,999,1.0,16.0,21,1.0,1.0,2,1,0,2.0,1,2.0,1000,3.0,0.0,3.0,2.0,1,2.0,0,3.0,2021.0,1,999,1.0,1,50.0,0.0,20,52.0,106,0.0,100,1.0,4,2,3.0,0.0,2.0,5.0,2,3.0,1,58
0,2.0,310.0,310.0,47,310.0,57,1.0,996,1.0,19.0,20,6.0,1.0,2,5,0,2.0,1,2.0,1000,3.0,0.0,3.0,2.0,1,2.0,0,3.0,1995.0,1,999,1.0,1,34.0,0.0,53,1.0,93,0.0,600,3.0,3,2,3.0,0.0,2.0,5.0,2,2.0,1,65
0,501.0,480.0,0.0,03,0.0,86,6.0,32,2.0,16.0,21,1.0,2.0,2,1,0,2.0,1,2.0,1000,2.0,0.0,2.0,2.0,1,2.0,0,2.0,2014.0,1,22,1.0,1,40.0,0.0,8,52.0,48,0.0,100,1.0,2,2,3.0,0.0,2.0,5.0,2,4.0,1,36
0,501.0,28000.0,28000.0,47,28000.0,47,1.0,920,1.0,19.0,20,1.0,1.0,2,1,0,2.0,3,2.0,5013,3.0,0.0,3.0,2.0,3,2.0,1,3.0,2023.0,0,999,1.0,1,40.0,0.0,38,52.0,1165,0.0,300,1.0,1,2,3.0,0.0,1.0,5.0,2,4.0,1,32
0,501.0,100000.0,100000.0,98,100000.0,97,4.0,999,1.0,20.0,21,1.0,1.0,2,1,0,2.0,2,2.0,3000,3.0,0.0,3.0,2.0,2,2.0,0,3.0,2023.0,0,999,5.0,1,40.0,0.0,48,50.0,876,0.0,300,1.0,4,2,3.0,0.0,1.0,5.0,2,1.0,3,39
0,501.0,122000.0,122000.0,01,122000.0,94,1.0,999,1.0,22.0,28,6.0,1.0,2,5,0,2.0,3,2.0,5013,3.0,0.0,3.0,2.0,3,2.0,1,3.0,1995.0,0,999,5.0,1,40.0,0.0,38,52.0,1159,0.0,300,1.0,4,2,3.0,0.0,2.0,5.0,2,4.0,1,41
0,501.0,125000.0,125000.0,30,125000.0,80,1.0,98,1.0,23.0,20,1.0,1.0,2,1,0,2.0,1,2.0,1000,3.0,0.0,3.0,2.0,1,2.0,0,3.0,2001.0,1,999,2.0,1,40.0,0.0,27,52.0,148,0.0,500,1.0,1,2,3.0,0.0,2.0,5.0,2,4.0,1,61
0,501.0,66000.0,66000.0,52,66000.0,81,1.0,999,1.0,20.0,21,1.0,1.0,2,1,0,2.0,1,2.0,1000,3.0,0.0,3.0,2.0,1,2.0,0,3.0,2001.0,1,999,1.0,1,40.0,0.0,27,52.0,157,0.0,500,1.0,4,2,3.0,0.0,2.0,5.0,2,4.0,1,47
0,501.0,0.0,0.0,42,0.0,69,6.0,999,3.0,19.0,25,6.0,1.0,2,5,0,2.0,1,2.0,1000,3.0,0.0,3.0,2.0,1,2.0,0,3.0,1995.0,1,999,1.0,1,40.0,0.0,38,52.0,63,0.0,500,1.0,4,2,3.0,0.0,2.0,5.0,2,4.0,1,21
0,84.0,17000.0,0.0,91,0.0,61,6.0,902,2.0,19.0,20,1.0,2.0,1,1,0,2.0,2,2.0,3000,2.0,0.0,2.0,1.0,2,2.0,0,2.0,2020.0,0,999,7.0,1,40.0,17000.0,48,52.0,286,0.0,600,1.0,1,2,3.0,0.0,2.0,5.0,2,4.0,1,62
1,84.0,0.0,0.0,03,0.0,86,6.0,902,2.0,19.0,21,1.0,2.0,1,1,0,2.0,2,1.0,3000,2.0,0.0,2.0,1.0,2,2.0,0,2.0,2020.0,0,999,7.0,1,40.0,0.0,55,52.0,197,0.0,600,1.0,1,1,3.0,0.0,2.0,5.0,2,4.0,1,54
0,179.0,25000.0,25000.0,58,25000.0,69,1.0,996,1.0,1.0,20,1.0,1.0,2,1,0,2.0,1,2.0,1000,3.0,0.0,3.0,2.0,1,2.0,0,3.0,2016.0,1,999,1.0,1,40.0,0.0,38,52.0,34,0.0,200,1.0,3,2,3.0,0.0,2.0,5.0,2,4.0,1,27
0,179.0,40000.0,40000.0,62,40000.0,07,1.0,996,1.0,20.0,21,1.0,1.0,2,1,0,2.0,1,2.0,1000,3.0,0.0,3.0,2.0,1,2.0,0,3.0,2016.0,1,999,1.0,1,40.0,0.0,38,6.0,50,0.0,200,1.0,3,2,3.0,0.0,2.0,5.0,2,4.0,1,28
0,55.0,13500.0,9000.0,33,9000.0,81,1.0,148,1.0,21.0,20,4.0,1.0,2,3,0,2.0,1,2.0,1000,2.0,0.0,3.0,2.0,1,2.0,0,3.0,2012.0,1,999,1.0,4,12.0,0.0,253,52.0,18,0.0,400,1.0,1,2,3.0,0.0,2.0,5.0,2,4.0,1,43
0,231.0,36600.0,36600.0,57,36600.0,81,1.0,999,1.0,19.0,20,1.0,1.0,2,1,0,2.0,1,2.0,1000,3.0,0.0,3.0,2.0,1,2.0,0,3.0,2004.0,1,999,4.0,1,45.0,0.0,38,52.0,81,0.0,400,1.0,4,2,3.0,0.0,2.0,5.0,2,4.0,1,41
0,231.0,12000.0,0.0,42,0.0,69,6.0,999,3.0,16.0,21,1.0,2.0,1,1,0,2.0,1,2.0,1000,2.0,0.0,2.0,1.0,1,1.0,0,2.0,2004.0,1,999,1.0,1,40.0,12000.0,38,52.0,42,0.0,400,1.0,4,2,3.0,0.0,2.0,5.0,2,4.0,1,45
0,231.0,15000.0,15000.0,60,15000.0,01,1.0,999,1.0,16.0,25,6.0,1.0,2,5,0,2.0,1,2.0,1000,3.0,0.0,3.0,2.0,1,2.0,0,3.0,1995.0,1,999,2.0,1,40.0,0.0,38,52.0,33,0.0,400,1.0,4,2,3.0,0.0,2.0,5.0,2,4.0,1,23
0,175.0,27600.0,2400.0,73,2400.0,82,1.0,32,1.0,16.0,20,4.0,1.0,1,3,0,1.0,1,1.0,1000,3.0,0.0,3.0,1.0,1,2.0,0,3.0,1994.0,1,999,1.0,1,17.0,16800.0,38,12.0,66,0.0,400,1.0,1,2,3.0,0.0,2.0,5.0,2,4.0,1,59
0,5.0,1900.0,1900.0,91,0.0,61,1.0,22,1.0,13.0,20,1.0,1.0,2,1,0,2.0,1,2.0,1000,3.0,0.0,3.0,2.0,1,2.0,0,3.0,2003.0,1,999,6.0,1,60.0,0.0,49,52.0,72,0.0,100,1.0,1,2,3.0,0.0,2.0,5.0,2,4.0,1,48
0,5.0,0.0,0.0,42,0.0,69,6.0,22,3.0,16.0,21,1.0,2.0,2,1,0,2.0,1,2.0,1000,2.0,0.0,2.0,2.0,1,2.0,0,2.0,2003.0,1,999,1.0,1,40.0,0.0,16,52.0,139,0.0,100,1.0,1,2,3.0,0.0,2.0,5.0,2,4.0,1,43
0,5.0,520.0,520.0,42,520.0,78,1.0,22,1.0,14.0,25,6.0,1.0,2,5,0,2.0,1,2.0,1000,3.0,0.0,3.0,2.0,1,2.0,0,3.0,1995.0,1,999,3.0,1,40.0,0.0,16,1.0,50,0.0,100,1.0,1,2,3.0,0.0,2.0,5.0,2,4.0,1,18
0,501.0,115600.0,75900.0,57,65000.0,06,1.0,32,1.0,20.0,20,1.0,1.0,2,1,0,2.0,1,2.0,1000,3.0,0.0,3.0,2.0,1,2.0,0,3.0,1990.0,1,999,2.0,1,35.0,0.0,38,52.0,57,39700.0,400,1.0,1,2,3.0,0.0,2.0,5.0,2,4.0,1,60
0,501.0,65800.0,65800.0,47,39800.0,47,1.0,22,1.0,19.0,21,1.0,1.0,2,1,0,2.0,1,2.0,1000,2.0,0.0,2.0,2.0,1,2.0,0,2.0,1990.0,1,20,7.0,1,35.0,0.0,38,52.0,47,0.0,400,1.0,2,2,3.0,0.0,2.0,5.0,2,2.0,1,63
0,423.0,82000.0,82000.0,79,80000.0,02,1.0,32,1.0,19.0,20,1.0,1.0,2,1,2,2.0,1,2.0,1000,3.0,0.0,3.0,2.0,1,2.0,0,3.0,2010.0,1,148,1.0,1,50.0,0.0,38,52.0,28,0.0,100,3.0,2,2,3.0,0.0,2.0,5.0,2,4.0,1,46
0,423.0,20000.0,20000.0,02,0.0,01,1.0,32,1.0,20.0,21,1.0,1.0,2,1,1,2.0,1,2.0,1000,3.0,0.0,3.0,2.0,1,2.0,0,3.0,2010.0,1,999,6.0,1,50.0,0.0,38,52.0,22,0.0,100,3.0,1,2,3.0,0.0,2.0,5.0,2,4.0,1,41
0,395.0,61830.0,1700.0,30,1700.0,79,2.0,999,1.0,23.0,20,6.0,2.0,2,5,2,2.0,1,2.0,1000,2.0,0.0,2.0,2.0,1,2.0,0,1.0,1995.0,1,999,1.0,1,70.0,0.0,38,1.0,60,130.0,400,3.0,4,2,3.0,0.0,2.0,5.0,2,4.0,1,27
0,290.0,70800.0,58000.0,05,58000.0,41,1.0,89,1.0,21.0,20,4.0,1.0,2,3,0,2.0,1,2.0,1000,3.0,0.0,3.0,2.0,1,2.0,0,3.0,2010.0,1,82,1.0,1,40.0,0.0,27,52.0,34,0.0,600,1.0,2,2,3.0,1800.0,2.0,5.0,2,4.0,1,38
0,197.0,30000.0,30000.0,36,30000.0,83,1.0,50,1.0,16.0,20,4.0,1.0,2,3,0,2.0,1,2.0,1000,3.0,0.0,3.0,2.0,1,2.0,0,3.0,1986.0,1,32,1.0,1,36.0,0.0,6,52.0,119,0.0,100,1.0,2,2,3.0,0.0,2.0,5.0,2,4.0,1,54
1,412.0,65000.0,65000.0,86,65000.0,10,1.0,999,1.0,16.0,20,5.0,1.0,2,4,0,2.0,1,2.0,1000,3.0,0.0,3.0,2.0,1,2.0,0,3.0,2009.0,1,999,1.0,1,60.0,0.0,38,49.0,122,0.0,200,1.0,4,2,3.0,0.0,2.0,5.0,2,4.0,1,38
0,501.0,160000.0,160000.0,02,0.0,01,6.0,82,1.0,20.0,20,1.0,2.0,2,1,2,2.0,1,2.0,1000,2.0,0.0,2.0,2.0,1,2.0,0,2.0,2021.0,1,22,6.0,1,40.0,0.0,38,48.0,42,0.0,500,1.0,2,2,3.0,0.0,2.0,5.0,2,4.0,1,27
0,501.0,40000.0,40000.0,32,40000.0,81,1.0,98,1.0,21.0,21,1.0,1.0,2,1,0,2.0,1,2.0,1000,3.0,0.0,3.0,2.0,1,2.0,0,3.0,2021.0,1,999,2.0,1,26.0,0.0,38,52.0,134,0.0,500,1.0,1,2,3.0,0.0,2.0,5.0,2,4.0,1,23
0,501.0,135000.0,135000.0,62,80000.0,07,1.0,32,1.0,16.0,20,4.0,1.0,2,3,2,2.0,1,2.0,1000,3.0,0.0,2.0,2.0,1,2.0,0,3.0,2010.0,1,26,1.0,1,30.0,0.0,27,52.0,22,0.0,600,1.0,2,2,3.0,0.0,2.0,5.0,2,4.0,1,58
0,282.0,60000.0,60000.0,71,60000.0,60,1.0,82,1.0,20.0,20,1.0,1.0,1,1,0,2.0,1,2.0,1000,2.0,0.0,2.0,2.0,1,2.0,0,2.0,2007.0,1,999,1.0,1,45.0,0.0,27,52.0,25,0.0,600,1.0,1,1,3.0,0.0,2.0,5.0,2,4.0,1,40
0,282.0,36000.0,36000.0,57,36000.0,78,1.0,32,1.0,21.0,21,1.0,1.0,2,1,0,2.0,1,2.0,1000,2.0,0.0,3.0,2.0,1,2.0,0,3.0,2007.0,1,999,3.0,1,40.0,0.0,38,52.0,25,0.0,600,1.0,1,2,3.0,0.0,2.0,5.0,2,4.0,1,40
0,352.0,55500.0,48000.0,58,48000.0,04,1.0,32,1.0,20.0,20,4.0,1.0,2,3,0,2.0,1,2.0,1000,3.0,0.0,3.0,2.0,1,2.0,0,3.0,2011.0,1,999,1.0,1,40.0,0.0,38,52.0,66,0.0,100,1.0,1,2,3.0,7500.0,2.0,5.0,2,4.0,1,40
0,444.0,70000.0,70000.0,51,70000.0,35,1.0,32,1.0,21.0,22,6.0,1.0,2,5,0,2.0,1,2.0,1000,3.0,0.0,3.0,2.0,1,2.0,0,3.0,1995.0,1,999,1.0,1,40.0,0.0,48,52.0,32,0.0,100,1.0,1,2,3.0,0.0,2.0,5.0,2,4.0,1,33
1,83.0,1100.0,0.0,42,0.0,69,6.0,211,3.0,13.0,20,1.0,2.0,1,1,0,1.0,29,1.0,9000,2.0,0.0,2.0,1.0,9,1.0,0,2.0,1996.0,1,999,1.0,3,40.0,1100.0,303,52.0,109,0.0,500,1.0,1,1,3.0,0.0,2.0,5.0,1,4.0,2,50
1,83.0,15500.0,15500.0,36,0.0,83,1.0,211,1.0,11.0,21,1.0,1.0,2,1,0,2.0,29,2.0,9000,3.0,0.0,3.0,2.0,9,2.0,0,3.0,1996.0,1,999,6.0,1,23.0,0.0,48,12.0,100,0.0,500,1.0,1,2,3.0,0.0,2.0,5.0,2,4.0,2,47
0,501.0,85000.0,85000.0,04,85000.0,93,1.0,920,1.0,22.0,25,4.0,1.0,2,3,0,2.0,3,2.0,5013,3.0,0.0,3.0,2.0,3,2.0,1,3.0,1995.0,0,999,3.0,1,40.0,0.0,53,52.0,50,0.0,100,1.0,1,2,3.0,0.0,2.0,5.0,2,4.0,1,51
0,36.0,5800.0,5800.0,27,5800.0,86,1.0,88,1.0,19.0,20,4.0,1.0,2,3,0,2.0,1,2.0,1000,3.0,0.0,3.0,2.0,1,2.0,0,3.0,2003.0,1,999,1.0,1,30.0,0.0,30,4.0,56,0.0,400,1.0,1,2,3.0,0.0,2.0,5.0,2,4.0,1,55
0,38.0,6000.0,6000.0,40,6000.0,86,1.0,939,1.0,18.0,34,5.0,1.0,1,4,0,1.0,1,1.0,1000,3.0,0.0,3.0,2.0,1,2.0,0,3.0,2013.0,1,999,1.0,1,35.0,0.0,6,20.0,15,0.0,400,1.0,1,1,3.0,0.0,2.0,5.0,2,4.0,1,49
0,160.0,24900.0,19500.0,83,19500.0,90,1.0,32,1.0,16.0,20,6.0,1.0,2,5,0,2.0,1,2.0,1000,3.0,0.0,3.0,2.0,1,2.0,0,3.0,1995.0,1,50,1.0,1,40.0,0.0,27,52.0,120,0.0,600,1.0,2,2,3.0,0.0,2.0,5.0,2,4.0,1,32
1,127.0,20000.0,20000.0,42,20000.0,76,1.0,924,1.0,17.0,20,4.0,1.0,1,3,0,2.0,1,2.0,1000,3.0,0.0,3.0,1.0,1,2.0,0,3.0,1999.0,1,999,1.0,1,20.0,0.0,38,52.0,299,0.0,300,1.0,1,1,3.0,0.0,2.0,5.0,1,4.0,1,51
0,319.0,15000.0,15000.0,36,15000.0,81,6.0,11,1.0,19.0,20,1.0,2.0,2,1,0,2.0,1,2.0,1000,2.0,0.0,2.0,2.0,1,2.0,0,2.0,2018.0,1,187,1.0,1,40.0,0.0,12,24.0,92,0.0,400,1.0,2,2,3.0,0.0,2.0,5.0,2,4.0,1,45
0,319.0,56000.0,56000.0,82,56000.0,30,1.0,11,1.0,19.0,21,1.0,1.0,2,1,0,2.0,1,2.0,1000,3.0,0.0,3.0,2.0,1,2.0,0,3.0,2018.0,1,999,1.0,7,40.0,0.0,301,52.0,73,0.0,400,1.0,1,2,3.0,0.0,2.0,5.0,2,4.0,1,43
0,501.0,80000.0,80000.0,87,80000.0,42,1.0,32,1.0,20.0,20,4.0,1.0,2,3,0,2.0,1,2.0,1000,3.0,0.0,3.0,2.0,1,2.0,0,3.0,1993.0,1,999,1.0,1,45.0,0.0,38,52.0,26,0.0,400,1.0,1,2,3.0,0.0,2.0,5.0,2,4.0,1,49
0,311.0,54000.0,54000.0,72,54000.0,93,1.0,32,1.0,19.0,20,1.0,1.0,1,1,0,2.0,29,2.0,9000,3.0,0.0,3.0,2.0,9,2.0,0,3.0,1993.0,1,26,3.0,1,60.0,0.0,38,52.0,21,0.0,200,1.0,2,2,3.0,0.0,2.0,5.0,1,4.0,1,60
0,311.0,9000.0,300.0,42,300.0,93,1.0,22,1.0,19.0,21,1.0,1.0,2,1,0,2.0,29,2.0,9000,2.0,0.0,2.0,2.0,9,2.0,0,2.0,1993.0,1,32,3.0,1,3.0,8200.0,38,52.0,33,500.0,200,1.0,2,2,3.0,0.0,2.0,5.0,2,4.0,1,63
0,237.0,37000.0,37000.0,20,37000.0,91,1.0,32,1.0,22.0,20,6.0,1.0,2,5,0,2.0,1,2.0,1000,3.0,0.0,3.0,2.0,1,2.0,0,3.0,1995.0,1,97,2.0,1,50.0,0.0,27,52.0,22,0.0,500,1.0,2,2,3.0,0.0,2.0,5.0,2,4.0,1,61
0,335.0,48000.0,48000.0,58,48000.0,82,1.0,999,1.0,16.0,20,1.0,1.0,2,1,0,2.0,1,2.0,1000,3.0,0.0,3.0,2.0,1,2.0,0,3.0,1981.0,1,999,2.0,1,40.0,0.0,38,52.0,29,0.0,300,1.0,4,2,3.0,0.0,2.0,5.0,2,4.0,1,61
0,335.0,20280.0,480.0,96,480.0,50,6.0,32,1.0,15.0,21,1.0,2.0,2,1,1,2.0,1,2.0,1000,2.0,0.0,2.0,2.0,1,2.0,0,2.0,1981.0,1,999,1.0,1,3.0,19800.0,38,3.0,32,0.0,300,1.0,1,2,3.0,0.0,2.0,5.0,2,4.0,1,64
0,292.0,60000.0,60000.0,81,60000.0,39,1.0,999,1.0,19.0,20,1.0,1.0,2,1,0,2.0,29,2.0,9000,3.0,0.0,3.0,2.0,9,2.0,0,3.0,2014.0,1,999,1.0,1,60.0,0.0,41,52.0,27,0.0,400,1.0,4,2,3.0,0.0,2.0,5.0,2,4.0,1,31
0,292.0,30000.0,30000.0,02,30000.0,01,1.0,999,1.0,18.0,21,1.0,1.0,2,1,0,2.0,29,2.0,9000,3.0,0.0,3.0,2.0,9,2.0,0,3.0,2014.0,1,999,7.0,1,80.0,0.0,27,52.0,27,0.0,400,1.0,4,2,3.0,0.0,2.0,5.0,2,4.0,1,33
0,342.0,70000.0,70000.0,47,70000.0,46,1.0,999,1.0,20.0,20,4.0,1.0,2,3,0,2.0,1,2.0,1000,3.0,0.0,3.0,2.0,1,2.0,0,3.0,2010.0,1,999,1.0,1,40.0,0.0,53,52.0,199,0.0,300,1.0,4,2,3.0,0.0,2.0,5.0,2,4.0,1,39
0,265.0,41000.0,41000.0,36,41000.0,82,1.0,999,1.0,16.0,22,4.0,1.0,2,3,0,2.0,1,2.0,1000,3.0,0.0,3.0,2.0,1,2.0,0,3.0,2008.0,1,999,1.0,1,36.0,0.0,38,52.0,151,0.0,300,1.0,4,2,3.0,0.0,2.0,5.0,2,4.0,1,43
0,490.0,75000.0,75000.0,04,75000.0,91,1.0,32,1.0,19.0,20,6.0,1.0,2,5,2,2.0,1,2.0,1000,3.0,0.0,3.0,2.0,1,2.0,0,3.0,1995.0,1,999,2.0,1,60.0,0.0,38,52.0,235,0.0,600,1.0,1,2,3.0,0.0,2.0,5.0,2,3.0,1,57
0,188.0,44000.0,44000.0,38,44000.0,93,1.0,999,1.0,17.0,20,4.0,1.0,2,3,0,2.0,1,2.0,1000,3.0,0.0,3.0,2.0,1,2.0,0,3.0,2010.0,1,999,3.0,1,40.0,0.0,38,52.0,18,0.0,400,1.0,4,2,3.0,0.0,2.0,5.0,2,4.0,1,39
0,191.0,40000.0,40000.0,47,40000.0,46,1.0,142,1.0,18.0,20,6.0,1.0,2,5,2,2.0,1,2.0,1000,3.0,0.0,3.0,2.0,1,2.0,0,3.0,1995.0,1,32,1.0,1,45.0,0.0,26,52.0,283,0.0,500,1.0,2,2,3.0,0.0,2.0,5.0,2,4.0,1,39
0,63.0,10000.0,10000.0,91,10000.0,63,1.0,32,1.0,17.0,22,6.0,1.0,2,5,2,2.0,1,2.0,1000,3.0,0.0,3.0,2.0,1,2.0,0,3.0,1995.0,1,50,1.0,1,20.0,0.0,13,52.0,330,0.0,500,1.0,2,2,3.0,0.0,2.0,5.0,2,4.0,1,37
0,160.0,39000.0,39000.0,19,39000.0,10,1.0,32,1.0,19.0,20,6.0,1.0,2,5,0,2.0,1,2.0,1000,3.0,0.0,3.0,2.0,1,2.0,0,3.0,1995.0,1,50,1.0,1,42.0,0.0,38,52.0,16,0.0,100,1.0,2,2,3.0,0.0,2.0,5.0,2,4.0,1,40
0,45.0,7000.0,7000.0,96,7000.0,01,6.0,920,1.0,14.0,22,6.0,2.0,2,5,0,2.0,3,2.0,5013,2.0,0.0,1.0,2.0,3,2.0,1,3.0,1995.0,0,999,1.0,1,84.0,0.0,38,11.0,58,0.0,100,1.0,1,2,2.0,0.0,2.0,5.0,2,4.0,1,39
0,367.0,55900.0,57000.0,15,57000.0,74,1.0,32,1.0,21.0,20,6.0,1.0,2,5,0,2.0,1,2.0,1000,3.0,0.0,3.0,2.0,1,2.0,0,3.0,1995.0,1,142,1.0,1,40.0,0.0,27,52.0,248,-1100.0,600,3.0,2,2,3.0,0.0,2.0,5.0,2,4.0,1,26
0,255.0,38900.0,40000.0,08,40000.0,42,1.0,82,1.0,21.0,22,6.0,1.0,2,5,0,2.0,1,2.0,1000,3.0,0.0,3.0,2.0,1,2.0,0,3.0,1995.0,1,88,1.0,1,45.0,0.0,27,52.0,322,-1100.0,600,3.0,2,2,3.0,0.0,2.0,5.0,2,4.0,1,24
0,187.0,29000.0,29000.0,01,29000.0,68,1.0,32,1.0,12.0,20,6.0,1.0,2,5,0,2.0,17,2.0,9000,3.0,0.0,3.0,2.0,9,2.0,1,3.0,1995.0,1,50,1.0,1,35.0,0.0,53,52.0,148,0.0,600,3.0,2,2,3.0,0.0,2.0,5.0,2,4.0,1,30
0,180.0,28000.0,28000.0,26,28000.0,53,1.0,32,1.0,13.0,22,6.0,1.0,2,5,0,2.0,17,2.0,9000,3.0,0.0,3.0,2.0,9,2.0,1,3.0,1995.0,1,920,1.0,1,36.0,0.0,38,52.0,203,0.0,600,3.0,2,2,3.0,0.0,2.0,5.0,2,4.0,1,30
0,0.0,0.0,0.0,07,0.0,12,6.0,32,2.0,18.0,20,6.0,2.0,2,5,2,2.0,1,2.0,1000,2.0,0.0,2.0,2.0,1,2.0,0,2.0,1995.0,1,999,1.0,1,40.0,0.0,38,52.0,56,0.0,600,3.0,1,2,3.0,0.0,2.0,5.0,2,4.0,1,57
0,196.0,31000.0,31000.0,91,16000.0,61,1.0,32,1.0,21.0,20,4.0,1.0,2,3,0,2.0,1,2.0,1000,3.0,0.0,3.0,2.0,1,2.0,0,3.0,1998.0,1,82,1.0,1,70.0,0.0,30,47.0,47,0.0,100,1.0,2,2,3.0,0.0,2.0,5.0,2,4.0,1,48
0,307.0,41300.0,41300.0,22,41300.0,78,1.0,26,1.0,21.0,20,1.0,1.0,2,1,0,2.0,1,2.0,1000,3.0,0.0,3.0,2.0,1,2.0,0,3.0,2012.0,1,125,4.0,1,40.0,0.0,38,52.0,31,0.0,100,1.0,2,2,3.0,0.0,2.0,5.0,2,4.0,1,35
0,307.0,50000.0,50000.0,42,50000.0,93,1.0,89,1.0,19.0,21,1.0,1.0,2,1,0,2.0,1,2.0,1000,3.0,0.0,3.0,2.0,1,2.0,0,3.0,2012.0,1,26,3.0,1,40.0,0.0,38,52.0,35,0.0,100,1.0,2,2,3.0,0.0,2.0,5.0,2,4.0,1,36
0,448.0,69000.0,69000.0,03,69000.0,66,1.0,21,1.0,18.0,20,4.0,1.0,2,3,0,2.0,1,2.0,1000,3.0,0.0,3.0,2.0,1,2.0,0,3.0,2000.0,1,50,2.0,1,50.0,0.0,38,52.0,37,0.0,600,1.0,2,2,3.0,0.0,2.0,5.0,2,4.0,1,45
0,85.0,13200.0,0.0,42,0.0,69,6.0,22,3.0,16.0,22,4.0,2.0,1,3,2,2.0,1,1.0,1000,2.0,0.0,2.0,1.0,1,1.0,0,2.0,2004.0,1,32,1.0,1,40.0,0.0,38,52.0,55,0.0,600,1.0,2,2,2.0,0.0,2.0,5.0,2,4.0,1,49
0,501.0,106000.0,106000.0,25,106000.0,79,1.0,82,1.0,21.0,20,1.0,1.0,2,1,0,2.0,1,2.0,1000,3.0,0.0,3.0,2.0,1,2.0,0,3.0,2002.0,1,89,2.0,1,40.0,0.0,38,52.0,16,0.0,500,1.0,2,2,3.0,0.0,2.0,5.0,2,4.0,1,42
0,501.0,50000.0,50000.0,77,50000.0,39,1.0,996,1.0,16.0,21,1.0,1.0,2,1,0,2.0,1,2.0,1000,3.0,0.0,3.0,2.0,1,2.0,0,3.0,2002.0,1,999,1.0,1,40.0,0.0,38,52.0,15,0.0,500,1.0,3,2,3.0,0.0,2.0,5.0,2,4.0,1,44
0,501.0,20000.0,20000.0,81,20000.0,39,1.0,82,1.0,14.0,25,6.0,1.0,2,5,0,2.0,1,2.0,1000,3.0,0.0,3.0,2.0,1,2.0,0,3.0,1995.0,1,89,1.0,1,16.0,0.0,38,52.0,14,0.0,500,1.0,2,2,3.0,0.0,2.0,5.0,2,4.0,1,18
1,16.0,5000.0,5000.0,40,5000.0,86,1.0,999,1.0,16.0,20,4.0,1.0,1,3,0,1.0,1,2.0,1000,3.0,0.0,3.0,2.0,1,2.0,0,3.0,2013.0,1,999,1.0,1,25.0,0.0,27,52.0,27,0.0,400,1.0,4,2,3.0,0.0,2.0,5.0,2,4.0,1,34
0,383.0,58900.0,55000.0,17,55000.0,74,1.0,999,1.0,21.0,22,4.0,1.0,2,3,0,2.0,1,2.0,1000,3.0,0.0,3.0,2.0,1,2.0,0,3.0,2004.0,1,999,1.0,1,40.0,0.0,48,52.0,19,0.0,400,1.0,4,2,3.0,0.0,2.0,5.0,2,4.0,1,42
0,258.0,80000.0,75000.0,73,75000.0,07,1.0,939,1.0,19.0,20,6.0,1.0,2,5,0,2.0,1,2.0,1000,3.0,0.0,1.0,2.0,1,2.0,0,3.0,1995.0,1,999,1.0,1,40.0,0.0,32,52.0,158,0.0,300,3.0,1,2,1.0,0.0,2.0,5.0,2,4.0,1,28
1,158.0,25000.0,25000.0,51,25000.0,77,1.0,924,1.0,20.0,22,6.0,1.0,2,5,0,2.0,1,2.0,1000,3.0,0.0,3.0,2.0,1,2.0,0,3.0,1995.0,1,999,1.0,1,20.0,0.0,38,52.0,260,0.0,300,3.0,1,2,3.0,0.0,2.0,5.0,2,4.0,1,34
0,63.0,10000.0,10000.0,36,10000.0,81,1.0,32,1.0,16.0,20,6.0,1.0,2,5,1,2.0,1,2.0,1000,3.0,0.0,3.0,2.0,1,2.0,0,3.0,1995.0,1,999,1.0,1,20.0,0.0,38,52.0,154,0.0,500,3.0,1,2,3.0,0.0,2.0,5.0,2,4.0,1,21
0,95.0,15000.0,15000.0,53,15000.0,23,1.0,32,1.0,16.0,34,6.0,1.0,2,5,0,2.0,1,2.0,1000,3.0,0.0,3.0,2.0,1,2.0,0,3.0,1995.0,1,999,1.0,1,26.0,0.0,55,52.0,51,0.0,500,3.0,1,2,3.0,0.0,2.0,5.0,2,4.0,1,20
0,127.0,20000.0,20000.0,52,20000.0,53,1.0,82,1.0,19.0,34,6.0,1.0,1,5,2,2.0,1,1.0,1000,3.0,0.0,3.0,2.0,1,2.0,0,3.0,1995.0,1,999,1.0,1,30.0,0.0,46,40.0,54,0.0,500,3.0,1,2,3.0,0.0,2.0,5.0,2,4.0,1,20
0,501.0,150000.0,144000.0,21,144000.0,94,1.0,32,1.0,23.0,20,6.0,1.0,2,5,0,2.0,1,2.0,1000,3.0,0.0,3.0,2.0,1,2.0,0,3.0,1995.0,1,26,5.0,1,40.0,0.0,38,52.0,176,6000.0,300,1.0,2,2,3.0,0.0,2.0,5.0,2,4.0,1,51
0,234.0,15000.0,15000.0,51,15000.0,81,1.0,94,1.0,19.0,20,1.0,1.0,2,1,0,2.0,1,2.0,1000,3.0,0.0,3.0,2.0,1,2.0,0,3.0,2015.0,1,11,2.0,1,40.0,0.0,53,28.0,15,0.0,100,1.0,2,2,3.0,0.0,2.0,5.0,2,4.0,1,39
0,234.0,75000.0,75000.0,91,75000.0,61,1.0,50,1.0,15.0,21,1.0,1.0,2,1,0,2.0,1,2.0,1000,3.0,0.0,3.0,2.0,1,2.0,0,3.0,2015.0,1,32,1.0,1,75.0,0.0,53,52.0,17,0.0,100,1.0,2,2,3.0,0.0,2.0,5.0,2,4.0,1,40
0,501.0,145000.0,145000.0,57,145000.0,93,1.0,999,1.0,19.0,20,1.0,1.0,2,1,2,2.0,1,2.0,1000,3.0,0.0,3.0,2.0,1,2.0,0,3.0,1983.0,1,999,5.0,1,40.0,0.0,38,52.0,147,0.0,300,1.0,4,2,3.0,0.0,2.0,5.0,2,4.0,1,61
0,501.0,25000.0,25000.0,59,25000.0,50,1.0,999,1.0,16.0,21,1.0,1.0,2,1,2,2.0,1,2.0,1000,3.0,0.0,3.0,2.0,1,2.0,0,3.0,1983.0,1,999,1.0,1,24.0,0.0,38,52.0,129,0.0,300,1.0,4,2,3.0,0.0,2.0,5.0,2,4.0,1,62
0,471.0,90000.0,90000.0,15,90000.0,30,1.0,32,1.0,19.0,20,1.0,1.0,2,1,0,2.0,1,2.0,1000,3.0,0.0,3.0,2.0,1,2.0,0,3.0,2009.0,1,50,1.0,1,45.0,0.0,38,52.0,568,0.0,400,1.0,2,2,3.0,0.0,2.0,5.0,2,2.0,1,39
0,471.0,20000.0,20000.0,26,20000.0,54,3.0,82,1.0,21.0,21,1.0,2.0,2,1,0,2.0,1,2.0,1000,1.0,0.0,1.0,2.0,1,2.0,0,3.0,2009.0,1,20,1.0,1,30.0,0.0,38,48.0,361,0.0,400,1.0,2,2,2.0,0.0,2.0,1.0,2,4.0,1,39
0,501.0,100000.0,100000.0,07,100000.0,45,1.0,996,1.0,22.0,20,1.0,1.0,2,1,0,2.0,1,2.0,1000,3.0,0.0,3.0,2.0,1,2.0,0,3.0,2018.0,1,999,1.0,1,55.0,0.0,27,52.0,88,0.0,400,1.0,3,2,3.0,0.0,2.0,5.0,2,2.0,1,47
0,501.0,103000.0,103000.0,32,103000.0,81,1.0,999,1.0,19.0,21,1.0,1.0,2,1,0,2.0,1,2.0,1000,3.0,0.0,3.0,2.0,1,2.0,0,3.0,2018.0,1,999,2.0,1,36.0,0.0,6,52.0,24,0.0,400,1.0,4,2,3.0,0.0,2.0,5.0,2,4.0,2,42
0,501.0,40000.0,40000.0,36,40000.0,81,1.0,999,1.0,18.0,27,6.0,1.0,2,5,0,2.0,1,2.0,1000,3.0,0.0,3.0,2.0,1,2.0,0,3.0,1995.0,1,999,2.0,1,32.0,0.0,38,52.0,2,0.0,400,3.0,4,2,3.0,0.0,2.0,5.0,2,4.0,2,23
0,501.0,59000.0,59000.0,60,59000.0,01,1.0,999,1.0,18.0,27,6.0,1.0,2,5,0,2.0,1,2.0,1000,3.0,0.0,3.0,2.0,1,2.0,0,3.0,1995.0,1,999,1.0,1,80.0,0.0,38,34.0,2,0.0,400,1.0,4,2,3.0,0.0,2.0,5.0,2,4.0,2,20
0,501.0,3600.0,3600.0,42,0.0,92,1.0,999,1.0,18.0,27,6.0,1.0,2,5,0,2.0,1,2.0,1000,3.0,0.0,3.0,2.0,1,2.0,0,3.0,1995.0,1,999,6.0,1,20.0,0.0,38,52.0,1,0.0,400,1.0,4,2,3.0,0.0,2.0,5.0,2,4.0,2,18
0,501.0,62000.0,62000.0,12,62000.0,75,1.0,999,1.0,23.0,32,2.0,1.0,2,1,0,2.0,1,2.0,1000,3.0,0.0,3.0,2.0,1,2.0,0,3.0,2023.0,1,999,1.0,1,40.0,0.0,6,52.0,2,0.0,400,1.0,4,2,3.0,0.0,1.0,5.0,2,4.0,2,25
0,501.0,120000.0,120000.0,47,120000.0,51,1.0,82,1.0,21.0,20,4.0,1.0,2,3,0,2.0,1,2.0,1000,2.0,0.0,2.0,2.0,1,2.0,0,2.0,1988.0,1,999,1.0,1,45.0,0.0,46,52.0,117,0.0,200,1.0,1,2,3.0,0.0,2.0,5.0,2,4.0,1,62
0,501.0,79000.0,79000.0,32,79000.0,81,1.0,32,1.0,20.0,20,4.0,1.0,1,3,0,2.0,1,2.0,1000,3.0,0.0,3.0,1.0,1,2.0,0,3.0,1997.0,1,999,2.0,1,40.0,0.0,19,52.0,86,0.0,600,1.0,1,2,3.0,0.0,2.0,5.0,1,4.0,1,58
1,501.0,15300.0,0.0,33,0.0,81,6.0,32,2.0,20.0,25,6.0,2.0,1,5,0,1.0,1,1.0,1000,2.0,15300.0,2.0,1.0,1,1.0,0,2.0,1995.0,1,999,2.0,1,40.0,0.0,48,52.0,127,0.0,600,1.0,1,2,3.0,0.0,2.0,5.0,1,4.0,1,34
0,501.0,52000.0,52000.0,81,52000.0,07,1.0,290,1.0,16.0,25,6.0,1.0,2,5,0,2.0,29,2.0,9000,3.0,0.0,3.0,2.0,9,2.0,0,3.0,1995.0,1,999,1.0,1,50.0,0.0,48,52.0,151,0.0,600,1.0,1,2,3.0,0.0,2.0,5.0,2,4.0,2,25
0,156.0,28000.0,28000.0,51,28000.0,68,1.0,32,1.0,19.0,20,1.0,1.0,2,1,0,2.0,1,2.0,1000,3.0,0.0,3.0,2.0,1,2.0,0,3.0,2008.0,1,82,1.0,1,35.0,0.0,38,52.0,19,0.0,400,1.0,2,2,3.0,0.0,2.0,5.0,2,4.0,1,39
0,156.0,20000.0,20000.0,72,0.0,87,1.0,82,1.0,20.0,21,1.0,1.0,2,1,0,2.0,1,2.0,1000,3.0,0.0,3.0,2.0,1,2.0,0,3.0,2008.0,1,999,6.0,1,50.0,0.0,38,52.0,30,0.0,400,1.0,1,2,3.0,0.0,2.0,5.0,2,4.0,1,40
0,501.0,125000.0,125000.0,02,125000.0,78,1.0,32,1.0,22.0,20,1.0,1.0,2,1,0,2.0,1,2.0,1000,3.0,0.0,3.0,2.0,1,2.0,0,3.0,2015.0,1,26,3.0,1,50.0,0.0,38,33.0,331,0.0,100,1.0,2,2,3.0,0.0,2.0,5.0,2,4.0,1,43
0,501.0,70000.0,70000.0,23,70000.0,78,1.0,32,1.0,22.0,21,1.0,1.0,2,1,0,2.0,1,2.0,1000,3.0,0.0,3.0,2.0,1,2.0,0,3.0,2015.0,1,999,3.0,1,50.0,0.0,56,30.0,334,0.0,100,1.0,1,2,3.0,0.0,2.0,5.0,2,4.0,1,37
1,391.0,0.0,0.0,42,0.0,69,6.0,88,3.0,17.0,20,1.0,2.0,1,1,0,2.0,1,1.0,1000,2.0,0.0,2.0,2.0,1,2.0,0,2.0,2010.0,1,999,1.0,1,40.0,0.0,16,52.0,30,0.0,100,1.0,1,2,3.0,0.0,2.0,5.0,2,4.0,1,55
0,391.0,78000.0,78000.0,69,78000.0,04,1.0,22,1.0,15.0,21,1.0,1.0,2,1,0,2.0,1,2.0,1000,3.0,0.0,3.0,2.0,1,2.0,0,3.0,2010.0,1,999,1.0,1,67.0,0.0,16,26.0,52,0.0,100,1.0,1,2,3.0,0.0,2.0,5.0,2,4.0,1,50
0,473.0,94000.0,94000.0,10,94000.0,05,1.0,32,1.0,21.0,20,1.0,1.0,2,1,0,2.0,1,2.0,1000,3.0,0.0,3.0,2.0,1,2.0,0,3.0,2003.0,1,999,1.0,1,40.0,0.0,38,52.0,150,0.0,300,1.0,1,2,3.0,0.0,2.0,5.0,2,4.0,1,46
0,473.0,35000.0,35000.0,34,35000.0,80,1.0,32,1.0,20.0,21,1.0,1.0,2,1,0,2.0,1,2.0,1000,3.0,0.0,3.0,2.0,1,2.0,0,3.0,2003.0,1,111,1.0,1,35.0,0.0,38,52.0,135,0.0,300,1.0,2,2,3.0,0.0,2.0,5.0,2,4.0,1,45
0,501.0,117800.0,96000.0,19,96000.0,10,1.0,32,1.0,22.0,20,1.0,1.0,2,1,0,2.0,1,2.0,1000,3.0,0.0,3.0,2.0,1,2.0,0,3.0,2021.0,1,21,1.0,1,60.0,0.0,42,52.0,26,100.0,500,1.0,2,2,3.0,0.0,2.0,5.0,2,2.0,1,57
0,501.0,5200.0,4000.0,41,4000.0,86,3.0,50,1.0,16.0,21,1.0,2.0,2,1,0,2.0,1,2.0,1000,1.0,0.0,2.0,2.0,1,2.0,0,2.0,2021.0,1,22,1.0,1,15.0,0.0,27,6.0,19,0.0,500,1.0,2,2,3.0,0.0,2.0,1.0,2,4.0,1,54
0,501.0,50000.0,50000.0,20,50000.0,78,1.0,999,1.0,22.0,21,1.0,1.0,2,1,0,2.0,1,2.0,1000,3.0,0.0,3.0,2.0,1,2.0,0,3.0,2005.0,1,999,3.0,1,40.0,0.0,38,52.0,17,0.0,100,1.0,4,2,3.0,0.0,2.0,5.0,2,4.0,1,43
0,501.0,82000.0,82000.0,47,82000.0,46,1.0,50,1.0,19.0,20,1.0,1.0,2,1,0,2.0,1,2.0,1000,3.0,0.0,3.0,2.0,1,2.0,0,3.0,2005.0,1,89,1.0,1,55.0,0.0,8,52.0,283,0.0,600,1.0,2,2,3.0,0.0,2.0,5.0,2,4.0,1,50
0,501.0,68000.0,68000.0,35,68000.0,81,1.0,939,1.0,20.0,21,1.0,1.0,2,1,2,2.0,1,2.0,1000,3.0,0.0,3.0,2.0,1,2.0,0,3.0,2005.0,1,999,2.0,1,40.0,0.0,38,52.0,332,0.0,600,1.0,1,2,3.0,0.0,2.0,5.0,2,4.0,1,55
0,307.0,48000.0,48000.0,73,48000.0,70,1.0,50,1.0,19.0,20,6.0,1.0,2,5,0,2.0,1,2.0,1000,3.0,0.0,3.0,2.0,1,2.0,0,3.0,1995.0,1,22,1.0,1,37.0,0.0,18,52.0,117,0.0,600,3.0,2,2,3.0,0.0,2.0,5.0,2,4.0,1,48
0,501.0,61800.0,60000.0,42,60000.0,85,1.0,32,1.0,18.0,20,1.0,1.0,2,1,0,2.0,1,2.0,1000,3.0,0.0,3.0,2.0,1,2.0,0,3.0,1997.0,1,999,5.0,1,55.0,0.0,38,52.0,53,0.0,200,3.0,1,2,3.0,0.0,2.0,5.0,2,2.0,1,53
0,501.0,60000.0,60000.0,05,60000.0,69,2.0,32,1.0,18.0,21,1.0,1.0,2,1,0,2.0,1,2.0,1000,3.0,0.0,2.0,2.0,1,2.0,0,1.0,1997.0,1,82,4.0,1,40.0,0.0,38,52.0,64,0.0,200,3.0,2,2,3.0,0.0,2.0,5.0,2,4.0,1,53
0,400.0,61600.0,58000.0,04,55000.0,70,1.0,50,1.0,21.0,20,4.0,1.0,2,3,0,2.0,1,2.0,1000,3.0,0.0,3.0,2.0,1,2.0,0,3.0,1993.0,1,999,1.0,2,5.0,0.0,72,52.0,241,0.0,300,1.0,1,2,3.0,0.0,2.0,5.0,2,2.0,1,56
1,90.0,1500.0,0.0,97,0.0,40,3.0,291,2.0,16.0,20,1.0,2.0,2,1,0,2.0,29,2.0,9000,3.0,0.0,1.0,2.0,9,2.0,0,3.0,2017.0,1,26,1.0,3,40.0,0.0,303,52.0,88,0.0,500,3.0,2,2,1.0,0.0,2.0,1.0,2,4.0,2,35
0,90.0,20000.0,20000.0,77,20000.0,27,1.0,210,1.0,13.0,21,1.0,1.0,2,1,0,2.0,29,2.0,9000,3.0,0.0,3.0,2.0,9,2.0,0,3.0,2017.0,1,999,1.0,3,40.0,0.0,303,52.0,79,0.0,500,3.0,1,2,3.0,0.0,2.0,5.0,2,4.0,2,34
0,501.0,140000.0,140000.0,68,140000.0,04,1.0,82,1.0,19.0,20,4.0,1.0,2,3,0,2.0,1,2.0,1000,3.0,0.0,3.0,2.0,1,2.0,0,3.0,2017.0,1,89,1.0,1,98.0,0.0,27,46.0,14,0.0,400,1.0,2,2,3.0,0.0,2.0,5.0,2,2.0,1,39
0,70.0,11000.0,0.0,42,0.0,69,6.0,924,3.0,16.0,20,6.0,2.0,1,5,0,1.0,1,1.0,1000,2.0,11000.0,2.0,2.0,1,2.0,0,2.0,1995.0,1,999,1.0,1,40.0,0.0,27,52.0,7,0.0,500,1.0,1,2,3.0,0.0,2.0,5.0,2,4.0,1,24
0,501.0,82000.0,82000.0,47,82000.0,69,1.0,999,1.0,21.0,20,1.0,1.0,2,1,0,2.0,1,2.0,1000,3.0,0.0,3.0,2.0,1,2.0,0,3.0,2019.0,1,999,1.0,1,45.0,0.0,38,52.0,90,0.0,600,1.0,4,2,3.0,0.0,2.0,5.0,2,4.0,1,27
0,501.0,91000.0,80000.0,62,80000.0,07,1.0,999,1.0,19.0,21,1.0,1.0,2,1,0,2.0,1,2.0,1000,3.0,0.0,3.0,2.0,1,2.0,0,3.0,2019.0,1,999,1.0,1,50.0,0.0,38,12.0,138,0.0,600,1.0,4,2,3.0,0.0,2.0,5.0,2,4.0,1,31
1,210.0,32200.0,28800.0,60,28800.0,01,1.0,82,1.0,16.0,20,4.0,1.0,2,3,0,2.0,1,2.0,1000,3.0,3400.0,3.0,2.0,1,2.0,0,3.0,1995.0,1,999,1.0,1,50.0,0.0,38,52.0,103,0.0,500,1.0,1,2,3.0,0.0,2.0,5.0,2,4.0,1,52
0,194.0,30000.0,30000.0,51,30000.0,49,1.0,999,1.0,19.0,20,4.0,1.0,1,3,0,1.0,1,2.0,1000,3.0,0.0,3.0,2.0,1,2.0,0,3.0,2005.0,1,999,1.0,1,39.0,0.0,31,52.0,55,0.0,500,1.0,4,1,3.0,0.0,2.0,5.0,2,4.0,1,50
0,501.0,100600.0,91000.0,20,91000.0,94,1.0,32,1.0,22.0,20,4.0,1.0,2,3,0,2.0,1,2.0,1000,3.0,0.0,3.0,2.0,1,2.0,0,3.0,2002.0,1,917,5.0,1,40.0,0.0,17,52.0,60,9600.0,500,1.0,2,2,3.0,0.0,2.0,5.0,2,4.0,1,41
1,72.0,11400.0,0.0,42,0.0,69,6.0,22,3.0,19.0,20,4.0,2.0,1,3,0,2.0,1,2.0,1000,2.0,0.0,2.0,1.0,1,2.0,0,2.0,1976.0,1,50,1.0,1,40.0,11400.0,39,52.0,324,0.0,300,1.0,2,2,3.0,0.0,2.0,5.0,2,4.0,1,63
0,501.0,80000.0,80000.0,60,80000.0,01,1.0,32,1.0,19.0,20,4.0,1.0,2,3,2,2.0,1,2.0,1000,2.0,0.0,2.0,2.0,1,2.0,0,2.0,1993.0,1,999,1.0,1,40.0,0.0,38,52.0,12,0.0,500,1.0,1,2,3.0,0.0,2.0,5.0,2,4.0,1,61
0,358.0,50600.0,16000.0,44,16000.0,90,1.0,82,1.0,20.0,20,4.0,1.0,2,3,2,2.0,1,2.0,1000,3.0,0.0,3.0,2.0,1,2.0,0,3.0,2005.0,1,32,1.0,1,50.0,20600.0,38,6.0,190,0.0,300,1.0,2,2,3.0,0.0,2.0,5.0,2,4.0,1,65
0,414.0,80000.0,80000.0,02,80000.0,01,1.0,32,1.0,16.0,20,1.0,1.0,2,1,2,2.0,1,2.0,1000,3.0,0.0,3.0,2.0,1,2.0,0,3.0,2019.0,1,999,1.0,1,80.0,0.0,38,52.0,114,0.0,500,1.0,1,2,3.0,0.0,2.0,5.0,2,4.0,1,29
0,414.0,43000.0,43000.0,23,43000.0,78,1.0,82,1.0,21.0,21,1.0,1.0,2,1,0,2.0,1,2.0,1000,3.0,0.0,3.0,2.0,1,2.0,0,3.0,2019.0,1,999,1.0,1,40.0,0.0,38,52.0,92,0.0,500,1.0,1,2,3.0,0.0,2.0,5.0,2,4.0,1,27
0,427.0,36000.0,36000.0,51,36000.0,81,1.0,32,1.0,20.0,20,1.0,1.0,2,1,0,2.0,1,2.0,1000,3.0,0.0,3.0,2.0,1,2.0,0,3.0,2008.0,1,999,2.0,1,40.0,0.0,38,52.0,15,0.0,200,1.0,1,2,3.0,0.0,2.0,5.0,2,4.0,1,36
0,427.0,50000.0,50000.0,72,0.0,87,1.0,32,1.0,17.0,21,1.0,1.0,2,1,0,2.0,1,2.0,1000,3.0,0.0,3.0,2.0,1,2.0,0,3.0,2008.0,1,999,6.0,1,40.0,0.0,38,52.0,14,0.0,200,1.0,1,2,3.0,0.0,2.0,5.0,2,4.0,1,36
0,36.0,3000.0,3000.0,02,0.0,01,1.0,32,1.0,20.0,25,6.0,1.0,2,5,0,2.0,1,2.0,1000,3.0,0.0,3.0,2.0,1,2.0,0,3.0,1995.0,1,999,6.0,1,80.0,0.0,38,52.0,33,0.0,400,1.0,1,2,3.0,0.0,2.0,5.0,2,4.0,1,25
0,270.0,55000.0,55000.0,23,55000.0,78,2.0,26,1.0,21.0,20,1.0,2.0,2,1,0,2.0,1,2.0,1000,3.0,0.0,2.0,2.0,1,2.0,0,1.0,2017.0,1,32,2.0,1,40.0,0.0,38,38.0,36,0.0,100,1.0,2,2,1.0,0.0,2.0,5.0,2,4.0,1,33
0,270.0,65000.0,65000.0,52,65000.0,42,1.0,999,1.0,16.0,21,1.0,1.0,1,1,0,2.0,17,2.0,9000,2.0,0.0,2.0,2.0,9,2.0,1,2.0,2017.0,1,999,1.0,1,40.0,0.0,39,52.0,23,0.0,100,1.0,4,1,2.0,0.0,2.0,5.0,2,4.0,1,38
1,42.0,6400.0,0.0,42,0.0,69,6.0,917,3.0,16.0,20,4.0,2.0,2,3,0,2.0,3,2.0,5013,2.0,6400.0,2.0,2.0,3,2.0,1,2.0,2012.0,0,999,1.0,1,40.0,0.0,38,52.0,111,0.0,300,1.0,1,2,3.0,0.0,2.0,5.0,2,4.0,1,59
0,482.0,76000.0,76000.0,52,76000.0,42,1.0,97,1.0,19.0,20,6.0,1.0,2,5,0,2.0,1,2.0,1000,3.0,0.0,3.0,2.0,1,2.0,0,3.0,1995.0,1,999,1.0,1,45.0,0.0,47,52.0,141,0.0,600,1.0,1,2,3.0,0.0,2.0,5.0,2,4.0,1,24
0,497.0,118000.0,118000.0,32,93000.0,82,1.0,82,1.0,21.0,20,1.0,1.0,2,1,0,2.0,1,2.0,1000,3.0,0.0,3.0,2.0,1,2.0,0,3.0,1999.0,1,999,2.0,1,40.0,0.0,38,52.0,143,0.0,500,1.0,1,2,3.0,0.0,2.0,5.0,2,4.0,1,45
0,497.0,30000.0,30000.0,02,0.0,01,1.0,82,1.0,20.0,21,1.0,1.0,2,1,0,2.0,1,2.0,1000,3.0,0.0,3.0,2.0,1,2.0,0,3.0,1999.0,1,32,6.0,1,30.0,0.0,38,52.0,138,0.0,500,1.0,2,2,3.0,0.0,2.0,5.0,2,4.0,1,46
0,497.0,3000.0,3000.0,36,3000.0,82,6.0,82,1.0,14.0,25,6.0,2.0,2,5,0,2.0,1,2.0,1000,2.0,0.0,2.0,2.0,1,2.0,0,2.0,1995.0,1,32,2.0,1,24.0,0.0,38,12.0,196,0.0,500,1.0,2,2,3.0,0.0,2.0,5.0,2,4.0,1,18
0,321.0,63000.0,63000.0,47,63000.0,48,1.0,148,1.0,18.0,20,1.0,1.0,2,1,0,2.0,1,2.0,1000,3.0,0.0,3.0,2.0,1,2.0,0,3.0,2002.0,1,32,1.0,1,42.0,0.0,38,52.0,70,0.0,200,1.0,2,2,3.0,0.0,2.0,5.0,2,2.0,1,48
0,321.0,4900.0,0.0,42,0.0,69,6.0,22,3.0,22.0,21,1.0,2.0,2,1,0,2.0,1,2.0,1000,2.0,0.0,2.0,2.0,1,2.0,0,2.0,2002.0,1,999,1.0,1,40.0,1000.0,56,52.0,51,0.0,200,1.0,1,2,3.0,0.0,2.0,5.0,2,2.0,1,45
0,321.0,8400.0,6000.0,42,6000.0,85,6.0,148,1.0,14.0,25,6.0,2.0,2,5,0,2.0,1,2.0,1000,2.0,0.0,2.0,2.0,1,2.0,0,2.0,1995.0,1,22,4.0,1,40.0,2400.0,56,8.0,28,0.0,200,1.0,2,2,3.0,0.0,2.0,5.0,2,4.0,1,18
1,72.0,26000.0,26000.0,47,26000.0,50,1.0,917,1.0,14.0,20,1.0,1.0,2,1,0,2.0,3,2.0,5013,3.0,0.0,3.0,2.0,3,2.0,1,3.0,2017.0,0,902,1.0,1,40.0,0.0,38,52.0,127,0.0,200,1.0,2,2,3.0,0.0,2.0,5.0,2,4.0,1,26
1,72.0,0.0,0.0,47,0.0,50,6.0,996,2.0,16.0,21,1.0,2.0,1,1,0,1.0,1,2.0,1000,2.0,0.0,2.0,2.0,1,2.0,0,2.0,2017.0,1,999,1.0,1,40.0,0.0,38,52.0,124,0.0,200,1.0,3,2,3.0,0.0,2.0,5.0,2,4.0,1,28
0,409.0,25000.0,0.0,42,0.0,69,6.0,26,3.0,19.0,21,1.0,2.0,1,1,2,2.0,1,1.0,1000,2.0,0.0,2.0,1.0,1,1.0,0,2.0,1985.0,1,939,1.0,1,40.0,20000.0,38,52.0,102,5000.0,300,1.0,2,2,3.0,0.0,2.0,5.0,2,4.0,1,64
0,21.0,3300.0,0.0,42,0.0,69,6.0,82,3.0,19.0,20,4.0,2.0,2,3,0,2.0,1,2.0,1000,2.0,0.0,2.0,2.0,1,2.0,0,2.0,1990.0,1,999,1.0,1,40.0,3300.0,38,52.0,19,0.0,600,1.0,1,2,3.0,0.0,2.0,5.0,2,4.0,1,53
0,501.0,81000.0,81000.0,00,81000.0,49,1.0,82,1.0,18.0,20,4.0,1.0,2,3,0,2.0,1,2.0,1000,3.0,0.0,3.0,2.0,1,2.0,0,3.0,1978.0,1,999,1.0,1,40.0,0.0,38,52.0,131,0.0,300,1.0,1,2,3.0,0.0,2.0,5.0,2,4.0,1,62
0,501.0,140000.0,140000.0,15,140000.0,72,1.0,32,1.0,20.0,20,1.0,1.0,2,1,0,2.0,1,2.0,1000,3.0,0.0,3.0,2.0,1,2.0,0,3.0,2016.0,1,21,1.0,1,45.0,0.0,38,52.0,25,0.0,300,1.0,2,2,3.0,0.0,2.0,5.0,2,4.0,1,51
0,501.0,50000.0,50000.0,57,50000.0,46,1.0,32,1.0,16.0,21,1.0,1.0,2,1,2,2.0,1,2.0,1000,3.0,0.0,3.0,2.0,1,2.0,0,3.0,2016.0,1,999,1.0,1,40.0,0.0,38,52.0,20,0.0,300,1.0,1,2,3.0,0.0,2.0,5.0,2,4.0,1,50
0,501.0,63000.0,63000.0,33,63000.0,79,1.0,32,1.0,20.0,27,6.0,1.0,2,5,0,2.0,1,2.0,1000,3.0,0.0,3.0,2.0,1,2.0,0,3.0,1995.0,1,999,1.0,1,40.0,0.0,38,52.0,17,0.0,300,1.0,1,2,3.0,0.0,2.0,5.0,2,4.0,1,26
0,168.0,0.0,0.0,02,0.0,01,6.0,999,2.0,16.0,20,1.0,1.0,2,1,0,2.0,1,2.0,1000,3.0,0.0,3.0,2.0,1,2.0,0,3.0,2023.0,1,999,6.0,1,40.0,0.0,27,52.0,115,0.0,100,1.0,4,2,3.0,0.0,1.0,5.0,2,4.0,1,41
0,168.0,50000.0,50000.0,91,50000.0,61,1.0,999,1.0,19.0,21,1.0,1.0,2,1,0,2.0,1,2.0,1000,3.0,0.0,3.0,2.0,1,2.0,0,3.0,2023.0,1,999,1.0,1,50.0,0.0,30,52.0,94,0.0,100,1.0,4,2,3.0,0.0,1.0,5.0,2,4.0,1,40
0,184.0,35000.0,35000.0,40,25000.0,78,1.0,32,1.0,21.0,20,6.0,1.0,1,5,0,2.0,1,1.0,1000,3.0,0.0,3.0,2.0,1,2.0,0,3.0,1995.0,1,999,6.0,1,60.0,0.0,38,52.0,61,0.0,200,1.0,1,2,3.0,0.0,2.0,5.0,1,4.0,1,54
0,156.0,24000.0,24000.0,62,0.0,07,1.0,89,1.0,19.0,22,6.0,1.0,2,5,0,2.0,1,2.0,1000,3.0,0.0,3.0,2.0,1,2.0,0,3.0,1995.0,1,999,6.0,1,40.0,0.0,38,52.0,54,0.0,200,1.0,1,2,3.0,0.0,2.0,5.0,2,4.0,1,52
0,184.0,1300.0,1300.0,54,1300.0,60,6.0,32,1.0,21.0,25,6.0,2.0,2,5,0,2.0,1,2.0,1000,2.0,0.0,2.0,2.0,1,2.0,0,2.0,1995.0,1,89,1.0,1,25.0,0.0,38,26.0,41,0.0,200,1.0,2,2,3.0,0.0,2.0,5.0,2,4.0,1,19
0,212.0,61800.0,60000.0,42,60000.0,85,1.0,999,1.0,19.0,20,1.0,1.0,2,1,1,2.0,1,2.0,1000,3.0,0.0,3.0,2.0,1,2.0,0,3.0,2000.0,1,999,5.0,1,55.0,0.0,55,52.0,15,0.0,200,1.0,4,2,3.0,0.0,2.0,5.0,2,4.0,1,54
0,212.0,14000.0,14000.0,50,14000.0,81,1.0,999,1.0,20.0,21,1.0,1.0,2,1,2,2.0,1,2.0,1000,3.0,0.0,3.0,2.0,1,2.0,0,3.0,2000.0,1,999,2.0,1,40.0,0.0,12,52.0,15,0.0,200,1.0,4,2,3.0,0.0,2.0,5.0,2,4.0,1,40
0,187.0,38000.0,38000.0,64,38000.0,07,1.0,291,1.0,18.0,20,6.0,1.0,2,5,0,2.0,29,2.0,9000,3.0,0.0,3.0,2.0,9,2.0,0,3.0,1995.0,1,999,1.0,1,48.0,0.0,38,52.0,1130,0.0,600,3.0,1,2,3.0,0.0,2.0,5.0,2,4.0,23,29
0,71.0,11000.0,11000.0,47,11000.0,68,1.0,32,1.0,19.0,22,6.0,1.0,2,5,0,2.0,1,2.0,1000,3.0,0.0,3.0,2.0,1,2.0,0,3.0,1995.0,1,999,1.0,1,40.0,0.0,27,28.0,755,0.0,600,3.0,1,2,3.0,0.0,2.0,5.0,2,4.0,1,28
0,225.0,35000.0,35000.0,03,35000.0,82,1.0,32,1.0,20.0,20,4.0,1.0,2,3,0,2.0,1,2.0,1000,3.0,0.0,3.0,2.0,1,2.0,0,3.0,1982.0,1,999,1.0,5,41.0,0.0,110,52.0,213,0.0,400,1.0,1,2,3.0,0.0,2.0,5.0,2,2.0,1,63
0,398.0,62000.0,62000.0,32,62000.0,79,1.0,32,1.0,20.0,20,4.0,1.0,1,3,0,2.0,1,2.0,1000,3.0,0.0,3.0,2.0,1,2.0,0,3.0,1980.0,1,999,1.0,1,36.0,0.0,38,52.0,23,0.0,100,1.0,1,2,3.0,0.0,2.0,5.0,1,4.0,1,64
0,343.0,49200.0,0.0,42,0.0,69,6.0,89,3.0,16.0,22,3.0,2.0,1,2,2,2.0,1,1.0,1000,2.0,0.0,2.0,2.0,1,2.0,0,2.0,1981.0,1,999,1.0,1,40.0,0.0,55,52.0,15,0.0,100,1.0,1,1,3.0,0.0,2.0,5.0,2,4.0,1,65
0,275.0,43000.0,43000.0,60,43000.0,01,1.0,570,1.0,20.0,20,2.0,1.0,2,1,2,2.0,16,2.0,9000,3.0,0.0,3.0,2.0,9,2.0,0,3.0,2013.0,1,999,1.0,6,70.0,0.0,449,12.0,125,0.0,500,1.0,1,2,3.0,0.0,2.0,5.0,2,4.0,1,29
0,241.0,37700.0,37700.0,60,37700.0,01,1.0,570,1.0,16.0,36,6.0,1.0,2,5,0,2.0,16,2.0,9000,3.0,0.0,3.0,2.0,9,2.0,0,3.0,1995.0,1,999,1.0,6,70.0,0.0,449,31.0,42,0.0,500,1.0,1,2,3.0,0.0,2.0,5.0,2,4.0,1,54
0,76.0,11900.0,11900.0,60,11900.0,01,1.0,570,1.0,16.0,36,6.0,1.0,2,5,2,2.0,16,2.0,9000,3.0,0.0,3.0,2.0,9,2.0,0,3.0,1995.0,1,999,1.0,6,60.0,0.0,449,12.0,43,0.0,500,2.0,1,2,3.0,0.0,2.0,5.0,2,4.0,1,45
0,232.0,36200.0,36200.0,60,36200.0,01,1.0,570,1.0,19.0,36,6.0,1.0,2,5,0,2.0,16,2.0,9000,3.0,0.0,3.0,2.0,9,2.0,0,3.0,1995.0,1,999,1.0,6,70.0,0.0,449,31.0,42,0.0,500,1.0,1,2,3.0,0.0,2.0,5.0,2,4.0,1,40
0,282.0,44000.0,44000.0,60,44000.0,01,1.0,570,1.0,16.0,36,6.0,1.0,2,5,0,2.0,16,2.0,9000,3.0,0.0,3.0,2.0,9,2.0,0,3.0,1995.0,1,999,1.0,6,75.0,0.0,449,28.0,42,0.0,500,1.0,1,2,3.0,0.0,2.0,5.0,2,4.0,1,35
0,295.0,46100.0,46100.0,60,46100.0,01,1.0,570,1.0,17.0,36,6.0,1.0,2,5,0,2.0,16,2.0,9000,3.0,0.0,3.0,2.0,9,2.0,0,3.0,1995.0,1,999,1.0,6,75.0,0.0,449,29.0,44,0.0,500,1.0,1,2,3.0,0.0,2.0,5.0,2,4.0,1,31
0,250.0,39100.0,39100.0,60,39100.0,01,1.0,570,1.0,19.0,36,6.0,1.0,2,5,0,2.0,16,2.0,9000,3.0,0.0,3.0,2.0,9,2.0,0,3.0,1995.0,1,999,1.0,6,75.0,0.0,449,30.0,43,0.0,500,1.0,1,2,3.0,0.0,2.0,5.0,2,4.0,1,31
0,256.0,40000.0,40000.0,60,40000.0,01,1.0,570,1.0,16.0,36,6.0,1.0,2,5,0,2.0,16,2.0,9000,3.0,0.0,3.0,2.0,9,2.0,0,3.0,1995.0,1,999,1.0,6,70.0,0.0,449,32.0,42,0.0,500,1.0,1,2,3.0,0.0,2.0,5.0,2,4.0,1,29
1,93.0,14500.0,14500.0,60,14500.0,01,1.0,570,1.0,16.0,36,6.0,1.0,2,5,0,2.0,16,2.0,9000,3.0,0.0,3.0,2.0,9,2.0,0,3.0,1995.0,1,999,1.0,6,60.0,0.0,449,52.0,43,0.0,500,1.0,1,2,3.0,0.0,2.0,5.0,2,4.0,1,27
0,224.0,35000.0,35000.0,60,35000.0,01,1.0,570,1.0,16.0,36,6.0,1.0,2,5,0,2.0,16,2.0,9000,3.0,0.0,3.0,2.0,9,2.0,0,3.0,1995.0,1,999,1.0,6,70.0,0.0,449,30.0,44,0.0,500,2.0,1,2,3.0,0.0,2.0,5.0,2,4.0,1,27
0,378.0,59000.0,59000.0,60,59000.0,01,1.0,570,1.0,20.0,36,6.0,1.0,2,5,2,2.0,16,2.0,9000,3.0,0.0,3.0,2.0,9,2.0,0,3.0,1995.0,1,999,1.0,6,80.0,0.0,449,34.0,59,0.0,500,1.0,1,2,3.0,0.0,2.0,5.0,2,4.0,1,22
0,77.0,12100.0,12100.0,60,12100.0,01,1.0,570,1.0,16.0,36,6.0,1.0,2,5,0,2.0,16,2.0,9000,3.0,0.0,3.0,2.0,9,2.0,0,3.0,1995.0,1,999,1.0,6,70.0,0.0,449,10.0,59,0.0,500,2.0,1,2,3.0,0.0,2.0,5.0,2,4.0,1,20
0,486.0,12000.0,12000.0,40,12000.0,78,1.0,82,1.0,16.0,20,1.0,1.0,2,1,2,2.0,1,2.0,1000,3.0,0.0,3.0,2.0,1,2.0,0,3.0,1998.0,1,32,3.0,1,35.0,0.0,38,36.0,23,0.0,200,1.0,2,2,3.0,0.0,2.0,5.0,2,4.0,1,43
0,486.0,85000.0,85000.0,19,85000.0,45,1.0,32,1.0,20.0,21,1.0,1.0,2,1,2,2.0,1,2.0,1000,3.0,0.0,3.0,2.0,1,2.0,0,3.0,1998.0,1,999,1.0,1,40.0,0.0,38,52.0,11,0.0,200,1.0,1,2,3.0,0.0,2.0,5.0,2,4.0,1,49
0,88.0,14000.0,14000.0,52,14000.0,78,1.0,50,1.0,21.0,20,6.0,1.0,2,5,0,2.0,1,2.0,1000,3.0,0.0,3.0,2.0,1,2.0,0,3.0,1995.0,1,22,4.0,1,20.0,0.0,55,50.0,201,0.0,500,1.0,2,2,3.0,0.0,2.0,5.0,2,4.0,1,22
0,0.0,0.0,0.0,47,0.0,53,3.0,239,2.0,19.0,34,6.0,2.0,2,5,0,2.0,29,2.0,9000,1.0,0.0,2.0,2.0,9,2.0,0,2.0,1995.0,1,22,1.0,1,40.0,0.0,42,52.0,75,0.0,500,1.0,2,2,3.0,0.0,2.0,1.0,2,4.0,21,22
0,76.0,12100.0,12000.0,76,12000.0,78,1.0,924,1.0,19.0,34,6.0,1.0,2,5,0,2.0,1,2.0,1000,3.0,0.0,3.0,2.0,1,2.0,0,3.0,1995.0,1,22,4.0,1,20.0,0.0,26,45.0,68,100.0,500,1.0,2,2,3.0,0.0,2.0,5.0,2,4.0,1,21
0,501.0,75000.0,75000.0,32,75000.0,69,1.0,924,1.0,21.0,21,1.0,1.0,2,1,2,2.0,1,2.0,1000,3.0,0.0,3.0,2.0,1,2.0,0,3.0,2012.0,1,82,4.0,1,40.0,0.0,38,52.0,93,0.0,500,1.0,2,2,3.0,0.0,2.0,5.0,2,4.0,1,35
0,446.0,70000.0,20000.0,60,20000.0,01,1.0,32,1.0,16.0,20,6.0,1.0,2,5,0,2.0,1,2.0,1000,3.0,0.0,3.0,2.0,1,2.0,0,3.0,1995.0,1,82,1.0,1,40.0,0.0,38,26.0,45,0.0,600,1.0,2,2,3.0,0.0,2.0,5.0,2,4.0,1,59
0,253.0,40000.0,40000.0,73,40000.0,39,1.0,98,1.0,20.0,20,6.0,1.0,2,5,0,2.0,1,2.0,1000,3.0,0.0,3.0,2.0,1,2.0,0,3.0,1995.0,1,999,1.0,1,40.0,0.0,27,52.0,89,0.0,600,1.0,1,2,3.0,0.0,2.0,5.0,2,3.0,1,23
0,354.0,60050.0,60000.0,20,60000.0,78,1.0,195,1.0,21.0,20,1.0,1.0,2,1,0,2.0,1,2.0,1000,2.0,0.0,2.0,2.0,1,2.0,0,2.0,2008.0,1,999,3.0,1,35.0,0.0,55,46.0,63,50.0,400,1.0,1,2,3.0,0.0,2.0,5.0,2,4.0,1,42
0,354.0,68000.0,68000.0,32,68000.0,81,1.0,195,1.0,21.0,21,1.0,1.0,2,1,0,2.0,1,2.0,1000,2.0,0.0,2.0,2.0,1,2.0,0,2.0,2008.0,1,999,2.0,1,40.0,0.0,38,52.0,50,0.0,400,1.0,1,2,2.0,0.0,2.0,5.0,2,4.0,1,38
0,188.0,0.0,0.0,42,0.0,69,6.0,82,3.0,20.0,21,1.0,2.0,2,1,1,2.0,1,2.0,1000,2.0,0.0,2.0,2.0,1,2.0,0,2.0,1981.0,1,88,1.0,1,40.0,0.0,38,52.0,31,0.0,200,1.0,2,2,3.0,0.0,2.0,5.0,2,4.0,1,63
1,95.0,0.0,0.0,42,0.0,69,6.0,26,3.0,20.0,20,1.0,2.0,2,1,0,2.0,1,2.0,1000,2.0,0.0,2.0,2.0,1,2.0,0,2.0,2020.0,1,32,1.0,1,40.0,0.0,8,52.0,22,0.0,500,1.0,2,2,3.0,0.0,2.0,5.0,2,4.0,1,60
1,95.0,19200.0,0.0,42,0.0,69,6.0,32,3.0,11.0,21,1.0,2.0,2,1,0,2.0,1,2.0,1000,2.0,0.0,2.0,2.0,1,2.0,0,2.0,2020.0,1,999,1.0,1,40.0,19200.0,8,52.0,19,0.0,500,1.0,1,2,3.0,0.0,2.0,5.0,2,4.0,1,62
0,501.0,100250.0,100000.0,47,100000.0,69,1.0,996,1.0,20.0,20,1.0,1.0,2,1,0,2.0,1,2.0,1000,3.0,0.0,3.0,2.0,1,2.0,0,3.0,1992.0,1,999,2.0,1,42.0,0.0,38,52.0,22,250.0,600,1.0,3,2,3.0,0.0,2.0,5.0,2,4.0,1,53
0,277.0,55000.0,55000.0,04,55000.0,72,1.0,32,1.0,21.0,20,1.0,1.0,2,1,0,2.0,1,2.0,1000,3.0,0.0,3.0,2.0,1,2.0,0,3.0,2014.0,1,999,1.0,1,40.0,0.0,46,52.0,35,0.0,500,1.0,1,2,3.0,0.0,2.0,5.0,2,4.0,1,41
0,277.0,30000.0,30000.0,02,0.0,01,6.0,24,1.0,21.0,21,1.0,2.0,2,1,0,2.0,1,2.0,1000,2.0,0.0,2.0,2.0,1,2.0,0,2.0,2014.0,1,999,6.0,1,40.0,0.0,38,12.0,29,0.0,500,1.0,1,2,3.0,0.0,2.0,5.0,2,4.0,1,48
0,501.0,155000.0,155000.0,02,125000.0,01,1.0,88,1.0,16.0,20,1.0,1.0,2,1,0,2.0,1,2.0,1000,3.0,0.0,3.0,2.0,1,2.0,0,3.0,1992.0,1,97,6.0,1,60.0,0.0,30,52.0,33,0.0,100,1.0,2,2,3.0,0.0,2.0,5.0,2,4.0,1,60
0,501.0,2500.0,2500.0,02,0.0,01,1.0,11,1.0,18.0,25,6.0,1.0,2,5,0,2.0,1,2.0,1000,3.0,0.0,3.0,2.0,1,2.0,0,3.0,1995.0,1,82,6.0,1,80.0,0.0,38,8.0,2,0.0,100,1.0,2,2,3.0,0.0,2.0,5.0,2,4.0,1,20
1,14.0,2200.0,2200.0,42,2200.0,76,1.0,50,1.0,19.0,34,6.0,1.0,2,5,0,2.0,17,2.0,9000,3.0,0.0,3.0,2.0,9,2.0,1,3.0,1995.0,1,917,1.0,1,40.0,0.0,16,8.0,2,0.0,100,1.0,2,2,3.0,0.0,2.0,5.0,2,3.0,1,19
0,501.0,26000.0,26000.0,40,26000.0,78,1.0,32,1.0,16.0,21,1.0,1.0,2,1,2,2.0,1,2.0,1000,3.0,0.0,3.0,2.0,1,2.0,0,3.0,1983.0,1,999,3.0,1,41.0,0.0,38,39.0,106,0.0,100,1.0,1,2,3.0,0.0,2.0,5.0,2,4.0,1,61
0,501.0,16000.0,16000.0,54,16000.0,79,1.0,999,1.0,16.0,20,1.0,1.0,2,1,0,2.0,1,2.0,1000,3.0,0.0,3.0,2.0,1,2.0,0,3.0,1996.0,1,999,1.0,1,20.0,0.0,8,52.0,68,0.0,200,1.0,4,2,3.0,0.0,2.0,5.0,2,4.0,1,46
0,501.0,160000.0,160000.0,89,160000.0,22,1.0,999,1.0,19.0,21,1.0,1.0,2,1,0,2.0,1,2.0,1000,3.0,0.0,3.0,2.0,1,2.0,0,3.0,1996.0,1,999,1.0,1,40.0,0.0,38,52.0,81,0.0,200,1.0,4,2,3.0,0.0,2.0,5.0,2,4.0,1,47
0,250.0,39500.0,39500.0,23,39500.0,78,1.0,82,1.0,21.0,20,6.0,1.0,2,5,0,2.0,1,2.0,1000,3.0,0.0,3.0,2.0,1,2.0,0,3.0,1995.0,1,999,3.0,1,40.0,0.0,38,45.0,345,0.0,600,3.0,1,2,3.0,0.0,2.0,5.0,2,4.0,1,25
0,25.0,4050.0,4000.0,93,4000.0,78,1.0,750,1.0,19.0,20,6.0,1.0,2,5,2,2.0,8,2.0,4003,3.0,0.0,3.0,2.0,6,2.0,0,3.0,1995.0,0,999,4.0,4,10.0,0.0,217,40.0,198,50.0,500,1.0,1,2,3.0,0.0,2.0,5.0,2,4.0,1,24
0,501.0,15000.0,15000.0,32,15000.0,80,1.0,187,1.0,21.0,20,1.0,1.0,2,1,0,2.0,1,2.0,1000,3.0,0.0,3.0,2.0,1,2.0,0,3.0,2005.0,1,999,1.0,1,7.0,0.0,27,52.0,37,0.0,600,1.0,1,2,3.0,0.0,2.0,5.0,2,4.0,1,46
0,501.0,65000.0,65000.0,72,65000.0,73,1.0,996,1.0,19.0,20,1.0,1.0,2,1,0,2.0,29,2.0,9000,2.0,0.0,2.0,2.0,9,2.0,0,2.0,2022.0,1,999,5.0,1,40.0,0.0,38,52.0,115,0.0,500,1.0,3,2,3.0,0.0,1.0,1.0,2,3.0,1,30
0,501.0,61000.0,55000.0,72,55000.0,07,1.0,996,1.0,17.0,21,1.0,1.0,2,1,0,2.0,29,2.0,9000,2.0,0.0,2.0,2.0,9,2.0,0,2.0,2022.0,1,999,5.0,1,40.0,0.0,38,52.0,171,0.0,500,1.0,3,2,2.0,0.0,1.0,1.0,2,3.0,1,32
0,348.0,65000.0,65000.0,72,65000.0,48,1.0,32,1.0,20.0,20,1.0,1.0,2,1,0,2.0,1,2.0,1000,3.0,0.0,3.0,2.0,1,2.0,0,3.0,2018.0,1,999,1.0,1,50.0,0.0,38,50.0,174,0.0,400,3.0,1,2,3.0,0.0,2.0,5.0,2,4.0,1,28
0,348.0,60000.0,60000.0,05,60000.0,44,1.0,32,1.0,21.0,21,1.0,1.0,2,1,0,2.0,1,2.0,1000,3.0,0.0,3.0,2.0,1,2.0,0,3.0,2018.0,1,999,1.0,1,40.0,0.0,38,52.0,124,0.0,400,3.0,1,2,3.0,0.0,2.0,5.0,2,4.0,1,28
0,197.0,30000.0,30000.0,58,30000.0,93,1.0,32,1.0,20.0,20,6.0,1.0,2,5,0,2.0,1,2.0,1000,3.0,0.0,3.0,2.0,1,2.0,0,3.0,1995.0,1,50,3.0,1,40.0,0.0,38,52.0,791,0.0,600,3.0,2,2,3.0,0.0,2.0,5.0,2,4.0,1,30
0,328.0,50000.0,50000.0,15,50000.0,72,1.0,50,1.0,20.0,22,4.0,1.0,2,3,0,2.0,1,2.0,1000,3.0,0.0,3.0,2.0,1,2.0,0,3.0,2017.0,1,999,3.0,1,40.0,0.0,38,52.0,940,0.0,600,3.0,1,2,3.0,0.0,2.0,5.0,2,4.0,1,32
0,199.0,80000.0,80000.0,08,0.0,73,1.0,999,1.0,22.0,20,1.0,1.0,2,1,0,2.0,1,2.0,1000,3.0,0.0,3.0,2.0,1,2.0,0,3.0,2011.0,1,999,6.0,1,44.0,0.0,38,52.0,26,0.0,300,1.0,4,2,3.0,0.0,2.0,5.0,2,4.0,1,37
0,199.0,0.0,0.0,42,0.0,69,6.0,999,3.0,21.0,21,1.0,2.0,2,1,0,2.0,1,2.0,1000,2.0,0.0,2.0,2.0,1,2.0,0,2.0,2011.0,1,999,1.0,1,40.0,0.0,38,52.0,39,0.0,300,1.0,4,2,3.0,0.0,2.0,5.0,2,4.0,1,34
0,432.0,80000.0,80000.0,32,80000.0,82,1.0,32,1.0,21.0,20,1.0,1.0,2,1,0,2.0,1,2.0,1000,3.0,0.0,3.0,2.0,1,2.0,0,3.0,1992.0,1,82,2.0,1,48.0,0.0,38,52.0,29,0.0,400,1.0,2,2,3.0,0.0,2.0,5.0,2,4.0,1,60
0,501.0,65000.0,65000.0,50,65000.0,69,1.0,32,1.0,21.0,20,1.0,1.0,2,1,0,2.0,1,2.0,1000,3.0,0.0,3.0,2.0,1,2.0,0,3.0,1992.0,1,148,1.0,1,40.0,0.0,56,52.0,138,0.0,300,1.0,2,2,3.0,0.0,2.0,5.0,2,4.0,1,59
0,501.0,65000.0,65000.0,48,65000.0,05,1.0,50,1.0,20.0,21,1.0,1.0,2,1,0,2.0,1,2.0,1000,3.0,0.0,3.0,2.0,1,2.0,0,3.0,1992.0,1,32,1.0,1,40.0,0.0,38,52.0,167,0.0,300,1.0,2,2,3.0,0.0,2.0,5.0,2,4.0,1,61
1,0.0,0.0,0.0,96,0.0,37,6.0,50,2.0,17.0,20,6.0,2.0,1,5,0,1.0,1,2.0,1000,2.0,0.0,2.0,2.0,1,2.0,0,2.0,1995.0,1,22,1.0,1,40.0,0.0,38,52.0,21,0.0,400,1.0,2,2,3.0,0.0,2.0,5.0,2,4.0,1,42
0,501.0,30000.0,30000.0,54,30000.0,74,1.0,32,1.0,20.0,20,1.0,1.0,2,1,0,2.0,1,2.0,1000,3.0,0.0,3.0,2.0,1,2.0,0,3.0,2007.0,1,999,1.0,1,35.0,0.0,27,52.0,46,0.0,500,1.0,1,2,3.0,0.0,2.0,5.0,2,4.0,1,53
0,501.0,85000.0,85000.0,64,85000.0,07,1.0,32,1.0,20.0,21,1.0,1.0,2,1,0,2.0,1,2.0,1000,3.0,0.0,3.0,2.0,1,2.0,0,3.0,2007.0,1,999,1.0,1,48.0,0.0,27,52.0,37,0.0,500,1.0,1,2,3.0,0.0,2.0,5.0,2,3.0,1,59
0,501.0,32000.0,32000.0,55,32000.0,63,1.0,32,1.0,20.0,27,6.0,1.0,2,5,0,2.0,1,2.0,1000,3.0,0.0,3.0,2.0,1,2.0,0,3.0,1995.0,1,999,1.0,1,48.0,0.0,38,52.0,14,0.0,500,1.0,1,2,3.0,0.0,2.0,5.0,2,4.0,1,28
0,501.0,32000.0,32000.0,56,32000.0,35,1.0,32,1.0,16.0,27,6.0,1.0,2,5,0,2.0,1,2.0,1000,3.0,0.0,3.0,2.0,1,2.0,0,3.0,1995.0,1,999,1.0,1,40.0,0.0,38,52.0,11,0.0,500,1.0,1,2,3.0,0.0,2.0,5.0,2,4.0,1,23
0,295.0,45000.0,45000.0,33,45000.0,81,1.0,924,1.0,20.0,20,6.0,1.0,2,5,0,2.0,1,2.0,1000,3.0,0.0,3.0,2.0,1,2.0,0,3.0,1995.0,1,999,2.0,1,40.0,0.0,38,52.0,18,0.0,600,3.0,1,2,3.0,0.0,2.0,5.0,2,4.0,1,36
0,501.0,100000.0,100000.0,63,100000.0,07,1.0,51,1.0,16.0,22,6.0,1.0,2,5,0,2.0,1,2.0,1000,3.0,0.0,3.0,2.0,1,2.0,0,3.0,1995.0,1,999,3.0,1,60.0,0.0,24,52.0,21,0.0,600,3.0,1,2,3.0,0.0,2.0,5.0,2,4.0,1,30
0,312.0,48000.0,48000.0,42,48000.0,94,1.0,194,1.0,21.0,20,6.0,1.0,2,5,2,2.0,1,2.0,1000,3.0,0.0,3.0,2.0,1,2.0,0,3.0,1995.0,1,122,5.0,1,40.0,0.0,31,52.0,15,0.0,200,1.0,2,2,3.0,0.0,2.0,5.0,2,2.0,1,42
0,227.0,35000.0,35000.0,52,35000.0,69,1.0,88,1.0,18.0,34,6.0,1.0,1,5,0,2.0,1,1.0,1000,3.0,0.0,3.0,1.0,1,2.0,0,3.0,1995.0,1,22,1.0,1,40.0,0.0,35,52.0,3,0.0,200,1.0,2,2,3.0,0.0,2.0,5.0,2,2.0,1,35
0,501.0,106000.0,94000.0,14,94000.0,35,1.0,195,1.0,21.0,20,6.0,1.0,2,5,0,2.0,1,2.0,1000,3.0,0.0,3.0,2.0,1,2.0,0,3.0,1995.0,1,999,1.0,1,48.0,0.0,6,52.0,83,12000.0,400,1.0,1,2,3.0,0.0,2.0,5.0,2,4.0,1,33
0,501.0,21000.0,21000.0,55,21000.0,35,1.0,195,1.0,21.0,28,6.0,1.0,2,5,0,2.0,1,2.0,1000,3.0,0.0,3.0,2.0,1,2.0,0,3.0,1995.0,1,999,1.0,1,40.0,0.0,6,52.0,26,0.0,400,3.0,1,2,3.0,0.0,2.0,5.0,2,4.0,1,37
0,501.0,25000.0,25000.0,15,25000.0,35,1.0,195,1.0,22.0,28,6.0,1.0,2,5,0,2.0,1,2.0,1000,3.0,0.0,3.0,2.0,1,2.0,0,3.0,1995.0,1,999,1.0,1,40.0,0.0,6,52.0,24,0.0,400,3.0,1,2,3.0,0.0,2.0,5.0,2,4.0,1,31
0,501.0,80000.0,80000.0,09,80000.0,68,1.0,32,1.0,21.0,20,1.0,1.0,2,1,0,2.0,1,2.0,1000,3.0,0.0,3.0,2.0,1,2.0,0,3.0,2013.0,1,999,1.0,1,40.0,0.0,27,52.0,38,0.0,400,1.0,1,2,3.0,0.0,2.0,5.0,2,4.0,1,36
0,501.0,65000.0,65000.0,52,65000.0,42,1.0,142,1.0,16.0,21,1.0,1.0,2,1,0,2.0,1,2.0,1000,3.0,0.0,3.0,2.0,1,2.0,0,3.0,2013.0,1,999,1.0,1,40.0,0.0,27,52.0,39,0.0,400,1.0,1,2,3.0,0.0,2.0,5.0,2,4.0,1,38
0,477.0,73000.0,71000.0,02,71000.0,78,1.0,131,1.0,22.0,20,6.0,1.0,2,5,0,2.0,1,2.0,1000,3.0,0.0,3.0,2.0,1,2.0,0,3.0,1995.0,1,999,2.0,5,40.0,0.0,168,52.0,179,2000.0,300,1.0,1,2,3.0,0.0,2.0,5.0,2,4.0,1,34
0,501.0,115080.0,115000.0,00,115000.0,73,1.0,122,1.0,22.0,20,6.0,1.0,2,5,0,2.0,1,2.0,1000,3.0,0.0,3.0,2.0,1,2.0,0,3.0,1995.0,1,999,1.0,1,45.0,0.0,38,52.0,94,80.0,600,1.0,1,2,3.0,0.0,2.0,5.0,2,4.0,1,62
0,355.0,0.0,0.0,91,0.0,01,6.0,32,2.0,16.0,20,1.0,2.0,2,1,0,2.0,1,2.0,1000,2.0,0.0,2.0,2.0,1,2.0,0,2.0,1994.0,1,999,1.0,1,40.0,0.0,38,52.0,70,0.0,400,1.0,1,2,3.0,0.0,2.0,5.0,2,4.0,1,54
0,355.0,70000.0,70000.0,51,70000.0,01,3.0,82,1.0,19.0,21,1.0,2.0,2,1,0,2.0,1,2.0,1000,1.0,0.0,1.0,2.0,1,2.0,0,3.0,1994.0,1,999,1.0,1,40.0,0.0,38,52.0,71,0.0,400,1.0,1,2,2.0,0.0,2.0,1.0,2,4.0,1,57
0,243.0,37400.0,0.0,07,0.0,74,6.0,32,2.0,20.0,20,6.0,2.0,1,5,0,2.0,1,1.0,1000,2.0,0.0,2.0,2.0,1,2.0,0,2.0,1995.0,1,22,4.0,1,40.0,11600.0,36,52.0,10,0.0,400,1.0,2,2,3.0,0.0,2.0,3.0,2,4.0,1,64
0,501.0,100000.0,100000.0,01,100000.0,93,1.0,32,1.0,22.0,20,1.0,1.0,2,1,0,2.0,1,2.0,1000,3.0,0.0,3.0,2.0,1,2.0,0,3.0,2011.0,1,999,4.0,1,40.0,0.0,38,52.0,92,0.0,300,1.0,1,2,3.0,0.0,2.0,5.0,2,4.0,1,39
0,501.0,75000.0,75000.0,38,75000.0,94,1.0,32,1.0,19.0,21,1.0,1.0,2,1,0,2.0,1,2.0,1000,3.0,0.0,3.0,2.0,1,2.0,0,3.0,2011.0,1,999,3.0,1,48.0,0.0,38,52.0,133,0.0,300,1.0,1,2,3.0,0.0,2.0,5.0,2,2.0,1,38
0,326.0,50000.0,50000.0,23,50000.0,78,1.0,82,1.0,21.0,20,6.0,1.0,2,5,0,2.0,1,2.0,1000,3.0,0.0,3.0,2.0,1,2.0,0,3.0,1995.0,1,89,1.0,1,40.0,0.0,38,52.0,71,0.0,200,1.0,2,2,3.0,0.0,2.0,5.0,2,4.0,1,47
0,71.0,11000.0,11000.0,96,11000.0,87,1.0,171,1.0,16.0,34,6.0,1.0,2,5,0,2.0,1,2.0,1000,3.0,0.0,3.0,2.0,1,2.0,0,3.0,1995.0,1,26,1.0,1,40.0,0.0,30,40.0,52,0.0,200,3.0,2,2,3.0,0.0,2.0,5.0,2,3.0,1,27
0,308.0,60900.0,58400.0,42,48000.0,82,1.0,142,1.0,19.0,20,1.0,1.0,2,1,0,2.0,1,2.0,1000,3.0,0.0,3.0,2.0,1,2.0,0,3.0,1984.0,1,32,2.0,1,40.0,0.0,38,52.0,77,2500.0,500,1.0,2,2,3.0,0.0,2.0,5.0,2,4.0,1,64
0,308.0,1400.0,0.0,20,0.0,82,6.0,82,2.0,20.0,21,1.0,2.0,1,1,2,2.0,1,2.0,1000,2.0,0.0,2.0,1.0,1,1.0,0,2.0,1984.0,1,999,2.0,1,40.0,1400.0,38,52.0,63,0.0,500,1.0,1,2,3.0,0.0,2.0,5.0,2,4.0,1,64
0,79.0,12500.0,0.0,57,0.0,78,6.0,32,2.0,19.0,20,5.0,2.0,2,4,1,2.0,1,2.0,1000,2.0,0.0,2.0,2.0,1,2.0,0,2.0,1989.0,1,82,3.0,1,40.0,0.0,27,52.0,26,500.0,400,1.0,2,2,3.0,0.0,2.0,5.0,2,4.0,1,60
0,501.0,24000.0,24000.0,23,24000.0,78,1.0,82,1.0,19.0,20,1.0,1.0,2,1,2,2.0,1,2.0,1000,3.0,0.0,3.0,2.0,1,2.0,0,3.0,2004.0,1,999,3.0,1,35.0,0.0,38,40.0,34,0.0,600,1.0,1,2,3.0,0.0,2.0,5.0,2,4.0,1,44
0,501.0,2000.0,2000.0,39,2000.0,85,6.0,82,1.0,18.0,25,6.0,2.0,1,5,0,1.0,29,1.0,9000,2.0,0.0,2.0,2.0,9,2.0,0,2.0,1995.0,1,211,1.0,1,25.0,0.0,4,9.0,73,0.0,600,1.0,2,2,3.0,0.0,2.0,5.0,2,4.0,2,18
0,501.0,50000.0,50000.0,32,50000.0,81,1.0,32,1.0,20.0,20,1.0,1.0,2,1,0,2.0,1,2.0,1000,3.0,0.0,3.0,2.0,1,2.0,0,3.0,1998.0,1,999,2.0,1,40.0,0.0,27,52.0,69,0.0,400,1.0,1,2,3.0,0.0,2.0,5.0,2,4.0,1,57
0,501.0,100000.0,100000.0,62,100000.0,07,1.0,142,1.0,1.0,21,1.0,1.0,2,1,0,2.0,1,2.0,1000,3.0,0.0,3.0,2.0,1,2.0,0,3.0,1998.0,1,999,1.0,1,40.0,0.0,46,52.0,59,0.0,400,1.0,1,2,3.0,0.0,2.0,5.0,2,4.0,1,57
0,270.0,55000.0,55000.0,37,55000.0,94,1.0,996,1.0,18.0,20,6.0,1.0,2,5,0,2.0,1,2.0,1000,3.0,0.0,3.0,2.0,1,2.0,0,3.0,1995.0,1,999,5.0,1,72.0,0.0,38,52.0,361,0.0,500,1.0,3,2,3.0,0.0,2.0,5.0,2,4.0,1,32
0,501.0,96000.0,36000.0,49,36000.0,66,1.0,935,1.0,20.0,20,1.0,1.0,2,1,0,2.0,1,2.0,1000,3.0,0.0,3.0,2.0,1,2.0,0,3.0,1984.0,1,82,1.0,1,30.0,0.0,38,52.0,127,60000.0,200,1.0,2,2,3.0,0.0,2.0,5.0,2,4.0,1,64
0,501.0,65000.0,65000.0,32,65000.0,80,1.0,32,1.0,20.0,21,1.0,1.0,2,1,0,2.0,1,2.0,1000,3.0,0.0,3.0,2.0,1,2.0,0,3.0,1984.0,1,82,2.0,1,40.0,0.0,8,52.0,190,0.0,200,1.0,2,2,3.0,0.0,2.0,5.0,2,4.0,1,60
0,326.0,50000.0,50000.0,01,50000.0,68,1.0,142,1.0,21.0,20,6.0,1.0,2,5,0,2.0,1,2.0,1000,3.0,0.0,3.0,2.0,1,2.0,0,3.0,1995.0,1,3,1.0,1,40.0,0.0,38,52.0,203,0.0,600,1.0,2,2,3.0,0.0,2.0,5.0,2,4.0,1,60
0,458.0,22900.0,7500.0,42,7500.0,48,1.0,32,1.0,16.0,25,6.0,1.0,1,5,2,1.0,1,2.0,1000,3.0,0.0,3.0,2.0,1,2.0,0,3.0,1995.0,1,999,1.0,1,22.0,10500.0,38,52.0,85,0.0,400,1.0,1,2,3.0,0.0,2.0,5.0,2,4.0,1,49
0,346.0,53000.0,53000.0,15,53000.0,10,1.0,32,1.0,21.0,20,6.0,1.0,2,5,0,2.0,1,2.0,1000,3.0,0.0,3.0,2.0,1,2.0,0,3.0,1995.0,1,999,1.0,1,30.0,0.0,55,45.0,85,0.0,500,3.0,1,2,3.0,0.0,2.0,5.0,2,4.0,1,23
0,163.0,25000.0,25000.0,55,25000.0,63,6.0,32,1.0,19.0,22,6.0,2.0,2,5,0,2.0,1,2.0,1000,1.0,0.0,2.0,2.0,1,2.0,0,2.0,1995.0,1,94,5.0,1,45.0,0.0,38,26.0,102,0.0,500,3.0,2,2,3.0,0.0,2.0,3.0,2,4.0,1,23
0,414.0,500.0,500.0,26,500.0,55,6.0,32,1.0,21.0,20,1.0,2.0,2,1,0,2.0,1,2.0,1000,2.0,0.0,2.0,2.0,1,2.0,0,2.0,2010.0,1,22,1.0,1,15.0,0.0,38,2.0,85,0.0,500,1.0,2,2,3.0,0.0,2.0,5.0,2,4.0,1,33
0,414.0,100000.0,100000.0,72,100000.0,46,1.0,94,1.0,20.0,21,1.0,1.0,2,1,0,2.0,1,2.0,1000,3.0,0.0,3.0,2.0,1,2.0,0,3.0,2010.0,1,32,1.0,1,50.0,0.0,6,52.0,98,0.0,500,1.0,2,2,3.0,0.0,2.0,5.0,2,4.0,1,34
0,292.0,42000.0,11600.0,36,11600.0,92,1.0,32,1.0,20.0,20,4.0,1.0,2,3,2,2.0,1,2.0,1000,3.0,0.0,3.0,2.0,1,2.0,0,3.0,1981.0,1,87,1.0,1,13.0,0.0,26,52.0,120,0.0,600,1.0,2,2,3.0,0.0,2.0,5.0,2,4.0,1,65
0,501.0,55000.0,55000.0,96,55000.0,30,1.0,999,1.0,24.0,20,1.0,1.0,2,1,0,2.0,1,2.0,1000,3.0,0.0,3.0,2.0,1,2.0,0,3.0,1988.0,1,999,1.0,1,40.0,0.0,38,52.0,22,0.0,500,1.0,4,2,3.0,0.0,2.0,5.0,2,4.0,1,56
0,501.0,70000.0,70000.0,20,70000.0,83,1.0,32,1.0,22.0,21,1.0,1.0,2,1,0,2.0,1,2.0,1000,3.0,0.0,3.0,2.0,1,2.0,0,3.0,1988.0,1,20,4.0,1,40.0,0.0,27,52.0,21,0.0,500,1.0,2,2,3.0,0.0,2.0,5.0,2,4.0,1,56
1,208.0,22300.0,0.0,42,0.0,69,6.0,32,3.0,20.0,20,4.0,2.0,1,3,0,1.0,1,1.0,1000,2.0,19000.0,2.0,1.0,1,1.0,0,2.0,2007.0,1,142,1.0,1,40.0,0.0,38,52.0,277,3300.0,600,3.0,2,2,3.0,0.0,2.0,5.0,2,4.0,1,51
1,208.0,18600.0,7100.0,42,7100.0,76,1.0,32,1.0,16.0,25,6.0,1.0,1,5,0,1.0,1,1.0,1000,3.0,0.0,3.0,2.0,1,1.0,0,3.0,1995.0,1,142,1.0,1,20.0,0.0,38,52.0,208,0.0,600,3.0,2,2,3.0,0.0,2.0,5.0,2,4.0,1,23
0,501.0,11000.0,0.0,42,0.0,82,6.0,32,2.0,20.0,20,1.0,2.0,2,1,2,2.0,1,2.0,1000,2.0,0.0,2.0,2.0,1,2.0,0,2.0,1983.0,1,82,1.0,1,40.0,11000.0,38,52.0,14,0.0,500,1.0,2,2,3.0,0.0,2.0,5.0,2,4.0,1,65
0,501.0,120000.0,120000.0,63,120000.0,07,1.0,32,1.0,19.0,20,1.0,1.0,2,1,0,2.0,1,2.0,1000,3.0,0.0,3.0,2.0,1,2.0,0,3.0,1993.0,1,98,1.0,1,45.0,0.0,27,52.0,55,0.0,500,1.0,2,2,3.0,0.0,2.0,5.0,2,4.0,1,56
0,501.0,0.0,0.0,26,0.0,73,6.0,32,2.0,18.0,21,1.0,2.0,2,1,0,2.0,1,2.0,1000,2.0,0.0,2.0,2.0,1,2.0,0,2.0,1993.0,1,82,1.0,1,40.0,0.0,38,52.0,40,0.0,500,1.0,2,2,3.0,0.0,2.0,5.0,2,4.0,1,54
0,501.0,16000.0,16000.0,56,16000.0,63,1.0,939,1.0,19.0,25,6.0,1.0,2,5,0,2.0,1,2.0,1000,3.0,0.0,3.0,2.0,1,2.0,0,3.0,1995.0,1,999,1.0,1,30.0,0.0,38,52.0,24,0.0,500,1.0,1,2,3.0,0.0,2.0,5.0,2,4.0,1,25
0,501.0,44800.0,1600.0,46,0.0,85,1.0,939,1.0,19.0,20,4.0,1.0,2,3,0,2.0,1,2.0,1000,3.0,0.0,3.0,2.0,1,2.0,0,3.0,1984.0,1,999,6.0,1,6.0,0.0,27,16.0,15,8200.0,500,3.0,1,2,3.0,0.0,2.0,5.0,2,4.0,1,58
1,501.0,97000.0,97000.0,73,97000.0,07,1.0,999,1.0,16.0,25,6.0,1.0,2,5,0,2.0,1,2.0,1000,3.0,0.0,3.0,2.0,1,2.0,0,3.0,1995.0,1,999,1.0,1,45.0,0.0,27,29.0,2,0.0,500,1.0,4,2,3.0,0.0,2.0,5.0,2,4.0,1,32
0,96.0,15000.0,15000.0,53,15000.0,86,1.0,210,1.0,19.0,20,6.0,1.0,2,5,2,2.0,1,2.0,1000,3.0,0.0,3.0,2.0,1,2.0,0,3.0,1995.0,1,999,1.0,1,40.0,0.0,27,52.0,133,0.0,500,3.0,1,2,3.0,0.0,2.0,5.0,2,4.0,2,23
0,384.0,52000.0,52000.0,23,52000.0,78,1.0,32,1.0,22.0,20,1.0,1.0,2,1,0,2.0,1,2.0,1000,3.0,0.0,3.0,2.0,1,2.0,0,3.0,2001.0,1,21,3.0,1,45.0,0.0,55,52.0,22,0.0,600,1.0,2,2,3.0,0.0,2.0,5.0,2,4.0,1,51
0,384.0,40000.0,40000.0,52,40000.0,69,1.0,51,1.0,21.0,21,1.0,1.0,2,1,0,2.0,1,2.0,1000,3.0,0.0,3.0,2.0,1,2.0,0,3.0,2001.0,1,111,1.0,5,50.0,0.0,110,52.0,18,0.0,600,1.0,2,2,3.0,0.0,2.0,5.0,2,4.0,1,46
0,384.0,20000.0,20000.0,96,20000.0,49,1.0,32,1.0,19.0,25,6.0,1.0,2,5,0,2.0,1,2.0,1000,3.0,0.0,3.0,2.0,1,2.0,0,3.0,1995.0,1,21,1.0,1,45.0,0.0,38,26.0,24,0.0,600,1.0,2,2,3.0,0.0,2.0,5.0,2,4.0,1,20
0,501.0,10000.0,10000.0,90,10000.0,50,1.0,999,1.0,16.0,20,1.0,1.0,2,1,2,2.0,1,2.0,1000,3.0,0.0,3.0,2.0,1,2.0,0,3.0,2000.0,1,999,1.0,1,21.0,0.0,38,52.0,20,0.0,600,1.0,4,2,3.0,0.0,2.0,5.0,2,4.0,1,41
0,501.0,149000.0,140000.0,92,140000.0,60,1.0,999,1.0,16.0,21,1.0,1.0,2,1,2,2.0,1,2.0,1000,3.0,0.0,3.0,2.0,1,2.0,0,3.0,2000.0,1,999,1.0,1,70.0,0.0,38,52.0,22,0.0,600,1.0,4,2,3.0,0.0,2.0,5.0,2,2.0,1,44
0,159.0,25000.0,0.0,42,0.0,69,6.0,82,3.0,14.0,20,6.0,2.0,1,5,2,2.0,1,1.0,1000,2.0,13000.0,2.0,1.0,1,1.0,0,2.0,1995.0,1,999,1.0,1,40.0,0.0,38,52.0,33,12000.0,200,1.0,1,2,3.0,0.0,2.0,5.0,2,4.0,1,59
0,206.0,26000.0,26000.0,21,26000.0,72,1.0,999,1.0,16.0,20,6.0,1.0,2,5,0,2.0,1,2.0,1000,3.0,0.0,3.0,2.0,1,2.0,0,3.0,1995.0,1,999,1.0,1,40.0,0.0,27,52.0,66,0.0,400,1.0,4,2,3.0,0.0,2.0,5.0,2,4.0,1,37
0,335.0,51000.0,51000.0,79,51000.0,30,1.0,195,1.0,19.0,20,6.0,1.0,2,5,0,2.0,1,2.0,1000,3.0,0.0,3.0,2.0,1,2.0,0,3.0,1995.0,1,999,1.0,1,50.0,0.0,38,52.0,79,0.0,600,1.0,1,2,3.0,0.0,2.0,5.0,2,4.0,1,23
0,335.0,51000.0,51000.0,08,51000.0,72,1.0,195,1.0,21.0,22,6.0,1.0,2,5,0,2.0,1,2.0,1000,3.0,0.0,3.0,2.0,1,2.0,0,3.0,1995.0,1,999,1.0,1,50.0,0.0,38,52.0,183,0.0,600,1.0,1,2,3.0,0.0,2.0,5.0,2,4.0,1,24
0,460.0,70000.0,70000.0,47,70000.0,51,1.0,32,1.0,20.0,20,1.0,1.0,2,1,2,2.0,1,2.0,1000,2.0,0.0,2.0,2.0,1,2.0,0,2.0,2011.0,1,999,7.0,1,65.0,0.0,38,52.0,107,0.0,600,1.0,1,2,2.0,0.0,2.0,3.0,2,4.0,1,40
0,460.0,70000.0,65000.0,31,65000.0,81,1.0,32,1.0,22.0,21,1.0,1.0,2,1,0,2.0,1,2.0,1000,2.0,0.0,2.0,2.0,1,2.0,0,2.0,2011.0,1,999,2.0,1,40.0,0.0,38,52.0,104,0.0,600,3.0,1,2,3.0,0.0,2.0,5.0,2,4.0,1,37
0,215.0,33800.0,33800.0,54,33800.0,80,1.0,924,1.0,16.0,20,6.0,1.0,2,5,0,2.0,1,2.0,1000,3.0,0.0,3.0,2.0,1,2.0,0,3.0,1995.0,1,999,2.0,1,40.0,0.0,38,52.0,284,0.0,600,3.0,1,2,3.0,0.0,2.0,5.0,2,4.0,1,22
0,331.0,52000.0,52000.0,73,52000.0,42,1.0,924,1.0,20.0,22,6.0,1.0,2,5,0,2.0,1,2.0,1000,3.0,0.0,3.0,2.0,1,2.0,0,3.0,1995.0,1,999,1.0,1,40.0,0.0,38,52.0,130,0.0,600,3.0,1,2,3.0,0.0,2.0,5.0,2,4.0,1,23
0,384.0,8000.0,8000.0,46,0.0,84,1.0,50,1.0,19.0,20,1.0,1.0,2,1,0,2.0,1,2.0,1000,3.0,0.0,3.0,2.0,1,2.0,0,3.0,2017.0,1,89,6.0,1,40.0,0.0,27,52.0,8,0.0,400,1.0,2,2,3.0,0.0,2.0,5.0,2,4.0,21,27
0,384.0,110000.0,110000.0,15,110000.0,95,1.0,32,1.0,21.0,21,1.0,1.0,2,1,0,2.0,1,2.0,1000,3.0,0.0,3.0,2.0,1,2.0,0,3.0,2017.0,1,82,5.0,1,40.0,0.0,2,52.0,63,0.0,400,1.0,2,2,3.0,0.0,2.0,5.0,2,2.0,1,28
0,384.0,60000.0,60000.0,81,60000.0,88,1.0,94,1.0,16.0,20,6.0,1.0,2,5,0,2.0,1,2.0,1000,3.0,0.0,3.0,2.0,1,2.0,0,3.0,1995.0,1,84,1.0,1,50.0,0.0,6,40.0,68,0.0,100,1.0,2,2,3.0,0.0,2.0,5.0,2,4.0,1,30
0,44.0,7000.0,7000.0,46,1000.0,89,1.0,50,1.0,16.0,34,4.0,1.0,2,3,0,2.0,1,2.0,1000,3.0,0.0,3.0,2.0,1,2.0,0,3.0,2012.0,1,22,6.0,1,12.0,0.0,6,46.0,178,0.0,100,1.0,2,2,3.0,0.0,2.0,5.0,2,4.0,1,33
0,501.0,31000.0,31000.0,46,31000.0,82,1.0,82,1.0,20.0,20,1.0,1.0,1,1,0,2.0,1,2.0,1000,3.0,0.0,3.0,2.0,1,2.0,0,3.0,1991.0,1,999,1.0,1,40.0,0.0,38,52.0,20,0.0,500,1.0,1,2,3.0,0.0,2.0,5.0,1,4.0,1,61
0,501.0,105000.0,75000.0,60,75000.0,01,1.0,82,1.0,16.0,21,1.0,1.0,2,1,0,2.0,1,2.0,1000,3.0,0.0,3.0,2.0,1,2.0,0,3.0,1991.0,1,50,1.0,1,52.0,0.0,38,52.0,26,30000.0,500,1.0,2,2,3.0,0.0,2.0,5.0,2,2.0,1,65
1,41.0,10200.0,10200.0,47,10200.0,50,1.0,51,1.0,19.0,20,6.0,1.0,2,5,0,2.0,1,2.0,1000,3.0,0.0,3.0,2.0,1,2.0,0,3.0,1995.0,1,82,1.0,1,24.0,0.0,53,52.0,206,0.0,400,1.0,2,2,3.0,0.0,2.0,5.0,2,4.0,1,32
0,449.0,17900.0,6300.0,52,5200.0,68,6.0,22,1.0,21.0,20,1.0,2.0,2,1,2,2.0,1,2.0,1000,2.0,0.0,2.0,2.0,1,2.0,0,2.0,1990.0,1,89,7.0,1,40.0,0.0,38,4.0,40,11600.0,100,1.0,2,2,3.0,0.0,2.0,5.0,2,4.0,1,54
0,449.0,70120.0,70000.0,02,0.0,01,1.0,32,1.0,20.0,21,1.0,1.0,2,1,2,2.0,1,2.0,1000,3.0,0.0,3.0,2.0,1,2.0,0,3.0,1990.0,1,999,6.0,1,50.0,0.0,38,52.0,64,120.0,100,1.0,1,2,3.0,0.0,2.0,5.0,2,4.0,1,54
0,262.0,40000.0,40000.0,28,40000.0,66,1.0,190,1.0,21.0,20,6.0,1.0,2,5,0,2.0,1,2.0,1000,3.0,0.0,3.0,2.0,1,2.0,0,3.0,1995.0,1,999,2.0,1,35.0,0.0,27,52.0,167,0.0,600,3.0,1,2,3.0,0.0,2.0,5.0,2,4.0,1,24
0,501.0,0.0,0.0,25,0.0,78,6.0,98,2.0,20.0,20,1.0,2.0,2,1,0,2.0,1,2.0,1000,2.0,0.0,2.0,2.0,1,2.0,0,2.0,1999.0,1,26,3.0,1,40.0,0.0,38,52.0,21,0.0,500,1.0,2,2,3.0,0.0,2.0,5.0,2,4.0,1,45
0,259.0,40000.0,40000.0,51,40000.0,61,1.0,999,1.0,16.0,20,6.0,1.0,2,5,2,2.0,1,2.0,1000,3.0,0.0,3.0,2.0,1,2.0,0,3.0,1995.0,1,999,1.0,1,40.0,0.0,30,52.0,760,0.0,100,3.0,4,2,3.0,0.0,2.0,5.0,2,4.0,1,22
0,501.0,100000.0,100000.0,04,100000.0,61,1.0,999,1.0,16.0,22,6.0,1.0,2,5,2,2.0,1,2.0,1000,3.0,0.0,3.0,2.0,1,2.0,0,3.0,1995.0,1,999,1.0,1,80.0,0.0,6,52.0,205,0.0,100,3.0,4,2,3.0,0.0,2.0,5.0,2,4.0,1,30
0,312.0,65000.0,65000.0,73,65000.0,12,1.0,82,1.0,20.0,20,1.0,1.0,2,1,0,2.0,1,2.0,1000,3.0,0.0,3.0,2.0,1,2.0,0,3.0,2015.0,1,142,1.0,1,45.0,0.0,38,52.0,74,0.0,400,1.0,2,2,3.0,0.0,2.0,5.0,2,4.0,1,30
0,312.0,48000.0,48000.0,23,48000.0,78,2.0,82,1.0,22.0,21,1.0,1.0,2,1,0,2.0,1,2.0,1000,3.0,0.0,2.0,2.0,1,2.0,0,1.0,2015.0,1,32,3.0,1,40.0,0.0,38,52.0,36,0.0,400,1.0,2,2,3.0,0.0,2.0,5.0,2,4.0,1,31
0,501.0,75000.0,75000.0,01,75000.0,73,1.0,89,1.0,18.0,20,1.0,1.0,2,1,0,2.0,1,2.0,1000,3.0,0.0,3.0,2.0,1,2.0,0,3.0,2003.0,1,82,1.0,1,45.0,0.0,27,52.0,166,0.0,600,1.0,2,2,3.0,0.0,2.0,5.0,2,4.0,1,53
0,501.0,180000.0,180000.0,48,0.0,45,1.0,24,1.0,21.0,21,1.0,1.0,2,1,0,2.0,1,2.0,1000,3.0,0.0,3.0,2.0,1,2.0,0,3.0,2003.0,1,32,6.0,1,40.0,0.0,27,52.0,128,0.0,600,1.0,2,2,3.0,0.0,2.0,5.0,2,4.0,1,53
0,427.0,60000.0,60000.0,57,60000.0,68,1.0,82,1.0,21.0,20,1.0,1.0,2,1,0,2.0,1,2.0,1000,3.0,0.0,3.0,2.0,1,2.0,0,3.0,2010.0,1,999,1.0,1,40.0,0.0,38,52.0,110,0.0,400,1.0,1,2,3.0,0.0,2.0,5.0,2,4.0,1,35
0,427.0,90000.0,90000.0,55,90000.0,61,1.0,32,1.0,16.0,21,1.0,1.0,2,1,0,2.0,1,2.0,1000,3.0,0.0,3.0,2.0,1,2.0,0,3.0,2010.0,1,999,7.0,1,40.0,0.0,27,52.0,114,0.0,400,1.0,1,2,3.0,0.0,2.0,5.0,2,4.0,1,42
0,501.0,78800.0,76000.0,62,76000.0,07,1.0,32,1.0,16.0,21,1.0,1.0,2,1,0,2.0,1,2.0,1000,3.0,0.0,3.0,2.0,1,2.0,0,3.0,2011.0,1,999,1.0,1,45.0,0.0,38,52.0,97,2800.0,200,1.0,1,2,3.0,0.0,2.0,5.0,2,4.0,1,63
0,452.0,39500.0,39500.0,42,39500.0,52,1.0,82,1.0,20.0,25,6.0,1.0,2,5,0,2.0,1,2.0,1000,3.0,0.0,3.0,2.0,1,2.0,0,3.0,1995.0,1,999,1.0,1,45.0,0.0,27,52.0,352,0.0,100,1.0,1,2,3.0,0.0,2.0,5.0,2,4.0,1,31
0,501.0,59400.0,33000.0,04,33000.0,95,1.0,210,1.0,22.0,20,1.0,1.0,2,1,0,2.0,1,2.0,1000,3.0,0.0,3.0,2.0,1,2.0,0,3.0,2021.0,1,924,5.0,1,40.0,0.0,24,12.0,21,0.0,200,1.0,2,2,3.0,0.0,2.0,5.0,2,2.0,2,37
0,501.0,50000.0,50000.0,98,50000.0,96,4.0,924,1.0,18.0,21,1.0,1.0,2,1,0,2.0,1,2.0,1000,3.0,0.0,3.0,2.0,1,2.0,0,3.0,2021.0,1,999,5.0,1,40.0,0.0,26,52.0,24,0.0,200,1.0,1,2,3.0,0.0,2.0,5.0,2,1.0,1,38
0,211.0,61000.0,61000.0,58,61000.0,69,1.0,999,1.0,20.0,20,1.0,1.0,2,1,0,2.0,1,2.0,1000,3.0,0.0,3.0,2.0,1,2.0,0,3.0,2003.0,1,999,1.0,1,40.0,0.0,38,52.0,214,0.0,200,1.0,4,2,3.0,0.0,2.0,5.0,2,4.0,1,45
0,211.0,22500.0,22500.0,77,22500.0,30,1.0,999,1.0,16.0,21,1.0,1.0,2,1,0,2.0,1,2.0,1000,3.0,0.0,3.0,2.0,1,2.0,0,3.0,2003.0,1,999,1.0,1,50.0,0.0,38,20.0,109,0.0,200,1.0,4,2,3.0,0.0,2.0,5.0,2,4.0,1,45
1,103.0,8800.0,0.0,42,0.0,69,6.0,920,3.0,19.0,27,4.0,2.0,2,3,0,2.0,3,2.0,5006,2.0,0.0,2.0,2.0,3,2.0,1,2.0,2011.0,0,999,1.0,1,40.0,0.0,4,52.0,1,0.0,200,1.0,1,2,3.0,0.0,2.0,5.0,2,4.0,1,38
1,103.0,0.0,0.0,52,0.0,85,6.0,920,2.0,17.0,30,6.0,2.0,2,5,0,2.0,3,2.0,5006,2.0,0.0,2.0,2.0,3,2.0,1,2.0,1995.0,0,999,3.0,1,40.0,0.0,4,52.0,1,0.0,200,1.0,1,2,3.0,0.0,2.0,5.0,2,4.0,1,18
0,149.0,46000.0,46000.0,98,46000.0,96,4.0,999,1.0,19.0,20,1.0,1.0,2,1,0,2.0,15,2.0,8000,3.0,0.0,3.0,2.0,8,2.0,0,3.0,2018.0,0,999,5.0,3,40.0,0.0,311,52.0,277,0.0,200,3.0,4,2,3.0,0.0,2.0,5.0,2,1.0,6,34
0,149.0,0.0,0.0,42,0.0,69,6.0,999,3.0,21.0,21,1.0,2.0,2,1,0,2.0,15,2.0,8000,2.0,0.0,2.0,2.0,8,2.0,0,2.0,2018.0,0,999,1.0,1,40.0,0.0,51,52.0,317,0.0,200,3.0,4,2,3.0,0.0,2.0,5.0,2,4.0,18,36
1,28.0,13000.0,13000.0,38,13000.0,94,1.0,920,1.0,17.0,20,4.0,1.0,1,3,0,2.0,3,1.0,5013,1.0,0.0,2.0,2.0,3,2.0,1,2.0,2010.0,0,999,5.0,1,40.0,0.0,38,52.0,50,0.0,200,1.0,1,2,3.0,0.0,2.0,1.0,1,4.0,1,38
1,28.0,0.0,0.0,42,0.0,69,6.0,917,3.0,14.0,25,6.0,2.0,2,5,0,2.0,3,2.0,5013,3.0,0.0,2.0,2.0,3,2.0,1,2.0,1995.0,0,999,1.0,1,40.0,0.0,38,52.0,6,0.0,200,1.0,1,2,3.0,0.0,2.0,3.0,2,4.0,1,18
1,28.0,0.0,0.0,42,0.0,69,6.0,917,3.0,14.0,25,6.0,2.0,2,5,0,2.0,3,2.0,5013,2.0,0.0,2.0,2.0,3,2.0,1,2.0,1995.0,0,999,1.0,1,40.0,0.0,38,52.0,12,0.0,200,1.0,1,2,3.0,0.0,2.0,5.0,2,4.0,1,18
0,9.0,1500.0,0.0,03,0.0,86,6.0,82,2.0,16.0,20,4.0,2.0,2,3,2,2.0,1,2.0,1000,2.0,0.0,2.0,2.0,1,2.0,0,2.0,1990.0,1,32,1.0,1,40.0,1500.0,38,52.0,275,0.0,400,1.0,2,2,2.0,0.0,2.0,1.0,2,4.0,1,63
0,379.0,42000.0,42000.0,46,0.0,84,1.0,148,1.0,19.0,20,1.0,1.0,2,1,1,2.0,1,2.0,1000,3.0,0.0,3.0,2.0,1,2.0,0,3.0,2014.0,1,82,6.0,1,50.0,0.0,38,52.0,45,0.0,400,1.0,2,2,3.0,0.0,2.0,5.0,2,4.0,1,40
0,379.0,75000.0,75000.0,01,75000.0,78,1.0,32,1.0,21.0,21,1.0,1.0,2,1,1,2.0,1,2.0,1000,3.0,0.0,3.0,2.0,1,2.0,0,3.0,2014.0,1,999,1.0,1,40.0,0.0,38,52.0,39,0.0,400,1.0,1,2,3.0,0.0,2.0,5.0,2,4.0,1,44
0,501.0,150000.0,150000.0,04,150000.0,03,1.0,32,1.0,21.0,20,1.0,1.0,2,1,0,2.0,1,2.0,1000,3.0,0.0,3.0,2.0,1,2.0,0,3.0,2017.0,1,142,1.0,1,60.0,0.0,27,52.0,244,0.0,200,1.0,2,2,3.0,0.0,2.0,5.0,2,4.0,1,36
0,501.0,137000.0,137000.0,47,130000.0,49,1.0,32,1.0,22.0,21,1.0,1.0,2,1,0,2.0,1,2.0,1000,3.0,0.0,3.0,2.0,1,2.0,0,3.0,2017.0,1,22,1.0,1,50.0,0.0,27,52.0,229,0.0,200,1.0,2,2,3.0,0.0,2.0,5.0,2,4.0,1,33
0,320.0,60000.0,60000.0,08,60000.0,68,1.0,32,1.0,21.0,20,1.0,1.0,2,1,0,2.0,1,2.0,1000,3.0,0.0,3.0,2.0,1,2.0,0,3.0,2013.0,1,999,1.0,1,52.0,0.0,38,52.0,22,0.0,200,1.0,1,2,3.0,0.0,2.0,5.0,2,4.0,1,34
0,320.0,55000.0,50000.0,02,0.0,01,1.0,32,1.0,16.0,21,1.0,1.0,2,1,0,2.0,1,2.0,1000,3.0,0.0,3.0,2.0,1,2.0,0,3.0,2013.0,1,999,6.0,1,80.0,0.0,38,52.0,36,5000.0,200,1.0,1,2,3.0,0.0,2.0,5.0,2,4.0,1,39
0,501.0,58500.0,54000.0,63,54000.0,07,1.0,508,1.0,20.0,20,6.0,1.0,2,5,0,2.0,2,2.0,3000,3.0,0.0,3.0,2.0,2,2.0,0,3.0,1995.0,0,999,1.0,6,45.0,0.0,407,52.0,106,0.0,100,1.0,1,2,3.0,4500.0,2.0,5.0,2,4.0,1,45
0,501.0,58500.0,54000.0,63,54000.0,07,1.0,508,1.0,20.0,28,6.0,1.0,2,5,0,2.0,2,2.0,3000,3.0,0.0,3.0,2.0,2,2.0,0,3.0,1995.0,0,999,1.0,6,40.0,0.0,407,51.0,279,0.0,100,1.0,1,2,3.0,4500.0,2.0,5.0,2,4.0,1,45
0,381.0,60000.0,60000.0,40,60000.0,86,1.0,32,1.0,17.0,20,6.0,1.0,2,5,0,2.0,1,2.0,1000,3.0,0.0,3.0,2.0,1,2.0,0,3.0,1995.0,1,87,1.0,1,50.0,0.0,38,52.0,216,0.0,600,1.0,2,2,3.0,0.0,2.0,5.0,2,4.0,1,35
0,239.0,37000.0,37000.0,21,37000.0,73,1.0,32,1.0,19.0,20,4.0,1.0,1,3,0,2.0,1,2.0,1000,3.0,0.0,3.0,2.0,1,2.0,0,3.0,2007.0,1,89,1.0,1,40.0,0.0,38,52.0,138,0.0,600,1.0,2,2,3.0,0.0,2.0,5.0,1,4.0,1,37
0,397.0,72000.0,72000.0,60,72000.0,01,1.0,939,1.0,19.0,20,6.0,1.0,2,5,0,2.0,1,2.0,1000,3.0,0.0,3.0,2.0,1,2.0,0,3.0,1995.0,1,999,1.0,1,60.0,0.0,30,52.0,42,0.0,500,1.0,1,2,3.0,0.0,2.0,5.0,2,4.0,1,38
0,3.0,480.0,480.0,47,480.0,49,1.0,939,1.0,20.0,22,4.0,1.0,2,3,0,2.0,1,2.0,1000,3.0,0.0,3.0,2.0,1,2.0,0,3.0,2006.0,1,999,1.0,1,2.0,0.0,38,16.0,25,0.0,500,1.0,1,2,3.0,0.0,2.0,5.0,2,4.0,1,40
0,225.0,25000.0,25000.0,25,25000.0,78,1.0,32,1.0,20.0,20,1.0,1.0,2,1,0,2.0,1,2.0,1000,3.0,0.0,3.0,2.0,1,2.0,0,3.0,1994.0,1,999,4.0,1,40.0,0.0,38,52.0,119,0.0,400,1.0,1,2,3.0,0.0,2.0,5.0,2,4.0,1,51
0,225.0,45000.0,45000.0,48,45000.0,45,1.0,32,1.0,20.0,21,1.0,1.0,2,1,0,2.0,1,2.0,1000,3.0,0.0,3.0,2.0,1,2.0,0,3.0,1994.0,1,999,1.0,1,40.0,0.0,38,52.0,116,0.0,400,1.0,1,2,3.0,0.0,2.0,5.0,2,4.0,1,63
0,225.0,0.0,0.0,42,0.0,69,6.0,32,3.0,14.0,25,6.0,2.0,2,5,0,2.0,1,2.0,1000,2.0,0.0,2.0,2.0,1,2.0,0,2.0,1995.0,1,999,1.0,1,40.0,0.0,38,52.0,1,0.0,400,1.0,1,2,3.0,0.0,2.0,5.0,2,4.0,1,18
0,501.0,100000.0,100000.0,63,100000.0,03,1.0,32,1.0,20.0,20,6.0,1.0,2,5,0,2.0,17,2.0,9000,3.0,0.0,3.0,2.0,9,2.0,1,3.0,1995.0,1,26,1.0,1,40.0,0.0,38,52.0,32,0.0,200,1.0,2,2,3.0,0.0,2.0,5.0,2,4.0,1,42
0,408.0,63000.0,63000.0,96,63000.0,42,1.0,82,1.0,19.0,20,4.0,1.0,2,3,0,2.0,1,2.0,1000,3.0,0.0,3.0,2.0,1,2.0,0,3.0,1980.0,1,89,1.0,1,45.0,0.0,27,52.0,177,0.0,600,1.0,2,2,3.0,0.0,2.0,5.0,2,4.0,1,64
0,423.0,45000.0,45000.0,51,45000.0,68,1.0,32,1.0,17.0,20,1.0,1.0,2,1,0,2.0,1,2.0,1000,3.0,0.0,3.0,2.0,1,2.0,0,3.0,2013.0,1,999,4.0,1,35.0,0.0,38,52.0,69,0.0,200,1.0,1,2,3.0,0.0,2.0,5.0,2,4.0,1,34
0,423.0,40000.0,40000.0,67,40000.0,93,1.0,32,1.0,17.0,21,1.0,1.0,2,1,0,2.0,1,2.0,1000,3.0,0.0,3.0,2.0,1,2.0,0,3.0,2013.0,1,999,3.0,1,40.0,0.0,38,52.0,73,0.0,200,1.0,1,2,3.0,0.0,2.0,5.0,2,4.0,1,32
0,392.0,109000.0,109000.0,03,109000.0,86,1.0,82,1.0,21.0,20,1.0,1.0,2,1,2,2.0,1,2.0,1000,3.0,0.0,3.0,2.0,1,2.0,0,3.0,2010.0,1,999,7.0,1,50.0,0.0,38,52.0,115,0.0,500,1.0,1,2,3.0,0.0,2.0,5.0,2,4.0,1,38
0,392.0,10000.0,10000.0,02,10000.0,01,1.0,570,1.0,16.0,21,1.0,1.0,2,1,0,2.0,16,2.0,9000,3.0,0.0,3.0,2.0,9,2.0,0,3.0,2010.0,1,999,7.0,6,70.0,0.0,449,52.0,51,0.0,500,1.0,1,2,3.0,0.0,2.0,5.0,2,4.0,1,43
0,501.0,112500.0,110000.0,13,110000.0,30,1.0,32,1.0,21.0,20,6.0,1.0,2,5,0,2.0,1,2.0,1000,3.0,0.0,3.0,2.0,1,2.0,0,3.0,1995.0,1,999,1.0,1,40.0,0.0,27,52.0,539,2500.0,600,3.0,1,2,3.0,0.0,2.0,5.0,2,4.0,1,26
0,432.0,65000.0,65000.0,20,65000.0,94,1.0,995,1.0,22.0,20,1.0,1.0,2,1,0,2.0,1,2.0,1000,3.0,0.0,3.0,2.0,1,2.0,0,3.0,2014.0,1,999,4.0,1,40.0,0.0,40,52.0,17,0.0,100,1.0,3,2,3.0,0.0,2.0,5.0,2,4.0,1,48
0,432.0,27700.0,15000.0,55,9000.0,63,6.0,995,1.0,16.0,21,1.0,2.0,1,1,0,1.0,1,2.0,1000,2.0,0.0,2.0,2.0,1,2.0,0,2.0,2014.0,1,999,6.0,1,20.0,12000.0,6,40.0,27,0.0,100,1.0,3,2,3.0,0.0,2.0,5.0,1,2.0,1,54
0,432.0,18000.0,6000.0,46,6000.0,84,1.0,996,1.0,14.0,27,6.0,1.0,1,5,0,1.0,1,2.0,1000,3.0,0.0,3.0,2.0,1,2.0,0,3.0,1995.0,1,999,2.0,1,15.0,12000.0,48,48.0,15,0.0,100,1.0,3,2,3.0,0.0,2.0,5.0,1,4.0,1,19
0,3.0,500.0,500.0,38,500.0,94,1.0,917,1.0,16.0,20,6.0,1.0,2,5,0,2.0,3,2.0,5025,3.0,0.0,3.0,2.0,5,2.0,1,3.0,1995.0,0,999,5.0,1,12.0,0.0,6,1.0,61,0.0,200,1.0,1,2,3.0,0.0,2.0,5.0,2,4.0,1,36
0,501.0,88000.0,88000.0,04,88000.0,04,1.0,999,1.0,18.0,20,1.0,1.0,2,1,0,2.0,1,2.0,1000,3.0,0.0,3.0,2.0,1,2.0,0,3.0,2015.0,1,999,5.0,1,45.0,0.0,27,52.0,46,0.0,100,1.0,4,2,3.0,0.0,2.0,5.0,2,4.0,1,32
0,501.0,114000.0,114000.0,02,114000.0,04,1.0,999,1.0,15.0,21,1.0,1.0,2,1,0,2.0,1,2.0,1000,3.0,0.0,3.0,2.0,1,2.0,0,3.0,2015.0,1,999,5.0,1,50.0,0.0,50,52.0,26,0.0,100,1.0,4,2,3.0,0.0,2.0,5.0,2,4.0,1,34
0,79.0,11200.0,0.0,02,0.0,78,6.0,50,2.0,16.0,20,4.0,2.0,2,3,0,2.0,1,2.0,1000,2.0,0.0,2.0,2.0,1,2.0,0,2.0,1989.0,1,999,4.0,1,40.0,11200.0,8,52.0,11,0.0,100,1.0,1,2,3.0,0.0,2.0,5.0,2,2.0,1,65
0,12.0,1900.0,1500.0,25,1500.0,78,1.0,999,1.0,20.0,20,4.0,1.0,2,3,1,2.0,1,2.0,1000,3.0,0.0,3.0,2.0,1,2.0,0,3.0,2009.0,1,999,3.0,1,72.0,0.0,27,14.0,99,0.0,600,1.0,4,2,3.0,400.0,2.0,5.0,2,4.0,1,37
0,501.0,140000.0,140000.0,48,140000.0,70,1.0,82,1.0,21.0,20,1.0,1.0,2,1,0,2.0,1,2.0,1000,3.0,0.0,3.0,2.0,1,2.0,0,3.0,2015.0,1,22,1.0,1,40.0,0.0,38,52.0,116,0.0,600,1.0,2,2,3.0,0.0,2.0,5.0,2,4.0,1,33
0,501.0,80000.0,80000.0,00,80000.0,75,1.0,50,1.0,21.0,21,1.0,1.0,2,1,0,2.0,1,2.0,1000,3.0,0.0,3.0,2.0,1,2.0,0,3.0,2015.0,1,22,1.0,1,40.0,0.0,38,52.0,101,0.0,600,1.0,2,2,3.0,0.0,2.0,5.0,2,4.0,1,34
0,406.0,0.0,0.0,04,0.0,04,6.0,935,2.0,21.0,20,1.0,2.0,2,1,0,2.0,1,2.0,1000,2.0,0.0,2.0,2.0,1,2.0,0,2.0,1994.0,1,82,1.0,1,40.0,0.0,38,52.0,17,0.0,200,1.0,2,2,3.0,0.0,2.0,5.0,2,4.0,1,52
0,406.0,80000.0,80000.0,02,80000.0,78,1.0,82,1.0,21.0,21,1.0,1.0,2,1,0,2.0,1,2.0,1000,3.0,0.0,3.0,2.0,1,2.0,0,3.0,1994.0,1,999,3.0,1,40.0,0.0,38,52.0,14,0.0,200,1.0,1,2,3.0,0.0,2.0,5.0,2,4.0,1,52
0,458.0,71030.0,71000.0,22,71000.0,78,1.0,750,1.0,22.0,20,6.0,1.0,2,5,0,2.0,8,2.0,4003,3.0,0.0,3.0,2.0,6,2.0,0,3.0,1995.0,0,999,4.0,4,40.0,0.0,217,52.0,505,30.0,500,3.0,1,2,3.0,0.0,2.0,5.0,2,4.0,1,28
0,31.0,5000.0,5000.0,23,5000.0,84,3.0,82,1.0,20.0,20,6.0,2.0,2,5,0,2.0,1,2.0,1000,1.0,0.0,2.0,2.0,1,2.0,0,2.0,1995.0,1,89,3.0,1,8.0,0.0,38,39.0,72,0.0,300,1.0,2,2,3.0,0.0,2.0,1.0,2,4.0,1,22
0,501.0,150000.0,150000.0,70,150000.0,05,1.0,32,1.0,20.0,22,6.0,1.0,2,5,0,2.0,1,2.0,1000,3.0,0.0,3.0,2.0,1,2.0,0,3.0,1995.0,1,142,1.0,1,40.0,0.0,38,52.0,153,0.0,300,1.0,2,2,3.0,0.0,2.0,5.0,2,4.0,1,21
0,501.0,40000.0,13000.0,52,13000.0,48,1.0,32,1.0,16.0,20,1.0,1.0,1,1,0,2.0,1,2.0,1000,3.0,0.0,3.0,2.0,1,2.0,0,3.0,1993.0,1,999,1.0,1,20.0,15000.0,38,30.0,198,0.0,200,1.0,1,1,3.0,0.0,2.0,5.0,2,4.0,1,65
0,501.0,93000.0,93000.0,91,93000.0,56,1.0,21,1.0,18.0,21,1.0,1.0,2,1,0,2.0,1,2.0,1000,3.0,0.0,3.0,2.0,1,2.0,0,3.0,1993.0,1,999,1.0,1,70.0,0.0,19,52.0,136,0.0,200,1.0,1,2,3.0,0.0,2.0,5.0,2,4.0,1,60
0,501.0,20000.0,15000.0,47,15000.0,53,6.0,32,1.0,19.0,28,4.0,2.0,2,3,0,2.0,1,2.0,1000,2.0,0.0,1.0,2.0,1,2.0,0,3.0,1999.0,1,999,1.0,1,36.0,0.0,38,30.0,96,0.0,200,3.0,1,2,2.0,5000.0,2.0,5.0,2,4.0,1,51
0,501.0,17000.0,12000.0,47,12000.0,53,6.0,32,1.0,19.0,28,4.0,2.0,2,3,0,2.0,1,2.0,1000,2.0,0.0,1.0,2.0,1,2.0,0,3.0,1999.0,1,999,1.0,1,36.0,0.0,38,30.0,95,0.0,200,3.0,1,2,2.0,5000.0,2.0,5.0,2,4.0,1,51
0,501.0,100000.0,100000.0,02,100000.0,01,1.0,32,1.0,20.0,20,4.0,1.0,2,3,2,2.0,1,2.0,1000,3.0,0.0,3.0,2.0,1,2.0,0,3.0,1983.0,1,82,7.0,1,60.0,0.0,38,52.0,195,0.0,300,1.0,2,2,3.0,0.0,2.0,5.0,2,4.0,1,63
0,353.0,55000.0,55000.0,57,55000.0,81,1.0,82,1.0,20.0,22,4.0,1.0,2,3,0,2.0,1,2.0,1000,3.0,0.0,3.0,2.0,1,2.0,0,3.0,1986.0,1,999,2.0,1,40.0,0.0,38,52.0,171,0.0,300,1.0,1,2,3.0,0.0,2.0,5.0,2,4.0,1,60
0,308.0,62500.0,60000.0,02,0.0,01,1.0,82,1.0,20.0,20,1.0,1.0,1,1,2,2.0,1,2.0,1000,3.0,0.0,3.0,2.0,1,2.0,0,3.0,1982.0,1,999,6.0,1,45.0,0.0,38,40.0,22,2500.0,500,1.0,1,2,3.0,0.0,2.0,5.0,1,4.0,1,62
0,308.0,0.0,0.0,42,0.0,69,6.0,82,3.0,16.0,21,1.0,1.0,2,1,2,2.0,1,2.0,1000,2.0,0.0,2.0,2.0,1,2.0,0,2.0,1982.0,1,999,1.0,1,40.0,0.0,24,52.0,17,0.0,500,1.0,1,2,3.0,0.0,2.0,5.0,2,4.0,1,59
0,235.0,45000.0,45000.0,20,45000.0,91,1.0,32,1.0,21.0,20,1.0,1.0,2,1,0,2.0,1,2.0,1000,3.0,0.0,3.0,2.0,1,2.0,0,3.0,1988.0,1,22,2.0,1,40.0,0.0,53,52.0,264,0.0,200,1.0,2,2,3.0,0.0,2.0,5.0,2,4.0,1,57
0,235.0,0.0,0.0,42,0.0,69,6.0,32,3.0,21.0,21,1.0,2.0,2,1,0,2.0,1,2.0,1000,2.0,0.0,2.0,2.0,1,2.0,0,2.0,1988.0,1,88,1.0,1,40.0,0.0,42,52.0,395,0.0,200,1.0,2,2,3.0,0.0,2.0,5.0,2,4.0,1,56
0,235.0,10000.0,10000.0,40,10000.0,86,1.0,22,1.0,16.0,25,6.0,1.0,2,5,2,2.0,1,2.0,1000,3.0,0.0,3.0,2.0,1,2.0,0,3.0,1995.0,1,87,1.0,1,25.0,0.0,41,52.0,214,0.0,200,1.0,2,2,3.0,0.0,2.0,5.0,2,4.0,1,20
0,501.0,18000.0,4200.0,58,4200.0,75,1.0,32,1.0,19.0,20,1.0,1.0,1,1,0,1.0,1,2.0,1000,3.0,0.0,3.0,2.0,1,2.0,0,3.0,1993.0,1,50,1.0,1,10.0,0.0,38,42.0,96,0.0,200,1.0,2,2,3.0,0.0,2.0,5.0,2,4.0,1,51
0,501.0,122000.0,122000.0,04,122000.0,66,1.0,97,1.0,19.0,21,1.0,1.0,2,1,0,2.0,1,2.0,1000,3.0,0.0,3.0,2.0,1,2.0,0,3.0,1993.0,1,50,1.0,1,40.0,0.0,38,52.0,76,0.0,200,1.0,2,2,3.0,0.0,2.0,5.0,2,4.0,1,51
0,501.0,25000.0,25000.0,78,25000.0,10,1.0,999,1.0,16.0,25,6.0,1.0,2,5,0,2.0,16,2.0,9000,3.0,0.0,3.0,2.0,9,2.0,0,3.0,1995.0,1,999,1.0,1,60.0,0.0,6,52.0,51,0.0,500,1.0,4,2,3.0,0.0,2.0,5.0,2,4.0,1,47
0,501.0,47000.0,47000.0,21,0.0,72,1.0,999,1.0,15.0,32,4.0,1.0,2,3,0,2.0,16,2.0,9000,3.0,0.0,3.0,2.0,9,2.0,0,3.0,1993.0,1,999,6.0,1,40.0,0.0,38,52.0,50,0.0,500,1.0,4,2,3.0,0.0,2.0,5.0,2,4.0,1,47
0,501.0,75000.0,75000.0,04,75000.0,82,1.0,999,1.0,20.0,20,1.0,1.0,2,1,0,2.0,1,2.0,1000,3.0,0.0,3.0,2.0,1,2.0,0,3.0,1993.0,1,999,1.0,1,80.0,0.0,38,52.0,87,0.0,500,1.0,4,2,3.0,0.0,2.0,5.0,2,4.0,1,57
0,501.0,72000.0,0.0,73,0.0,94,6.0,999,2.0,16.0,21,1.0,2.0,2,1,0,2.0,1,2.0,1000,2.0,0.0,2.0,2.0,1,2.0,0,2.0,1993.0,1,999,3.0,1,40.0,0.0,38,52.0,78,0.0,500,1.0,4,2,3.0,0.0,2.0,5.0,2,2.0,1,57
0,260.0,40000.0,40000.0,87,40000.0,39,1.0,32,1.0,19.0,20,3.0,1.0,2,2,0,2.0,1,2.0,1000,3.0,0.0,3.0,2.0,1,2.0,0,3.0,1995.0,1,999,1.0,1,40.0,0.0,38,52.0,403,0.0,600,1.0,1,2,3.0,0.0,2.0,5.0,2,4.0,1,56
0,501.0,63000.0,63000.0,22,63000.0,78,1.0,195,1.0,22.0,20,1.0,1.0,2,1,0,2.0,1,2.0,1000,3.0,0.0,3.0,2.0,1,2.0,0,3.0,1998.0,1,999,4.0,1,40.0,0.0,48,48.0,176,0.0,500,1.0,1,2,3.0,0.0,2.0,5.0,2,4.0,1,46
0,481.0,115000.0,115000.0,63,115000.0,03,1.0,32,1.0,19.0,20,4.0,1.0,2,3,0,2.0,1,2.0,1000,3.0,0.0,3.0,2.0,1,2.0,0,3.0,2009.0,1,999,1.0,1,40.0,0.0,38,52.0,37,0.0,100,1.0,1,2,3.0,0.0,2.0,5.0,2,4.0,1,42
0,272.0,42000.0,42000.0,32,42000.0,81,1.0,32,1.0,20.0,22,6.0,1.0,2,5,0,2.0,1,2.0,1000,3.0,0.0,3.0,2.0,1,2.0,0,3.0,1995.0,1,999,1.0,1,36.0,0.0,27,52.0,21,0.0,100,1.0,1,2,3.0,0.0,2.0,5.0,2,4.0,1,36
0,501.0,107000.0,107000.0,32,107000.0,81,1.0,939,1.0,21.0,20,1.0,1.0,2,1,0,2.0,1,2.0,1000,3.0,0.0,3.0,2.0,1,2.0,0,3.0,2001.0,1,999,2.0,1,38.0,0.0,38,52.0,18,0.0,400,1.0,1,2,3.0,0.0,2.0,5.0,2,4.0,1,55
0,501.0,52000.0,52000.0,89,52000.0,28,1.0,939,1.0,20.0,21,1.0,1.0,2,1,0,2.0,1,2.0,1000,3.0,0.0,3.0,2.0,1,2.0,0,3.0,2001.0,1,999,1.0,1,40.0,0.0,36,52.0,23,0.0,400,1.0,1,2,3.0,0.0,2.0,5.0,2,4.0,1,52
0,501.0,100100.0,50000.0,02,0.0,01,6.0,32,1.0,22.0,20,1.0,2.0,2,1,0,2.0,1,2.0,1000,2.0,0.0,2.0,2.0,1,2.0,0,2.0,2018.0,1,999,6.0,1,20.0,0.0,38,12.0,16,100.0,200,1.0,1,2,3.0,0.0,2.0,5.0,2,4.0,1,63
0,501.0,45000.0,45000.0,23,45000.0,78,1.0,82,1.0,22.0,21,1.0,1.0,2,1,0,2.0,1,2.0,1000,3.0,0.0,3.0,2.0,1,2.0,0,3.0,2018.0,1,999,3.0,1,40.0,0.0,27,52.0,21,0.0,200,1.0,1,2,3.0,0.0,2.0,5.0,2,4.0,1,59
0,501.0,96000.0,96000.0,02,0.0,07,6.0,22,1.0,16.0,20,4.0,2.0,2,3,0,2.0,1,2.0,1000,3.0,0.0,2.0,2.0,1,2.0,0,2.0,1990.0,1,999,6.0,1,45.0,0.0,30,9.0,80,0.0,300,1.0,1,2,3.0,0.0,2.0,1.0,2,4.0,1,61
0,153.0,24000.0,24000.0,58,24000.0,07,6.0,22,1.0,18.0,22,4.0,2.0,2,3,0,2.0,1,2.0,1000,2.0,0.0,2.0,2.0,1,2.0,0,2.0,1990.0,1,50,1.0,1,38.0,0.0,30,2.0,69,0.0,300,1.0,2,2,3.0,0.0,2.0,5.0,2,4.0,1,58
0,71.0,25104.0,4.0,02,0.0,01,1.0,98,1.0,20.0,20,1.0,1.0,2,1,2,2.0,1,2.0,1000,3.0,0.0,3.0,2.0,1,2.0,0,3.0,2017.0,1,999,6.0,1,65.0,0.0,38,52.0,291,25100.0,100,1.0,1,2,3.0,0.0,2.0,5.0,2,4.0,1,34
0,71.0,0.0,0.0,42,0.0,69,6.0,98,3.0,20.0,21,1.0,2.0,2,1,2,2.0,1,2.0,1000,2.0,0.0,2.0,2.0,1,2.0,0,2.0,2017.0,1,999,1.0,1,40.0,0.0,46,52.0,488,0.0,100,1.0,1,2,3.0,0.0,2.0,5.0,2,4.0,1,31
0,501.0,90000.0,90000.0,91,90000.0,63,1.0,26,1.0,16.0,20,1.0,1.0,2,1,0,2.0,1,2.0,1000,3.0,0.0,3.0,2.0,1,2.0,0,3.0,2000.0,1,32,1.0,1,45.0,0.0,38,52.0,165,0.0,600,1.0,2,2,3.0,0.0,2.0,5.0,2,4.0,1,47
0,501.0,150000.0,150000.0,00,150000.0,86,1.0,32,1.0,17.0,21,1.0,1.0,2,1,0,2.0,1,2.0,1000,3.0,0.0,3.0,2.0,1,2.0,0,3.0,2000.0,1,148,1.0,1,50.0,0.0,38,52.0,116,0.0,600,1.0,2,2,3.0,0.0,2.0,5.0,2,4.0,1,46
0,501.0,0.0,0.0,42,0.0,69,6.0,26,3.0,19.0,25,6.0,2.0,2,5,0,2.0,1,2.0,1000,2.0,0.0,2.0,2.0,1,2.0,0,2.0,1995.0,1,32,1.0,1,40.0,0.0,38,52.0,153,0.0,600,1.0,2,2,3.0,0.0,2.0,5.0,2,4.0,1,20
0,501.0,20000.0,20000.0,25,20000.0,78,1.0,32,1.0,21.0,26,6.0,1.0,2,5,2,2.0,29,2.0,9000,3.0,0.0,3.0,2.0,9,2.0,0,3.0,1995.0,1,148,2.0,1,40.0,0.0,38,52.0,348,0.0,600,1.0,2,2,3.0,0.0,2.0,5.0,2,4.0,2,29
0,501.0,135000.0,135000.0,62,135000.0,03,1.0,32,1.0,20.0,20,6.0,1.0,2,5,0,2.0,1,2.0,1000,3.0,0.0,3.0,2.0,1,2.0,0,3.0,1995.0,1,999,1.0,1,60.0,0.0,38,52.0,178,0.0,100,3.0,1,2,3.0,0.0,2.0,5.0,2,4.0,1,26
0,404.0,38000.0,38000.0,42,38000.0,77,1.0,32,1.0,19.0,25,6.0,1.0,2,5,2,2.0,1,2.0,1000,3.0,0.0,3.0,2.0,1,2.0,0,3.0,1995.0,1,999,1.0,1,40.0,0.0,38,52.0,239,0.0,300,1.0,1,2,3.0,0.0,2.0,5.0,2,4.0,1,41
0,501.0,87620.0,87000.0,28,37000.0,64,2.0,98,1.0,21.0,20,1.0,2.0,2,1,0,2.0,1,2.0,1000,3.0,0.0,2.0,2.0,1,2.0,0,1.0,2004.0,1,999,7.0,1,40.0,0.0,38,40.0,27,620.0,400,1.0,1,2,3.0,0.0,2.0,5.0,2,4.0,1,48
0,501.0,126000.0,86000.0,00,86000.0,01,1.0,999,1.0,22.0,21,1.0,1.0,2,1,0,2.0,1,2.0,1000,3.0,0.0,3.0,2.0,1,2.0,0,3.0,2004.0,1,999,1.0,1,45.0,0.0,38,52.0,23,0.0,400,1.0,4,2,3.0,0.0,2.0,5.0,2,2.0,1,47
0,501.0,120000.0,120000.0,04,120000.0,94,1.0,32,1.0,21.0,20,1.0,1.0,2,1,0,2.0,1,2.0,1000,3.0,0.0,3.0,2.0,1,2.0,0,3.0,2007.0,1,999,5.0,1,40.0,0.0,27,52.0,265,0.0,300,1.0,1,2,3.0,0.0,2.0,5.0,2,4.0,1,61
0,501.0,50000.0,50000.0,20,50000.0,82,1.0,995,1.0,21.0,21,1.0,1.0,2,1,0,2.0,29,2.0,9000,3.0,0.0,3.0,2.0,9,2.0,0,3.0,2007.0,1,999,1.0,1,36.0,0.0,55,52.0,249,0.0,300,1.0,3,2,3.0,0.0,2.0,5.0,2,4.0,1,60
0,501.0,90000.0,90000.0,38,90000.0,94,1.0,999,1.0,21.0,20,6.0,1.0,2,5,0,2.0,16,2.0,9000,3.0,0.0,3.0,2.0,9,2.0,0,3.0,1995.0,1,999,5.0,1,80.0,0.0,6,52.0,25,0.0,200,3.0,4,2,3.0,0.0,2.0,5.0,2,4.0,2,26
0,192.0,30000.0,30000.0,71,30000.0,35,1.0,26,1.0,19.0,20,6.0,1.0,2,5,0,2.0,1,2.0,1000,3.0,0.0,3.0,2.0,1,2.0,0,3.0,1995.0,1,82,1.0,1,48.0,0.0,27,52.0,120,0.0,500,1.0,2,2,3.0,0.0,2.0,5.0,2,4.0,1,40
0,501.0,138200.0,137000.0,91,137000.0,04,1.0,32,1.0,21.0,20,4.0,1.0,2,3,0,2.0,1,2.0,1000,3.0,0.0,3.0,2.0,1,2.0,0,3.0,1997.0,1,125,1.0,1,73.0,0.0,38,52.0,34,1200.0,100,1.0,2,2,3.0,0.0,2.0,5.0,2,4.0,1,47
0,231.0,36500.0,36500.0,52,36500.0,47,1.0,51,1.0,20.0,22,4.0,1.0,2,3,0,2.0,1,2.0,1000,3.0,0.0,3.0,2.0,1,2.0,0,3.0,1995.0,1,999,1.0,1,40.0,0.0,34,52.0,29,0.0,100,1.0,1,2,3.0,0.0,2.0,5.0,2,4.0,1,55
0,501.0,80000.0,80000.0,91,80000.0,61,1.0,999,1.0,19.0,20,3.0,1.0,1,2,0,2.0,1,2.0,1000,2.0,0.0,2.0,2.0,1,2.0,0,2.0,1997.0,1,999,1.0,1,50.0,0.0,38,52.0,232,0.0,100,3.0,4,2,2.0,0.0,2.0,5.0,1,4.0,1,61
0,501.0,118010.0,118000.0,14,118000.0,20,1.0,32,1.0,21.0,20,1.0,1.0,2,1,0,2.0,1,2.0,1000,3.0,0.0,3.0,2.0,1,2.0,0,3.0,2016.0,1,999,1.0,1,40.0,0.0,38,52.0,43,10.0,200,1.0,1,2,3.0,0.0,2.0,5.0,2,4.0,1,34
0,501.0,125010.0,125000.0,15,125000.0,05,1.0,22,1.0,21.0,21,1.0,1.0,2,1,0,2.0,1,2.0,1000,3.0,0.0,3.0,2.0,1,2.0,0,3.0,2016.0,1,32,2.0,1,40.0,0.0,19,52.0,53,10.0,200,1.0,2,2,3.0,0.0,2.0,5.0,2,4.0,1,37
0,406.0,43000.0,17000.0,20,17000.0,91,1.0,142,1.0,20.0,20,1.0,1.0,2,1,1,2.0,1,2.0,1000,3.0,0.0,3.0,2.0,1,2.0,0,3.0,1979.0,1,32,2.0,1,20.0,0.0,38,52.0,144,13000.0,100,1.0,2,2,3.0,0.0,2.0,5.0,2,4.0,1,62
